"TEST_HEADER_START","Data source","Date","Time","Start Timestamp","End Timestamp","Specimen identifier","TEST_HEADER_END","SPECIMEN_HEADER_START","Specimen type","Thickness (mm)","Area (sq mm)","Axial Gauge Length (mm)","Transverse Gauge Length (mm)","Grip Separation (mm)","SPECIMEN_HEADER_END","RESULTS_HEADER_START","Displacement at 0.000 N (%) ","Displacement at Maximum Load (%) ","Extension at Max Load (mm) ","Load at Break (N) ","Load at Max Position (N) ","RESULTS_HEADER_END"
"TEST_INFO_START","DF-2C-2026-01-30-15-33-22.mtwData","2026-01-30","15:33:22","2026-01-30 15:33:22.645","2026-01-30 15:33:22.698","31","TEST_INFO_END","SPECIMEN_INFO_START","Thickness",10.2,999999.9,7.6199994,7.6199994,25.0,"SPECIMEN_INFO_END","RESULTS_INFO_START","0.00","N/A","N/A","N/A","N/A","N/A","N/A","N/A","N/A","N/A","11.38","0.868","59.512","RESULTS_INFO_END"

"Time","Load (N)","Position (mm)","Control Out (V)"
0.0,0.103999645,0.0,0.43276566
0.009375005960464478,0.36399877,8.7581977E-4,0.42788255
0.019374996423721313,0.6679977,0.0020211225,0.42177868
0.029375016689300537,0.91199684,0.0030316839,0.414454
0.03937500715255737,1.1479961,0.003907503,0.41079167
0.04937499761581421,1.3919952,0.0047159526,0.40590855
0.05937501788139343,1.6319945,0.005659143,0.40102544
0.06937500834465027,1.8679936,0.006602334,0.39492157
0.0793749988079071,2.0919929,0.0075455243,0.39003846
0.08937498927116394,2.3079922,0.008353973,0.38515535
0.09937497973442078,2.4799914,0.008825568,0.3827138
0.10937502980232239,2.5399914,0.00902768,0.3827138
0.11937502026557922,2.5759912,0.009162422,0.3827138
0.12937501072883606,2.5919912,0.009364534,0.3827138
0.1393750011920929,2.643991,0.009566647,0.3827138
0.14937499165534973,2.7279906,0.0099035,0.381493
0.15937498211860657,2.8039904,0.010307725,0.37905145
0.1693749725818634,2.91999,0.010914061,0.3766099
0.17937502264976501,3.1759892,0.011924623,0.37050602
0.18937501311302185,3.499988,0.013137297,0.36318135
0.1993750035762787,3.795987,0.014349969,0.3558567
0.20937499403953552,4.039986,0.015293161,0.35097358
0.21937498450279236,4.2599854,0.015899498,0.34731123
0.2293749749660492,4.3679852,0.016168982,0.34731123
0.2393750250339508,4.403985,0.016505836,0.34609047
0.24937501549720764,4.4959846,0.01697743,0.3436489
0.2593750059604645,4.651984,0.017651137,0.33998656
0.2693749964237213,4.8479834,0.018526956,0.33632424
0.27937498688697815,5.103983,0.019470148,0.33022034
0.289374977350235,5.3679814,0.02061545,0.32411647
0.2993750274181366,5.6159806,0.02162601,0.31801257
0.30937501788139343,5.84398,0.02236709,0.31312945
0.31937500834465027,5.9999795,0.022771314,0.3119087
0.3293749988079071,6.071979,0.023040798,0.3106879
0.33937498927116394,6.143979,0.023445023,0.3106879
0.3493749797344208,6.2759786,0.023916617,0.30824634
0.3593750298023224,6.3559785,0.024455585,0.3058048
0.3693750202655792,6.467978,0.024927178,0.30214247
0.37937501072883606,6.5999775,0.025466146,0.30092168
0.3893750011920929,6.8079767,0.026139852,0.29725936
0.39937499165534973,6.987976,0.02688093,0.29237625
0.40937498211860657,7.1319757,0.027554637,0.2887139
0.4193749725818634,7.2359757,0.02789149,0.2887139
0.429375022649765,7.283975,0.02789149,0.2887139
0.43937501311302185,7.283975,0.02789149,0.29115546
0.4493750035762787,7.303975,0.027958862,0.29115546
0.4593749940395355,7.2679753,0.027958862,0.29237625
0.46937498450279236,7.2479753,0.027958862,0.293597
0.4793749749660492,7.2559757,0.027958862,0.2948178
0.4893750250339508,7.263975,0.027958862,0.29603857
0.49937501549720764,7.2399755,0.028026232,0.29603857
0.5093750059604645,7.2119756,0.028026232,0.29725936
0.5193749964237213,7.251975,0.028026232,0.29848012
0.5293749868869781,7.2199755,0.028026232,0.29970092
0.539374977350235,7.203975,0.028093604,0.30092168
0.5493750274181366,7.2199755,0.028093604,0.30214247
0.5593749582767487,7.2279754,0.028093604,0.30214247
0.5693749487400055,7.223975,0.028160974,0.30336323
0.5793750584125519,7.1719756,0.028160974,0.30458403
0.5893750488758087,7.1999755,0.028160974,0.3058048
0.5993750393390656,7.203975,0.028160974,0.30702558
0.6093750298023224,7.223975,0.028160974,0.30824634
0.6193750202655792,7.1999755,0.028228346,0.30824634
0.6293750107288361,7.1719756,0.028228346,0.3106879
0.6393750011920929,7.1719756,0.028228346,0.3106879
0.6493749916553497,7.1959753,0.028295716,0.3119087
0.6593749821186066,7.1919756,0.028363088,0.3119087
0.6693749725818634,7.203975,0.02849783,0.3119087
0.6793749630451202,7.2279754,0.028565198,0.31312945
0.6893749535083771,7.283975,0.02869994,0.31312945
0.6993749439716339,7.283975,0.02876731,0.31435025
0.7093750536441803,7.271975,0.028969424,0.31435025
0.7193750441074371,7.339975,0.029104166,0.31435025
0.729375034570694,7.4119744,0.02937365,0.31312945
0.7393750250339508,7.4919744,0.029777871,0.3119087
0.7493750154972076,7.5719743,0.030316839,0.30946714
0.7593750059604645,7.755974,0.031057915,0.3058048
0.7693749964237213,7.9879727,0.031933736,0.30092168
0.7793749868869781,8.219972,0.032876927,0.2948178
0.789374977350235,8.439971,0.033618003,0.29115546
0.7993749678134918,8.56797,0.03395486,0.2899347
0.8093749582767487,8.587971,0.034022227,0.29115546
0.8193749487400055,8.623971,0.034022227,0.29237625
0.8293750584125519,8.603971,0.034022227,0.29237625
0.8393750488758087,8.563971,0.034022227,0.2948178
0.8493750393390656,8.583971,0.034022227,0.2948178
0.8593750298023224,8.587971,0.0340896,0.29603857
0.8693750202655792,8.583971,0.0340896,0.29725936
0.8793750107288361,8.551971,0.0340896,0.29848012
0.8893750011920929,8.563971,0.0340896,0.29970092
0.8993749916553497,8.57997,0.0340896,0.30092168
0.9093749821186066,8.559971,0.0340896,0.30214247
0.9193749725818634,8.551971,0.0340896,0.30214247
0.9293749630451202,8.515971,0.03415697,0.30336323
0.9393749535083771,8.511971,0.03415697,0.30458403
0.9493749439716339,8.523971,0.03415697,0.3058048
0.9593750536441803,8.531971,0.034224343,0.3058048
0.9693750441074371,8.507971,0.034224343,0.30824634
0.979375034570694,8.507971,0.034224343,0.30824634
0.9893750250339508,8.507971,0.034224343,0.3106879
0.9993750154972076,8.523971,0.03429171,0.3106879
1.0093750059604645,8.515971,0.03429171,0.3119087
1.0193749964237213,8.547971,0.034359083,0.3119087
1.0293749868869781,8.547971,0.034359083,0.31435025
1.039374977350235,8.519971,0.034426454,0.31435025
1.0493749678134918,8.507971,0.034493823,0.315571
1.0593749582767487,8.535971,0.034561194,0.315571
1.0693749487400055,8.587971,0.034628566,0.315571
1.0793750584125519,8.575971,0.034763306,0.3167918
1.0893750488758087,8.587971,0.03483068,0.3167918
1.0993750393390656,8.595971,0.034965422,0.31801257
1.1093750298023224,8.64797,0.03510016,0.31801257
1.1193750202655792,8.731971,0.035369642,0.3167918
1.129375010728836,8.79597,0.035706498,0.315571
1.139375001192093,8.86797,0.036178093,0.31435025
1.1493749916553497,9.00797,0.03678443,0.3106879
1.1593749821186066,9.203968,0.037458137,0.30824634
1.1693749725818634,9.387968,0.038131844,0.30336323
1.1793749630451202,9.555967,0.038872924,0.30092168
1.189374953508377,9.743967,0.039411888,0.29725936
1.199374943971634,9.827967,0.039614,0.29725936
1.2093750536441803,9.795967,0.039614,0.29848012
1.2193750441074371,9.8039665,0.039614,0.29970092
1.229375034570694,9.8039665,0.039614,0.30092168
1.2393750250339508,9.815967,0.039614,0.30214247
1.2493750154972076,9.8039665,0.039614,0.30214247
1.2593750059604645,9.771967,0.039614,0.30336323
1.2693749964237213,9.775967,0.039614,0.30458403
1.2793749868869781,9.767966,0.039614,0.3058048
1.289374977350235,9.8039665,0.039614,0.30702558
1.2993749678134918,9.779966,0.039614,0.30824634
1.3093749582767487,9.723967,0.039614,0.30946714
1.3193749487400055,9.743967,0.039614,0.3106879
1.3293750584125519,9.743967,0.039614,0.3119087
1.3393750488758087,9.703967,0.039614,0.31312945
1.3493750393390656,9.699966,0.039614,0.31435025
1.3593750298023224,9.719967,0.039614,0.315571
1.3693750202655792,9.711967,0.039614,0.3167918
1.379375010728836,9.659967,0.039614,0.31801257
1.389375001192093,9.691967,0.039614,0.31923336
1.3993749916553497,9.695967,0.039614,0.32045412
1.4093749821186066,9.6719675,0.039614,0.3216749
1.4193749725818634,9.6719675,0.039614,0.3216749
1.4293749630451202,9.663967,0.03968137,0.32289568
1.439374953508377,9.631967,0.03968137,0.32411647
1.449374943971634,9.647967,0.039748743,0.32411647
1.4593750536441803,9.667967,0.039748743,0.32533723
1.4693750441074371,9.659967,0.03981611,0.32655802
1.479375034570694,9.651967,0.03981611,0.3277788
1.4893750250339508,9.6719675,0.039883483,0.3277788
1.4993750154972076,9.687967,0.040018223,0.32899958
1.5093750059604645,9.675967,0.040085595,0.32899958
1.5193749964237213,9.711967,0.040152967,0.33022034
1.5293749868869781,9.755967,0.04022034,0.33022034
1.539374977350235,9.759967,0.04035508,0.33144113
1.5493749678134918,9.751967,0.04042245,0.33144113
1.5593749582767487,9.767966,0.040489823,0.3326619
1.5693749487400055,9.795967,0.04055719,0.3326619
1.5793749392032623,9.799967,0.040691935,0.3338827
1.5893749296665192,9.863966,0.040826675,0.3338827
1.599374920129776,9.903966,0.041096155,0.3326619
1.6093749105930328,9.943966,0.04136564,0.33144113
1.6193749010562897,10.023966,0.041702494,0.33144113
1.6293748915195465,10.143965,0.04217409,0.32899958
1.6393751204013824,10.291965,0.042780425,0.32533723
1.6493751108646393,10.479964,0.0435215,0.3216749
1.6593751013278961,10.707963,0.044329952,0.3167918
1.669375091791153,10.895963,0.0451384,0.31312945
1.6793750822544098,11.067962,0.045812108,0.30946714
1.6893750727176666,11.239963,0.046351075,0.30702558
1.6993750631809235,11.327961,0.046418447,0.30702558
1.7093750536441803,11.287962,0.046418447,0.30824634
1.7193750441074371,11.279961,0.046418447,0.30946714
1.729375034570694,11.291962,0.046418447,0.3106879
1.7393750250339508,11.291962,0.046418447,0.3119087
1.7493750154972076,11.287962,0.046418447,0.31312945
1.7593750059604645,11.255961,0.046418447,0.31435025
1.7693749964237213,11.271961,0.046418447,0.315571
1.7793749868869781,11.251962,0.046418447,0.3167918
1.789374977350235,11.267962,0.04648582,0.31801257
1.7993749678134918,11.259961,0.04648582,0.31801257
1.8093749582767487,11.243961,0.04648582,0.32045412
1.8193749487400055,11.239963,0.04648582,0.32045412
1.8293749392032623,11.215961,0.04648582,0.3216749
1.8393749296665192,11.195962,0.04648582,0.32289568
1.849374920129776,11.203961,0.04648582,0.32411647
1.8593749105930328,11.207962,0.04648582,0.32533723
1.8693749010562897,11.203961,0.04648582,0.32655802
1.8793748915195465,11.171963,0.04648582,0.3277788
1.8893751204013824,11.195962,0.04648582,0.32899958
1.8993751108646393,11.207962,0.04648582,0.33022034
1.9093751013278961,11.171963,0.04648582,0.33144113
1.919375091791153,11.167962,0.046553187,0.33144113
1.9293750822544098,11.1759615,0.046553187,0.3326619
1.9393750727176666,11.167962,0.046553187,0.3338827
1.9493750631809235,11.143962,0.046553187,0.33510345
1.9593750536441803,11.159963,0.04662056,0.33632424
1.9693750441074371,11.179962,0.04662056,0.337545
1.979375034570694,11.151962,0.046755303,0.337545
1.9893750250339508,11.195962,0.046890043,0.337545
1.9993750154972076,11.223962,0.047024786,0.337545
2.0093750059604645,11.271961,0.047226895,0.337545
2.0193749964237213,11.343962,0.047563747,0.33632424
2.029374986886978,11.45596,0.047967974,0.33510345
2.039374977350235,11.559961,0.04850694,0.3326619
2.049374967813492,11.7159605,0.049248017,0.3277788
2.0593749582767487,11.927959,0.050056465,0.32411647
2.0693749487400055,12.151959,0.05079755,0.32045412
2.0793749392032623,12.3359585,0.051605992,0.315571
2.089374929666519,12.571957,0.052414443,0.3106879
2.099374920129776,12.767957,0.05308815,0.30702558
2.109374910593033,12.919956,0.053694487,0.30458403
2.1193749010562897,13.043956,0.054166082,0.30214247
2.1293748915195465,13.199955,0.05470505,0.29970092
2.1393751204013824,13.355955,0.055311386,0.29603857
2.1493751108646393,13.491955,0.05591772,0.293597
2.159375101327896,13.611954,0.05645669,0.29115546
2.169375091791153,13.779953,0.056995656,0.2887139
2.17937508225441,13.911952,0.057399876,0.28627235
2.1893750727176666,13.987953,0.057804104,0.28505158
2.1993750631809235,14.067952,0.058073588,0.28505158
2.2093750536441803,14.075953,0.058140956,0.28505158
2.219375044107437,14.095951,0.058208328,0.28627235
2.229375034570694,14.111952,0.0582757,0.28627235
2.239375025033951,14.119952,0.058343068,0.28749314
2.2493750154972076,14.127952,0.05841044,0.28749314
2.2593750059604645,14.115952,0.05841044,0.2887139
2.2693749964237213,14.143952,0.05841044,0.2899347
2.279374986886978,14.091952,0.05841044,0.29115546
2.289374977350235,14.095951,0.05841044,0.29237625
2.299374967813492,14.111952,0.05841044,0.293597
2.3093749582767487,14.091952,0.05841044,0.2948178
2.3193749487400055,14.059952,0.05841044,0.29603857
2.3293749392032623,14.051952,0.05841044,0.29725936
2.339374929666519,14.047952,0.05841044,0.29848012
2.349374920129776,14.035953,0.05841044,0.29970092
2.359374910593033,14.039952,0.05841044,0.30092168
2.3693749010562897,14.039952,0.05841044,0.30214247
2.3793748915195465,14.019952,0.05841044,0.30336323
2.3893751204013824,14.019952,0.05841044,0.30458403
2.3993751108646393,14.015953,0.05841044,0.30458403
2.409375101327896,13.979952,0.05841044,0.3058048
2.419375091791153,13.995953,0.05841044,0.30702558
2.42937508225441,13.995953,0.05841044,0.30824634
2.4393750727176666,13.967953,0.05841044,0.30946714
2.4493750631809235,13.951952,0.05841044,0.3106879
2.4593750536441803,13.951952,0.05841044,0.3119087
2.469375044107437,13.959952,0.05841044,0.31312945
2.479375034570694,13.939953,0.05841044,0.31435025
2.489375025033951,13.931952,0.05841044,0.315571
2.4993750154972076,13.931952,0.05841044,0.3167918
2.5093750059604645,13.923952,0.05841044,0.31801257
2.5193749964237213,13.911952,0.05841044,0.31923336
2.529374986886978,13.907953,0.05841044,0.32045412
2.539374977350235,13.903953,0.05841044,0.3216749
2.549374967813492,13.899953,0.05841044,0.32289568
2.5593749582767487,13.899953,0.05841044,0.32411647
2.5693749487400055,13.855952,0.05841044,0.32533723
2.5793749392032623,13.855952,0.05841044,0.32533723
2.589374929666519,13.867953,0.05841044,0.32655802
2.599374920129776,13.879953,0.05841044,0.3277788
2.609374910593033,13.843952,0.05841044,0.32899958
2.6193749010562897,13.839953,0.05841044,0.33022034
2.6293748915195465,13.831953,0.05841044,0.33144113
2.6393751204013824,13.863953,0.05847781,0.3326619
2.6493751108646393,13.835953,0.05847781,0.3338827
2.659375101327896,13.827952,0.05847781,0.33510345
2.669375091791153,13.827952,0.05847781,0.33632424
2.67937508225441,13.807953,0.05861255,0.33632424
2.6893750727176666,13.839953,0.058679923,0.33632424
2.6993750631809235,13.883952,0.058747295,0.337545
2.7093750536441803,13.895952,0.058949407,0.337545
2.719375044107437,13.935952,0.059151515,0.337545
2.729375034570694,13.9839525,0.059353627,0.33632424
2.739375025033951,14.015953,0.05948837,0.337545
2.7493750154972076,14.051952,0.05962311,0.337545
2.7593750059604645,14.115952,0.059757855,0.337545
2.7693749964237213,14.171952,0.059959967,0.337545
2.779374986886978,14.179952,0.060296822,0.33632424
2.789374977350235,14.255952,0.060701046,0.3338827
2.799374967813492,14.427951,0.06130738,0.33144113
2.8093749582767487,14.64395,0.062183205,0.32655802
2.8193749487400055,14.911949,0.06319377,0.32045412
2.8293749392032623,15.143949,0.06420433,0.315571
2.839374929666519,15.455947,0.065214895,0.30824634
2.849374920129776,15.671947,0.065955974,0.30458403
2.859374910593033,15.807946,0.066292815,0.30336323
2.8693749010562897,15.895946,0.066494934,0.30336323
2.8793748915195465,15.903946,0.06662967,0.30336323
2.8893751204013824,15.951945,0.066764414,0.30458403
2.8993751108646393,15.987946,0.066966526,0.30336323
2.909375101327896,16.031946,0.06730338,0.30214247
2.919375091791153,16.111946,0.06764024,0.30092168
2.92937508225441,16.219946,0.06797709,0.30092168
2.9393750727176666,16.303944,0.06838132,0.29848012
2.9493750631809235,16.363945,0.06871817,0.29725936
2.9593750536441803,16.423944,0.068920285,0.29725936
2.969375044107437,16.531944,0.0691224,0.29603857
2.979375034570694,16.547943,0.06932451,0.29603857
2.989375025033951,16.579945,0.06952662,0.29603857
2.9993750154972076,16.611942,0.06959399,0.29725936
3.0093750059604645,16.607944,0.069661364,0.29725936
3.0193749964237213,16.635944,0.0697961,0.29848012
3.029374986886978,16.675943,0.069930844,0.29848012
3.039374977350235,16.695944,0.07006558,0.29848012
3.049374967813492,16.707943,0.07006558,0.29970092
3.0593749582767487,16.711943,0.07013295,0.30092168
3.0693749487400055,16.699944,0.07013295,0.30092168
3.0793749392032623,16.675943,0.070200324,0.30214247
3.089374929666519,16.679943,0.070200324,0.30336323
3.099374920129776,16.731943,0.07026769,0.30458403
3.109374910593033,16.727943,0.07026769,0.30458403
3.1193749010562897,16.671944,0.07026769,0.3058048
3.1293748915195465,16.671944,0.07033506,0.30702558
3.1393751204013824,16.687944,0.07033506,0.30824634
3.1493751108646393,16.675943,0.07033506,0.30946714
3.159375101327896,16.679943,0.07033506,0.3106879
3.169375091791153,16.691942,0.07033506,0.3119087
3.17937508225441,16.659943,0.07033506,0.3119087
3.1893750727176666,16.663942,0.07033506,0.31435025
3.1993750631809235,16.651943,0.07033506,0.31435025
3.2093750536441803,16.651943,0.07033506,0.315571
3.219375044107437,16.635944,0.070402436,0.3167918
3.229375034570694,16.655943,0.070402436,0.31801257
3.239375025033951,16.623943,0.070402436,0.31923336
3.2493750154972076,16.603943,0.070402436,0.32045412
3.2593750059604645,16.599943,0.070402436,0.3216749
3.2693749964237213,16.639942,0.070469804,0.3216749
3.279374986886978,16.615944,0.070469804,0.32289568
3.289374977350235,16.599943,0.07053717,0.32411647
3.299374967813492,16.623943,0.07053717,0.32533723
3.3093749582767487,16.615944,0.07053717,0.32655802
3.3193749487400055,16.619944,0.07060455,0.32655802
3.3293749392032623,16.611942,0.07060455,0.3277788
3.339374929666519,16.627943,0.070671916,0.32899958
3.349374920129776,16.631943,0.070671916,0.33022034
3.359374910593033,16.619944,0.07073929,0.33022034
3.3693749010562897,16.627943,0.07080666,0.33144113
3.3793748915195465,16.639942,0.07080666,0.3326619
3.3893751204013824,16.659943,0.07087403,0.3326619
3.3993751108646393,16.659943,0.0709414,0.3338827
3.409375101327896,16.659943,0.07100877,0.3338827
3.419375091791153,16.647943,0.071143515,0.33510345
3.42937508225441,16.691942,0.071143515,0.33632424
3.4393750727176666,16.715944,0.071143515,0.337545
3.4493750631809235,16.703943,0.07127826,0.337545
3.4593750536441803,16.699944,0.07134563,0.337545
3.469375044107437,16.759943,0.07154774,0.337545
3.479375034570694,16.783943,0.07168248,0.337545
3.489375025033951,16.819942,0.071884595,0.337545
3.4993750154972076,16.879942,0.07208671,0.337545
3.5093750059604645,16.947943,0.07222145,0.337545
3.5193749964237213,16.979942,0.07242356,0.337545
3.529374986886978,17.007942,0.072625674,0.337545
3.539374977350235,17.071941,0.072895154,0.33632424
3.549374967813492,17.139942,0.07323201,0.33510345
3.5593751966953278,17.23594,0.07370361,0.3338827
3.5693749487400055,17.39594,0.07424257,0.33022034
3.5793751776218414,17.571941,0.07498365,0.32655802
3.589374929666519,17.74394,0.07572473,0.32289568
3.599375158548355,17.983938,0.07646581,0.31801257
3.609374910593033,18.175938,0.07713951,0.315571
3.6193751394748688,18.267939,0.07747637,0.31435025
3.6293748915195465,18.327938,0.07761111,0.31435025
3.6393751204013824,18.363937,0.07761111,0.315571
3.64937487244606,18.347939,0.07767848,0.315571
3.659375101327896,18.331938,0.07767848,0.3167918
3.669374853372574,18.343937,0.077745855,0.31801257
3.67937508225441,18.335938,0.077745855,0.31923336
3.6893748342990875,18.311937,0.077745855,0.32045412
3.6993750631809235,18.307938,0.077745855,0.3216749
3.709374815225601,18.319937,0.077745855,0.32289568
3.719375044107437,18.299938,0.077745855,0.32411647
3.729374796152115,18.287937,0.07781322,0.32411647
3.739375025033951,18.315937,0.07781322,0.32533723
3.7493747770786285,18.279938,0.07788059,0.32533723
3.7593750059604645,18.279938,0.07788059,0.3277788
3.7693752348423004,18.307938,0.07788059,0.3277788
3.779374986886978,18.299938,0.07794797,0.32899958
3.789375215768814,18.287937,0.078015335,0.33022034
3.799374967813492,18.299938,0.078015335,0.33144113
3.8093751966953278,18.311937,0.0780827,0.33144113
3.8193749487400055,18.319937,0.07815007,0.3326619
3.8293751776218414,18.315937,0.07821744,0.3326619
3.839374929666519,18.327938,0.078284815,0.3338827
3.849375158548355,18.355938,0.07835218,0.3338827
3.859374910593033,18.351936,0.07841955,0.33510345
3.8693751394748688,18.383938,0.078554295,0.33510345
3.8793748915195465,18.407936,0.07868904,0.33632424
3.8893751204013824,18.423937,0.078823775,0.33632424
3.89937487244606,18.471937,0.079025894,0.33632424
3.909375101327896,18.551937,0.07936274,0.3338827
3.919374853372574,18.663937,0.07983434,0.3326619
3.92937508225441,18.823936,0.08044068,0.32899958
3.9393748342990875,19.015936,0.08118176,0.32533723
3.9493750631809235,19.183935,0.08192284,0.3216749
3.959374815225601,19.379934,0.082731284,0.3167918
3.969375044107437,19.615932,0.08347236,0.31312945
3.979374796152115,19.783932,0.08401133,0.3106879
3.989375025033951,19.843931,0.08414607,0.3106879
3.9993747770786285,19.875933,0.08414607,0.3119087
4.0093750059604645,19.863932,0.08414607,0.31312945
4.0193752348423,19.843931,0.08414607,0.31435025
4.029374986886978,19.823933,0.08414607,0.315571
4.039375215768814,19.843931,0.08414607,0.315571
4.049374967813492,19.831932,0.08414607,0.31801257
4.059375196695328,19.807932,0.08414607,0.31801257
4.0693749487400055,19.831932,0.08414607,0.32045412
4.079375177621841,19.815933,0.08421344,0.32045412
4.089374929666519,19.791933,0.08421344,0.3216749
4.099375158548355,19.799934,0.08421344,0.32289568
4.109374910593033,19.779934,0.08428081,0.32411647
4.119375139474869,19.763931,0.08428081,0.32411647
4.1293748915195465,19.771933,0.08428081,0.32533723
4.1393751204013824,19.779934,0.08434818,0.32655802
4.14937487244606,19.783932,0.08434818,0.3277788
4.159375101327896,19.751932,0.08434818,0.32899958
4.169374853372574,19.775932,0.084415555,0.32899958
4.17937508225441,19.799934,0.08448292,0.33022034
4.1893748342990875,19.787931,0.08461767,0.33022034
4.1993750631809235,19.827932,0.08481978,0.33022034
4.209374815225601,19.907932,0.08508927,0.32899958
4.219375044107437,19.971933,0.085426114,0.3277788
4.229374796152115,20.051933,0.08576297,0.32655802
4.239375025033951,20.19593,0.08623456,0.32533723
4.2493747770786285,20.31193,0.08697564,0.32045412
4.2593750059604645,20.53193,0.08805358,0.315571
4.2693752348423,20.891928,0.08946836,0.3058048
4.279374986886978,21.327929,0.09095051,0.29725936
4.289375215768814,21.607925,0.0918937,0.29115546
4.299374967813492,21.795927,0.092500046,0.2887139
4.309375196695328,21.991926,0.09303901,0.28627235
4.3193749487400055,22.131924,0.09357798,0.28261003
4.329375177621841,22.319925,0.09425168,0.28016847
4.339374929666519,22.511923,0.0951275,0.27528536
4.349375158548355,22.751925,0.09607069,0.26918146
4.359374910593033,22.935923,0.09681177,0.26551914
4.369375139474869,23.063921,0.096946515,0.26551914
4.3793748915195465,23.059921,0.096946515,0.2667399
4.3893751204013824,23.039923,0.096946515,0.2679607
4.39937487244606,23.039923,0.096946515,0.26918146
4.409375101327896,23.023922,0.096946515,0.27040225
4.419374853372574,22.98792,0.096946515,0.27162302
4.42937508225441,22.975922,0.096946515,0.2728438
4.4393748342990875,22.995922,0.096946515,0.27406457
4.4493750631809235,23.003923,0.096946515,0.27528536
4.459374815225601,22.96792,0.096946515,0.27650613
4.469375044107437,22.939922,0.096946515,0.27772692
4.479374796152115,22.951921,0.096946515,0.27894768
4.489375025033951,22.931921,0.096946515,0.28016847
4.4993747770786285,22.907923,0.096946515,0.28016847
4.5093750059604645,22.879923,0.096946515,0.28138924
4.5193752348423,22.851921,0.096946515,0.28261003
4.529374986886978,22.851921,0.096946515,0.2838308
4.539375215768814,22.875921,0.096946515,0.28505158
4.549374967813492,22.875921,0.096946515,0.28627235
4.559375196695328,22.847923,0.096946515,0.28749314
4.5693749487400055,22.859922,0.096946515,0.2887139
4.579375177621841,22.85592,0.096946515,0.2899347
4.589374929666519,22.815922,0.096946515,0.29115546
4.599375158548355,22.795921,0.096946515,0.29237625
4.609374910593033,22.807922,0.096946515,0.293597
4.619375139474869,22.771923,0.096946515,0.2948178
4.6293748915195465,22.731924,0.096946515,0.29603857
4.6393751204013824,22.747923,0.096946515,0.29725936
4.64937487244606,22.743923,0.096946515,0.29848012
4.659375101327896,22.731924,0.096946515,0.29970092
4.669374853372574,22.751925,0.096946515,0.30092168
4.67937508225441,22.735922,0.096946515,0.30214247
4.6893748342990875,22.731924,0.096946515,0.30214247
4.6993750631809235,22.735922,0.096946515,0.30336323
4.709374815225601,22.715921,0.096946515,0.30458403
4.719375044107437,22.663923,0.096946515,0.3058048
4.729374796152115,22.651924,0.096946515,0.30702558
4.739375025033951,22.679922,0.096946515,0.30824634
4.7493747770786285,22.675922,0.096946515,0.30946714
4.7593750059604645,22.623922,0.096946515,0.3106879
4.7693752348423,22.627924,0.096946515,0.3119087
4.779374986886978,22.639923,0.096946515,0.31312945
4.789375215768814,22.663923,0.096946515,0.31435025
4.799374967813492,22.639923,0.096946515,0.315571
4.809375196695328,22.603922,0.096946515,0.3167918
4.8193749487400055,22.587923,0.096946515,0.31801257
4.829375177621841,22.583923,0.09701388,0.31801257
4.839374929666519,22.595924,0.09701388,0.31923336
4.849375158548355,22.575924,0.09701388,0.32045412
4.859374910593033,22.543922,0.09701388,0.3216749
4.869375139474869,22.555923,0.09701388,0.32289568
4.8793748915195465,22.567923,0.09701388,0.32411647
4.8893751204013824,22.551924,0.09708126,0.32411647
4.89937487244606,22.587923,0.09714863,0.32533723
4.909375101327896,22.591923,0.09714863,0.32655802
4.919374853372574,22.599922,0.097215995,0.3277788
4.92937508225441,22.567923,0.09728337,0.3277788
4.9393748342990875,22.583923,0.09735074,0.32899958
4.9493750631809235,22.607924,0.09735074,0.33022034
4.959374815225601,22.619923,0.09741811,0.33022034
4.969375044107437,22.607924,0.09755285,0.33022034
4.979374796152115,22.627924,0.097687595,0.33144113
4.989375025033951,22.675922,0.09788971,0.33022034
4.9993747770786285,22.751925,0.09809182,0.33022034
5.0093750059604645,22.843924,0.09842867,0.32899958
5.0193752348423,22.939922,0.098967634,0.3277788
5.029374986886978,23.10392,0.099641345,0.32289568
5.039375215768814,23.323921,0.10051716,0.31801257
5.049374967813492,23.61192,0.10172984,0.3106879
5.059375196695328,23.911919,0.102875136,0.30458403
5.0693749487400055,24.139917,0.10348147,0.30092168
5.079375177621841,24.24792,0.103616215,0.30092168
5.089374929666519,24.243917,0.103616215,0.30214247
5.099375158548355,24.223919,0.103616215,0.30336323
5.109374910593033,24.215918,0.103616215,0.30458403
5.119375139474869,24.235918,0.103616215,0.3058048
5.1293748915195465,24.223919,0.103616215,0.30702558
5.1393751204013824,24.223919,0.103616215,0.30824634
5.14937487244606,24.211916,0.10368359,0.30946714
5.159375101327896,24.199917,0.10368359,0.3106879
5.169374853372574,24.199917,0.10368359,0.3119087
5.17937508225441,24.191917,0.10368359,0.3119087
5.1893748342990875,24.143919,0.10375096,0.31312945
5.1993750631809235,24.143919,0.10375096,0.31435025
5.209374815225601,24.183918,0.10375096,0.315571
5.219375044107437,24.159918,0.10375096,0.3167918
5.229374796152115,24.13192,0.10381833,0.31801257
5.239375025033951,24.151917,0.1038857,0.31801257
5.2493747770786285,24.199917,0.10395307,0.31923336
5.2593750059604645,24.203918,0.10402044,0.31923336
5.2693752348423,24.219917,0.10415518,0.31923336
5.279374986886978,24.255917,0.104357295,0.31923336
5.289375215768814,24.299917,0.10455941,0.31923336
5.299374967813492,24.359917,0.10489626,0.31801257
5.309375196695328,24.439919,0.105300486,0.315571
5.3193749487400055,24.551916,0.10590683,0.31312945
5.329375177621841,24.739916,0.10671527,0.30824634
5.339374929666519,25.059916,0.10772583,0.30336323
5.349375158548355,25.323914,0.108736396,0.29725936
5.359374910593033,25.495913,0.10927536,0.2948178
5.369375139474869,25.591911,0.10941011,0.2948178
5.3793748915195465,25.607914,0.10941011,0.29603857
5.3893751204013824,25.583914,0.10941011,0.29725936
5.39937487244606,25.587914,0.109477475,0.29848012
5.409375101327896,25.591911,0.10954484,0.29848012
5.419374853372574,25.603914,0.10954484,0.29970092
5.42937508225441,25.567913,0.10961222,0.30092168
5.4393748342990875,25.563913,0.10967959,0.30092168
5.4493750631809235,25.555912,0.109746955,0.30214247
5.459374815225601,25.603914,0.10981433,0.30214247
5.469375044107437,25.611912,0.10981433,0.30336323
5.479374796152115,25.607914,0.10981433,0.30458403
5.489375025033951,25.591911,0.109949075,0.30458403
5.4993747770786285,25.591911,0.11001644,0.3058048
5.5093750059604645,25.663914,0.11008381,0.3058048
5.5193752348423,25.647911,0.11015118,0.30702558
5.529374986886978,25.623913,0.11021855,0.30824634
5.539375215768814,25.651913,0.110285915,0.30824634
5.549374967813492,25.675913,0.110285915,0.30946714
5.559375196695328,25.627913,0.11035329,0.3106879
5.5693749487400055,25.659912,0.11035329,0.3119087
5.579375177621841,25.651913,0.11035329,0.3119087
5.589374929666519,25.647911,0.11042066,0.31312945
5.599375158548355,25.635912,0.11048803,0.31435025
5.609374910593033,25.659912,0.1105554,0.31435025
5.619375139474869,25.679913,0.11062277,0.315571
5.6293748915195465,25.675913,0.11069015,0.315571
5.6393751204013824,25.695913,0.11082488,0.315571
5.64937487244606,25.719913,0.11095963,0.315571
5.659375101327896,25.747911,0.11109437,0.3167918
5.669374853372574,25.775913,0.11122911,0.3167918
5.67937508225441,25.835913,0.111431226,0.3167918
5.6893748342990875,25.86391,0.111700706,0.315571
5.6993750631809235,25.947912,0.11203756,0.31435025
5.709374815225601,26.07991,0.112441786,0.31312945
5.719375044107437,26.19191,0.11298075,0.3106879
5.729374796152115,26.33991,0.11372183,0.3058048
5.739375025033951,26.547909,0.114462905,0.30336323
5.7493747770786285,26.759909,0.11500187,0.29970092
5.7593750059604645,26.79191,0.115136616,0.30092168
5.7693752348423,26.795908,0.115136616,0.30092168
5.779374986886978,26.799908,0.115136616,0.30214247
5.789375215768814,26.799908,0.115136616,0.30336323
5.799374967813492,26.775908,0.115136616,0.30458403
5.809375196695328,26.775908,0.115136616,0.3058048
5.8193749487400055,26.795908,0.115136616,0.30702558
5.829375177621841,26.755907,0.115136616,0.30824634
5.839374929666519,26.74791,0.115136616,0.30946714
5.849375158548355,26.735909,0.115136616,0.3106879
5.859374910593033,26.72791,0.115136616,0.3119087
5.869375139474869,26.73191,0.115136616,0.31312945
5.8793748915195465,26.719908,0.115136616,0.31435025
5.8893751204013824,26.679909,0.115136616,0.315571
5.89937487244606,26.67591,0.115136616,0.315571
5.909375101327896,26.67591,0.115136616,0.31801257
5.919374853372574,26.683908,0.115136616,0.31801257
5.92937508225441,26.64391,0.115136616,0.32045412
5.9393748342990875,26.64391,0.115136616,0.32045412
5.9493750631809235,26.66791,0.115136616,0.3216749
5.959374815225601,26.63191,0.115136616,0.32289568
5.969375044107437,26.63191,0.115136616,0.32411647
5.979374796152115,26.61591,0.115203984,0.32533723
5.989375025033951,26.61191,0.115203984,0.32655802
5.9993747770786285,26.599909,0.115203984,0.3277788
6.0093750059604645,26.59191,0.115203984,0.32899958
6.0193752348423,26.595911,0.115203984,0.33022034
6.029374986886978,26.59191,0.115203984,0.33022034
6.039375215768814,26.583908,0.115203984,0.33144113
6.049374967813492,26.579908,0.115203984,0.3326619
6.059375196695328,26.547909,0.115203984,0.3338827
6.0693749487400055,26.54391,0.11527135,0.33510345
6.079375177621841,26.57591,0.11527135,0.33632424
6.089374929666519,26.56391,0.11533873,0.33632424
6.099375158548355,26.52791,0.11533873,0.337545
6.109374910593033,26.523909,0.11533873,0.3387658
6.119375139474869,26.55191,0.11533873,0.33998656
6.1293748915195465,26.50791,0.115406096,0.34120736
6.1393751204013824,26.54391,0.11547347,0.34120736
6.14937487244606,26.559908,0.11547347,0.34242812
6.159375101327896,26.571909,0.11554084,0.3436489
6.169374853372574,26.583908,0.11567558,0.3436489
6.17937508225441,26.595911,0.11574295,0.34486967
6.1893748342990875,26.60791,0.115877695,0.34486967
6.1993750631809235,26.651909,0.11601243,0.34486967
6.209374815225601,26.69191,0.11621455,0.34486967
6.219375044107437,26.739908,0.11648403,0.3436489
6.229374796152115,26.799908,0.11675351,0.3436489
6.239375025033951,26.875908,0.11709037,0.34120736
6.2493747770786285,27.007908,0.117629334,0.33998656
6.2593750059604645,27.159908,0.11823567,0.33632424
6.2693752348423,27.319906,0.118909374,0.3326619
6.279374986886978,27.575905,0.1197852,0.3277788
6.289375215768814,27.819906,0.12079576,0.3216749
6.299374967813492,28.075903,0.121738955,0.3167918
6.309375196695328,28.307903,0.12254739,0.31312945
6.3193749487400055,28.503902,0.12308635,0.30946714
6.329375177621841,28.623901,0.12376006,0.3058048
6.339374929666519,28.831903,0.12456851,0.30214247
6.349375158548355,29.071901,0.12544432,0.29725936
6.359374910593033,29.2919,0.12638752,0.29115546
6.369375139474869,29.547901,0.12726335,0.28627235
6.3793748915195465,29.7199,0.12780231,0.2838308
6.3893751204013824,29.823898,0.12800442,0.2838308
6.39937487244606,29.815899,0.12800442,0.28505158
6.409375101327896,29.7999,0.12800442,0.28627235
6.419374853372574,29.815899,0.1280718,0.28627235
6.42937508225441,29.783897,0.1280718,0.28749314
6.4393748342990875,29.7799,0.1280718,0.2887139
6.4493750631809235,29.763899,0.1280718,0.2899347
6.459374815225601,29.739899,0.12813917,0.29115546
6.469375044107437,29.7599,0.12820654,0.29237625
6.479374796152115,29.763899,0.12820654,0.29237625
6.489375025033951,29.751898,0.12820654,0.293597
6.4993747770786285,29.7319,0.1282739,0.2948178
6.5093750059604645,29.735899,0.1282739,0.29603857
6.5193752348423,29.7319,0.1282739,0.29725936
6.529374986886978,29.707897,0.12834127,0.29848012
6.539375215768814,29.715899,0.12834127,0.29848012
6.549374967813492,29.727898,0.12834127,0.29970092
6.559375196695328,29.687899,0.12834127,0.30092168
6.5693749487400055,29.671898,0.12840864,0.30214247
6.579375177621841,29.687899,0.12840864,0.30336323
6.589374929666519,29.687899,0.12840864,0.30458403
6.599375158548355,29.683899,0.12847601,0.30458403
6.609374910593033,29.691898,0.12854339,0.3058048
6.619375139474869,29.687899,0.12867813,0.3058048
6.6293748915195465,29.7199,0.12881286,0.3058048
6.6393751204013824,29.783897,0.12901498,0.3058048
6.64937487244606,29.863897,0.12935184,0.30458403
6.659375101327896,29.931898,0.12968868,0.30336323
6.669374853372574,30.007898,0.13016029,0.30092168
6.67937508225441,30.147898,0.13069926,0.29848012
6.6893748342990875,30.315897,0.13137296,0.2948178
6.6993750631809235,30.471895,0.13204667,0.29237625
6.709374815225601,30.671896,0.13272037,0.2887139
6.719375044107437,30.851896,0.13339408,0.28505158
6.729374796152115,31.011894,0.13386568,0.28261003
6.739375025033951,31.055895,0.13400042,0.28261003
6.7493747770786285,31.095894,0.13400042,0.2838308
6.7593750059604645,31.071894,0.13406779,0.28505158
6.7693752348423,31.079895,0.13406779,0.28627235
6.779374986886978,31.079895,0.13406779,0.28627235
6.789375215768814,31.031895,0.13406779,0.2887139
6.799374967813492,31.015894,0.13406779,0.2887139
6.809375196695328,31.031895,0.13413516,0.2899347
6.8193749487400055,31.043896,0.13413516,0.29115546
6.829375177621841,30.999895,0.13420253,0.29115546
6.839374929666519,31.011894,0.13420253,0.29237625
6.849375158548355,31.019896,0.13426991,0.293597
6.859374910593033,30.987896,0.13426991,0.2948178
6.869375139474869,30.971893,0.13426991,0.29603857
6.8793748915195465,30.979895,0.13426991,0.29725936
6.8893751204013824,31.003895,0.13426991,0.29848012
6.89937487244606,30.971893,0.13426991,0.29970092
6.909375101327896,30.947895,0.13426991,0.30092168
6.919374853372574,30.923895,0.13433726,0.30092168
6.92937508225441,30.943895,0.13433726,0.30214247
6.9393748342990875,30.971893,0.13440464,0.30336323
6.9493750631809235,30.995893,0.13447201,0.30336323
6.959374815225601,30.947895,0.1345394,0.30458403
6.969375044107437,30.963896,0.13467413,0.30458403
6.979374796152115,31.003895,0.1347415,0.3058048
6.989375025033951,31.055895,0.13494362,0.3058048
6.9993747770786285,31.071894,0.13514572,0.30458403
7.0093750059604645,31.131893,0.1354152,0.30458403
7.0193752348423,31.191895,0.13561732,0.30336323
7.029374986886978,31.223892,0.13581944,0.30336323
7.039375215768814,31.319893,0.13622366,0.30214247
7.049374967813492,31.447893,0.13669524,0.29970092
7.059375196695328,31.583893,0.1373016,0.29603857
7.0693749487400055,31.731892,0.13790792,0.293597
7.079375177621841,31.887892,0.13844688,0.29115546
7.089374929666519,32.01989,0.1388511,0.2899347
7.099375158548355,32.091892,0.1391206,0.2887139
7.109374910593033,32.15589,0.1391206,0.2899347
7.119375139474869,32.14389,0.13918798,0.29115546
7.1293748915195465,32.09989,0.13918798,0.29237625
7.1393751204013824,32.07589,0.13918798,0.29237625
7.14937487244606,32.11989,0.13918798,0.2948178
7.159375101327896,32.09589,0.13918798,0.2948178
7.169374853372574,32.055893,0.13918798,0.29603857
7.17937508225441,32.055893,0.13918798,0.29725936
7.1893748342990875,32.07189,0.13918798,0.29848012
7.1993750631809235,32.02789,0.13918798,0.29970092
7.209374815225601,32.03189,0.13918798,0.30092168
7.219375044107437,32.02389,0.13918798,0.30214247
7.229374796152115,32.02389,0.13918798,0.30336323
7.239375025033951,32.015892,0.13918798,0.30458403
7.2493747770786285,31.99989,0.13918798,0.3058048
7.2593750059604645,31.967892,0.13918798,0.30702558
7.2693752348423,31.95189,0.13918798,0.30824634
7.279374986886978,31.98789,0.13918798,0.30946714
7.289375215768814,31.967892,0.13918798,0.3106879
7.299374967813492,31.931892,0.13918798,0.3119087
7.309375196695328,31.919893,0.13918798,0.3119087
7.3193749487400055,31.935892,0.13918798,0.31435025
7.329375177621841,31.90789,0.13918798,0.31435025
7.339374929666519,31.899893,0.13918798,0.315571
7.349375158548355,31.90389,0.13918798,0.3167918
7.359374910593033,31.899893,0.13918798,0.31801257
7.369375139474869,31.88389,0.13918798,0.31923336
7.3793748915195465,31.855892,0.13918798,0.32045412
7.3893751204013824,31.859892,0.13918798,0.3216749
7.39937487244606,31.86389,0.13918798,0.32289568
7.409375101327896,31.859892,0.13925533,0.32411647
7.419374853372574,31.82789,0.13925533,0.32411647
7.42937508225441,31.815891,0.13925533,0.32533723
7.4393748342990875,31.80389,0.13925533,0.32655802
7.4493750631809235,31.859892,0.13925533,0.3277788
7.459374815225601,31.819893,0.13925533,0.32899958
7.469375044107437,31.77189,0.13925533,0.33022034
7.479374796152115,31.799892,0.13925533,0.33144113
7.489375025033951,31.811892,0.13932271,0.3326619
7.4993747770786285,31.787891,0.13939008,0.3326619
7.5093750059604645,31.795893,0.13945745,0.3338827
7.5193752348423,31.82389,0.13945745,0.33510345
7.529374986886978,31.799892,0.13945745,0.33632424
7.539375215768814,31.795893,0.13945745,0.337545
7.549374967813492,31.783894,0.13952482,0.337545
7.5593747198581696,31.787891,0.13952482,0.3387658
7.5693749487400055,31.82789,0.1395922,0.33998656
7.579375177621841,31.811892,0.13965955,0.33998656
7.589375406503677,31.82389,0.13986169,0.33998656
7.599374681711197,31.867891,0.13992904,0.34120736
7.609374910593033,31.895891,0.13999642,0.34120736
7.619375139474869,31.915892,0.14006379,0.34242812
7.629375368356705,31.895891,0.14013116,0.34242812
7.639374643564224,31.90389,0.1402659,0.3436489
7.64937487244606,31.97989,0.14053537,0.34242812
7.659375101327896,32.02789,0.14073749,0.34242812
7.669375330209732,32.07589,0.1409396,0.34120736
7.679374605417252,32.11589,0.14114171,0.34120736
7.6893748342990875,32.187893,0.14134383,0.34120736
7.6993750631809235,32.25189,0.1416133,0.34120736
7.709375292062759,32.327892,0.14201753,0.33998656
7.719374567270279,32.43589,0.14248914,0.337545
7.729374796152115,32.60389,0.14309546,0.3338827
7.739375025033951,32.795887,0.14390391,0.33022034
7.749375253915787,32.991886,0.14464499,0.32533723
7.759374529123306,33.17989,0.1453187,0.3216749
7.769374758005142,33.335888,0.14585766,0.31923336
7.779374986886978,33.455887,0.14619453,0.31801257
7.789375215768814,33.523888,0.14639664,0.31801257
7.79937544465065,33.523888,0.14639664,0.31923336
7.8093747198581696,33.515884,0.14639664,0.32045412
7.8193749487400055,33.543884,0.14639664,0.3216749
7.829375177621841,33.503887,0.146464,0.3216749
7.839375406503677,33.48789,0.146464,0.32289568
7.849374681711197,33.519886,0.146464,0.32411647
7.859374910593033,33.495884,0.146464,0.32533723
7.869375139474869,33.467888,0.14653137,0.32655802
7.879375368356705,33.451885,0.14653137,0.3277788
7.889374643564224,33.479885,0.14659876,0.3277788
7.89937487244606,33.499886,0.14666611,0.32899958
7.909375101327896,33.495884,0.14666611,0.33022034
7.919375330209732,33.48789,0.14666611,0.33144113
7.929374605417252,33.471886,0.14666611,0.3326619
7.9393748342990875,33.451885,0.1467335,0.3326619
7.9493750631809235,33.471886,0.1467335,0.3338827
7.959375292062759,33.475883,0.1467335,0.33510345
7.969374567270279,33.467888,0.14680086,0.33632424
7.979374796152115,33.463886,0.1469356,0.33632424
7.989375025033951,33.515884,0.14707035,0.33632424
7.999375253915787,33.515884,0.14713772,0.337545
8.009374529123306,33.523888,0.14727247,0.337545
8.019374758005142,33.583885,0.1474072,0.337545
8.029374986886978,33.599884,0.14754194,0.337545
8.039375215768814,33.635883,0.14774404,0.337545
8.04937544465065,33.695885,0.14794616,0.337545
8.05937471985817,33.775887,0.14835039,0.33632424
8.069374948740005,33.887886,0.14888935,0.3326619
8.079375177621841,34.087883,0.1496978,0.32899958
8.089375406503677,34.33988,0.150641,0.32289568
8.099374681711197,34.595882,0.15151682,0.31801257
8.109374910593033,34.787884,0.15232526,0.31435025
8.119375139474869,34.97188,0.15279686,0.3119087
8.129375368356705,35.03188,0.15286422,0.3119087
8.139374643564224,35.03188,0.1529316,0.31312945
8.14937487244606,35.03588,0.1529316,0.31435025
8.159375101327896,35.01188,0.1529316,0.315571
8.169375330209732,34.983883,0.1529316,0.3167918
8.179374605417252,34.98788,0.1529316,0.31801257
8.189374834299088,34.99988,0.15299897,0.31801257
8.199375063180923,34.98788,0.15299897,0.31923336
8.20937529206276,34.963882,0.15299897,0.32045412
8.219374567270279,34.96788,0.15299897,0.3216749
8.229374796152115,34.93988,0.15306634,0.32289568
8.23937502503395,34.93188,0.15306634,0.32411647
8.249375253915787,34.93588,0.1531337,0.32411647
8.259374529123306,34.93988,0.1531337,0.32533723
8.269374758005142,34.915882,0.1531337,0.32655802
8.279374986886978,34.915882,0.15320109,0.3277788
8.289375215768814,34.96788,0.15326844,0.3277788
8.29937544465065,34.95988,0.15333582,0.32899958
8.30937471985817,34.95588,0.1534032,0.33022034
8.319374948740005,34.99988,0.15360531,0.33022034
8.329375177621841,35.03188,0.15380742,0.32899958
8.339375406503677,35.10788,0.15414427,0.3277788
8.349374681711197,35.22388,0.15468325,0.32533723
8.359374910593033,35.39188,0.15535696,0.3216749
8.369375139474869,35.583878,0.15623276,0.3167918
8.379375368356705,35.843876,0.15717596,0.3119087
8.389374643564224,36.15188,0.15832126,0.30458403
8.39937487244606,36.435875,0.15953393,0.29848012
8.409375101327896,36.691875,0.16027501,0.293597
8.419375330209732,36.871876,0.16067924,0.29237625
8.429374605417252,36.923874,0.16088136,0.29115546
8.439374834299088,36.967876,0.16115083,0.29115546
8.449375063180923,37.03187,0.16148768,0.2899347
8.45937529206276,37.119873,0.16182454,0.2887139
8.469374567270279,37.183872,0.1621614,0.28749314
8.479374796152115,37.235874,0.16249825,0.28627235
8.48937502503395,37.33987,0.16276774,0.28505158
8.499375253915787,37.42787,0.16310458,0.28505158
8.509374529123306,37.507874,0.16357619,0.28261003
8.519374758005142,37.627872,0.16411515,0.27894768
8.529374986886978,37.77587,0.16472149,0.27650613
8.539375215768814,37.91587,0.16519307,0.27528536
8.54937544465065,37.979874,0.16526045,0.27528536
8.55937471985817,37.959873,0.16526045,0.27650613
8.569374948740005,37.939873,0.16526045,0.27772692
8.579375177621841,37.91587,0.16526045,0.27894768
8.589375406503677,37.939873,0.16526045,0.28016847
8.599374681711197,37.89587,0.16526045,0.28016847
8.609374910593033,37.891872,0.16526045,0.28261003
8.619375139474869,37.88387,0.16526045,0.28261003
8.629375368356705,37.85187,0.16526045,0.28505158
8.639374643564224,37.82387,0.16526045,0.28505158
8.64937487244606,37.835873,0.16526045,0.28627235
8.659375101327896,37.83187,0.16526045,0.28749314
8.669375330209732,37.815872,0.16526045,0.2887139
8.679374605417252,37.79587,0.16526045,0.2899347
8.689374834299088,37.77187,0.16526045,0.29115546
8.699375063180923,37.75587,0.16526045,0.29237625
8.70937529206276,37.73587,0.16526045,0.293597
8.719374567270279,37.743874,0.16526045,0.2948178
8.729374796152115,37.739872,0.16526045,0.29603857
8.73937502503395,37.711872,0.16532782,0.29603857
8.749375253915787,37.711872,0.16532782,0.29725936
8.759374529123306,37.707874,0.16532782,0.29848012
8.769374758005142,37.67187,0.16532782,0.29970092
8.779374986886978,37.667873,0.16532782,0.30092168
8.789375215768814,37.687874,0.16532782,0.30214247
8.79937544465065,37.67187,0.16532782,0.30336323
8.80937471985817,37.647873,0.16532782,0.30458403
8.819374948740005,37.63587,0.16532782,0.3058048
8.829375177621841,37.62387,0.16532782,0.30702558
8.839375406503677,37.61187,0.16532782,0.30824634
8.849374681711197,37.62387,0.16532782,0.30946714
8.859374910593033,37.607872,0.16532782,0.3106879
8.869375139474869,37.583874,0.16532782,0.3119087
8.879375368356705,37.55587,0.16532782,0.31312945
8.889374643564224,37.57587,0.16532782,0.31435025
8.89937487244606,37.55587,0.16532782,0.31435025
8.909375101327896,37.53587,0.16539519,0.315571
8.919375330209732,37.571873,0.16539519,0.3167918
8.929374605417252,37.55987,0.16546255,0.31801257
8.939374834299088,37.53187,0.16546255,0.31801257
8.949375063180923,37.527874,0.16546255,0.32045412
8.95937529206276,37.563873,0.16552994,0.32045412
8.969374567270279,37.55587,0.16559729,0.3216749
8.979374796152115,37.563873,0.16573204,0.3216749
8.98937502503395,37.583874,0.16579941,0.3216749
8.999375253915787,37.59587,0.16586678,0.32289568
9.009374529123306,37.59187,0.16600151,0.32411647
9.019374758005142,37.63187,0.1660689,0.32411647
9.029374986886978,37.64387,0.16613626,0.32411647
9.039375215768814,37.62387,0.16613626,0.32533723
9.04937544465065,37.66387,0.16620365,0.32655802
9.05937471985817,37.65987,0.16633838,0.32655802
9.069374948740005,37.67187,0.16647312,0.32655802
9.079375177621841,37.69187,0.16660787,0.32655802
9.089375406503677,37.799873,0.16687734,0.32655802
9.099374681711197,37.83187,0.1672142,0.32533723
9.109374910593033,37.947872,0.1676858,0.32289568
9.119375139474869,38.10387,0.1683595,0.32045412
9.129375368356705,38.287872,0.16916795,0.315571
9.139374643564224,38.56387,0.17011113,0.30946714
9.14937487244606,38.819866,0.17125645,0.30336323
9.159375101327896,39.07987,0.1720649,0.29848012
9.169375330209732,39.187866,0.172267,0.29848012
9.179374605417252,39.231865,0.17233437,0.29848012
9.189374834299088,39.235863,0.17233437,0.29970092
9.199375063180923,39.199867,0.17233437,0.30092168
9.20937529206276,39.171867,0.17233437,0.30214247
9.219374567270279,39.203865,0.17233437,0.30336323
9.229374796152115,39.199867,0.17233437,0.30458403
9.23937502503395,39.143867,0.17233437,0.3058048
9.249375253915787,39.163868,0.17233437,0.30702558
9.259374529123306,39.163868,0.17233437,0.30824634
9.269374758005142,39.135868,0.17233437,0.30946714
9.279374986886978,39.087868,0.17233437,0.3106879
9.289375215768814,39.083866,0.17233437,0.3119087
9.29937544465065,39.103867,0.17240174,0.3119087
9.30937471985817,39.09987,0.17240174,0.31312945
9.319374948740005,39.087868,0.17240174,0.31435025
9.329375177621841,39.047867,0.17240174,0.315571
9.339375406503677,39.035866,0.17240174,0.3167918
9.349374681711197,39.059868,0.17240174,0.31801257
9.359374910593033,39.06387,0.17240174,0.31923336
9.369375139474869,39.027866,0.17246911,0.32045412
9.379375368356705,39.019867,0.17246911,0.32045412
9.389374643564224,39.039867,0.17253649,0.3216749
9.39937487244606,39.027866,0.17260385,0.3216749
9.409375101327896,39.00787,0.17267123,0.32289568
9.419375330209732,39.06387,0.1727386,0.32411647
9.429374605417252,39.07987,0.17280596,0.32411647
9.439374834299088,39.051865,0.17287333,0.32533723
9.449375063180923,39.047867,0.17294072,0.32533723
9.45937529206276,39.075867,0.17307545,0.32655802
9.469374567270279,39.131866,0.1732102,0.32655802
9.479374796152115,39.175865,0.17347968,0.32533723
9.48937502503395,39.255863,0.1738839,0.32411647
9.499375253915787,39.34787,0.17435549,0.3216749
9.509374529123306,39.515865,0.17489447,0.31923336
9.519374758005142,39.695866,0.17563555,0.315571
9.529374986886978,39.879864,0.17637663,0.3106879
9.539375215768814,40.07186,0.17711769,0.30824634
9.54937544465065,40.23186,0.17752191,0.3058048
9.55937471985817,40.295864,0.1775893,0.3058048
9.569374948740005,40.267864,0.17765667,0.30702558
9.579375177621841,40.271862,0.17765667,0.30824634
9.589375406503677,40.299862,0.17765667,0.30946714
9.599374681711197,40.299862,0.17765667,0.3106879
9.609374910593033,40.219864,0.17772403,0.3106879
9.619375139474869,40.207863,0.17772403,0.3119087
9.629375368356705,40.235863,0.17772403,0.31312945
9.639374643564224,40.25186,0.17772403,0.31435025
9.64937487244606,40.22386,0.17772403,0.315571
9.659375101327896,40.20386,0.1777914,0.3167918
9.669375330209732,40.187862,0.1777914,0.31801257
9.679374605417252,40.179863,0.1777914,0.31801257
9.689374834299088,40.20386,0.17785878,0.31923336
9.699375063180923,40.19186,0.17785878,0.32045412
9.70937529206276,40.179863,0.17792614,0.3216749
9.719374567270279,40.215866,0.17799352,0.3216749
9.729374796152115,40.227863,0.17812826,0.3216749
9.73937502503395,40.207863,0.17826301,0.3216749
9.749375253915787,40.255863,0.17833036,0.32289568
9.759374529123306,40.299862,0.17846511,0.32289568
9.769374758005142,40.295864,0.1785325,0.32411647
9.779374986886978,40.287865,0.17859985,0.32411647
9.789375215768814,40.315865,0.1787346,0.32533723
9.79937544465065,40.367863,0.17893672,0.32411647
9.80937471985817,40.38386,0.17907146,0.32533723
9.819374948740005,40.427864,0.17920619,0.32533723
9.829375177621841,40.48386,0.17947568,0.32411647
9.839375406503677,40.54386,0.17981252,0.32289568
9.849374681711197,40.631863,0.18028413,0.3216749
9.859374910593033,40.76786,0.18075572,0.31923336
9.869375139474869,40.93586,0.18142943,0.315571
9.879375368356705,41.131863,0.1821705,0.3119087
9.889374643564224,41.331856,0.1828442,0.30824634
9.89937487244606,41.48386,0.18351792,0.30458403
9.909375101327896,41.60786,0.1840569,0.30214247
9.919375330209732,41.743855,0.18432637,0.30092168
9.929374605417252,41.79586,0.18432637,0.30214247
9.939374834299088,41.763855,0.18432637,0.30336323
9.949375063180923,41.72786,0.18432637,0.30458403
9.95937529206276,41.71586,0.18432637,0.3058048
9.969374567270279,41.703857,0.18432637,0.30702558
9.979374796152115,41.67986,0.18432637,0.30824634
9.98937502503395,41.70786,0.18432637,0.30946714
9.999375253915787,41.69986,0.18432637,0.3106879
10.009374529123306,41.651855,0.18432637,0.3119087
10.019374758005142,41.643856,0.18439373,0.3119087
10.029374986886978,41.63986,0.18439373,0.31312945
10.039375215768814,41.63586,0.18439373,0.31435025
10.04937544465065,41.63986,0.18439373,0.315571
10.05937471985817,41.63586,0.18446112,0.315571
10.069374948740005,41.623856,0.18446112,0.31801257
10.079375177621841,41.56786,0.18446112,0.31801257
10.089375406503677,41.583855,0.18446112,0.32045412
10.099374681711197,41.619858,0.18452847,0.32045412
10.109374910593033,41.61586,0.18452847,0.3216749
10.119375139474869,41.599857,0.18452847,0.32289568
10.129375368356705,41.579857,0.18452847,0.32411647
10.139374643564224,41.559856,0.18459585,0.32411647
10.14937487244606,41.52786,0.18459585,0.32533723
10.159375101327896,41.579857,0.18466322,0.32655802
10.169375330209732,41.583855,0.18473059,0.3277788
10.179374605417252,41.559856,0.18479796,0.3277788
10.189374834299088,41.59586,0.1849327,0.3277788
10.199375063180923,41.63986,0.18506745,0.3277788
10.20937529206276,41.65586,0.18520218,0.32899958
10.219374567270279,41.711857,0.18547167,0.3277788
10.229374796152115,41.77186,0.18574116,0.3277788
10.23937502503395,41.83986,0.18607801,0.32533723
10.249375253915787,41.955856,0.18668434,0.32289568
10.259374529123306,42.123856,0.18729068,0.32045412
10.269374758005142,42.31986,0.18789701,0.3167918
10.279374986886978,42.443855,0.18836862,0.31435025
10.289375215768814,42.579853,0.18884021,0.3119087
10.29937544465065,42.691853,0.18937917,0.3106879
10.30937471985817,42.835854,0.19005288,0.3058048
10.319374948740005,43.015854,0.19059186,0.30458403
10.329375177621841,43.147854,0.19099608,0.30214247
10.339375406503677,43.19585,0.19126557,0.30214247
10.349374681711197,43.23585,0.19146767,0.30092168
10.359374910593033,43.287853,0.19160241,0.30214247
10.369375139474869,43.307854,0.19173715,0.30214247
10.379375368356705,43.31185,0.1918719,0.30214247
10.389374643564224,43.35985,0.19207402,0.30214247
10.39937487244606,43.42785,0.19234349,0.30092168
10.409375101327896,43.48785,0.19261296,0.30092168
10.419375330209732,43.523853,0.19288245,0.29970092
10.429374605417252,43.63185,0.19328667,0.29848012
10.439374834299088,43.731853,0.19362354,0.29603857
10.449375063180923,43.82785,0.19402777,0.29603857
10.45937529206276,43.86785,0.19429724,0.2948178
10.469374567270279,43.94385,0.19456673,0.293597
10.479374796152115,43.95185,0.19470146,0.293597
10.48937502503395,44.03985,0.19490357,0.293597
10.499375253915787,44.08385,0.19503832,0.293597
10.509374529123306,44.091846,0.19524044,0.293597
10.519374758005142,44.115852,0.19537517,0.293597
10.529374986886978,44.14785,0.19550993,0.2948178
10.539375215768814,44.163853,0.19571203,0.293597
10.54937544465065,44.17585,0.1957794,0.2948178
10.55937471985817,44.19185,0.1957794,0.29603857
10.569374948740005,44.20785,0.1957794,0.29725936
10.579375177621841,44.17585,0.1957794,0.29848012
10.589375406503677,44.14785,0.1957794,0.29970092
10.599374681711197,44.14785,0.1957794,0.30092168
10.609374910593033,44.13585,0.1957794,0.30214247
10.619375139474869,44.14785,0.1957794,0.30214247
10.629375368356705,44.12385,0.1957794,0.30336323
10.639374643564224,44.09985,0.1957794,0.30458403
10.64937487244606,44.07985,0.1957794,0.3058048
10.659375101327896,44.08385,0.19584677,0.30702558
10.669375330209732,44.07585,0.19584677,0.30824634
10.679374605417252,44.03585,0.19584677,0.30946714
10.689374834299088,44.05185,0.19584677,0.3106879
10.699375063180923,44.05185,0.19584677,0.3119087
10.70937529206276,44.01585,0.19584677,0.3119087
10.719374567270279,43.999847,0.19584677,0.31435025
10.729374796152115,44.00785,0.19584677,0.31435025
10.73937502503395,44.00785,0.19584677,0.315571
10.749375253915787,43.971848,0.19584677,0.3167918
10.759374529123306,43.963852,0.19584677,0.31801257
10.769374758005142,43.97985,0.19584677,0.31923336
10.779374986886978,43.96785,0.19584677,0.32045412
10.789375215768814,43.963852,0.19584677,0.3216749
10.79937544465065,43.955853,0.19584677,0.32289568
10.80937471985817,43.89985,0.19584677,0.32411647
10.819374948740005,43.911854,0.19584677,0.32533723
10.829375177621841,43.90385,0.19591415,0.32533723
10.839375406503677,43.891853,0.19591415,0.32655802
10.849374681711197,43.87585,0.19591415,0.3277788
10.859374910593033,43.891853,0.1959815,0.32899958
10.869375139474869,43.90385,0.19604889,0.33022034
10.879375368356705,43.871853,0.19604889,0.33022034
10.889374643564224,43.891853,0.19611625,0.33144113
10.89937487244606,43.94785,0.19625099,0.33144113
10.909375101327896,43.97585,0.1964531,0.33144113
10.919375330209732,43.97985,0.19658785,0.33144113
10.929374605417252,43.999847,0.19672258,0.33144113
10.939374834299088,44.05585,0.1969247,0.33144113
10.949375063180923,44.10785,0.1971268,0.33144113
10.95937529206276,44.159847,0.19726154,0.33144113
10.969374567270279,44.179848,0.19746366,0.33144113
10.979374796152115,44.19185,0.19759841,0.33144113
10.98937502503395,44.25585,0.19773315,0.33144113
10.999375253915787,44.29985,0.19780052,0.3326619
11.009374529123306,44.275852,0.19800264,0.33144113
11.019374758005142,44.31585,0.19813737,0.3326619
11.029374986886978,44.37985,0.19833948,0.33144113
11.039375215768814,44.451847,0.19867635,0.33144113
11.04937544465065,44.555847,0.19921531,0.3277788
11.05937471985817,44.723846,0.19995639,0.32533723
11.069374948740005,44.927845,0.20069745,0.32045412
11.079375177621841,45.123848,0.2015059,0.315571
11.089375406503677,45.339844,0.20238173,0.3119087
11.099374681711197,45.567844,0.20305544,0.30824634
11.109374910593033,45.723843,0.20345967,0.3058048
11.119375139474869,45.795845,0.20366177,0.3058048
11.129375368356705,45.807846,0.20372915,0.3058048
11.139374643564224,45.767845,0.20372915,0.30824634
11.14937487244606,45.767845,0.20379652,0.30824634
11.159375101327896,45.80384,0.20386389,0.30946714
11.169375330209732,45.815845,0.20386389,0.3106879
11.179374605417252,45.783844,0.20399864,0.3106879
11.189374834299088,45.771843,0.204066,0.3106879
11.199375063180923,45.811844,0.204066,0.3119087
11.20937529206276,45.811844,0.20413338,0.31312945
11.219374567270279,45.795845,0.20420074,0.31312945
11.229374796152115,45.787846,0.20426811,0.31435025
11.23937502503395,45.807846,0.20433548,0.31435025
11.249375253915787,45.807846,0.20440285,0.315571
11.259374529123306,45.839844,0.20453759,0.315571
11.269374758005142,45.867844,0.20467234,0.315571
11.279374986886978,45.883842,0.20487446,0.315571
11.289375215768814,45.987846,0.20527868,0.31435025
11.29937544465065,46.079845,0.20561552,0.31312945
11.30937471985817,46.139843,0.20608713,0.3106879
11.319374948740005,46.28784,0.20662609,0.30824634
11.329375177621841,46.43984,0.20709768,0.3058048
11.339375406503677,46.563843,0.20763665,0.30458403
11.349374681711197,46.647842,0.20804088,0.30214247
11.359374910593033,46.72784,0.20831035,0.30092168
11.369375139474869,46.84784,0.2086472,0.30092168
11.379375368356705,46.875843,0.2089167,0.29970092
11.389374643564224,46.93584,0.20918617,0.29848012
11.39937487244606,46.987843,0.20932092,0.29848012
11.409375101327896,46.99984,0.20932092,0.29970092
11.419375330209732,47.003838,0.20938829,0.30092168
11.429374605417252,46.983837,0.20945565,0.30092168
11.439374834299088,46.967842,0.20945565,0.30214247
11.449375063180923,46.963837,0.20945565,0.30336323
11.45937529206276,46.983837,0.20945565,0.30458403
11.469374567270279,46.95584,0.20945565,0.3058048
11.479374796152115,46.895844,0.20945565,0.30702558
11.48937502503395,46.903843,0.20952304,0.30824634
11.499375253915787,46.95184,0.20959039,0.30824634
11.509374529123306,46.95184,0.20965777,0.30946714
11.519374758005142,46.919838,0.20965777,0.3106879
11.529374986886978,46.92384,0.20972514,0.3106879
11.539375215768814,46.93984,0.20972514,0.3119087
11.54937544465065,46.91184,0.20979251,0.31312945
11.55937471985817,46.92384,0.20992726,0.31312945
11.569374948740005,46.97184,0.20999461,0.31435025
11.579375177621841,46.983837,0.210062,0.31435025
11.589375406503677,46.97184,0.21012937,0.315571
11.599374681711197,46.967842,0.21019675,0.315571
11.609374910593033,46.967842,0.2102641,0.3167918
11.619375139474869,47.011837,0.21033148,0.3167918
11.629375368356705,47.04784,0.21046622,0.31801257
11.639374643564224,47.023838,0.21046622,0.31801257
11.64937487244606,47.00784,0.21053359,0.31923336
11.659375101327896,47.003838,0.21060097,0.32045412
11.669375330209732,47.06384,0.21066833,0.32045412
11.679374605417252,47.051838,0.21080308,0.32045412
11.689374834299088,47.07584,0.21107255,0.32045412
11.699375063180923,47.175842,0.21134204,0.31923336
11.70937529206276,47.27184,0.21181364,0.31801257
11.719374567270279,47.37984,0.21228524,0.315571
11.729374796152115,47.47984,0.21268946,0.31435025
11.73937502503395,47.61184,0.21316105,0.3119087
11.749375253915787,47.727837,0.2134979,0.3106879
11.759374529123306,47.827835,0.2139695,0.30824634
11.769374758005142,47.93184,0.2144411,0.3058048
11.779374986886978,48.023838,0.21471058,0.3058048
11.789375215768814,48.079834,0.21477795,0.3058048
11.79937544465065,48.075836,0.21477795,0.30702558
11.80937471985817,48.047836,0.21484533,0.30824634
11.819374948740005,48.01584,0.21484533,0.30946714
11.829375177621841,48.035835,0.21484533,0.3106879
11.839375406503677,48.047836,0.21484533,0.3119087
11.849374681711197,47.99184,0.21484533,0.3119087
11.859374910593033,47.97184,0.21484533,0.31435025
11.869375139474869,47.999836,0.21484533,0.31435025
11.879375368356705,47.963837,0.21484533,0.315571
11.889374643564224,47.939835,0.21484533,0.3167918
11.89937487244606,47.93184,0.21484533,0.31801257
11.909375101327896,47.943836,0.21484533,0.31923336
11.919375330209732,47.919834,0.21484533,0.32045412
11.929374605417252,47.919834,0.21484533,0.3216749
11.939374834299088,47.91184,0.21484533,0.32289568
11.949375063180923,47.887836,0.21484533,0.32411647
11.95937529206276,47.88384,0.21484533,0.32533723
11.969374567270279,47.879837,0.21484533,0.32655802
11.979374796152115,47.851837,0.21484533,0.3277788
11.98937502503395,47.827835,0.21484533,0.32899958
11.999375253915787,47.839836,0.21484533,0.33022034
12.009374529123306,47.815838,0.21484533,0.33144113
12.019374758005142,47.819836,0.21484533,0.33144113
12.029374986886978,47.823837,0.21484533,0.3338827
12.039375215768814,47.803837,0.21484533,0.3338827
12.04937544465065,47.75184,0.21484533,0.33632424
12.05937471985817,47.75184,0.21484533,0.33632424
12.069374948740005,47.779835,0.21484533,0.337545
12.079375177621841,47.76384,0.21484533,0.3387658
12.089375406503677,47.735836,0.21484533,0.33998656
12.099374681711197,47.727837,0.21484533,0.34120736
12.109374910593033,47.72384,0.21484533,0.34242812
12.119375139474869,47.711838,0.21484533,0.3436489
12.129375368356705,47.687836,0.21484533,0.34486967
12.139374643564224,47.72384,0.21491268,0.34609047
12.14937487244606,47.69984,0.21491268,0.34609047
12.159375101327896,47.687836,0.21498007,0.34731123
12.169375330209732,47.695835,0.21498007,0.34853202
12.179374605417252,47.687836,0.21504743,0.34975278
12.189374834299088,47.691837,0.2151148,0.34975278
12.199375063180923,47.735836,0.21524955,0.34975278
12.20937529206276,47.75184,0.21538429,0.34975278
12.219374567270279,47.775837,0.21551903,0.35097358
12.229374796152115,47.803837,0.21572115,0.34975278
12.23937502503395,47.867836,0.21585588,0.35097358
12.249375253915787,47.871838,0.21592326,0.35097358
12.259374529123306,47.879837,0.216058,0.35097358
12.269374758005142,47.90384,0.21612537,0.35219434
12.279374986886978,47.92384,0.2162601,0.35219434
12.289375215768814,47.927837,0.21632747,0.35341513
12.29937544465065,47.963837,0.21646221,0.35341513
12.30937471985817,48.007835,0.21666433,0.35341513
12.319374948740005,48.039837,0.21686643,0.35341513
12.329375177621841,48.115837,0.2172033,0.35219434
12.339375406503677,48.215836,0.21760753,0.34975278
12.349374681711197,48.35584,0.21828122,0.34609047
12.359374910593033,48.567837,0.21922442,0.34120736
12.369375139474869,48.895832,0.22030236,0.33510345
12.379375368356705,49.18783,0.22144766,0.3277788
12.389374643564224,49.443832,0.22245821,0.32289568
12.39937487244606,49.63183,0.22286244,0.32045412
12.409375101327896,49.69583,0.22292982,0.3216749
12.419375330209732,49.69183,0.22292982,0.3216749
12.429374605417252,49.67583,0.22299717,0.32289568
12.439374834299088,49.703827,0.22299717,0.32411647
12.449375063180923,49.64383,0.22299717,0.32533723
12.45937529206276,49.63983,0.22299717,0.32655802
12.469374567270279,49.659832,0.22299717,0.3277788
12.479374796152115,49.64383,0.22306456,0.3277788
12.48937502503395,49.611828,0.22306456,0.33022034
12.499375253915787,49.63183,0.2231993,0.33022034
12.509374529123306,49.66383,0.22333404,0.33022034
12.519374758005142,49.69183,0.22360352,0.32899958
12.529374986886978,49.755833,0.22394037,0.3277788
12.539375215768814,49.89583,0.22447933,0.32533723
12.54937544465065,50.07583,0.22535515,0.32045412
12.55937471985817,50.34383,0.22656782,0.31435025
12.569374948740005,50.73583,0.22798263,0.30458403
12.579375177621841,51.091824,0.22926266,0.29725936
12.589375406503677,51.351826,0.23007111,0.29237625
12.599374681711197,51.535824,0.23061007,0.2899347
12.609374910593033,51.655823,0.23114905,0.28749314
12.619375139474869,51.783825,0.23175538,0.28505158
12.629375368356705,51.955822,0.23249646,0.28016847
12.639374643564224,52.17982,0.23343964,0.27528536
12.64937487244606,52.439823,0.2344502,0.26918146
12.659375101327896,52.627823,0.23498918,0.2667399
12.669375330209732,52.69582,0.23512392,0.2667399
12.679374605417252,52.70782,0.23512392,0.2679607
12.689374834299088,52.67982,0.23512392,0.26918146
12.699375063180923,52.66382,0.23512392,0.27040225
12.70937529206276,52.65182,0.23512392,0.27162302
12.719374567270279,52.615818,0.23512392,0.2728438
12.729374796152115,52.579823,0.23512392,0.27406457
12.73937502503395,52.575817,0.23512392,0.27528536
12.749375253915787,52.56382,0.23512392,0.27650613
12.759374529123306,52.515823,0.23512392,0.27650613
12.769374758005142,52.51182,0.23512392,0.27894768
12.779374986886978,52.52382,0.23512392,0.27894768
12.789375215768814,52.483818,0.23512392,0.28016847
12.79937544465065,52.475822,0.23512392,0.28138924
12.80937471985817,52.467823,0.23512392,0.28261003
12.819374948740005,52.427822,0.23512392,0.2838308
12.829375177621841,52.40382,0.23512392,0.28505158
12.839375406503677,52.399822,0.23512392,0.28627235
12.849374681711197,52.419823,0.23512392,0.28749314
12.859374910593033,52.38382,0.23512392,0.2887139
12.869375139474869,52.37982,0.23512392,0.2899347
12.879375368356705,52.35982,0.23512392,0.29115546
12.889374643564224,52.33982,0.23512392,0.29237625
12.89937487244606,52.34382,0.23512392,0.293597
12.909375101327896,52.327824,0.23512392,0.2948178
12.919375330209732,52.307823,0.23512392,0.29603857
12.929374605417252,52.27582,0.23512392,0.29603857
12.939374834299088,52.279823,0.23512392,0.29848012
12.949375063180923,52.267822,0.23512392,0.29848012
12.95937529206276,52.235825,0.23512392,0.30092168
12.969374567270279,52.259823,0.23512392,0.30092168
12.979374796152115,52.25182,0.23512392,0.30214247
12.98937502503395,52.215824,0.23512392,0.30336323
12.999375253915787,52.183823,0.23512392,0.30458403
13.009374529123306,52.19982,0.23512392,0.3058048
13.019374758005142,52.155823,0.23512392,0.30702558
13.029374986886978,52.15982,0.23512392,0.30824634
13.039375215768814,52.17182,0.23519129,0.30946714
13.04937544465065,52.163826,0.23519129,0.3106879
13.05937471985817,52.11982,0.23519129,0.3119087
13.069374948740005,52.13182,0.23525867,0.3119087
13.079375177621841,52.13982,0.23525867,0.31312945
13.089375406503677,52.127823,0.23525867,0.31435025
13.099374681711197,52.11582,0.23525867,0.315571
13.109374910593033,52.103825,0.23525867,0.3167918
13.119375139474869,52.103825,0.23532602,0.3167918
13.129375368356705,52.07182,0.23532602,0.31801257
13.139374643564224,52.087822,0.23532602,0.31923336
13.14937487244606,52.103825,0.2353934,0.32045412
13.159375101327896,52.099823,0.23552814,0.32045412
13.169375330209732,52.11182,0.23566289,0.32045412
13.179374605417252,52.147823,0.23579763,0.32045412
13.189374834299088,52.17182,0.23593237,0.3216749
13.199375063180923,52.235825,0.23613447,0.3216749
13.20937529206276,52.29182,0.23633659,0.32045412
13.219374567270279,52.307823,0.23653871,0.32045412
13.229374796152115,52.371822,0.23694293,0.31923336
13.23937502503395,52.52382,0.23741451,0.3167918
13.249375253915787,52.71582,0.23822297,0.3119087
13.259374529123306,52.94782,0.23936827,0.3058048
13.269374758005142,53.27182,0.24051358,0.29848012
13.279374986886978,53.519817,0.24118729,0.2948178
13.289375215768814,53.60382,0.2413894,0.2948178
13.29937544465065,53.58782,0.2413894,0.29603857
13.30937471985817,53.615818,0.2413894,0.29725936
13.319374948740005,53.62382,0.2413894,0.29848012
13.329375177621841,53.55582,0.2413894,0.29970092
13.339375406503677,53.531815,0.2413894,0.30092168
13.349374681711197,53.519817,0.2413894,0.30214247
13.359374910593033,53.531815,0.2413894,0.30336323
13.369375139474869,53.527817,0.2413894,0.30458403
13.379375368356705,53.50382,0.2413894,0.3058048
13.389374643564224,53.46382,0.2413894,0.3058048
13.39937487244606,53.479816,0.24145676,0.30702558
13.409375101327896,53.46782,0.24145676,0.30824634
13.419375330209732,53.44782,0.24145676,0.30946714
13.429374605417252,53.411816,0.24145676,0.3106879
13.439374834299088,53.44782,0.24152413,0.3119087
13.449375063180923,53.45582,0.24152413,0.3119087
13.45937529206276,53.411816,0.24159151,0.31312945
13.469374567270279,53.39982,0.24159151,0.31435025
13.479374796152115,53.44782,0.24165887,0.315571
13.48937502503395,53.451817,0.24165887,0.315571
13.499375253915787,53.411816,0.24172625,0.3167918
13.509374529123306,53.39982,0.24179362,0.31801257
13.519374758005142,53.42382,0.24179362,0.31801257
13.529374986886978,53.439816,0.24186099,0.31923336
13.539375215768814,53.451817,0.24199574,0.31923336
13.54937544465065,53.451817,0.24213047,0.32045412
13.55937471985817,53.47582,0.24226522,0.32045412
13.569374948740005,53.55582,0.2425347,0.31923336
13.579375177621841,53.64782,0.24300629,0.3167918
13.589375406503677,53.751816,0.24361263,0.31435025
13.599374681711197,53.955814,0.24442108,0.3106879
13.609374910593033,54.23982,0.24543163,0.30458403
13.619375139474869,54.539814,0.24650958,0.29848012
13.629375368356705,54.687813,0.24718328,0.2948178
13.639374643564224,54.823814,0.2473854,0.293597
13.64937487244606,54.87181,0.2473854,0.2948178
13.659375101327896,54.859814,0.2473854,0.29603857
13.669375330209732,54.80781,0.2473854,0.29725936
13.679374605417252,54.783813,0.2473854,0.29848012
13.689374834299088,54.787815,0.2473854,0.29970092
13.699375063180923,54.80781,0.2473854,0.30092168
13.70937529206276,54.783813,0.24745278,0.30092168
13.719374567270279,54.743816,0.24745278,0.30214247
13.729374796152115,54.727814,0.24745278,0.30336323
13.73937502503395,54.73981,0.24745278,0.30458403
13.749375253915787,54.715813,0.24745278,0.3058048
13.759374529123306,54.679813,0.24745278,0.30702558
13.769374758005142,54.687813,0.24745278,0.30824634
13.779374986886978,54.715813,0.24752012,0.30946714
13.789375215768814,54.671818,0.24752012,0.3106879
13.79937544465065,54.62781,0.24752012,0.3119087
13.80937471985817,54.655815,0.24752012,0.3119087
13.819374948740005,54.683815,0.2475875,0.31312945
13.829375177621841,54.655815,0.2475875,0.31435025
13.839375406503677,54.62781,0.24765487,0.315571
13.849374681711197,54.623814,0.24765487,0.315571
13.859374910593033,54.607815,0.24765487,0.31801257
13.869375139474869,54.623814,0.24765487,0.31801257
13.879375368356705,54.623814,0.24772225,0.31923336
13.889374643564224,54.615814,0.24778962,0.32045412
13.89937487244606,54.607815,0.247857,0.32045412
13.909375101327896,54.655815,0.24799173,0.32045412
13.919375330209732,54.663815,0.24819385,0.32045412
13.929374605417252,54.711815,0.2483286,0.32045412
13.939374834299088,54.771812,0.24853069,0.32045412
13.949375063180923,54.83181,0.24866544,0.32045412
13.95937529206276,54.823814,0.24893491,0.32045412
13.969374567270279,54.895813,0.24927177,0.31923336
13.979374796152115,55.027813,0.24974336,0.3167918
13.98937502503395,55.175816,0.25028235,0.31435025
13.999375253915787,55.33181,0.25095603,0.3106879
14.009374529123306,55.50381,0.25169712,0.30702558
14.019374758005142,55.70781,0.25250557,0.30214247
14.029374986886978,55.883812,0.2531119,0.29970092
14.039375215768814,55.98781,0.25331402,0.29848012
14.04937544465065,56.02381,0.25331402,0.30092168
14.05937471985817,55.98381,0.25331402,0.30092168
14.069374948740005,55.95981,0.25331402,0.30214247
14.079375177621841,55.971813,0.25331402,0.30336323
14.089375406503677,55.931812,0.25331402,0.30458403
14.099374681711197,55.931812,0.25331402,0.3058048
14.109374910593033,55.931812,0.25331402,0.30702558
14.119375139474869,55.927807,0.25331402,0.30824634
14.129375368356705,55.88781,0.25331402,0.30946714
14.139374643564224,55.86781,0.25331402,0.3106879
14.14937487244606,55.879807,0.25331402,0.3119087
14.159375101327896,55.859806,0.2533814,0.3119087
14.169375330209732,55.84781,0.2533814,0.31312945
14.179374605417252,55.83181,0.2533814,0.31435025
14.189374834299088,55.82781,0.2533814,0.315571
14.199375063180923,55.807808,0.2533814,0.3167918
14.20937529206276,55.79981,0.2533814,0.31801257
14.219374567270279,55.78381,0.2533814,0.31923336
14.229374796152115,55.771812,0.2533814,0.32045412
14.23937502503395,55.767807,0.25344875,0.3216749
14.249375253915787,55.787807,0.25344875,0.3216749
14.259374529123306,55.73181,0.2535161,0.32289568
14.269374758005142,55.73981,0.2535835,0.32411647
14.279374986886978,55.77581,0.25365087,0.32411647
14.289375215768814,55.80381,0.25371826,0.32533723
14.29937544465065,55.79581,0.2537856,0.32533723
14.30937471985817,55.78381,0.253853,0.32655802
14.319374948740005,55.82381,0.25392035,0.32655802
14.329375177621841,55.82781,0.25405508,0.3277788
14.339375406503677,55.84781,0.25418985,0.3277788
14.349374681711197,55.883812,0.25432456,0.3277788
14.359374910593033,55.89181,0.25445932,0.3277788
14.369375139474869,55.94381,0.2547288,0.3277788
14.379375368356705,56.01181,0.2549983,0.32655802
14.389374643564224,56.09181,0.2554699,0.32411647
14.39937487244606,56.239807,0.25607622,0.3216749
14.409375101327896,56.463806,0.2568173,0.31801257
14.419375330209732,56.683807,0.2576931,0.3119087
14.429374605417252,56.891808,0.25877106,0.30702558
14.439374834299088,57.179802,0.25971425,0.30092168
14.449375063180923,57.4318,0.26038796,0.29725936
14.45937529206276,57.555805,0.26085955,0.2948178
14.469374567270279,57.647804,0.26133114,0.29237625
14.479374796152115,57.795807,0.2619375,0.2899347
14.48937502503395,57.9718,0.26267856,0.28627235
14.499375253915787,58.1598,0.26341963,0.28261003
14.509374529123306,58.351803,0.2641607,0.27772692
14.519374758005142,58.5158,0.26476705,0.27528536
14.529374986886978,58.6358,0.26517126,0.2728438
14.539375215768814,58.6998,0.26530603,0.27406457
14.54937544465065,58.6878,0.26530603,0.27528536
14.55937471985817,58.663803,0.26537338,0.27528536
14.569374948740005,58.659798,0.26544073,0.27650613
14.579375177621841,58.6878,0.26544073,0.27772692
14.589375406503677,58.6478,0.26544073,0.27894768
14.599374681711197,58.5878,0.26544073,0.28016847
14.609374910593033,58.6078,0.26544073,0.28016847
14.619375139474869,58.619797,0.26544073,0.28261003
14.629375368356705,58.571804,0.26544073,0.28261003
14.639374643564224,58.5398,0.26544073,0.2838308
14.64937487244606,58.5438,0.26544073,0.28505158
14.659375101327896,58.5358,0.26544073,0.28627235
14.669375330209732,58.5198,0.26544073,0.28749314
14.679374605417252,58.483803,0.26544073,0.2887139
14.689374834299088,58.4758,0.26544073,0.2899347
14.699375063180923,58.479805,0.26544073,0.29115546
14.70937529206276,58.4678,0.26544073,0.29237625
14.719374567270279,58.439804,0.26544073,0.293597
14.729374796152115,58.4038,0.26544073,0.2948178
14.73937502503395,58.4318,0.26544073,0.29603857
14.749375253915787,58.4358,0.26544073,0.29725936
14.759374529123306,58.3638,0.26550812,0.29725936
14.769374758005142,58.3558,0.26550812,0.29848012
14.779374986886978,58.367798,0.26550812,0.29970092
14.789375215768814,58.3558,0.26550812,0.30092168
14.79937544465065,58.3358,0.26550812,0.30214247
14.80937471985817,58.303802,0.26550812,0.30336323
14.819374948740005,58.3398,0.26550812,0.30458403
14.829375177621841,58.3198,0.26550812,0.3058048
14.839375406503677,58.2918,0.26550812,0.30702558
14.849374681711197,58.279804,0.26550812,0.30824634
14.859374910593033,58.259804,0.2655755,0.30824634
14.869375139474869,58.2718,0.2655755,0.30946714
14.879375368356705,58.2518,0.2655755,0.3106879
14.889374643564224,58.2358,0.2655755,0.3119087
14.89937487244606,58.2238,0.2655755,0.31312945
14.909375101327896,58.231804,0.2655755,0.31435025
14.919375330209732,58.2238,0.2655755,0.315571
14.929374605417252,58.191803,0.2655755,0.3167918
14.939374834299088,58.187805,0.2655755,0.31801257
14.949375063180923,58.2238,0.26564288,0.31801257
14.95937529206276,58.1838,0.26564288,0.32045412
14.969374567270279,58.1558,0.26571023,0.32045412
14.979374796152115,58.1838,0.26571023,0.3216749
14.98937502503395,58.191803,0.2657776,0.3216749
14.999375253915787,58.1838,0.2657776,0.32411647
15.009374529123306,58.163803,0.26584497,0.32411647
15.019374758005142,58.167805,0.26584497,0.32533723
15.029374986886978,58.1598,0.26591235,0.32533723
15.039375215768814,58.187805,0.26591235,0.32655802
15.04937544465065,58.187805,0.2659797,0.3277788
15.05937471985817,58.139805,0.2659797,0.32899958
15.069374948740005,58.167805,0.2660471,0.33022034
15.079375177621841,58.1958,0.26611447,0.33022034
15.089375406503677,58.2038,0.26624918,0.33022034
15.099374681711197,58.207806,0.26638395,0.33022034
15.109374910593033,58.279804,0.26658607,0.33022034
15.119375139474869,58.3478,0.26692292,0.33022034
15.129375368356705,58.4078,0.26725978,0.3277788
15.139374643564224,58.499798,0.26773137,0.32533723
15.14937487244606,58.6958,0.26853982,0.3216749
15.159375101327896,58.963802,0.26961774,0.315571
15.169375330209732,59.2838,0.27083042,0.30824634
15.179374605417252,59.587795,0.2720431,0.30092168
15.189374834299088,59.875797,0.2729863,0.29603857
15.199375063180923,60.063797,0.27359262,0.29237625
15.20937529206276,60.231792,0.27426633,0.2899347
15.219374567270279,60.419792,0.2750074,0.28505158
15.229374796152115,60.611794,0.27581584,0.28016847
15.23937502503395,60.835793,0.2766243,0.27650613
15.249375253915787,61.023792,0.27716327,0.2728438
15.259374529123306,61.09579,0.27743274,0.2728438
15.269374758005142,61.091793,0.27743274,0.27406457
15.279374986886978,61.10779,0.27743274,0.27528536
15.289375215768814,61.09579,0.27743274,0.27650613
15.29937544465065,61.039795,0.27743274,0.27772692
15.30937471985817,61.03579,0.27743274,0.27894768
15.319374948740005,61.03579,0.27743274,0.28016847
15.329375177621841,60.995792,0.27743274,0.28016847
15.339375406503677,60.991795,0.27743274,0.28261003
15.349374681711197,60.975792,0.27743274,0.28261003
15.359374910593033,60.94379,0.27743274,0.28505158
15.369375139474869,60.923794,0.27743274,0.28505158
15.379375368356705,60.92779,0.27743274,0.28627235
15.389374643564224,60.923794,0.27743274,0.28749314
15.39937487244606,60.87579,0.27743274,0.2887139
15.409375101327896,60.863792,0.27743274,0.2899347
15.419375330209732,60.87179,0.27743274,0.29115546
15.429374605417252,60.835793,0.27743274,0.29237625
15.439374834299088,60.827793,0.27743274,0.293597
15.449375063180923,60.843792,0.27743274,0.2948178
15.45937529206276,60.815792,0.27743274,0.29603857
15.469374567270279,60.77579,0.27743274,0.29725936
15.479374796152115,60.767796,0.27743274,0.29848012
15.48937502503395,60.75579,0.27743274,0.29970092
15.499375253915787,60.727795,0.27743274,0.30092168
15.509374529123306,60.73579,0.27743274,0.30214247
15.519374758005142,60.739796,0.27743274,0.30214247
15.529374986886978,60.679794,0.27743274,0.30458403
15.539375215768814,60.69179,0.27743274,0.30458403
15.54937544465065,60.719795,0.27743274,0.3058048
15.559375673532486,60.683792,0.27743274,0.30702558
15.569375902414322,60.63579,0.27743274,0.30824634
15.579374223947525,60.63579,0.27743274,0.30946714
15.589374452829361,60.63579,0.27743274,0.3106879
15.599374681711197,60.619793,0.27743274,0.3119087
15.609374910593033,60.591793,0.27743274,0.31312945
15.619375139474869,60.60379,0.27743274,0.31435025
15.629375368356705,60.583794,0.27743274,0.315571
15.63937559723854,60.567795,0.27743274,0.3167918
15.649375826120377,60.579796,0.27743274,0.31801257
15.65937414765358,60.547794,0.27743274,0.31923336
15.669374376535416,60.543793,0.27743274,0.32045412
15.679374605417252,60.543793,0.27743274,0.3216749
15.689374834299088,60.539795,0.27743274,0.3216749
15.699375063180923,60.515797,0.27743274,0.32411647
15.70937529206276,60.487797,0.27743274,0.32411647
15.719375520944595,60.499794,0.27743274,0.32533723
15.729375749826431,60.46379,0.27743274,0.32655802
15.739374071359634,60.467796,0.27743274,0.3277788
15.74937430024147,60.451794,0.27743274,0.32899958
15.759374529123306,60.439793,0.27743274,0.33022034
15.769374758005142,60.427795,0.27743274,0.33144113
15.779374986886978,60.395798,0.27743274,0.3326619
15.789375215768814,60.431793,0.27750012,0.3338827
15.79937544465065,60.415794,0.27750012,0.3338827
15.809375673532486,60.387794,0.27750012,0.33632424
15.819375902414322,60.37179,0.27750012,0.33632424
15.829374223947525,60.343796,0.27750012,0.337545
15.839374452829361,60.363796,0.2775675,0.3387658
15.849374681711197,60.399796,0.27763486,0.33998656
15.859374910593033,60.403793,0.2777696,0.33998656
15.869375139474869,60.391792,0.27783698,0.33998656
15.879375368356705,60.407795,0.2779717,0.34120736
15.88937559723854,60.447796,0.2780391,0.34120736
15.899375826120377,60.455795,0.27810645,0.34120736
15.90937414765358,60.479794,0.2782412,0.34242812
15.919374376535416,60.527794,0.27837595,0.34242812
15.929374605417252,60.523792,0.2785107,0.34242812
15.939374834299088,60.551792,0.27871278,0.34242812
15.949375063180923,60.607796,0.27884755,0.34242812
15.95937529206276,60.659794,0.27904963,0.34242812
15.969375520944595,60.683792,0.27925175,0.34242812
15.979375749826431,60.747795,0.27945387,0.34120736
15.989374071359634,60.79579,0.27979073,0.34120736
15.99937430024147,60.87179,0.2800602,0.33998656
16.009374529123306,60.96779,0.2805318,0.337545
16.019374758005142,61.139793,0.28113812,0.33510345
16.029374986886978,61.30779,0.28187922,0.33022034
16.039375215768814,61.50779,0.28268766,0.32655802
16.04937544465065,61.70779,0.283294,0.32289568
16.059375673532486,61.851788,0.28383297,0.3216749
16.069375902414322,61.93979,0.28410244,0.32045412
16.079374223947525,61.97979,0.2842372,0.32045412
16.08937445282936,62.02379,0.28430456,0.32045412
16.099374681711197,61.98779,0.28430456,0.3216749
16.109374910593033,61.983788,0.28437194,0.32289568
16.11937513947487,61.975792,0.28437194,0.32411647
16.129375368356705,61.983788,0.28443933,0.32411647
16.13937559723854,61.975792,0.28443933,0.32533723
16.149375826120377,61.991787,0.28443933,0.32655802
16.15937414765358,61.963787,0.28457403,0.3277788
16.169374376535416,61.96779,0.2846414,0.3277788
16.17937460541725,61.96779,0.2847088,0.3277788
16.189374834299088,61.995785,0.2847088,0.33022034
16.199375063180923,61.98779,0.2847088,0.33022034
16.20937529206276,61.947792,0.28477615,0.33144113
16.219375520944595,61.963787,0.28484353,0.33144113
16.22937574982643,61.98779,0.28504562,0.33144113
16.239374071359634,62.015785,0.2851804,0.33144113
16.24937430024147,62.059788,0.28524777,0.3326619
16.259374529123306,62.06779,0.28538248,0.3326619
16.269374758005142,62.095787,0.2855846,0.3326619
16.279374986886978,62.123787,0.28578672,0.3326619
16.289375215768814,62.20379,0.28612357,0.33144113
16.29937544465065,62.27979,0.28659517,0.32899958
16.309375673532486,62.47179,0.28740364,0.32533723
16.319375902414322,62.727787,0.28827944,0.32045412
16.329374223947525,62.951782,0.28915524,0.315571
16.33937445282936,63.115788,0.28989634,0.3106879
16.349374681711197,63.275787,0.29036793,0.30946714
16.359374910593033,63.379784,0.29050267,0.30946714
16.36937513947487,63.375782,0.29057005,0.30946714
16.379375368356705,63.347786,0.29057005,0.3106879
16.38937559723854,63.343784,0.29057005,0.3119087
16.399375826120377,63.347786,0.29057005,0.31312945
16.40937414765358,63.319786,0.29057005,0.31435025
16.419374376535416,63.31579,0.29057005,0.315571
16.42937460541725,63.299786,0.29057005,0.3167918
16.439374834299088,63.299786,0.2906374,0.31801257
16.449375063180923,63.295788,0.2906374,0.31801257
16.45937529206276,63.255787,0.2906374,0.32045412
16.469375520944595,63.227787,0.2907048,0.32045412
16.47937574982643,63.235786,0.2907048,0.3216749
16.489374071359634,63.255787,0.2907048,0.32289568
16.49937430024147,63.231785,0.29077217,0.32411647
16.509374529123306,63.207787,0.29083955,0.32411647
16.519374758005142,63.231785,0.29083955,0.32533723
16.529374986886978,63.255787,0.29083955,0.32655802
16.539375215768814,63.215786,0.29090688,0.3277788
16.54937544465065,63.207787,0.29090688,0.3277788
16.559375673532486,63.211784,0.29090688,0.32899958
16.569375902414322,63.195786,0.29097426,0.33022034
16.579374223947525,63.179787,0.29104164,0.33022034
16.58937445282936,63.199783,0.29110903,0.33144113
16.599374681711197,63.207787,0.29117638,0.33144113
16.609374910593033,63.215786,0.29117638,0.3338827
16.61937513947487,63.215786,0.29131112,0.3338827
16.629375368356705,63.207787,0.29151323,0.3338827
16.63937559723854,63.287785,0.2917827,0.3326619
16.649375826120377,63.431786,0.29232168,0.33022034
16.65937414765358,63.60778,0.29299536,0.32655802
16.669374376535416,63.783783,0.29400596,0.32045412
16.67937460541725,64.071785,0.29515123,0.31435025
16.689374834299088,64.44378,0.2964313,0.3058048
16.699375063180923,64.79578,0.29771134,0.29848012
16.70937529206276,65.05578,0.29858714,0.2948178
16.719375520944595,65.21178,0.29912612,0.29115546
16.72937574982643,65.33178,0.29959774,0.2887139
16.739374071359634,65.44378,0.30006933,0.28627235
16.74937430024147,65.56378,0.30054092,0.28505158
16.759374529123306,65.687775,0.30107987,0.28261003
16.769374758005142,65.83578,0.30168623,0.27894768
16.779374986886978,65.99578,0.3023599,0.27650613
16.789375215768814,66.16377,0.30296627,0.2728438
16.79937544465065,66.23177,0.30330312,0.27162302
16.809375673532486,66.27577,0.30337048,0.27162302
16.819375902414322,66.31577,0.30337048,0.2728438
16.829374223947525,66.27577,0.30337048,0.27406457
16.83937445282936,66.227776,0.30337048,0.27528536
16.849374681711197,66.21977,0.30337048,0.27650613
16.859374910593033,66.22377,0.30337048,0.27772692
16.86937513947487,66.20778,0.30343786,0.27894768
16.879375368356705,66.15177,0.30343786,0.28016847
16.88937559723854,66.15177,0.30343786,0.28016847
16.899375826120377,66.16778,0.30343786,0.28261003
16.90937414765358,66.131775,0.30343786,0.28261003
16.919374376535416,66.11178,0.30343786,0.28505158
16.92937460541725,66.075775,0.30343786,0.28505158
16.939374834299088,66.087776,0.30343786,0.28627235
16.949375063180923,66.091774,0.30343786,0.28749314
16.95937529206276,66.05577,0.30343786,0.2887139
16.969375520944595,66.01177,0.30343786,0.2899347
16.97937574982643,66.007774,0.30343786,0.29115546
16.989374071359634,66.03178,0.30343786,0.29237625
16.99937430024147,65.98377,0.30343786,0.293597
17.009374529123306,65.95978,0.30343786,0.2948178
17.019374758005142,65.97177,0.30343786,0.29603857
17.029374986886978,65.963776,0.30343786,0.29725936
17.039375215768814,65.93178,0.30343786,0.29848012
17.04937544465065,65.91978,0.30343786,0.29970092
17.059375673532486,65.907776,0.30343786,0.30092168
17.069375902414322,65.90377,0.30343786,0.30214247
17.079374223947525,65.867775,0.30343786,0.30214247
17.08937445282936,65.85978,0.30343786,0.30458403
17.099374681711197,65.83578,0.30350524,0.30458403
17.109374910593033,65.83177,0.30350524,0.3058048
17.11937513947487,65.851776,0.30350524,0.30702558
17.129375368356705,65.839775,0.30357262,0.30702558
17.13937559723854,65.839775,0.30363995,0.30824634
17.149375826120377,65.855774,0.30370733,0.30824634
17.15937414765358,65.85978,0.3037747,0.30946714
17.169374376535416,65.851776,0.3037747,0.3106879
17.17937460541725,65.84377,0.3038421,0.3119087
17.189374834299088,65.86378,0.30390945,0.3119087
17.199375063180923,65.86378,0.30397683,0.31312945
17.20937529206276,65.855774,0.3040442,0.31312945
17.219375520944595,65.87578,0.30411157,0.31435025
17.22937574982643,65.867775,0.30417892,0.315571
17.239374071359634,65.851776,0.30417892,0.315571
17.24937430024147,65.87177,0.3043137,0.315571
17.259374529123306,65.89178,0.3044484,0.3167918
17.269374758005142,65.91578,0.30458316,0.3167918
17.279374986886978,65.963776,0.30485266,0.3167918
17.289375215768814,66.04378,0.30512214,0.315571
17.29937544465065,66.119774,0.30552635,0.31435025
17.309375673532486,66.23978,0.3061327,0.3106879
17.319375902414322,66.423775,0.3068064,0.30702558
17.329374223947525,66.65177,0.30768222,0.30214247
17.33937445282936,66.85977,0.3086254,0.29603857
17.349374681711197,67.10777,0.30950123,0.29237625
17.359374910593033,67.28777,0.30990547,0.2899347
17.36937513947487,67.33577,0.30990547,0.29115546
17.379375368356705,67.31577,0.3099728,0.29237625
17.38937559723854,67.31177,0.3099728,0.293597
17.399375826120377,67.27977,0.3099728,0.2948178
17.40937414765358,67.26777,0.3099728,0.29603857
17.419374376535416,67.25177,0.3099728,0.29603857
17.42937460541725,67.227776,0.3099728,0.29848012
17.439374834299088,67.21177,0.3099728,0.29848012
17.449375063180923,67.21977,0.3099728,0.30092168
17.45937529206276,67.21177,0.3099728,0.30092168
17.469375520944595,67.159775,0.3099728,0.30214247
17.47937574982643,67.13577,0.3099728,0.30336323
17.489374071359634,67.15177,0.3099728,0.30458403
17.49937430024147,67.15577,0.3099728,0.3058048
17.509374529123306,67.115776,0.3099728,0.30702558
17.519374758005142,67.10777,0.3099728,0.30824634
17.529374986886978,67.115776,0.3099728,0.30946714
17.539375215768814,67.08777,0.3099728,0.3106879
17.54937544465065,67.07177,0.3099728,0.3119087
17.559375673532486,67.05577,0.3099728,0.31312945
17.569375902414322,67.04378,0.3099728,0.31435025
17.579374223947525,67.03977,0.3099728,0.315571
17.58937445282936,67.01577,0.3099728,0.315571
17.599374681711197,66.99577,0.3099728,0.31801257
17.609374910593033,66.97177,0.3099728,0.31801257
17.61937513947487,67.00378,0.3099728,0.32045412
17.629375368356705,66.97177,0.3099728,0.32045412
17.63937559723854,66.93177,0.3099728,0.3216749
17.649375826120377,66.91977,0.3099728,0.32289568
17.65937414765358,66.94777,0.3099728,0.32411647
17.669374376535416,66.923775,0.3099728,0.32533723
17.67937460541725,66.88777,0.3099728,0.32655802
17.689374834299088,66.89177,0.3099728,0.3277788
17.699375063180923,66.89977,0.3099728,0.32899958
17.70937529206276,66.86378,0.3099728,0.33022034
17.719375520944595,66.855774,0.3099728,0.33144113
17.72937574982643,66.85977,0.3099728,0.3326619
17.739374071359634,66.84777,0.3099728,0.3338827
17.74937430024147,66.83177,0.3099728,0.33510345
17.759374529123306,66.79578,0.31004018,0.33510345
17.769374758005142,66.80377,0.31004018,0.33632424
17.779374986886978,66.80377,0.31004018,0.337545
17.789375215768814,66.82378,0.31004018,0.3387658
17.79937544465065,66.79578,0.31004018,0.33998656
17.809375673532486,66.755775,0.31010756,0.34120736
17.819375902414322,66.783775,0.31010756,0.34120736
17.829374223947525,66.78777,0.31010756,0.3436489
17.83937445282936,66.755775,0.31017494,0.3436489
17.849374681711197,66.74777,0.3102423,0.34486967
17.859374910593033,66.78777,0.31030968,0.34486967
17.86937513947487,66.811775,0.3104444,0.34609047
17.879375368356705,66.81977,0.31057915,0.34609047
17.88937559723854,66.85177,0.31084862,0.34609047
17.899375826120377,66.95177,0.31111813,0.3436489
17.90937414765358,67.063774,0.3116571,0.34120736
17.919374376535416,67.21177,0.31239817,0.337545
17.92937460541725,67.42777,0.313274,0.3326619
17.939374834299088,67.69177,0.31428453,0.32655802
17.949375063180923,68.01577,0.31542987,0.32045412
17.95937529206276,68.259766,0.3162383,0.315571
17.969375520944595,68.37977,0.31657514,0.31435025
17.97937574982643,68.40777,0.3167099,0.31435025
17.989374071359634,68.483765,0.31677726,0.315571
17.99937430024147,68.467766,0.3168446,0.315571
18.009374529123306,68.41577,0.316912,0.3167918
18.019374758005142,68.42377,0.31697938,0.31801257
18.029374986886978,68.455765,0.31704676,0.31801257
18.039375215768814,68.45977,0.3171141,0.31923336
18.04937544465065,68.43176,0.3171815,0.31923336
18.059375673532486,68.45177,0.31724885,0.32045412
18.069375902414322,68.48777,0.31731623,0.32045412
18.079374223947525,68.49976,0.31751835,0.32045412
18.08937445282936,68.53177,0.31778783,0.32045412
18.099374681711197,68.607765,0.3180573,0.31923336
18.109374910593033,68.675766,0.31839418,0.31801257
18.11937513947487,68.79977,0.31893313,0.315571
18.129375368356705,68.95177,0.31953946,0.3119087
18.13937559723854,69.09177,0.32021317,0.30946714
18.149375826120377,69.26776,0.32075214,0.3058048
18.15937414765358,69.43576,0.32129112,0.30336323
18.169374376535416,69.539764,0.3217627,0.30214247
18.17937460541725,69.59976,0.32203218,0.30092168
18.189374834299088,69.63176,0.32203218,0.30214247
18.199375063180923,69.65976,0.32203218,0.30336323
18.20937529206276,69.60377,0.32203218,0.30458403
18.219375520944595,69.58776,0.32203218,0.3058048
18.22937574982643,69.58776,0.32203218,0.30702558
18.239374071359634,69.567764,0.32203218,0.30824634
18.24937430024147,69.55176,0.32209957,0.30824634
18.259374529123306,69.539764,0.32209957,0.30946714
18.269374758005142,69.50376,0.32209957,0.3106879
18.279374986886978,69.49976,0.32216692,0.3119087
18.289375215768814,69.52776,0.32216692,0.3119087
18.29937544465065,69.511765,0.32216692,0.31435025
18.309375673532486,69.455765,0.32216692,0.31435025
18.319375902414322,69.45976,0.32216692,0.315571
18.329374223947525,69.45976,0.32216692,0.3167918
18.33937445282936,69.45976,0.32216692,0.31801257
18.349374681711197,69.43576,0.32216692,0.31923336
18.359374910593033,69.411766,0.32216692,0.32045412
18.36937513947487,69.399765,0.32216692,0.3216749
18.379375368356705,69.36776,0.32216692,0.32289568
18.38937559723854,69.383766,0.32216692,0.32411647
18.399375826120377,69.37976,0.32216692,0.32533723
18.40937414765358,69.359764,0.32216692,0.32655802
18.419374376535416,69.343765,0.32216692,0.3277788
18.42937460541725,69.331764,0.32216692,0.32899958
18.439374834299088,69.303764,0.3222343,0.33022034
18.449375063180923,69.29976,0.3222343,0.33022034
18.45937529206276,69.31177,0.3222343,0.33144113
18.469375520944595,69.315765,0.3222343,0.3326619
18.47937574982643,69.259766,0.32230166,0.3338827
18.489374071359634,69.275764,0.32230166,0.33510345
18.49937430024147,69.287766,0.32230166,0.33632424
18.509374529123306,69.275764,0.32236904,0.33632424
18.519374758005142,69.27177,0.3224364,0.337545
18.529374986886978,69.29976,0.32257116,0.337545
18.539375215768814,69.31177,0.32263854,0.337545
18.54937544465065,69.315765,0.32277325,0.3387658
18.559375673532486,69.35177,0.32297537,0.337545
18.569375902414322,69.411766,0.3231775,0.337545
18.579374223947525,69.455765,0.32351434,0.33632424
18.58937445282936,69.56377,0.3238512,0.33632424
18.599374681711197,69.651764,0.32425544,0.3338827
18.609374910593033,69.75176,0.32479438,0.33144113
18.61937513947487,69.93576,0.3254681,0.3277788
18.629375368356705,70.11976,0.32600707,0.32533723
18.63937559723854,70.235756,0.3266134,0.3216749
18.649375826120377,70.39176,0.3272871,0.31923336
18.65937414765358,70.56776,0.32802817,0.315571
18.669374376535416,70.77176,0.32863453,0.3119087
18.67937460541725,70.86776,0.3291061,0.30946714
18.689374834299088,70.96776,0.32944298,0.30824634
18.699375063180923,71.06376,0.32977983,0.30702558
18.70937529206276,71.11976,0.33011666,0.3058048
18.719375520944595,71.21976,0.33058828,0.30458403
18.72937574982643,71.33976,0.33105987,0.30214247
18.739374071359634,71.46776,0.33159885,0.29970092
18.74937430024147,71.58776,0.3321378,0.29603857
18.759374529123306,71.74376,0.33267677,0.2948178
18.769374758005142,71.87176,0.3332831,0.29115546
18.779374986886978,71.98376,0.33382204,0.2887139
18.789375215768814,72.111755,0.33422628,0.28627235
18.79937544465065,72.235756,0.33456317,0.28627235
18.809375673532486,72.22775,0.33469787,0.28627235
18.819375902414322,72.223755,0.33476526,0.28627235
18.829374223947525,72.25575,0.33483264,0.28749314
18.83937445282936,72.24376,0.33483264,0.2887139
18.849374681711197,72.21575,0.3349,0.2887139
18.859374910593033,72.21975,0.3349,0.2899347
18.86937513947487,72.23975,0.33496737,0.29115546
18.879375368356705,72.19176,0.33496737,0.29237625
18.88937559723854,72.17576,0.33496737,0.293597
18.899375826120377,72.167755,0.33496737,0.2948178
18.90937414765358,72.15975,0.33496737,0.29603857
18.919374376535416,72.155754,0.33503476,0.29603857
18.92937460541725,72.14375,0.33503476,0.29725936
18.939374834299088,72.11975,0.33503476,0.29848012
18.949375063180923,72.09576,0.33503476,0.29970092
18.95937529206276,72.10375,0.33503476,0.30092168
18.969375520944595,72.09576,0.33503476,0.30214247
18.97937574982643,72.06776,0.3351021,0.30214247
18.989374071359634,72.05975,0.3351021,0.30458403
18.99937430024147,72.07575,0.33516946,0.30458403
19.009374529123306,72.04775,0.33516946,0.3058048
19.019374758005142,72.03175,0.33516946,0.30702558
19.029374986886978,72.03575,0.33523685,0.30824634
19.039375215768814,72.043755,0.33523685,0.30824634
19.04937544465065,72.00375,0.33523685,0.30946714
19.059375673532486,71.99176,0.33523685,0.3106879
19.069375902414322,72.00375,0.33523685,0.3119087
19.079374223947525,71.98376,0.33530423,0.31312945
19.08937445282936,71.987755,0.33530423,0.31435025
19.099374681711197,71.96775,0.33530423,0.315571
19.109374910593033,71.959755,0.3353716,0.315571
19.11937513947487,71.96375,0.33543897,0.3167918
19.129375368356705,71.97975,0.33550632,0.3167918
19.13937559723854,71.99176,0.3355737,0.31801257
19.149375826120377,71.97575,0.3356411,0.31801257
19.15937414765358,71.99576,0.33570844,0.31923336
19.169374376535416,72.00375,0.3358432,0.32045412
19.17937460541725,71.99576,0.33591056,0.32045412
19.189374834299088,72.03975,0.3360453,0.32045412
19.199375063180923,72.099754,0.33618006,0.32045412
19.20937529206276,72.11575,0.33644953,0.32045412
19.219375520944595,72.139755,0.336719,0.32045412
19.22937574982643,72.19975,0.33698848,0.31801257
19.239374071359634,72.35575,0.33739272,0.3167918
19.24937430024147,72.45175,0.3379317,0.31435025
19.259374529123306,72.59175,0.33860537,0.3106879
19.269374758005142,72.75975,0.33921173,0.30824634
19.279374986886978,72.90775,0.3399528,0.30336323
19.289375215768814,73.13175,0.34069386,0.29970092
19.29937544465065,73.29975,0.34123284,0.29725936
19.309375673532486,73.379745,0.3415023,0.29603857
19.319375902414322,73.41175,0.3415697,0.29725936
19.329374223947525,73.40375,0.3415697,0.29848012
19.33937445282936,73.391754,0.3415697,0.29970092
19.349374681711197,73.35975,0.3415697,0.30092168
19.359374910593033,73.37575,0.3415697,0.30214247
19.36937513947487,73.37575,0.3415697,0.30336323
19.379375368356705,73.32775,0.3415697,0.30458403
19.38937559723854,73.31575,0.3415697,0.3058048
19.399375826120377,73.31975,0.3415697,0.3058048
19.40937414765358,73.291756,0.3415697,0.30824634
19.419374376535416,73.251755,0.3415697,0.30824634
19.42937460541725,73.25575,0.3415697,0.30946714
19.439374834299088,73.267746,0.3415697,0.3106879
19.449375063180923,73.22375,0.3415697,0.3119087
19.45937529206276,73.20375,0.3415697,0.31312945
19.469375520944595,73.18775,0.3415697,0.31435025
19.47937574982643,73.18775,0.3415697,0.315571
19.489374071359634,73.17575,0.3415697,0.3167918
19.49937430024147,73.16775,0.34163707,0.31801257
19.509374529123306,73.11975,0.34163707,0.31801257
19.519374758005142,73.12375,0.34163707,0.32045412
19.529374986886978,73.13175,0.34163707,0.32045412
19.539375215768814,73.12775,0.34163707,0.3216749
19.54937544465065,73.087746,0.34163707,0.32289568
19.559375673532486,73.06775,0.34163707,0.32411647
19.569375902414322,73.099754,0.34170446,0.32533723
19.579374223947525,73.05975,0.34170446,0.32655802
19.58937445282936,73.05175,0.34170446,0.3277788
19.599374681711197,73.071754,0.34170446,0.32899958
19.609374910593033,73.05575,0.3417718,0.32899958
19.61937513947487,73.043755,0.34190655,0.32899958
19.629375368356705,73.07575,0.34204128,0.33022034
19.63937559723854,73.11575,0.34217605,0.33022034
19.649375826120377,73.17175,0.34237814,0.33022034
19.65937414765358,73.19975,0.3425129,0.33022034
19.669374376535416,73.23175,0.342715,0.33022034
19.67937460541725,73.28375,0.34305188,0.3277788
19.689374834299088,73.407745,0.34352347,0.32655802
19.699375063180923,73.57975,0.34406242,0.32411647
19.70937529206276,73.683754,0.34466875,0.32045412
19.719375520944595,73.81575,0.34520772,0.31801257
19.72937574982643,73.95975,0.34581405,0.315571
19.739374071359634,74.143745,0.34635302,0.3119087
19.74937430024147,74.239746,0.346892,0.3106879
19.759374529123306,74.351746,0.34729624,0.30824634
19.769374758005142,74.43975,0.3473636,0.30946714
19.779374986886978,74.41975,0.3473636,0.3106879
19.789375215768814,74.38374,0.34743094,0.3106879
19.79937544465065,74.37575,0.34743094,0.3119087
19.809375673532486,74.39175,0.34743094,0.31312945
19.819375902414322,74.38374,0.34749833,0.31435025
19.829374223947525,74.36375,0.34749833,0.31435025
19.83937445282936,74.339745,0.34749833,0.315571
19.849374681711197,74.32775,0.34749833,0.3167918
19.859374910593033,74.33175,0.3475657,0.31801257
19.86937513947487,74.33175,0.3475657,0.31923336
19.879375368356705,74.29975,0.3475657,0.32045412
19.88937559723854,74.28775,0.34763306,0.32045412
19.899375826120377,74.323746,0.34770045,0.3216749
19.90937414765358,74.31975,0.34776783,0.3216749
19.919374376535416,74.31574,0.34783518,0.32289568
19.92937460541725,74.311745,0.34790254,0.32411647
19.939374834299088,74.339745,0.34790254,0.32533723
19.949375063180923,74.32775,0.34796992,0.32533723
19.95937529206276,74.31574,0.3481047,0.32533723
19.969375520944595,74.351746,0.34817204,0.32655802
19.97937574982643,74.351746,0.3482394,0.3277788
19.989374071359634,74.367744,0.34837416,0.3277788
19.99937430024147,74.39975,0.3485089,0.3277788
20.009374529123306,74.43175,0.34864363,0.3277788
20.019374758005142,74.43175,0.34871098,0.3277788
20.029374986886978,74.45975,0.3489131,0.3277788
20.039375215768814,74.51175,0.34911522,0.3277788
20.04937544465065,74.53975,0.34931734,0.3277788
20.059375673532486,74.59575,0.3496542,0.32655802
20.069375902414322,74.70774,0.34992367,0.32533723
20.079374223947525,74.743744,0.35026053,0.32411647
20.08937445282936,74.81974,0.35059738,0.32411647
20.099374681711197,74.923744,0.35100162,0.3216749
20.109374910593033,75.04375,0.35140583,0.32045412
20.11937513947487,75.13574,0.35187742,0.31801257
20.129375368356705,75.267746,0.3524164,0.315571
20.13937559723854,75.395744,0.35282063,0.31435025
20.149375826120377,75.463745,0.3530901,0.31435025
20.15937414765358,75.491745,0.3530901,0.31435025
20.169374376535416,75.48775,0.35315746,0.315571
20.17937460541725,75.479744,0.35315746,0.315571
20.189374834299088,75.45975,0.35322484,0.3167918
20.199375063180923,75.451744,0.35322484,0.31801257
20.20937529206276,75.45574,0.35322484,0.31923336
20.219375520944595,75.43974,0.35322484,0.32045412
20.22937574982643,75.41575,0.35322484,0.3216749
20.239374071359634,75.41174,0.35322484,0.32289568
20.24937430024147,75.38774,0.35322484,0.32411647
20.259374529123306,75.379745,0.35329223,0.32533723
20.269374758005142,75.39974,0.35329223,0.32533723
20.279374986886978,75.367744,0.35329223,0.32655802
20.289375215768814,75.351746,0.35335958,0.3277788
20.29937544465065,75.34374,0.35335958,0.32899958
20.309375673532486,75.351746,0.35342693,0.32899958
20.319375902414322,75.351746,0.35349432,0.33022034
20.329374223947525,75.379745,0.3535617,0.33022034
20.33937445282936,75.35574,0.3535617,0.33144113
20.349374681711197,75.34374,0.3535617,0.3326619
20.359374910593033,75.339745,0.35362908,0.3338827
20.36937513947487,75.34775,0.35362908,0.33510345
20.379375368356705,75.33174,0.35362908,0.33632424
20.38937559723854,75.311745,0.35369644,0.33632424
20.399375826120377,75.31974,0.35369644,0.337545
20.40937414765358,75.30775,0.35369644,0.3387658
20.419374376535416,75.295746,0.3537638,0.33998656
20.42937460541725,75.295746,0.3537638,0.34120736
20.439374834299088,75.311745,0.35383117,0.34120736
20.449375063180923,75.32374,0.35389856,0.34242812
20.45937529206276,75.311745,0.35389856,0.3436489
20.469375520944595,75.295746,0.3539659,0.3436489
20.47937574982643,75.28774,0.3540333,0.34486967
20.489374071359634,75.31574,0.35410067,0.34609047
20.49937430024147,75.339745,0.35410067,0.34609047
20.509374529123306,75.31574,0.35423538,0.34731123
20.519374758005142,75.32774,0.35437015,0.34731123
20.529374986886978,75.37174,0.35450488,0.34731123
20.539375215768814,75.41575,0.35463962,0.34731123
20.54937544465065,75.43174,0.35477436,0.34731123
20.559375673532486,75.463745,0.35504383,0.34731123
20.569375902414322,75.56374,0.35544807,0.34486967
20.579374223947525,75.70774,0.35598704,0.34242812
20.58937445282936,75.839745,0.3567281,0.3387658
20.599374681711197,76.05174,0.35760394,0.3338827
20.609374910593033,76.32374,0.35854712,0.32899958
20.61937513947487,76.56774,0.35942295,0.32411647
20.629375368356705,76.75974,0.36009666,0.32045412
20.63937559723854,76.855736,0.3602314,0.32045412
20.649375826120377,76.86374,0.3602314,0.3216749
20.65937414765358,76.85974,0.3602314,0.32289568
20.669374376535416,76.84774,0.3602314,0.32411647
20.67937460541725,76.80774,0.3602314,0.32533723
20.689374834299088,76.77974,0.3602314,0.32533723
20.699375063180923,76.80774,0.3602314,0.3277788
20.70937529206276,76.78774,0.3602314,0.3277788
20.719375520944595,76.73974,0.3602314,0.33022034
20.72937574982643,76.731735,0.3602314,0.33022034
20.739374071359634,76.74774,0.3602314,0.33144113
20.74937430024147,76.71174,0.3602314,0.3326619
20.759374529123306,76.66774,0.3602314,0.3338827
20.769374758005142,76.68374,0.3602314,0.33510345
20.779374986886978,76.691734,0.36036614,0.33510345
20.789375215768814,76.703735,0.3605009,0.33632424
20.79937544465065,76.69574,0.36056826,0.33632424
20.809375673532486,76.715744,0.360703,0.33632424
20.819375902414322,76.76774,0.3609051,0.33632424
20.829374223947525,76.82774,0.3611072,0.33632424
20.83937445282936,76.883736,0.36144406,0.33510345
20.849374681711197,76.94774,0.3618483,0.3338827
20.859374910593033,77.119736,0.362522,0.33022034
20.86937513947487,77.38773,0.36359993,0.32411647
20.879375368356705,77.67973,0.36501473,0.315571
20.88937559723854,78.08774,0.36663163,0.3058048
20.899375826120377,78.495735,0.3677769,0.29848012
20.90937414765358,78.76773,0.36858538,0.293597
20.919374376535416,78.90373,0.3692591,0.2899347
20.92937460541725,79.03573,0.36993277,0.28627235
20.939374834299088,79.28373,0.3708086,0.28138924
20.949375063180923,79.54373,0.37188655,0.27528536
20.95937529206276,79.77973,0.3728971,0.27040225
20.969375520944595,79.93973,0.3733013,0.2679607
20.97937574982643,79.96773,0.3733013,0.26918146
20.989374071359634,79.97573,0.3733013,0.27040225
20.99937430024147,79.99173,0.3733013,0.27162302
21.009374529123306,79.931725,0.3733013,0.2728438
21.019374758005142,79.86372,0.3733013,0.27406457
21.029374986886978,79.87173,0.37336868,0.27406457
21.039375215768814,79.87573,0.37336868,0.27528536
21.04937544465065,79.83573,0.37336868,0.27650613
21.059375673532486,79.81172,0.37336868,0.27772692
21.069375902414322,79.82373,0.37336868,0.27894768
21.079374223947525,79.79573,0.37336868,0.28016847
21.08937445282936,79.735725,0.37336868,0.28138924
21.099374681711197,79.73973,0.37336868,0.28261003
21.109374910593033,79.73973,0.37336868,0.2838308
21.11937513947487,79.71973,0.37336868,0.28505158
21.129375368356705,79.679726,0.37336868,0.28627235
21.13937559723854,79.67173,0.37336868,0.28749314
21.149375826120377,79.663734,0.37336868,0.2887139
21.15937414765358,79.639725,0.37336868,0.2887139
21.169374376535416,79.635735,0.37336868,0.29115546
21.17937460541725,79.61973,0.37336868,0.29115546
21.189374834299088,79.58373,0.37336868,0.29237625
21.199375063180923,79.59173,0.37336868,0.293597
21.20937529206276,79.59173,0.37336868,0.2948178
21.219375520944595,79.53973,0.37336868,0.29603857
21.22937574982643,79.53973,0.37343606,0.29725936
21.239374071359634,79.53973,0.37343606,0.29848012
21.24937430024147,79.53973,0.37343606,0.29970092
21.259374529123306,79.49573,0.37350345,0.29970092
21.269374758005142,79.51573,0.37350345,0.30092168
21.279374986886978,79.50773,0.3735708,0.30214247
21.289375215768814,79.50373,0.3735708,0.30336323
21.29937544465065,79.50773,0.37363818,0.30336323
21.309375673532486,79.48373,0.37363818,0.30458403
21.319375902414322,79.47573,0.37370557,0.3058048
21.329374223947525,79.46773,0.37377292,0.3058048
21.33937445282936,79.52773,0.37384027,0.30702558
21.349374681711197,79.52373,0.37397504,0.30702558
21.359374910593033,79.51573,0.37404242,0.30824634
21.36937513947487,79.51573,0.37410977,0.30824634
21.379375368356705,79.53173,0.37417713,0.30946714
21.38937559723854,79.51972,0.3742445,0.30946714
21.399375826120377,79.57973,0.37437925,0.3106879
21.40937414765358,79.59173,0.374514,0.3106879
21.419374376535416,79.599724,0.3747161,0.3106879
21.42937460541725,79.64373,0.3749856,0.30946714
21.439374834299088,79.74773,0.37538984,0.30824634
21.449375063180923,79.89573,0.3759288,0.30458403
21.45937529206276,80.067726,0.3768046,0.30092168
21.469375520944595,80.32773,0.37781516,0.2948178
21.47937574982643,80.57573,0.37875837,0.2887139
21.489374071359634,80.707726,0.37916258,0.28749314
21.49937430024147,80.779724,0.37916258,0.2887139
21.509374529123306,80.81972,0.37916258,0.2899347
21.519374758005142,80.78773,0.37922996,0.29115546
21.529374986886978,80.735725,0.37922996,0.29115546
21.539375215768814,80.71973,0.37922996,0.29237625
21.54937544465065,80.70372,0.37922996,0.293597
21.559375673532486,80.69972,0.37922996,0.2948178
21.569375902414322,80.707726,0.37922996,0.29603857
21.579374223947525,80.679726,0.37922996,0.29725936
21.58937445282936,80.651726,0.37922996,0.29848012
21.599374681711197,80.62772,0.37929732,0.29848012
21.609374910593033,80.623726,0.37929732,0.30092168
21.61937513947487,80.61973,0.37929732,0.30092168
21.629375368356705,80.61573,0.37929732,0.30214247
21.63937559723854,80.611725,0.37929732,0.30336323
21.649375826120377,80.55972,0.37929732,0.30458403
21.65937414765358,80.52373,0.37929732,0.3058048
21.669374376535416,80.56772,0.37929732,0.30702558
21.67937460541725,80.555725,0.37929732,0.30824634
21.689374834299088,80.52373,0.37929732,0.30946714
21.699375063180923,80.51173,0.3793647,0.3106879
21.70937529206276,80.51173,0.3793647,0.3119087
21.719375520944595,80.47973,0.37943205,0.3119087
21.72937574982643,80.487724,0.37943205,0.31312945
21.739374071359634,80.50372,0.37943205,0.31435025
21.74937430024147,80.51173,0.37949944,0.31435025
21.759374529123306,80.487724,0.37949944,0.315571
21.769374758005142,80.46773,0.37956682,0.3167918
21.779374986886978,80.47973,0.3796342,0.31801257
21.789375215768814,80.487724,0.37970152,0.31801257
21.79937544465065,80.49973,0.3797689,0.31923336
21.809375673532486,80.515724,0.3798363,0.31923336
21.819375902414322,80.49973,0.37990367,0.32045412
21.829374223947525,80.51173,0.3800384,0.32045412
21.83937445282936,80.55972,0.3802405,0.32045412
21.849374681711197,80.60373,0.38044265,0.32045412
21.859374910593033,80.63173,0.3807121,0.31923336
21.86937513947487,80.74773,0.38111633,0.31801257
21.879375368356705,80.89573,0.3817227,0.31435025
21.88937559723854,81.067726,0.38253114,0.3106879
21.899375826120377,81.30373,0.38347432,0.30458403
21.90937414765358,81.57972,0.38448486,0.29848012
21.919374376535416,81.78772,0.3851586,0.2948178
21.92937460541725,81.85572,0.3852933,0.29603857
21.939374834299088,81.87172,0.3852933,0.29603857
21.949375063180923,81.85972,0.3852933,0.29848012
21.95937529206276,81.835724,0.3852933,0.29848012
21.969375520944595,81.83972,0.3852933,0.30092168
21.97937574982643,81.81572,0.3852933,0.30092168
21.989374071359634,81.779724,0.3852933,0.30214247
21.99937430024147,81.78372,0.3852933,0.30336323
22.009374529123306,81.78372,0.3853607,0.30458403
22.019374758005142,81.74372,0.3853607,0.3058048
22.029374986886978,81.72372,0.3853607,0.30702558
22.039375215768814,81.72772,0.3853607,0.30824634
22.04937544465065,81.707726,0.3853607,0.30946714
22.059375673532486,81.667725,0.3853607,0.3106879
22.069375902414322,81.655716,0.3853607,0.3119087
22.079374223947525,81.69173,0.3853607,0.3119087
22.08937445282936,81.651726,0.3853607,0.31435025
22.099374681711197,81.639725,0.38542807,0.31435025
22.109374910593033,81.64772,0.38549542,0.31435025
22.11937513947487,81.63572,0.38549542,0.315571
22.129375368356705,81.63572,0.38549542,0.3167918
22.13937559723854,81.63572,0.38549542,0.31801257
22.149375826120377,81.623726,0.38549542,0.31923336
22.15937414765358,81.595726,0.3855628,0.32045412
22.169374376535416,81.60372,0.3855628,0.3216749
22.17937460541725,81.583725,0.38563016,0.3216749
22.189374834299088,81.60772,0.38569754,0.32289568
22.199375063180923,81.623726,0.3857649,0.32411647
22.20937529206276,81.63172,0.38589966,0.32411647
22.219375520944595,81.623726,0.3860344,0.32411647
22.22937574982643,81.66373,0.38630387,0.32289568
22.239374071359634,81.76772,0.38657334,0.32289568
22.24937430024147,81.85972,0.38697758,0.32045412
22.259374529123306,81.943726,0.3873818,0.31923336
22.269374758005142,82.06372,0.38792077,0.3167918
22.279374986886978,82.20772,0.38845974,0.31435025
22.289375215768814,82.37171,0.3892008,0.3106879
22.29937544465065,82.60772,0.39014402,0.30458403
22.309375673532486,82.851715,0.39101985,0.29970092
22.319375902414322,83.003716,0.39149144,0.29725936
22.329374223947525,83.04772,0.39149144,0.29848012
22.33937445282936,83.05572,0.39149144,0.29970092
22.349374681711197,83.04372,0.39155883,0.30092168
22.359374910593033,83.02772,0.39155883,0.30214247
22.36937513947487,82.99972,0.39155883,0.30336323
22.379375368356705,82.97172,0.39155883,0.30458403
22.38937559723854,82.947716,0.39155883,0.3058048
22.399375826120377,82.947716,0.39155883,0.3058048
22.40937414765358,82.95172,0.39155883,0.30824634
22.419374376535416,82.89972,0.39155883,0.30824634
22.42937460541725,82.891716,0.39155883,0.3106879
22.439374834299088,82.88372,0.39155883,0.3106879
22.449375063180923,82.87571,0.39155883,0.3119087
22.45937529206276,82.847725,0.39155883,0.31312945
22.469375520944595,82.863716,0.39155883,0.31435025
22.47937574982643,82.839714,0.39155883,0.315571
22.489374071359634,82.81972,0.39155883,0.3167918
22.49937430024147,82.779724,0.39155883,0.31801257
22.509374529123306,82.79172,0.39155883,0.31923336
22.519374758005142,82.78772,0.39155883,0.32045412
22.529374986886978,82.76372,0.39155883,0.3216749
22.539375215768814,82.73572,0.39155883,0.32289568
22.54937544465065,82.71972,0.39155883,0.32411647
22.559375673532486,82.70772,0.39155883,0.32533723
22.569375902414322,82.72372,0.39155883,0.32533723
22.579374223947525,82.69171,0.39162615,0.32655802
22.58937445282936,82.683716,0.39162615,0.3277788
22.599374681711197,82.68772,0.39162615,0.32899958
22.609374910593033,82.69972,0.39162615,0.33022034
22.61937513947487,82.64372,0.39162615,0.33144113
22.629375368356705,82.627716,0.39169353,0.33144113
22.63937559723854,82.65172,0.39169353,0.3338827
22.649375826120377,82.67172,0.39176092,0.3338827
22.65937414765358,82.63972,0.3918283,0.33510345
22.669374376535416,82.65972,0.39189565,0.33510345
22.67937460541725,82.66772,0.3920304,0.33632424
22.689374834299088,82.70371,0.39209777,0.33632424
22.699375063180923,82.72772,0.39236727,0.33632424
22.70937529206276,82.79172,0.3927041,0.33510345
22.719375520944595,82.891716,0.39310834,0.3326619
22.72937574982643,83.01572,0.3936473,0.33022034
22.739374071359634,83.199715,0.394321,0.32655802
22.74937430024147,83.35172,0.39506206,0.32289568
22.759374529123306,83.59972,0.39600527,0.31801257
22.769374758005142,83.879715,0.39694846,0.3119087
22.779374986886978,84.087715,0.3978243,0.30702558
22.789375215768814,84.24371,0.39843062,0.30458403
22.79937544465065,84.367714,0.39876747,0.30214247
22.809375673532486,84.48371,0.39910433,0.30214247
22.819375902414322,84.559715,0.39944118,0.30092168
22.829374223947525,84.61172,0.39998016,0.29848012
22.83937445282936,84.74771,0.4005191,0.2948178
22.849374681711197,84.91971,0.40105808,0.293597
22.859374910593033,85.04371,0.40159705,0.29115546
22.86937513947487,85.159706,0.40213603,0.28749314
22.879375368356705,85.27571,0.40267497,0.28505158
22.88937559723854,85.40371,0.40314656,0.28261003
22.899375826120377,85.48771,0.40341607,0.28261003
22.90937414765358,85.51971,0.40348342,0.28261003
22.919374376535416,85.49171,0.40348342,0.2838308
22.92937460541725,85.49171,0.40348342,0.28505158
22.939374834299088,85.51171,0.40348342,0.28627235
22.949375063180923,85.447716,0.40348342,0.28749314
22.95937529206276,85.41971,0.40348342,0.2887139
22.969375520944595,85.41971,0.40355077,0.2887139
22.97937574982643,85.447716,0.40355077,0.29115546
22.989374071359634,85.39171,0.40355077,0.29115546
22.99937430024147,85.343704,0.40355077,0.29237625
23.009374529123306,85.34771,0.40355077,0.293597
23.019374758005142,85.36371,0.40355077,0.2948178
23.029374986886978,85.35171,0.40355077,0.29603857
23.039375215768814,85.30771,0.40355077,0.29725936
23.04937544465065,85.28771,0.40355077,0.29848012
23.059375673532486,85.2637,0.40361816,0.29848012
23.069375902414322,85.28771,0.40361816,0.30092168
23.079374223947525,85.25971,0.40361816,0.30092168
23.08937445282936,85.23171,0.40361816,0.30214247
23.099374681711197,85.24371,0.40361816,0.30336323
23.109374910593033,85.23571,0.40361816,0.30458403
23.11937513947487,85.183716,0.40368554,0.3058048
23.129375368356705,85.17571,0.40368554,0.30702558
23.13937559723854,85.21171,0.40368554,0.30824634
23.149375826120377,85.21171,0.40368554,0.30946714
23.15937414765358,85.16771,0.40375292,0.30946714
23.169374376535416,85.143715,0.40375292,0.3106879
23.17937460541725,85.127716,0.40375292,0.3119087
23.189374834299088,85.13971,0.40375292,0.31312945
23.199375063180923,85.147705,0.40375292,0.31435025
23.20937529206276,85.115715,0.40375292,0.315571
23.219375520944595,85.09971,0.40382028,0.315571
23.22937574982643,85.09971,0.40382028,0.31801257
23.239374071359634,85.09571,0.40382028,0.31801257
23.24937430024147,85.079704,0.40388766,0.31923336
23.259374529123306,85.06371,0.40388766,0.32045412
23.269374758005142,85.06371,0.40388766,0.3216749
23.279374986886978,85.079704,0.403955,0.3216749
23.289375215768814,85.05571,0.403955,0.32289568
23.29937544465065,85.02771,0.403955,0.32411647
23.309375673532486,85.05571,0.4040224,0.32533723
23.319375902414322,85.059715,0.4040224,0.32655802
23.329374223947525,85.04371,0.40408975,0.32655802
23.33937445282936,85.0397,0.40415713,0.3277788
23.349374681711197,85.03171,0.40422451,0.3277788
23.359374910593033,85.0397,0.4042919,0.32899958
23.36937513947487,85.079704,0.40435922,0.33022034
23.379375368356705,85.06371,0.4044266,0.33022034
23.38937559723854,85.059715,0.40456137,0.33022034
23.399375826120377,85.08371,0.4046961,0.33144113
23.40937414765358,85.15171,0.4048982,0.33022034
23.419374376535416,85.22372,0.40530244,0.32899958
23.42937460541725,85.311714,0.40570664,0.3277788
23.439374834299088,85.48371,0.4063804,0.32411647
23.449375063180923,85.703705,0.4072562,0.31923336
23.45937529206276,85.90771,0.4083341,0.31312945
23.469375520944595,86.1957,0.40934467,0.30702558
23.47937574982643,86.49171,0.41028786,0.30092168
23.489374071359634,86.675705,0.41089422,0.29848012
23.49937430024147,86.7917,0.4113658,0.29603857
23.509374529123306,86.8837,0.41177002,0.2948178
23.519374758005142,86.9837,0.412309,0.29237625
23.529374986886978,87.1277,0.41284794,0.2899347
23.539375215768814,87.27971,0.4134543,0.28627235
23.54937544465065,87.4277,0.41406065,0.2838308
23.559375673532486,87.53171,0.4145996,0.28016847
23.569375902414322,87.6517,0.41493645,0.28016847
23.579374223947525,87.7397,0.41513857,0.27894768
23.58937445282936,87.72771,0.4152733,0.28016847
23.599374681711197,87.719696,0.4152733,0.28016847
23.609374910593033,87.719696,0.4152733,0.28261003
23.61937513947487,87.6957,0.4152733,0.28261003
23.629375368356705,87.6517,0.4153407,0.2838308
23.63937559723854,87.647705,0.4153407,0.28505158
23.649375826120377,87.6717,0.4153407,0.28627235
23.65937414765358,87.619705,0.4153407,0.28749314
23.669374376535416,87.6037,0.4153407,0.2887139
23.67937460541725,87.5877,0.41540805,0.2887139
23.689374834299088,87.5557,0.41540805,0.2899347
23.699375063180923,87.5757,0.41540805,0.29115546
23.70937529206276,87.5677,0.41540805,0.29237625
23.719375520944595,87.5357,0.41540805,0.293597
23.72937574982643,87.5117,0.41540805,0.2948178
23.739374071359634,87.5117,0.4154754,0.29603857
23.74937430024147,87.4957,0.4154754,0.29603857
23.759374529123306,87.4797,0.41554278,0.29725936
23.769374758005142,87.4997,0.41554278,0.29848012
23.779374986886978,87.5237,0.41561016,0.29970092
23.789375215768814,87.5117,0.41567755,0.29970092
23.79937544465065,87.4397,0.41567755,0.30092168
23.809375673532486,87.4597,0.41567755,0.30214247
23.819375902414322,87.4717,0.41567755,0.30336323
23.829374223947525,87.4677,0.4157449,0.30458403
23.83937445282936,87.451706,0.4157449,0.30458403
23.849374681711197,87.4397,0.4157449,0.3058048
23.859374910593033,87.423706,0.41581225,0.30702558
23.86937513947487,87.411705,0.41581225,0.30824634
23.879375368356705,87.411705,0.41581225,0.30946714
23.88937559723854,87.3797,0.41587964,0.3106879
23.899375826120377,87.4037,0.41587964,0.3106879
23.90937414765358,87.395706,0.41587964,0.3119087
23.919374376535416,87.383705,0.41594702,0.31312945
23.92937460541725,87.3797,0.41608176,0.31312945
23.939374834299088,87.451706,0.4162165,0.31312945
23.949375063180923,87.4677,0.41628385,0.31435025
23.95937529206276,87.4197,0.41635123,0.31435025
23.969375520944595,87.395706,0.4164186,0.315571
23.97937574982643,87.4477,0.4164186,0.3167918
23.989374071359634,87.451706,0.416486,0.31801257
23.99937430024147,87.4277,0.416486,0.31801257
24.009374529123306,87.411705,0.41655335,0.31923336
24.019374758005142,87.411705,0.41662073,0.32045412
24.029374986886978,87.423706,0.41662073,0.32045412
24.039375215768814,87.4437,0.41668808,0.3216749
24.04937544465065,87.451706,0.41675544,0.3216749
24.059375673532486,87.4157,0.41682282,0.32289568
24.069375902414322,87.455696,0.41682282,0.32411647
24.079374223947525,87.4277,0.4168902,0.32533723
24.08937445282936,87.4077,0.4168902,0.32533723
24.099374681711197,87.4277,0.4169576,0.32655802
24.109374910593033,87.4477,0.4170923,0.32655802
24.11937513947487,87.4877,0.4172944,0.32655802
24.129375368356705,87.5157,0.41763127,0.32533723
24.13937559723854,87.6437,0.4180355,0.32411647
24.149375826120377,87.7757,0.4185071,0.3216749
24.15937414765358,87.8837,0.41911346,0.31923336
24.169374376535416,88.0597,0.41978714,0.315571
24.17937460541725,88.2117,0.4203935,0.3119087
24.189374834299088,88.3397,0.42093244,0.3106879
24.199375063180923,88.4717,0.42133665,0.30824634
24.20937529206276,88.54369,0.42153877,0.30824634
24.219375520944595,88.555695,0.42160615,0.30824634
24.22937574982643,88.57169,0.42167354,0.30946714
24.239374071359634,88.5637,0.4217409,0.30946714
24.24937430024147,88.567696,0.42180824,0.3106879
24.259374529123306,88.551704,0.42187563,0.3106879
24.269374758005142,88.54369,0.42187563,0.3119087
24.279374986886978,88.57169,0.42187563,0.31312945
24.289375215768814,88.5477,0.421943,0.31435025
24.29937544465065,88.5197,0.421943,0.315571
24.309375673532486,88.5357,0.421943,0.3167918
24.319375902414322,88.5197,0.4220104,0.3167918
24.329374223947525,88.4957,0.4220104,0.31801257
24.33937445282936,88.4997,0.4220104,0.31923336
24.349374681711197,88.50369,0.4220104,0.32045412
24.359374910593033,88.4837,0.42207775,0.3216749
24.36937513947487,88.4637,0.42221248,0.3216749
24.379375368356705,88.4637,0.42227986,0.3216749
24.38937559723854,88.51569,0.42234722,0.32289568
24.399375826120377,88.5477,0.4224146,0.32411647
24.40937414765358,88.527695,0.42248198,0.32411647
24.419374376535416,88.5197,0.4226167,0.32411647
24.42937460541725,88.5357,0.42275146,0.32411647
24.439374834299088,88.567696,0.42281884,0.32533723
24.449375063180923,88.6277,0.42295358,0.32533723
24.45937529206276,88.619705,0.4230883,0.32533723
24.469375520944595,88.639694,0.42322305,0.32533723
24.47937574982643,88.6677,0.4233578,0.32655802
24.489374071359634,88.6837,0.4236273,0.32533723
24.49937430024147,88.7517,0.4238294,0.32533723
24.509374529123306,88.8317,0.42409888,0.32411647
24.519374758005142,88.9197,0.42463785,0.3216749
24.529374986886978,89.067696,0.4254463,0.31801257
24.539375215768814,89.291695,0.4263221,0.31312945
24.54937544465065,89.55169,0.42719793,0.30824634
24.559375673532486,89.7597,0.42800638,0.30458403
24.569375902414322,89.903694,0.42847797,0.30092168
24.579374223947525,89.96369,0.42854533,0.30214247
24.58937445282936,89.96369,0.4286127,0.30214247
24.599374681711197,89.955696,0.4286127,0.30336323
24.609374910593033,89.9597,0.4286127,0.30458403
24.61937513947487,89.9277,0.4286127,0.3058048
24.629375368356705,89.88369,0.4286127,0.30702558
24.63937559723854,89.8997,0.4286801,0.30824634
24.649375826120377,89.875694,0.4286801,0.30946714
24.65937414765358,89.86769,0.4286801,0.3106879
24.669374376535416,89.8997,0.4286801,0.3119087
24.67937460541725,89.85569,0.4286801,0.3119087
24.689374834299088,89.82369,0.4286801,0.31435025
24.699375063180923,89.8117,0.4286801,0.31435025
24.70937529206276,89.8117,0.42874745,0.315571
24.719375520944595,89.8117,0.42874745,0.3167918
24.72937574982643,89.7837,0.42881483,0.31801257
24.739374071359634,89.763695,0.42881483,0.31801257
24.74937430024147,89.7837,0.42881483,0.32045412
24.759374529123306,89.763695,0.4288822,0.32045412
24.769374758005142,89.76769,0.4288822,0.3216749
24.779374986886978,89.75569,0.4288822,0.32289568
24.789375215768814,89.73969,0.42894956,0.32289568
24.79937544465065,89.73969,0.42894956,0.32411647
24.809375673532486,89.75169,0.42901692,0.32533723
24.819375902414322,89.747696,0.42921904,0.32533723
24.829374223947525,89.763695,0.4293538,0.32533723
24.83937445282936,89.83569,0.4295559,0.32533723
24.849374681711197,89.8917,0.42989275,0.32411647
24.859374910593033,89.95169,0.43029696,0.3216749
24.86937513947487,90.10769,0.4309707,0.31923336
24.879375368356705,90.3437,0.43191388,0.31312945
24.88937559723854,90.59169,0.4329918,0.30702558
24.899375826120377,90.90369,0.43427184,0.29970092
24.90937414765358,91.26369,0.4355519,0.29115546
24.919374376535416,91.58369,0.43656248,0.28627235
24.92937460541725,91.75969,0.43730354,0.28261003
24.939374834299088,91.919685,0.43797722,0.27894768
24.949375063180923,92.12368,0.43865097,0.27528536
24.95937529206276,92.25968,0.4392573,0.2728438
24.969375520944595,92.42368,0.439931,0.2679607
24.97937574982643,92.60768,0.44080684,0.2630776
24.989374071359634,92.78768,0.44148052,0.25941524
24.99937430024147,92.88769,0.44168264,0.25941524
25.009374529123306,92.89968,0.44168264,0.26063603
25.019374758005142,92.87168,0.44168264,0.2618568
25.029374986886978,92.84368,0.44168264,0.2630776
25.039375215768814,92.823685,0.44168264,0.26429835
25.04937544465065,92.81969,0.44168264,0.26551914
25.059375673532486,92.779686,0.44168264,0.2667399
25.069375902414322,92.74369,0.44168264,0.2679607
25.079374223947525,92.755684,0.44168264,0.26918146
25.08937445282936,92.70768,0.44168264,0.27040225
25.099374681711197,92.70369,0.44175,0.27040225
25.109374910593033,92.67969,0.44175,0.27162302
25.11937513947487,92.67569,0.44175,0.2728438
25.129375368356705,92.64768,0.44175,0.27406457
25.13937559723854,92.63569,0.44175,0.27528536
25.149375826120377,92.60768,0.44175,0.27650613
25.15937414765358,92.58768,0.44175,0.27772692
25.169374376535416,92.57968,0.44175,0.27894768
25.17937460541725,92.57568,0.44175,0.28016847
25.189374834299088,92.531685,0.44175,0.28016847
25.199375063180923,92.50768,0.44175,0.28261003
25.20937529206276,92.50768,0.44175,0.28261003
25.219375520944595,92.50768,0.44175,0.28505158
25.22937574982643,92.487686,0.44181737,0.28505158
25.239374071359634,92.487686,0.44181737,0.28627235
25.24937430024147,92.463684,0.44181737,0.28749314
25.259374529123306,92.42368,0.44181737,0.2887139
25.269374758005142,92.42769,0.44181737,0.2899347
25.279374986886978,92.42769,0.44188476,0.29115546
25.289375215768814,92.42368,0.44188476,0.29115546
25.29937544465065,92.407684,0.4419521,0.29237625
25.309375673532486,92.41568,0.4420195,0.29237625
25.319375902414322,92.39969,0.4420195,0.2948178
25.329374223947525,92.39969,0.44208688,0.2948178
25.33937445282936,92.41169,0.44215423,0.29603857
25.349374681711197,92.419685,0.44222158,0.29603857
25.359374910593033,92.41568,0.44228896,0.29603857
25.36937513947487,92.407684,0.44235635,0.29725936
25.379375368356705,92.435684,0.44242373,0.29848012
25.38937559723854,92.45969,0.44262582,0.29848012
25.399375826120377,92.47969,0.44282794,0.29725936
25.40937414765358,92.54768,0.4430974,0.29725936
25.419374376535416,92.60768,0.44343427,0.29603857
25.42937460541725,92.69568,0.44390586,0.293597
25.439374834299088,92.851685,0.44444484,0.29115546
25.449375063180923,93.00768,0.4450512,0.2887139
25.45937529206276,93.15168,0.44585964,0.2838308
25.469375520944595,93.363686,0.44673544,0.27894768
25.47937574982643,93.60769,0.4475439,0.27406457
25.489374071359634,93.727684,0.44788074,0.2728438
25.49937430024147,93.76368,0.44788074,0.27406457
25.509374529123306,93.771675,0.44788074,0.27528536
25.519374758005142,93.771675,0.44788074,0.27650613
25.529374986886978,93.71968,0.44788074,0.27772692
25.539375215768814,93.683685,0.44788074,0.27894768
25.54937544465065,93.671684,0.44794813,0.27894768
25.559375673532486,93.67968,0.44794813,0.28016847
25.569375902414322,93.66368,0.44794813,0.28138924
25.579374223947525,93.63968,0.44794813,0.28261003
25.58937445282936,93.61168,0.44794813,0.2838308
25.599374681711197,93.59168,0.44794813,0.28505158
25.609374910593033,93.59968,0.44794813,0.28627235
25.61937513947487,93.55569,0.44794813,0.28749314
25.629375368356705,93.53568,0.44794813,0.2887139
25.63937559723854,93.56368,0.44794813,0.2899347
25.649375826120377,93.54768,0.44794813,0.29115546
25.65937414765358,93.47968,0.44794813,0.29237625
25.669374376535416,93.47968,0.44794813,0.293597
25.67937460541725,93.50368,0.44794813,0.2948178
25.689374834299088,93.50368,0.44794813,0.29603857
25.699375063180923,93.43169,0.4480155,0.29603857
25.70937529206276,93.407684,0.4480155,0.29725936
25.719375520944595,93.43169,0.4480155,0.29848012
25.72937574982643,93.44368,0.4480155,0.29970092
25.739374071359634,93.43169,0.4480155,0.30092168
25.74937430024147,93.39968,0.4480155,0.30214247
25.759374529123306,93.36768,0.4480155,0.30336323
25.769374758005142,93.36768,0.4480155,0.30458403
25.779374986886978,93.35968,0.4480155,0.3058048
25.789375215768814,93.32768,0.4480155,0.30702558
25.79937544465065,93.33968,0.44808286,0.30702558
25.809375673532486,93.351685,0.44808286,0.30824634
25.819375902414322,93.323685,0.44808286,0.30946714
25.829374223947525,93.25968,0.44808286,0.3106879
25.83937445282936,93.27569,0.44808286,0.3119087
25.849374681711197,93.30768,0.44815022,0.31312945
25.859374910593033,93.295685,0.44815022,0.31435025
25.86937513947487,93.255684,0.4482176,0.31435025
25.879375368356705,93.27968,0.44828498,0.315571
25.88937559723854,93.31168,0.44835234,0.315571
25.899375826120377,93.30768,0.44841972,0.3167918
25.90937414765358,93.30369,0.4484871,0.31801257
25.919374376535416,93.30768,0.4486218,0.31801257
25.92937460541725,93.34368,0.44875658,0.31801257
25.939374834299088,93.379684,0.4488913,0.31801257
25.949375063180923,93.40368,0.44916078,0.31801257
25.95937529206276,93.447685,0.44949764,0.315571
25.969375520944595,93.60368,0.44996923,0.31435025
25.97937574982643,93.76368,0.4505082,0.3119087
25.989374071359634,93.86368,0.45104718,0.30824634
25.99937430024147,93.98768,0.4517209,0.3058048
26.009374529123306,94.21967,0.45246196,0.30092168
26.019374758005142,94.43968,0.4532704,0.29725936
26.029374986886978,94.54368,0.4536746,0.2948178
26.039375215768814,94.58368,0.45380938,0.29603857
26.04937544465065,94.61168,0.45380938,0.29603857
26.059375673532486,94.60767,0.45387673,0.29725936
26.069375902414322,94.58768,0.45387673,0.29848012
26.079374223947525,94.57168,0.45387673,0.29970092
26.08937445282936,94.56368,0.45387673,0.30092168
26.099374681711197,94.54768,0.45394412,0.30214247
26.109374910593033,94.52768,0.45394412,0.30214247
26.11937513947487,94.51167,0.45394412,0.30336323
26.129375368356705,94.49568,0.4540115,0.30458403
26.13937559723854,94.53568,0.4540115,0.3058048
26.149375826120377,94.51968,0.4540115,0.30702558
26.15937414765358,94.45968,0.45407885,0.30702558
26.169374376535416,94.44768,0.45407885,0.30824634
26.17937460541725,94.48768,0.45407885,0.30946714
26.189374834299088,94.47968,0.45407885,0.3106879
26.199375063180923,94.43568,0.4541462,0.3119087
26.20937529206276,94.44768,0.4542136,0.3119087
26.219375520944595,94.46368,0.4542136,0.31312945
26.22937574982643,94.423676,0.45428097,0.31435025
26.239374071359634,94.44368,0.45434836,0.31435025
26.24937430024147,94.44368,0.4544157,0.315571
26.259374529123306,94.44768,0.4544157,0.3167918
26.269374758005142,94.43568,0.45448306,0.31801257
26.279374986886978,94.451675,0.45455045,0.31801257
26.289375215768814,94.43167,0.45461783,0.31923336
26.29937544465065,94.45568,0.45468518,0.31923336
26.309375673532486,94.48368,0.45481995,0.31923336
26.319375902414322,94.50768,0.45495465,0.32045412
26.329374223947525,94.50368,0.45508942,0.32045412
26.33937445282936,94.54368,0.45529154,0.32045412
26.349374681711197,94.615685,0.45549363,0.32045412
26.359374910593033,94.65168,0.4557631,0.31923336
26.36937513947487,94.703674,0.4561,0.31801257
26.379375368356705,94.811676,0.45657158,0.315571
26.38937559723854,94.967674,0.45711052,0.31312945
26.399375826120377,95.11167,0.45778427,0.30946714
26.40937414765358,95.271675,0.45845795,0.3058048
26.419374376535416,95.41968,0.45899692,0.30336323
26.42937460541725,95.54767,0.4595359,0.30092168
26.439374834299088,95.647675,0.45987275,0.29970092
26.449375063180923,95.69968,0.46000746,0.29970092
26.45937529206276,95.687675,0.46000746,0.30092168
26.469375520944595,95.69168,0.46000746,0.30214247
26.47937574982643,95.687675,0.46000746,0.30336323
26.489374071359634,95.66767,0.46000746,0.30458403
26.49937430024147,95.64368,0.46000746,0.3058048
26.509374529123306,95.63967,0.46000746,0.30702558
26.519374758005142,95.62368,0.46000746,0.30824634
26.529374986886978,95.591675,0.46000746,0.30946714
26.539375215768814,95.59568,0.46000746,0.3106879
26.54937544465065,95.58767,0.46000746,0.3119087
26.559375673532486,95.55967,0.46000746,0.3119087
26.569375902414322,95.52768,0.46000746,0.31435025
26.579374223947525,95.54767,0.46007484,0.31435025
26.58937445282936,95.523674,0.46007484,0.315571
26.599374681711197,95.523674,0.46014223,0.315571
26.609374910593033,95.50767,0.46014223,0.31801257
26.61937513947487,95.51568,0.46014223,0.31801257
26.629375368356705,95.47568,0.46014223,0.32045412
26.63937559723854,95.467674,0.46014223,0.32045412
26.649375826120377,95.49967,0.4602096,0.3216749
26.65937414765358,95.48768,0.4602096,0.32289568
26.669374376535416,95.44768,0.4602096,0.32411647
26.67937460541725,95.43968,0.4602096,0.32533723
26.689374834299088,95.44768,0.4602096,0.32655802
26.699375063180923,95.42767,0.4602096,0.3277788
26.70937529206276,95.42767,0.46027696,0.3277788
26.719375520944595,95.39968,0.46027696,0.32899958
26.72937574982643,95.38767,0.46027696,0.33022034
26.739374071359634,95.39968,0.46027696,0.33144113
26.74937430024147,95.39968,0.46034434,0.33144113
26.759374529123306,95.37567,0.46041173,0.3326619
26.769374758005142,95.37567,0.46041173,0.3338827
26.779374986886978,95.40367,0.46047908,0.33510345
26.789375215768814,95.40367,0.46054643,0.33510345
26.79937544465065,95.37567,0.46061382,0.33632424
26.809375673532486,95.423676,0.46081594,0.33632424
26.819375902414322,95.48768,0.46101803,0.33632424
26.829374223947525,95.49967,0.4612875,0.33510345
26.83937445282936,95.563675,0.461557,0.3338827
26.849374681711197,95.63967,0.46182647,0.3338827
26.859374910593033,95.73167,0.4622981,0.33144113
26.86937513947487,95.883675,0.46283707,0.32899958
26.879375368356705,96.01167,0.46351075,0.32533723
26.88937559723854,96.17167,0.46404973,0.32289568
26.899375826120377,96.303665,0.4645887,0.32045412
26.90937414765358,96.44768,0.46519503,0.3167918
26.919374376535416,96.623665,0.46593612,0.31312945
26.92937460541725,96.77167,0.46654245,0.3106879
26.939374834299088,96.91967,0.46701404,0.30824634
26.949375063180923,97.01167,0.4673509,0.30702558
26.95937529206276,97.06767,0.46768773,0.3058048
26.969375520944595,97.12367,0.46809196,0.30458403
26.97937574982643,97.27167,0.46856356,0.30214247
26.989374071359634,97.41567,0.4691699,0.29848012
26.99937430024147,97.54367,0.4698436,0.29603857
27.009374529123306,97.69566,0.47038257,0.29237625
27.019374758005142,97.859665,0.47098893,0.2899347
27.029374986886978,97.99967,0.47159526,0.28627235
27.039375215768814,98.14766,0.47213423,0.2838308
27.04937544465065,98.247665,0.47253844,0.28261003
27.059375673532486,98.29167,0.47274053,0.28261003
27.069375902414322,98.31567,0.4728079,0.28261003
27.079374223947525,98.303665,0.47294265,0.2838308
27.08937445282936,98.29967,0.47294265,0.2838308
27.099374681711197,98.27966,0.47294265,0.28505158
27.109374910593033,98.29566,0.47301003,0.28627235
27.11937513947487,98.275665,0.47301003,0.28749314
27.129375368356705,98.23966,0.47301003,0.2887139
27.13937559723854,98.21566,0.47301003,0.2899347
27.149375826120377,98.21566,0.47301003,0.29115546
27.15937414765358,98.19567,0.47301003,0.29237625
27.169374376535416,98.18367,0.47307742,0.29237625
27.17937460541725,98.179665,0.47307742,0.293597
27.189374834299088,98.16766,0.47307742,0.2948178
27.199375063180923,98.151665,0.4731448,0.29603857
27.20937529206276,98.135666,0.4731448,0.29603857
27.219375520944595,98.13167,0.4731448,0.29848012
27.22937574982643,98.083664,0.4731448,0.29848012
27.239374071359634,98.07967,0.4731448,0.30092168
27.24937430024147,98.07967,0.4731448,0.30092168
27.259374529123306,98.067665,0.47321212,0.30214247
27.269374758005142,98.05167,0.47321212,0.30336323
27.279374986886978,98.05967,0.47321212,0.30458403
27.289375215768814,98.04366,0.47321212,0.3058048
27.29937544465065,98.01967,0.47321212,0.3058048
27.309375673532486,98.01566,0.47321212,0.30824634
27.319375902414322,98.00767,0.47321212,0.30824634
27.329374223947525,97.99166,0.4732795,0.30946714
27.33937445282936,97.98766,0.4733469,0.3106879
27.349374681711197,98.00366,0.47341427,0.3119087
27.359374910593033,97.96366,0.47341427,0.3119087
27.36937513947487,97.97167,0.47348163,0.31312945
27.379375368356705,98.00366,0.473549,0.31312945
27.38937559723854,98.01167,0.47361636,0.31435025
27.399375826120377,98.00767,0.4737511,0.31435025
27.40937414765358,98.027664,0.47395325,0.31435025
27.419374376535416,98.09167,0.47415534,0.31435025
27.42937460541725,98.151665,0.47442484,0.31312945
27.439374834299088,98.23167,0.47482905,0.3119087
27.449375063180923,98.343666,0.475368,0.30946714
27.45937529206276,98.49166,0.47604173,0.3058048
27.469375520944595,98.65166,0.47664806,0.30214247
27.47937574982643,98.79966,0.47732177,0.29848012
27.489374071359634,98.97967,0.47799546,0.2948178
27.49937430024147,99.17166,0.4786692,0.29237625
27.509374529123306,99.33166,0.47920814,0.2899347
27.519374758005142,99.37566,0.47941026,0.2887139
27.529374986886978,99.359665,0.47941026,0.2899347
27.539375215768814,99.36366,0.47941026,0.29115546
27.54937544465065,99.41166,0.47947764,0.29237625
27.559375673532486,99.37967,0.47947764,0.293597
27.569375902414322,99.31167,0.47947764,0.2948178
27.579374223947525,99.29967,0.47947764,0.29603857
27.58937445282936,99.31566,0.47947764,0.29603857
27.599374681711197,99.29967,0.47947764,0.29848012
27.609374910593033,99.27966,0.47947764,0.29848012
27.61937513947487,99.23966,0.47947764,0.30092168
27.629375368356705,99.223656,0.47947764,0.30092168
27.63937559723854,99.223656,0.47947764,0.30214247
27.649375826120377,99.18366,0.47947764,0.30336323
27.65937414765358,99.16766,0.47947764,0.30458403
27.669374376535416,99.17567,0.47947764,0.3058048
27.67937460541725,99.19966,0.47947764,0.30702558
27.689374834299088,99.151665,0.47947764,0.30824634
27.699375063180923,99.10366,0.47947764,0.30946714
27.70937529206276,99.123665,0.47947764,0.3106879
27.719375520944595,99.135666,0.47947764,0.3119087
27.72937574982643,99.067665,0.47947764,0.31312945
27.739374071359634,99.04767,0.47947764,0.31435025
27.74937430024147,99.07966,0.47947764,0.315571
27.759374529123306,99.083664,0.47947764,0.315571
27.769374758005142,99.027664,0.47947764,0.31801257
27.779374986886978,98.999664,0.47947764,0.31801257
27.789375215768814,99.01967,0.47947764,0.32045412
27.79937544465065,99.01566,0.47947764,0.32045412
27.809375673532486,99.00767,0.47947764,0.3216749
27.819375902414322,98.96767,0.47947764,0.32289568
27.829374223947525,98.94766,0.47947764,0.32411647
27.83937445282936,98.96366,0.47947764,0.32533723
27.849374681711197,98.95566,0.47947764,0.32655802
27.859374910593033,98.92366,0.47947764,0.3277788
27.86937513947487,98.887665,0.47947764,0.32899958
27.879375368356705,98.92366,0.47947764,0.33022034
27.88937559723854,98.92366,0.479545,0.33022034
27.899375826120377,98.887665,0.47961235,0.33144113
27.90937414765358,98.88367,0.47967973,0.33144113
27.919374376535416,98.91966,0.47974712,0.3326619
27.92937460541725,98.903656,0.4798145,0.3338827
27.939374834299088,98.91966,0.4800166,0.3338827
27.949375063180923,98.97967,0.4802187,0.3326619
27.95937529206276,99.055664,0.48055556,0.33144113
27.969375520944595,99.12767,0.48095977,0.33022034
27.97937574982643,99.19966,0.48149875,0.3277788
27.989374071359634,99.39166,0.48217246,0.32411647
27.99937430024147,99.56367,0.48284617,0.3216749
28.009374529123306,99.763664,0.4834525,0.31801257
28.019374758005142,99.93566,0.4841262,0.31435025
28.029374986886978,100.043655,0.48473254,0.3106879
28.039375215768814,100.17567,0.48520413,0.30824634
28.04937544465065,100.26366,0.48540625,0.30824634
28.059375673532486,100.28766,0.48540625,0.30946714
28.069375902414322,100.27966,0.48547363,0.3106879
28.079374223947525,100.26366,0.48547363,0.3119087
28.08937445282936,100.26766,0.485541,0.3119087
28.099374681711197,100.20766,0.485541,0.31312945
28.109374910593033,100.21166,0.485541,0.31435025
28.11937513947487,100.23166,0.48560837,0.315571
28.129375368356705,100.23166,0.48567572,0.315571
28.13937559723854,100.23166,0.4858105,0.315571
28.149375826120377,100.223656,0.4859452,0.3167918
28.15937414765358,100.24766,0.48601258,0.3167918
28.169374376535416,100.24365,0.48607996,0.31801257
28.17937460541725,100.26366,0.48607996,0.31923336
28.189374834299088,100.27165,0.48607996,0.32045412
28.199375063180923,100.23966,0.48614734,0.32045412
28.20937529206276,100.23566,0.48628208,0.3216749
28.219375520944595,100.27566,0.48641682,0.3216749
28.22937574982643,100.28766,0.48648417,0.3216749
28.239374071359634,100.28365,0.48661894,0.3216749
28.24937430024147,100.34366,0.48675367,0.3216749
28.259374529123306,100.359665,0.4869558,0.3216749
28.269374758005142,100.403656,0.48722526,0.3216749
28.279374986886978,100.45565,0.48749477,0.32045412
28.289375215768814,100.57966,0.48789898,0.31923336
28.29937544465065,100.643654,0.48830324,0.31801257
28.309375673532486,100.71966,0.48864007,0.315571
28.319375902414322,100.81966,0.48897693,0.315571
28.329374223947525,100.89166,0.48938116,0.31312945
28.33937445282936,100.98366,0.4898528,0.3119087
28.349374681711197,101.14366,0.49045905,0.30824634
28.359374910593033,101.29165,0.49099806,0.3058048
28.36937513947487,101.335655,0.4912675,0.3058048
28.379375368356705,101.37165,0.4912675,0.3058048
28.38937559723854,101.38365,0.49133492,0.30702558
28.399375826120377,101.375656,0.49140227,0.30824634
28.40937414765358,101.351654,0.49146968,0.30824634
28.419374376535416,101.37165,0.49146968,0.30946714
28.42937460541725,101.35566,0.49146968,0.3106879
28.439374834299088,101.33165,0.491537,0.3106879
28.449375063180923,101.32766,0.491537,0.3119087
28.45937529206276,101.31566,0.491537,0.31312945
28.469375520944595,101.28365,0.491537,0.31435025
28.47937574982643,101.279655,0.49160442,0.315571
28.489374071359634,101.295654,0.49160442,0.3167918
28.49937430024147,101.267654,0.49167177,0.3167918
28.509374529123306,101.27165,0.49167177,0.31801257
28.519374758005142,101.28766,0.49167177,0.31923336
28.529374986886978,101.27165,0.49167177,0.32045412
28.539375215768814,101.24766,0.49173912,0.3216749
28.54937544465065,101.24766,0.4918065,0.3216749
28.559375673532486,101.27165,0.4918065,0.32289568
28.569375902414322,101.239655,0.49187386,0.32411647
28.579374223947525,101.22765,0.49187386,0.32533723
28.58937445282936,101.22765,0.49187386,0.32655802
28.599374681711197,101.21966,0.49194127,0.32655802
28.609374910593033,101.195656,0.49200863,0.3277788
28.61937513947487,101.22765,0.492076,0.3277788
28.629375368356705,101.24365,0.49214336,0.32899958
28.63937559723854,101.25966,0.4922781,0.32899958
28.649375826120377,101.28766,0.49234545,0.33022034
28.65937414765358,101.28365,0.49248022,0.33022034
28.669374376535416,101.267654,0.49254757,0.33022034
28.67937460541725,101.28766,0.4926823,0.33144113
28.689374834299088,101.37165,0.49288446,0.33022034
28.699375063180923,101.39566,0.4931539,0.33022034
28.70937529206276,101.431656,0.4934234,0.32899958
28.719375520944595,101.531654,0.493895,0.3277788
28.72937574982643,101.67565,0.49450135,0.32411647
28.739374071359634,101.81565,0.49517506,0.32045412
28.74937430024147,102.003654,0.49584875,0.3167918
28.759374529123306,102.21965,0.49652246,0.31435025
28.769374758005142,102.367645,0.49719614,0.3106879
28.779374986886978,102.45965,0.49766773,0.30824634
28.789375215768814,102.53965,0.4978025,0.30824634
28.79937544465065,102.56765,0.4978025,0.30946714
28.809375673532486,102.55164,0.49786988,0.3106879
28.819375902414322,102.56365,0.49786988,0.3106879
28.829374223947525,102.51965,0.49786988,0.3119087
28.83937445282936,102.48765,0.49786988,0.31312945
28.849374681711197,102.48765,0.49786988,0.31435025
28.859374910593033,102.49565,0.49786988,0.315571
28.86937513947487,102.431656,0.49786988,0.3167918
28.879375368356705,102.41165,0.49793723,0.31801257
28.88937559723854,102.44765,0.49793723,0.31923336
28.899375826120377,102.435646,0.49793723,0.32045412
28.90937414765358,102.391655,0.49800465,0.32045412
28.919374376535416,102.41165,0.49800465,0.3216749
28.92937460541725,102.41965,0.49800465,0.32289568
28.939374834299088,102.375656,0.498072,0.32411647
28.949375063180923,102.38365,0.49813932,0.32411647
28.95937529206276,102.391655,0.49820673,0.32533723
28.969375520944595,102.39965,0.4983415,0.32533723
28.97937574982643,102.391655,0.4983415,0.32655802
28.989374071359634,102.41566,0.49840882,0.32655802
28.99937430024147,102.431656,0.49861094,0.32655802
29.009374529123306,102.49165,0.49888045,0.32655802
29.019374758005142,102.54765,0.49908254,0.32533723
29.029374986886978,102.599655,0.4994194,0.32533723
29.039375215768814,102.66365,0.49982363,0.32289568
29.04937544465065,102.81565,0.50043,0.32045412
29.059375673532486,103.03965,0.5013732,0.31435025
29.069375902414322,103.26365,0.5025858,0.30824634
29.079374223947525,103.63964,0.50406796,0.29848012
29.08937445282936,104.00365,0.5052807,0.29115546
29.099374681711197,104.21164,0.50602174,0.28749314
29.109374910593033,104.36365,0.50662804,0.2838308
29.11937513947487,104.51165,0.50716704,0.28138924
29.129375368356705,104.64764,0.507706,0.27894768
29.13937559723854,104.78364,0.50831234,0.27650613
29.149375826120377,104.92764,0.50905347,0.27162302
29.15937414765358,105.16364,0.5099966,0.2667399
29.169374376535416,105.34364,0.51067036,0.2630776
29.17937460541725,105.41564,0.510805,0.2630776
29.189374834299088,105.42764,0.510805,0.26429835
29.199375063180923,105.37964,0.510805,0.26551914
29.20937529206276,105.36764,0.510805,0.2667399
29.219375520944595,105.35164,0.510805,0.2679607
29.22937574982643,105.31964,0.510805,0.26918146
29.239374071359634,105.287636,0.510805,0.27040225
29.24937430024147,105.27964,0.510805,0.27162302
29.259374529123306,105.259636,0.510805,0.2728438
29.269374758005142,105.23564,0.510805,0.27406457
29.279374986886978,105.21164,0.510805,0.27528536
29.289375215768814,105.21164,0.510805,0.27650613
29.29937544465065,105.19564,0.510805,0.27650613
29.309375673532486,105.147644,0.510805,0.27894768
29.319375902414322,105.13964,0.510805,0.27894768
29.329374223947525,105.11564,0.510805,0.28016847
29.33937445282936,105.09964,0.510805,0.28138924
29.349374681711197,105.08365,0.510805,0.28261003
29.359374910593033,105.063644,0.510805,0.2838308
29.36937513947487,105.05964,0.510805,0.28505158
29.379375368356705,105.03964,0.510805,0.28627235
29.38937559723854,105.01964,0.510805,0.28749314
29.399375826120377,104.99564,0.510805,0.2887139
29.40937414765358,104.99964,0.510805,0.2899347
29.419374376535416,104.991646,0.510805,0.29115546
29.42937460541725,104.963646,0.510805,0.29237625
29.439374834299088,104.911644,0.510805,0.293597
29.449375063180923,104.93164,0.510805,0.2948178
29.45937529206276,104.92764,0.510805,0.29603857
29.469375520944595,104.911644,0.510805,0.29603857
29.47937574982643,104.855644,0.510805,0.29848012
29.489374071359634,104.867645,0.510805,0.29848012
29.49937430024147,104.85965,0.510805,0.30092168
29.509374529123306,104.80764,0.510805,0.30092168
29.519374758005142,104.799644,0.510805,0.30214247
29.529374986886978,104.811646,0.510805,0.30336323
29.539375215768814,104.80764,0.510805,0.30458403
29.54937544465065,104.78364,0.510805,0.3058048
29.559375673532486,104.75165,0.510805,0.30702558
29.569375902414322,104.73164,0.510805,0.30824634
29.579374223947525,104.743645,0.510805,0.30946714
29.58937445282936,104.74764,0.510805,0.3106879
29.599374681711197,104.71564,0.510805,0.3119087
29.609374910593033,104.67964,0.510805,0.31312945
29.61937513947487,104.68365,0.510805,0.31435025
29.629375368356705,104.67964,0.510805,0.315571
29.63937559723854,104.64365,0.510805,0.315571
29.649375826120377,104.63964,0.510805,0.31801257
29.65937414765358,104.63964,0.510805,0.31801257
29.669374376535416,104.607635,0.510805,0.32045412
29.67937460541725,104.55965,0.510805,0.32045412
29.689374834299088,104.575645,0.510805,0.3216749
29.699375063180923,104.603645,0.510805,0.32289568
29.70937529206276,104.56765,0.510805,0.32411647
29.719375520944595,104.52765,0.510805,0.32533723
29.72937574982643,104.51564,0.510805,0.32655802
29.739374071359634,104.53164,0.510805,0.3277788
29.74937430024147,104.53164,0.510805,0.32899958
29.759374529123306,104.51165,0.510805,0.33022034
29.769374758005142,104.479645,0.510805,0.33144113
29.779374986886978,104.48364,0.510805,0.3326619
29.789375215768814,104.479645,0.510805,0.3338827
29.79937544465065,104.46764,0.510805,0.33510345
29.809375673532486,104.42364,0.510805,0.33632424
29.819375902414322,104.439644,0.510805,0.337545
29.829374223947525,104.43165,0.510805,0.337545
29.83937445282936,104.383644,0.510805,0.33998656
29.849374681711197,104.35964,0.510805,0.33998656
29.859374910593033,104.39564,0.510805,0.34120736
29.86937513947487,104.37965,0.510805,0.34242812
29.879375368356705,104.33164,0.510805,0.3436489
29.88937559723854,104.32765,0.5108724,0.34486967
29.899375826120377,104.339645,0.5108724,0.34609047
29.90937414765358,104.367645,0.5109398,0.34609047
29.919374376535416,104.35165,0.5109398,0.34731123
29.92937460541725,104.33164,0.5110072,0.34853202
29.939374834299088,104.339645,0.51114196,0.34853202
29.949375063180923,104.39165,0.5112766,0.34853202
29.95937529206276,104.42364,0.5114788,0.34853202
29.969375520944595,104.439644,0.5116809,0.34853202
29.97937574982643,104.519646,0.5120851,0.34609047
29.989374071359634,104.69565,0.51275885,0.3436489
29.99937430024147,104.883644,0.51356727,0.3387658
30.009374529123306,105.091644,0.5147126,0.3326619
30.019374758005142,105.46364,0.51612735,0.32289568
30.029374986886978,105.867645,0.5174748,0.315571
30.039375215768814,106.11564,0.5181484,0.3119087
30.04937544465065,106.20764,0.5185527,0.3106879
30.059375673532486,106.27564,0.51888955,0.30946714
30.069375902414322,106.34364,0.5191591,0.30824634
30.079374223947525,106.40764,0.5194959,0.30702558
30.08937445282936,106.51564,0.5199001,0.3058048
30.099374681711197,106.62364,0.5203717,0.30336323
30.109374910593033,106.71564,0.5209107,0.30092168
30.11937513947487,106.87963,0.5215844,0.29725936
30.129375368356705,107.039635,0.52219075,0.2948178
30.13937559723854,107.08764,0.52246016,0.293597
30.149375826120377,107.13964,0.52246016,0.2948178
30.15937414765358,107.151634,0.52246016,0.29603857
30.169374376535416,107.14363,0.52246016,0.29603857
30.17937460541725,107.051636,0.52246016,0.29848012
30.189374834299088,107.04764,0.52246016,0.29848012
30.199375063180923,107.06363,0.52246016,0.30092168
30.20937529206276,107.06363,0.52246016,0.30092168
30.219375520944595,107.03563,0.52246016,0.30214247
30.22937574982643,107.00764,0.52246016,0.30336323
30.239374071359634,106.983635,0.52246016,0.30458403
30.24937430024147,106.94763,0.5225276,0.3058048
30.259374529123306,106.96364,0.5225276,0.30702558
30.269374758005142,106.967636,0.5225276,0.30824634
30.279374986886978,106.90363,0.5225276,0.30946714
30.289375215768814,106.91164,0.5225276,0.3106879
30.29937544465065,106.899635,0.5225276,0.3119087
30.309375673532486,106.85163,0.5225276,0.3119087
30.319375902414322,106.85564,0.5225949,0.31312945
30.329374223947525,106.86363,0.5225949,0.31435025
30.33937445282936,106.83963,0.5225949,0.315571
30.349374681711197,106.81163,0.5225949,0.3167918
30.359374910593033,106.803635,0.52266234,0.3167918
30.36937513947487,106.815636,0.52266234,0.31801257
30.379375368356705,106.81163,0.5227297,0.31923336
30.38937559723854,106.83564,0.52279705,0.32045412
30.399375826120377,106.81163,0.52279705,0.32045412
30.40937414765358,106.79564,0.52279705,0.3216749
30.419374376535416,106.79164,0.52286446,0.32289568
30.42937460541725,106.78363,0.52286446,0.32411647
30.439374834299088,106.77163,0.52293175,0.32533723
30.449375063180923,106.73964,0.52293175,0.32533723
30.45937529206276,106.76764,0.52299917,0.32655802
30.469375520944595,106.79564,0.5230665,0.3277788
30.47937574982643,106.747635,0.5230665,0.3277788
30.489374071359634,106.75564,0.5231339,0.32899958
30.49937430024147,106.79964,0.5232013,0.33022034
30.509374529123306,106.79164,0.52326864,0.33022034
30.519374758005142,106.775635,0.5234034,0.33022034
30.529374986886978,106.77964,0.5235381,0.33022034
30.539375215768814,106.86363,0.5236729,0.33144113
30.54937544465065,106.89564,0.523875,0.33022034
30.559375673532486,106.93564,0.5242118,0.33022034
30.569375902414322,106.98763,0.52461606,0.3277788
30.579374223947525,107.107635,0.525155,0.32533723
30.58937445282936,107.29564,0.5258287,0.3216749
30.599374681711197,107.483635,0.52650243,0.31801257
30.609374910593033,107.651634,0.5273109,0.31435025
30.61937513947487,107.86363,0.52832144,0.30824634
30.629375368356705,108.13163,0.5291299,0.30336323
30.63937559723854,108.25963,0.5295341,0.30214247
30.649375826120377,108.26763,0.52966887,0.30214247
30.65937414765358,108.29963,0.52966887,0.30336323
30.669374376535416,108.331635,0.52966887,0.30458403
30.67937460541725,108.28763,0.52966887,0.3058048
30.689374834299088,108.23163,0.52966887,0.30702558
30.699375063180923,108.21963,0.52966887,0.30824634
30.70937529206276,108.23163,0.52966887,0.30946714
30.719375520944595,108.21564,0.52966887,0.3106879
30.72937574982643,108.18764,0.5297363,0.3106879
30.739374071359634,108.17963,0.5297363,0.3119087
30.74937430024147,108.15964,0.5297363,0.31312945
30.759374529123306,108.17963,0.5298036,0.31435025
30.769374758005142,108.15163,0.5298036,0.315571
30.779374986886978,108.111626,0.5298036,0.315571
30.789375215768814,108.111626,0.529871,0.3167918
30.79937544465065,108.16763,0.529871,0.31801257
30.809375673532486,108.12363,0.5300057,0.31923336
30.819375902414322,108.107635,0.5300731,0.31923336
30.829374223947525,108.16763,0.5302079,0.31923336
30.83937445282936,108.21564,0.53040993,0.31923336
30.849374681711197,108.21963,0.53061205,0.31923336
30.859374910593033,108.235634,0.5308142,0.31801257
30.86937513947487,108.303635,0.5310163,0.31801257
30.879375368356705,108.35163,0.53128576,0.31801257
30.88937559723854,108.43964,0.53169,0.315571
30.899375826120377,108.54363,0.53222895,0.31435025
30.90937414765358,108.655624,0.53276795,0.3106879
30.919374376535416,108.83163,0.53350896,0.30702558
30.92937460541725,109.03163,0.53431743,0.30214247
30.939374834299088,109.23163,0.53512585,0.29848012
30.949375063180923,109.335625,0.53566486,0.2948178
30.95937529206276,109.47962,0.5359343,0.2948178
30.969375520944595,109.51962,0.5360691,0.2948178
30.97937574982643,109.48763,0.5361365,0.29603857
30.989374071359634,109.47563,0.5361365,0.29603857
30.99937430024147,109.50762,0.5362038,0.29725936
31.009374529123306,109.49162,0.53633857,0.29725936
31.019374758005142,109.49563,0.5364059,0.29848012
31.029374986886978,109.49162,0.53647333,0.29848012
31.039375215768814,109.51962,0.5366081,0.29970092
31.04937544465065,109.531624,0.53674275,0.29970092
31.059375673532486,109.55563,0.5368775,0.29970092
31.069375902414322,109.59163,0.53714705,0.29848012
31.079374223947525,109.667625,0.5375512,0.29725936
31.08937445282936,109.763626,0.5380228,0.2948178
31.099374681711197,109.903625,0.5386292,0.29237625
31.109374910593033,110.03562,0.5391682,0.2899347
31.11937513947487,110.17563,0.5397071,0.28627235
31.129375368356705,110.29962,0.54024607,0.28505158
31.13937559723854,110.41962,0.54071766,0.28261003
31.149375826120377,110.45563,0.54098713,0.28138924
31.15937414765358,110.52762,0.54098713,0.28261003
31.169374376535416,110.52363,0.5410545,0.2838308
31.17937460541725,110.49162,0.5410545,0.28505158
31.189374834299088,110.45962,0.5410545,0.28627235
31.199375063180923,110.45162,0.5411219,0.28627235
31.20937529206276,110.431625,0.5411219,0.28749314
31.219375520944595,110.41162,0.5411219,0.2887139
31.22937574982643,110.403625,0.5411219,0.2899347
31.239374071359634,110.403625,0.5411219,0.29115546
31.24937430024147,110.363625,0.5411219,0.29237625
31.259374529123306,110.34362,0.5411219,0.293597
31.269374758005142,110.33962,0.5411219,0.2948178
31.279374986886978,110.32362,0.5411219,0.29603857
31.289375215768814,110.319626,0.5411219,0.29603857
31.29937544465065,110.30362,0.54118925,0.29725936
31.309375673532486,110.27562,0.54118925,0.29848012
31.319375902414322,110.263626,0.54118925,0.29970092
31.329374223947525,110.25962,0.54118925,0.30092168
31.33937445282936,110.24363,0.54118925,0.30214247
31.349374681711197,110.22762,0.54125667,0.30214247
31.359374910593033,110.223625,0.54125667,0.30458403
31.36937513947487,110.21963,0.541324,0.30458403
31.379375368356705,110.211624,0.5414587,0.30458403
31.38937559723854,110.21563,0.5414587,0.3058048
31.399375826120377,110.23562,0.5414587,0.30702558
31.40937414765358,110.22762,0.5414587,0.30824634
31.419374376535416,110.18762,0.5414587,0.30946714
31.42937460541725,110.17563,0.5415261,0.3106879
31.439374834299088,110.17563,0.5415261,0.3119087
31.449375063180923,110.15962,0.5415261,0.3119087
31.45937529206276,110.15163,0.5415261,0.31435025
31.469375520944595,110.14362,0.5415261,0.31435025
31.47937574982643,110.11962,0.5415935,0.315571
31.489374071359634,110.127625,0.5415935,0.3167918
31.49937430024147,110.111626,0.5415935,0.31801257
31.509374529123306,110.09563,0.54166085,0.31801257
31.519374758005142,110.071625,0.54166085,0.31923336
31.529374986886978,110.09963,0.54172826,0.32045412
31.539375215768814,110.09162,0.54172826,0.3216749
31.54937544465065,110.055626,0.54172826,0.32289568
31.559375673532486,110.06362,0.54172826,0.32411647
31.56937399506569,110.07963,0.54172826,0.32533723
31.579376131296158,110.03562,0.5417956,0.32533723
31.58937445282936,110.015625,0.5417956,0.32655802
31.59937658905983,110.03163,0.54186296,0.3277788
31.609374910593033,110.06362,0.54186296,0.32899958
31.619373232126236,110.02362,0.5419304,0.32899958
31.629375368356705,110.027626,0.5419977,0.33022034
31.639373689889908,110.055626,0.5420651,0.33022034
31.649375826120377,110.05963,0.54219985,0.33144113
31.65937414765358,110.071625,0.54233456,0.33144113
31.66937628388405,110.10362,0.54240197,0.33144113
31.67937460541725,110.10763,0.5425367,0.33144113
31.68937674164772,110.14763,0.54280615,0.33144113
31.699375063180923,110.239624,0.543143,0.33022034
31.709373384714127,110.31562,0.543682,0.3277788
31.719375520944595,110.46362,0.5443557,0.32411647
31.7293738424778,110.68762,0.5452989,0.31801257
31.739375978708267,110.999626,0.5464442,0.3119087
31.74937430024147,111.255615,0.5475221,0.3058048
31.75937643647194,111.475624,0.5483979,0.30092168
31.769374758005142,111.64762,0.5488695,0.29848012
31.77937689423561,111.72762,0.5492064,0.29725936
31.789375215768814,111.79162,0.54947585,0.29603857
31.799373537302017,111.863625,0.54981273,0.29603857
31.809375673532486,111.96762,0.550217,0.293597
31.81937399506569,112.01962,0.5507559,0.29115546
31.829376131296158,112.13562,0.55129486,0.2887139
31.83937445282936,112.29161,0.55196863,0.28627235
31.84937658905983,112.44362,0.55244017,0.28261003
31.859374910593033,112.53162,0.55277705,0.28138924
31.869373232126236,112.575615,0.55291176,0.28261003
31.879375368356705,112.54362,0.55291176,0.28261003
31.889373689889908,112.53162,0.55291176,0.28505158
31.899375826120377,112.55561,0.5529792,0.28505158
31.90937414765358,112.507614,0.5529792,0.28627235
31.91937628388405,112.479614,0.5529792,0.28749314
31.92937460541725,112.463615,0.5529792,0.2887139
31.93937674164772,112.45962,0.5529792,0.2899347
31.949375063180923,112.435616,0.5529792,0.29115546
31.959373384714127,112.41562,0.5529792,0.29237625
31.969375520944595,112.42762,0.5529792,0.293597
31.9793738424778,112.36362,0.5529792,0.2948178
31.989375978708267,112.351616,0.5529792,0.29603857
31.99937430024147,112.351616,0.5529792,0.29603857
32.00937643647194,112.35562,0.5529792,0.29848012
32.01937475800514,112.323616,0.5529792,0.29848012
32.02937689423561,112.30361,0.5529792,0.30092168
32.039375215768814,112.29962,0.5529792,0.30092168
32.04937353730202,112.27162,0.5529792,0.30214247
32.059375673532486,112.26762,0.5529792,0.30336323
32.06937399506569,112.26361,0.5529792,0.30458403
32.07937613129616,112.215614,0.5529792,0.3058048
32.08937445282936,112.195625,0.5529792,0.30702558
32.09937658905983,112.20762,0.5529792,0.30824634
32.10937491059303,112.20362,0.5529792,0.30946714
32.119373232126236,112.16762,0.5529792,0.3106879
32.129375368356705,112.14761,0.5529792,0.3119087
32.13937368988991,112.16762,0.5530465,0.3119087
32.14937582612038,112.11961,0.5530465,0.31312945
32.15937414765358,112.11162,0.5530465,0.31435025
32.16937628388405,112.11961,0.5530465,0.315571
32.17937460541725,112.11162,0.5530465,0.3167918
32.18937674164772,112.07162,0.5530465,0.31801257
32.19937506318092,112.07562,0.5530465,0.31923336
32.20937338471413,112.06762,0.5530465,0.32045412
32.219375520944595,112.03562,0.5530465,0.3216749
32.2293738424778,112.03162,0.5530465,0.32289568
32.23937597870827,112.02762,0.5530465,0.32411647
32.24937430024147,112.01562,0.5530465,0.32533723
32.25937643647194,111.97962,0.5531139,0.32533723
32.26937475800514,111.99562,0.55318123,0.32655802
32.27937689423561,111.98362,0.55324864,0.32655802
32.289375215768814,111.99562,0.55324864,0.3277788
32.29937353730202,112.01161,0.553316,0.32899958
32.309375673532486,112.00362,0.55338335,0.33022034
32.31937399506569,111.99562,0.55345076,0.33022034
32.32937613129616,111.99562,0.5535855,0.33022034
32.33937445282936,112.03961,0.5537202,0.33022034
32.34937658905983,112.06762,0.55385494,0.33144113
32.35937491059303,112.11562,0.5539897,0.33144113
32.369373232126236,112.15162,0.5541245,0.33144113
32.379375368356705,112.16362,0.55432653,0.33144113
32.38937368988991,112.143616,0.55432653,0.3326619
32.39937582612038,112.17562,0.55439395,0.3326619
32.40937414765358,112.199615,0.5544613,0.3338827
32.41937628388405,112.16362,0.5544613,0.33510345
32.42937460541725,112.15162,0.5545287,0.33632424
32.43937674164772,112.13962,0.5545287,0.33632424
32.44937506318092,112.16362,0.55459607,0.337545
32.45937338471413,112.155624,0.5546634,0.337545
32.469375520944595,112.171616,0.5547308,0.3387658
32.4793738424778,112.16762,0.55486554,0.3387658
32.48937597870827,112.20362,0.55500025,0.3387658
32.49937430024147,112.23562,0.5552024,0.3387658
32.50937643647194,112.27562,0.55547184,0.337545
32.51937475800514,112.323616,0.5558087,0.337545
32.52937689423561,112.45962,0.5562803,0.33510345
32.539375215768814,112.62361,0.556954,0.33144113
32.54937353730202,112.74762,0.5576951,0.3277788
32.559375673532486,112.94762,0.5585035,0.32289568
32.56937399506569,113.159615,0.55910987,0.32045412
32.57937613129616,113.30762,0.55958146,0.31801257
32.58937445282936,113.33562,0.5597836,0.31801257
32.59937658905983,113.367615,0.55991834,0.31801257
32.60937491059303,113.39961,0.55998576,0.31801257
32.619373232126236,113.37562,0.55998576,0.32045412
32.629375368356705,113.35561,0.56005305,0.32045412
32.63937368988991,113.34762,0.5601204,0.32045412
32.64937582612038,113.35561,0.5601204,0.3216749
32.65937414765358,113.35561,0.5601204,0.32289568
32.66937628388405,113.33961,0.5601878,0.32411647
32.67937460541725,113.327614,0.56025517,0.32411647
32.68937674164772,113.33562,0.56025517,0.32533723
32.69937506318092,113.34762,0.5603226,0.32655802
32.70937338471413,113.33961,0.56045735,0.32655802
32.719375520944595,113.31561,0.56052464,0.3277788
32.7293738424778,113.327614,0.560592,0.3277788
32.73937597870827,113.39161,0.5606594,0.32899958
32.74937430024147,113.37562,0.56072676,0.33022034
32.75937643647194,113.34762,0.5608615,0.33022034
32.76937475800514,113.40761,0.561131,0.33022034
32.77937689423561,113.45562,0.5613331,0.32899958
32.789375215768814,113.48761,0.5614679,0.32899958
32.79937353730202,113.479614,0.56153524,0.33022034
32.809375673532486,113.49961,0.56166995,0.33022034
32.81937399506569,113.55561,0.5618047,0.33022034
32.82937613129616,113.575615,0.56207424,0.33022034
32.83937445282936,113.615616,0.56234366,0.32899958
32.84937658905983,113.69562,0.56288266,0.32655802
32.85937491059303,113.92361,0.5636237,0.3216749
32.869373232126236,114.143616,0.56449956,0.31801257
32.879375368356705,114.29561,0.565308,0.31312945
32.88937368988991,114.435616,0.5659817,0.30946714
32.89937582612038,114.59961,0.5663859,0.30824634
32.90937414765358,114.68361,0.5664533,0.30824634
32.91937628388405,114.64361,0.5664533,0.30946714
32.92937460541725,114.61561,0.56652063,0.3106879
32.93937674164772,114.6396,0.56652063,0.3119087
32.94937506318092,114.61961,0.56652063,0.3119087
32.95937338471413,114.56361,0.56652063,0.31435025
32.969375520944595,114.55561,0.56658804,0.31435025
32.9793738424778,114.57561,0.56658804,0.315571
32.98937597870827,114.5716,0.56658804,0.3167918
32.99937430024147,114.55561,0.5666554,0.31801257
33.00937643647194,114.51561,0.5666554,0.31801257
33.01937475800514,114.50761,0.5666554,0.31923336
33.02937689423561,114.53561,0.5667228,0.32045412
33.039375215768814,114.53961,0.56679016,0.32045412
33.04937353730202,114.495605,0.5668576,0.3216749
33.059375673532486,114.49961,0.56692487,0.3216749
33.06937399506569,114.54362,0.5669922,0.32289568
33.07937613129616,114.53162,0.5669922,0.32411647
33.08937445282936,114.48761,0.56705964,0.32533723
33.09937658905983,114.50761,0.5671944,0.32533723
33.10937491059303,114.55961,0.5673291,0.32533723
33.119373232126236,114.60361,0.5675986,0.32411647
33.129375368356705,114.63561,0.56793547,0.32411647
33.13937368988991,114.73961,0.56840706,0.3216749
33.14937582612038,114.90761,0.5691481,0.31801257
33.15937414765358,115.1556,0.5702261,0.3106879
33.16937628388405,115.4476,0.5713714,0.30458403
33.17937460541725,115.73561,0.57265145,0.29725936
33.18937674164772,116.01561,0.57372934,0.29115546
33.19937506318092,116.22761,0.57433563,0.28749314
33.20937338471413,116.331604,0.57473993,0.28505158
33.219375520944595,116.4036,0.5751441,0.28505158
33.2293738424778,116.4836,0.57548094,0.28261003
33.23937597870827,116.5916,0.57595253,0.28138924
33.24937430024147,116.6716,0.5764242,0.27894768
33.25937643647194,116.7556,0.5768958,0.27650613
33.26937475800514,116.9076,0.5774348,0.27406457
33.27937689423561,117.0436,0.57810843,0.27040225
33.289375215768814,117.1796,0.5787148,0.2667399
33.29937353730202,117.2956,0.57911897,0.26551914
33.309375673532486,117.3316,0.5791864,0.2667399
33.31937399506569,117.319595,0.5791864,0.2679607
33.32937613129616,117.275604,0.5791864,0.26918146
33.33937445282936,117.279594,0.5791864,0.27040225
33.34937658905983,117.251595,0.5791864,0.27040225
33.35937491059303,117.2356,0.5791864,0.2728438
33.369373232126236,117.2036,0.5791864,0.2728438
33.379375368356705,117.1876,0.5791864,0.27528536
33.38937368988991,117.1596,0.5791864,0.27528536
33.39937582612038,117.1356,0.5791864,0.27650613
33.40937414765358,117.1236,0.5791864,0.27772692
33.41937628388405,117.0716,0.5791864,0.27894768
33.42937460541725,117.07561,0.5791864,0.28016847
33.43937674164772,117.0676,0.5791864,0.28138924
33.44937506318092,117.03561,0.5791864,0.28261003
33.45937338471413,117.011604,0.5791864,0.2838308
33.469375520944595,117.011604,0.5791864,0.28505158
33.4793738424778,116.983604,0.5791864,0.28627235
33.48937597870827,116.955605,0.5791864,0.28749314
33.49937430024147,116.9516,0.5791864,0.2887139
33.50937643647194,116.9476,0.5791864,0.2899347
33.51937475800514,116.91961,0.5791864,0.29115546
33.52937689423561,116.8876,0.5791864,0.29237625
33.539375215768814,116.9036,0.5791864,0.29237625
33.54937353730202,116.8716,0.5791864,0.2948178
33.559375673532486,116.83961,0.5791864,0.2948178
33.56937399506569,116.8276,0.5791864,0.29603857
33.57937613129616,116.8156,0.57925373,0.29725936
33.58937445282936,116.8076,0.57925373,0.29848012
33.59937658905983,116.7956,0.57925373,0.29970092
33.60937491059303,116.7676,0.57925373,0.30092168
33.619373232126236,116.74361,0.57925373,0.30214247
33.629375368356705,116.731606,0.57925373,0.30214247
33.63937368988991,116.74361,0.57925373,0.30458403
33.64937582612038,116.7276,0.57925373,0.30458403
33.65937414765358,116.675606,0.57925373,0.3058048
33.66937628388405,116.6996,0.57925373,0.30702558
33.67937460541725,116.66761,0.57925373,0.30824634
33.68937674164772,116.647606,0.57925373,0.30946714
33.69937506318092,116.647606,0.57925373,0.3106879
33.70937338471413,116.647606,0.5793211,0.3119087
33.719375520944595,116.6156,0.5793211,0.31312945
33.7293738424778,116.58761,0.5793211,0.31435025
33.73937597870827,116.62761,0.5793885,0.31435025
33.74937430024147,116.6156,0.5793885,0.315571
33.75937643647194,116.6156,0.57945585,0.3167918
33.76937475800514,116.5836,0.57952327,0.3167918
33.77937689423561,116.5916,0.5795906,0.31801257
33.789375215768814,116.59961,0.5796579,0.31801257
33.79937353730202,116.6316,0.5797253,0.31923336
33.809375673532486,116.635605,0.5797927,0.32045412
33.81937399506569,116.6396,0.5798601,0.32045412
33.82937613129616,116.635605,0.57999486,0.32045412
33.83937445282936,116.6516,0.5800622,0.3216749
33.84937658905983,116.635605,0.58012956,0.3216749
33.85937491059303,116.647606,0.5801969,0.32289568
33.869373232126236,116.707596,0.5803317,0.32289568
33.879375368356705,116.71561,0.58046645,0.32289568
33.88937368988991,116.719604,0.5806685,0.32289568
33.89937582612038,116.7516,0.580938,0.3216749
33.90937414765358,116.8676,0.58127487,0.3216749
33.91937628388405,116.9716,0.5818138,0.31923336
33.92937460541725,117.1116,0.5824875,0.315571
33.93937674164772,117.3316,0.583296,0.3106879
33.94937506318092,117.539604,0.58437395,0.30458403
33.95937338471413,117.8116,0.5853845,0.29848012
33.969375520944595,118.0156,0.5859908,0.2948178
33.9793738424778,118.0676,0.58605814,0.29603857
33.98937597870827,118.0716,0.58605814,0.29725936
33.99937430024147,118.0836,0.58605814,0.29848012
34.00937643647194,118.0636,0.58605814,0.29970092
34.01937475800514,117.9956,0.58605814,0.30092168
34.02937689423561,117.971596,0.58605814,0.30214247
34.039375215768814,117.999596,0.58605814,0.30336323
34.04937353730202,117.9796,0.58605814,0.30458403
34.059375673532486,117.9396,0.58605814,0.3058048
34.06937399506569,117.931595,0.58605814,0.3058048
34.07937613129616,117.9116,0.58605814,0.30824634
34.08937445282936,117.903595,0.58605814,0.30824634
34.09937658905983,117.8716,0.58605814,0.3106879
34.10937491059303,117.8676,0.58605814,0.3106879
34.119373232126236,117.859604,0.58605814,0.3119087
34.129375368356705,117.82359,0.58612555,0.31312945
34.13937368988991,117.831604,0.58612555,0.31435025
34.14937582612038,117.8276,0.58612555,0.315571
34.15937414765358,117.78359,0.58612555,0.315571
34.16937628388405,117.79559,0.58612555,0.31801257
34.17937460541725,117.7716,0.58612555,0.31801257
34.18937674164772,117.7316,0.58612555,0.32045412
34.19937506318092,117.7316,0.58612555,0.32045412
34.20937338471413,117.7476,0.58612555,0.3216749
34.219375520944595,117.7276,0.58612555,0.32289568
34.2293738424778,117.679596,0.5861929,0.32411647
34.23937597870827,117.6996,0.5861929,0.32533723
34.24937430024147,117.6996,0.5862603,0.32533723
34.25937643647194,117.6996,0.5862603,0.32655802
34.26937475800514,117.679596,0.5862603,0.3277788
34.27937689423561,117.679596,0.5863277,0.32899958
34.289375215768814,117.6556,0.5863951,0.33022034
34.29937353730202,117.651596,0.5863951,0.33022034
34.309375673532486,117.6916,0.58646244,0.33144113
34.31937399506569,117.6876,0.58659714,0.33144113
34.32937613129616,117.679596,0.5867319,0.33144113
34.33937445282936,117.7556,0.5868666,0.33144113
34.34937658905983,117.7796,0.5871361,0.33144113
34.35937491059303,117.831604,0.5875404,0.33022034
34.369373232126236,117.9836,0.5881466,0.32655802
34.379375368356705,118.1636,0.58888775,0.32289568
34.38937368988991,118.3596,0.5897636,0.31801257
34.39937582612038,118.571594,0.59070677,0.3119087
34.40937414765358,118.819595,0.5915826,0.30702558
34.41937628388405,118.96359,0.5919868,0.3058048
34.42937460541725,119.0156,0.59212154,0.3058048
34.43937674164772,119.0516,0.59218895,0.30702558
34.44937506318092,119.0156,0.59218895,0.30824634
34.45937338471413,118.9836,0.59218895,0.30946714
34.469375520944595,118.97959,0.5922563,0.30946714
34.4793738424778,118.9956,0.5922563,0.3106879
34.48937597870827,118.959595,0.5922563,0.3119087
34.49937430024147,118.93959,0.59232366,0.31312945
34.50937643647194,118.95159,0.59232366,0.31435025
34.51937475800514,118.943596,0.59232366,0.315571
34.52937689423561,118.91159,0.592391,0.315571
34.539375215768814,118.89959,0.592391,0.3167918
34.54937353730202,118.9076,0.59245837,0.31801257
34.559375673532486,118.903595,0.59245837,0.31801257
34.56937399506569,118.891594,0.5925258,0.31923336
34.57937613129616,118.87159,0.59259313,0.32045412
34.58937445282936,118.88359,0.59266055,0.32045412
34.59937658905983,118.9076,0.5927953,0.3216749
34.60937491059303,118.93959,0.5928626,0.3216749
34.619373232126236,118.92359,0.5930647,0.3216749
34.629375368356705,118.959595,0.59333426,0.32045412
34.63937368988991,119.05959,0.59360373,0.32045412
34.64937582612038,119.127594,0.5940079,0.31923336
34.65937414765358,119.19159,0.5944795,0.315571
34.66937628388405,119.347595,0.5951532,0.31312945
34.67937460541725,119.571594,0.59589434,0.30824634
34.68937674164772,119.76759,0.59663534,0.30458403
34.69937506318092,119.88359,0.5973091,0.30092168
34.70937338471413,120.01959,0.5977807,0.29970092
34.719375520944595,120.12359,0.5980502,0.29848012
34.7293738424778,120.14359,0.5981849,0.29848012
34.73937597870827,120.139595,0.5981849,0.29970092
34.74937430024147,120.099594,0.5981849,0.30092168
34.75937643647194,120.09158,0.5981849,0.30214247
34.76937475800514,120.10359,0.5981849,0.30336323
34.77937689423561,120.07959,0.5981849,0.30458403
34.789375215768814,120.03959,0.5982523,0.30458403
34.79937353730202,120.043594,0.5982523,0.3058048
34.809375673532486,120.04759,0.5982523,0.30702558
34.81937399506569,120.01159,0.5982523,0.30824634
34.82937613129616,119.96359,0.5982523,0.30946714
34.83937445282936,119.98759,0.59831965,0.3106879
34.84937658905983,120.01159,0.59831965,0.3119087
34.85937491059303,119.9556,0.59831965,0.31312945
34.869373232126236,119.93959,0.598387,0.31312945
34.879375368356705,119.947586,0.598387,0.31435025
34.88937368988991,119.97159,0.598387,0.315571
34.89937582612038,119.943596,0.5984544,0.3167918
34.90937414765358,119.89959,0.5984544,0.31801257
34.91937628388405,119.88359,0.5984544,0.31923336
34.92937460541725,119.89959,0.59852177,0.31923336
34.93937674164772,119.915596,0.59852177,0.32045412
34.94937506318092,119.891594,0.5985892,0.3216749
34.95937338471413,119.89559,0.5987239,0.3216749
34.969375520944595,119.907585,0.59879124,0.3216749
34.9793738424778,119.947586,0.598926,0.3216749
34.98937597870827,119.89559,0.59899336,0.32289568
34.99937430024147,119.9276,0.5991955,0.32289568
35.00937643647194,119.99959,0.5993976,0.32289568
35.01937475800514,120.03959,0.5995997,0.3216749
35.02937689423561,120.0636,0.5998692,0.3216749
35.039375215768814,120.14359,0.6003408,0.31923336
35.04937353730202,120.31959,0.6010145,0.3167918
35.059375673532486,120.487595,0.60155344,0.31312945
35.06937399506569,120.59159,0.60209244,0.3106879
35.07937613129616,120.68359,0.6026314,0.30824634
35.08937445282936,120.8596,0.60317034,0.3058048
35.09937658905983,121.00359,0.6037767,0.30214247
35.10937491059303,121.131584,0.6042483,0.30092168
35.119373232126236,121.20359,0.6046525,0.29848012
35.129375368356705,121.267586,0.6049894,0.29725936
35.13937368988991,121.35558,0.6052588,0.29725936
35.14937582612038,121.39959,0.60552835,0.29603857
35.15937414765358,121.41559,0.6057304,0.29603857
35.16937628388405,121.463585,0.6059326,0.29603857
35.17937460541725,121.54359,0.606202,0.2948178
35.18937674164772,121.587585,0.6066063,0.293597
35.19937506318092,121.659584,0.6070779,0.29115546
35.20937338471413,121.767586,0.60761684,0.2887139
35.219375520944595,121.94359,0.6081558,0.28627235
35.2293738424778,122.02759,0.6086274,0.2838308
35.23937597870827,122.131584,0.6089642,0.28261003
35.24937430024147,122.20358,0.6093011,0.28261003
35.25937643647194,122.25159,0.6095032,0.28138924
35.26937475800514,122.27959,0.609638,0.28138924
35.27937689423561,122.27158,0.6097053,0.28261003
35.289375215768814,122.24758,0.6097053,0.2838308
35.29937353730202,122.24358,0.6097053,0.28505158
35.309375673532486,122.25159,0.60977274,0.28505158
35.31937399506569,122.21558,0.60977274,0.28627235
35.32937613129616,122.16358,0.60977274,0.28749314
35.33937445282936,122.17958,0.60977274,0.2887139
35.34937658905983,122.15559,0.60977274,0.2899347
35.35937491059303,122.15158,0.60977274,0.29115546
35.369373232126236,122.11158,0.60977274,0.29237625
35.379375368356705,122.103584,0.60977274,0.293597
35.38937368988991,122.08358,0.60977274,0.2948178
35.39937582612038,122.059586,0.60977274,0.29603857
35.40937414765358,122.05558,0.60977274,0.29725936
35.419624239206314,122.02759,0.60977274,0.29848012
35.42937460541725,121.99558,0.60977274,0.29970092
35.43937674164772,122.00358,0.60977274,0.30092168
35.44937506318092,121.98759,0.60977274,0.30214247
35.45937338471413,121.94359,0.60977274,0.30214247
35.469375520944595,121.95558,0.60977274,0.30458403
35.4793738424778,121.93159,0.60977274,0.30458403
35.48937597870827,121.895584,0.60977274,0.3058048
35.49937430024147,121.87559,0.60977274,0.30702558
35.50937643647194,121.88758,0.60977274,0.30824634
35.51937475800514,121.879585,0.60977274,0.30946714
35.52937689423561,121.85558,0.60977274,0.3106879
35.539375215768814,121.83559,0.60977274,0.3119087
35.54937353730202,121.83559,0.60977274,0.31312945
35.559375673532486,121.80358,0.60977274,0.31435025
35.56937399506569,121.795586,0.60977274,0.315571
35.57937613129616,121.795586,0.60977274,0.3167918
35.58937445282936,121.767586,0.60977274,0.31801257
35.59937658905983,121.71959,0.60977274,0.31923336
35.60937491059303,121.73559,0.60977274,0.32045412
35.619373232126236,121.727585,0.60977274,0.3216749
35.629375368356705,121.687584,0.60977274,0.3216749
35.63937368988991,121.69159,0.60977274,0.32411647
35.64937582612038,121.67959,0.60977274,0.32411647
35.65937414765358,121.66359,0.60977274,0.32533723
35.66937628388405,121.63959,0.60977274,0.32655802
35.67937460541725,121.63558,0.60977274,0.3277788
35.68937674164772,121.63558,0.60977274,0.32899958
35.69937506318092,121.603584,0.60977274,0.33022034
35.70937338471413,121.58359,0.60977274,0.33144113
35.719375520944595,121.57159,0.60977274,0.3326619
35.7293738424778,121.56758,0.60977274,0.3338827
35.73937597870827,121.59158,0.60977274,0.33510345
35.74937430024147,121.57159,0.60977274,0.33632424
35.75937643647194,121.51559,0.60977274,0.337545
35.76937475800514,121.51559,0.60977274,0.3387658
35.77937689423561,121.531586,0.60977274,0.33998656
35.789375215768814,121.51158,0.60977274,0.34120736
35.79937353730202,121.475586,0.60977274,0.34120736
35.809375673532486,121.48759,0.60977274,0.3436489
35.81937399506569,121.49559,0.60977274,0.3436489
35.82937613129616,121.44359,0.60977274,0.34609047
35.83937445282936,121.42759,0.60977274,0.34609047
35.84937658905983,121.419586,0.60984004,0.34731123
35.85937491059303,121.43959,0.60984004,0.34853202
35.869373232126236,121.43959,0.6099074,0.34975278
35.879375368356705,121.423584,0.6099748,0.34975278
35.88937368988991,121.41159,0.61004215,0.34975278
35.89937582612038,121.447586,0.6102443,0.34975278
35.90937414765358,121.503586,0.6104464,0.34975278
35.91937628388405,121.54359,0.6106485,0.34975278
35.92937460541725,121.56358,0.61085063,0.34975278
35.93937674164772,121.63558,0.6111201,0.34853202
35.94937506318092,121.71558,0.61145693,0.34731123
35.95937338471413,121.767586,0.6117938,0.34609047
35.969375520944595,121.84358,0.61213064,0.34486967
35.9793738424778,121.93958,0.6125349,0.3436489
35.98937597870827,122.087585,0.6130738,0.34120736
35.99937430024147,122.21558,0.61374754,0.337545
36.00937643647194,122.407585,0.61462337,0.3326619
36.01937475800514,122.643585,0.6155666,0.3277788
36.02937689423561,122.89958,0.6166445,0.3216749
36.039375215768814,123.10358,0.6174529,0.3167918
36.04937353730202,123.25558,0.6179245,0.31435025
36.059375673532486,123.32758,0.61819404,0.31435025
36.06937399506569,123.39159,0.61832875,0.31435025
36.07937613129616,123.42758,0.6184635,0.31435025
36.08937445282936,123.43158,0.61866564,0.31435025
36.09937658905983,123.439575,0.6189351,0.31312945
36.10937491059303,123.52757,0.619272,0.3119087
36.119373232126236,123.607574,0.6196762,0.3106879
36.129375368356705,123.675575,0.6200804,0.30824634
36.13937368988991,123.78758,0.62061936,0.3058048
36.14937582612038,123.91958,0.62115836,0.30458403
36.15937414765358,124.035576,0.62162995,0.30092168
36.16937628388405,124.10758,0.62203413,0.29970092
36.17937460541725,124.16757,0.62230366,0.29848012
36.18937674164772,124.231575,0.62243843,0.29970092
36.19937506318092,124.219574,0.62243843,0.30092168
36.20937338471413,124.23958,0.6225058,0.30092168
36.219375520944595,124.22358,0.6225058,0.30214247
36.2293738424778,124.17158,0.6225058,0.30336323
36.23937597870827,124.16757,0.6225058,0.30458403
36.24937430024147,124.16358,0.6225058,0.3058048
36.25937643647194,124.13558,0.6225058,0.30702558
36.26937475800514,124.11558,0.6225058,0.30824634
36.27937689423561,124.09558,0.6225058,0.30946714
36.289375215768814,124.08758,0.6225058,0.3106879
36.29937353730202,124.051575,0.6225731,0.3106879
36.309375673532486,124.05558,0.6226405,0.3119087
36.31937399506569,124.06758,0.62270784,0.3119087
36.32937613129616,124.051575,0.62270784,0.31312945
36.33937445282936,124.03958,0.62270784,0.31435025
36.34937658905983,124.02758,0.62277526,0.315571
36.35937491059303,124.01558,0.62277526,0.3167918
36.369373232126236,124.00358,0.6228426,0.3167918
36.379375368356705,124.023575,0.6228426,0.31801257
36.38937368988991,124.01958,0.62291,0.31923336
36.39937582612038,123.967575,0.6229774,0.32045412
36.40937414765358,123.983574,0.6230447,0.32045412
36.41937628388405,124.03157,0.6230447,0.3216749
36.42937460541725,124.01558,0.6231121,0.3216749
36.43937674164772,123.983574,0.6231121,0.32411647
36.44937506318092,123.979576,0.62317944,0.32411647
36.45937338471413,123.98758,0.62317944,0.32533723
36.469375520944595,123.979576,0.62324685,0.32533723
36.4793738424778,123.951584,0.62324685,0.32655802
36.48937597870827,123.963585,0.62324685,0.3277788
36.49937430024147,123.94358,0.6233142,0.32899958
36.50937643647194,123.951584,0.6233816,0.33022034
36.51937475800514,123.95958,0.62344897,0.33022034
36.52937689423561,123.91958,0.62344897,0.33144113
36.539375215768814,123.951584,0.6235163,0.33144113
36.54937353730202,123.98758,0.623651,0.3326619
36.559375673532486,123.98758,0.6237858,0.3326619
36.56937399506569,123.98758,0.6239879,0.3326619
36.57937613129616,124.04758,0.6241227,0.3326619
36.58937445282936,124.09957,0.62432474,0.3326619
36.59937658905983,124.09957,0.6245269,0.33144113
36.60937491059303,124.119576,0.624729,0.33144113
36.619373232126236,124.191574,0.6249311,0.33144113
36.629375368356705,124.27557,0.6252679,0.33022034
36.63937368988991,124.32357,0.6256048,0.32899958
36.64937582612038,124.40357,0.62600905,0.3277788
36.65937414765358,124.53557,0.62648064,0.32533723
36.66937628388405,124.647575,0.6270196,0.32289568
36.67937460541725,124.76758,0.6275586,0.32045412
36.68937674164772,124.88757,0.6281649,0.3167918
36.69937506318092,125.00357,0.6287039,0.31435025
36.70937338471413,125.15558,0.6290407,0.31312945
36.719375520944595,125.21557,0.62924284,0.31312945
36.7293738424778,125.19957,0.6294449,0.31312945
36.73937597870827,125.203575,0.62957966,0.31312945
36.74937430024147,125.26358,0.6296471,0.31435025
36.75937643647194,125.26757,0.6296471,0.315571
36.76937475800514,125.219574,0.6296471,0.315571
36.77937689423561,125.19957,0.6296471,0.31801257
36.789375215768814,125.21158,0.6297144,0.31801257
36.79937353730202,125.19558,0.6297144,0.31923336
36.809375673532486,125.14358,0.6297144,0.32045412
36.81937399506569,125.15957,0.6297818,0.3216749
36.82937613129616,125.17158,0.6298492,0.3216749
36.83937445282936,125.16757,0.6298492,0.32289568
36.84937658905983,125.14358,0.6298492,0.32411647
36.85937491059303,125.11957,0.62991655,0.32411647
36.869373232126236,125.11558,0.6299839,0.32533723
36.879375368356705,125.14757,0.63005126,0.32533723
36.88937368988991,125.15558,0.63005126,0.3277788
36.89937582612038,125.09557,0.63011867,0.3277788
36.90937414765358,125.10358,0.63011867,0.32899958
36.91937628388405,125.13957,0.6302534,0.33022034
36.92937460541725,125.14358,0.6303208,0.33022034
36.93937674164772,125.11957,0.63038814,0.33022034
36.94937506318092,125.13158,0.63045555,0.33144113
36.95937338471413,125.17957,0.63059026,0.33144113
36.969375520944595,125.15957,0.6306576,0.3326619
36.9793738424778,125.163574,0.63085973,0.33144113
36.98937597870827,125.22757,0.6311292,0.33144113
36.99937430024147,125.31158,0.6314661,0.33022034
37.00937643647194,125.40758,0.63200504,0.3277788
37.01937475800514,125.563576,0.63267875,0.32411647
37.02937689423561,125.715576,0.6334872,0.31923336
37.039375215768814,125.94757,0.634363,0.315571
37.04937353730202,126.167564,0.6351715,0.3106879
37.059375673532486,126.33958,0.63577783,0.30702558
37.06937399506569,126.39957,0.63611466,0.3058048
37.07937613129616,126.43157,0.63611466,0.30702558
37.08937445282936,126.459564,0.636182,0.30824634
37.09937658905983,126.44357,0.636182,0.30946714
37.10937491059303,126.39157,0.6362494,0.30946714
37.119373232126236,126.41157,0.6362494,0.3106879
37.129375368356705,126.40357,0.6362494,0.3119087
37.13937368988991,126.35157,0.6362494,0.31312945
37.14937582612038,126.33557,0.6363168,0.31435025
37.15937414765358,126.34357,0.6363168,0.315571
37.16937628388405,126.34357,0.6363168,0.315571
37.17937460541725,126.31158,0.6364515,0.3167918
37.18937674164772,126.331566,0.6365189,0.3167918
37.19937506318092,126.35157,0.6366536,0.31801257
37.20937338471413,126.37958,0.6368557,0.3167918
37.219375520944595,126.42357,0.6369905,0.3167918
37.2293738424778,126.42357,0.63725996,0.3167918
37.23937597870827,126.487564,0.6376642,0.31435025
37.24937430024147,126.63957,0.6383379,0.3119087
37.25937643647194,126.83957,0.6392811,0.3058048
37.26937475800514,127.11957,0.64049375,0.29848012
37.27937689423561,127.46357,0.64197594,0.2899347
37.289375215768814,127.81157,0.64325595,0.28261003
37.29937353730202,128.02756,0.643997,0.27772692
37.309375673532486,128.15157,0.644536,0.27528536
37.31937399506569,128.29156,0.6450076,0.2728438
37.32937613129616,128.36757,0.6454118,0.27162302
37.33937445282936,128.47156,0.64595073,0.26918146
37.34937658905983,128.62357,0.6466245,0.26551914
37.35937491059303,128.78757,0.6475003,0.26063603
37.369373232126236,128.93956,0.6482414,0.25697368
37.379375368356705,129.05556,0.6485782,0.25575292
37.38937368988991,129.11156,0.6485782,0.25697368
37.39937582612038,129.08755,0.6485782,0.25819448
37.40937414765358,129.03555,0.6485782,0.25941524
37.41937628388405,129.00755,0.6485782,0.26063603
37.42937460541725,128.96756,0.6485782,0.26063603
37.43937674164772,128.95157,0.6485782,0.2630776
37.44937506318092,128.95555,0.6485782,0.2630776
37.45937338471413,128.93556,0.6485782,0.26551914
37.469375520944595,128.87556,0.6485782,0.26551914
37.4793738424778,128.85156,0.6485782,0.2667399
37.48937597870827,128.85556,0.6485782,0.2679607
37.49937430024147,128.80356,0.6485782,0.26918146
37.50937643647194,128.80756,0.6485782,0.27040225
37.51937475800514,128.79556,0.6485782,0.27162302
37.52937689423561,128.75957,0.6485782,0.2728438
37.539375215768814,128.74356,0.6485782,0.27406457
37.54937353730202,128.72757,0.6485782,0.27528536
37.559375673532486,128.72757,0.6485782,0.27650613
37.56937399506569,128.67555,0.6485782,0.27772692
37.57937613129616,128.65157,0.6485782,0.27894768
37.58937445282936,128.65956,0.6485782,0.28016847
37.59937658905983,128.64757,0.6485782,0.28016847
37.60937491059303,128.61555,0.6485782,0.28261003
37.619373232126236,128.60756,0.6485782,0.28261003
37.629375368356705,128.56757,0.6485782,0.28505158
37.63937368988991,128.56357,0.6485782,0.28505158
37.64937582612038,128.55556,0.6485782,0.28627235
37.65937414765358,128.53557,0.6485782,0.28749314
37.66937628388405,128.49957,0.6485782,0.2887139
37.67937460541725,128.47557,0.6485782,0.2899347
37.68937674164772,128.49156,0.6485782,0.29115546
37.69937506318092,128.46356,0.6485782,0.29237625
37.70937338471413,128.45155,0.6485782,0.293597
37.719375520944595,128.45155,0.6485782,0.2948178
37.7293738424778,128.42757,0.6485782,0.29603857
37.73937597870827,128.36757,0.6485782,0.29725936
37.74937430024147,128.35156,0.6485782,0.29848012
37.75937643647194,128.37956,0.6485782,0.29970092
37.76937475800514,128.35956,0.6485782,0.30092168
37.77937689423561,128.32756,0.6485782,0.30214247
37.789375215768814,128.31157,0.6485782,0.30336323
37.79937353730202,128.30756,0.6485782,0.30458403
37.809375673532486,128.29156,0.6485782,0.30458403
37.81937399506569,128.25156,0.6485782,0.3058048
37.82937613129616,128.23956,0.6485782,0.30702558
37.83937445282936,128.23956,0.6485782,0.30824634
37.84937658905983,128.24356,0.6485782,0.30946714
37.85937491059303,128.23157,0.6485782,0.3106879
37.869373232126236,128.19557,0.6485782,0.3119087
37.879375368356705,128.15956,0.6485782,0.31312945
37.88937368988991,128.18756,0.6485782,0.31435025
37.89937582612038,128.15956,0.6485782,0.315571
37.90937414765358,128.14757,0.6486456,0.315571
37.91937628388405,128.14757,0.6486456,0.31801257
37.92937460541725,128.13957,0.6486456,0.31801257
37.93937674164772,128.11156,0.6486456,0.32045412
37.94937506318092,128.08356,0.6486456,0.32045412
37.95937338471413,128.09557,0.6486456,0.3216749
37.969375520944595,128.09557,0.6486456,0.32289568
37.9793738424778,128.06757,0.6486456,0.32411647
37.98937597870827,128.03157,0.6486456,0.32533723
37.99937430024147,128.03157,0.6486456,0.32655802
38.00937643647194,128.03157,0.6486456,0.3277788
38.01937475800514,128.02756,0.6486456,0.32899958
38.02937689423561,127.99557,0.6486456,0.33022034
38.039375215768814,127.96757,0.648713,0.33022034
38.04937353730202,127.98357,0.648713,0.33144113
38.059375673532486,128.00757,0.64878035,0.3326619
38.06937399506569,127.96356,0.64884776,0.3338827
38.07937613129616,127.96356,0.6489151,0.3338827
38.08937445282936,127.99156,0.6489151,0.33510345
38.09937658905983,128.00757,0.6490498,0.33510345
38.10937491059303,128.01157,0.6491846,0.33632424
38.119373232126236,128.02357,0.64925194,0.33632424
38.129375368356705,128.02756,0.64931935,0.337545
38.13937368988991,128.03957,0.64945406,0.337545
38.14937582612038,128.05156,0.6496562,0.337545
38.15937414765358,128.14357,0.64992565,0.33632424
38.16937628388405,128.21956,0.6503299,0.33510345
38.17937460541725,128.28757,0.6508015,0.3326619
38.18937674164772,128.45155,0.6514752,0.32899958
38.19937506318092,128.67957,0.6524857,0.32289568
38.20937338471413,128.96756,0.65383315,0.31435025
38.219375520944595,129.32356,0.6551806,0.30702558
38.2293738424778,129.57956,0.6559217,0.30214247
38.23937597870827,129.66356,0.6561911,0.30214247
38.24937430024147,129.69556,0.6563259,0.30214247
38.25937643647194,129.73956,0.6563933,0.30336323
38.26937475800514,129.72356,0.65646064,0.30336323
38.27937689423561,129.70757,0.656528,0.30458403
38.289375215768814,129.72356,0.6566627,0.30458403
38.29937353730202,129.71155,0.6567301,0.3058048
38.309375673532486,129.72356,0.6568649,0.3058048
38.31937399506569,129.75957,0.65706694,0.3058048
38.32937613129616,129.80356,0.65726906,0.30458403
38.33937445282936,129.83556,0.6576059,0.30458403
38.34937658905983,129.90356,0.6580102,0.30214247
38.35937491059303,130.01555,0.65841436,0.30092168
38.369373232126236,130.14355,0.65895337,0.29848012
38.379375368356705,130.25955,0.6596271,0.2948178
38.38937368988991,130.42755,0.6602334,0.29115546
38.39937582612038,130.47556,0.6604355,0.29115546
38.40937414765358,130.50356,0.6604355,0.29237625
38.41937628388405,130.50755,0.66050285,0.29237625
38.42937460541725,130.48355,0.66050285,0.2948178
38.43937674164772,130.45155,0.66050285,0.2948178
38.44937506318092,130.41956,0.66050285,0.29603857
38.45937338471413,130.43155,0.66050285,0.29725936
38.469375520944595,130.41956,0.66050285,0.29848012
38.4793738424778,130.38356,0.66057026,0.29970092
38.48937597870827,130.37555,0.66057026,0.30092168
38.49937430024147,130.38756,0.6606376,0.30092168
38.50937643647194,130.32756,0.6606376,0.30214247
38.51937475800514,130.33556,0.6606376,0.30336323
38.52937689423561,130.35956,0.660705,0.30458403
38.539375215768814,130.33556,0.660705,0.3058048
38.54937353730202,130.29156,0.660705,0.30702558
38.559375673532486,130.28755,0.6607723,0.30702558
38.56937399506569,130.29956,0.6607723,0.30824634
38.57937613129616,130.28355,0.6607723,0.30946714
38.58937445282936,130.27156,0.6607723,0.3106879
38.59937658905983,130.23557,0.6607723,0.3119087
38.60937491059303,130.23155,0.6608397,0.3119087
38.619373232126236,130.23155,0.6608397,0.31435025
38.629375368356705,130.21156,0.6609071,0.31435025
38.63937368988991,130.19955,0.6609071,0.315571
38.64937582612038,130.17955,0.66097444,0.315571
38.65937414765358,130.22356,0.66097444,0.31801257
38.66937628388405,130.19156,0.66097444,0.31801257
38.67937460541725,130.13156,0.66097444,0.32045412
38.68937674164772,130.16356,0.66104186,0.32045412
38.69937506318092,130.16756,0.66104186,0.3216749
38.70937338471413,130.13156,0.6611092,0.3216749
38.719375520944595,130.14355,0.6611092,0.32411647
38.7293738424778,130.16356,0.6611766,0.32411647
38.73937597870827,130.17955,0.6612439,0.32533723
38.74937430024147,130.16356,0.6613787,0.32533723
38.75937643647194,130.15155,0.66144603,0.32533723
38.76937475800514,130.19556,0.6615808,0.32533723
38.77937689423561,130.21156,0.66171557,0.32533723
38.789375215768814,130.28355,0.6619176,0.32533723
38.79937353730202,130.29156,0.66218716,0.32533723
38.809375673532486,130.32756,0.66259134,0.32411647
38.81937399506569,130.46756,0.66313034,0.3216749
38.82937613129616,130.64355,0.6637367,0.31801257
38.83937445282936,130.75156,0.6644104,0.31435025
38.84937658905983,130.91556,0.6651514,0.3106879
38.85937491059303,131.16356,0.66602725,0.3058048
38.869373232126236,131.37956,0.6668357,0.30092168
38.879375368356705,131.46756,0.6673073,0.29848012
38.88937368988991,131.54755,0.6674421,0.29970092
38.89937582612038,131.59155,0.6674421,0.30092168
38.90937414765358,131.57555,0.66750944,0.30092168
38.91937628388405,131.52356,0.66750944,0.30214247
38.92937460541725,131.48355,0.66750944,0.30336323
38.93937674164772,131.47955,0.66750944,0.30458403
38.94937506318092,131.47556,0.66750944,0.3058048
38.95937338471413,131.47156,0.66750944,0.30702558
38.969375520944595,131.40756,0.66750944,0.30824634
38.9793738424778,131.39156,0.66750944,0.30946714
38.98937597870827,131.41154,0.66750944,0.3106879
38.99937430024147,131.39156,0.66757685,0.3106879
39.00937643647194,131.31555,0.66757685,0.3119087
39.01937475800514,131.34355,0.66764414,0.31312945
39.02937689423561,131.39156,0.66764414,0.31435025
39.039375215768814,131.35156,0.66764414,0.315571
39.04937353730202,131.30354,0.66764414,0.315571
39.059375673532486,131.28755,0.66764414,0.31801257
39.06937399506569,131.30354,0.6677115,0.31801257
39.07937613129616,131.29155,0.6677115,0.31923336
39.08937445282936,131.29155,0.66784626,0.31923336
39.09937658905983,131.29956,0.66784626,0.32045412
39.10937491059303,131.27956,0.6679137,0.3216749
39.119373232126236,131.28755,0.667981,0.3216749
39.129375368356705,131.30354,0.6681158,0.3216749
39.13937368988991,131.30756,0.6682505,0.3216749
39.14937582612038,131.33955,0.6684526,0.3216749
39.15937414765358,131.41556,0.66865474,0.3216749
39.16937628388405,131.42755,0.66885686,0.3216749
39.17937460541725,131.46756,0.6691937,0.32045412
39.18937674164772,131.59155,0.66973263,0.31801257
39.19937506318092,131.73956,0.670339,0.31435025
39.20937338471413,131.87955,0.6710127,0.3119087
39.219375520944595,132.04355,0.6717538,0.30702558
39.2293738424778,132.25955,0.672697,0.30214247
39.23937597870827,132.49155,0.6735054,0.29725936
39.24937430024147,132.62755,0.6740444,0.2948178
39.25937643647194,132.69554,0.6743139,0.2948178
39.26937475800514,132.75154,0.6745833,0.293597
39.27937689423561,132.77954,0.6747855,0.293597
39.289375215768814,132.85555,0.6749876,0.293597
39.29937353730202,132.88354,0.675257,0.29237625
39.309375673532486,132.92755,0.6757286,0.29115546
39.31937399506569,133.04755,0.6762002,0.2887139
39.32937613129616,133.15555,0.6767392,0.28505158
39.33937445282936,133.25156,0.6771434,0.2838308
39.34937658905983,133.33554,0.6775477,0.28261003
39.35937491059303,133.44354,0.6779519,0.28016847
39.369373232126236,133.50356,0.6782887,0.27894768
39.379375368356705,133.53955,0.67855823,0.27894768
39.38937368988991,133.57155,0.678693,0.27894768
39.39937582612038,133.59555,0.6787603,0.28016847
39.40937414765358,133.59955,0.6788277,0.28016847
39.41937628388405,133.58754,0.6788277,0.28138924
39.42937460541725,133.56755,0.6788277,0.28261003
39.43937674164772,133.53955,0.67889506,0.2838308
39.44937506318092,133.49554,0.67889506,0.28505158
39.45937338471413,133.53154,0.67889506,0.28627235
39.469375520944595,133.51555,0.67889506,0.28627235
39.4793738424778,133.46355,0.67896247,0.28749314
39.48937597870827,133.48755,0.6790298,0.2887139
39.49937430024147,133.46754,0.6790298,0.2899347
39.50937643647194,133.42754,0.6790298,0.29115546
39.51937475800514,133.42355,0.6790298,0.29115546
39.52937689423561,133.42355,0.6790298,0.29237625
39.539375215768814,133.40755,0.6790972,0.293597
39.54937353730202,133.39154,0.6790972,0.2948178
39.559375673532486,133.36354,0.6790972,0.29603857
39.56937399506569,133.35555,0.6790972,0.29725936
39.57937613129616,133.32355,0.6790972,0.29848012
39.58937445282936,133.33554,0.6791646,0.29848012
39.59937658905983,133.33154,0.6791646,0.29970092
39.60937491059303,133.27954,0.6791646,0.30092168
39.619373232126236,133.28354,0.67923194,0.30214247
39.629375368356705,133.29955,0.67923194,0.30336323
39.63937368988991,133.28755,0.67936665,0.30336323
39.64937582612038,133.27155,0.67936665,0.30458403
39.65937414765358,133.28755,0.67943406,0.30458403
39.66937628388405,133.27554,0.67943406,0.3058048
39.67937460541725,133.23955,0.67943406,0.30702558
39.68937674164772,133.23555,0.67943406,0.30824634
39.69937506318092,133.23155,0.67943406,0.30946714
39.70937338471413,133.22356,0.6795014,0.3106879
39.719375520944595,133.19954,0.6795014,0.3119087
39.7293738424778,133.15955,0.6795014,0.3119087
39.73937597870827,133.15555,0.6795014,0.31435025
39.74937430024147,133.14754,0.6795014,0.31435025
39.75937643647194,133.15955,0.67956877,0.315571
39.76937475800514,133.14355,0.67956877,0.3167918
39.77937689423561,133.08354,0.67956877,0.31801257
39.789375215768814,133.12755,0.6796362,0.31801257
39.79937353730202,133.14355,0.67970353,0.31923336
39.809375673532486,133.11555,0.67970353,0.32045412
39.81937399506569,133.09155,0.67977095,0.3216749
39.82937613129616,133.10355,0.67983824,0.3216749
39.83937445282936,133.09555,0.67983824,0.32289568
39.84937658905983,133.08354,0.67983824,0.32411647
39.85937491059303,133.09155,0.67990565,0.32533723
39.869373232126236,133.10754,0.67990565,0.32533723
39.879375368356705,133.07555,0.679973,0.32655802
39.88937368988991,133.05554,0.68004036,0.3277788
39.89937582612038,133.06355,0.6801078,0.3277788
39.90937414765358,133.07954,0.6801751,0.32899958
39.91937628388405,133.10754,0.68024254,0.32899958
39.92937460541725,133.13155,0.6803772,0.33022034
39.93937674164772,133.09955,0.6804446,0.33022034
39.94937506318092,133.10355,0.6806467,0.33022034
39.95937338471413,133.17554,0.68084884,0.33022034
39.969375520944595,133.25554,0.6811857,0.32899958
39.9793738424778,133.33554,0.68165725,0.32655802
39.98937597870827,133.50754,0.68246573,0.3216749
39.99937430024147,133.74355,0.6835436,0.315571
40.00937643647194,133.99554,0.6846889,0.30946714
40.01937475800514,134.28354,0.6858343,0.30214247
40.02937689423561,134.54353,0.68664277,0.29848012
40.039375215768814,134.70354,0.687249,0.2948178
40.04937353730202,134.79955,0.68772066,0.293597
40.059375673532486,134.89154,0.68825966,0.2899347
40.06937399506569,135.04353,0.6888659,0.28749314
40.07937613129616,135.17154,0.689607,0.2838308
40.08937445282936,135.34354,0.69028074,0.27894768
40.09937658905983,135.50354,0.6908871,0.27650613
40.10937491059303,135.59955,0.69129133,0.27528536
40.119373232126236,135.63153,0.6913587,0.27528536
40.129375368356705,135.59154,0.6913587,0.27650613
40.13937368988991,135.58354,0.6913587,0.27772692
40.14937582612038,135.55154,0.6913587,0.27894768
40.15937414765358,135.55554,0.6913587,0.28016847
40.16937628388405,135.53554,0.6913587,0.28138924
40.17937460541725,135.47554,0.6913587,0.28261003
40.18937674164772,135.45953,0.6913587,0.2838308
40.19937506318092,135.45953,0.6913587,0.28505158
40.20937338471413,135.43555,0.6913587,0.28627235
40.219375520944595,135.41553,0.6913587,0.28749314
40.2293738424778,135.39154,0.6913587,0.2887139
40.23937597870827,135.38754,0.6913587,0.2899347
40.24937430024147,135.35555,0.6913587,0.29115546
40.25937643647194,135.33554,0.6913587,0.29237625
40.26937475800514,135.33154,0.6913587,0.29237625
40.27937689423561,135.27954,0.6913587,0.293597
40.289375215768814,135.26353,0.6913587,0.2948178
40.29937353730202,135.23955,0.6913587,0.29603857
40.309375673532486,135.24754,0.6913587,0.29725936
40.31937399506569,135.24353,0.6913587,0.29848012
40.32937613129616,135.20753,0.6913587,0.29970092
40.33937445282936,135.18355,0.6913587,0.30092168
40.34937658905983,135.15553,0.6913587,0.30214247
40.35937491059303,135.17953,0.6913587,0.30336323
40.369373232126236,135.17953,0.6913587,0.30458403
40.379375368356705,135.11554,0.6913587,0.3058048
40.38937368988991,135.09555,0.6913587,0.30702558
40.39937582612038,135.08354,0.6913587,0.30824634
40.40937414765358,135.07555,0.6913587,0.30946714
40.41937628388405,135.04753,0.6913587,0.3106879
40.42937460541725,135.05954,0.6913587,0.3119087
40.43937674164772,135.05154,0.6913587,0.3119087
40.44937506318092,135.00354,0.6913587,0.31435025
40.45937338471413,134.98354,0.6913587,0.31435025
40.469375520944595,134.97954,0.6913587,0.315571
40.4793738424778,134.98755,0.6913587,0.3167918
40.48937597870827,134.98354,0.6913587,0.31801257
40.49937430024147,134.93954,0.6913587,0.31923336
40.50937643647194,134.90755,0.6913587,0.32045412
40.51937475800514,134.90353,0.6913587,0.3216749
40.52937689423561,134.89154,0.6913587,0.32289568
40.539375215768814,134.88354,0.6913587,0.32411647
40.54937353730202,134.84355,0.6913587,0.32533723
40.559375673532486,134.87154,0.6913587,0.32655802
40.56937399506569,134.86754,0.6913587,0.3277788
40.57937613129616,134.80354,0.6913587,0.32899958
40.58937445282936,134.78754,0.6913587,0.33022034
40.59937658905983,134.80754,0.6913587,0.33144113
40.60937491059303,134.80354,0.6913587,0.33144113
40.619373232126236,134.77155,0.6913587,0.3338827
40.629375368356705,134.73555,0.6913587,0.3338827
40.63937368988991,134.74754,0.6913587,0.33632424
40.64937582612038,134.73154,0.69142604,0.33632424
40.65937414765358,134.71155,0.69142604,0.337545
40.66937628388405,134.70354,0.69142604,0.3387658
40.67937460541725,134.71954,0.6914934,0.3387658
40.68937674164772,134.72754,0.69156075,0.33998656
40.69937506318092,134.69954,0.6916955,0.33998656
40.70937338471413,134.69954,0.6917629,0.34120736
40.719375520944595,134.72354,0.6918303,0.34120736
40.7293738424778,134.76355,0.69196504,0.34120736
40.73937597870827,134.79153,0.69209975,0.34120736
40.74937430024147,134.76753,0.69230187,0.34120736
40.75937643647194,134.81554,0.6923692,0.34242812
40.76937475800514,134.86354,0.69243664,0.3436489
40.77937689423561,134.83554,0.692504,0.3436489
40.789375215768814,134.80354,0.69257134,0.34486967
40.79937353730202,134.84355,0.6926387,0.34486967
40.809375673532486,134.88354,0.6928408,0.34609047
40.81937399506569,134.89554,0.6929756,0.34486967
40.82937613129616,134.90353,0.69317764,0.34486967
40.83937445282936,134.97154,0.6934472,0.3436489
40.84937658905983,135.04753,0.69391876,0.34242812
40.85937491059303,135.19154,0.6945251,0.3387658
40.869373232126236,135.35954,0.6954009,0.3338827
40.879375368356705,135.54753,0.6962094,0.33022034
40.88937368988991,135.79953,0.6970178,0.32533723
40.89937582612038,135.95953,0.69769156,0.3216749
40.90937414765358,136.04353,0.69809574,0.32045412
40.91937628388405,136.08754,0.6982305,0.32045412
40.92937460541725,136.13553,0.6983652,0.32045412
40.93937674164772,136.16754,0.6983652,0.3216749
40.94937506318092,136.11554,0.69843256,0.3216749
40.95937338471413,136.07555,0.69843256,0.32411647
40.969375520944595,136.11154,0.6985,0.32411647
40.9793738424778,136.10355,0.69856733,0.32533723
40.98937597870827,136.08754,0.6986347,0.32533723
40.99937430024147,136.07555,0.6986347,0.32655802
41.00937643647194,136.08354,0.6987021,0.3277788
41.01937475800514,136.08754,0.69876945,0.3277788
41.02937689423561,136.07555,0.69890416,0.3277788
41.039375215768814,136.10355,0.6991063,0.3277788
41.04937353730202,136.12354,0.69924104,0.3277788
41.059375673532486,136.15953,0.69930845,0.32899958
41.06937399506569,136.16754,0.6993758,0.33022034
41.07937613129616,136.12354,0.69944316,0.33022034
41.08937445282936,136.13553,0.6995105,0.33144113
41.09937658905983,136.16754,0.69957787,0.33144113
41.10937491059303,136.20753,0.69978005,0.33144113
41.119373232126236,136.19954,0.6999821,0.33144113
41.129375368356705,136.25153,0.70025164,0.33022034
41.13937368988991,136.37154,0.7007906,0.3277788
41.14937582612038,136.50352,0.7014643,0.32411647
41.15937414765358,136.67154,0.7023401,0.31923336
41.16937628388405,136.88753,0.7032159,0.31435025
41.17937460541725,137.08354,0.7040918,0.3106879
41.18937674164772,137.24353,0.7045634,0.30824634
41.19937506318092,137.31554,0.7046981,0.30824634
41.20937338471413,137.31554,0.7046981,0.30946714
41.219375520944595,137.28354,0.7046981,0.3106879
41.2293738424778,137.27953,0.7046981,0.3119087
41.23937597870827,137.25153,0.70476544,0.3119087
41.24937430024147,137.20753,0.70476544,0.31312945
41.25937643647194,137.21953,0.70476544,0.31435025
41.26937475800514,137.21153,0.70476544,0.315571
41.27937689423561,137.19154,0.70476544,0.3167918
41.289375215768814,137.14352,0.7048328,0.3167918
41.29937353730202,137.13953,0.7048328,0.31801257
41.309375673532486,137.14754,0.7048328,0.31923336
41.31937399506569,137.13153,0.7049002,0.32045412
41.32937613129616,137.09154,0.7049002,0.3216749
41.33937445282936,137.11552,0.70496756,0.3216749
41.34937658905983,137.08752,0.7050349,0.32289568
41.35937491059303,137.09154,0.7050349,0.32411647
41.369373232126236,137.09154,0.7051023,0.32411647
41.379375368356705,137.08354,0.7051023,0.32533723
41.38937368988991,137.07153,0.7051697,0.32655802
41.39937582612038,137.08354,0.7053044,0.32655802
41.40937414765358,137.12354,0.7055065,0.32655802
41.41937628388405,137.14754,0.705776,0.32533723
41.42937460541725,137.24353,0.7062476,0.32411647
41.43937674164772,137.39954,0.7069213,0.32045412
41.44937506318092,137.59953,0.7078645,0.315571
41.45937338471413,137.81554,0.70887506,0.30946714
41.469375520944595,138.06754,0.709953,0.30214247
41.4793738424778,138.32753,0.71116567,0.29603857
41.48937597870827,138.58353,0.71197414,0.29115546
41.49937430024147,138.75153,0.71244574,0.2887139
41.50937643647194,138.83153,0.7128499,0.28749314
41.51937475800514,138.85152,0.71311945,0.28627235
41.52937689423561,138.91953,0.7134563,0.28505158
41.539375215768814,138.97552,0.7137931,0.2838308
41.54937353730202,139.03952,0.7141974,0.28261003
41.559375673532486,139.15953,0.7146016,0.28016847
41.56937399506569,139.25552,0.71507317,0.27894768
41.57937613129616,139.31552,0.71554476,0.27650613
41.58937445282936,139.41153,0.7161511,0.27406457
41.59937658905983,139.56752,0.7168248,0.27040225
41.60937491059303,139.71953,0.71722907,0.26918146
41.619373232126236,139.73953,0.7172964,0.26918146
41.629375368356705,139.70352,0.7172964,0.27040225
41.63937368988991,139.67952,0.7172964,0.27162302
41.64937582612038,139.64752,0.7172964,0.2728438
41.65937414765358,139.62752,0.7172964,0.27406457
41.66937628388405,139.61952,0.7172964,0.27528536
41.67937460541725,139.56752,0.7172964,0.27650613
41.68937674164772,139.54753,0.7172964,0.27650613
41.69937506318092,139.53552,0.7172964,0.27894768
41.70937338471413,139.50352,0.7172964,0.27894768
41.719375520944595,139.47952,0.7172964,0.28016847
41.7293738424778,139.48352,0.7172964,0.28138924
41.73937597870827,139.48352,0.7173638,0.28261003
41.74937430024147,139.40753,0.7173638,0.2838308
41.75937643647194,139.37953,0.7173638,0.28505158
41.76937475800514,139.39552,0.7173638,0.28627235
41.77937689423561,139.39952,0.7173638,0.28749314
41.789375215768814,139.34352,0.7173638,0.2887139
41.79937353730202,139.30753,0.7173638,0.2899347
41.809375673532486,139.30753,0.7173638,0.29115546
41.81937399506569,139.27553,0.7173638,0.29115546
41.82937613129616,139.27153,0.7173638,0.29237625
41.83937445282936,139.25952,0.7173638,0.293597
41.84937658905983,139.22353,0.7173638,0.2948178
41.85937491059303,139.23152,0.7174311,0.29603857
41.869373232126236,139.22353,0.7174311,0.29725936
41.879375368356705,139.17552,0.7174311,0.29848012
41.88937368988991,139.17953,0.7174985,0.29848012
41.89937582612038,139.19553,0.7174985,0.29970092
41.90937414765358,139.19153,0.7174985,0.30092168
41.91937628388405,139.13152,0.7175659,0.30214247
41.92937460541725,139.12352,0.7175659,0.30336323
41.93937674164772,139.15553,0.71763325,0.30336323
41.94937506318092,139.12352,0.71763325,0.30458403
41.95937338471413,139.08752,0.71763325,0.3058048
41.969375520944595,139.09953,0.71770066,0.30702558
41.9793738424778,139.09953,0.71770066,0.30824634
41.98937597870827,139.05952,0.717768,0.30824634
41.99937430024147,139.04753,0.717768,0.30946714
42.00937643647194,139.04753,0.717768,0.3106879
42.01937475800514,139.05553,0.717768,0.3119087
42.02937689423561,139.07153,0.7179028,0.3119087
42.039375215768814,139.06352,0.7179701,0.31312945
42.04937353730202,139.02753,0.7180375,0.31312945
42.059375673532486,139.04353,0.71810484,0.31435025
42.06937399506569,139.09953,0.7182396,0.31435025
42.07937613129616,139.11153,0.7183744,0.31435025
42.08937445282936,139.07553,0.7185091,0.315571
42.09937658905983,139.08353,0.7186438,0.315571
42.10937491059303,139.16753,0.7189133,0.31435025
42.119373232126236,139.23152,0.71925014,0.31312945
42.129375368356705,139.31552,0.71978915,0.3106879
42.13937368988991,139.46753,0.72046286,0.30824634
42.14937582612038,139.65553,0.7212713,0.30214247
42.15937414765358,139.85951,0.72221446,0.29725936
42.16937628388405,140.08353,0.72322506,0.29115546
42.17937460541725,140.29951,0.7238987,0.2887139
42.18937674164772,140.37152,0.7240335,0.2887139
42.19937506318092,140.37552,0.7240335,0.2887139
42.20937338471413,140.35551,0.7240335,0.29115546
42.219375520944595,140.32751,0.7240335,0.29115546
42.2293738424778,140.31152,0.7240335,0.29237625
42.23937597870827,140.30753,0.7240335,0.293597
42.24937430024147,140.27553,0.7240335,0.2948178
42.25937643647194,140.23152,0.7240335,0.29603857
42.26937475800514,140.22752,0.7240335,0.29725936
42.27937689423561,140.21951,0.7241009,0.29848012
42.289375215768814,140.18753,0.7241009,0.29970092
42.29937353730202,140.17552,0.7241009,0.30092168
42.309375673532486,140.17552,0.7241009,0.30214247
42.31937399506569,140.13953,0.7241009,0.30214247
42.32937613129616,140.09152,0.7241009,0.30458403
42.33937445282936,140.11151,0.7241009,0.30458403
42.34937658905983,140.09952,0.7241009,0.3058048
42.35937491059303,140.07953,0.7241009,0.30702558
42.369373232126236,140.05553,0.7241009,0.30824634
42.379375368356705,140.04752,0.72416824,0.30946714
42.38937368988991,140.01552,0.72416824,0.3106879
42.39937582612038,140.00352,0.72416824,0.3119087
42.40937414765358,139.99153,0.72416824,0.3119087
42.41937628388405,139.99153,0.7242356,0.31312945
42.42937460541725,139.95952,0.7242356,0.31435025
42.43937674164772,139.97952,0.7242356,0.315571
42.44937506318092,139.94753,0.724303,0.315571
42.45937338471413,139.96353,0.7243703,0.3167918
42.469375520944595,139.95952,0.7243703,0.31801257
42.4793738424778,139.94753,0.7243703,0.31923336
42.48937597870827,139.89952,0.7244377,0.32045412
42.49937430024147,139.91153,0.72450507,0.32045412
42.50937643647194,139.93951,0.7245724,0.3216749
42.51937475800514,139.91153,0.72463983,0.3216749
42.52937689423561,139.91953,0.7247072,0.32289568
42.539375215768814,139.95552,0.72484195,0.32289568
42.54937353730202,139.98352,0.725044,0.32289568
42.559375673532486,139.99551,0.72531354,0.3216749
42.56937399506569,140.05952,0.7257178,0.32045412
42.57937613129616,140.18753,0.7262567,0.31801257
42.58937445282936,140.33952,0.72693044,0.31435025
42.59937658905983,140.49152,0.7276715,0.3106879
42.60937491059303,140.69952,0.72854733,0.3058048
42.619373232126236,140.90752,0.72935575,0.30092168
42.629375368356705,141.04352,0.72982734,0.29848012
42.63937368988991,141.09552,0.72989476,0.29970092
42.64937582612038,141.06352,0.72989476,0.30092168
42.65937414765358,141.04752,0.72989476,0.30214247
42.66937628388405,141.05952,0.7299621,0.30214247
42.67937460541725,141.03552,0.7299621,0.30336323
42.68937674164772,140.97153,0.7299621,0.30458403
42.69937506318092,140.97551,0.7299621,0.3058048
42.70937338471413,140.99551,0.7299621,0.30702558
42.719375520944595,140.95952,0.7299621,0.30824634
42.7293738424778,140.90352,0.7299621,0.30946714
42.73937597870827,140.90752,0.7300295,0.3106879
42.74937430024147,140.91553,0.7300295,0.3119087
42.75937643647194,140.90752,0.7300969,0.3119087
42.76937475800514,140.87552,0.7300969,0.31312945
42.77937689423561,140.87552,0.7301642,0.31435025
42.789375215768814,140.88753,0.7301642,0.31435025
42.79937353730202,140.88753,0.7302316,0.315571
42.809375673532486,140.85951,0.73029894,0.315571
42.81937399506569,140.82753,0.73029894,0.31801257
42.82937613129616,140.83151,0.73036635,0.31801257
42.83937445282936,140.86752,0.73036635,0.31923336
42.84937658905983,140.85152,0.7304337,0.32045412
42.85937491059303,140.81152,0.7304337,0.3216749
42.869373232126236,140.82352,0.73050106,0.3216749
42.879375368356705,140.85551,0.73056847,0.32289568
42.88937368988991,140.83151,0.7307032,0.32289568
42.89937582612038,140.81552,0.73083794,0.32289568
42.90937414765358,140.87152,0.73097265,0.32289568
42.91937628388405,140.92352,0.7311748,0.32289568
42.92937460541725,140.93552,0.73144424,0.3216749
42.93937674164772,140.98352,0.73178107,0.3216749
42.94937506318092,141.07152,0.7322527,0.31923336
42.95937338471413,141.21552,0.73279166,0.315571
42.969375520944595,141.37152,0.733398,0.31312945
42.9793738424778,141.4795,0.73407173,0.30946714
42.98937597870827,141.62752,0.73474544,0.30702558
42.99937430024147,141.78752,0.7353518,0.30336323
43.00937643647194,141.92352,0.7358234,0.30214247
43.01937475800514,141.97151,0.73602545,0.30092168
43.02937689423561,141.95952,0.7360928,0.30214247
43.039375215768814,141.97551,0.7360928,0.30214247
43.04937353730202,141.97151,0.7360928,0.30458403
43.059375673532486,141.91951,0.7360928,0.30458403
43.06937399506569,141.91151,0.7360928,0.3058048
43.07937613129616,141.90352,0.7360928,0.30702558
43.08937445282936,141.88351,0.7361602,0.30824634
43.09937658905983,141.83951,0.7361602,0.30946714
43.10937491059303,141.83151,0.7361602,0.3106879
43.119373232126236,141.83151,0.7361602,0.3119087
43.129375368356705,141.83151,0.7362276,0.3119087
43.13937368988991,141.81552,0.7362276,0.31312945
43.14937582612038,141.75952,0.7362276,0.31435025
43.15937414765358,141.74751,0.7362276,0.315571
43.16937628388405,141.75552,0.7362276,0.3167918
43.17937460541725,141.75952,0.736295,0.31801257
43.18937674164772,141.71951,0.736295,0.31801257
43.19937506318092,141.69151,0.736295,0.32045412
43.20937338471413,141.70352,0.73636234,0.32045412
43.219375520944595,141.72351,0.73636234,0.3216749
43.2293738424778,141.67152,0.73636234,0.32289568
43.23937597870827,141.66353,0.73642975,0.32411647
43.24937430024147,141.67952,0.73642975,0.32411647
43.25937643647194,141.66353,0.73642975,0.32533723
43.26937475800514,141.65552,0.73642975,0.32655802
43.27937689423561,141.60751,0.7364971,0.3277788
43.289375215768814,141.61151,0.7365644,0.3277788
43.29937353730202,141.63152,0.73669916,0.32899958
43.309375673532486,141.66751,0.73683393,0.32899958
43.31937399506569,141.65952,0.7369687,0.32899958
43.32937613129616,141.67552,0.7371034,0.32899958
43.33937445282936,141.73552,0.7373729,0.3277788
43.34937658905983,141.78752,0.737575,0.3277788
43.35937491059303,141.82352,0.7379119,0.32655802
43.369373232126236,141.93552,0.7384508,0.32411647
43.379375368356705,142.07951,0.7390572,0.3216749
43.38937368988991,142.20352,0.73966354,0.31801257
43.39937582612038,142.32751,0.74026984,0.315571
43.40937414765358,142.48352,0.74087614,0.3119087
43.41937628388405,142.62752,0.74161726,0.30824634
43.42937460541725,142.79552,0.742291,0.30458403
43.43937674164772,142.93951,0.74276257,0.30214247
43.44937506318092,142.99951,0.7430994,0.30214247
43.45937338471413,143.05951,0.7433689,0.30092168
43.469375520944595,143.11151,0.743571,0.30092168
43.4793738424778,143.14752,0.7437731,0.30092168
43.48937597870827,143.1515,0.7440426,0.29970092
43.49937430024147,143.19551,0.7444469,0.29848012
43.50937643647194,143.30751,0.74485105,0.29603857
43.51937475800514,143.42752,0.74539,0.293597
43.52937689423561,143.50752,0.7458616,0.29237625
43.539375215768814,143.60352,0.7463332,0.2899347
43.54937353730202,143.69951,0.7468048,0.28749314
43.559375673532486,143.7875,0.7471416,0.28627235
43.56937399506569,143.85551,0.74747854,0.28505158
43.57937613129616,143.91951,0.74774796,0.28505158
43.58937445282936,143.91951,0.7478154,0.28505158
43.59937658905983,143.90352,0.7478154,0.28627235
43.60937491059303,143.9075,0.7478827,0.28627235
43.619373232126236,143.8475,0.7478827,0.2887139
43.629375368356705,143.85152,0.7478827,0.2887139
43.63937368988991,143.87552,0.7478827,0.29115546
43.64937582612038,143.80351,0.7478827,0.29115546
43.65937414765358,143.7635,0.7478827,0.29237625
43.66937628388405,143.74352,0.7478827,0.293597
43.67937460541725,143.76752,0.7478827,0.2948178
43.68937674164772,143.7635,0.7478827,0.29603857
43.69937506318092,143.6755,0.7478827,0.29725936
43.70937338471413,143.68752,0.7478827,0.29848012
43.719375520944595,143.68752,0.7478827,0.29970092
43.7293738424778,143.6475,0.7478827,0.30092168
43.73937597870827,143.6275,0.7478827,0.30214247
43.74937430024147,143.61151,0.7478827,0.30336323
43.75937643647194,143.5955,0.7478827,0.30458403
43.76937475800514,143.60751,0.7478827,0.3058048
43.77937689423561,143.55951,0.7478827,0.3058048
43.789375215768814,143.50351,0.7478827,0.30824634
43.79937353730202,143.50752,0.7478827,0.30824634
43.809375673532486,143.52751,0.7478827,0.3106879
43.81937399506569,143.49951,0.7478827,0.3106879
43.82937613129616,143.4555,0.7478827,0.3119087
43.83937445282936,143.4555,0.7478827,0.31312945
43.84937658905983,143.4315,0.7478827,0.31435025
43.85937491059303,143.4035,0.7478827,0.315571
43.869373232126236,143.38351,0.7478827,0.3167918
43.879375368356705,143.41551,0.7478827,0.31801257
43.88937368988991,143.39151,0.7478827,0.31923336
43.89937582612038,143.33951,0.7478827,0.32045412
43.90937414765358,143.30351,0.7478827,0.3216749
43.91937628388405,143.30751,0.7478827,0.32289568
43.92937460541725,143.31151,0.7478827,0.32411647
43.93937674164772,143.31952,0.7478827,0.32533723
43.94937506318092,143.27151,0.7478827,0.32533723
43.95937338471413,143.22351,0.7478827,0.3277788
43.969375520944595,143.24352,0.7478827,0.3277788
43.9793738424778,143.24751,0.7478827,0.33022034
43.98937597870827,143.18752,0.7478827,0.33022034
43.99937430024147,143.15552,0.7478827,0.33144113
44.00937643647194,143.19151,0.7478827,0.3326619
44.01937475800514,143.18752,0.7479501,0.3338827
44.02937689423561,143.11952,0.7479501,0.33510345
44.039375215768814,143.13152,0.7480175,0.33632424
44.04937353730202,143.15552,0.74808484,0.33632424
44.059375673532486,143.13152,0.74808484,0.337545
44.06937399506569,143.10751,0.74821955,0.337545
44.07937613129616,143.13551,0.7483543,0.337545
44.08937445282936,143.16351,0.74842167,0.3387658
44.09937658905983,143.18352,0.74842167,0.33998656
44.10937491059303,143.1515,0.74842167,0.34120736
44.119373232126236,143.12752,0.74842167,0.34120736
44.129375368356705,143.11551,0.7484891,0.34242812
44.13937368988991,143.13551,0.7484891,0.3436489
44.14937582612038,143.10352,0.74855644,0.34486967
44.15937414765358,143.09552,0.7486912,0.34486967
44.16937628388405,143.16351,0.74889326,0.34486967
44.17937460541725,143.22351,0.7491628,0.3436489
44.18937674164772,143.23552,0.74936485,0.3436489
44.19937506318092,143.25151,0.74956703,0.3436489
44.20937338471413,143.3235,0.7497691,0.3436489
44.219375520944595,143.35551,0.7499712,0.34242812
44.2293738424778,143.39151,0.75017333,0.34242812
44.23937597870827,143.43552,0.7504428,0.34120736
44.24937430024147,143.52351,0.75084704,0.33998656
44.25937643647194,143.64351,0.751386,0.337545
44.26937475800514,143.75551,0.75199234,0.33510345
44.27937689423561,143.89551,0.7527334,0.33022034
44.289375215768814,144.11151,0.7536766,0.32533723
44.29937353730202,144.3315,0.7546872,0.32045412
44.309375673532486,144.57951,0.75549567,0.31435025
44.31937399506569,144.71951,0.7560346,0.3119087
44.32937613129616,144.75551,0.7563041,0.3119087
44.33937445282936,144.83551,0.75657356,0.3106879
44.34937658905983,144.88351,0.7567757,0.3106879
44.35937491059303,144.89551,0.75704515,0.3106879
44.369373232126236,144.9435,0.757382,0.30824634
44.379375368356705,145.0355,0.7577188,0.30824634
44.38937368988991,145.09952,0.75805575,0.3058048
44.39937582612038,145.13951,0.7583926,0.3058048
44.40937414765358,145.2075,0.75872946,0.30458403
44.41937628388405,145.2635,0.7589989,0.30336323
44.42937460541725,145.2995,0.7592684,0.30214247
44.43937674164772,145.3795,0.75967264,0.30214247
44.44937506318092,145.4475,0.75994205,0.30092168
44.45937338471413,145.4835,0.76014423,0.30092168
44.469375520944595,145.46751,0.7602116,0.30092168
44.4793738424778,145.4515,0.7602116,0.30214247
44.48937597870827,145.46751,0.7602116,0.30336323
44.49937430024147,145.4475,0.76027894,0.30336323
44.50937643647194,145.4355,0.76027894,0.30458403
44.51937475800514,145.41551,0.76027894,0.3058048
44.52937689423561,145.35951,0.76027894,0.30702558
44.539375215768814,145.3475,0.76027894,0.30824634
44.54937353730202,145.36351,0.76034635,0.30946714
44.559375673532486,145.33551,0.76034635,0.3106879
44.56937399506569,145.3155,0.76034635,0.3119087
44.57937613129616,145.2955,0.76034635,0.3119087
44.58937445282936,145.27951,0.76034635,0.31435025
44.59937658905983,145.2395,0.76034635,0.31435025
44.60937491059303,145.2595,0.76034635,0.315571
44.619373232126236,145.25151,0.76041365,0.3167918
44.629375368356705,145.1835,0.76041365,0.31801257
44.63937368988991,145.1675,0.76041365,0.31923336
44.64937582612038,145.1955,0.76041365,0.32045412
44.65937414765358,145.1835,0.76041365,0.3216749
44.66937628388405,145.13951,0.76041365,0.32289568
44.67937460541725,145.1275,0.76041365,0.32411647
44.68937674164772,145.1195,0.76041365,0.32411647
44.69937506318092,145.09952,0.76041365,0.32533723
44.70937338471413,145.09952,0.76041365,0.32655802
44.719375520944595,145.0795,0.76041365,0.3277788
44.7293738424778,145.0515,0.76041365,0.32899958
44.73937597870827,145.0435,0.76048106,0.33022034
44.74937430024147,145.0395,0.76048106,0.33144113
44.75937643647194,145.00351,0.76048106,0.3326619
44.76937475800514,144.9955,0.76048106,0.3338827
44.77937689423561,145.0235,0.7605484,0.3338827
44.789375215768814,144.99951,0.7606158,0.33510345
44.79937353730202,144.97151,0.7606832,0.33632424
44.809375673532486,144.9835,0.7606832,0.33632424
44.81937399506569,145.0115,0.7606832,0.337545
44.82937613129616,144.9835,0.76075053,0.3387658
44.83937445282936,144.9675,0.7608853,0.3387658
44.84937658905983,144.97551,0.76095265,0.33998656
44.85937491059303,144.9955,0.76102,0.33998656
44.869373232126236,144.99951,0.7610874,0.34120736
44.879375368356705,144.99152,0.7611548,0.34120736
44.88937368988991,144.99152,0.7612221,0.34242812
44.89937582612038,144.9875,0.76128954,0.34242812
44.90937414765358,144.99951,0.76142424,0.3436489
44.91937628388405,145.0235,0.7614916,0.3436489
44.92937460541725,144.99951,0.76162636,0.3436489
44.93937674164772,145.0635,0.7618285,0.3436489
44.94937506318092,145.1235,0.76203054,0.3436489
44.95937338471413,145.1275,0.7621653,0.3436489
44.969375520944595,145.1275,0.7623675,0.3436489
44.9793738424778,145.17151,0.76250213,0.3436489
44.98937597870827,145.2155,0.7626369,0.3436489
44.99937430024147,145.22751,0.762839,0.3436489
45.00937643647194,145.2635,0.7631085,0.3436489
45.01937475800514,145.3315,0.763378,0.34242812
45.02937689423561,145.4075,0.7638496,0.33998656
45.039375215768814,145.49551,0.7643212,0.3387658
45.04937353730202,145.58751,0.7647928,0.33632424
45.059375673532486,145.72351,0.76533175,0.3338827
45.06937399506569,145.8715,0.7659381,0.33022034
45.07937613129616,146.0555,0.7667465,0.32533723
45.08937445282936,146.17151,0.76728547,0.32289568
45.09937658905983,146.2115,0.767555,0.32289568
45.10937491059303,146.2595,0.76762235,0.32289568
45.119373232126236,146.2915,0.76762235,0.32411647
45.129375368356705,146.2395,0.76762235,0.32533723
45.13937368988991,146.2035,0.76762235,0.32655802
45.14937582612038,146.1915,0.76762235,0.3277788
45.15937414765358,146.1915,0.76762235,0.32899958
45.16937628388405,146.1595,0.76762235,0.33022034
45.17937460541725,146.14351,0.76762235,0.33144113
45.18937674164772,146.1355,0.76762235,0.3326619
45.19937506318092,146.1115,0.76762235,0.3338827
45.20937338471413,146.0835,0.76762235,0.33510345
45.219375520944595,146.0755,0.76768976,0.33632424
45.2293738424778,146.0595,0.76768976,0.33632424
45.23937597870827,146.0595,0.76768976,0.337545
45.24937430024147,146.0395,0.7677571,0.3387658
45.25937643647194,146.0315,0.7677571,0.33998656
45.26937475800514,145.9835,0.7678245,0.33998656
45.27937689423561,146.0155,0.7678245,0.34120736
45.289375215768814,146.0315,0.7678245,0.34242812
45.29937353730202,145.9915,0.7678918,0.3436489
45.309375673532486,145.97551,0.7679592,0.3436489
45.31937399506569,146.0155,0.76809394,0.3436489
45.32937613129616,146.0235,0.7682287,0.34486967
45.33937445282936,146.0355,0.7683634,0.34486967
45.34937658905983,146.0635,0.76856554,0.34486967
45.35937491059303,146.0995,0.76876765,0.3436489
45.369373232126236,146.1675,0.76910454,0.3436489
45.379375368356705,146.2755,0.7696435,0.33998656
45.38937368988991,146.3915,0.77024984,0.337545
45.39937582612038,146.5195,0.77092355,0.3338827
45.40937414765358,146.7075,0.771732,0.33022034
45.41937628388405,146.9075,0.77260774,0.32533723
45.42937460541725,147.11949,0.7734163,0.32045412
45.43937674164772,147.2275,0.7739552,0.31801257
45.44937506318092,147.3115,0.7741573,0.3167918
45.45937338471413,147.3475,0.7741573,0.31801257
45.469375520944595,147.2955,0.7741573,0.31923336
45.4793738424778,147.2715,0.7742247,0.32045412
45.48937597870827,147.2715,0.7742247,0.3216749
45.49937430024147,147.2715,0.77429205,0.3216749
45.50937643647194,147.2395,0.77429205,0.32289568
45.51937475800514,147.2155,0.77429205,0.32411647
45.52937689423561,147.1795,0.7743594,0.32533723
45.539375215768814,147.1955,0.7743594,0.32655802
45.54937353730202,147.1995,0.7744268,0.32655802
45.559375673532486,147.1795,0.7744942,0.3277788
45.56937399506569,147.1595,0.77462894,0.3277788
45.57937613129616,147.2035,0.77476364,0.3277788
45.58937445282936,147.26349,0.7748984,0.3277788
45.59937658905983,147.2155,0.7751005,0.3277788
45.60937491059303,147.2395,0.7753026,0.3277788
45.619373232126236,147.3355,0.7757069,0.32655802
45.629375368356705,147.4595,0.77624583,0.32411647
45.63937368988991,147.5995,0.77705425,0.31923336
45.64937582612038,147.7915,0.7781322,0.31312945
45.65937414765358,148.09149,0.77947956,0.30458403
45.66937628388405,148.4635,0.78082705,0.29603857
45.67937460541725,148.6555,0.78163546,0.29237625
45.68937674164772,148.81549,0.7821744,0.2899347
45.69937506318092,148.90349,0.7825787,0.28749314
45.70937338471413,149.00749,0.7830503,0.28627235
45.719375520944595,149.09149,0.7835219,0.2838308
45.7293738424778,149.14749,0.78406084,0.28138924
45.73937597870827,149.27948,0.7848019,0.27650613
45.74937430024147,149.50749,0.78574514,0.2728438
45.75937643647194,149.7235,0.78655356,0.2667399
45.76937475800514,149.75949,0.78682303,0.2667399
45.77937689423561,149.76749,0.78682303,0.2679607
45.789375215768814,149.79549,0.78682303,0.26918146
45.79937353730202,149.7555,0.78682303,0.27040225
45.809375673532486,149.6955,0.78682303,0.27162302
45.81937399506569,149.65549,0.78682303,0.2728438
45.82937613129616,149.67949,0.78682303,0.2728438
45.83937445282936,149.63948,0.78682303,0.27528536
45.84937658905983,149.59549,0.78682303,0.27528536
45.85937491059303,149.5555,0.78682303,0.27650613
45.869373232126236,149.5555,0.78682303,0.27772692
45.879375368356705,149.53949,0.78682303,0.27894768
45.88937368988991,149.50749,0.78682303,0.28016847
45.89937582612038,149.4235,0.78682303,0.28138924
45.90937414765358,149.4355,0.7868904,0.28261003
45.91937628388405,149.45149,0.7868904,0.2838308
45.92937460541725,149.37949,0.7868904,0.28505158
45.93937674164772,149.31949,0.7868904,0.28627235
45.94937506318092,149.3315,0.7868904,0.28627235
45.95937338471413,149.34749,0.7868904,0.2887139
45.969375520944595,149.3075,0.7868904,0.2887139
45.9793738424778,149.26749,0.7868904,0.29115546
45.98937597870827,149.2475,0.7868904,0.29115546
45.99937430024147,149.2555,0.7868904,0.29237625
46.00937643647194,149.24348,0.7868904,0.293597
46.01937475800514,149.18748,0.7868904,0.2948178
46.02937689423561,149.1435,0.7868904,0.29603857
46.039375215768814,149.1315,0.7868904,0.29725936
46.04937353730202,149.1435,0.7868904,0.29848012
46.059375673532486,149.1155,0.7868904,0.29970092
46.06937399506569,149.06749,0.78695774,0.30092168
46.07937613129616,149.0875,0.78695774,0.30092168
46.08937445282936,149.0875,0.78695774,0.30214247
46.09937658905983,149.01949,0.78695774,0.30336323
46.10937491059303,148.98749,0.78695774,0.30458403
46.119373232126236,149.01949,0.78695774,0.3058048
46.129375368356705,149.02748,0.7870251,0.30702558
46.13937368988991,148.96349,0.7870251,0.30824634
46.14937582612038,148.9155,0.7870251,0.30946714
46.15937414765358,148.9195,0.7870251,0.3106879
46.16937628388405,148.9195,0.7870251,0.3119087
46.17937460541725,148.9195,0.7870925,0.3119087
46.18937674164772,148.89949,0.7870925,0.31312945
46.19937506318092,148.8675,0.7870925,0.31435025
46.20937338471413,148.8595,0.78715986,0.315571
46.219375520944595,148.8595,0.78715986,0.315571
46.2293738424778,148.8355,0.78715986,0.3167918
46.23937597870827,148.8035,0.7872273,0.31801257
46.24937430024147,148.79549,0.7872273,0.31923336
46.25937643647194,148.8275,0.78736204,0.31923336
46.26937475800514,148.81549,0.7874967,0.31923336
46.27937689423561,148.84749,0.78763145,0.32045412
46.289375215768814,148.8595,0.7877662,0.32045412
46.29937353730202,148.8795,0.7879683,0.32045412
46.309375673532486,148.9195,0.7882378,0.31923336
46.31937399506569,149.0035,0.78864205,0.31801257
46.32937613129616,149.1155,0.789181,0.31435025
46.33937445282936,149.2555,0.7899221,0.3119087
46.34937658905983,149.45949,0.79086524,0.3058048
46.35937491059303,149.7275,0.7921453,0.29848012
46.369373232126236,149.9675,0.7930885,0.29237625
46.379375368356705,150.10349,0.79349273,0.29115546
46.38937368988991,150.15948,0.79349273,0.29237625
46.39937582612038,150.10748,0.79349273,0.293597
46.40937414765358,150.09549,0.7935601,0.293597
46.41937628388405,150.1115,0.7935601,0.2948178
46.42937460541725,150.07149,0.7935601,0.29603857
46.43937674164772,150.04749,0.7935601,0.29725936
46.44937506318092,150.0035,0.7935601,0.29848012
46.45937338471413,150.00749,0.7935601,0.29970092
46.469375520944595,149.99149,0.7935601,0.30092168
46.4793738424778,149.98349,0.7936275,0.30092168
46.48937597870827,149.9475,0.7936275,0.30214247
46.49937430024147,149.88348,0.7936275,0.30336323
46.50937643647194,149.87549,0.7936275,0.30458403
46.51937475800514,149.90749,0.7936275,0.3058048
46.52937689423561,149.89148,0.79369485,0.30702558
46.539375215768814,149.8395,0.79369485,0.30824634
46.54937353730202,149.82349,0.79369485,0.30946714
46.559375673532486,149.8035,0.7937622,0.30946714
46.56937399506569,149.79948,0.7937622,0.3106879
46.57937613129616,149.79149,0.7937622,0.3119087
46.58937445282936,149.77148,0.7937622,0.31312945
46.59937658905983,149.76749,0.79382956,0.31435025
46.60937491059303,149.77148,0.7939643,0.31435025
46.619373232126236,149.77148,0.7940317,0.31435025
46.629375368356705,149.79149,0.79416645,0.31435025
46.63937368988991,149.81549,0.7943685,0.315571
46.64937582612038,149.8395,0.79463804,0.31435025
46.65937414765358,149.9155,0.79497486,0.31312945
46.66937628388405,149.9955,0.79551387,0.3106879
46.67937460541725,150.1395,0.7961876,0.30702558
46.68937674164772,150.31949,0.796996,0.30214247
46.69937506318092,150.54749,0.79800653,0.29725936
46.70937338471413,150.71548,0.798815,0.29237625
46.719375520944595,150.83548,0.7990845,0.29115546
46.7293738424778,150.87549,0.7990845,0.29237625
46.73937597870827,150.83548,0.7990845,0.293597
46.74937430024147,150.8315,0.7990845,0.2948178
46.75937643647194,150.81549,0.7990845,0.29603857
46.76937475800514,150.77148,0.79915184,0.29603857
46.77937689423561,150.73549,0.79915184,0.29848012
46.789375215768814,150.71149,0.79915184,0.29848012
46.79937353730202,150.69148,0.79915184,0.29970092
46.809375673532486,150.67949,0.79915184,0.30092168
46.81937399506569,150.6675,0.79915184,0.30214247
46.82937613129616,150.6435,0.79915184,0.30336323
46.83937445282936,150.59149,0.79915184,0.30458403
46.84937658905983,150.58348,0.79915184,0.3058048
46.85937491059303,150.57149,0.79915184,0.30702558
46.869373232126236,150.54749,0.79915184,0.30824634
46.879375368356705,150.51949,0.79915184,0.30946714
46.88937368988991,150.51549,0.79915184,0.3106879
46.89937582612038,150.49548,0.79915184,0.3119087
46.90937414765358,150.43948,0.79915184,0.31312945
46.91937628388405,150.45149,0.79915184,0.31435025
46.92937460541725,150.45549,0.79915184,0.315571
46.93937674164772,150.40749,0.79915184,0.315571
46.94937506318092,150.37149,0.79915184,0.31801257
46.95937338471413,150.37549,0.79921925,0.31801257
46.969375520944595,150.35548,0.79921925,0.31923336
46.9793738424778,150.3355,0.79921925,0.32045412
46.98937597870827,150.35548,0.7992866,0.32045412
46.99937430024147,150.32349,0.7992866,0.3216749
47.00937643647194,150.29149,0.79935396,0.32289568
47.01937475800514,150.2995,0.79942137,0.32411647
47.02937689423561,150.30348,0.79942137,0.32411647
47.039375215768814,150.3115,0.7994887,0.32533723
47.04937353730202,150.30348,0.7994887,0.32655802
47.059375673532486,150.29149,0.79955614,0.3277788
47.06937399506569,150.25949,0.7996234,0.3277788
47.07937613129616,150.26749,0.7997582,0.3277788
47.08937445282936,150.32748,0.7999603,0.3277788
47.09937658905983,150.36748,0.8002298,0.3277788
47.10937491059303,150.40749,0.8005667,0.32533723
47.119373232126236,150.47548,0.8009709,0.32411647
47.129375368356705,150.5795,0.80150986,0.3216749
47.13937368988991,150.70349,0.8021162,0.31923336
47.14937582612038,150.8315,0.80278987,0.315571
47.15937414765358,151.05148,0.803531,0.3119087
47.16937628388405,151.24348,0.80440676,0.3058048
47.17937460541725,151.37549,0.8051479,0.30214247
47.18937674164772,151.47148,0.8054847,0.30092168
47.19937506318092,151.50749,0.8054847,0.30214247
47.20937338471413,151.51147,0.8054847,0.30336323
47.219375520944595,151.49948,0.8054847,0.30458403
47.2293738424778,151.46349,0.8054847,0.3058048
47.23937597870827,151.4235,0.8054847,0.30702558
47.24937430024147,151.37949,0.8054847,0.30824634
47.25937643647194,151.38748,0.8054847,0.30946714
47.26937475800514,151.37549,0.8054847,0.3106879
47.27937689423561,151.33148,0.8054847,0.3119087
47.289375215768814,151.3355,0.80555207,0.3119087
47.29937353730202,151.29549,0.80555207,0.31312945
47.309375673532486,151.25948,0.80555207,0.31435025
47.31937399506569,151.25948,0.80555207,0.315571
47.32937613129616,151.27948,0.8056195,0.3167918
47.33937445282936,151.2555,0.8056195,0.31801257
47.34937658905983,151.20348,0.8056195,0.31923336
47.35937491059303,151.21948,0.80568683,0.31923336
47.369373232126236,151.23148,0.8057542,0.32045412
47.379375368356705,151.21548,0.8058216,0.32045412
47.38937368988991,151.19148,0.80588895,0.3216749
47.39937582612038,151.1995,0.8059563,0.3216749
47.40937414765358,151.19148,0.80602366,0.32289568
47.41937628388405,151.20749,0.80609107,0.32411647
47.42937460541725,151.18349,0.8061584,0.32411647
47.43937674164772,151.17949,0.8062258,0.32533723
47.44937506318092,151.17949,0.80636054,0.32533723
47.45937338471413,151.21149,0.80642796,0.32533723
47.469375520944595,151.21948,0.80663,0.32533723
47.4793738424778,151.21548,0.8067648,0.32533723
47.48937597870827,151.28348,0.8070342,0.32533723
47.49937430024147,151.35548,0.80750585,0.32411647
47.50937643647194,151.43549,0.80797744,0.32045412
47.51937475800514,151.55148,0.8085838,0.31801257
47.52937689423561,151.72748,0.80925745,0.31435025
47.539375215768814,151.91148,0.8100659,0.3106879
47.54937353730202,152.08348,0.8110765,0.30458403
47.559375673532486,152.31148,0.8119523,0.29970092
47.56937399506569,152.45148,0.8124239,0.29725936
47.57937613129616,152.51147,0.8126934,0.29603857
47.58937445282936,152.53548,0.8128955,0.29603857
47.59937658905983,152.57147,0.8130976,0.29603857
47.60937491059303,152.63548,0.8134344,0.2948178
47.619373232126236,152.70747,0.813906,0.29237625
47.629375368356705,152.78348,0.81437767,0.29115546
47.63937368988991,152.83948,0.8147819,0.2887139
47.64937582612038,152.89949,0.81511873,0.2887139
47.65937414765358,153.02348,0.81538826,0.28627235
47.66937628388405,153.06348,0.81579244,0.28505158
47.67937460541725,153.09949,0.8161967,0.2838308
47.68937674164772,153.17548,0.81653357,0.28261003
47.69937506318092,153.23947,0.8167356,0.28261003
47.70937338471413,153.23148,0.8168704,0.28261003
47.719375520944595,153.21147,0.81700516,0.28261003
47.7293738424778,153.24348,0.81700516,0.2838308
47.73937597870827,153.23148,0.81707245,0.28505158
47.74937430024147,153.17548,0.81707245,0.28505158
47.75937643647194,153.14348,0.81707245,0.28627235
47.76937475800514,153.15547,0.81713986,0.28749314
47.77937689423561,153.12747,0.81713986,0.2887139
47.789375215768814,153.11148,0.81713986,0.2899347
47.79937353730202,153.06348,0.81713986,0.29115546
47.809375673532486,153.02348,0.81713986,0.29237625
47.81937399506569,153.03148,0.8172072,0.29237625
47.82937613129616,153.03947,0.8172072,0.293597
47.83937445282936,152.99547,0.8172746,0.2948178
47.84937658905983,152.97148,0.817342,0.2948178
47.85937491059303,152.98747,0.817342,0.29603857
47.869373232126236,152.98747,0.81740934,0.29725936
47.879375368356705,152.94348,0.81740934,0.29848012
47.88937368988991,152.90347,0.81740934,0.29970092
47.89937582612038,152.93147,0.81740934,0.30092168
47.90937414765358,152.90347,0.81747675,0.30092168
47.91937628388405,152.84749,0.81747675,0.30214247
47.92937460541725,152.84749,0.81747675,0.30336323
47.93937674164772,152.86748,0.8175441,0.30458403
47.94937506318092,152.81949,0.8175441,0.3058048
47.95937338471413,152.80348,0.8175441,0.3058048
47.969375520944595,152.77948,0.8175441,0.30824634
47.9793738424778,152.76749,0.8175441,0.30824634
47.98937597870827,152.77148,0.8175441,0.3106879
47.99937430024147,152.74748,0.81761146,0.3106879
48.00937643647194,152.70747,0.81761146,0.3119087
48.01937475800514,152.70747,0.8176788,0.3119087
48.02937689423561,152.71948,0.8176788,0.31435025
48.039375215768814,152.69948,0.8176788,0.31435025
48.04937353730202,152.63948,0.81774616,0.315571
48.059375673532486,152.66348,0.81774616,0.3167918
48.06937399506569,152.66748,0.81774616,0.31801257
48.07937613129616,152.62747,0.8178136,0.31801257
48.08937445282936,152.59549,0.8178136,0.32045412
48.09937658905983,152.60349,0.8178136,0.32045412
48.10937491059303,152.61948,0.8178809,0.3216749
48.119373232126236,152.58748,0.8178809,0.32289568
48.129375368356705,152.54347,0.81794834,0.32289568
48.13937368988991,152.54749,0.8180157,0.32411647
48.14937582612038,152.54347,0.8180157,0.32533723
48.15937414765358,152.57147,0.8181504,0.32533723
48.16937628388405,152.57549,0.81821775,0.32533723
48.17937460541725,152.54749,0.81828517,0.32655802
48.18937674164772,152.55948,0.8183525,0.3277788
48.19937506318092,152.57948,0.81855464,0.3277788
48.20937338471413,152.60748,0.81875676,0.32655802
48.219375520944595,152.61948,0.81909364,0.32655802
48.2293738424778,152.74748,0.81956524,0.32411647
48.23937597870827,152.87547,0.82023895,0.32045412
48.24937430024147,153.02748,0.82104737,0.315571
48.25937643647194,153.23547,0.8220579,0.3106879
48.26937475800514,153.47948,0.82313585,0.30336323
48.27937689423561,153.74748,0.8241464,0.29848012
48.289375215768814,153.92747,0.8248875,0.293597
48.29937353730202,154.04347,0.8253591,0.29237625
48.309375673532486,154.12747,0.8257633,0.2899347
48.31937399506569,154.19948,0.8261675,0.2887139
48.32937613129616,154.31548,0.8266391,0.28627235
48.33937445282936,154.37547,0.82704335,0.28505158
48.34937658905983,154.41148,0.8274476,0.28261003
48.35937491059303,154.51147,0.8277844,0.28138924
48.369373232126236,154.56747,0.82805395,0.28138924
48.379375368356705,154.59148,0.82832336,0.28016847
48.38937368988991,154.59148,0.82845813,0.28016847
48.39937582612038,154.59547,0.8285929,0.28016847
48.40937414765358,154.62747,0.82872766,0.28138924
48.41937628388405,154.61546,0.82879496,0.28138924
48.42937460541725,154.59547,0.82886237,0.28261003
48.43937674164772,154.58348,0.82886237,0.2838308
48.44937506318092,154.55147,0.82886237,0.28505158
48.45937338471413,154.55948,0.82886237,0.28627235
48.469375520944595,154.50348,0.82886237,0.28749314
48.4793738424778,154.45547,0.8289297,0.28749314
48.48937597870827,154.43948,0.8289297,0.2887139
48.49937430024147,154.43547,0.8289297,0.2899347
48.50937643647194,154.41948,0.8289297,0.29115546
48.51937475800514,154.35147,0.8289297,0.29237625
48.52937689423561,154.35147,0.8289297,0.293597
48.539375215768814,154.36748,0.82899714,0.2948178
48.54937353730202,154.32347,0.82899714,0.2948178
48.559375673532486,154.29547,0.82899714,0.29603857
48.56937399506569,154.27147,0.82899714,0.29725936
48.57937613129616,154.25548,0.82899714,0.29848012
48.58937445282936,154.22348,0.82899714,0.29970092
48.59937658905983,154.19548,0.82899714,0.30092168
48.60937491059303,154.18748,0.82899714,0.30214247
48.619373232126236,154.17548,0.82899714,0.30336323
48.629375368356705,154.15948,0.82899714,0.30458403
48.63937368988991,154.11948,0.82899714,0.3058048
48.64937582612038,154.05948,0.82899714,0.30702558
48.65937414765358,154.06747,0.82899714,0.30824634
48.66937628388405,154.10347,0.82899714,0.30946714
48.67937460541725,154.03148,0.82899714,0.3106879
48.68937674164772,153.97148,0.82899714,0.3119087
48.69937506318092,153.97148,0.82899714,0.3119087
48.70937338471413,153.98747,0.82899714,0.31435025
48.719375520944595,153.95547,0.82899714,0.31435025
48.7293738424778,153.91948,0.82899714,0.315571
48.73937597870827,153.92348,0.82899714,0.3167918
48.74937430024147,153.88748,0.82899714,0.31801257
48.75937643647194,153.86348,0.82899714,0.31923336
48.76937475800514,153.83548,0.82899714,0.32045412
48.77937689423561,153.82347,0.82899714,0.3216749
48.789375215768814,153.81548,0.82899714,0.32289568
48.79937353730202,153.81947,0.8290645,0.32411647
48.809375673532486,153.76747,0.82913184,0.32411647
48.81937399506569,153.75948,0.82919925,0.32533723
48.82937613129616,153.77948,0.82919925,0.32655802
48.83937445282936,153.78748,0.82926655,0.32655802
48.84937658905983,153.75548,0.82933396,0.3277788
48.85937491059303,153.75948,0.8294013,0.3277788
48.869373232126236,153.75948,0.8294013,0.33022034
48.879375368356705,153.75948,0.8294687,0.33022034
48.88937368988991,153.72348,0.82960343,0.33022034
48.89937582612038,153.73547,0.82967085,0.33144113
48.90937414765358,153.76347,0.8297382,0.33144113
48.91937628388405,153.75948,0.82980555,0.3326619
48.92937460541725,153.75548,0.8298729,0.3326619
48.93937674164772,153.75148,0.8300077,0.3338827
48.94937506318092,153.76747,0.83014244,0.3338827
48.95937338471413,153.78748,0.8302098,0.3338827
48.969375520944595,153.80748,0.8302772,0.33510345
48.9793738424778,153.78748,0.8303445,0.33632424
48.98937597870827,153.75548,0.83041185,0.33632424
48.99937430024147,153.77948,0.83047926,0.337545
49.00937643647194,153.78348,0.83047926,0.337545
49.01937475800514,153.74347,0.8305466,0.3387658
49.02937689423561,153.75148,0.8306814,0.3387658
49.039375215768814,153.77148,0.8307488,0.33998656
49.04937353730202,153.75948,0.83088344,0.33998656
49.059375673532486,153.76747,0.8310856,0.33998656
49.06937399506569,153.81148,0.83128774,0.33998656
49.07937613129616,153.87947,0.8315572,0.3387658
49.08937445282936,153.93549,0.8319614,0.337545
49.09937658905983,153.99948,0.83243304,0.33510345
49.10937491059303,154.14348,0.83303934,0.33144113
49.119373232126236,154.29947,0.8337804,0.3277788
49.129375368356705,154.45947,0.8344542,0.32411647
49.13937368988991,154.60747,0.8350605,0.3216749
49.14937582612038,154.69948,0.8355995,0.31923336
49.15937414765358,154.78748,0.83586895,0.31801257
49.16937628388405,154.81148,0.83600366,0.31801257
49.17937460541725,154.81548,0.83600366,0.31923336
49.18937674164772,154.79147,0.8361384,0.32045412
49.19937506318092,154.79947,0.8362058,0.32045412
49.20937338471413,154.80748,0.83627313,0.3216749
49.219375520944595,154.76747,0.8364079,0.3216749
49.2293738424778,154.80748,0.83647525,0.3216749
49.23937597870827,154.83147,0.83661,0.3216749
49.24937430024147,154.79547,0.8366774,0.32289568
49.25937643647194,154.77148,0.8367447,0.32411647
49.26937475800514,154.78748,0.8368795,0.32411647
49.27937689423561,154.81947,0.83701426,0.32411647
49.289375215768814,154.80347,0.8370816,0.32411647
49.29937353730202,154.79547,0.8370816,0.32533723
49.309375673532486,154.79947,0.837149,0.32655802
49.31937399506569,154.77948,0.8372163,0.3277788
49.32937613129616,154.77148,0.8373511,0.3277788
49.33937445282936,154.77547,0.83741844,0.3277788
49.34937658905983,154.77948,0.83748585,0.32899958
49.35937491059303,154.77948,0.83762056,0.32899958
49.369373232126236,154.79147,0.83768797,0.33022034
49.379375368356705,154.77547,0.8378227,0.33022034
49.38937368988991,154.79947,0.8380248,0.33022034
49.39937582612038,154.88748,0.83842903,0.3277788
49.40937414765358,154.98747,0.83903533,0.32533723
49.41937628388405,155.10747,0.83977646,0.3216749
49.42937460541725,155.31947,0.8405849,0.3167918
49.43937674164772,155.50748,0.84139335,0.3119087
49.44937506318092,155.65547,0.84220177,0.30824634
49.45937338471413,155.75546,0.8425386,0.30702558
49.469375520944595,155.79547,0.842606,0.30702558
49.4793738424778,155.79947,0.842606,0.30824634
49.48937597870827,155.74347,0.842606,0.30946714
49.49937430024147,155.70747,0.842606,0.3106879
49.50937643647194,155.68347,0.84267336,0.3119087
49.51937475800514,155.67148,0.84267336,0.3119087
49.52937689423561,155.68747,0.84267336,0.31435025
49.539375215768814,155.65947,0.8427407,0.31435025
49.54937353730202,155.58347,0.8427407,0.315571
49.559375673532486,155.57147,0.8427407,0.3167918
49.56937399506569,155.56747,0.8427407,0.31801257
49.57937613129616,155.57147,0.8428081,0.31801257
49.58937445282936,155.51947,0.8428081,0.32045412
49.59937658905983,155.51547,0.8428755,0.32045412
49.60937491059303,155.51547,0.8428755,0.3216749
49.619373232126236,155.47147,0.84301025,0.3216749
49.629375368356705,155.47546,0.8430776,0.32289568
49.63937368988991,155.50346,0.8430776,0.32411647
49.64937582612038,155.46747,0.84314495,0.32411647
49.65937414765358,155.44748,0.8432123,0.32533723
49.66937628388405,155.43147,0.8433471,0.32533723
49.67937460541725,155.46747,0.84348184,0.32533723
49.68937674164772,155.52347,0.84381866,0.32411647
49.69937506318092,155.59148,0.84429026,0.3216749
49.70937338471413,155.67546,0.8448292,0.31923336
49.719375520944595,155.83147,0.84563774,0.315571
49.7293738424778,156.06346,0.8466483,0.30946714
49.73937597870827,156.31546,0.8476588,0.30336323
49.74937430024147,156.54347,0.84887147,0.29603857
49.75937643647194,156.75546,0.8497473,0.29115546
49.76937475800514,156.90347,0.8502189,0.2887139
49.77937689423561,156.96747,0.8505557,0.2887139
49.789375215768814,156.97147,0.8507579,0.28749314
49.79937353730202,157.01547,0.8510273,0.28749314
49.809375673532486,157.06747,0.85129684,0.28627235
49.81937399506569,157.07945,0.85163367,0.28505158
49.82937613129616,157.12746,0.85203797,0.2838308
49.83937445282936,157.20746,0.8523748,0.28261003
49.84937658905983,157.27147,0.8528464,0.28016847
49.85937491059303,157.36746,0.85325056,0.27894768
49.869373232126236,157.45146,0.8538569,0.27650613
49.879375368356705,157.54347,0.8544633,0.2728438
49.88937368988991,157.64746,0.8549349,0.27040225
49.89937582612038,157.68347,0.8550696,0.27040225
49.90937414765358,157.66747,0.8550696,0.27162302
49.91937628388405,157.61946,0.8550696,0.2728438
49.92937460541725,157.61946,0.8550696,0.27406457
49.93937674164772,157.59947,0.8550696,0.27528536
49.94937506318092,157.52745,0.8550696,0.27650613
49.95937338471413,157.47946,0.8550696,0.27772692
49.969375520944595,157.47546,0.8550696,0.27894768
49.9793738424778,157.46347,0.8550696,0.28016847
49.98937597870827,157.39546,0.8550696,0.28138924
49.99937430024147,157.37146,0.8550696,0.28261003
50.00937643647194,157.34746,0.8550696,0.2838308
50.01937475800514,157.31148,0.8550696,0.28505158
50.02937689423561,157.28348,0.8550696,0.28627235
50.039375215768814,157.26346,0.855137,0.28627235
50.04937353730202,157.23946,0.855137,0.28749314
50.059375673532486,157.19547,0.855137,0.2887139
50.06937399506569,157.16747,0.855137,0.2899347
50.07937613129616,157.15945,0.855137,0.29115546
50.08937445282936,157.10747,0.855137,0.29237625
50.09937658905983,157.10345,0.855137,0.293597
50.10937491059303,157.07545,0.855137,0.2948178
50.119373232126236,157.00346,0.855137,0.29603857
50.129375368356705,156.98747,0.855137,0.29603857
50.13937368988991,157.00746,0.855137,0.29848012
50.14937582612038,156.96347,0.855137,0.29848012
50.15937414765358,156.91946,0.855137,0.30092168
50.16937628388405,156.89146,0.855137,0.30092168
50.17937460541725,156.87547,0.855137,0.30214247
50.18937674164772,156.86346,0.85520434,0.30336323
50.19937506318092,156.83147,0.85520434,0.30458403
50.20937338471413,156.80746,0.85520434,0.3058048
50.219375520944595,156.77147,0.85520434,0.30702558
50.2293738424778,156.73547,0.85520434,0.30824634
50.23937597870827,156.72346,0.85520434,0.30824634
50.24937430024147,156.69547,0.85520434,0.3106879
50.25937643647194,156.65547,0.85520434,0.3106879
50.26937475800514,156.65947,0.85520434,0.3119087
50.27937689423561,156.62347,0.85520434,0.31312945
50.289375215768814,156.57547,0.85520434,0.31435025
50.29937353730202,156.56746,0.85520434,0.315571
50.309375673532486,156.58347,0.85520434,0.3167918
50.31937399506569,156.52747,0.8552717,0.31801257
50.32937613129616,156.51547,0.8552717,0.31923336
50.33937445282936,156.49547,0.85533905,0.31923336
50.34937658905983,156.47546,0.85533905,0.32045412
50.35937491059303,156.47147,0.85540646,0.3216749
50.369373232126236,156.47946,0.85554117,0.3216749
50.379375368356705,156.48347,0.8556086,0.3216749
50.38937368988991,156.44746,0.85567594,0.32289568
50.39937582612038,156.45146,0.85581064,0.32289568
50.40937414765358,156.47946,0.8559454,0.32411647
50.41937628388405,156.45946,0.8560802,0.32411647
50.42937460541725,156.47147,0.85621494,0.32411647
50.43937674164772,156.52347,0.8563496,0.32411647
50.44937506318092,156.53548,0.85655177,0.32411647
50.45937338471413,156.54347,0.85682124,0.32289568
50.469375520944595,156.62747,0.8573602,0.32045412
50.4793738424778,156.77547,0.8580339,0.3167918
50.48937597870827,156.95947,0.8588424,0.3119087
50.49937430024147,157.12746,0.85978556,0.30702558
50.50937643647194,157.33946,0.8608635,0.30092168
50.51937475800514,157.53146,0.8616719,0.29603857
50.52937689423561,157.68347,0.86207616,0.2948178
50.539375215768814,157.69145,0.86207616,0.29603857
50.54937353730202,157.65547,0.8621435,0.29725936
50.559375673532486,157.61946,0.8621435,0.29848012
50.56937399506569,157.60745,0.8621435,0.29848012
50.57937613129616,157.58746,0.8621435,0.30092168
50.58937445282936,157.50746,0.8621435,0.30092168
50.59937658905983,157.47546,0.8621435,0.30214247
50.60937491059303,157.49945,0.8621435,0.30336323
50.619373232126236,157.44745,0.8621435,0.30458403
50.629375368356705,157.39946,0.8621435,0.3058048
50.63937368988991,157.38747,0.8621435,0.30702558
50.64937582612038,157.39148,0.86221087,0.30824634
50.65937414765358,157.32747,0.86221087,0.30824634
50.66937628388405,157.27946,0.86221087,0.3106879
50.67937460541725,157.25948,0.86221087,0.3106879
50.68937674164772,157.24747,0.86221087,0.3119087
50.69937506318092,157.22746,0.86221087,0.31312945
50.70937338471413,157.21146,0.86221087,0.31435025
50.719375520944595,157.15147,0.86221087,0.315571
50.7293738424778,157.13547,0.86221087,0.3167918
50.73937597870827,157.12746,0.8622782,0.31801257
50.74937430024147,157.06747,0.8622782,0.31923336
50.75937643647194,157.01947,0.8622782,0.32045412
50.76937475800514,157.04347,0.86234564,0.32045412
50.77937689423561,157.03947,0.86234564,0.3216749
50.78962317109108,156.97946,0.86234564,0.32289568
50.79937353730202,156.90747,0.862413,0.32411647
50.809375673532486,156.92346,0.862413,0.32411647
50.81937399506569,156.95947,0.8624804,0.32533723
50.82937613129616,156.92346,0.86261517,0.32533723
50.83937445282936,156.89146,0.8627498,0.32533723
50.84937658905983,156.91946,0.8628846,0.32533723
50.85937491059303,156.95146,0.86308676,0.32533723
50.869373232126236,156.99545,0.8634236,0.32411647
50.879375368356705,157.06747,0.86382776,0.32289568
50.88937368988991,157.13145,0.8644341,0.32045412
50.89937582612038,157.25948,0.8650405,0.3167918
50.90937414765358,157.42346,0.8657142,0.31312945
50.91937628388405,157.54747,0.86645526,0.30946714
50.92937460541725,157.67947,0.8671963,0.3058048
50.93937674164772,157.81548,0.86753315,0.30458403
50.94937506318092,157.81548,0.86753315,0.3058048
50.95937338471413,157.74747,0.86753315,0.30702558
50.969375520944595,157.70346,0.86753315,0.30824634
50.9793738424778,157.71146,0.86753315,0.30946714
50.98937597870827,157.68347,0.86760056,0.30946714
50.99937430024147,157.60347,0.86760056,0.3106879
51.00937643647194,157.57547,0.86760056,0.3119087
51.01937475800514,157.52745,0.86760056,0.31312945
51.02937689423561,157.50346,0.86760056,0.31435025
51.039375215768814,157.47946,0.86760056,0.315571
51.04937353730202,157.43146,0.86760056,0.3167918
51.059375673532486,157.37947,0.86760056,0.31801257
51.06937399506569,157.35547,0.86760056,0.31923336
51.07937613129616,157.31946,0.86760056,0.32045412
51.08937445282936,157.27547,0.8676679,0.32045412
51.09937658905983,157.23946,0.8676679,0.3216749
51.10937491059303,157.21146,0.8676679,0.32289568
51.119373232126236,157.16747,0.8677353,0.32411647
51.129375368356705,157.10345,0.8677353,0.32533723
51.13937368988991,157.08347,0.8677353,0.32533723
51.14937582612038,157.04745,0.8677353,0.3277788
51.15937414765358,156.99147,0.8677353,0.3277788
51.16937628388405,156.91946,0.8677353,0.33022034
51.17937460541725,156.88747,0.8678027,0.33022034
51.18937674164772,156.86346,0.8678027,0.33144113
51.19937506318092,156.81146,0.86787003,0.33144113
51.20937338471413,156.77147,0.86800474,0.3326619
51.219375520944595,156.73547,0.86807215,0.3326619
51.2293738424778,156.68346,0.8681395,0.3338827
51.23937597870827,156.64346,0.8683416,0.3338827
51.24937430024147,156.61946,0.8684764,0.3338827
51.25937643647194,156.55147,0.86854374,0.3338827
51.26937475800514,156.51947,0.86867845,0.3338827
51.27937689423561,156.46347,0.8688806,0.3338827
51.289375215768814,156.40347,0.86915004,0.3338827
51.29937353730202,156.31947,0.8694869,0.3326619
51.309375673532486,156.31546,0.86989117,0.33022034
51.31937399506569,156.27547,0.8704301,0.32899958
51.32937613129616,156.22346,0.8709691,0.32533723
51.33937445282936,156.17946,0.8716428,0.3216749
51.34937658905983,156.05147,0.8722491,0.31923336
51.35937491059303,155.75948,0.8728555,0.315571
51.369373232126236,134.93153,0.8734618,0.31312945
51.379375368356705,64.98778,0.8739334,0.3106879
51.38937368988991,60.263798,0.87427026,0.30946714
51.39937582612038,59.555798,0.8743376,0.3106879
51.40937414765358,59.3518,0.8743376,0.3119087
51.41937628388405,59.751797,0.8743376,0.3119087
51.42937460541725,59.319798,0.8743376,0.31435025
51.43937674164772,59.839794,0.87440497,0.31435025
51.44937506318092,59.299797,0.87440497,0.315571
51.45937338471413,59.959793,0.87440497,0.3167918
51.469375520944595,59.355797,0.87440497,0.31801257
51.4793738424778,59.919792,0.87440497,0.31923336
51.48937597870827,59.303795,0.87440497,0.32045412
51.49937430024147,59.879795,0.87440497,0.3216749
51.50937643647194,59.4678,0.87440497,0.32289568
51.51937475800514,59.6998,0.87440497,0.32411647
51.52937689423561,59.515797,0.87440497,0.32533723
51.539375215768814,59.627796,0.8744724,0.32533723
51.54937353730202,59.695797,0.8744724,0.32655802
51.559375673532486,59.5318,0.87453973,0.3277788
51.56937399506569,59.607796,0.8746071,0.3277788
51.57937613129616,59.475796,0.8746745,0.32899958
51.58937445282936,59.735794,0.87480927,0.32899958
51.59937658905983,59.431797,0.874944,0.32899958
51.60937491059303,59.707794,0.8750113,0.33022034
51.619373232126236,59.3998,0.87521344,0.33022034
51.629375368356705,59.751797,0.8753482,0.33022034
51.63937368988991,59.403797,0.8754829,0.33022034
51.64937582612038,59.615795,0.8756177,0.33022034
51.65937414765358,59.4398,0.87575245,0.33022034
51.66937628388405,59.6518,0.8760893,0.32899958
51.67937460541725,59.5118,0.87656087,0.3277788
51.68937674164772,59.583797,0.87703246,0.32533723
51.69937506318092,59.5318,0.8774367,0.32411647
51.70937338471413,59.571796,0.87784094,0.3216749
51.719375520944595,59.627796,0.8782451,0.32045412
51.7293738424778,59.4638,0.8787841,0.31801257
51.73937597870827,59.583797,0.8793904,0.315571
51.74937430024147,59.5198,0.8799294,0.3119087
51.75937643647194,59.6518,0.880401,0.30946714
51.76937475800514,59.455795,0.8806705,0.30946714
51.77937689423561,59.615795,0.88093996,0.30824634
51.789375215768814,59.503796,0.88120943,0.30824634
51.79937353730202,59.607796,0.88141155,0.30702558
51.809375673532486,59.527798,0.8815463,0.30824634
51.81937399506569,59.603798,0.8816811,0.30824634
51.82937613129616,59.5198,0.88188314,0.30824634
51.83937445282936,59.611797,0.88222003,0.3058048
51.84937658905983,59.499798,0.88262427,0.3058048
51.85937491059303,59.535797,0.88302845,0.30336323
51.869373232126236,59.503796,0.88350004,0.30092168
51.879375368356705,59.555798,0.88397163,0.29848012
51.88937368988991,59.583797,0.8843759,0.29725936
51.89937582612038,59.499798,0.88471276,0.29603857
51.90937414765358,59.5598,0.88511693,0.2948178
51.91937628388405,59.5198,0.88545376,0.293597
51.92937460541725,59.611797,0.88579065,0.29237625
51.93937674164772,59.499798,0.8859254,0.29237625
51.94937506318092,59.563797,0.88599277,0.293597
51.95937338471413,59.499798,0.8860601,0.293597
51.969375520944595,59.5598,0.8860601,0.2948178
51.9793738424778,59.503796,0.8861275,0.29603857
51.98937597870827,59.543797,0.8861949,0.29603857
51.99937430024147,59.5078,0.88626224,0.29725936
52.00937643647194,59.567795,0.88626224,0.29848012
52.01937475800514,59.5398,0.88626224,0.29970092
52.02937689423561,59.5118,0.88626224,0.30092168
52.039375215768814,59.527798,0.88626224,0.30214247
52.04937353730202,59.5478,0.88626224,0.30214247
52.059375673532486,59.555798,0.88626224,0.30458403
52.06937399506569,59.479797,0.88626224,0.30458403
52.07937613129616,59.5398,0.88626224,0.3058048
52.08937445282936,59.555798,0.88626224,0.30702558
52.09937658905983,59.563797,0.88626224,0.30824634
52.10937491059303,59.4918,0.88626224,0.30946714
52.119373232126236,59.543797,0.88626224,0.3106879
52.129375368356705,59.5078,0.88626224,0.3119087
52.13937368988991,59.5798,0.88626224,0.31312945
52.14937582612038,59.535797,0.88626224,0.31435025
52.15937414765358,59.543797,0.88626224,0.315571
52.16937628388405,59.5118,0.88626224,0.3167918
52.17937460541725,59.555798,0.88626224,0.31801257
52.18937674164772,59.527798,0.88626224,0.31923336
52.19937506318092,59.495796,0.88626224,0.32045412
52.20937338471413,59.499798,0.88626224,0.3216749
52.219375520944595,59.5118,0.88626224,0.3216749
52.2293738424778,59.5478,0.88626224,0.32411647
52.23937597870827,59.5118,0.88626224,0.32411647
52.24937430024147,59.543797,0.88626224,0.32533723
52.25937643647194,59.527798,0.88626224,0.32655802
52.26937475800514,59.543797,0.88626224,0.3277788
52.27937689423561,59.527798,0.88626224,0.32899958
52.289375215768814,59.527798,0.88626224,0.33022034
52.29937353730202,59.479797,0.88626224,0.33144113
52.309375673532486,59.5318,0.88626224,0.3326619
52.31937399506569,59.5198,0.88626224,0.3338827
52.32937613129616,59.5118,0.88626224,0.33510345
52.33937445282936,59.5078,0.88632965,0.33632424
52.34937658905983,59.535797,0.88632965,0.33632424
52.35937491059303,59.5318,0.88632965,0.337545
52.369373232126236,59.4918,0.88632965,0.3387658
52.379375368356705,59.527798,0.88632965,0.33998656
52.38937368988991,59.567795,0.88632965,0.34120736
52.39937582612038,59.535797,0.88632965,0.34242812
52.40937414765358,59.499798,0.88632965,0.3436489
52.41937628388405,59.4878,0.88632965,0.34486967
52.42937460541725,59.5078,0.88632965,0.34609047
52.43937674164772,59.551796,0.886397,0.34731123
52.44937506318092,59.5318,0.886397,0.34731123
52.45937338471413,59.5198,0.8864644,0.34853202
52.469375520944595,59.5118,0.8864644,0.34975278
52.4793738424778,59.563797,0.88659906,0.34975278
52.48937597870827,59.527798,0.88680124,0.34975278
52.49937430024147,59.5078,0.88713807,0.34853202
52.50937643647194,59.523796,0.88747495,0.34731123
52.51937475800514,59.535797,0.88787913,0.34609047
52.52937689423561,59.4918,0.88821596,0.34486967
52.539375215768814,59.4918,0.88862026,0.34242812
52.54937353730202,59.5118,0.8891592,0.33998656
52.559375673532486,59.5478,0.8898329,0.33632424
52.56937399506569,59.5318,0.890574,0.3326619
52.57937613129616,59.5118,0.8913824,0.3277788
52.58937445282936,59.5118,0.89232564,0.32411647
52.59937658905983,59.503796,0.89313406,0.31801257
52.60937491059303,59.527798,0.89360565,0.3167918
52.619373232126236,59.4918,0.8938752,0.315571
52.629375368356705,59.483795,0.8939425,0.3167918
52.63937368988991,59.495796,0.8939425,0.31801257
52.64937582612038,59.5318,0.8939425,0.31923336
52.65937414765358,59.495796,0.8939425,0.32045412
52.66937628388405,59.4918,0.8939425,0.3216749
52.67937460541725,59.527798,0.8939425,0.3216749
52.68937674164772,59.5598,0.8939425,0.32411647
52.69937506318092,59.4918,0.8939425,0.32411647
52.70937338471413,59.483795,0.8939425,0.32533723
52.719375520944595,59.5118,0.8939425,0.32655802
52.7293738424778,59.535797,0.8939425,0.3277788
52.73937597870827,59.4918,0.8940099,0.32899958
52.74937430024147,59.4918,0.8940099,0.33022034
52.75937643647194,59.499798,0.89407724,0.33022034
52.76937475800514,59.495796,0.8941446,0.33144113
52.77937689423561,59.5118,0.894212,0.33144113
52.789375215768814,59.523796,0.89427936,0.3326619
52.79937353730202,59.503796,0.8944141,0.3326619
52.809375673532486,59.515797,0.89454883,0.3326619
52.81937399506569,59.523796,0.89475095,0.3326619
52.82937613129616,59.4878,0.8951552,0.33144113
52.83937445282936,59.5118,0.8955594,0.33022034
52.84937658905983,59.5398,0.8960984,0.3277788
52.85937491059303,59.551796,0.8967047,0.32411647
52.869373232126236,59.4918,0.89737844,0.32045412
52.879375368356705,59.499798,0.89805216,0.3167918
52.88937368988991,59.503796,0.8985911,0.31435025
52.89937582612038,59.5118,0.89899534,0.31312945
52.90937414765358,59.5078,0.89919746,0.3119087
52.91937628388405,59.5078,0.89919746,0.31312945
52.92937460541725,59.5198,0.89919746,0.31435025
52.93937674164772,59.515797,0.89919746,0.315571
52.94937506318092,59.5118,0.89919746,0.3167918
52.95937338471413,59.5198,0.89919746,0.31801257
52.969375520944595,59.503796,0.89926475,0.31923336
52.9793738424778,59.503796,0.89926475,0.32045412
52.98937597870827,59.499798,0.89926475,0.3216749
52.99937430024147,59.495796,0.89926475,0.3216749
53.00937643647194,59.523796,0.89926475,0.32411647
53.01937475800514,59.5478,0.89926475,0.32411647
53.02937689423561,59.523796,0.89926475,0.32533723
53.039375215768814,59.495796,0.89926475,0.32655802
53.04937353730202,59.503796,0.89926475,0.3277788
53.059375673532486,59.527798,0.89926475,0.32899958
53.06937399506569,59.503796,0.89933217,0.33022034
53.07937613129616,59.5198,0.89933217,0.33144113
53.08937445282936,59.5198,0.8993995,0.33144113
53.09937658905983,59.495796,0.89946693,0.3326619
53.10937491059303,59.495796,0.89946693,0.3338827
53.119373232126236,59.523796,0.8996017,0.3338827
53.129375368356705,59.5478,0.89980376,0.3338827
53.13937368988991,59.5318,0.8999385,0.3338827
53.14937582612038,59.4918,0.9000059,0.3338827
53.15937414765358,59.5078,0.90007323,0.33510345
53.16937628388405,59.483795,0.90007323,0.33632424
53.17937460541725,59.527798,0.9002754,0.33632424
53.18937674164772,59.5318,0.9004101,0.33632424
53.19937506318092,59.499798,0.90047747,0.337545
53.20937338471413,59.499798,0.9005448,0.337545
53.219375520944595,59.503796,0.9006796,0.337545
53.2293738424778,59.503796,0.90081435,0.337545
53.23937597870827,59.523796,0.90094906,0.3387658
53.24937430024147,59.535797,0.9010838,0.3387658
53.25937643647194,59.5398,0.90128595,0.3387658
53.26937475800514,59.4678,0.901488,0.337545
53.27937689423561,59.483795,0.90175754,0.337545
53.289375215768814,59.5318,0.90209436,0.33632424
53.29937353730202,59.5478,0.9024986,0.3338827
53.309375673532486,59.5118,0.9029702,0.3326619
53.31937399506569,59.515797,0.90344185,0.33022034
53.32937613129616,59.5078,0.9039808,0.3277788
53.33937445282936,59.483795,0.9045871,0.32411647
53.34937658905983,59.4918,0.9049913,0.32289568
53.35937491059303,59.527798,0.90512604,0.32289568
53.369373232126236,59.515797,0.90512604,0.32411647
53.379375368356705,59.5118,0.90512604,0.32533723
53.38937368988991,59.503796,0.90512604,0.32655802
53.39937582612038,59.483795,0.90512604,0.3277788
53.40937414765358,59.515797,0.90512604,0.32899958
53.41937628388405,59.535797,0.90512604,0.33022034
53.42937460541725,59.5198,0.90512604,0.33144113
53.43937674164772,59.4918,0.90512604,0.3326619
53.44937506318092,59.5078,0.9051934,0.3338827
53.45937338471413,59.535797,0.9051934,0.3338827
53.469375520944595,59.523796,0.9051934,0.33632424
53.4793738424778,59.503796,0.9052608,0.33632424
53.48937597870827,59.5318,0.90539557,0.33632424
53.49937430024147,59.515797,0.9054629,0.337545
53.50937643647194,59.4878,0.9054629,0.337545
53.51937475800514,59.4918,0.90553033,0.3387658
53.52937689423561,59.5118,0.90553033,0.33998656
53.539375215768814,59.523796,0.9055976,0.34120736
