"TEST_HEADER_START","Data source","Date","Time","Start Timestamp","End Timestamp","Specimen identifier","TEST_HEADER_END","SPECIMEN_HEADER_START","Specimen type","Thickness (mm)","Area (sq mm)","Axial Gauge Length (mm)","Transverse Gauge Length (mm)","Grip Separation (mm)","SPECIMEN_HEADER_END","RESULTS_HEADER_START","Displacement at 0.000 N (%) ","Displacement at Maximum Load (%) ","Extension at Max Load (mm) ","Load at Break (N) ","Load at Max Position (N) ","RESULTS_HEADER_END"
"TEST_INFO_START","GAGE-4R-2026-01-22-17-14-40.mtwData","2026-01-22","17:14:40","2026-01-22 17:14:40.894","2026-01-22 17:14:40.944","3","TEST_INFO_END","SPECIMEN_INFO_START","Thickness",10.2,999999.9,7.6199994,7.6199994,25.0,"SPECIMEN_INFO_END","RESULTS_INFO_START","0.00","N/A","N/A","N/A","N/A","N/A","N/A","N/A","N/A","N/A","10.69","0.814","64.712","RESULTS_INFO_END"

"Time","Load (N)","Position (mm)","Control Out (V)"
0.0,0.27599907,0.0,0.40102544
0.009999990463256836,0.51199824,0.0010779322,0.39492157
0.019999980926513672,0.87599707,0.0022906056,0.3875969
0.030000001192092896,1.2279958,0.0036380205,0.38027224
0.03999999165534973,1.5759947,0.0047833235,0.37294757
0.04999998211860657,1.7879939,0.005659143,0.36806446
0.06000000238418579,1.9919932,0.006400221,0.36440212
0.06999999284744263,2.1719925,0.0070065577,0.3607398
0.07999998331069946,2.359992,0.0077476366,0.35707745
0.0899999737739563,2.5439913,0.008556086,0.35219434
0.10000002384185791,2.7559907,0.009431905,0.34731123
0.11000001430511475,2.9239902,0.010105613,0.3436489
0.12000000476837158,2.9999897,0.0103750955,0.34242812
0.12999999523162842,3.0559895,0.010509837,0.3436489
0.13999998569488525,3.0919893,0.010577208,0.3436489
0.1499999761581421,3.0879896,0.010644579,0.34486967
0.15999996662139893,3.1279895,0.010711949,0.34486967
0.17000001668930054,3.1759892,0.01084669,0.34609047
0.18000000715255737,3.2319891,0.011048803,0.34486967
0.1899999976158142,3.2999887,0.011183545,0.34486967
0.19999998807907104,3.3599885,0.011385657,0.34486967
0.20999997854232788,3.3919885,0.01165514,0.34486967
0.21999996900558472,3.4199882,0.0120593645,0.34242812
0.23000001907348633,3.539988,0.012665701,0.33998656
0.24000000953674316,3.7199874,0.013339409,0.33632424
0.25,3.9359868,0.014215229,0.33144113
0.25999999046325684,4.1799855,0.0152931595,0.32533723
0.26999998092651367,4.3999853,0.016371094,0.31923336
0.2799999713897705,4.655984,0.01697743,0.315571
0.2900000214576721,4.751984,0.017246913,0.315571
0.30000001192092896,4.795984,0.017314283,0.315571
0.3100000023841858,4.8239837,0.017314283,0.3167918
0.3199999928474426,4.8319836,0.017314283,0.31801257
0.32999998331069946,4.8319836,0.017314283,0.31923336
0.3399999737739563,4.7919836,0.017314283,0.32045412
0.3500000238418579,4.8359838,0.017381655,0.3216749
0.36000001430511475,4.8799834,0.017449025,0.3216749
0.3700000047683716,4.8919835,0.017583765,0.3216749
0.3799999952316284,4.923983,0.017785877,0.3216749
0.38999998569488525,4.9839835,0.018190103,0.32045412
0.3999999761581421,5.0679827,0.018729068,0.31801257
0.4099999666213989,5.227982,0.019537518,0.31312945
0.42000001668930054,5.543981,0.020750191,0.3058048
0.4300000071525574,5.9719796,0.022299718,0.29725936
0.4399999976158142,6.239979,0.023512393,0.2887139
0.44999998807907104,6.507978,0.02432084,0.28505158
0.4599999785423279,6.6679773,0.024927178,0.28261003
0.4699999690055847,6.8079767,0.025533514,0.27894768
0.48000001907348633,6.967976,0.026274594,0.27406457
0.49000000953674316,7.2319756,0.027217783,0.26918146
0.5,7.563974,0.028363086,0.2618568
0.5099999904632568,7.791973,0.029306278,0.25697368
0.5199999809265137,7.9679728,0.0297105,0.25575292
0.5299999713897705,7.9999723,0.029777871,0.25697368
0.5400000214576721,8.019973,0.029777871,0.25697368
0.550000011920929,7.9999723,0.029845243,0.25819448
0.5600000023841858,7.9759727,0.029845243,0.25941524
0.5699999928474426,8.011972,0.029845243,0.26063603
0.5799999833106995,7.983973,0.029845243,0.2618568
0.5899999737739563,7.963973,0.029845243,0.2618568
0.5999999642372131,8.011972,0.029845243,0.26429835
0.60999995470047,8.011972,0.029845243,0.26429835
0.6199999451637268,7.9759727,0.029845243,0.2667399
0.6300000548362732,7.9679728,0.029912611,0.2667399
0.64000004529953,7.9599733,0.029912611,0.2679607
0.6500000357627869,7.9559727,0.029912611,0.26918146
0.6600000262260437,7.923973,0.029912611,0.27040225
0.6700000166893005,7.9599733,0.029979983,0.27040225
0.6800000071525574,7.9559727,0.030047355,0.27162302
0.6899999976158142,7.9679728,0.030114727,0.2728438
0.699999988079071,7.983973,0.030249467,0.2728438
0.7099999785423279,8.039972,0.030451579,0.2728438
0.7199999690055847,8.079972,0.030653687,0.2728438
0.7299999594688416,8.143972,0.030990543,0.27040225
0.7399999499320984,8.291971,0.03152951,0.26918146
0.7499999403953552,8.439971,0.032203216,0.26551914
0.7600000500679016,8.60797,0.033011667,0.26063603
0.7700000405311584,8.87197,0.034022227,0.25453213
0.7800000309944153,9.135968,0.03483068,0.24964903
0.7900000214576721,9.255969,0.03516753,0.24842826
0.800000011920929,9.235969,0.03516753,0.24964903
0.8100000023841858,9.2239685,0.03516753,0.2508698
0.8199999928474426,9.259969,0.03516753,0.25209057
0.8299999833106995,9.267968,0.03516753,0.25331137
0.8399999737739563,9.271968,0.03516753,0.25453213
0.8499999642372131,9.295968,0.03516753,0.25575292
0.85999995470047,9.263968,0.03516753,0.25697368
0.8699999451637268,9.243968,0.03516753,0.25819448
0.8800000548362732,9.247969,0.03516753,0.25941524
0.89000004529953,9.259969,0.03516753,0.26063603
0.9000000357627869,9.255969,0.03516753,0.2618568
0.9100000262260437,9.243968,0.03516753,0.2630776
0.9200000166893005,9.2239685,0.03516753,0.26429835
0.9300000071525574,9.187969,0.03516753,0.26551914
0.9399999976158142,9.155969,0.03516753,0.2667399
0.949999988079071,9.179969,0.03516753,0.2667399
0.9599999785423279,9.203968,0.03516753,0.2679607
0.9699999690055847,9.207969,0.03516753,0.26918146
0.9799999594688416,9.203968,0.03516753,0.27040225
0.9899999499320984,9.235969,0.03516753,0.27162302
0.9999999403953552,9.219969,0.03516753,0.2728438
1.0100000500679016,9.187969,0.03516753,0.27406457
1.0200000405311584,9.171968,0.03516753,0.27528536
1.0300000309944153,9.167969,0.03516753,0.27650613
1.0400000214576721,9.155969,0.03516753,0.27772692
1.050000011920929,9.103969,0.03516753,0.27894768
1.0600000023841858,9.11597,0.03516753,0.28016847
1.0699999928474426,9.151969,0.03516753,0.28138924
1.0799999833106995,9.171968,0.03516753,0.28261003
1.0899999737739563,9.175968,0.03516753,0.2838308
1.0999999642372131,9.171968,0.03516753,0.28505158
1.10999995470047,9.147969,0.03516753,0.28627235
1.1199999451637268,9.127969,0.03516753,0.28749314
1.1300000548362732,9.143969,0.03516753,0.28749314
1.14000004529953,9.139969,0.03516753,0.2887139
1.1500000357627869,9.119969,0.03516753,0.2899347
1.1600000262260437,9.083969,0.03516753,0.29115546
1.1700000166893005,9.087969,0.03516753,0.29237625
1.1800000071525574,9.083969,0.03516753,0.293597
1.1899999976158142,9.079969,0.03516753,0.2948178
1.199999988079071,9.103969,0.03516753,0.29603857
1.2099999785423279,9.111969,0.0352349,0.29725936
1.2199999690055847,9.095969,0.0352349,0.29725936
1.2299999594688416,9.111969,0.0352349,0.29970092
1.2399999499320984,9.139969,0.0352349,0.29970092
1.2499999403953552,9.147969,0.03530227,0.30092168
1.2600000500679016,9.0919695,0.03530227,0.30214247
1.2700000405311584,9.067969,0.035369642,0.30336323
1.2800000309944153,9.075969,0.03543701,0.30336323
1.2900000214576721,9.083969,0.035504382,0.30458403
1.300000011920929,9.127969,0.035706494,0.30336323
1.3100000023841858,9.207969,0.035841238,0.30458403
1.3199999928474426,9.251968,0.035975978,0.30458403
1.3299999833106995,9.267968,0.03604335,0.30458403
1.3399999737739563,9.279968,0.03611072,0.3058048
1.3499999642372131,9.311968,0.036178093,0.3058048
1.35999995470047,9.327969,0.036312833,0.30702558
1.3699999451637268,9.375968,0.036582317,0.3058048
1.3800000548362732,9.415968,0.03678443,0.3058048
1.39000004529953,9.495968,0.03718865,0.30336323
1.4000000357627869,9.615968,0.037727617,0.30214247
1.4100000262260437,9.791966,0.038536068,0.29725936
1.4200000166893005,10.035966,0.039479256,0.29237625
1.4300000071525574,10.3319645,0.040624563,0.28505158
1.4399999976158142,10.559964,0.04136564,0.28138924
1.449999988079071,10.699964,0.04150038,0.28138924
1.4599999785423279,10.711964,0.04150038,0.28261003
1.4699999690055847,10.6879635,0.04150038,0.2838308
1.4799999594688416,10.703964,0.04150038,0.28505158
1.4899999499320984,10.731963,0.04150038,0.28627235
1.4999999403953552,10.715964,0.04156775,0.28627235
1.5100000500679016,10.683964,0.04156775,0.28749314
1.5200000405311584,10.679963,0.04156775,0.2887139
1.5300000309944153,10.6879635,0.04156775,0.2899347
1.5400000214576721,10.695964,0.04156775,0.29115546
1.550000011920929,10.683964,0.04156775,0.29237625
1.5599998831748962,10.683964,0.04156775,0.293597
1.5700001120567322,10.679963,0.041635122,0.293597
1.580000102519989,10.671964,0.041635122,0.2948178
1.5900000929832458,10.635964,0.041635122,0.29603857
1.6000000834465027,10.655964,0.041635122,0.29725936
1.6100000739097595,10.619964,0.041635122,0.29848012
1.6200000643730164,10.651963,0.041702494,0.29970092
1.6300000548362732,10.671964,0.041702494,0.30092168
1.64000004529953,10.679963,0.041769862,0.30092168
1.6500000357627869,10.691963,0.041769862,0.30214247
1.6600000262260437,10.6879635,0.041837234,0.30336323
1.6700000166893005,10.707963,0.041837234,0.30458403
1.6800000071525574,10.663964,0.041904606,0.30458403
1.6899999976158142,10.6479645,0.041904606,0.3058048
1.699999988079071,10.675964,0.041904606,0.30702558
1.7099999785423279,10.719963,0.041971974,0.30824634
1.7199999690055847,10.695964,0.041971974,0.30946714
1.7299999594688416,10.679963,0.042039346,0.30946714
1.7399999499320984,10.727963,0.042106718,0.3106879
1.7499999403953552,10.727963,0.04230883,0.30946714
1.759999930858612,10.751964,0.04251094,0.30946714
1.769999921321869,10.851964,0.042780425,0.30946714
1.7799999117851257,10.975963,0.043117277,0.30824634
1.7899999022483826,11.083962,0.043656245,0.3058048
1.7999998927116394,11.211962,0.04426258,0.30214247
1.8099998831748962,11.38796,0.044936292,0.29848012
1.8200001120567322,11.607961,0.045812108,0.2948178
1.830000102519989,11.823959,0.04668793,0.2887139
1.8400000929832458,12.027959,0.047361635,0.28627235
1.8500000834465027,12.183958,0.04776586,0.2838308
1.8600000739097595,12.187959,0.04783323,0.28505158
1.8700000643730164,12.195958,0.04783323,0.28627235
1.8800000548362732,12.231957,0.04783323,0.28749314
1.89000004529953,12.227959,0.04783323,0.28749314
1.9000000357627869,12.223958,0.04783323,0.2899347
1.9100000262260437,12.199959,0.04783323,0.2899347
1.9200000166893005,12.207958,0.04783323,0.29115546
1.9300000071525574,12.215959,0.04783323,0.29237625
1.9399999976158142,12.2039585,0.04783323,0.293597
1.949999988079071,12.219959,0.047900602,0.2948178
1.9599999785423279,12.215959,0.047900602,0.29603857
1.9699999690055847,12.2039585,0.047900602,0.29725936
1.9799999594688416,12.155958,0.047900602,0.29725936
1.9899999499320984,12.179958,0.047900602,0.29970092
1.9999999403953552,12.155958,0.047900602,0.29970092
2.009999930858612,12.131959,0.047900602,0.30214247
2.019999921321869,12.171959,0.047967974,0.30214247
2.0299999117851257,12.179958,0.047967974,0.30336323
2.0399999022483826,12.167958,0.047967974,0.30458403
2.0499998927116394,12.167958,0.047967974,0.3058048
2.0599998831748962,12.187959,0.047967974,0.30702558
2.070000112056732,12.175959,0.047967974,0.30824634
2.080000102519989,12.139958,0.048035342,0.30824634
2.090000092983246,12.127958,0.048035342,0.30946714
2.1000000834465027,12.163959,0.048102714,0.3106879
2.1100000739097595,12.155958,0.048102714,0.3119087
2.1200000643730164,12.183958,0.048170086,0.3119087
2.130000054836273,12.207958,0.048237458,0.31312945
2.14000004529953,12.195958,0.048304826,0.31312945
2.150000035762787,12.191959,0.04843957,0.31312945
2.1600000262260437,12.231957,0.04857431,0.31435025
2.1700000166893005,12.279958,0.04877642,0.31312945
2.1800000071525574,12.3359585,0.048978537,0.31312945
2.189999997615814,12.427958,0.049248014,0.31312945
2.199999988079071,12.507957,0.04958487,0.3119087
2.209999978542328,12.579958,0.050123837,0.30946714
2.2199999690055847,12.687956,0.050797544,0.3058048
2.2299999594688416,12.903955,0.05153862,0.30214247
2.2399999499320984,13.155955,0.052414443,0.29725936
2.2499999403953552,13.427954,0.053425003,0.29115546
2.259999930858612,13.655953,0.054300822,0.28627235
2.269999921321869,13.8519535,0.05490716,0.2838308
2.2799999117851257,13.9839525,0.05531138,0.28138924
2.2899999022483826,14.051952,0.05571561,0.28016847
2.2999998927116394,14.199952,0.056187205,0.27772692
2.3099998831748962,14.327951,0.056726173,0.27528536
2.320000112056732,14.483952,0.057265136,0.2728438
2.330000102519989,14.615951,0.057871472,0.26918146
2.340000092983246,14.739949,0.05841044,0.2667399
2.3500000834465027,14.895949,0.058882035,0.26429835
2.3600000739097595,14.987949,0.059218887,0.2630776
2.3700000643730164,15.035949,0.059218887,0.26429835
2.380000054836273,15.031949,0.05928626,0.26551914
2.39000004529953,15.011949,0.05928626,0.2667399
2.400000035762787,14.995949,0.059353627,0.2667399
2.4100000262260437,15.019949,0.059353627,0.2679607
2.4200000166893005,15.043949,0.059421,0.26918146
2.4300000071525574,15.043949,0.059421,0.27040225
2.439999997615814,15.027948,0.059421,0.27162302
2.449999988079071,15.043949,0.059421,0.2728438
2.459999978542328,15.011949,0.059421,0.27406457
2.4699999690055847,14.963949,0.05948837,0.27406457
2.4799999594688416,15.003949,0.05955574,0.27528536
2.4899999499320984,15.039948,0.05955574,0.27650613
2.4999999403953552,15.027948,0.05955574,0.27772692
2.509999930858612,14.975949,0.05962311,0.27772692
2.519999921321869,14.9999485,0.05962311,0.27894768
2.5299999117851257,14.991949,0.059690483,0.28016847
2.5399999022483826,15.015949,0.059757855,0.28016847
2.5499998927116394,15.027948,0.059825223,0.28138924
2.5599998831748962,15.071949,0.059892595,0.28261003
2.570000112056732,15.071949,0.059892595,0.28261003
2.580000102519989,15.071949,0.059959967,0.2838308
2.590000092983246,15.0919485,0.059959967,0.28505158
2.6000000834465027,15.079948,0.06002734,0.28627235
2.6100000739097595,15.047948,0.06002734,0.28627235
2.6200000643730164,15.071949,0.060094707,0.28749314
2.630000054836273,15.067948,0.060162082,0.28749314
2.64000004529953,15.0919485,0.06022945,0.2887139
2.650000035762787,15.119948,0.06029682,0.2899347
2.6600000262260437,15.167949,0.060431562,0.2899347
2.6700000166893005,15.155948,0.06049893,0.2899347
2.6800000071525574,15.155948,0.060633674,0.2899347
2.689999997615814,15.191949,0.060768418,0.29115546
2.699999988079071,15.247949,0.06090316,0.29115546
2.709999978542328,15.259949,0.06097053,0.29237625
2.7199999690055847,15.295948,0.061037898,0.29237625
2.7299999594688416,15.327949,0.061172638,0.29237625
2.7399999499320984,15.363948,0.06137475,0.29237625
2.7499999403953552,15.343947,0.061644237,0.29237625
2.759999930858612,15.435946,0.061981086,0.2899347
2.769999921321869,15.567947,0.06252005,0.2887139
2.7799999117851257,15.755947,0.06319376,0.2838308
2.7899999022483826,15.967946,0.06400221,0.28016847
2.7999998927116394,16.203945,0.06481066,0.27528536
2.8099998831748962,16.363945,0.06548437,0.2728438
2.820000112056732,16.507944,0.06595597,0.27040225
2.830000102519989,16.579945,0.06622544,0.26918146
2.840000092983246,16.647943,0.06636018,0.26918146
2.8500000834465027,16.663942,0.06642756,0.27040225
2.8600000739097595,16.635944,0.06642756,0.27162302
2.8700000643730164,16.671944,0.06649493,0.27162302
2.880000054836273,16.683943,0.06649493,0.2728438
2.89000004529953,16.695944,0.066562295,0.27406457
2.900000035762787,16.707943,0.066562295,0.27528536
2.9100000262260437,16.731943,0.06662967,0.27528536
2.9200000166893005,16.663942,0.06662967,0.27650613
2.9300000071525574,16.647943,0.06669704,0.27772692
2.939999997615814,16.667944,0.06676441,0.27772692
2.949999988079071,16.707943,0.06676441,0.27894768
2.959999978542328,16.699944,0.06683178,0.28016847
2.9699999690055847,16.683943,0.06689915,0.28016847
2.9799999594688416,16.703943,0.06696652,0.28138924
2.9899999499320984,16.691942,0.06696652,0.28261003
2.9999999403953552,16.687944,0.067033894,0.2838308
3.009999930858612,16.699944,0.067033894,0.2838308
3.019999921321869,16.743944,0.06710126,0.28505158
3.0299999117851257,16.763943,0.06716864,0.28627235
3.0399999022483826,16.727943,0.06716864,0.28749314
3.0499998927116394,16.739943,0.067236006,0.28749314
3.0599998831748962,16.739943,0.067303374,0.28749314
3.070000112056732,16.743944,0.06737075,0.2887139
3.080000102519989,16.795942,0.06743812,0.2899347
3.090000092983246,16.807943,0.06757286,0.2899347
3.1000000834465027,16.807943,0.067707606,0.2899347
3.1100000739097595,16.811943,0.06784234,0.2899347
3.1200000643730164,16.915943,0.06811183,0.2899347
3.130000054836273,17.043941,0.06858342,0.28749314
3.14000004529953,17.179941,0.069189765,0.28505158
3.150000035762787,17.31594,0.0697961,0.28261003
3.1600000262260437,17.48794,0.07040243,0.27772692
3.1700000166893005,17.59594,0.070941396,0.27650613
3.1800000071525574,17.72794,0.07127825,0.27406457
3.189999997615814,17.847939,0.07154773,0.27406457
3.199999988079071,17.87994,0.071682476,0.27406457
3.209999978542328,17.83994,0.071682476,0.27528536
3.2199999690055847,17.83594,0.071682476,0.27650613
3.2299999594688416,17.85194,0.07174984,0.27772692
3.2399999499320984,17.875938,0.07181722,0.27772692
3.2499999403953552,17.91194,0.07181722,0.27894768
3.259999930858612,17.93994,0.07188459,0.28016847
3.269999921321869,17.91594,0.07188459,0.28016847
3.2799999117851257,17.871939,0.07188459,0.28261003
3.2899999022483826,17.855938,0.07188459,0.28261003
3.2999998927116394,17.903938,0.07195196,0.2838308
3.3099998831748962,17.85194,0.07195196,0.28505158
3.320000112056732,17.83994,0.07195196,0.28627235
3.330000102519989,17.85994,0.07195196,0.28749314
3.340000092983246,17.84394,0.07195196,0.2887139
3.3500000834465027,17.85994,0.07201933,0.2887139
3.3600000739097595,17.86394,0.07201933,0.2899347
3.3700000643730164,17.89194,0.07201933,0.29115546
3.380000054836273,17.871939,0.07201933,0.29237625
3.39000004529953,17.83594,0.0720867,0.293597
3.400000035762787,17.871939,0.0720867,0.2948178
3.4100000262260437,17.87994,0.072154075,0.2948178
3.4200000166893005,17.86394,0.07222144,0.29603857
3.4300000071525574,17.88794,0.07235619,0.29603857
3.439999997615814,17.91594,0.07249092,0.29603857
3.449999988079071,17.93594,0.0725583,0.29725936
3.459999978542328,17.91194,0.07262567,0.29725936
3.4699999690055847,17.963938,0.07276041,0.29725936
3.4799999594688416,18.027939,0.072895154,0.29725936
3.4899999499320984,18.067938,0.07296252,0.29848012
3.4999999403953552,18.063938,0.07302989,0.29970092
3.509999930858612,18.087938,0.07323201,0.29970092
3.519999921321869,18.119938,0.07336675,0.29970092
3.5299999117851257,18.143938,0.07343412,0.29970092
3.5399999022483826,18.163939,0.07350149,0.30092168
3.5499998927116394,18.171938,0.07356886,0.30214247
3.5600001215934753,18.183939,0.0737036,0.30214247
3.569999873638153,18.171938,0.07377097,0.30214247
3.580000102519989,18.207937,0.07377097,0.30336323
3.5899998545646667,18.23194,0.073905714,0.30336323
3.6000000834465027,18.307938,0.074175194,0.30336323
3.6099998354911804,18.351936,0.07451204,0.30214247
3.6200000643730164,18.479937,0.07498364,0.29970092
3.629999816417694,18.571938,0.07552261,0.29725936
3.64000004529953,18.723936,0.076128945,0.2948178
3.6499997973442078,18.939936,0.07666791,0.29115546
3.6600000262260437,19.039934,0.07713951,0.2899347
3.6699997782707214,19.111935,0.07740899,0.2887139
3.6800000071525574,19.123936,0.077543736,0.2887139
3.689999759197235,19.159935,0.077543736,0.2899347
3.699999988079071,19.147934,0.077543736,0.29115546
3.710000216960907,19.163935,0.0776111,0.29237625
3.7199999690055847,19.207935,0.0776111,0.293597
3.7300001978874207,19.231936,0.0776111,0.293597
3.7399999499320984,19.195934,0.0776111,0.29603857
3.7500001788139343,19.167934,0.0776111,0.29603857
3.759999930858612,19.167934,0.07767848,0.29725936
3.770000159740448,19.179935,0.077813216,0.29725936
3.7799999117851257,19.163935,0.077813216,0.29848012
3.7900001406669617,19.195934,0.07788059,0.29970092
3.7999998927116394,19.167934,0.07788059,0.30092168
3.8100001215934753,19.151936,0.07794796,0.30092168
3.819999873638153,19.215935,0.07801533,0.30214247
3.830000102519989,19.247934,0.0780827,0.30214247
3.8399998545646667,19.239935,0.07815007,0.30336323
3.8500000834465027,19.243935,0.07821744,0.30458403
3.8599998354911804,19.271935,0.07821744,0.30458403
3.8700000643730164,19.287935,0.078352176,0.3058048
3.879999816417694,19.271935,0.07841955,0.3058048
3.89000004529953,19.295935,0.07848692,0.30702558
3.8999997973442078,19.335934,0.07862166,0.30702558
3.9100000262260437,19.315935,0.07868903,0.30702558
3.9199997782707214,19.295935,0.07875641,0.30824634
3.9300000071525574,19.319935,0.07875641,0.30946714
3.939999759197235,19.351934,0.078823775,0.30946714
3.949999988079071,19.395935,0.07889114,0.3106879
3.960000216960907,19.395935,0.07895852,0.3119087
3.9699999690055847,19.411934,0.07895852,0.31312945
3.9800001978874207,19.383934,0.07902589,0.31312945
3.9899999499320984,19.383934,0.07902589,0.31435025
4.000000178813934,19.407934,0.079093255,0.315571
4.009999930858612,19.415934,0.079228,0.315571
4.020000159740448,19.463934,0.07943011,0.315571
4.029999911785126,19.483934,0.0796996,0.31435025
4.040000140666962,19.559933,0.079834335,0.31435025
4.049999892711639,19.595934,0.08003645,0.31435025
4.060000121593475,19.635933,0.080238566,0.31435025
4.069999873638153,19.727932,0.080575414,0.31312945
4.080000102519989,19.855932,0.080979645,0.3119087
4.089999854564667,19.97993,0.081720725,0.30702558
4.100000083446503,20.187933,0.082529165,0.30336323
4.10999983549118,20.419931,0.08340499,0.29725936
4.120000064373016,20.695929,0.084213436,0.293597
4.129999816417694,20.831928,0.0847524,0.29115546
4.14000004529953,20.88793,0.08488715,0.29115546
4.149999797344208,20.903929,0.084954515,0.29237625
4.160000026226044,20.859928,0.084954515,0.293597
4.169999778270721,20.891928,0.08502189,0.293597
4.180000007152557,20.92393,0.08502189,0.2948178
4.189999759197235,20.947927,0.08508926,0.29603857
4.199999988079071,20.951927,0.08508926,0.29603857
4.210000216960907,20.935928,0.08508926,0.29725936
4.219999969005585,20.915928,0.08508926,0.29848012
4.230000197887421,20.903929,0.08515663,0.29970092
4.239999949932098,20.88793,0.085224,0.29970092
4.250000178813934,20.947927,0.08529137,0.30092168
4.259999930858612,20.96393,0.085426114,0.30092168
4.270000159740448,20.959929,0.08556085,0.30214247
4.279999911785126,20.987928,0.085695595,0.30214247
4.290000140666962,21.01993,0.08583034,0.30214247
4.299999892711639,21.051928,0.08596508,0.30214247
4.310000121593475,21.091928,0.08609982,0.30214247
4.319999873638153,21.179926,0.0863693,0.30214247
4.330000102519989,21.283928,0.08677352,0.29970092
4.339999854564667,21.427927,0.08744723,0.29725936
4.350000083446503,21.559927,0.08832305,0.29237625
4.35999983549118,21.879925,0.08953573,0.28505158
4.370000064373016,22.219925,0.090883136,0.27650613
4.379999816417694,22.491924,0.09196107,0.27040225
4.39000004529953,22.727922,0.092567414,0.2667399
4.399999797344208,22.843924,0.09290426,0.26551914
4.410000026226044,22.887922,0.093039006,0.26551914
4.419999778270721,22.943922,0.09317375,0.2667399
4.430000007152557,22.975922,0.09324112,0.2667399
4.439999759197235,22.959923,0.09330849,0.2679607
4.449999988079071,22.983923,0.09337586,0.2679607
4.460000216960907,23.007921,0.093510605,0.2679607
4.469999969005585,23.055922,0.09364534,0.2679607
4.480000197887421,23.075922,0.09371272,0.26918146
4.489999949932098,23.059921,0.09391483,0.26918146
4.500000178813934,23.131922,0.09411694,0.26918146
4.509999930858612,23.175922,0.09438641,0.2679607
4.520000159740448,23.175922,0.0946559,0.2679607
4.529999911785126,23.25992,0.09485801,0.2667399
4.540000140666962,23.347921,0.09512749,0.2667399
4.549999892711639,23.43992,0.095531724,0.26429835
4.560000121593475,23.55592,0.09600332,0.2630776
4.569999873638153,23.69992,0.09660965,0.25941524
4.580000102519989,23.87192,0.09714862,0.25819448
4.589999854564667,23.92792,0.097215995,0.25819448
4.600000083446503,23.919918,0.097215995,0.25819448
4.60999983549118,23.923918,0.09728336,0.25941524
4.620000064373016,23.891918,0.09728336,0.26063603
4.629999816417694,23.867918,0.09735074,0.2618568
4.64000004529953,23.919918,0.09741811,0.2618568
4.649999797344208,23.939919,0.09741811,0.2630776
4.660000026226044,23.907919,0.09741811,0.26429835
4.669999778270721,23.903917,0.09741811,0.26551914
4.680000007152557,23.907919,0.09741811,0.2667399
4.689999759197235,23.899918,0.09741811,0.2679607
4.699999988079071,23.863918,0.09741811,0.26918146
4.710000216960907,23.879917,0.097485475,0.27040225
4.719999969005585,23.899918,0.097485475,0.27040225
4.730000197887421,23.87192,0.097485475,0.2728438
4.739999949932098,23.827919,0.097485475,0.2728438
4.750000178813934,23.827919,0.097485475,0.27406457
4.759999930858612,23.803919,0.097485475,0.27528536
4.770000159740448,23.827919,0.09755285,0.27650613
4.779999911785126,23.887918,0.09755285,0.27772692
4.790000140666962,23.867918,0.09755285,0.27772692
4.799999892711639,23.847918,0.09755285,0.28016847
4.810000121593475,23.847918,0.09762022,0.28016847
4.819999873638153,23.85192,0.09762022,0.28138924
4.830000102519989,23.831919,0.09762022,0.28261003
4.839999854564667,23.807919,0.09768759,0.2838308
4.850000083446503,23.81592,0.09768759,0.2838308
4.85999983549118,23.81992,0.09768759,0.28627235
4.870000064373016,23.823917,0.09775496,0.28627235
4.879999816417694,23.811918,0.09775496,0.28749314
4.89000004529953,23.863918,0.09782233,0.28749314
4.899999797344208,23.847918,0.09782233,0.2899347
4.910000026226044,23.823917,0.0978897,0.2899347
4.919999778270721,23.83992,0.0978897,0.29115546
4.930000007152557,23.85192,0.097957075,0.29237625
4.939999759197235,23.847918,0.097957075,0.293597
4.949999988079071,23.863918,0.09802444,0.293597
4.960000216960907,23.827919,0.09802444,0.2948178
4.969999969005585,23.827919,0.09802444,0.29603857
4.980000197887421,23.79592,0.09809182,0.29603857
4.989999949932098,23.79992,0.09809182,0.29725936
5.000000178813934,23.87192,0.09815918,0.29848012
5.009999930858612,23.867918,0.09822655,0.29970092
5.020000159740448,23.899918,0.09822655,0.29970092
5.029999911785126,23.91592,0.09829392,0.30092168
5.040000140666962,23.87192,0.09829392,0.30214247
5.049999892711639,23.847918,0.09836129,0.30336323
5.060000121593475,23.867918,0.09836129,0.30336323
5.069999873638153,23.879917,0.09842866,0.30458403
5.080000102519989,23.879917,0.098496035,0.3058048
5.089999854564667,23.899918,0.0985634,0.3058048
5.100000083446503,23.923918,0.09869815,0.3058048
5.10999983549118,23.947918,0.098765515,0.30702558
5.120000064373016,23.967918,0.09896763,0.30702558
5.129999816417694,24.047918,0.099237114,0.3058048
5.14000004529953,24.171917,0.099708706,0.30336323
5.149999797344208,24.287916,0.10031505,0.30214247
5.160000026226044,24.439919,0.10105613,0.29725936
5.169999778270721,24.675915,0.10186458,0.29237625
5.180000007152557,24.935915,0.102942504,0.28627235
5.189999759197235,25.243914,0.10395306,0.28016847
5.199999988079071,25.439913,0.10455941,0.27772692
5.210000216960907,25.535913,0.104896255,0.27650613
5.219999969005585,25.551912,0.10496363,0.27650613
5.230000197887421,25.587914,0.10496363,0.27772692
5.239999949932098,25.607914,0.10496363,0.27894768
5.250000178813934,25.611912,0.10496363,0.28016847
5.259999930858612,25.591911,0.10496363,0.28138924
5.270000159740448,25.575912,0.10496363,0.28261003
5.279999911785126,25.583914,0.10496363,0.2838308
5.290000140666962,25.547915,0.10496363,0.28505158
5.299999892711639,25.535913,0.10496363,0.28627235
5.310000121593475,25.539913,0.10496363,0.28749314
5.319999873638153,25.531912,0.10496363,0.2887139
5.330000102519989,25.523914,0.10496363,0.2899347
5.339999854564667,25.491913,0.10496363,0.29115546
5.350000083446503,25.515913,0.10496363,0.29237625
5.35999983549118,25.495913,0.10496363,0.29237625
5.370000064373016,25.479914,0.10496363,0.293597
5.379999816417694,25.515913,0.10496363,0.2948178
5.39000004529953,25.511911,0.10496363,0.29603857
5.399999797344208,25.495913,0.105031,0.29725936
5.410000026226044,25.483913,0.105031,0.29848012
5.419999778270721,25.487913,0.105031,0.29970092
5.430000007152557,25.463913,0.105031,0.30092168
5.439999759197235,25.407913,0.105031,0.30214247
5.449999988079071,25.419912,0.105031,0.30336323
5.460000216960907,25.419912,0.105031,0.30336323
5.469999969005585,25.427914,0.105031,0.3058048
5.480000197887421,25.459913,0.105098374,0.3058048
5.489999949932098,25.467915,0.105098374,0.30702558
5.500000178813934,25.443914,0.10516574,0.30702558
5.509999930858612,25.383913,0.10516574,0.30946714
5.520000159740448,25.411915,0.10523311,0.30946714
5.529999911785126,25.455912,0.105300486,0.3106879
5.540000140666962,25.511911,0.105569966,0.30946714
5.549999892711639,25.551912,0.10577208,0.30946714
5.560000121593475,25.635912,0.1061763,0.30824634
5.569999873638153,25.723913,0.106647894,0.3058048
5.580000102519989,25.847912,0.10718686,0.30336323
5.589999854564667,26.051912,0.10786057,0.29970092
5.600000083446503,26.267912,0.10860165,0.29603857
5.60999983549118,26.443909,0.10934273,0.29115546
5.620000064373016,26.603909,0.10994907,0.2887139
5.629999816417694,26.707909,0.11008381,0.2887139
5.64000004529953,26.703909,0.11008381,0.2899347
5.649999797344208,26.69191,0.11008381,0.29115546
5.660000026226044,26.683908,0.11008381,0.29237625
5.669999778270721,26.707909,0.11015118,0.29237625
5.680000007152557,26.69191,0.11015118,0.293597
5.689999759197235,26.67191,0.11015118,0.2948178
5.699999988079071,26.69191,0.11021855,0.29603857
5.710000216960907,26.739908,0.11021855,0.29725936
5.719999969005585,26.72391,0.11021855,0.29848012
5.730000197887421,26.67191,0.11021855,0.29970092
5.739999949932098,26.66791,0.11021855,0.29970092
5.750000178813934,26.64391,0.110285915,0.30092168
5.759999930858612,26.64391,0.110285915,0.30214247
5.770000159740448,26.65591,0.11035328,0.30336323
5.779999911785126,26.69191,0.11042065,0.30336323
5.790000140666962,26.67591,0.11042065,0.30458403
5.799999892711639,26.69991,0.11048803,0.3058048
5.810000121593475,26.707909,0.110555395,0.3058048
5.819999873638153,26.683908,0.110555395,0.30702558
5.830000102519989,26.69991,0.11062277,0.30824634
5.839999854564667,26.719908,0.11069014,0.30824634
5.850000083446503,26.75191,0.11075751,0.30946714
5.85999983549118,26.719908,0.11082488,0.30946714
5.870000064373016,26.72791,0.11089225,0.3106879
5.879999816417694,26.759909,0.11095962,0.3119087
5.89000004529953,26.755907,0.11095962,0.31312945
5.899999797344208,26.735909,0.111026995,0.31312945
5.910000026226044,26.755907,0.11116174,0.31312945
5.919999778270721,26.807909,0.11122911,0.31435025
5.930000007152557,26.82791,0.11136385,0.31435025
5.939999759197235,26.867908,0.11143122,0.315571
5.949999988079071,26.943909,0.11163333,0.315571
5.960000216960907,26.939909,0.11183544,0.315571
5.969999969005585,26.955908,0.11210493,0.31312945
5.980000197887421,27.04391,0.112509154,0.3119087
5.989999949932098,27.167908,0.112980746,0.30946714
6.000000178813934,27.347908,0.11358709,0.30702558
6.009999930858612,27.503906,0.114260785,0.30336323
6.020000159740448,27.719906,0.11486713,0.30092168
6.029999911785126,27.871904,0.11560821,0.29725936
6.040000140666962,28.007904,0.11621454,0.293597
6.049999892711639,28.159904,0.11661877,0.29237625
6.060000121593475,28.259903,0.116888255,0.29237625
6.069999873638153,28.299904,0.11695562,0.29237625
6.080000102519989,28.295904,0.11702299,0.29237625
6.089999854564667,28.307903,0.11709037,0.293597
6.100000083446503,28.319904,0.11709037,0.2948178
6.10999983549118,28.291903,0.117157735,0.2948178
6.120000064373016,28.299904,0.1172251,0.29603857
6.129999816417694,28.351902,0.11729248,0.29603857
6.14000004529953,28.339905,0.11742722,0.29603857
6.149999797344208,28.363905,0.11749459,0.29725936
6.160000026226044,28.383904,0.11756196,0.29725936
6.169999778270721,28.399904,0.117629334,0.29848012
6.180000007152557,28.399904,0.1176967,0.29970092
6.189999759197235,28.399904,0.11776407,0.29970092
6.199999988079071,28.431904,0.117831446,0.30092168
6.210000216960907,28.411903,0.11796618,0.30092168
6.219999969005585,28.439903,0.118168294,0.30092168
6.230000197887421,28.571903,0.11857252,0.29970092
6.239999949932098,28.711903,0.11904411,0.29725936
6.250000178813934,28.827902,0.11958308,0.2948178
6.259999930858612,28.9519,0.120122045,0.29237625
6.270000159740448,29.0799,0.12066101,0.2899347
6.279999911785126,29.2239,0.12119999,0.28627235
6.290000140666962,29.3719,0.121873684,0.2838308
6.299999892711639,29.603899,0.12248001,0.28016847
6.310000121593475,29.715899,0.12295161,0.27772692
6.319999873638153,29.787897,0.123288475,0.27650613
6.330000102519989,29.847898,0.12349059,0.27650613
6.339999854564667,29.899899,0.12355795,0.27772692
6.350000083446503,29.919897,0.12362532,0.27772692
6.35999983549118,29.8919,0.12362532,0.27894768
6.370000064373016,29.927898,0.1236927,0.28016847
6.379999816417694,29.939898,0.12376006,0.28016847
6.39000004529953,29.9159,0.123827435,0.28138924
6.399999797344208,29.883898,0.123827435,0.28261003
6.410000026226044,29.919897,0.123827435,0.2838308
6.419999778270721,29.9159,0.12389481,0.2838308
6.430000007152557,29.895899,0.12396219,0.28505158
6.439999759197235,29.903898,0.12402955,0.28627235
6.449999988079071,29.927898,0.12409692,0.28627235
6.460000216960907,29.947897,0.1241643,0.28749314
6.469999969005585,30.019897,0.12436641,0.28627235
6.480000197887421,30.079897,0.12450115,0.28749314
6.489999949932098,30.055897,0.12463588,0.28749314
6.500000178813934,30.079897,0.124837995,0.28627235
6.509999930858612,30.103897,0.1250401,0.28749314
6.520000159740448,30.167898,0.12524222,0.28627235
6.529999911785126,30.231895,0.1255117,0.28627235
6.540000140666962,30.327896,0.1257812,0.28505158
6.549999892711639,30.439898,0.12611803,0.2838308
6.560000121593475,30.491896,0.1264549,0.28261003
6.569999873638153,30.499897,0.12665701,0.28261003
6.580000102519989,30.583895,0.1269265,0.28138924
6.589999854564667,30.695896,0.12719597,0.28138924
6.600000083446503,30.771896,0.12746546,0.28016847
6.60999983549118,30.847897,0.12773494,0.28016847
6.620000064373016,30.899895,0.12793706,0.27894768
6.629999816417694,30.907896,0.1280718,0.28016847
6.64000004529953,30.919895,0.12820654,0.28016847
6.649999797344208,30.935894,0.1282739,0.28016847
6.660000026226044,30.971893,0.12834127,0.28138924
6.669999778270721,30.967896,0.12834127,0.28261003
6.680000007152557,30.955894,0.12834127,0.2838308
6.689999759197235,30.975895,0.12840866,0.2838308
6.699999988079071,31.019896,0.12854339,0.28505158
6.710000216960907,30.979895,0.12854339,0.28505158
6.719999969005585,30.987896,0.12854339,0.28627235
6.730000197887421,31.007893,0.12854339,0.28749314
6.739999949932098,30.955894,0.12854339,0.2887139
6.750000178813934,30.955894,0.12854339,0.2899347
6.759999930858612,30.975895,0.12854339,0.29115546
6.770000159740448,30.983894,0.12861076,0.29237625
6.779999911785126,30.939896,0.12861076,0.293597
6.790000140666962,30.919895,0.12867813,0.293597
6.799999892711639,30.971893,0.1287455,0.2948178
6.810000121593475,30.983894,0.1287455,0.29603857
6.819999873638153,30.971893,0.12881288,0.29603857
6.830000102519989,30.991894,0.12888023,0.29725936
6.839999854564667,30.983894,0.12894762,0.29848012
6.850000083446503,31.003895,0.12901498,0.29848012
6.85999983549118,30.991894,0.12908235,0.29970092
6.870000064373016,31.011894,0.12914972,0.29970092
6.879999816417694,31.011894,0.1292171,0.29970092
6.89000004529953,31.035894,0.12928446,0.30092168
6.899999797344208,31.063894,0.12935184,0.30214247
6.910000026226044,31.103895,0.12948659,0.30214247
6.919999778270721,31.067894,0.12948659,0.30336323
6.930000007152557,31.079895,0.12955394,0.30336323
6.939999759197235,31.111895,0.12962133,0.30458403
6.949999988079071,31.139894,0.1296887,0.3058048
6.960000216960907,31.099895,0.12975606,0.3058048
6.969999969005585,31.163893,0.12989081,0.3058048
6.980000197887421,31.171894,0.13002555,0.3058048
6.989999949932098,31.179895,0.13009292,0.30702558
7.000000178813934,31.211893,0.13016029,0.30702558
7.009999930858612,31.283894,0.13029504,0.30824634
7.020000159740448,31.311893,0.13049714,0.30702558
7.029999911785126,31.327894,0.130834,0.30702558
7.040000140666962,31.403893,0.13130559,0.30458403
7.049999892711639,31.615892,0.13191193,0.30214247
7.060000121593475,31.775892,0.13258563,0.29725936
7.069999873638153,31.98389,0.13332671,0.293597
7.080000102519989,32.19989,0.13400042,0.2899347
7.089999854564667,32.36789,0.1347415,0.28627235
7.100000083446503,32.50789,0.13528046,0.2838308
7.10999983549118,32.63189,0.13554995,0.28261003
7.120000064373016,32.66789,0.13561733,0.2838308
7.129999816417694,32.683887,0.13561733,0.28505158
7.14000004529953,32.67189,0.13568468,0.28627235
7.149999797344208,32.703888,0.13568468,0.28627235
7.160000026226044,32.675888,0.13568468,0.28749314
7.169999778270721,32.65189,0.13568468,0.2887139
7.180000007152557,32.63989,0.13575207,0.2899347
7.189999759197235,32.67989,0.13575207,0.29115546
7.199999988079071,32.643887,0.13575207,0.29237625
7.210000216960907,32.61989,0.13575207,0.293597
7.219999969005585,32.63989,0.13581944,0.293597
7.230000197887421,32.65189,0.13581944,0.2948178
7.239999949932098,32.63589,0.1358868,0.29603857
7.250000178813934,32.63589,0.1358868,0.29725936
7.259999930858612,32.61989,0.13595417,0.29725936
7.270000159740448,32.627888,0.13595417,0.29848012
7.279999911785126,32.59989,0.13595417,0.29970092
7.290000140666962,32.627888,0.13595417,0.30092168
7.299999892711639,32.675888,0.13602155,0.30214247
7.310000121593475,32.66789,0.13615629,0.30214247
7.319999873638153,32.643887,0.13622366,0.30214247
7.330000102519989,32.65589,0.13629103,0.30336323
7.339999854564667,32.65189,0.13642576,0.30336323
7.350000083446503,32.70789,0.1365605,0.30336323
7.35999983549118,32.767887,0.13662788,0.30458403
7.370000064373016,32.775887,0.13669525,0.3058048
7.379999816417694,32.787888,0.13689737,0.30458403
7.39000004529953,32.81989,0.13709947,0.30458403
7.399999797344208,32.915886,0.13736895,0.30336323
7.410000026226044,32.975887,0.13763843,0.30336323
7.419999778270721,33.051888,0.13811004,0.30092168
7.430000007152557,33.227886,0.138649,0.29848012
7.439999759197235,33.367886,0.13918798,0.29603857
7.449999988079071,33.471886,0.1397943,0.293597
7.460000216960907,33.655884,0.14046802,0.2899347
7.469999969005585,33.859886,0.14100698,0.28627235
7.480000197887421,33.975883,0.14134383,0.28627235
7.489999949932098,33.987885,0.14147857,0.28627235
7.500000178813934,34.023884,0.1416133,0.28627235
7.509999930858612,34.007885,0.14168069,0.28627235
7.520000159740448,34.067883,0.14174806,0.28749314
7.529999911785126,34.079884,0.14181544,0.28749314
7.540000140666962,34.115883,0.14188279,0.2887139
7.549999892711639,34.127884,0.14201754,0.2887139
7.559999644756317,34.099884,0.14208491,0.2899347
7.569999873638153,34.075886,0.14208491,0.29115546
7.580000102519989,34.083885,0.14215228,0.29237625
7.590000331401825,34.091885,0.14215228,0.29237625
7.5999996066093445,34.119884,0.14215228,0.293597
7.60999983549118,34.127884,0.14221966,0.2948178
7.620000064373016,34.115883,0.14221966,0.29603857
7.630000293254852,34.071884,0.14221966,0.29725936
7.639999568462372,34.047886,0.14221966,0.29848012
7.649999797344208,34.099884,0.14228702,0.29848012
7.660000026226044,34.079884,0.14228702,0.29970092
7.67000025510788,34.039883,0.1423544,0.30092168
7.679999530315399,34.091885,0.14242177,0.30092168
7.689999759197235,34.107883,0.14248914,0.30214247
7.699999988079071,34.111885,0.1425565,0.30214247
7.710000216960907,34.099884,0.1425565,0.30336323
7.720000445842743,34.111885,0.1425565,0.30458403
7.7299997210502625,34.087883,0.14269124,0.3058048
7.739999949932098,34.099884,0.14275862,0.3058048
7.750000178813934,34.139885,0.14275862,0.30702558
7.76000040769577,34.15988,0.14282599,0.30702558
7.76999968290329,34.179882,0.14289336,0.30824634
7.779999911785126,34.171886,0.14302811,0.30946714
7.790000140666962,34.19588,0.14309546,0.30946714
7.800000369548798,34.219883,0.14336495,0.30824634
7.809999644756317,34.275883,0.14370182,0.30702558
7.819999873638153,34.443882,0.1441734,0.3058048
7.830000102519989,34.62788,0.14471237,0.30336323
7.840000331401825,34.74388,0.14525133,0.29970092
7.8499996066093445,34.85588,0.14585766,0.29725936
7.85999983549118,35.00388,0.14639664,0.2948178
7.870000064373016,35.143883,0.1469356,0.29237625
7.880000293254852,35.23988,0.14720508,0.29115546
7.889999568462372,35.30788,0.14720508,0.29237625
7.899999797344208,35.31188,0.14727247,0.293597
7.910000026226044,35.27988,0.14727247,0.293597
7.92000025510788,35.27588,0.14727247,0.29603857
7.929999530315399,35.28388,0.14727247,0.29603857
7.939999759197235,35.263878,0.14733984,0.29725936
7.949999988079071,35.26788,0.14733984,0.29848012
7.960000216960907,35.27988,0.14733984,0.29970092
7.970000445842743,35.28788,0.1474072,0.29970092
7.9799997210502625,35.263878,0.1474072,0.30214247
7.989999949932098,35.23588,0.1474072,0.30214247
8.000000178813934,35.27188,0.14747457,0.30336323
8.01000040769577,35.255882,0.14747457,0.30458403
8.01999968290329,35.23188,0.14747457,0.3058048
8.029999911785126,35.22388,0.14747457,0.30702558
8.040000140666962,35.243877,0.14754196,0.30702558
8.050000369548798,35.25188,0.14760931,0.30824634
8.059999644756317,35.23588,0.14760931,0.30946714
8.069999873638153,35.243877,0.14760931,0.3106879
8.080000102519989,35.23988,0.14767669,0.3106879
8.090000331401825,35.23588,0.14767669,0.3119087
8.099999606609344,35.243877,0.14774406,0.31312945
8.10999983549118,35.243877,0.14781143,0.31312945
8.120000064373016,35.23188,0.14781143,0.31435025
8.130000293254852,35.243877,0.1478788,0.315571
8.139999568462372,35.26788,0.14794618,0.315571
8.149999797344208,35.28788,0.14801353,0.3167918
8.160000026226044,35.30388,0.14808092,0.31801257
8.17000025510788,35.33588,0.14821565,0.31801257
8.1799995303154,35.35988,0.14835039,0.31801257
8.189999759197235,35.36388,0.14848512,0.31801257
8.199999988079071,35.38788,0.14868724,0.31801257
8.210000216960907,35.43988,0.14875461,0.31923336
8.220000445842743,35.47188,0.148822,0.31923336
8.229999721050262,35.46788,0.14888935,0.31923336
8.239999949932098,35.50388,0.14909147,0.31923336
8.250000178813934,35.55988,0.14922622,0.31923336
8.26000040769577,35.56388,0.14936095,0.32045412
8.26999968290329,35.56388,0.14942832,0.32045412
8.279999911785126,35.603878,0.14963044,0.32045412
8.290000140666962,35.695877,0.14983255,0.32045412
8.300000369548798,35.77988,0.15010203,0.31923336
8.309999644756317,35.839878,0.15050626,0.31801257
8.319999873638153,35.927876,0.15097785,0.3167918
8.330000102519989,36.079876,0.15151682,0.31312945
8.340000331401825,36.199875,0.15219052,0.30946714
8.349999606609344,36.451874,0.15306635,0.3058048
8.35999983549118,36.687874,0.1538748,0.30092168
8.370000064373016,36.863876,0.15434639,0.29848012
8.380000293254852,36.943874,0.15448113,0.29848012
8.389999568462372,36.963875,0.15448113,0.29970092
8.399999797344208,36.903873,0.15448113,0.30092168
8.410000026226044,36.899876,0.15461586,0.30214247
8.42000025510788,36.939873,0.15461586,0.30214247
8.4299995303154,36.959873,0.15468325,0.30336323
8.439999759197235,36.931873,0.15468325,0.30336323
8.449999988079071,36.927876,0.15475062,0.30458403
8.460000216960907,36.955875,0.15481798,0.3058048
8.470000445842743,36.983875,0.15495273,0.3058048
8.479999721050262,36.963875,0.15508747,0.3058048
8.489999949932098,37.003876,0.1552222,0.3058048
8.500000178813934,37.071873,0.15542431,0.3058048
8.51000040769577,37.099873,0.15562645,0.3058048
8.51999968290329,37.171875,0.15603067,0.30458403
8.529999911785126,37.343872,0.156637,0.30092168
8.540000140666962,37.57587,0.15764755,0.2948178
8.550000369548798,37.90387,0.15906234,0.28749314
8.559999644756317,38.27987,0.16061187,0.27650613
8.569999873638153,38.663868,0.16175717,0.27040225
8.580000102519989,38.89187,0.16249825,0.2667399
8.590000331401825,39.059868,0.16310458,0.26429835
8.599999606609344,39.267868,0.16364355,0.26063603
8.60999983549118,39.387867,0.16424988,0.25697368
8.620000064373016,39.527863,0.16505833,0.25331137
8.630000293254852,39.807865,0.1660689,0.24720748
8.639999568462372,40.019863,0.16680998,0.24354514
8.649999797344208,40.127865,0.16707946,0.24232437
8.660000026226044,40.115864,0.16707946,0.24354514
8.67000025510788,40.163864,0.16707946,0.24476592
8.6799995303154,40.155865,0.16707946,0.2459867
8.689999759197235,40.09986,0.16707946,0.24720748
8.699999988079071,40.07186,0.16707946,0.24842826
8.710000216960907,40.09186,0.16707946,0.24964903
8.720000445842743,40.075863,0.16707946,0.2508698
8.729999721050262,40.023865,0.16707946,0.25209057
8.739999949932098,40.027863,0.16707946,0.25331137
8.750000178813934,40.043865,0.16707946,0.25453213
8.76000040769577,40.03186,0.16707946,0.25575292
8.76999968290329,40.023865,0.16707946,0.25697368
8.779999911785126,40.003864,0.16707946,0.25819448
8.790000140666962,39.947865,0.16707946,0.25819448
8.800000369548798,39.93986,0.16707946,0.25941524
8.809999644756317,39.951862,0.16707946,0.26063603
8.819999873638153,39.971863,0.16707946,0.2618568
8.830000102519989,39.951862,0.16707946,0.2630776
8.840000331401825,39.935863,0.16707946,0.26429835
8.849999606609344,39.93186,0.16707946,0.26551914
8.85999983549118,39.891865,0.16707946,0.2667399
8.870000064373016,39.859863,0.16707946,0.2679607
8.880000293254852,39.903866,0.16707946,0.26918146
8.889999568462372,39.903866,0.16707946,0.27040225
8.899999797344208,39.883865,0.16707946,0.27162302
8.910000026226044,39.843864,0.16707946,0.2728438
8.92000025510788,39.855865,0.16707946,0.27406457
8.9299995303154,39.831867,0.16707946,0.27528536
8.939999759197235,39.815865,0.16707946,0.27650613
8.949999988079071,39.815865,0.16707946,0.27772692
8.960000216960907,39.815865,0.16707946,0.27772692
8.970000445842743,39.819862,0.16707946,0.28016847
8.979999721050262,39.807865,0.16707946,0.28016847
8.989999949932098,39.77986,0.16707946,0.28138924
9.000000178813934,39.775864,0.16707946,0.28261003
9.01000040769577,39.747864,0.16707946,0.2838308
9.01999968290329,39.767864,0.16707946,0.28505158
9.029999911785126,39.747864,0.16707946,0.28627235
9.040000140666962,39.715866,0.16707946,0.28749314
9.050000369548798,39.735863,0.16707946,0.2887139
9.059999644756317,39.783867,0.16707946,0.2899347
9.069999873638153,39.75986,0.16707946,0.29115546
9.080000102519989,39.703865,0.16707946,0.29237625
9.090000331401825,39.639866,0.16707946,0.293597
9.099999606609344,39.687862,0.16707946,0.2948178
9.10999983549118,39.687862,0.16707946,0.29603857
9.120000064373016,39.703865,0.16707946,0.29725936
9.130000293254852,39.695866,0.16707946,0.29725936
9.139999568462372,39.655865,0.16707946,0.29970092
9.149999797344208,39.611866,0.16707946,0.29970092
9.160000026226044,39.639866,0.16707946,0.30214247
9.17000025510788,39.647865,0.16714683,0.30214247
9.1799995303154,39.651867,0.16714683,0.30336323
9.189999759197235,39.639866,0.16714683,0.30458403
9.199999988079071,39.643864,0.16714683,0.3058048
9.210000216960907,39.611866,0.16714683,0.30702558
9.220000445842743,39.59987,0.1672142,0.30702558
9.229999721050262,39.587864,0.1672142,0.30824634
9.239999949932098,39.623867,0.1672142,0.30946714
9.250000178813934,39.591866,0.1672142,0.3106879
9.26000040769577,39.583866,0.1672142,0.3119087
9.26999968290329,39.57987,0.1672142,0.31312945
9.279999911785126,39.607864,0.16728158,0.31312945
9.290000140666962,39.595863,0.16728158,0.315571
9.300000369548798,39.595863,0.16728158,0.315571
9.309999644756317,39.583866,0.16734894,0.3167918
9.319999873638153,39.583866,0.16741632,0.31801257
9.330000102519989,39.591866,0.16755106,0.31801257
9.340000331401825,39.631866,0.16761842,0.31801257
9.349999606609344,39.703865,0.16782054,0.31801257
9.35999983549118,39.719864,0.16802265,0.31801257
9.370000064373016,39.819862,0.1683595,0.3167918
9.380000293254852,39.927864,0.16896585,0.31312945
9.389999568462372,40.107864,0.16990903,0.30824634
9.399999797344208,40.407864,0.17105433,0.30214247
9.410000026226044,40.831863,0.17260386,0.29237625
9.42000025510788,41.15586,0.17374916,0.28627235
9.4299995303154,41.41586,0.17422076,0.28261003
9.439999759197235,41.45586,0.17442288,0.28261003
9.449999988079071,41.49986,0.17449024,0.2838308
9.460000216960907,41.49586,0.17462498,0.2838308
9.470000445842743,41.50786,0.17469236,0.2838308
9.479999721050262,41.551857,0.1748271,0.28505158
9.489999949932098,41.59586,0.17496185,0.28505158
9.500000178813934,41.60786,0.1750292,0.28627235
9.51000040769577,41.599857,0.17516395,0.28627235
9.51999968290329,41.643856,0.17536607,0.28627235
9.529999911785126,41.68786,0.17563555,0.28505158
9.540000140666962,41.74786,0.1759724,0.2838308
9.550000369548798,41.843857,0.17630926,0.28261003
9.559999644756317,41.903854,0.17664611,0.28138924
9.569999873638153,42.011856,0.17698295,0.28016847
9.580000102519989,42.143856,0.17752191,0.27772692
9.590000331401825,42.323856,0.17806089,0.27528536
9.599999606609344,42.407856,0.17839774,0.27406457
9.60999983549118,42.415855,0.1785325,0.27406457
9.620000064373016,42.443855,0.1785325,0.27528536
9.630000293254852,42.467854,0.1785325,0.27650613
9.639999568462372,42.443855,0.1785325,0.27772692
9.649999797344208,42.435856,0.1785325,0.27894768
9.660000026226044,42.447853,0.17859985,0.27894768
9.67000025510788,42.415855,0.17859985,0.28016847
9.6799995303154,42.367855,0.17859985,0.28138924
9.689999759197235,42.363857,0.17859985,0.28261003
9.699999988079071,42.387856,0.17859985,0.2838308
9.710000216960907,42.411858,0.17859985,0.28505158
9.720000445842743,42.403854,0.17859985,0.28627235
9.729999721050262,42.375854,0.17859985,0.28749314
9.739999949932098,42.335854,0.17859985,0.2887139
9.750000178813934,42.311855,0.17859985,0.2899347
9.76000040769577,42.307854,0.17859985,0.29115546
9.76999968290329,42.323856,0.17859985,0.29237625
9.779999911785126,42.287853,0.17859985,0.293597
9.790000140666962,42.287853,0.17859985,0.293597
9.800000369548798,42.31986,0.17859985,0.29603857
9.809999644756317,42.29986,0.17859985,0.29603857
9.819999873638153,42.275856,0.17859985,0.29725936
9.830000102519989,42.287853,0.17859985,0.29848012
9.840000331401825,42.27186,0.17859985,0.29970092
9.849999606609344,42.251858,0.17859985,0.30092168
9.85999983549118,42.211857,0.17859985,0.30214247
9.870000064373016,42.251858,0.17859985,0.30336323
9.880000293254852,42.263855,0.17866723,0.30458403
9.889999568462372,42.231857,0.17866723,0.3058048
9.899999797344208,42.19986,0.17866723,0.30702558
9.910000026226044,42.191856,0.17866723,0.30702558
9.92000025510788,42.191856,0.1787346,0.30824634
9.9299995303154,42.239857,0.17880197,0.30946714
9.939999759197235,42.239857,0.17886934,0.30946714
9.949999988079071,42.255856,0.17886934,0.3106879
9.960000216960907,42.231857,0.17893672,0.3119087
9.970000445842743,42.251858,0.17893672,0.31312945
9.979999721050262,42.219856,0.17900407,0.31312945
9.989999949932098,42.227856,0.17900407,0.31435025
10.000000178813934,42.227856,0.17907146,0.315571
10.01000040769577,42.27186,0.17907146,0.3167918
10.01999968290329,42.283855,0.17913882,0.3167918
10.029999911785126,42.243855,0.17913882,0.31801257
10.040000140666962,42.235855,0.1792062,0.31923336
10.050000369548798,42.279858,0.17927356,0.31923336
10.059999644756317,42.279858,0.17934094,0.32045412
10.069999873638153,42.275856,0.17940831,0.3216749
10.080000102519989,42.283855,0.17947568,0.3216749
10.090000331401825,42.283855,0.17947568,0.32289568
10.099999606609344,42.323856,0.17954305,0.32289568
10.10999983549118,42.323856,0.17961043,0.32411647
10.120000064373016,42.35985,0.17967778,0.32533723
10.130000293254852,42.355854,0.17974517,0.32533723
10.139999568462372,42.335854,0.17981254,0.32655802
10.149999797344208,42.355854,0.1798799,0.32655802
10.160000026226044,42.355854,0.17994727,0.3277788
10.17000025510788,42.391857,0.18001465,0.3277788
10.1799995303154,42.435856,0.18021676,0.3277788
10.189999759197235,42.495857,0.1805536,0.3277788
10.199999988079071,42.587856,0.1810252,0.32533723
10.210000216960907,42.687855,0.18163154,0.3216749
10.220000445842743,42.935856,0.18243998,0.31801257
10.229999721050262,43.191853,0.18345056,0.3119087
10.239999949932098,43.511852,0.18459585,0.3058048
10.250000178813934,43.803852,0.1856064,0.29848012
10.26000040769577,44.04785,0.18621276,0.29603857
10.26999968290329,44.111847,0.18641487,0.29603857
10.279999911785126,44.115852,0.18648224,0.29603857
10.290000140666962,44.09985,0.18648224,0.29725936
10.300000369548798,44.13985,0.18648224,0.29848012
10.309999644756317,44.111847,0.1865496,0.29970092
10.319999873638153,44.115852,0.1865496,0.30092168
10.330000102519989,44.12785,0.1865496,0.30214247
10.340000331401825,44.111847,0.1865496,0.30214247
10.349999606609344,44.10385,0.18661699,0.30336323
10.35999983549118,44.091846,0.18661699,0.30458403
10.370000064373016,44.10785,0.18668434,0.3058048
10.380000293254852,44.05985,0.18675172,0.3058048
10.389999568462372,44.06385,0.18675172,0.30702558
10.399999797344208,44.115852,0.18681909,0.30702558
10.410000026226044,44.12385,0.18688646,0.30824634
10.42000025510788,44.131847,0.18708856,0.30824634
10.4299995303154,44.16785,0.18729068,0.30824634
10.439999759197235,44.26785,0.18762754,0.30702558
10.449999988079071,44.35585,0.18803176,0.3058048
10.460000216960907,44.46785,0.18857072,0.30214247
10.470000445842743,44.64785,0.18917707,0.29970092
10.479999721050262,44.827847,0.18978341,0.29725936
10.489999949932098,44.943848,0.19045712,0.293597
10.500000178813934,45.111847,0.19113082,0.2899347
10.51000040769577,45.283848,0.19166979,0.28749314
10.51999968290329,45.415848,0.19207402,0.28505158
10.529999911785126,45.495846,0.19227612,0.28505158
10.540000140666962,45.567844,0.19241086,0.28505158
10.550000369548798,45.559845,0.19241086,0.28627235
10.559999644756317,45.523846,0.19247822,0.28749314
10.569999873638153,45.519844,0.19254561,0.28749314
10.580000102519989,45.559845,0.19254561,0.2887139
10.590000331401825,45.543846,0.19254561,0.2899347
10.599999606609344,45.495846,0.19254561,0.29115546
10.60999983549118,45.495846,0.19254561,0.29237625
10.620000064373016,45.495846,0.19254561,0.293597
10.630000293254852,45.479843,0.19254561,0.2948178
10.639999568462372,45.479843,0.19254561,0.29603857
10.649999797344208,45.519844,0.19254561,0.29725936
10.660000026226044,45.479843,0.19254561,0.29848012
10.67000025510788,45.439846,0.19261296,0.29848012
10.6799995303154,45.431843,0.19261296,0.29970092
10.689999759197235,45.431843,0.19261296,0.30092168
10.699999988079071,45.455845,0.19261296,0.30214247
10.710000216960907,45.471844,0.19268034,0.30336323
10.720000445842743,45.459843,0.19274771,0.30336323
10.729999721050262,45.403847,0.19274771,0.30458403
10.739999949932098,45.395847,0.1928151,0.3058048
10.750000178813934,45.427845,0.19288245,0.3058048
10.76000040769577,45.495846,0.1930172,0.3058048
10.76999968290329,45.535847,0.19321932,0.3058048
10.779999911785126,45.575848,0.19348879,0.3058048
10.790000140666962,45.675846,0.19389302,0.30336323
10.800000369548798,45.767845,0.19449936,0.30092168
10.809999644756317,45.927845,0.19517305,0.29725936
10.819999873638153,46.171844,0.19598152,0.29237625
10.830000102519989,46.403843,0.19685732,0.28749314
10.840000331401825,46.59584,0.19759841,0.2838308
10.849999606609344,46.76784,0.19807,0.28261003
10.85999983549118,46.87984,0.19840686,0.28016847
10.870000064373016,46.95984,0.19860896,0.28016847
10.880000293254852,46.95184,0.19867635,0.28138924
10.889999568462372,46.97984,0.19867635,0.28261003
10.899999797344208,46.95184,0.19874372,0.28261003
10.910000026226044,46.93584,0.19874372,0.2838308
10.92000025510788,46.94784,0.19874372,0.28505158
10.9299995303154,46.97984,0.19874372,0.28627235
10.939999759197235,46.93584,0.19881108,0.28749314
10.949999988079071,46.91584,0.19881108,0.28749314
10.960000216960907,46.90784,0.19881108,0.2899347
10.970000445842743,46.90784,0.19881108,0.2899347
10.979999721050262,46.875843,0.19881108,0.29237625
10.989999949932098,46.87984,0.19881108,0.29237625
11.000000178813934,46.903843,0.19881108,0.293597
11.01000040769577,46.895844,0.19887845,0.2948178
11.01999968290329,46.863842,0.19887845,0.29603857
11.029999911785126,46.81984,0.19894584,0.29603857
11.040000140666962,46.83984,0.19901319,0.29725936
11.050000369548798,46.871838,0.19901319,0.29848012
11.059999644756317,46.883842,0.19908057,0.29970092
11.069999873638153,46.903843,0.19914794,0.29970092
11.080000102519989,46.92384,0.19928268,0.29970092
11.090000331401825,46.95184,0.1994848,0.29970092
11.099999606609344,46.95584,0.19975428,0.29848012
11.10999983549118,47.08384,0.20009112,0.29725936
11.120000064373016,47.20384,0.20069745,0.2948178
11.130000293254852,47.391838,0.20137116,0.29115546
11.139999568462372,47.57984,0.20211226,0.28749314
11.149999797344208,47.73184,0.20278597,0.2838308
11.160000026226044,47.891838,0.2033923,0.28138924
11.17000025510788,48.071835,0.2038639,0.27894768
11.1799995303154,48.191833,0.20413338,0.27772692
11.189999759197235,48.207836,0.20433548,0.27772692
11.199999988079071,48.207836,0.20440285,0.27772692
11.210000216960907,48.231834,0.20440285,0.28016847
11.220000445842743,48.279835,0.20447023,0.28016847
11.229999721050262,48.267838,0.20453759,0.28138924
11.239999949932098,48.235836,0.20453759,0.28261003
11.250000178813934,48.227837,0.20453759,0.2838308
11.26000040769577,48.199837,0.20460497,0.2838308
11.26999968290329,48.151833,0.20460497,0.28505158
11.279999911785126,48.19584,0.20460497,0.28627235
11.290000140666962,48.239834,0.20467234,0.28627235
11.300000369548798,48.219833,0.20467234,0.28749314
11.309999644756317,48.199837,0.2047397,0.2887139
11.319999873638153,48.191833,0.20480707,0.2899347
11.330000102519989,48.191833,0.20480707,0.2899347
11.340000331401825,48.199837,0.20487446,0.29115546
11.349999606609344,48.231834,0.20487446,0.29237625
11.35999983549118,48.22384,0.20494181,0.293597
11.370000064373016,48.207836,0.20500919,0.293597
11.380000293254852,48.19584,0.20500919,0.2948178
11.389999568462372,48.207836,0.20507656,0.29603857
11.399999797344208,48.22384,0.20514393,0.29603857
11.410000026226044,48.20384,0.2052113,0.29725936
11.42000025510788,48.231834,0.2052113,0.29848012
11.4299995303154,48.251835,0.20527868,0.29848012
11.439999759197235,48.231834,0.20534605,0.29970092
11.449999988079071,48.24384,0.20541342,0.29970092
11.460000216960907,48.275837,0.20548078,0.30092168
11.470000445842743,48.287838,0.20561552,0.30092168
11.479999721050262,48.267838,0.20575027,0.30092168
11.489999949932098,48.323833,0.20601974,0.30092168
11.500000178813934,48.423832,0.20655872,0.29848012
11.51000040769577,48.615833,0.20723243,0.2948178
11.51999968290329,48.82783,0.20790613,0.29115546
11.529999911785126,49.011833,0.20851247,0.28749314
11.540000140666962,49.14783,0.20905143,0.28505158
11.550000369548798,49.227833,0.2095904,0.2838308
11.559999644756317,49.34783,0.20992726,0.28138924
11.569999873638153,49.43183,0.21012937,0.28138924
11.580000102519989,49.463833,0.21019675,0.28261003
11.590000331401825,49.495834,0.21033148,0.28261003
11.599999606609344,49.53583,0.21046622,0.28261003
11.60999983549118,49.50783,0.21046622,0.2838308
11.620000064373016,49.49183,0.21053359,0.2838308
11.630000293254852,49.51183,0.21066833,0.28505158
11.639999568462372,49.53983,0.21066833,0.28627235
11.649999797344208,49.53983,0.21066833,0.28749314
11.660000026226044,49.53183,0.21073571,0.28749314
11.67000025510788,49.543835,0.21073571,0.2887139
11.6799995303154,49.527832,0.21080308,0.2899347
11.689999759197235,49.51183,0.21080308,0.2899347
11.699999988079071,49.50783,0.21080308,0.29237625
11.710000216960907,49.499832,0.21087046,0.29237625
11.720000445842743,49.483833,0.21087046,0.293597
11.729999721050262,49.48783,0.2110052,0.293597
11.739999949932098,49.547832,0.21107256,0.2948178
11.750000178813934,49.55183,0.21113993,0.2948178
11.76000040769577,49.55183,0.2112073,0.29603857
11.76999968290329,49.543835,0.2112073,0.29725936
11.779999911785126,49.53983,0.21127468,0.29725936
11.790000140666962,49.523834,0.21127468,0.29848012
11.800000369548798,49.527832,0.21134204,0.29970092
11.809999644756317,49.55983,0.21134204,0.30092168
11.819999873638153,49.59183,0.21140942,0.30214247
11.830000102519989,49.55183,0.21140942,0.30214247
11.840000331401825,49.51983,0.21140942,0.30336323
11.849999606609344,49.53183,0.21140942,0.30458403
11.85999983549118,49.51583,0.21147679,0.3058048
11.870000064373016,49.523834,0.21154416,0.3058048
11.880000293254852,49.57183,0.21161152,0.30702558
11.889999568462372,49.595833,0.21174626,0.30702558
11.899999797344208,49.59183,0.21181364,0.30702558
11.910000026226044,49.57983,0.21188101,0.30824634
11.92000025510788,49.60783,0.2121505,0.30702558
11.9299995303154,49.707832,0.21248734,0.30702558
11.939999759197235,49.81983,0.2130263,0.30458403
11.949999988079071,49.98783,0.21363266,0.30092168
11.960000216960907,50.17183,0.21437372,0.29725936
11.970000445842743,50.347828,0.21511482,0.293597
11.979999721050262,50.55583,0.21572115,0.2899347
11.989999949932098,50.699825,0.216058,0.2887139
12.000000178813934,50.727825,0.21619274,0.2887139
12.01000040769577,50.727825,0.2162601,0.2899347
12.01999968290329,50.73583,0.21632747,0.2899347
12.029999911785126,50.771824,0.21639486,0.29115546
12.040000140666962,50.759827,0.21639486,0.29237625
12.050000369548798,50.767826,0.21639486,0.293597
12.059999644756317,50.759827,0.21646221,0.293597
12.069999873638153,50.75583,0.21646221,0.2948178
12.080000102519989,50.727825,0.2165296,0.29603857
12.090000331401825,50.727825,0.2165296,0.29725936
12.099999606609344,50.731827,0.21659696,0.29725936
12.10999983549118,50.73583,0.21659696,0.29848012
12.120000064373016,50.747826,0.21659696,0.29970092
12.130000293254852,50.743828,0.21666433,0.30092168
12.139999568462372,50.699825,0.21666433,0.30214247
12.149999797344208,50.70783,0.2167317,0.30214247
12.160000026226044,50.691826,0.2167317,0.30336323
12.17000025510788,50.739826,0.21679908,0.30458403
12.1799995303154,50.73583,0.21693382,0.30458403
12.189999759197235,50.715828,0.21700118,0.3058048
12.199999988079071,50.779827,0.21700118,0.30702558
12.210000216960907,50.747826,0.21706855,0.30702558
12.220000445842743,50.73583,0.2172033,0.30824634
12.229999721050262,50.779827,0.21733804,0.30702558
12.239999949932098,50.855827,0.21760753,0.30702558
12.250000178813934,50.89583,0.21774226,0.30702558
12.26000040769577,50.911823,0.21794437,0.30702558
12.26999968290329,50.967827,0.21807912,0.30702558
12.279999911785126,51.035828,0.21821386,0.30702558
12.290000140666962,51.05583,0.21841598,0.30702558
12.300000369548798,51.087826,0.21875282,0.3058048
12.309999644756317,51.203823,0.21935917,0.30336323
12.319999873638153,51.415825,0.22023498,0.29725936
12.330000102519989,51.655823,0.22124554,0.29237625
12.340000331401825,51.975822,0.22212137,0.28749314
12.349999606609344,52.163826,0.22279507,0.2838308
12.35999983549118,52.239822,0.22299717,0.2838308
12.370000064373016,52.263824,0.22299717,0.28505158
12.380000293254852,52.263824,0.22306456,0.28505158
12.389999568462372,52.25182,0.22306456,0.28627235
12.399999797344208,52.239822,0.22313192,0.28749314
12.410000026226044,52.287823,0.22313192,0.2887139
12.42000025510788,52.283825,0.22313192,0.2899347
12.4299995303154,52.25182,0.22319931,0.2899347
12.439999759197235,52.215824,0.22326666,0.29115546
12.449999988079071,52.235825,0.22326666,0.29237625
12.460000216960907,52.255825,0.22326666,0.293597
12.470000445842743,52.235825,0.22333404,0.293597
12.479999721050262,52.239822,0.22333404,0.2948178
12.489999949932098,52.22782,0.22340141,0.29603857
12.500000178813934,52.215824,0.22340141,0.29725936
12.51000040769577,52.20782,0.22346878,0.29725936
12.51999968290329,52.239822,0.22346878,0.29848012
12.529999911785126,52.215824,0.22353615,0.29970092
12.540000140666962,52.20782,0.22360353,0.29970092
12.550000369548798,52.235825,0.22373827,0.29970092
12.559999644756317,52.279823,0.22394037,0.30092168
12.569999873638153,52.31982,0.22414249,0.29970092
12.580000102519989,52.39182,0.22447933,0.29848012
12.590000331401825,52.535824,0.22501831,0.29603857
12.599999606609344,52.71182,0.22589412,0.29115546
12.60999983549118,52.96782,0.2271068,0.2838308
12.620000064373016,53.37582,0.22852157,0.27528536
12.630000293254852,53.783813,0.229869,0.2667399
12.639999568462372,54.035812,0.23074482,0.2618568
12.649999797344208,54.207813,0.23128378,0.26063603
12.660000026226044,54.323814,0.23175538,0.25819448
12.67000025510788,54.447815,0.23222698,0.25575292
12.6799995303154,54.551815,0.23276593,0.25209057
12.689999759197235,54.679813,0.2333049,0.2508698
12.699999988079071,54.879814,0.23397861,0.24720748
12.710000216960907,55.07181,0.23478706,0.24232437
12.720000445842743,55.24381,0.23546077,0.23866203
12.729999721050262,55.32381,0.23566289,0.23866203
12.739999949932098,55.347813,0.23566289,0.23988281
12.750000178813934,55.319813,0.23566289,0.24110359
12.76000040769577,55.34381,0.23566289,0.24232437
12.76999968290329,55.30781,0.23566289,0.24354514
12.779999911785126,55.27581,0.23566289,0.24476592
12.790000140666962,55.27981,0.23566289,0.2459867
12.800000369548798,55.299812,0.23566289,0.24720748
12.809999644756317,55.27581,0.23566289,0.24720748
12.819999873638153,55.207813,0.23566289,0.24842826
12.830000102519989,55.20381,0.23566289,0.24964903
12.840000331401825,55.207813,0.23566289,0.2508698
12.849999606609344,55.179813,0.23566289,0.25209057
12.85999983549118,55.155815,0.23566289,0.25331137
12.870000064373016,55.187813,0.23566289,0.25453213
12.880000293254852,55.17181,0.23566289,0.25575292
12.889999568462372,55.131813,0.23566289,0.25697368
12.899999797344208,55.107815,0.23566289,0.25819448
12.910000026226044,55.095814,0.23566289,0.25941524
12.92000025510788,55.107815,0.23566289,0.26063603
12.9299995303154,55.107815,0.23566289,0.2618568
12.939999759197235,55.115814,0.23566289,0.2630776
12.949999988079071,55.07181,0.23566289,0.26429835
12.960000216960907,55.027813,0.23566289,0.26551914
12.970000445842743,55.01181,0.23566289,0.2667399
12.979999721050262,55.02381,0.23566289,0.2679607
12.989999949932098,55.00381,0.23566289,0.2679607
13.000000178813934,55.035812,0.23566289,0.26918146
13.01000040769577,55.063812,0.23566289,0.27040225
13.01999968290329,54.999813,0.23566289,0.27162302
13.029999911785126,54.947815,0.23566289,0.2728438
13.040000140666962,54.951813,0.23566289,0.27406457
13.050000369548798,54.947815,0.23566289,0.27528536
13.059999644756317,54.931812,0.23566289,0.27650613
13.069999873638153,54.931812,0.23566289,0.27772692
13.080000102519989,54.927814,0.23566289,0.27894768
13.090000331401825,54.927814,0.23566289,0.28016847
13.099999606609344,54.89981,0.23566289,0.28138924
13.10999983549118,54.867813,0.23566289,0.28261003
13.120000064373016,54.883816,0.23573026,0.28261003
13.130000293254852,54.859814,0.23573026,0.2838308
13.139999568462372,54.83181,0.23573026,0.28505158
13.149999797344208,54.867813,0.23573026,0.28627235
13.160000026226044,54.847813,0.23573026,0.28749314
13.17000025510788,54.83181,0.23573026,0.2887139
13.1799995303154,54.83181,0.23573026,0.2899347
13.189999759197235,54.823814,0.23573026,0.29115546
13.199999988079071,54.77981,0.23573026,0.29237625
13.210000216960907,54.77981,0.23579763,0.29237625
13.220000445842743,54.855816,0.23579763,0.293597
13.229999721050262,54.847813,0.235865,0.2948178
13.239999949932098,54.787815,0.235865,0.29603857
13.250000178813934,54.787815,0.23593238,0.29603857
13.26000040769577,54.77981,0.23599973,0.29725936
13.26999968290329,54.767815,0.23599973,0.29848012
13.279999911785126,54.803814,0.23606712,0.29970092
13.290000140666962,54.839813,0.23606712,0.29970092
13.300000369548798,54.835815,0.23613448,0.30092168
13.309999644756317,54.803814,0.23620185,0.30214247
13.319999873638153,54.81181,0.23620185,0.30336323
13.330000102519989,54.81181,0.23626922,0.30336323
13.340000331401825,54.823814,0.23633659,0.30458403
13.349999606609344,54.835815,0.23633659,0.3058048
13.35999983549118,54.847813,0.23640396,0.3058048
13.370000064373016,54.85181,0.23647133,0.30702558
13.380000293254852,54.85181,0.23667344,0.30702558
13.389999568462372,54.903816,0.23680818,0.30702558
13.399999797344208,54.963814,0.2370103,0.3058048
13.410000026226044,55.019814,0.23734716,0.3058048
13.42000025510788,55.08381,0.23781875,0.30336323
13.4299995303154,55.255814,0.23849246,0.29970092
13.439999759197235,55.47581,0.2393009,0.2948178
13.449999988079071,55.72781,0.24024409,0.2899347
13.460000216960907,56.039806,0.2413894,0.2838308
13.470000445842743,56.30381,0.24226522,0.27894768
13.479999721050262,56.45981,0.24273682,0.27650613
13.489999949932098,56.48781,0.24293894,0.27650613
13.500000178813934,56.503807,0.24293894,0.27650613
13.51000040769577,56.523808,0.24293894,0.27772692
13.51999968290329,56.531807,0.24293894,0.27894768
13.529999911785126,56.539806,0.24293894,0.28016847
13.540000140666962,56.531807,0.24293894,0.28138924
13.550000369548798,56.471806,0.24293894,0.28261003
13.559999644756317,56.443806,0.24293894,0.2838308
13.569999873638153,56.447807,0.24293894,0.28505158
13.580000102519989,56.471806,0.24293894,0.28627235
13.590000331401825,56.463806,0.24293894,0.28749314
13.599999606609344,56.423805,0.24293894,0.2887139
13.60999983549118,56.427807,0.24293894,0.2899347
13.620000064373016,56.41581,0.24293894,0.29115546
13.630000293254852,56.391808,0.24293894,0.29237625
13.639999568462372,56.39581,0.24293894,0.293597
13.649999797344208,56.39581,0.24300629,0.293597
13.660000026226044,56.34781,0.24300629,0.2948178
13.67000025510788,56.32781,0.24300629,0.29603857
13.6799995303154,56.371807,0.24300629,0.29725936
13.689999759197235,56.34781,0.24300629,0.29848012
13.699999988079071,56.34781,0.24300629,0.29970092
13.710000216960907,56.31581,0.24300629,0.30092168
13.720000445842743,56.291805,0.24307367,0.30214247
13.729999721050262,56.27581,0.24307367,0.30214247
13.739999949932098,56.311806,0.24307367,0.30336323
13.750000178813934,56.33981,0.24314104,0.30458403
13.76000040769577,56.34781,0.24314104,0.3058048
13.76999968290329,56.27181,0.24320841,0.3058048
13.779999911785126,56.30381,0.24334314,0.3058048
13.790000140666962,56.32781,0.24354526,0.3058048
13.800000369548798,56.38781,0.24374737,0.3058048
13.809999644756317,56.463806,0.24408424,0.30458403
13.819999873638153,56.635803,0.24455583,0.30214247
13.830000102519989,56.767807,0.24516216,0.29970092
13.840000331401825,56.875805,0.24583586,0.29603857
13.849999606609344,57.071808,0.24657695,0.29237625
13.85999983549118,57.323807,0.24745278,0.28749314
13.870000064373016,57.515804,0.2480591,0.28505158
13.880000293254852,57.575806,0.24819385,0.2838308
13.889999568462372,57.603806,0.24819385,0.28627235
13.899999797344208,57.595806,0.24819385,0.28627235
13.910000026226044,57.587803,0.24826123,0.28749314
13.92000025510788,57.583805,0.24826123,0.2887139
13.9299995303154,57.583805,0.24826123,0.2899347
13.939999759197235,57.563805,0.24826123,0.29115546
13.949999988079071,57.523808,0.24826123,0.29237625
13.960000216960907,57.531803,0.2483286,0.29237625
13.970000445842743,57.527805,0.2483286,0.293597
13.979999721050262,57.535805,0.2483286,0.2948178
13.989999949932098,57.519802,0.2483286,0.29603857
14.000000178813934,57.547806,0.24839595,0.29725936
14.01000040769577,57.519802,0.24839595,0.29725936
14.01999968290329,57.463806,0.24846332,0.29848012
14.029999911785126,57.507805,0.24846332,0.29970092
14.040000140666962,57.527805,0.24846332,0.30092168
14.050000369548798,57.515804,0.24853069,0.30214247
14.059999644756317,57.495804,0.24853069,0.30336323
14.069999873638153,57.531803,0.24853069,0.30336323
14.080000102519989,57.483807,0.24859807,0.30458403
14.090000331401825,57.459805,0.24866544,0.3058048
14.099999606609344,57.463806,0.24873282,0.30702558
14.10999983549118,57.507805,0.24873282,0.30702558
14.120000064373016,57.503807,0.24880019,0.30824634
14.130000293254852,57.503807,0.24886754,0.30824634
14.139999568462372,57.543804,0.24893491,0.30946714
14.149999797344208,57.547806,0.2490023,0.30946714
14.160000026226044,57.531803,0.2490023,0.3106879
14.17000025510788,57.567802,0.24906966,0.3119087
14.1799995303154,57.523808,0.24913704,0.3119087
14.189999759197235,57.507805,0.24913704,0.31312945
14.199999988079071,57.527805,0.24920441,0.31435025
14.210000216960907,57.595806,0.24933913,0.31435025
14.220000445842743,57.619804,0.24940652,0.315571
14.229999721050262,57.615807,0.24954127,0.315571
14.239999949932098,57.627804,0.24974336,0.315571
14.250000178813934,57.699802,0.25014758,0.31435025
14.26000040769577,57.803802,0.25061917,0.3119087
14.26999968290329,57.9998,0.2512929,0.30824634
14.279999911785126,58.2478,0.25203398,0.30336323
14.290000140666962,58.4358,0.25284243,0.29970092
14.300000369548798,58.5918,0.25371826,0.2948178
14.309999644756317,58.8158,0.2545267,0.29115546
14.319999873638153,58.983803,0.2549983,0.28749314
14.330000102519989,59.083797,0.2552004,0.28749314
14.340000331401825,59.1358,0.25526777,0.2887139
14.349999606609344,59.1678,0.25533515,0.2887139
14.35999983549118,59.163795,0.2554025,0.2899347
14.370000064373016,59.1358,0.2554699,0.2899347
14.380000293254852,59.1238,0.2554699,0.29237625
14.389999568462372,59.1158,0.2554699,0.29237625
14.399999797344208,59.0998,0.2554699,0.293597
14.410000026226044,59.0878,0.25553727,0.2948178
14.42000025510788,59.1238,0.25553727,0.29603857
14.4299995303154,59.1158,0.25553727,0.29725936
14.439999759197235,59.0758,0.25560465,0.29725936
14.449999988079071,59.091797,0.25560465,0.29848012
14.460000216960907,59.0758,0.25567198,0.29970092
14.470000445842743,59.0798,0.25573936,0.29970092
14.479999721050262,59.063797,0.25580674,0.30092168
14.489999949932098,59.083797,0.25587413,0.30214247
14.500000178813934,59.131798,0.25600886,0.30214247
14.51000040769577,59.163795,0.25627834,0.30092168
14.51999968290329,59.263798,0.25674993,0.29970092
14.529999911785126,59.411797,0.25735626,0.29603857
14.540000140666962,59.563797,0.25802997,0.29237625
14.550000369548798,59.7198,0.25870368,0.2887139
14.559999644756317,59.935795,0.2593774,0.28505158
14.569999873638153,60.171795,0.26018584,0.28138924
14.580000102519989,60.35179,0.2609269,0.27772692
14.590000331401825,60.50379,0.26139852,0.27528536
14.599999606609344,60.599792,0.26173535,0.27406457
14.60999983549118,60.62379,0.26187012,0.27406457
14.620000064373016,60.639793,0.26200482,0.27406457
14.630000293254852,60.687794,0.2620722,0.27528536
14.639999568462372,60.711792,0.2621396,0.27528536
14.649999797344208,60.703793,0.26227432,0.27650613
14.660000026226044,60.699795,0.26240906,0.27650613
14.67000025510788,60.751793,0.2625438,0.27650613
14.6799995303154,60.75579,0.26267856,0.27650613
14.689999759197235,60.79579,0.26288065,0.27650613
14.699999988079071,60.827793,0.26301542,0.27650613
14.710000216960907,60.847794,0.26321754,0.27650613
14.720000445842743,60.879795,0.26341963,0.27650613
14.729999721050262,60.951794,0.26375648,0.27528536
14.739999949932098,61.05579,0.264026,0.27406457
14.750000178813934,61.12779,0.26429546,0.27406457
14.76000040769577,61.14779,0.26449758,0.2728438
14.76999968290329,61.203793,0.26469967,0.2728438
14.779999911785126,61.24779,0.2649018,0.2728438
14.790000140666962,61.27579,0.2651039,0.2728438
14.800000369548798,61.30779,0.26523864,0.2728438
14.809999644756317,61.40779,0.26544073,0.2728438
14.819999873638153,61.431793,0.26564288,0.2728438
14.830000102519989,61.41579,0.26571023,0.2728438
14.840000331401825,61.431793,0.26584497,0.2728438
14.849999606609344,61.43979,0.26591235,0.27406457
14.85999983549118,61.46379,0.2659797,0.27406457
14.870000064373016,61.48379,0.2659797,0.27528536
14.880000293254852,61.475792,0.2660471,0.27650613
14.889999568462372,61.46779,0.2660471,0.27772692
14.899999797344208,61.43979,0.2660471,0.27894768
14.910000026226044,61.41579,0.26611447,0.27894768
14.92000025510788,61.40779,0.26611447,0.28016847
14.9299995303154,61.41579,0.26611447,0.28138924
14.939999759197235,61.431793,0.26611447,0.28261003
14.949999988079071,61.44379,0.26611447,0.2838308
14.960000216960907,61.39579,0.26611447,0.28505158
14.970000445842743,61.37579,0.26618186,0.28627235
14.979999721050262,61.383793,0.26618186,0.28627235
14.989999949932098,61.39579,0.26618186,0.28749314
15.000000178813934,61.363792,0.26618186,0.2887139
15.01000040769577,61.32779,0.26618186,0.2899347
15.01999968290329,61.355793,0.26618186,0.29115546
15.029999911785126,61.36779,0.26618186,0.29237625
15.040000140666962,61.35179,0.26618186,0.293597
15.050000369548798,61.33979,0.26618186,0.2948178
15.059999644756317,61.29579,0.26624918,0.29603857
15.069999873638153,61.29979,0.26624918,0.29725936
15.080000102519989,61.27579,0.26624918,0.29725936
15.090000331401825,61.31979,0.26631656,0.29848012
15.099999606609344,61.331795,0.26631656,0.29970092
15.10999983549118,61.32779,0.26638395,0.29970092
15.120000064373016,61.315792,0.26658607,0.29970092
15.130000293254852,61.34779,0.26665345,0.30092168
15.139999568462372,61.331795,0.26678815,0.30092168
15.149999797344208,61.34779,0.26685554,0.30214247
15.160000026226044,61.43579,0.2669903,0.30214247
15.17000025510788,61.475792,0.267125,0.30214247
15.1799995303154,61.46779,0.26725978,0.30214247
15.189999759197235,61.47979,0.2673945,0.30214247
15.199999988079071,61.523792,0.26752925,0.30336323
15.210000216960907,61.51979,0.26752925,0.30336323
15.220000445842743,61.51979,0.2675966,0.30458403
15.229999721050262,61.559788,0.26773137,0.30458403
15.239999949932098,61.583794,0.26773137,0.3058048
15.250000178813934,61.563793,0.26779875,0.30702558
15.26000040769577,61.55179,0.2678661,0.30702558
15.26999968290329,61.57579,0.26793346,0.30824634
15.279999911785126,61.61179,0.26806822,0.30824634
15.290000140666962,61.603794,0.26820296,0.30824634
15.300000369548798,61.61979,0.2683377,0.30824634
15.309999644756317,61.68779,0.26860717,0.30824634
15.319999873638153,61.77179,0.2690788,0.3058048
15.330000102519989,61.93979,0.2696851,0.30336323
15.340000331401825,62.175785,0.2704262,0.29848012
15.349999606609344,62.355785,0.27123466,0.2948178
15.35999983549118,62.515785,0.2720431,0.2899347
15.370000064373016,62.775787,0.2729863,0.28505158
15.380000293254852,63.011784,0.27372736,0.28016847
15.389999568462372,63.147785,0.27419895,0.27894768
15.399999797344208,63.235786,0.27440107,0.27772692
15.410000026226044,63.291782,0.2745358,0.27894768
15.42000025510788,63.275787,0.2745358,0.28016847
15.4299995303154,63.243782,0.2745358,0.28138924
15.439999759197235,63.255787,0.2745358,0.28261003
15.449999988079071,63.247787,0.2746032,0.28261003
15.460000216960907,63.235786,0.2746032,0.2838308
15.470000445842743,63.219784,0.2746032,0.28505158
15.479999721050262,63.239784,0.2746032,0.28627235
15.489999949932098,63.231785,0.2746032,0.28749314
15.500000178813934,63.167786,0.2746032,0.2887139
15.51000040769577,63.15579,0.27467057,0.2887139
15.51999968290329,63.183784,0.27467057,0.2899347
15.529999911785126,63.167786,0.2747379,0.29115546
15.540000140666962,63.171783,0.27480528,0.29237625
15.550000369548798,63.195786,0.27487266,0.29237625
15.559999644756317,63.191784,0.27487266,0.293597
15.569999873638153,63.183784,0.27494004,0.293597
15.580000102519989,63.20378,0.27507478,0.2948178
15.590000331401825,63.22378,0.27514216,0.2948178
15.600000560283661,63.215786,0.27527687,0.29603857
15.610000789165497,63.247787,0.27554637,0.2948178
15.6199991106987,63.347786,0.27581584,0.293597
15.629999339580536,63.467785,0.27622008,0.29237625
15.639999568462372,63.56378,0.27669168,0.29115546
15.649999797344208,63.663784,0.27709588,0.2887139
15.660000026226044,63.76778,0.2775675,0.28627235
15.67000025510788,63.875782,0.2780391,0.2838308
15.680000483989716,63.943783,0.2784433,0.28261003
15.690000712871552,64.11978,0.27871278,0.28261003
15.700000941753387,64.18778,0.27891493,0.28138924
15.70999926328659,64.16778,0.27904963,0.28261003
15.719999492168427,64.171776,0.27911702,0.28261003
15.729999721050262,64.16778,0.2791844,0.2838308
15.739999949932098,64.17978,0.27925175,0.2838308
15.750000178813934,64.17978,0.27925175,0.28505158
15.76000040769577,64.21178,0.27925175,0.28627235
15.770000636577606,64.19978,0.27925175,0.28749314
15.780000865459442,64.17578,0.27931914,0.28749314
15.789999186992645,64.14778,0.27931914,0.2899347
15.799999415874481,64.16778,0.27931914,0.2899347
15.809999644756317,64.13578,0.27938652,0.29115546
15.819999873638153,64.14778,0.27945387,0.29237625
15.830000102519989,64.15178,0.27952123,0.29237625
15.840000331401825,64.155785,0.2795886,0.293597
15.850000560283661,64.15178,0.279656,0.293597
15.860000789165497,64.19178,0.27979073,0.293597
15.8699991106987,64.21178,0.27992547,0.2948178
15.879999339580536,64.25578,0.27999285,0.2948178
15.889999568462372,64.22778,0.2800602,0.29603857
15.899999797344208,64.21578,0.2800602,0.29725936
15.910000026226044,64.23178,0.28012758,0.29725936
15.92000025510788,64.23578,0.28019497,0.29848012
15.930000483989716,64.25178,0.28019497,0.29970092
15.940000712871552,64.26379,0.28019497,0.30092168
15.950000941753387,64.23978,0.28019497,0.30214247
15.95999926328659,64.17978,0.28019497,0.30336323
15.969999492168427,64.21178,0.28026232,0.30336323
15.979999721050262,64.21978,0.28032967,0.30458403
15.989999949932098,64.223785,0.28039706,0.30458403
16.000000178813934,64.24378,0.2805318,0.3058048
16.01000040769577,64.25978,0.28059918,0.3058048
16.020000636577606,64.27978,0.28066656,0.30702558
16.030000865459442,64.28778,0.28080127,0.30702558
16.039999186992645,64.27978,0.28086865,0.30702558
16.04999941587448,64.32778,0.28093603,0.30824634
16.059999644756317,64.335785,0.28113812,0.30824634
16.069999873638153,64.363785,0.28140762,0.30702558
16.08000010251999,64.47978,0.28181186,0.3058048
16.090000331401825,64.58778,0.28228346,0.30336323
16.10000056028366,64.767784,0.28288978,0.29970092
16.110000789165497,64.92778,0.2835635,0.29725936
16.1199991106987,65.10777,0.28430456,0.293597
16.129999339580536,65.255775,0.28491092,0.2899347
16.139999568462372,65.379776,0.28531513,0.28749314
16.149999797344208,65.48378,0.28551725,0.28749314
16.160000026226044,65.519775,0.28551725,0.2887139
16.17000025510788,65.49578,0.2855846,0.2899347
16.180000483989716,65.46777,0.2855846,0.29115546
16.19000071287155,65.463776,0.2855846,0.29237625
16.200000941753387,65.43977,0.2855846,0.293597
16.20999926328659,65.39977,0.2855846,0.2948178
16.219999492168427,65.42778,0.2855846,0.29603857
16.229999721050262,65.47578,0.28565198,0.29603857
16.2399999499321,65.44778,0.28565198,0.29725936
16.250000178813934,65.395775,0.28565198,0.29848012
16.26000040769577,65.38378,0.28565198,0.29970092
16.270000636577606,65.37178,0.28565198,0.30092168
16.280000865459442,65.379776,0.28565198,0.30214247
16.289999186992645,65.36378,0.28565198,0.30336323
16.29999941587448,65.355774,0.28571936,0.30336323
16.309999644756317,65.355774,0.28571936,0.30458403
16.319999873638153,65.34778,0.28578672,0.3058048
16.33000010251999,65.38778,0.28578672,0.30702558
16.340000331401825,65.34778,0.28578672,0.30824634
16.35000056028366,65.30778,0.28585407,0.30824634
16.360000789165497,65.34378,0.28592145,0.30946714
16.3699991106987,65.35978,0.28598884,0.30946714
16.379999339580536,65.355774,0.28598884,0.3119087
16.389999568462372,65.367775,0.28605622,0.3119087
16.399999797344208,65.41978,0.28612357,0.31312945
16.410000026226044,65.41578,0.2862583,0.31312945
16.42000025510788,65.379776,0.28639305,0.31312945
16.430000483989716,65.407776,0.2865278,0.31312945
16.44000071287155,65.47578,0.2865952,0.31435025
16.450000941753387,65.47578,0.28666252,0.31435025
16.45999926328659,65.46777,0.28679729,0.315571
16.469999492168427,65.53178,0.28693202,0.315571
16.479999721050262,65.55978,0.28713414,0.31435025
16.4899999499321,65.57178,0.28726888,0.315571
16.500000178813934,65.587776,0.287471,0.31435025
16.51000040769577,65.671776,0.28774047,0.31435025
16.520000636577606,65.75977,0.2881447,0.31312945
16.530000865459442,65.895775,0.2886163,0.3106879
16.539999186992645,66.007774,0.28915527,0.30824634
16.54999941587448,66.171776,0.2897616,0.30458403
16.559999644756317,66.33577,0.29050267,0.30092168
16.569999873638153,66.58377,0.2913785,0.29603857
16.58000010251999,66.80777,0.2921196,0.29237625
16.590000331401825,66.92777,0.29245642,0.29115546
16.60000056028366,66.923775,0.2925238,0.29115546
16.610000789165497,66.95177,0.2925238,0.29237625
16.6199991106987,66.98377,0.29265854,0.29237625
16.629999339580536,66.979774,0.29265854,0.293597
16.639999568462372,66.979774,0.29265854,0.2948178
16.649999797344208,66.97177,0.29265854,0.29603857
16.660000026226044,66.91977,0.2927259,0.29725936
16.67000025510788,66.91577,0.29279327,0.29725936
16.680000483989716,66.935776,0.29279327,0.29848012
16.69000071287155,66.95577,0.29286066,0.29970092
16.700000941753387,66.95977,0.2929954,0.29970092
16.70999926328659,66.93977,0.29306275,0.29970092
16.719999492168427,66.94377,0.29313013,0.30092168
16.729999721050262,66.935776,0.29326487,0.30092168
16.7399999499321,66.98377,0.29339963,0.30214247
16.750000178813934,67.075775,0.2936691,0.30092168
16.76000040769577,67.17577,0.29420808,0.29848012
16.770000636577606,67.37177,0.2950839,0.293597
16.780000865459442,67.63977,0.29636395,0.28627235
16.789999186992645,68.06377,0.2980482,0.27528536
16.79999941587448,68.47577,0.29953036,0.2667399
16.809999644756317,68.79977,0.30054092,0.26063603
16.819999873638153,69.051765,0.301282,0.25697368
16.83000010251999,69.26776,0.30209044,0.25209057
16.840000331401825,69.46377,0.30296627,0.24720748
16.85000056028366,69.747765,0.30411157,0.24110359
16.860000789165497,69.967766,0.30505475,0.2349997
16.8699991106987,70.17976,0.30552635,0.23255815
16.879999339580536,70.19976,0.30552635,0.23377892
16.889999568462372,70.18376,0.30552635,0.2349997
16.899999797344208,70.19976,0.30552635,0.23622048
16.910000026226044,70.15976,0.30552635,0.23744126
16.92000025510788,70.147766,0.30552635,0.23866203
16.930000483989716,70.13176,0.30552635,0.23988281
16.94000071287155,70.09976,0.30552635,0.24110359
16.950000941753387,70.04776,0.30552635,0.24232437
16.95999926328659,70.055756,0.30552635,0.24232437
16.969999492168427,70.055756,0.30552635,0.24476592
16.979999721050262,70.067764,0.30552635,0.24476592
16.9899999499321,70.01976,0.30552635,0.24720748
17.000000178813934,70.00776,0.30552635,0.24720748
17.01000040769577,69.96376,0.30552635,0.24842826
17.020000636577606,69.92376,0.30552635,0.24964903
17.030000865459442,69.927765,0.30552635,0.2508698
17.039999186992645,69.98376,0.30552635,0.25209057
17.04999941587448,69.94776,0.30552635,0.25331137
17.059999644756317,69.899765,0.30552635,0.25453213
17.069999873638153,69.89577,0.30552635,0.25575292
17.08000010251999,69.859764,0.30552635,0.25697368
17.090000331401825,69.859764,0.30552635,0.25819448
17.10000056028366,69.87176,0.30552635,0.25941524
17.110000789165497,69.859764,0.30552635,0.26063603
17.1199991106987,69.815765,0.30552635,0.2618568
17.129999339580536,69.79176,0.30552635,0.2618568
17.139999568462372,69.79576,0.30552635,0.26429835
17.149999797344208,69.77976,0.30552635,0.26429835
17.160000026226044,69.759766,0.30552635,0.2667399
17.17000025510788,69.747765,0.30552635,0.2667399
17.180000483989716,69.759766,0.30552635,0.2679607
17.19000071287155,69.72776,0.30552635,0.26918146
17.200000941753387,69.70776,0.30552635,0.27040225
17.20999926328659,69.69576,0.30552635,0.27162302
17.219999492168427,69.69976,0.30552635,0.2728438
17.229999721050262,69.66776,0.30552635,0.27406457
17.2399999499321,69.63976,0.30552635,0.27528536
17.250000178813934,69.65576,0.30559373,0.27650613
17.26000040769577,69.64377,0.30559373,0.27650613
17.270000636577606,69.647766,0.30559373,0.27772692
17.280000865459442,69.663765,0.30559373,0.27894768
17.289999186992645,69.61576,0.30559373,0.28016847
17.29999941587448,69.59176,0.30559373,0.28138924
17.309999644756317,69.57577,0.30559373,0.28261003
17.319999873638153,69.57577,0.3056611,0.2838308
17.33000010251999,69.55576,0.3056611,0.28505158
17.340000331401825,69.579765,0.3056611,0.28627235
17.35000056028366,69.58776,0.3056611,0.28749314
17.360000789165497,69.54776,0.3056611,0.28749314
17.3699991106987,69.51576,0.3056611,0.2899347
17.379999339580536,69.50776,0.3056611,0.2899347
17.389999568462372,69.51576,0.3056611,0.29237625
17.399999797344208,69.49976,0.3056611,0.29237625
17.410000026226044,69.45976,0.3056611,0.293597
17.42000025510788,69.49976,0.3056611,0.2948178
17.430000483989716,69.50376,0.3056611,0.29603857
17.44000071287155,69.455765,0.3056611,0.29725936
17.450000941753387,69.46377,0.3056611,0.29848012
17.45999926328659,69.44776,0.3056611,0.29970092
17.469999492168427,69.415764,0.30572847,0.29970092
17.479999721050262,69.387764,0.30572847,0.30214247
17.4899999499321,69.415764,0.30572847,0.30214247
17.500000178813934,69.427765,0.30572847,0.30336323
17.51000040769577,69.43176,0.30579582,0.30458403
17.520000636577606,69.44776,0.30593058,0.30458403
17.530000865459442,69.455765,0.30606532,0.3058048
17.539999186992645,69.483765,0.3063348,0.30458403
17.54999941587448,69.58776,0.3068064,0.30214247
17.559999644756317,69.775764,0.3074801,0.29970092
17.569999873638153,70.011765,0.30835593,0.293597
17.58000010251999,70.25176,0.3095686,0.28749314
17.590000331401825,70.64376,0.3109834,0.27772692
17.60000056028366,70.91176,0.31192657,0.2728438
17.610000789165497,71.04776,0.31226343,0.27162302
17.6199991106987,71.09176,0.3123308,0.27162302
17.629999339580536,71.16376,0.31239817,0.2728438
17.639999568462372,71.17576,0.31239817,0.27406457
17.649999797344208,71.14776,0.31239817,0.27528536
17.660000026226044,71.09576,0.31239817,0.27650613
17.67000025510788,71.07576,0.31246555,0.27650613
17.680000483989716,71.08776,0.31253293,0.27772692
17.69000071287155,71.09576,0.31253293,0.27894768
17.700000941753387,71.13576,0.31260028,0.27894768
17.70999926328659,71.10376,0.31266764,0.28016847
17.719999492168427,71.10776,0.31273502,0.28016847
17.729999721050262,71.11576,0.31286976,0.28138924
17.7399999499321,71.15176,0.31293714,0.28138924
17.750000178813934,71.15576,0.31307188,0.28261003
17.76000040769577,71.14375,0.3132066,0.28261003
17.770000636577606,71.21576,0.3134761,0.28138924
17.780000865459442,71.33176,0.31381297,0.28016847
17.789999186992645,71.403755,0.31428453,0.27772692
17.79999941587448,71.54776,0.3148235,0.27650613
17.809999644756317,71.679756,0.31542987,0.2728438
17.819999873638153,71.835754,0.31610355,0.26918146
17.83000010251999,71.96775,0.31664252,0.2667399
17.840000331401825,72.071754,0.3168446,0.2667399
17.85000056028366,72.11575,0.3168446,0.2667399
17.860000789165497,72.10775,0.3168446,0.2679607
17.8699991106987,72.10375,0.3168446,0.26918146
17.879999339580536,72.07975,0.3168446,0.27040225
17.889999568462372,72.04775,0.3168446,0.27162302
17.899999797344208,72.03175,0.3168446,0.2728438
17.910000026226044,72.01176,0.3168446,0.27406457
17.92000025510788,72.03975,0.316912,0.27528536
17.930000483989716,72.00375,0.316912,0.27650613
17.94000071287155,72.01176,0.316912,0.27772692
17.950000941753387,71.987755,0.316912,0.27772692
17.95999926328659,71.947754,0.316912,0.28016847
17.969999492168427,71.919754,0.316912,0.28016847
17.979999721050262,71.95176,0.316912,0.28138924
17.9899999499321,71.95176,0.316912,0.28261003
18.000000178813934,71.93575,0.316912,0.2838308
18.01000040769577,71.89976,0.316912,0.28505158
18.020000636577606,71.903755,0.316912,0.28627235
18.030000865459442,71.903755,0.316912,0.28749314
18.039999186992645,71.86775,0.316912,0.2887139
18.04999941587448,71.88376,0.316912,0.2899347
18.059999644756317,71.85175,0.316912,0.29115546
18.069999873638153,71.819756,0.31697938,0.29237625
18.08000010251999,71.82375,0.31697938,0.29237625
18.090000331401825,71.863754,0.31697938,0.293597
18.10000056028366,71.87976,0.31697938,0.2948178
18.110000789165497,71.82375,0.31697938,0.29603857
18.1199991106987,71.79575,0.31697938,0.29725936
18.129999339580536,71.78375,0.31697938,0.29848012
18.139999568462372,71.751755,0.31697938,0.29970092
18.149999797344208,71.751755,0.31697938,0.30092168
18.160000026226044,71.791756,0.31697938,0.30214247
18.17000025510788,71.779755,0.31697938,0.30336323
18.180000483989716,71.75575,0.31697938,0.30458403
18.19000071287155,71.707756,0.31704676,0.30458403
18.200000941753387,71.70376,0.31704676,0.3058048
18.20999926328659,71.711754,0.3171141,0.30702558
18.219999492168427,71.711754,0.3171141,0.30824634
18.229999721050262,71.74776,0.3171815,0.30824634
18.2399999499321,71.74776,0.31724885,0.30946714
18.250000178813934,71.73176,0.31731623,0.30946714
18.26000040769577,71.735756,0.3173836,0.3106879
18.270000636577606,71.763756,0.3173836,0.3119087
18.280000865459442,71.74376,0.31745097,0.31312945
18.289999186992645,71.71575,0.31745097,0.31312945
18.29999941587448,71.77176,0.31745097,0.315571
18.309999644756317,71.73176,0.31745097,0.315571
18.319999873638153,71.73975,0.31751835,0.3167918
18.33000010251999,71.73176,0.31751835,0.31801257
18.340000331401825,71.74376,0.31758574,0.31923336
18.35000056028366,71.735756,0.3176531,0.31923336
18.360000789165497,71.69976,0.31772044,0.31923336
18.3699991106987,71.735756,0.31778783,0.32045412
18.379999339580536,71.78375,0.3178552,0.3216749
18.389999568462372,71.791756,0.3178552,0.32289568
18.399999797344208,71.79976,0.31792256,0.32289568
18.410000026226044,71.807755,0.31805733,0.32289568
18.42000025510788,71.79976,0.31825942,0.32289568
18.430000483989716,71.86775,0.318731,0.3216749
18.44000071287155,72.06376,0.31926998,0.31801257
18.450000941753387,72.28375,0.32007843,0.31435025
18.45999926328659,72.499756,0.32115635,0.30824634
18.469999492168427,72.86775,0.3224364,0.30092168
18.479999721050262,73.18775,0.32364908,0.29237625
18.4899999499321,73.431755,0.32445753,0.2887139
18.500000178813934,73.55575,0.32472703,0.28749314
18.51000040769577,73.61575,0.32479438,0.2887139
18.520000636577606,73.66775,0.32486176,0.2887139
18.530000865459442,73.61975,0.32492912,0.2899347
18.539999186992645,73.59975,0.3249965,0.2899347
18.54999941587448,73.631744,0.32506385,0.29115546
18.559999644756317,73.61975,0.32513124,0.29237625
18.569999873638153,73.65175,0.32533333,0.29115546
18.58000010251999,73.66775,0.32553548,0.29115546
18.590000331401825,73.74375,0.3256702,0.29115546
18.60000056028366,73.767746,0.3259397,0.29115546
18.610000789165497,73.823746,0.32634392,0.2899347
18.6199991106987,73.95975,0.32668075,0.28749314
18.629999339580536,74.03975,0.3270176,0.28627235
18.639999568462372,74.09975,0.3274892,0.28505158
18.649999797344208,74.24775,0.32802817,0.28261003
18.660000026226044,74.37175,0.32863453,0.28016847
18.67000025510788,74.52374,0.32917348,0.27650613
18.680000483989716,74.69175,0.32964507,0.27406457
18.69000071287155,74.795746,0.32991457,0.27406457
18.700000941753387,74.811745,0.3300493,0.27406457
18.70999926328659,74.77575,0.33011666,0.27406457
18.719999492168427,74.78774,0.33018404,0.27528536
18.729999721050262,74.811745,0.33018404,0.27650613
18.7399999499321,74.80775,0.33018404,0.27772692
18.750000178813934,74.80775,0.33018404,0.27894768
18.76000040769577,74.80375,0.33025143,0.27894768
18.770000636577606,74.795746,0.33025143,0.28016847
18.780000865459442,74.75175,0.33025143,0.28138924
18.789999186992645,74.739746,0.3303188,0.28261003
18.79999941587448,74.77575,0.3303188,0.2838308
18.809999644756317,74.72375,0.3303188,0.28505158
18.819999873638153,74.70774,0.3303188,0.28627235
18.83000010251999,74.71974,0.3303188,0.28749314
18.840000331401825,74.69575,0.33038616,0.28749314
18.85000056028366,74.69175,0.33038616,0.2887139
18.860000789165497,74.687744,0.33038616,0.2899347
18.8699991106987,74.71175,0.33045352,0.29115546
18.879999339580536,74.671745,0.33045352,0.29237625
18.889999568462372,74.62775,0.33045352,0.293597
18.899999797344208,74.67974,0.33045352,0.293597
18.910000026226044,74.68375,0.3305209,0.2948178
18.92000025510788,74.67574,0.3305209,0.29603857
18.930000483989716,74.65575,0.3305209,0.29725936
18.94000071287155,74.65175,0.33058828,0.29725936
18.950000941753387,74.60774,0.33058828,0.29848012
18.95999926328659,74.58375,0.33058828,0.29970092
18.969999492168427,74.62375,0.33065563,0.30092168
18.979999721050262,74.671745,0.33072302,0.30214247
18.9899999499321,74.63974,0.3307904,0.30214247
19.000000178813934,74.67974,0.3309251,0.30214247
19.01000040769577,74.67974,0.33112726,0.30214247
19.020000636577606,74.72375,0.33132935,0.30214247
19.030000865459442,74.79974,0.33173355,0.29970092
19.039999186992645,74.963745,0.3323399,0.29725936
19.04999941587448,75.15575,0.33308098,0.293597
19.059999644756317,75.35974,0.3339568,0.2887139
19.069999873638153,75.56374,0.3349,0.28261003
19.08000010251999,75.84374,0.33577582,0.27772692
19.090000331401825,76.01174,0.33638215,0.27528536
19.10000056028366,76.143745,0.336719,0.27406457
19.110000789165497,76.20774,0.33678636,0.27406457
19.1199991106987,76.20374,0.33685374,0.27528536
19.129999339580536,76.17974,0.33685374,0.27650613
19.139999568462372,76.16774,0.33692113,0.27650613
19.149999797344208,76.18774,0.33692113,0.27772692
19.160000026226044,76.143745,0.33692113,0.27894768
19.17000025510788,76.11574,0.33698848,0.28016847
19.180000483989716,76.143745,0.33698848,0.28138924
19.19000071287155,76.13974,0.33698848,0.28261003
19.200000941753387,76.12774,0.33698848,0.2838308
19.20999926328659,76.103745,0.33698848,0.28505158
19.219999492168427,76.10774,0.33705586,0.28505158
19.229999721050262,76.05974,0.33705586,0.28627235
19.2399999499321,76.04374,0.33712325,0.28749314
19.250000178813934,76.07974,0.33719063,0.28749314
19.26000040769577,76.119736,0.33732533,0.28749314
19.270000636577606,76.12374,0.33739272,0.2887139
19.280000865459442,76.12774,0.33739272,0.2899347
19.289999186992645,76.131744,0.3374601,0.29115546
19.29999941587448,76.09974,0.33759484,0.29115546
19.309999644756317,76.11174,0.33779693,0.29115546
19.319999873638153,76.243744,0.33820117,0.2887139
19.33000010251999,76.395744,0.33874014,0.28627235
19.340000331401825,76.52774,0.33934647,0.2838308
19.35000056028366,76.68774,0.34002018,0.28016847
19.360000789165497,76.81174,0.3406265,0.27772692
19.3699991106987,76.95974,0.34116548,0.27406457
19.379999339580536,77.08374,0.34163707,0.2728438
19.389999568462372,77.22374,0.34197393,0.27040225
19.399999797344208,77.315735,0.34217605,0.27040225
19.410000026226044,77.29574,0.34224343,0.27162302
19.42000025510788,77.271736,0.34224343,0.2728438
19.430000483989716,77.287735,0.34231076,0.2728438
19.44000071287155,77.271736,0.34237814,0.27406457
19.450000941753387,77.275734,0.34237814,0.27528536
19.45999926328659,77.271736,0.34237814,0.27650613
19.469999492168427,77.25974,0.34244552,0.27650613
19.479999721050262,77.21974,0.34244552,0.27772692
19.4899999499321,77.21974,0.34244552,0.27894768
19.500000178813934,77.24374,0.34244552,0.28016847
19.51000040769577,77.21574,0.3425129,0.28138924
19.520000636577606,77.17974,0.3425129,0.28261003
19.530000865459442,77.19574,0.3425129,0.2838308
19.539999186992645,77.16773,0.34258026,0.2838308
19.54999941587448,77.18374,0.34258026,0.28505158
19.559999644756317,77.15974,0.34264764,0.28627235
19.569999873638153,77.19974,0.34264764,0.28749314
19.58000010251999,77.175735,0.34264764,0.28749314
19.590000331401825,77.119736,0.34271502,0.2887139
19.60000056028366,77.15174,0.34271502,0.2899347
19.610000789165497,77.135735,0.34278238,0.29115546
19.6199991106987,77.15574,0.34278238,0.29237625
19.629999339580536,77.175735,0.34284973,0.29237625
19.639999568462372,77.18374,0.3429171,0.293597
19.649999797344208,77.14374,0.3429171,0.2948178
19.660000026226044,77.11174,0.3429845,0.2948178
19.67000025510788,77.13974,0.3429845,0.29603857
19.680000483989716,77.15974,0.34311923,0.29603857
19.69000071287155,77.15974,0.3431866,0.29725936
19.700000941753387,77.15974,0.34325397,0.29725936
19.70999926328659,77.19174,0.3433887,0.29725936
19.719999492168427,77.203735,0.34352347,0.29848012
19.729999721050262,77.23573,0.34372556,0.29725936
19.7399999499321,77.315735,0.34406242,0.29725936
19.750000178813934,77.44774,0.3446014,0.293597
19.76000040769577,77.59573,0.34534246,0.29115546
19.770000636577606,77.799736,0.34601617,0.28627235
19.780000865459442,77.97974,0.34675726,0.2838308
19.789999186992645,78.175735,0.3473636,0.28016847
19.79999941587448,78.33573,0.34790254,0.27772692
19.809999644756317,78.40773,0.3481047,0.27650613
19.819999873638153,78.41573,0.34817204,0.27772692
19.83000010251999,78.37974,0.34823942,0.27772692
19.840000331401825,78.38773,0.34823942,0.28016847
19.85000056028366,78.44373,0.34830678,0.28016847
19.860000789165497,78.427734,0.34837416,0.28138924
19.8699991106987,78.40373,0.34837416,0.28261003
19.879999339580536,78.36774,0.3484415,0.2838308
19.889999568462372,78.35573,0.3484415,0.2838308
19.899999797344208,78.38773,0.3485089,0.2838308
19.910000026226044,78.36373,0.3485089,0.28627235
19.92000025510788,78.427734,0.34857628,0.28627235
19.930000483989716,78.41573,0.34857628,0.28749314
19.94000071287155,78.36774,0.34864363,0.28749314
19.950000941753387,78.343735,0.34871098,0.2899347
19.95999926328659,78.36373,0.34871098,0.2899347
19.969999492168427,78.343735,0.34871098,0.29115546
19.979999721050262,78.34773,0.34871098,0.29237625
19.9899999499321,78.35173,0.34877837,0.293597
20.000000178813934,78.35573,0.34877837,0.293597
20.01000040769577,78.30773,0.34884575,0.2948178
20.020000636577606,78.32373,0.3489131,0.29603857
20.030000865459442,78.33173,0.3489805,0.29725936
20.039999186992645,78.34773,0.3489805,0.29725936
20.04999941587448,78.34773,0.34904787,0.29848012
20.059999644756317,78.35973,0.34911522,0.29848012
20.069999873638153,78.343735,0.34911522,0.29970092
20.08000010251999,78.315735,0.34918258,0.30092168
20.090000331401825,78.31973,0.34918258,0.30214247
20.10000056028366,78.36774,0.34924996,0.30214247
20.110000789165497,78.32373,0.34924996,0.30336323
20.1199991106987,78.28373,0.34924996,0.30458403
20.129999339580536,78.327736,0.34931734,0.3058048
20.139999568462372,78.33573,0.34931734,0.30702558
20.149999797344208,78.32373,0.34931734,0.30702558
20.160000026226044,78.303734,0.34938473,0.30824634
20.17000025510788,78.287735,0.34945208,0.30946714
20.180000483989716,78.275734,0.34945208,0.3106879
20.19000071287155,78.27973,0.3495868,0.3106879
20.200000941753387,78.33974,0.3496542,0.3119087
20.20999926328659,78.37573,0.34972155,0.3119087
20.219999492168427,78.39173,0.34985632,0.3119087
20.229999721050262,78.39173,0.3500584,0.3119087
20.2399999499321,78.45973,0.35039526,0.3106879
20.250000178813934,78.53973,0.35086685,0.30824634
20.26000040769577,78.71573,0.3515406,0.3058048
20.270000636577606,78.94774,0.35234904,0.30092168
20.280000865459442,79.16773,0.3530901,0.29603857
20.289999186992645,79.31973,0.35376382,0.293597
20.29999941587448,79.43973,0.35423538,0.29115546
20.309999644756317,79.54773,0.35443753,0.29115546
20.319999873638153,79.55573,0.35450488,0.29115546
20.33000010251999,79.54773,0.35450488,0.29237625
20.340000331401825,79.55173,0.35450488,0.293597
20.35000056028366,79.56373,0.35457227,0.2948178
20.360000789165497,79.53973,0.35457227,0.29603857
20.3699991106987,79.50773,0.35457227,0.29725936
20.379999339580536,79.51573,0.35457227,0.29725936
20.389999568462372,79.49973,0.35463962,0.29848012
20.399999797344208,79.47973,0.35463962,0.29970092
20.410000026226044,79.49973,0.35463962,0.30092168
20.42000025510788,79.47973,0.354707,0.30214247
20.430000483989716,79.47973,0.354707,0.30336323
20.44000071287155,79.45573,0.35477436,0.30336323
20.450000941753387,79.51972,0.35490912,0.30336323
20.45999926328659,79.50373,0.35504386,0.30336323
20.469999492168427,79.48773,0.3551112,0.30458403
20.479999721050262,79.51972,0.3551786,0.3058048
20.4899999499321,79.57173,0.3554481,0.30458403
20.500000178813934,79.62772,0.3556502,0.30458403
20.51000040769577,79.64373,0.35571757,0.30458403
20.520000636577606,79.68373,0.35578495,0.3058048
20.530000865459442,79.67173,0.3558523,0.3058048
20.539999186992645,79.65572,0.35598704,0.30702558
20.54999941587448,79.679726,0.35605443,0.30702558
20.559999644756317,79.72773,0.35625654,0.30702558
20.569999873638153,79.77172,0.35659337,0.3058048
20.58000010251999,79.89172,0.3571997,0.30336323
20.590000331401825,80.08773,0.35800818,0.29848012
20.60000056028366,80.335724,0.35895136,0.293597
20.610000789165497,80.55173,0.35989454,0.28749314
20.6199991106987,80.79572,0.3606356,0.2838308
20.629999339580536,80.96373,0.36103985,0.28261003
20.639999568462372,80.98373,0.3611072,0.28261003
20.649999797344208,80.99572,0.3611072,0.2838308
20.660000026226044,80.99572,0.36117458,0.2838308
20.67000025510788,80.99172,0.36124197,0.28505158
20.680000483989716,80.97972,0.36124197,0.28627235
20.69000071287155,80.95572,0.36124197,0.28749314
20.700000941753387,80.95572,0.36130935,0.28749314
20.70999926328659,80.92373,0.36130935,0.2899347
20.719999492168427,80.92772,0.36130935,0.2899347
20.729999721050262,80.943726,0.3613767,0.29115546
20.7399999499321,80.92772,0.3613767,0.29237625
20.750000178813934,80.89972,0.36144406,0.293597
20.76000040769577,80.88373,0.36144406,0.293597
20.770000636577606,80.88373,0.36151144,0.2948178
20.780000865459442,80.875725,0.36157882,0.29603857
20.789999186992645,80.915726,0.36164618,0.29603857
20.79999941587448,80.959724,0.36178094,0.29603857
20.809999644756317,80.95572,0.36184832,0.29725936
20.819999873638153,80.92772,0.36198303,0.29725936
20.83000010251999,80.94772,0.36218515,0.29725936
20.840000331401825,81.05173,0.36245462,0.29603857
20.85000056028366,81.14773,0.36292624,0.293597
20.860000789165497,81.319725,0.3636673,0.2899347
20.8699991106987,81.60372,0.36467788,0.2838308
20.879999339580536,81.86372,0.36595792,0.27772692
20.889999568462372,82.195724,0.36730534,0.2679607
20.899999797344208,82.519714,0.36838326,0.2618568
20.910000026226044,82.72772,0.36898962,0.25941524
20.92000025510788,82.891716,0.3694612,0.25697368
20.930000483989716,82.975716,0.36993277,0.25453213
20.94000071287155,83.115715,0.37047175,0.25331137
20.950000941753387,83.23172,0.37101072,0.2508698
20.95999926328659,83.33172,0.3715497,0.24720748
20.969999492168427,83.531715,0.37229076,0.24354514
20.979999721050262,83.73171,0.37303182,0.23988281
20.9899999499321,83.85572,0.37343606,0.23744126
21.000000178813934,83.907715,0.3735708,0.23866203
21.01000040769577,83.919716,0.3735708,0.23866203
21.020000636577606,83.89971,0.3735708,0.24110359
21.030000865459442,83.85572,0.3735708,0.24110359
21.039999186992645,83.839714,0.3735708,0.24232437
21.04999941587448,83.84771,0.3735708,0.24354514
21.059999644756317,83.79971,0.3735708,0.24476592
21.069999873638153,83.78772,0.3735708,0.2459867
21.08000010251999,83.80372,0.3735708,0.24720748
21.090000331401825,83.795715,0.3735708,0.24842826
21.10000056028366,83.74772,0.3735708,0.24964903
21.110000789165497,83.70772,0.3735708,0.2508698
21.1199991106987,83.67972,0.3735708,0.25209057
21.129999339580536,83.65971,0.3735708,0.25331137
21.139999568462372,83.67972,0.3735708,0.25453213
21.149999797344208,83.69572,0.3735708,0.25575292
21.160000026226044,83.63972,0.3735708,0.25697368
21.17000025510788,83.615715,0.3735708,0.25819448
21.180000483989716,83.57971,0.3735708,0.25819448
21.19000071287155,83.59571,0.3735708,0.26063603
21.200000941753387,83.59172,0.3735708,0.26063603
21.20999926328659,83.57971,0.3735708,0.2618568
21.219999492168427,83.587715,0.3735708,0.2630776
21.229999721050262,83.55172,0.3735708,0.26429835
21.2399999499321,83.503716,0.3735708,0.26551914
21.250000178813934,83.49572,0.3735708,0.2667399
21.26000040769577,83.519714,0.3735708,0.2679607
21.270000636577606,83.50771,0.3735708,0.26918146
21.280000865459442,83.48771,0.3735708,0.27040225
21.289999186992645,83.463715,0.3735708,0.27162302
21.29999941587448,83.45171,0.3735708,0.2728438
21.309999644756317,83.42772,0.3735708,0.27406457
21.319999873638153,83.41572,0.3735708,0.27528536
21.33000010251999,83.41171,0.3735708,0.27650613
21.340000331401825,83.38371,0.3735708,0.27772692
21.35000056028366,83.38371,0.3735708,0.27772692
21.360000789165497,83.38371,0.3735708,0.28016847
21.3699991106987,83.363716,0.3735708,0.28016847
21.379999339580536,83.323715,0.3735708,0.28261003
21.389999568462372,83.323715,0.3735708,0.28261003
21.399999797344208,83.34371,0.3735708,0.2838308
21.410000026226044,83.27972,0.3735708,0.28505158
21.42000025510788,83.267715,0.3735708,0.28627235
21.430000483989716,83.27972,0.3735708,0.28749314
21.44000071287155,83.31172,0.3735708,0.2887139
21.450000941753387,83.267715,0.3735708,0.2899347
21.45999926328659,83.255714,0.3735708,0.29115546
21.469999492168427,83.227715,0.3735708,0.29237625
21.479999721050262,83.22372,0.3735708,0.293597
21.4899999499321,83.17972,0.3735708,0.2948178
21.500000178813934,83.20372,0.3735708,0.29603857
21.51000040769577,83.199715,0.3735708,0.29725936
21.520000636577606,83.183716,0.3735708,0.29725936
21.530000865459442,83.155716,0.37363818,0.29848012
21.539999186992645,83.143715,0.37363818,0.29970092
21.54999941587448,83.127716,0.37363818,0.30092168
21.559999644756317,83.12372,0.37363818,0.30214247
21.569999873638153,83.12372,0.37363818,0.30336323
21.58000010251999,83.103714,0.37370557,0.30336323
21.590000331401825,83.115715,0.37377292,0.30458403
21.60000056028366,83.131714,0.37377292,0.3058048
21.610000789165497,83.13972,0.37377292,0.30702558
21.6199991106987,83.131714,0.37384027,0.30702558
21.629999339580536,83.07972,0.37397504,0.30702558
21.639999568462372,83.11172,0.37404242,0.30824634
21.649999797344208,83.115715,0.37404242,0.30946714
21.660000026226044,83.14772,0.37417716,0.30946714
21.67000025510788,83.15172,0.3742445,0.3106879
21.680000483989716,83.19172,0.3743119,0.3119087
21.69000071287155,83.16372,0.37437925,0.3119087
21.700000941753387,83.155716,0.37444663,0.31312945
21.70999926328659,83.17572,0.3745814,0.31312945
21.719999492168427,83.21972,0.3747161,0.31312945
21.729999721050262,83.24771,0.37485087,0.31312945
21.7399999499321,83.33972,0.3751877,0.3119087
21.750000178813934,83.447716,0.37559193,0.3106879
21.76000040769577,83.55172,0.37626565,0.30702558
21.770000636577606,83.72372,0.37714148,0.30214247
21.780000865459442,83.97971,0.3782194,0.29603857
21.789999186992645,84.35972,0.37943205,0.2887139
21.79999941587448,84.65971,0.38051,0.28261003
21.809999644756317,84.891716,0.38111633,0.27894768
21.819999873638153,84.9717,0.38138583,0.27772692
21.83000010251999,85.00371,0.3814532,0.27894768
21.840000331401825,84.98771,0.38152054,0.28016847
21.85000056028366,85.00371,0.38158792,0.28016847
21.860000789165497,84.99971,0.3816553,0.28138924
21.8699991106987,85.00771,0.3816553,0.28261003
21.879999339580536,84.97971,0.3817227,0.28261003
21.889999568462372,85.02371,0.38179004,0.2838308
21.899999797344208,84.991714,0.3818574,0.2838308
21.910000026226044,84.98371,0.38192478,0.28505158
21.92000025510788,85.00771,0.3820595,0.28505158
21.930000483989716,85.03171,0.38226163,0.28505158
21.94000071287155,85.051704,0.38239637,0.28505158
21.950000941753387,85.091705,0.3825985,0.28505158
21.95999926328659,85.159706,0.3828006,0.28505158
21.969999492168427,85.20771,0.38300273,0.28505158
21.979999721050262,85.21171,0.38320482,0.2838308
21.9899999499321,85.25971,0.38340694,0.2838308
22.000000178813934,85.3317,0.3837438,0.28261003
22.01000040769577,85.435715,0.38414803,0.28138924
22.020000636577606,85.51971,0.38455224,0.28016847
22.030000865459442,85.65571,0.38495645,0.27772692
22.039999186992645,85.75171,0.3853607,0.27650613
22.04999941587448,85.79571,0.38549542,0.27650613
22.059999644756317,85.77971,0.38549542,0.27772692
22.069999873638153,85.787704,0.38549542,0.27894768
22.08000010251999,85.75571,0.38549542,0.28016847
22.090000331401825,85.767715,0.38549542,0.28138924
22.10000056028366,85.78371,0.38549542,0.28261003
22.110000789165497,85.75171,0.38549542,0.2838308
22.1199991106987,85.699715,0.38549542,0.28505158
22.129999339580536,85.71171,0.38549542,0.28627235
22.139999568462372,85.69571,0.38549542,0.28749314
22.149999797344208,85.699715,0.38549542,0.28749314
22.160000026226044,85.663704,0.38549542,0.2899347
22.17000025510788,85.675705,0.38549542,0.2899347
22.180000483989716,85.65971,0.38549542,0.29237625
22.19000071287155,85.61171,0.38549542,0.29237625
22.200000941753387,85.61571,0.38549542,0.293597
22.20999926328659,85.62771,0.38549542,0.2948178
22.219999492168427,85.5957,0.38549542,0.29603857
22.229999721050262,85.55171,0.38549542,0.29725936
22.2399999499321,85.55171,0.38549542,0.29848012
22.250000178813934,85.56371,0.38549542,0.29970092
22.26000040769577,85.57971,0.38549542,0.30092168
22.270000636577606,85.55971,0.3855628,0.30214247
22.280000865459442,85.535706,0.3855628,0.30214247
22.289999186992645,85.50371,0.3855628,0.30336323
22.29999941587448,85.475716,0.3855628,0.30458403
22.309999644756317,85.47171,0.3855628,0.3058048
22.319999873638153,85.48771,0.3855628,0.30702558
22.33000010251999,85.45571,0.3855628,0.30824634
22.340000331401825,85.447716,0.3855628,0.30946714
22.35000056028366,85.439705,0.3855628,0.3106879
22.360000789165497,85.40371,0.3855628,0.3119087
22.3699991106987,85.399704,0.3855628,0.31312945
22.379999339580536,85.38771,0.3855628,0.31435025
22.389999568462372,85.41971,0.3856302,0.31435025
22.399999797344208,85.411705,0.3856302,0.315571
22.410000026226044,85.371704,0.3856302,0.3167918
22.42000025510788,85.38771,0.3856302,0.31801257
22.430000483989716,85.367714,0.3856302,0.31923336
22.44000071287155,85.339714,0.3856302,0.32045412
22.450000941753387,85.32371,0.3856302,0.3216749
22.45999926328659,85.3317,0.3856302,0.32289568
22.469999492168427,85.32371,0.38569754,0.32289568
22.479999721050262,85.31971,0.38569754,0.32533723
22.4899999499321,85.35571,0.3857649,0.32533723
22.500000178813934,85.371704,0.38583228,0.32655802
22.51000040769577,85.3317,0.38596705,0.32655802
22.520000636577606,85.31571,0.3860344,0.3277788
22.530000865459442,85.37571,0.38610175,0.3277788
22.539999186992645,85.367714,0.38616914,0.32899958
22.54999941587448,85.435715,0.38630387,0.32899958
22.559999644756317,85.48771,0.38643864,0.32899958
22.569999873638153,85.49571,0.38657334,0.32899958
22.58000010251999,85.47171,0.3867755,0.32899958
22.590000331401825,85.49171,0.38691023,0.32899958
22.60000056028366,85.535706,0.38704497,0.32899958
22.610000789165497,85.56371,0.38711232,0.33022034
22.6199991106987,85.60771,0.3871797,0.33022034
22.629999339580536,85.6237,0.3872471,0.33144113
22.639999568462372,85.635704,0.3873818,0.33144113
22.649999797344208,85.58771,0.38751656,0.33144113
22.660000026226044,85.63971,0.38771868,0.33144113
22.67000025510788,85.73971,0.38798815,0.33144113
22.680000483989716,85.8357,0.38845974,0.32899958
22.69000071287155,85.97971,0.38913345,0.32533723
22.700000941753387,86.215706,0.3899419,0.32045412
22.70999926328659,86.42771,0.39095247,0.315571
22.719999492168427,86.6917,0.39203042,0.30946714
22.729999721050262,86.94771,0.3929062,0.30336323
22.7399999499321,87.17171,0.39351255,0.30092168
22.750000178813934,87.29171,0.39398414,0.29970092
22.76000040769577,87.36771,0.394321,0.29725936
22.770000636577606,87.4797,0.39472523,0.29603857
22.780000865459442,87.591705,0.39519683,0.293597
22.789999186992645,87.675705,0.39560103,0.29237625
22.79999941587448,87.7997,0.39600527,0.2899347
22.809999644756317,87.927704,0.39640948,0.2887139
22.819999873638153,87.9757,0.39681372,0.28749314
22.83000010251999,88.0517,0.39721793,0.28505158
22.840000331401825,88.223694,0.3977569,0.28261003
22.85000056028366,88.359695,0.39829588,0.28016847
22.860000789165497,88.4717,0.39883482,0.27772692
22.8699991106987,88.5757,0.3991717,0.27650613
22.879999339580536,88.623695,0.39944118,0.27650613
22.889999568462372,88.6477,0.39950857,0.27650613
22.899999797344208,88.623695,0.39950857,0.27772692
22.910000026226044,88.639694,0.39950857,0.27894768
22.92000025510788,88.6357,0.39950857,0.28016847
22.930000483989716,88.6077,0.39957592,0.28138924
22.94000071287155,88.5877,0.39957592,0.28261003
22.950000941753387,88.567696,0.39957592,0.28261003
22.95999926328659,88.5597,0.3996433,0.2838308
22.969999492168427,88.5477,0.3996433,0.28505158
22.979999721050262,88.5477,0.3996433,0.28627235
22.9899999499321,88.527695,0.3996433,0.28749314
23.000000178813934,88.5197,0.39971066,0.28749314
23.01000040769577,88.5077,0.39977804,0.2887139
23.020000636577606,88.5477,0.3998454,0.2887139
23.030000865459442,88.54369,0.3998454,0.2899347
23.039999186992645,88.51569,0.39998016,0.2899347
23.04999941587448,88.527695,0.40011486,0.29115546
23.059999644756317,88.5637,0.40024963,0.29115546
23.069999873638153,88.595695,0.40045175,0.29115546
23.08000010251999,88.6837,0.40065384,0.2899347
23.090000331401825,88.7757,0.4009907,0.2899347
23.10000056028366,88.8397,0.4013949,0.28749314
23.110000789165497,88.8917,0.40179917,0.28627235
23.1199991106987,88.9917,0.40227073,0.2838308
23.129999339580536,89.11569,0.4028097,0.28261003
23.139999568462372,89.291695,0.40334868,0.27894768
23.149999797344208,89.455696,0.40388766,0.27650613
23.160000026226044,89.5997,0.40435922,0.27406457
23.17000025510788,89.679695,0.4048308,0.2728438
23.180000483989716,89.69969,0.40510032,0.27162302
23.19000071287155,89.7437,0.40523505,0.27162302
23.200000941753387,89.82369,0.40530244,0.2728438
23.20999926328659,89.819695,0.4053698,0.2728438
23.219999492168427,89.819695,0.4053698,0.27406457
23.229999721050262,89.791695,0.4053698,0.27528536
23.2399999499321,89.763695,0.4053698,0.27650613
23.250000178813934,89.723694,0.4053698,0.27772692
23.26000040769577,89.7437,0.40543717,0.27772692
23.270000636577606,89.75169,0.40543717,0.27894768
23.280000865459442,89.7157,0.40543717,0.28016847
23.289999186992645,89.695694,0.40543717,0.28138924
23.29999941587448,89.695694,0.40550455,0.28261003
23.309999644756317,89.679695,0.40550455,0.2838308
23.319999873638153,89.639694,0.40550455,0.28505158
23.33000010251999,89.6637,0.40550455,0.28627235
23.340000331401825,89.6637,0.40557194,0.28627235
23.35000056028366,89.65969,0.40557194,0.28749314
23.360000789165497,89.61569,0.40557194,0.2887139
23.3699991106987,89.65969,0.40557194,0.2899347
23.379999339580536,89.623695,0.40557194,0.29115546
23.389999568462372,89.59169,0.40563926,0.29237625
23.399999797344208,89.59169,0.40563926,0.29237625
23.410000026226044,89.583694,0.40563926,0.293597
23.42000025510788,89.595695,0.40570664,0.2948178
23.430000483989716,89.57169,0.40570664,0.29603857
23.44000071287155,89.5877,0.40570664,0.29725936
23.450000941753387,89.57169,0.40577403,0.29725936
23.45999926328659,89.5197,0.40577403,0.29848012
23.469999492168427,89.5357,0.4058414,0.29970092
23.479999721050262,89.5477,0.40590876,0.29970092
23.4899999499321,89.5597,0.40597615,0.30092168
23.500000178813934,89.56369,0.40604353,0.30214247
23.51000040769577,89.60369,0.40611088,0.30214247
23.520000636577606,89.5797,0.40611088,0.30336323
23.530000865459442,89.567696,0.40624562,0.30336323
23.539999186992645,89.57569,0.4063804,0.30336323
23.54999941587448,89.64369,0.40658247,0.30336323
23.559999644756317,89.7037,0.40691933,0.30336323
23.569999873638153,89.80369,0.40732357,0.30092168
23.58000010251999,89.9277,0.4078625,0.29848012
23.590000331401825,90.07169,0.40846887,0.29603857
23.60000056028366,90.19169,0.40907517,0.29237625
23.610000789165497,90.3837,0.40968153,0.2887139
23.6199991106987,90.62369,0.4104226,0.28505158
23.629999339580536,90.76769,0.4111637,0.28138924
23.639999568462372,90.90769,0.41163528,0.27894768
23.649999797344208,90.97969,0.41177002,0.27894768
23.660000026226044,90.97569,0.41177002,0.28016847
23.67000025510788,90.987686,0.4118374,0.28138924
23.680000483989716,90.95969,0.4118374,0.28261003
23.69000071287155,90.97969,0.41190478,0.28261003
23.700000941753387,90.93569,0.41190478,0.2838308
23.70999926328659,90.91169,0.41190478,0.28505158
23.719999492168427,90.93969,0.41190478,0.28627235
23.729999721050262,90.919685,0.41190478,0.28749314
23.7399999499321,90.89569,0.41190478,0.2887139
23.750000178813934,90.89569,0.41190478,0.2899347
23.76000040769577,90.863686,0.41190478,0.29115546
23.770000636577606,90.82769,0.41197217,0.29237625
23.780000865459442,90.82769,0.41197217,0.29237625
23.789999186992645,90.847694,0.4120395,0.293597
23.79999941587448,90.86769,0.4120395,0.2948178
23.809999644756317,90.80769,0.4120395,0.29603857
23.819999873638153,90.81169,0.41210687,0.29603857
23.83000010251999,90.823685,0.41217425,0.29725936
23.840000331401825,90.79969,0.41217425,0.29848012
23.85000056028366,90.76769,0.41217425,0.29970092
23.860000789165497,90.78368,0.41217425,0.30092168
23.8699991106987,90.80369,0.41224164,0.30214247
23.879999339580536,90.79969,0.412309,0.30214247
23.889999568462372,90.79569,0.41237637,0.30336323
23.899999797344208,90.81569,0.41237637,0.30336323
23.910000026226044,90.78368,0.41237637,0.30458403
23.92000025510788,90.77169,0.41237637,0.3058048
23.930000483989716,90.75969,0.41244373,0.30702558
23.94000071287155,90.78368,0.4125111,0.30702558
23.950000941753387,90.763695,0.41257846,0.30824634
23.95999926328659,90.78769,0.41264585,0.30946714
23.969999492168427,90.82769,0.41278058,0.30946714
23.979999721050262,90.84369,0.41291532,0.30946714
23.9899999499321,90.81569,0.41311744,0.30946714
24.000000178813934,90.88369,0.41331953,0.30946714
24.01000040769577,90.98369,0.4136564,0.30702558
24.020000636577606,91.08769,0.414128,0.3058048
24.030000865459442,91.26369,0.41473433,0.30336323
24.039999186992645,91.41569,0.4153407,0.29970092
24.04999941587448,91.543686,0.41601437,0.29603857
24.059999644756317,91.67569,0.41675544,0.29237625
24.069999873638153,91.89968,0.4173618,0.2887139
24.08000010251999,92.05569,0.41776603,0.28749314
24.090000331401825,92.14769,0.41796812,0.28749314
24.10000056028366,92.15969,0.4180355,0.28749314
24.110000789165497,92.13969,0.41810286,0.2887139
24.1199991106987,92.09169,0.41810286,0.2899347
24.129999339580536,92.071686,0.41810286,0.29115546
24.139999568462372,92.10368,0.41810286,0.29237625
24.149999797344208,92.087685,0.41817024,0.29237625
24.160000026226044,92.09169,0.41817024,0.293597
24.17000025510788,92.05169,0.41817024,0.2948178
24.180000483989716,92.03969,0.41817024,0.29603857
24.19000071287155,92.031685,0.41817024,0.29725936
24.200000941753387,92.01569,0.41823763,0.29725936
24.20999926328659,92.02369,0.418305,0.29848012
24.219999492168427,92.07969,0.418305,0.29970092
24.229999721050262,92.00768,0.41837236,0.30092168
24.2399999499321,92.03568,0.4185071,0.30092168
24.250000178813934,92.031685,0.4185071,0.30214247
24.26000040769577,92.05569,0.41857448,0.30336323
24.270000636577606,92.03568,0.41864184,0.30336323
24.280000865459442,92.02769,0.41864184,0.30458403
24.289999186992645,92.019684,0.41864184,0.3058048
24.29999941587448,91.99569,0.41870922,0.3058048
24.309999644756317,92.03568,0.41870922,0.30702558
24.319999873638153,92.059685,0.41884395,0.30824634
24.33000010251999,92.03969,0.4189113,0.30824634
24.340000331401825,92.01169,0.4189787,0.30946714
24.35000056028366,92.05569,0.4191808,0.30824634
24.360000789165497,92.13169,0.41945028,0.30824634
24.3699991106987,92.20368,0.41985452,0.30702558
24.379999339580536,92.31969,0.4203261,0.30458403
24.389999568462372,92.46769,0.4208651,0.30214247
24.399999797344208,92.60768,0.42147142,0.29848012
24.410000026226044,92.74768,0.42221248,0.2948178
24.42000025510788,92.97169,0.42295358,0.29115546
24.430000483989716,93.12368,0.42342517,0.2887139
24.44000071287155,93.20769,0.4236273,0.2887139
24.450000941753387,93.22369,0.42369464,0.2887139
24.45999926328659,93.20368,0.42369464,0.2899347
24.469999492168427,93.20769,0.42376202,0.29115546
24.479999721050262,93.18768,0.42376202,0.29237625
24.4899999499321,93.17969,0.42376202,0.293597
24.500000178813934,93.17568,0.42376202,0.293597
24.51000040769577,93.15168,0.42376202,0.29603857
24.520000636577606,93.11968,0.42376202,0.29603857
24.530000865459442,93.143684,0.4238294,0.29725936
24.539999186992645,93.127686,0.4238294,0.29848012
24.54999941587448,93.10768,0.4238294,0.29970092
24.559999644756317,93.09568,0.4238294,0.30092168
24.569999873638153,93.11169,0.4238968,0.30214247
24.58000010251999,93.059685,0.4238968,0.30214247
24.590000331401825,93.02768,0.4238968,0.30336323
24.60000056028366,93.04768,0.4238968,0.30458403
24.610000789165497,93.07968,0.4239641,0.3058048
24.6199991106987,93.05568,0.4239641,0.30702558
24.629999339580536,93.06768,0.4240315,0.30702558
24.639999568462372,93.043686,0.42409888,0.30824634
24.649999797344208,92.991684,0.42409888,0.30946714
24.660000026226044,93.01568,0.42416626,0.30946714
24.67000025510788,93.06369,0.42416626,0.3119087
24.680000483989716,93.059685,0.42423362,0.3119087
24.69000071287155,93.03568,0.424301,0.3119087
24.700000941753387,93.03968,0.424301,0.31312945
24.70999926328659,93.06768,0.42436835,0.31435025
24.719999492168427,93.04768,0.4245031,0.31435025
24.729999721050262,93.06369,0.42457047,0.315571
24.7399999499321,93.10368,0.4247052,0.315571
24.750000178813934,93.12368,0.42483994,0.315571
24.76000040769577,93.155685,0.42497468,0.315571
24.770000636577606,93.15968,0.42510945,0.315571
24.780000865459442,93.183685,0.42524415,0.3167918
24.789999186992645,93.20769,0.42537892,0.3167918
24.79999941587448,93.21168,0.4254463,0.31801257
24.809999644756317,93.24769,0.42558104,0.31801257
24.819999873638153,93.25968,0.42571577,0.31801257
24.83000010251999,93.33568,0.42598528,0.3167918
24.840000331401825,93.40368,0.4263221,0.315571
24.85000056028366,93.51168,0.42672634,0.31435025
24.860000789165497,93.58368,0.42719793,0.31312945
24.8699991106987,93.70768,0.42780426,0.30946714
24.879999339580536,93.90368,0.42847797,0.3058048
24.889999568462372,94.13568,0.4293538,0.30092168
24.899999797344208,94.367676,0.43016225,0.29603857
24.910000026226044,94.49967,0.43056646,0.2948178
24.92000025510788,94.58368,0.43063384,0.2948178
24.930000483989716,94.52768,0.43063384,0.29603857
24.94000071287155,94.49168,0.43070123,0.29725936
24.950000941753387,94.50368,0.43076858,0.29725936
24.95999926328659,94.551674,0.43083593,0.29848012
24.969999492168427,94.56368,0.43090332,0.29970092
24.979999721050262,94.52768,0.43090332,0.29970092
24.9899999499321,94.53168,0.4309707,0.30092168
25.000000178813934,94.51167,0.43110543,0.30092168
25.01000040769577,94.49967,0.43124017,0.30214247
25.020000636577606,94.57568,0.4313749,0.30214247
25.030000865459442,94.62368,0.43157703,0.30214247
25.039999186992645,94.67168,0.43191388,0.30092168
25.04999941587448,94.78768,0.4323855,0.29848012
25.059999644756317,94.951675,0.43319392,0.293597
25.069999873638153,95.16367,0.43433923,0.28749314
25.08000010251999,95.53168,0.43582138,0.27772692
25.090000331401825,95.93567,0.43723616,0.26918146
25.10000056028366,96.26767,0.4380446,0.26429835
25.110000789165497,96.41567,0.43858358,0.2618568
25.1199991106987,96.50367,0.43905517,0.26063603
25.129999339580536,96.607666,0.4394594,0.25819448
25.139999568462372,96.72767,0.439931,0.25697368
25.149999797344208,96.815674,0.44046998,0.25331137
25.160000026226044,97.00367,0.44127843,0.24964903
25.17000025510788,97.22367,0.44215426,0.24476592
25.180000483989716,97.37567,0.44282794,0.24110359
25.19000071287155,97.471664,0.4429627,0.24110359
25.200000941753387,97.51567,0.4429627,0.24232437
25.20999926328659,97.483665,0.4429627,0.24354514
25.219999492168427,97.41567,0.4429627,0.24476592
25.229999721050262,97.39967,0.4429627,0.2459867
25.2399999499321,97.41966,0.4429627,0.24720748
25.250000178813934,97.39166,0.4429627,0.24842826
25.26000040769577,97.371666,0.4429627,0.24842826
25.270000636577606,97.37967,0.4429627,0.2508698
25.280000865459442,97.32367,0.4429627,0.2508698
25.289999186992645,97.275665,0.4429627,0.25209057
25.29999941587448,97.27167,0.4429627,0.25331137
25.309999644756317,97.283676,0.4429627,0.25453213
25.319999873638153,97.26367,0.4429627,0.25575292
25.33000010251999,97.235664,0.4429627,0.25697368
25.340000331401825,97.23167,0.4429627,0.25819448
25.35000056028366,97.19967,0.4429627,0.25941524
25.360000789165497,97.15567,0.4429627,0.26063603
25.3699991106987,97.175674,0.4429627,0.2618568
25.379999339580536,97.179665,0.4429627,0.2630776
25.389999568462372,97.14367,0.4429627,0.26429835
25.399999797344208,97.111664,0.4429627,0.26551914
25.410000026226044,97.09567,0.4429627,0.2667399
25.42000025510788,97.09966,0.4429627,0.2679607
25.430000483989716,97.05167,0.4429627,0.26918146
25.44000071287155,97.06367,0.4429627,0.27040225
25.450000941753387,97.06767,0.4429627,0.27040225
25.45999926328659,97.02367,0.4429627,0.2728438
25.469999492168427,97.00767,0.4429627,0.2728438
25.479999721050262,97.01167,0.4429627,0.27406457
25.4899999499321,97.00367,0.4429627,0.27528536
25.500000178813934,96.97567,0.4429627,0.27650613
25.51000040769577,96.96368,0.4429627,0.27772692
25.520000636577606,96.955666,0.4429627,0.27894768
25.530000865459442,96.90767,0.4429627,0.28016847
25.539999186992645,96.87967,0.4429627,0.28138924
25.54999941587448,96.927666,0.4429627,0.28261003
25.559999644756317,96.915665,0.4429627,0.2838308
25.569999873638153,96.87567,0.4429627,0.28505158
25.58000010251999,96.855675,0.4429627,0.28627235
25.590000331401825,96.84367,0.4429627,0.28749314
25.60000056028366,96.80766,0.4429627,0.2887139
25.610000789165497,96.79167,0.4429627,0.2899347
25.6199991106987,96.827675,0.4429627,0.29115546
25.629999339580536,96.815674,0.4429627,0.29237625
25.639999568462372,96.78367,0.4429627,0.29237625
25.649999797344208,96.71168,0.4429627,0.293597
25.660000026226044,96.74767,0.4429627,0.2948178
25.67000025510788,96.75567,0.4429627,0.29603857
25.680000483989716,96.71567,0.4429627,0.29725936
25.69000071287155,96.71567,0.4429627,0.29848012
25.700000941753387,96.70767,0.4429627,0.29970092
25.70999926328659,96.68367,0.4429627,0.30092168
25.719999492168427,96.68767,0.44303006,0.30214247
25.729999721050262,96.691666,0.44303006,0.30336323
25.7399999499321,96.64368,0.44303006,0.30336323
25.750000178813934,96.623665,0.44303006,0.3058048
25.76000040769577,96.64368,0.44303006,0.3058048
25.770000636577606,96.62767,0.44303006,0.30702558
25.780000865459442,96.635666,0.44303006,0.30824634
25.789999186992645,96.61167,0.4430974,0.30946714
25.79999941587448,96.61567,0.4430974,0.3106879
25.809999644756317,96.55967,0.4430974,0.3119087
25.819999873638153,96.51167,0.4430974,0.31312945
25.83000010251999,96.55967,0.4431648,0.31312945
25.840000331401825,96.591675,0.4431648,0.31435025
25.85000056028366,96.57167,0.4431648,0.315571
25.860000789165497,96.575676,0.44323218,0.3167918
25.8699991106987,96.55967,0.44323218,0.31801257
25.879999339580536,96.53167,0.44329953,0.31801257
25.889999568462372,96.51567,0.44329953,0.31923336
25.899999797344208,96.54767,0.44336691,0.32045412
25.910000026226044,96.58767,0.4434343,0.32045412
25.92000025510788,96.58367,0.443569,0.3216749
25.930000483989716,96.58367,0.44370377,0.3216749
25.94000071287155,96.659676,0.44390586,0.3216749
25.950000941753387,96.67168,0.44417536,0.32045412
25.95999926328659,96.77167,0.44464695,0.31923336
25.969999492168427,96.94367,0.44538802,0.31435025
25.979999721050262,97.21167,0.44646594,0.30824634
25.9899999499321,97.555664,0.44788074,0.29970092
26.000000178813934,97.92366,0.44943026,0.2899347
26.01000040769577,98.28366,0.45044082,0.2838308
26.020000636577606,98.46766,0.4509798,0.28138924
26.030000865459442,98.59966,0.45138404,0.28016847
26.039999186992645,98.67567,0.4517209,0.27772692
26.04999941587448,98.72767,0.45205772,0.27772692
26.059999644756317,98.78766,0.45232722,0.27650613
26.069999873638153,98.843666,0.45266408,0.27528536
26.08000010251999,98.98766,0.4530683,0.27406457
26.090000331401825,99.07166,0.4535399,0.27162302
26.10000056028366,99.179665,0.4540115,0.26918146
26.110000789165497,99.25166,0.45434836,0.2679607
26.1199991106987,99.29166,0.4544831,0.2679607
26.129999339580536,99.28366,0.4544831,0.27040225
26.139999568462372,99.27966,0.4544831,0.27040225
26.149999797344208,99.27566,0.4544831,0.2728438
26.160000026226044,99.29566,0.4544831,0.2728438
26.17000025510788,99.24766,0.4544831,0.27406457
26.180000483989716,99.207664,0.4544831,0.27528536
26.19000071287155,99.23167,0.4544831,0.27650613
26.200000941753387,99.18366,0.4544831,0.27772692
26.20999926328659,99.16766,0.4544831,0.27894768
26.219999492168427,99.15966,0.4544831,0.28016847
26.229999721050262,99.155655,0.45455045,0.28016847
26.2399999499321,99.14366,0.45455045,0.28261003
26.250000178813934,99.14766,0.45455045,0.28261003
26.26000040769577,99.14366,0.45455045,0.2838308
26.270000636577606,99.10366,0.45455045,0.28505158
26.280000865459442,99.067665,0.45455045,0.28627235
26.289999186992645,99.055664,0.45455045,0.28749314
26.29999941587448,99.07166,0.45455045,0.2887139
26.309999644756317,99.03966,0.45455045,0.2899347
26.319999873638153,99.03966,0.45455045,0.29115546
26.33000010251999,99.06366,0.45455045,0.29237625
26.340000331401825,98.98366,0.45455045,0.293597
26.35000056028366,98.93967,0.45455045,0.2948178
26.360000789165497,98.94766,0.45455045,0.29603857
26.3699991106987,98.98766,0.45455045,0.29725936
26.379999339580536,98.98766,0.45455045,0.29848012
26.389999568462372,98.95566,0.45455045,0.29970092
26.399999797344208,98.91966,0.45455045,0.29970092
26.410000026226044,98.89566,0.45455045,0.30214247
26.42000025510788,98.85566,0.45461783,0.30214247
26.430000483989716,98.83966,0.45461783,0.30336323
26.44000071287155,98.899666,0.45461783,0.30458403
26.450000941753387,98.85566,0.45468518,0.3058048
26.45999926328659,98.86766,0.45475256,0.3058048
26.469999492168427,98.90766,0.45481995,0.30702558
26.479999721050262,98.88367,0.45481995,0.30702558
26.4899999499321,98.83567,0.45481995,0.30946714
26.500000178813934,98.86766,0.45481995,0.30946714
26.51000040769577,98.87966,0.45488733,0.3106879
26.520000636577606,98.887665,0.45495465,0.3119087
26.530000865459442,98.847664,0.45495465,0.31312945
26.539999186992645,98.85566,0.45495465,0.31312945
26.54999941587448,98.871666,0.45502204,0.31435025
26.559999644756317,98.83966,0.45508942,0.315571
26.569999873638153,98.82766,0.45508942,0.3167918
26.58000010251999,98.85166,0.4551568,0.3167918
26.590000331401825,98.831665,0.45522416,0.31801257
26.60000056028366,98.85166,0.45529154,0.31801257
26.610000789165497,98.887665,0.4553589,0.31923336
26.6199991106987,98.86766,0.45542628,0.31923336
26.629999339580536,98.86366,0.45542628,0.32045412
26.639999568462372,98.85166,0.45542628,0.3216749
26.649999797344208,98.82766,0.45549363,0.32289568
26.660000026226044,98.85166,0.455561,0.32289568
26.67000025510788,98.887665,0.4556284,0.32411647
26.680000483989716,98.89566,0.45569578,0.32533723
26.69000071287155,98.899666,0.45583048,0.32533723
26.700000941753387,98.887665,0.45589787,0.32533723
26.70999926328659,98.903656,0.4560326,0.32533723
26.719999492168427,98.97967,0.45623472,0.32533723
26.729999721050262,99.03166,0.45663893,0.32411647
26.7399999499321,99.14366,0.45711052,0.3216749
26.750000178813934,99.31566,0.45771688,0.31923336
26.76000040769577,99.443665,0.45845795,0.315571
26.770000636577606,99.69965,0.4594685,0.30946714
26.780000865459442,99.99566,0.46061382,0.30214247
26.789999186992645,100.32766,0.46175912,0.29603857
26.79999941587448,100.52766,0.46236545,0.29237625
26.809999644756317,100.57166,0.4625676,0.29237625
26.819999873638153,100.615654,0.46263492,0.29237625
26.83000010251999,100.64766,0.46263492,0.293597
26.840000331401825,100.615654,0.4627023,0.2948178
26.85000056028366,100.615654,0.4627023,0.29603857
26.860000789165497,100.627655,0.4627697,0.29603857
26.8699991106987,100.57966,0.4627697,0.29725936
26.879999339580536,100.55566,0.4627697,0.29848012
26.889999568462372,100.56766,0.46283707,0.29970092
26.899999797344208,100.59966,0.46290442,0.29970092
26.910000026226044,100.60766,0.46290442,0.30214247
26.92000025510788,100.587654,0.4629718,0.30214247
26.930000483989716,100.57565,0.4631739,0.30214247
26.94000071287155,100.611664,0.46357813,0.29970092
26.950000941753387,100.73566,0.46404973,0.29848012
26.95999926328659,100.89966,0.46465608,0.29603857
26.969999492168427,101.07965,0.46519503,0.29237625
26.979999721050262,101.20766,0.46586874,0.2887139
26.9899999499321,101.38765,0.4666772,0.28505158
27.000000178813934,101.60766,0.46741825,0.28016847
27.01000040769577,101.73566,0.46795723,0.27772692
27.020000636577606,101.83166,0.46829408,0.27650613
27.030000865459442,101.89565,0.46842885,0.27650613
27.039999186992645,101.93165,0.46842885,0.27772692
27.04999941587448,101.89966,0.46842885,0.27894768
27.059999644756317,101.84366,0.46842885,0.28016847
27.069999873638153,101.879654,0.46842885,0.28138924
27.08000010251999,101.85565,0.46842885,0.28261003
27.090000331401825,101.81565,0.46842885,0.2838308
27.10000056028366,101.79565,0.46842885,0.28505158
27.110000789165497,101.77165,0.46842885,0.28627235
27.1199991106987,101.779655,0.4684962,0.28749314
27.129999339580536,101.77566,0.4684962,0.28749314
27.139999568462372,101.767654,0.4684962,0.2899347
27.149999797344208,101.74365,0.4684962,0.2899347
27.160000026226044,101.67965,0.4684962,0.29115546
27.17000025510788,101.69165,0.4684962,0.29237625
27.180000483989716,101.683655,0.4684962,0.293597
27.19000071287155,101.67165,0.4684962,0.2948178
27.200000941753387,101.69165,0.4684962,0.29603857
27.20999926328659,101.67565,0.4684962,0.29725936
27.219999492168427,101.643654,0.4684962,0.29848012
27.229999721050262,101.56365,0.4684962,0.29970092
27.2399999499321,101.59166,0.4684962,0.30092168
27.250000178813934,101.61966,0.4684962,0.30214247
27.26000040769577,101.587654,0.4684962,0.30336323
27.270000636577606,101.57966,0.4684962,0.30458403
27.280000865459442,101.55566,0.4684962,0.3058048
27.289999186992645,101.531654,0.4684962,0.30702558
27.29999941587448,101.49966,0.4684962,0.30702558
27.309999644756317,101.515656,0.46856356,0.30824634
27.319999873638153,101.531654,0.46856356,0.30946714
27.33000010251999,101.50765,0.46863094,0.3106879
27.340000331401825,101.47965,0.46869832,0.3106879
27.35000056028366,101.51166,0.46869832,0.3119087
27.360000789165497,101.48366,0.46876568,0.31312945
27.3699991106987,101.50765,0.46883306,0.31312945
27.379999339580536,101.53966,0.46903515,0.31312945
27.389999568462372,101.57565,0.4691699,0.31312945
27.399999797344208,101.59166,0.4694394,0.31312945
27.410000026226044,101.69165,0.46997836,0.3106879
27.42000025510788,101.86365,0.47065207,0.30702558
27.430000483989716,102.099655,0.47152787,0.30214247
27.44000071287155,102.33165,0.47253844,0.29603857
27.450000941753387,102.62365,0.4736164,0.2899347
27.45999926328659,102.87164,0.47442484,0.28627235
27.469999492168427,103.01165,0.47489643,0.28261003
27.479999721050262,103.09165,0.4751659,0.28261003
27.4899999499321,103.20364,0.47543538,0.28138924
27.500000178813934,103.23164,0.4756375,0.28138924
27.51000040769577,103.26765,0.47597435,0.28016847
27.520000636577606,103.33565,0.47644594,0.27894768
27.530000865459442,103.48765,0.47698492,0.27528536
27.539999186992645,103.603645,0.47752386,0.2728438
27.54999941587448,103.74365,0.47806284,0.27040225
27.559999644756317,103.88765,0.4786018,0.2679607
27.569999873638153,104.00365,0.4790734,0.26551914
27.58000010251999,104.091644,0.47947764,0.26429835
27.590000331401825,104.187645,0.47974712,0.2630776
27.60000056028366,104.20765,0.47988185,0.2630776
27.610000789165497,104.20364,0.47988185,0.26429835
27.6199991106987,104.19565,0.47994924,0.26551914
27.629999339580536,104.21164,0.4800166,0.2667399
27.639999568462372,104.187645,0.4800166,0.2667399
27.649999797344208,104.147644,0.4800166,0.2679607
27.660000026226044,104.16765,0.4800166,0.26918146
27.67000025510788,104.159645,0.4800166,0.27040225
27.680000483989716,104.119644,0.4800166,0.27162302
27.69000071287155,104.06764,0.4800166,0.2728438
27.700000941753387,104.07565,0.4800166,0.27406457
27.70999926328659,104.08765,0.48008397,0.27528536
27.719999492168427,104.08765,0.48008397,0.27650613
27.729999721050262,104.05164,0.48015133,0.27650613
27.7399999499321,104.07565,0.48015133,0.27772692
27.750000178813934,104.03565,0.48015133,0.27894768
27.76000040769577,103.99565,0.48015133,0.28016847
27.770000636577606,104.00765,0.4802187,0.28016847
27.780000865459442,104.03165,0.4802861,0.28138924
27.789999186992645,104.02764,0.48035347,0.28261003
27.79999941587448,104.03165,0.48035347,0.2838308
27.809999644756317,104.00765,0.48035347,0.2838308
27.819999873638153,103.97164,0.48042083,0.28505158
27.83000010251999,103.90365,0.48042083,0.28627235
27.840000331401825,103.95565,0.48042083,0.28749314
27.85000056028366,103.97565,0.48048818,0.28749314
27.860000789165497,103.97565,0.48048818,0.2899347
27.8699991106987,103.97164,0.48048818,0.2899347
27.879999339580536,103.95964,0.48055556,0.29115546
27.889999568462372,103.935646,0.48062295,0.29237625
27.899999797344208,103.89965,0.48062295,0.293597
27.910000026226044,103.923645,0.4806903,0.293597
27.92000025510788,103.963646,0.48075768,0.2948178
27.930000483989716,103.94765,0.48082507,0.2948178
27.94000071287155,103.95565,0.4808924,0.29603857
27.950000941753387,103.939644,0.48095977,0.29603857
27.95999926328659,103.963646,0.48109454,0.29603857
27.969999492168427,103.963646,0.48122928,0.29725936
27.979999721050262,104.00765,0.481364,0.29725936
27.9899999499321,104.03565,0.48149875,0.29725936
28.000000178813934,104.05164,0.48170087,0.29725936
28.01000040769577,104.11565,0.48203772,0.29603857
28.020000636577606,104.26765,0.48250932,0.293597
28.030000865459442,104.41965,0.4832504,0.2899347
28.039999186992645,104.535645,0.4839241,0.28627235
28.04999941587448,104.72365,0.48459783,0.2838308
28.059999644756317,104.911644,0.48513675,0.28016847
28.069999873638153,105.05964,0.48567572,0.27772692
28.08000010251999,105.12364,0.48587787,0.27772692
28.090000331401825,105.147644,0.48594522,0.27772692
28.10000056028366,105.13564,0.48594522,0.27894768
28.110000789165497,105.091644,0.48594522,0.28016847
28.1199991106987,105.10364,0.48594522,0.28138924
28.129999339580536,105.10764,0.48594522,0.28261003
28.139999568462372,105.091644,0.48594522,0.2838308
28.149999797344208,105.06764,0.48594522,0.28505158
28.160000026226044,105.063644,0.48594522,0.28627235
28.17000025510788,105.03964,0.48594522,0.28749314
28.180000483989716,105.02364,0.48594522,0.2887139
28.19000071287155,104.991646,0.48594522,0.2899347
28.200000941753387,105.00764,0.48594522,0.29115546
28.20999926328659,104.95964,0.48594522,0.29237625
28.219999492168427,104.94364,0.48601258,0.29237625
28.229999721050262,104.94364,0.48601258,0.293597
28.2399999499321,104.967636,0.48601258,0.2948178
28.250000178813934,104.92764,0.48601258,0.29603857
28.26000040769577,104.89164,0.48601258,0.29725936
28.270000636577606,104.91964,0.48601258,0.29848012
28.280000865459442,104.87564,0.48601258,0.29970092
28.289999186992645,104.84764,0.48607996,0.29970092
28.29999941587448,104.86364,0.48607996,0.30214247
28.309999644756317,104.87965,0.4862147,0.30214247
28.319999873638153,104.895645,0.4862147,0.30214247
28.33000010251999,104.87164,0.48628208,0.30336323
28.340000331401825,104.867645,0.48628208,0.30458403
28.35000056028366,104.83564,0.48634946,0.3058048
28.360000789165497,104.839645,0.48641682,0.3058048
28.3699991106987,104.899635,0.48648417,0.30702558
28.379999339580536,104.911644,0.48655155,0.30702558
28.389999568462372,104.87965,0.48668632,0.30702558
28.399999797344208,104.90364,0.48682103,0.30702558
28.410000026226044,104.95964,0.4868884,0.30824634
28.42000025510788,104.94765,0.4869558,0.30946714
28.430000483989716,104.91964,0.48702314,0.30946714
28.44000071287155,104.95964,0.48709053,0.3106879
28.450000941753387,104.97565,0.4871579,0.3119087
28.45999926328659,104.967636,0.4872253,0.3119087
28.469999492168427,104.967636,0.48729262,0.31312945
28.479999721050262,104.97164,0.48729262,0.31312945
28.4899999499321,104.991646,0.48736,0.31435025
28.500000178813934,104.93164,0.4874274,0.315571
28.51000040769577,104.95564,0.4874274,0.315571
28.520000636577606,104.97164,0.48749477,0.3167918
28.530000865459442,104.98764,0.4876295,0.3167918
28.539999186992645,105.01964,0.48769686,0.31801257
28.54999941587448,105.04764,0.4878316,0.31801257
28.559999644756317,105.01964,0.4880337,0.31801257
28.569999873638153,105.07564,0.48830324,0.3167918
28.58000010251999,105.199646,0.48884216,0.31435025
28.590000331401825,105.37964,0.48958328,0.3106879
28.60000056028366,105.56364,0.49039173,0.30702558
28.610000789165497,105.79163,0.49120018,0.30214247
28.6199991106987,105.99164,0.49194127,0.29848012
28.629999339580536,106.12764,0.49234545,0.29603857
28.639999568462372,106.14764,0.49254757,0.29603857
28.649999797344208,106.17164,0.49254757,0.29725936
28.660000026226044,106.20764,0.49261495,0.29725936
28.67000025510788,106.219635,0.49261495,0.29848012
28.680000483989716,106.18364,0.49261495,0.29970092
28.69000071287155,106.17964,0.4926823,0.30092168
28.700000941753387,106.151634,0.4926823,0.30214247
28.70999926328659,106.131645,0.4926823,0.30336323
28.719999492168427,106.135635,0.4926823,0.30336323
28.729999721050262,106.123634,0.49274972,0.30458403
28.7399999499321,106.11564,0.49281704,0.3058048
28.750000178813934,106.11564,0.49281704,0.30702558
28.76000040769577,106.09964,0.49288446,0.30702558
28.770000636577606,106.12764,0.49288446,0.30824634
28.780000865459442,106.095634,0.4929518,0.30946714
28.789999186992645,106.11564,0.4929518,0.3106879
28.79999941587448,106.07964,0.4929518,0.3119087
28.809999644756317,106.08764,0.49308655,0.3119087
28.819999873638153,106.08363,0.4932213,0.3119087
28.83000010251999,106.163635,0.4934234,0.3119087
28.840000331401825,106.21164,0.49355817,0.3119087
28.85000056028366,106.21564,0.4936255,0.31312945
28.860000789165497,106.22364,0.49376026,0.31312945
28.8699991106987,106.27164,0.49402976,0.3119087
28.879999339580536,106.31564,0.4942992,0.3119087
28.889999568462372,106.387634,0.49470344,0.30946714
28.899999797344208,106.54364,0.4953098,0.30702558
28.910000026226044,106.77163,0.49625298,0.30214247
28.92000025510788,107.00764,0.49726355,0.29603857
28.930000483989716,107.219635,0.4982741,0.2899347
28.94000071287155,107.471634,0.49894777,0.28627235
28.950000941753387,107.57564,0.49928468,0.28505158
28.95999926328659,107.61564,0.49928468,0.28627235
28.969999492168427,107.60763,0.49928468,0.28749314
28.979999721050262,107.59164,0.49928468,0.2887139
28.9899999499321,107.56763,0.49928468,0.2899347
29.000000178813934,107.56364,0.49935204,0.2899347
29.01000040769577,107.54764,0.49935204,0.29115546
29.020000636577606,107.52763,0.49935204,0.29237625
29.030000865459442,107.471634,0.49935204,0.293597
29.039999186992645,107.49964,0.49935204,0.2948178
29.04999941587448,107.47563,0.49935204,0.29603857
29.059999644756317,107.467636,0.49935204,0.29725936
29.069999873638153,107.455635,0.4994194,0.29725936
29.08000010251999,107.47964,0.4994194,0.29848012
29.090000331401825,107.44763,0.49948677,0.29970092
29.10000056028366,107.43563,0.49955413,0.29970092
29.110000789165497,107.43164,0.49962154,0.30092168
29.1199991106987,107.47964,0.49962154,0.30214247
29.129999339580536,107.471634,0.4996889,0.30336323
29.139999568462372,107.46363,0.49975628,0.30336323
29.149999797344208,107.45163,0.49982363,0.30458403
29.160000026226044,107.44763,0.49989098,0.30458403
29.17000025510788,107.43164,0.5000931,0.30458403
29.180000483989716,107.523636,0.5003626,0.30336323
29.19000071287155,107.63563,0.50083417,0.30214247
29.200000941753387,107.79164,0.5015079,0.29848012
29.20999926328659,108.01963,0.5025185,0.29237625
29.219999492168427,108.33963,0.50379854,0.28505158
29.229999721050262,108.64763,0.5052133,0.27650613
29.2399999499321,108.959625,0.5063586,0.26918146
29.250000178813934,109.23163,0.5070323,0.2667399
29.26000040769577,109.38763,0.5075712,0.2630776
29.270000636577606,109.49563,0.5080429,0.26063603
29.280000865459442,109.57563,0.50851446,0.25941524
29.289999186992645,109.683624,0.50898606,0.25697368
29.29999941587448,109.79562,0.5095924,0.25453213
29.309999644756317,109.95562,0.5103335,0.24964903
29.319999873638153,110.17963,0.51107454,0.2459867
29.33000010251999,110.319626,0.51154613,0.24354514
29.340000331401825,110.363625,0.5116809,0.24476592
29.35000056028366,110.34362,0.5116809,0.24476592
29.360000789165497,110.33962,0.5116809,0.24720748
29.3699991106987,110.319626,0.5116809,0.24720748
29.379999339580536,110.263626,0.5116809,0.24842826
29.389999568462372,110.27163,0.5116809,0.24964903
29.399999797344208,110.27163,0.5116809,0.2508698
29.410000026226044,110.22762,0.5116809,0.25209057
29.42000025510788,110.211624,0.5116809,0.25331137
29.430000483989716,110.21963,0.5116809,0.25453213
29.44000071287155,110.17563,0.5116809,0.25575292
29.450000941753387,110.111626,0.5116809,0.25697368
29.45999926328659,110.11562,0.5116809,0.25819448
29.469999492168427,110.13162,0.5116809,0.25941524
29.479999721050262,110.12363,0.5116809,0.26063603
29.4899999499321,110.09963,0.5116809,0.2618568
29.500000178813934,110.071625,0.5116809,0.2618568
29.51000040769577,110.04762,0.5116809,0.26429835
29.520000636577606,109.987625,0.5116809,0.26429835
29.530000865459442,110.003624,0.5116809,0.2667399
29.539999186992645,110.027626,0.5116809,0.2667399
29.54999941587448,110.00762,0.5116809,0.2679607
29.559999644756317,109.987625,0.5116809,0.26918146
29.569999873638153,109.959625,0.51174825,0.27040225
29.58000010251999,109.903625,0.51174825,0.27162302
29.590000331401825,109.87163,0.51174825,0.2728438
29.60000056028366,109.903625,0.51174825,0.27406457
29.610000789165497,109.91562,0.51174825,0.27528536
29.6199991106987,109.86762,0.51174825,0.27650613
29.629999339580536,109.84363,0.51174825,0.27772692
29.639999568462372,109.83962,0.51174825,0.27772692
29.649999797344208,109.84763,0.51174825,0.27894768
29.660000026226044,109.79562,0.51174825,0.28016847
29.67000025510788,109.81162,0.5118156,0.28138924
29.680000483989716,109.79562,0.5118156,0.28261003
29.69000071287155,109.77563,0.5118156,0.2838308
29.700000941753387,109.763626,0.51188296,0.2838308
29.70999926328659,109.77162,0.51188296,0.28505158
29.719999492168427,109.74362,0.51188296,0.28627235
29.729999721050262,109.74362,0.51188296,0.28749314
29.7399999499321,109.75562,0.51188296,0.2887139
29.750000178813934,109.69963,0.51188296,0.2899347
29.76000040769577,109.66362,0.51188296,0.29115546
29.770000636577606,109.68763,0.51188296,0.29237625
29.780000865459442,109.71163,0.51188296,0.293597
29.789999186992645,109.71562,0.51188296,0.2948178
29.79999941587448,109.627625,0.51188296,0.29603857
29.809999644756317,109.62362,0.51188296,0.29725936
29.819999873638153,109.63163,0.51188296,0.29848012
29.83000010251999,109.61562,0.51188296,0.29970092
29.840000331401825,109.599625,0.5119504,0.29970092
29.85000056028366,109.627625,0.5119504,0.30092168
29.860000789165497,109.611626,0.5119504,0.30214247
29.8699991106987,109.57563,0.5119504,0.30336323
29.879999339580536,109.56363,0.5119504,0.30458403
29.889999568462372,109.56363,0.5120177,0.3058048
29.899999797344208,109.55962,0.51208514,0.3058048
29.910000026226044,109.55563,0.5121525,0.30702558
29.92000025510788,109.59163,0.51221985,0.30702558
29.930000483989716,109.57563,0.5122872,0.30824634
29.94000071287155,109.57963,0.51242197,0.30824634
29.950000941753387,109.61963,0.5125567,0.30946714
29.95999926328659,109.67563,0.51269144,0.30824634
29.969999492168427,109.65963,0.51289356,0.30824634
29.979999721050262,109.70763,0.51323044,0.30702558
29.9899999499321,109.84363,0.5136346,0.3058048
30.000000178813934,109.99163,0.5141736,0.30336323
30.01000040769577,110.12363,0.51498204,0.29848012
30.020000636577606,110.35963,0.5159252,0.293597
30.030000865459442,110.64363,0.51707053,0.28627235
30.039999186992645,110.93962,0.51821584,0.28016847
30.04999941587448,111.13562,0.51888955,0.27650613
30.059999644756317,111.255615,0.5191591,0.27528536
30.069999873638153,111.32762,0.5192264,0.27650613
30.08000010251999,111.33962,0.5192264,0.27772692
30.090000331401825,111.307625,0.5192938,0.27772692
30.10000056028366,111.283615,0.5192938,0.27894768
30.110000789165497,111.251625,0.5192938,0.28016847
30.1199991106987,111.223625,0.51936114,0.28138924
30.129999339580536,111.24762,0.51936114,0.28261003
30.139999568462372,111.25962,0.51936114,0.2838308
30.149999797344208,111.211624,0.51936114,0.2838308
30.160000026226044,111.17561,0.51936114,0.28627235
30.17000025510788,111.17561,0.5194285,0.28627235
30.180000483989716,111.15162,0.5194285,0.28749314
30.19000071287155,111.127625,0.5194285,0.2887139
30.200000941753387,111.16362,0.5194959,0.2899347
30.20999926328659,111.17162,0.5194959,0.2899347
30.219999492168427,111.13162,0.5194959,0.29237625
30.229999721050262,111.09962,0.51956326,0.29237625
30.2399999499321,111.13562,0.5196307,0.29237625
30.250000178813934,111.12362,0.519698,0.293597
30.26000040769577,111.12362,0.5197653,0.293597
30.270000636577606,111.155624,0.5199001,0.2948178
30.280000865459442,111.183624,0.52010226,0.293597
30.289999186992645,111.22762,0.5203717,0.293597
30.29999941587448,111.291626,0.52070856,0.29237625
30.309999644756317,111.40762,0.5210454,0.29115546
30.319999873638153,111.48762,0.5214496,0.2899347
30.33000010251999,111.55962,0.5219886,0.28749314
30.340000331401825,111.72762,0.5225949,0.2838308
30.35000056028366,111.907616,0.52326864,0.28138924
30.360000789165497,112.01962,0.52360547,0.27894768
30.3699991106987,112.08762,0.52374023,0.28016847
30.379999339580536,112.09161,0.52374023,0.28016847
30.389999568462372,112.05562,0.52374023,0.28261003
30.399999797344208,111.99962,0.52374023,0.28261003
30.410000026226044,112.01161,0.52374023,0.2838308
30.42000025510788,112.03961,0.52380764,0.28505158
30.430000483989716,111.99962,0.52380764,0.28627235
30.44000071287155,111.98362,0.52380764,0.28749314
30.450000941753387,111.99162,0.52380764,0.28749314
30.45999926328659,111.95562,0.52380764,0.2899347
30.469999492168427,111.92762,0.52380764,0.2899347
30.479999721050262,111.91962,0.52380764,0.29237625
30.4899999499321,111.94762,0.523875,0.29237625
30.500000178813934,111.895615,0.523875,0.293597
30.51000040769577,111.879616,0.523875,0.2948178
30.520000636577606,111.91162,0.523875,0.29603857
30.530000865459442,111.879616,0.523875,0.29725936
30.539999186992645,111.839615,0.523875,0.29848012
30.54999941587448,111.84362,0.523875,0.29970092
30.559999644756317,111.83162,0.5239424,0.29970092
30.569999873638153,111.835625,0.5239424,0.30092168
30.58000010251999,111.79562,0.5240097,0.30214247
30.590000331401825,111.827614,0.5240097,0.30336323
30.60000056028366,111.827614,0.5240097,0.30458403
30.610000789165497,111.80762,0.5240097,0.3058048
30.6199991106987,111.77162,0.5240097,0.3058048
30.629999339580536,111.77962,0.52407706,0.30702558
30.639999568462372,111.767624,0.5241445,0.30702558
30.649999797344208,111.77162,0.5241445,0.30946714
30.660000026226044,111.78761,0.5242118,0.30946714
30.67000025510788,111.80762,0.5242118,0.3106879
30.680000483989716,111.767624,0.52427924,0.3119087
30.69000071287155,111.75961,0.5243466,0.3119087
30.700000941753387,111.77562,0.524414,0.31312945
30.70999926328659,111.77562,0.5244813,0.31312945
30.719999492168427,111.77562,0.52461606,0.31312945
30.729999721050262,111.81562,0.5246834,0.315571
30.7399999499321,111.827614,0.5247508,0.315571
30.750000178813934,111.81962,0.5248182,0.315571
30.76000040769577,111.80362,0.5248182,0.3167918
30.770000636577606,111.83162,0.52488554,0.31801257
30.780000865459442,111.79162,0.52488554,0.31923336
30.789999186992645,111.79162,0.52495295,0.31923336
30.79999941587448,111.81962,0.52502024,0.32045412
30.809999644756317,111.835625,0.52508765,0.3216749
30.819999873638153,111.827614,0.52508765,0.3216749
30.83000010251999,111.835625,0.525155,0.32289568
30.840000331401825,111.835625,0.5252898,0.32289568
30.85000056028366,111.839615,0.52542454,0.32289568
30.860000789165497,111.84362,0.52555925,0.32289568
30.8699991106987,111.907616,0.5258287,0.32289568
30.879999339580536,112.04762,0.5263003,0.32045412
30.889999568462372,112.195625,0.52704144,0.3167918
30.899999797344208,112.43162,0.5279846,0.3119087
30.910000026226044,112.69161,0.5289278,0.3058048
30.92000025510788,112.89962,0.52993834,0.30092168
30.930000483989716,113.115616,0.5308142,0.29603857
30.94000071287155,113.33161,0.53128576,0.293597
30.950000941753387,113.40761,0.53155524,0.29237625
30.95999926328659,113.46761,0.53169,0.29237625
30.969999492168427,113.47562,0.53169,0.293597
30.979999721050262,113.47161,0.53175735,0.2948178
30.9899999499321,113.44362,0.53182477,0.2948178
31.000000178813934,113.395615,0.5318921,0.29603857
31.01000040769577,113.46761,0.5320942,0.29603857
31.020000636577606,113.507614,0.53222895,0.29603857
31.030000865459442,113.54362,0.53243107,0.29603857
31.039999186992645,113.587616,0.53270054,0.2948178
31.04999941587448,113.63962,0.53303736,0.293597
31.059999644756317,113.73562,0.53350896,0.29237625
31.069999873638153,113.81961,0.53391325,0.2899347
31.08000010251999,113.93162,0.53438485,0.28749314
31.090000331401825,114.03961,0.53485644,0.28627235
31.10000056028366,114.18761,0.5354628,0.28261003
31.110000789165497,114.34761,0.5361365,0.27894768
31.1199991106987,114.51961,0.53674275,0.27650613
31.129999339580536,114.63561,0.53721434,0.27406457
31.139999568462372,114.7076,0.5375513,0.2728438
31.149999797344208,114.77161,0.537686,0.2728438
31.160000026226044,114.77161,0.53775334,0.27406457
31.17000025510788,114.77161,0.5378207,0.27406457
31.180000483989716,114.77161,0.53795546,0.27528536
31.19000071287155,114.81961,0.5380228,0.27528536
31.200000941753387,114.8236,0.538225,0.27528536
31.20999926328659,114.84761,0.53842705,0.27406457
31.219999492168427,114.8636,0.5386966,0.27406457
31.229999721050262,114.93961,0.538966,0.2728438
31.2399999499321,115.011604,0.53923553,0.2728438
31.250000178813934,115.007614,0.5394376,0.2728438
31.26000040769577,115.107605,0.5397071,0.27162302
31.270000636577606,115.16361,0.5399766,0.27040225
31.280000865459442,115.19961,0.5401787,0.27162302
31.289999186992645,115.2236,0.5403135,0.27040225
31.29999941587448,115.25561,0.54051554,0.27040225
31.309999644756317,115.27161,0.5406503,0.27040225
31.319999873638153,115.32361,0.5407851,0.27162302
31.33000010251999,115.343605,0.5409198,0.27162302
31.340000331401825,115.355606,0.5410545,0.27162302
31.35000056028366,115.3676,0.54118925,0.27162302
31.360000789165497,115.399605,0.54139143,0.27162302
31.3699991106987,115.4476,0.5415261,0.27162302
31.379999339580536,115.44361,0.54166085,0.27162302
31.389999568462372,115.439606,0.54172826,0.2728438
31.399999797344208,115.47161,0.54186296,0.2728438
31.410000026226044,115.523605,0.5419304,0.27406457
31.42000025510788,115.47961,0.5419304,0.27406457
31.430000483989716,115.45961,0.5419977,0.27528536
31.44000071287155,115.46361,0.5419977,0.27650613
31.450000941753387,115.43161,0.5419977,0.27772692
31.45999926328659,115.39561,0.5419977,0.27894768
31.469999492168427,115.39161,0.5419977,0.28016847
31.479999721050262,115.42361,0.5420651,0.28016847
31.4899999499321,115.427605,0.5420651,0.28261003
31.500000178813934,115.37961,0.5420651,0.28261003
31.51000040769577,115.371605,0.5420651,0.2838308
31.520000636577606,115.299614,0.5420651,0.28505158
31.530000865459442,115.28361,0.5420651,0.28627235
31.539999186992645,115.327614,0.5420651,0.28749314
31.54999941587448,115.35161,0.5420651,0.2887139
31.56000155210495,115.28361,0.5420651,0.2899347
31.569999873638153,115.275604,0.5420651,0.29115546
31.579998195171356,115.27161,0.54213244,0.29237625
31.590000331401825,115.23161,0.54213244,0.29237625
31.599998652935028,115.22761,0.54213244,0.293597
31.610000789165497,115.21961,0.54213244,0.2948178
31.6199991106987,115.23961,0.54213244,0.29603857
31.63000124692917,115.21161,0.54213244,0.29725936
31.639999568462372,115.1836,0.54213244,0.29848012
31.65000170469284,115.17961,0.54213244,0.29970092
31.660000026226044,115.17161,0.54219985,0.30092168
31.669998347759247,115.13961,0.54219985,0.30214247
31.680000483989716,115.14361,0.5422672,0.30214247
31.68999880552292,115.15961,0.54233456,0.30336323
31.700000941753387,115.17961,0.5425367,0.30336323
31.70999926328659,115.2236,0.542604,0.30336323
31.72000139951706,115.26761,0.5427388,0.30336323
31.729999721050262,115.21961,0.54280615,0.30458403
31.74000185728073,115.23161,0.5429409,0.30458403
31.750000178813934,115.31161,0.543143,0.30458403
31.759998500347137,115.331604,0.54334515,0.30458403
31.770000636577606,115.36361,0.5434799,0.30458403
31.77999895811081,115.383606,0.54361457,0.30458403
31.790001094341278,115.4076,0.543682,0.3058048
31.79999941587448,115.40361,0.54374933,0.3058048
31.81000155210495,115.383606,0.54381675,0.30702558
31.819999873638153,115.41561,0.5439515,0.30702558
31.829998195171356,115.44361,0.54401886,0.30702558
31.840000331401825,115.47961,0.5441536,0.30702558
31.849998652935028,115.51961,0.54428834,0.30824634
31.860000789165497,115.5436,0.5445578,0.30702558
31.8699991106987,115.595604,0.54489464,0.30702558
31.88000124692917,115.68361,0.5453662,0.30336323
31.889999568462372,115.83161,0.5459726,0.30092168
31.90000170469284,116.0316,0.5466463,0.29725936
31.910000026226044,116.175606,0.54725266,0.2948178
31.919998347759247,116.3236,0.5479263,0.29115546
31.930000483989716,116.51961,0.54866743,0.28749314
31.93999880552292,116.7116,0.54934114,0.2838308
31.950000941753387,116.8156,0.54967797,0.28261003
31.95999926328659,116.8636,0.54981273,0.28261003
31.97000139951706,116.8756,0.54988015,0.28261003
31.979999721050262,116.859604,0.54994744,0.2838308
31.99000185728073,116.8436,0.54994744,0.28505158
32.000000178813934,116.8636,0.54994744,0.28627235
32.00999850034714,116.8756,0.5500148,0.28627235
32.020000636577606,116.8356,0.5500822,0.28749314
32.02999895811081,116.8076,0.5500822,0.2887139
32.04000109434128,116.831604,0.5500822,0.2899347
32.04999941587448,116.78361,0.5500822,0.29115546
32.06000155210495,116.7916,0.55014956,0.29237625
32.06999987363815,116.8076,0.55014956,0.29237625
32.079998195171356,116.7876,0.55014956,0.293597
32.090000331401825,116.7556,0.55014956,0.2948178
32.09999865293503,116.7236,0.55014956,0.29603857
32.1100007891655,116.731606,0.550217,0.29725936
32.1199991106987,116.707596,0.550217,0.29848012
32.13000124692917,116.703606,0.5502843,0.29848012
32.13999956846237,116.7276,0.5502843,0.29970092
32.15000170469284,116.7476,0.5503517,0.30092168
32.160000026226044,116.71561,0.5503517,0.30214247
32.16999834775925,116.6716,0.5503517,0.30336323
32.180000483989716,116.6876,0.5503517,0.30336323
32.18999880552292,116.6956,0.5504191,0.30458403
32.20000094175339,116.6516,0.5504191,0.3058048
32.20999926328659,116.647606,0.5504191,0.30702558
32.22000139951706,116.6516,0.5504864,0.30702558
32.22999972105026,116.663605,0.5505538,0.30824634
32.24000185728073,116.6556,0.5505538,0.30946714
32.250000178813934,116.6796,0.55062115,0.3106879
32.25999850034714,116.6516,0.5507559,0.3106879
32.270000636577606,116.66761,0.5508233,0.3119087
32.27999895811081,116.691605,0.55095804,0.3119087
32.29000109434128,116.7676,0.55116016,0.3119087
32.29999941587448,116.81161,0.55149704,0.30946714
32.31000155210495,116.8956,0.5519012,0.30946714
32.31999987363815,117.0076,0.5523728,0.3058048
32.329998195171356,117.091606,0.5529792,0.30336323
32.340000331401825,117.2356,0.5535181,0.30092168
32.34999865293503,117.3996,0.55419177,0.29725936
32.3600007891655,117.6156,0.5547981,0.293597
32.3699991106987,117.7436,0.5552697,0.29237625
32.38000124692917,117.7756,0.555674,0.2899347
32.38999956846237,117.8836,0.5558761,0.2899347
32.40000170469284,117.903595,0.5560782,0.2899347
32.410000026226044,117.9356,0.5561456,0.2899347
32.41999834775925,117.931595,0.5561456,0.29237625
32.430000483989716,117.9356,0.55621296,0.29237625
32.43999880552292,117.927605,0.55621296,0.293597
32.45000094175339,117.943596,0.5562803,0.293597
32.45999926328659,117.943596,0.55634767,0.2948178
32.47000139951706,117.927605,0.556415,0.29603857
32.47999972105026,117.9076,0.55648243,0.29603857
32.49000185728073,117.91959,0.55648243,0.29725936
32.500000178813934,117.899605,0.55648243,0.29848012
32.50999850034714,117.875595,0.5565498,0.29970092
32.520000636577606,117.8796,0.5565498,0.29970092
32.52999895811081,117.927605,0.5566172,0.30092168
32.54000109434128,117.891594,0.5566172,0.30214247
32.54999941587448,117.8716,0.5566172,0.30336323
32.56000155210495,117.8436,0.5566172,0.30458403
32.56999987363815,117.8396,0.55668455,0.3058048
32.579998195171356,117.8036,0.55668455,0.3058048
32.590000331401825,117.8116,0.5567519,0.30702558
32.59999865293503,117.8796,0.5568866,0.30702558
32.6100007891655,117.8956,0.5570888,0.30702558
32.6199991106987,117.8956,0.5572909,0.30702558
32.63000124692917,117.9756,0.5576951,0.3058048
32.63999956846237,118.0996,0.5581667,0.30336323
32.65000170469284,118.21159,0.5587057,0.30092168
32.660000026226044,118.3756,0.559312,0.29725936
32.66999834775925,118.5516,0.55991834,0.2948178
32.680000483989716,118.6756,0.56052464,0.29115546
32.68999880552292,118.8036,0.5609963,0.2899347
32.70000094175339,118.903595,0.56126577,0.2887139
32.70999926328659,118.9356,0.5613331,0.2887139
32.72000139951706,118.9076,0.5613331,0.2899347
32.72999972105026,118.87159,0.5613331,0.29115546
32.74000185728073,118.87159,0.5613331,0.29237625
32.750000178813934,118.8956,0.5613331,0.293597
32.75999850034714,118.87159,0.5613331,0.2948178
32.770000636577606,118.85159,0.5613331,0.29603857
32.77999895811081,118.8276,0.5613331,0.29725936
32.79000109434128,118.79159,0.5613331,0.29848012
32.79999941587448,118.7436,0.5614005,0.29970092
32.81000155210495,118.7716,0.5614005,0.29970092
32.81999987363815,118.8116,0.5614005,0.30214247
32.829998195171356,118.779594,0.5614005,0.30214247
32.840000331401825,118.7756,0.5614005,0.30336323
32.84999865293503,118.72759,0.5614005,0.30458403
32.8600007891655,118.7036,0.5614005,0.3058048
32.8699991106987,118.7036,0.5614679,0.30702558
32.88000124692917,118.7036,0.56153524,0.30702558
32.88999956846237,118.72759,0.5616026,0.30824634
32.90000170469284,118.7236,0.56166995,0.30946714
32.910000026226044,118.71159,0.56173736,0.30946714
32.91999834775925,118.7316,0.5618047,0.30946714
32.930000483989716,118.69959,0.5618047,0.3119087
32.93999880552292,118.707596,0.56187207,0.3119087
32.95000094175339,118.75559,0.5619395,0.31312945
32.95999926328659,118.7596,0.56207424,0.31312945
32.97000139951706,118.75559,0.56214154,0.31312945
32.97999972105026,118.7436,0.56220895,0.31435025
32.99000185728073,118.7756,0.5622763,0.315571
33.000000178813934,118.7756,0.56234366,0.315571
33.00999850034714,118.779594,0.56241107,0.3167918
33.020000636577606,118.7596,0.56241107,0.31801257
33.02999895811081,118.779594,0.5624784,0.31801257
33.04000109434128,118.7636,0.5624784,0.31923336
33.04999941587448,118.75559,0.56254584,0.32045412
33.06000155210495,118.79559,0.5626132,0.32045412
33.06999987363815,118.8276,0.5627479,0.3216749
33.079998195171356,118.8036,0.5630174,0.32045412
33.090000331401825,118.875595,0.56328684,0.31923336
33.09999865293503,118.943596,0.5636237,0.31801257
33.1100007891655,119.01959,0.56396055,0.31801257
33.1199991106987,119.0956,0.56429744,0.315571
33.13000124692917,119.21959,0.5647017,0.31435025
33.13999956846237,119.35559,0.5652406,0.3119087
33.15000170469284,119.4796,0.56591433,0.30824634
33.160000026226044,119.65959,0.5667228,0.30458403
33.16999834775925,119.91159,0.5675986,0.29970092
33.180000483989716,120.099594,0.5682723,0.29603857
33.18999880552292,120.20359,0.5686092,0.293597
33.20000094175339,120.26359,0.56867653,0.2948178
33.20999926328659,120.27959,0.5687439,0.29603857
33.22000139951706,120.25559,0.5688113,0.29603857
33.22999972105026,120.24359,0.56887865,0.29725936
33.24000185728073,120.27959,0.56894606,0.29725936
33.250000178813934,120.24359,0.56901336,0.29848012
33.25999850034714,120.25559,0.5691481,0.29848012
33.270000636577606,120.28759,0.5692829,0.29848012
33.27999895811081,120.33959,0.569485,0.29848012
33.29000109434128,120.37159,0.56982183,0.29725936
33.29999941587448,120.44759,0.57015866,0.29603857
33.31000155210495,120.6076,0.570765,0.293597
33.31999987363815,120.74759,0.57164085,0.2887139
33.329998195171356,120.99959,0.5728535,0.28138924
33.340000331401825,121.39158,0.57426834,0.2728438
33.34999865293503,121.73559,0.5753463,0.2667399
33.3600007891655,121.90759,0.57588524,0.2630776
33.3699991106987,121.98759,0.57622206,0.2618568
33.38000124692917,122.03959,0.57649153,0.2618568
33.38999956846237,122.07158,0.57669365,0.2618568
33.40000170469284,122.06358,0.5768958,0.26063603
33.410000026226044,122.13558,0.5770979,0.26063603
33.41999834775925,122.211586,0.5773,0.26063603
33.430000483989716,122.22359,0.5775021,0.26063603
33.43999880552292,122.25159,0.5777716,0.25941524
33.45000094175339,122.31959,0.57810843,0.25819448
33.45999926328659,122.39958,0.57858,0.25697368
33.47000139951706,122.51559,0.57925373,0.25331137
33.47999972105026,122.71558,0.57999486,0.24842826
33.49000185728073,122.86758,0.5805338,0.2459867
33.500000178813934,122.89958,0.5806685,0.24720748
33.50999850034714,122.91958,0.5806685,0.24720748
33.520000636577606,122.93158,0.5806685,0.24842826
33.52999895811081,122.88758,0.5806685,0.24964903
33.54000109434128,122.83958,0.5806685,0.2508698
33.54999941587448,122.83559,0.5806685,0.25209057
33.56000155210495,122.83158,0.5806685,0.25331137
33.56999987363815,122.81158,0.5806685,0.25453213
33.579998195171356,122.77558,0.5806685,0.25575292
33.590000331401825,122.81958,0.5806685,0.25697368
33.59999865293503,122.77558,0.5806685,0.25819448
33.6100007891655,122.72358,0.5806685,0.25941524
33.6199991106987,122.68358,0.5806685,0.26063603
33.63000124692917,122.687584,0.5806685,0.2618568
33.63999956846237,122.699585,0.5806685,0.2630776
33.65000170469284,122.70358,0.58073586,0.2630776
33.660000026226044,122.66758,0.58073586,0.26429835
33.66999834775925,122.631584,0.58073586,0.26551914
33.680000483989716,122.575584,0.58073586,0.2667399
33.68999880552292,122.59559,0.58073586,0.2679607
33.70000094175339,122.60758,0.58073586,0.26918146
33.70999926328659,122.575584,0.58073586,0.27040225
33.72000139951706,122.55958,0.5808033,0.27040225
33.72999972105026,122.59158,0.5808033,0.2728438
33.74000185728073,122.53558,0.5808033,0.2728438
33.750000178813934,122.49958,0.5808033,0.27406457
33.75999850034714,122.48358,0.5808033,0.27528536
33.770000636577606,122.51158,0.5808033,0.27650613
33.77999895811081,122.49958,0.5808033,0.27772692
33.79000109434128,122.463585,0.5808033,0.27894768
33.79999941587448,122.439575,0.5808033,0.28016847
33.81000155210495,122.43158,0.5808033,0.28138924
33.81999987363815,122.419586,0.5808706,0.28261003
33.829998195171356,122.41159,0.5808706,0.2838308
33.840000331401825,122.38358,0.5808706,0.2838308
33.84999865293503,122.37159,0.5808706,0.28627235
33.8600007891655,122.38358,0.5808706,0.28627235
33.8699991106987,122.379585,0.5808706,0.28749314
33.88000124692917,122.379585,0.5808706,0.2887139
33.88999956846237,122.33558,0.5808706,0.2899347
33.90000170469284,122.33558,0.5808706,0.29115546
33.910000026226044,122.32358,0.5808706,0.29237625
33.91999834775925,122.26758,0.5808706,0.293597
33.930000483989716,122.25958,0.58093804,0.293597
33.93999880552292,122.29558,0.58093804,0.29603857
33.95000094175339,122.29558,0.58093804,0.29603857
33.95999926328659,122.25958,0.58093804,0.29725936
33.97000139951706,122.23559,0.58093804,0.29848012
33.97999972105026,122.25159,0.58093804,0.29970092
33.99000185728073,122.24358,0.5810054,0.30092168
34.000000178813934,122.19559,0.5810054,0.30214247
34.00999850034714,122.183586,0.5810054,0.30336323
34.020000636577606,122.20758,0.58107275,0.30336323
34.02999895811081,122.19559,0.58114016,0.30458403
34.04000109434128,122.21958,0.58120745,0.3058048
34.04999941587448,122.21558,0.58120745,0.3058048
34.06000155210495,122.22359,0.58127487,0.30702558
34.06999987363815,122.211586,0.5813422,0.30702558
34.079998195171356,122.20758,0.5814096,0.30824634
34.090000331401825,122.21958,0.581477,0.30946714
34.09999865293503,122.211586,0.58161175,0.30946714
34.1100007891655,122.27559,0.58174646,0.30946714
34.1199991106987,122.32758,0.5819486,0.30946714
34.13000124692917,122.34359,0.58221805,0.30824634
34.13999956846237,122.39158,0.58268964,0.3058048
34.15000170469284,122.57958,0.5834307,0.30214247
34.160000026226044,122.84759,0.58444124,0.29603857
34.16999834775925,123.20759,0.5857887,0.2887139
34.180000483989716,123.56358,0.5872035,0.28016847
34.18999880552292,123.85158,0.58807933,0.27528536
34.20000094175339,123.97158,0.5883488,0.27406457
34.20999926328659,123.955574,0.58841616,0.27528536
34.22000139951706,123.979576,0.5884836,0.27528536
34.22999972105026,123.967575,0.5884836,0.27650613
34.24000185728073,123.983574,0.5884836,0.27772692
34.250000178813934,123.95958,0.5885509,0.27772692
34.25999850034714,123.97558,0.5886183,0.27894768
34.270000636577606,123.93558,0.5886183,0.28016847
34.27999895811081,123.87558,0.58868563,0.28138924
34.29000109434128,123.89158,0.58868563,0.28261003
34.29999941587448,123.94358,0.588753,0.28261003
34.31000155210495,123.90758,0.5888204,0.2838308
34.31999987363815,123.923584,0.58888775,0.2838308
34.329998195171356,123.91958,0.58888775,0.28505158
34.340000331401825,123.89158,0.58895516,0.28627235
34.34999865293503,123.87958,0.58895516,0.28749314
34.3600007891655,123.899574,0.5890225,0.28749314
34.3699991106987,123.91158,0.5891572,0.28749314
34.38000124692917,123.923584,0.58935934,0.28749314
34.38999956846237,123.967575,0.5896289,0.28749314
34.40000170469284,124.05958,0.5898983,0.28627235
34.410000026226044,124.15157,0.5902352,0.28505158
34.41999834775925,124.20757,0.5907068,0.2838308
34.430000483989716,124.299576,0.5912458,0.28016847
34.43999880552292,124.479576,0.5919194,0.27772692
34.45000094175339,124.61158,0.59245837,0.27406457
34.45999926328659,124.72758,0.5927953,0.2728438
34.47000139951706,124.78757,0.5928626,0.27406457
34.47999972105026,124.78757,0.5928626,0.27528536
34.49000185728073,124.75558,0.5928626,0.27650613
34.500000178813934,124.715576,0.5928626,0.27772692
34.50999850034714,124.73557,0.5928626,0.27894768
34.520000636577606,124.68758,0.5928626,0.28016847
34.52999895811081,124.675575,0.5928626,0.28138924
34.54000109434128,124.675575,0.5928626,0.28261003
34.54999941587448,124.67157,0.5928626,0.2838308
34.56000155210495,124.647575,0.5928626,0.2838308
34.56999987363815,124.647575,0.5928626,0.28627235
34.579998195171356,124.61158,0.5928626,0.28627235
34.590000331401825,124.58758,0.5928626,0.28749314
34.59999865293503,124.563576,0.5928626,0.2887139
34.6100007891655,124.57158,0.5928626,0.2899347
34.6199991106987,124.579575,0.5928626,0.29115546
34.63000124692917,124.51558,0.5928626,0.29237625
34.63999956846237,124.51958,0.5928626,0.293597
34.65000170469284,124.55557,0.5928626,0.2948178
34.660000026226044,124.50758,0.5928626,0.29603857
34.66999834775925,124.46758,0.5928626,0.29725936
34.680000483989716,124.45158,0.5928626,0.29848012
34.68999880552292,124.45957,0.5928626,0.29970092
34.70000094175339,124.45158,0.5928626,0.30092168
34.70999926328659,124.439575,0.5928626,0.30214247
34.72000139951706,124.42358,0.5928626,0.30336323
34.72999972105026,124.39958,0.59292996,0.30336323
34.74000185728073,124.37558,0.59292996,0.30458403
34.750000178813934,124.35157,0.59292996,0.3058048
34.75999850034714,124.383575,0.59292996,0.30702558
34.770000636577606,124.37558,0.59292996,0.30824634
34.77999895811081,124.355576,0.59292996,0.30946714
34.79000109434128,124.383575,0.5929974,0.30946714
34.79999941587448,124.327576,0.5929974,0.3119087
34.81000155210495,124.287575,0.5930647,0.3119087
34.81999987363815,124.30758,0.5930647,0.31312945
34.829998195171356,124.33558,0.59313214,0.31312945
34.840000331401825,124.343575,0.5931995,0.31435025
34.84999865293503,124.343575,0.59326684,0.315571
34.8600007891655,124.38758,0.59340155,0.315571
34.8699991106987,124.35157,0.59340155,0.3167918
34.88000124692917,124.33558,0.59340155,0.31801257
34.88999956846237,124.30357,0.59340155,0.31923336
34.90000170469284,124.327576,0.59340155,0.31923336
34.910000026226044,124.327576,0.59340155,0.3216749
34.91999834775925,124.27958,0.59340155,0.3216749
34.930000483989716,124.299576,0.59340155,0.32289568
34.93999880552292,124.31158,0.59346896,0.32411647
34.95000094175339,124.30758,0.5935363,0.32533723
34.95999926328659,124.28357,0.59360373,0.32533723
34.97000139951706,124.287575,0.5936711,0.32655802
34.97999972105026,124.287575,0.59380585,0.32655802
34.99000185728073,124.32357,0.59394056,0.32655802
35.000000178813934,124.38758,0.5940753,0.32655802
35.00999850034714,124.46358,0.5944122,0.32533723
35.020000636577606,124.51157,0.5948838,0.32411647
35.02999895811081,124.66758,0.5954901,0.32045412
35.04000109434128,124.84757,0.5962985,0.315571
35.04999941587448,125.09557,0.59737647,0.30946714
35.06000155210495,125.41557,0.5985892,0.30214247
35.06999987363815,125.75558,0.5998018,0.29603857
35.079998195171356,125.97557,0.60047555,0.29237625
35.090000331401825,126.02357,0.60067767,0.29115546
35.09999865293503,126.05157,0.600745,0.29237625
35.1100007891655,126.07957,0.600745,0.293597
35.1199991106987,126.07957,0.6008124,0.293597
35.13000124692917,126.02757,0.6008124,0.2948178
35.13999956846237,126.03557,0.6008797,0.29603857
35.15000170469284,126.02357,0.6008797,0.29725936
35.160000026226044,125.98757,0.6009471,0.29725936
35.16999834775925,125.98757,0.60108185,0.29725936
35.180000483989716,126.05157,0.6012166,0.29848012
35.18999880552292,126.07557,0.6013513,0.29848012
35.20000094175339,126.06757,0.60155344,0.29725936
35.20999926328659,126.09557,0.6017556,0.29725936
35.22000139951706,126.17157,0.60202503,0.29725936
35.22999972105026,126.259575,0.6024293,0.29603857
35.24000185728073,126.34357,0.60276616,0.293597
35.250000178813934,126.44357,0.60317034,0.293597
35.25999850034714,126.523575,0.6035746,0.29115546
35.270000636577606,126.61157,0.6041135,0.2887139
35.27999895811081,126.78357,0.60478723,0.28505158
35.29000109434128,126.943565,0.60532624,0.28261003
35.29999941587448,127.06757,0.6057304,0.28016847
35.31000155210495,127.14757,0.60599995,0.28016847
35.31999987363815,127.15957,0.6060673,0.28016847
35.329998195171356,127.139565,0.6060673,0.28261003
35.340000331401825,127.09956,0.6060673,0.28261003
35.34999865293503,127.111565,0.60613465,0.2838308
35.3600007891655,127.09956,0.60613465,0.28505158
35.3699991106987,127.09557,0.60613465,0.28627235
35.38000124692917,127.05956,0.60613465,0.28749314
35.38999956846237,127.07156,0.606202,0.28749314
35.40000170469284,127.06357,0.606202,0.2887139
35.410000026226044,127.03156,0.606202,0.2899347
35.41999834775925,127.00356,0.606202,0.29115546
35.430000483989716,126.99957,0.606202,0.29237625
35.43999880552292,126.99156,0.606202,0.293597
35.45000094175339,126.96356,0.606202,0.2948178
35.45999926328659,126.99156,0.6062694,0.29603857
35.47000139951706,126.97557,0.6062694,0.29603857
35.47999972105026,126.94757,0.6062694,0.29725936
35.49000185728073,126.903564,0.6062694,0.29848012
35.500000178813934,126.89557,0.6062694,0.29970092
35.50999850034714,126.887566,0.6062694,0.30092168
35.520000636577606,126.883575,0.6063368,0.30214247
35.52999895811081,126.93957,0.6064042,0.30214247
35.54000109434128,126.93157,0.6064042,0.30336323
35.54999941587448,126.87957,0.6064042,0.30458403
35.56000155210495,126.86757,0.6064042,0.3058048
35.56999987363815,126.86757,0.60647154,0.30702558
35.579998195171356,126.843575,0.6065389,0.30702558
35.590000331401825,126.85557,0.6065389,0.30824634
35.59999865293503,126.859566,0.6066063,0.30946714
35.6100007891655,126.875565,0.6066736,0.30946714
35.6199991106987,126.86757,0.60680836,0.30946714
35.63000124692917,126.86757,0.6070105,0.3106879
35.63999956846237,126.95557,0.60727996,0.30946714
35.65000170469284,127.05956,0.60775155,0.30702558
35.660000026226044,127.21157,0.6084927,0.30336323
35.66999834775925,127.43557,0.6095032,0.29725936
35.680000483989716,127.695564,0.61058116,0.29115546
35.68999880552292,127.97556,0.61165905,0.28505158
35.70000094175339,128.23557,0.6124675,0.28016847
35.70999926328659,128.41156,0.6130065,0.27772692
35.72000139951706,128.51556,0.61334336,0.27650613
35.72999972105026,128.55556,0.6136802,0.27650613
35.74000185728073,128.61957,0.61401707,0.27406457
35.750000178813934,128.74756,0.61448866,0.2728438
35.75999850034714,128.85156,0.6150276,0.26918146
35.770000636577606,128.95555,0.6155666,0.2667399
35.77999895811081,129.09557,0.6160382,0.26551914
35.79000109434128,129.15956,0.6163076,0.26429835
35.79999941587448,129.17557,0.61657715,0.2630776
35.81000155210495,129.23157,0.6167792,0.2630776
35.81999987363815,129.30756,0.616914,0.2630776
35.829998195171356,129.30356,0.6169814,0.26429835
35.840000331401825,129.29956,0.61704874,0.26429835
35.84999865293503,129.29156,0.6171161,0.26551914
35.8600007891655,129.28755,0.6172508,0.26551914
35.8699991106987,129.27956,0.6173182,0.2667399
35.88000124692917,129.30356,0.6173182,0.2679607
35.88999956846237,129.29556,0.6173182,0.2679607
35.90000170469284,129.26357,0.6173182,0.27040225
35.910000026226044,129.24356,0.6173182,0.27040225
35.91999834775925,129.25557,0.61738557,0.27162302
35.930000483989716,129.21556,0.61738557,0.2728438
35.93999880552292,129.18356,0.61738557,0.27406457
35.95000094175339,129.19556,0.61738557,0.27528536
35.95999926328659,129.18356,0.61738557,0.27650613
35.97000139951706,129.16756,0.617453,0.27650613
35.97999972105026,129.12756,0.617453,0.27772692
35.99000185728073,129.15556,0.617453,0.27894768
36.000000178813934,129.12357,0.617453,0.28016847
36.00999850034714,129.09155,0.617453,0.28138924
36.020000636577606,129.08356,0.617453,0.28261003
36.02999895811081,129.09557,0.61752033,0.2838308
36.04000109434128,129.04356,0.61752033,0.2838308
36.04999941587448,129.05957,0.61752033,0.28627235
36.06000155210495,129.10756,0.61752033,0.28627235
36.06999987363815,129.05957,0.61752033,0.28749314
36.079998195171356,128.99556,0.61752033,0.2887139
36.090000331401825,128.98355,0.6175877,0.2899347
36.09999865293503,128.99956,0.6176551,0.2899347
36.1100007891655,129.01556,0.61772245,0.29115546
36.1199991106987,129.01956,0.6177898,0.29237625
36.13000124692917,129.05156,0.61785716,0.29237625
36.13999956846237,129.05556,0.6179919,0.293597
36.15000170469284,129.03555,0.6180593,0.293597
36.160000026226044,129.01956,0.61819404,0.293597
36.16999834775925,129.06355,0.61826146,0.293597
36.180000483989716,129.07556,0.61832875,0.2948178
36.18999880552292,129.09955,0.6183961,0.29603857
36.20000094175339,129.11555,0.6184635,0.29603857
36.20999926328659,129.07956,0.61853087,0.29725936
36.22000139951706,129.06757,0.6185983,0.29725936
36.22999972105026,129.08755,0.6185983,0.29848012
36.24000185728073,129.07956,0.61866564,0.29970092
36.250000178813934,129.08755,0.61873305,0.30092168
36.25999850034714,129.06757,0.61873305,0.30214247
36.270000636577606,129.08755,0.6188004,0.30214247
36.27999895811081,129.10756,0.6188004,0.30336323
36.29000109434128,129.05556,0.6188004,0.30458403
36.29999941587448,129.05156,0.6188677,0.3058048
36.31000155210495,129.06757,0.6189351,0.3058048
36.31999987363815,129.06355,0.61900246,0.30702558
36.329998195171356,129.05957,0.6191372,0.30702558
36.340000331401825,129.11156,0.619272,0.30702558
36.34999865293503,129.13556,0.61947405,0.30702558
36.3600007891655,129.22755,0.61981094,0.3058048
36.3699991106987,129.30756,0.62034994,0.30336323
36.38000124692917,129.47156,0.62109095,0.29848012
36.38999956846237,129.65556,0.62196684,0.2948178
36.40000170469284,129.87155,0.62270784,0.2899347
36.410000026226044,130.09555,0.6233816,0.28627235
36.41999834775925,130.24356,0.62392056,0.2838308
36.430000483989716,130.27956,0.6241227,0.2838308
36.43999880552292,130.31555,0.62419003,0.2838308
36.45000094175339,130.30756,0.6242574,0.28505158
36.45999926328659,130.33156,0.62432474,0.28627235
36.47000139951706,130.31155,0.62432474,0.28749314
36.47999972105026,130.30756,0.62439215,0.28749314
36.49000185728073,130.29555,0.62439215,0.2887139
36.500000178813934,130.26755,0.6244595,0.2899347
36.50999850034714,130.27556,0.6244595,0.29115546
36.520000636577606,130.28755,0.6244595,0.29237625
36.52999895811081,130.25555,0.6245269,0.29237625
36.54000109434128,130.22356,0.6245269,0.293597
36.54999941587448,130.21156,0.6245269,0.2948178
36.56000155210495,130.21156,0.6245943,0.29603857
36.56999987363815,130.19955,0.6245943,0.29603857
36.579998195171356,130.20355,0.6246616,0.29725936
36.590000331401825,130.23956,0.6246616,0.29848012
36.59999865293503,130.19156,0.6246616,0.29970092
36.6100007891655,130.15556,0.6246616,0.30092168
36.6199991106987,130.13956,0.624729,0.30214247
36.63000124692917,130.13556,0.624729,0.30214247
36.63999956846237,130.15556,0.624729,0.30336323
36.65000170469284,130.15155,0.62479633,0.30458403
36.660000026226044,130.18755,0.62486374,0.3058048
36.66999834775925,130.16356,0.6249311,0.3058048
36.680000483989716,130.13956,0.62506586,0.3058048
36.68999880552292,130.16756,0.62520057,0.3058048
36.70000094175339,130.19156,0.6252679,0.30702558
36.70999926328659,130.21156,0.6252679,0.30824634
36.72000139951706,130.21956,0.62533534,0.30946714
36.72999972105026,130.22356,0.6254027,0.30946714
36.74000185728073,130.20355,0.6254701,0.30946714
36.750000178813934,130.19556,0.6256048,0.3106879
36.75999850034714,130.22356,0.6257395,0.3106879
36.770000636577606,130.26755,0.6258743,0.3106879
36.77999895811081,130.28755,0.6260764,0.3106879
36.79000109434128,130.31956,0.6263459,0.30946714
36.79999941587448,130.43954,0.62681746,0.30702558
36.81000155210495,130.61156,0.6274238,0.30458403
36.81999987363815,130.71956,0.6281649,0.30092168
36.829998195171356,130.88356,0.62883866,0.29725936
36.840000331401825,131.09155,0.6294449,0.293597
36.84999865293503,131.18755,0.6298492,0.29237625
36.8600007891655,131.24756,0.63005126,0.29237625
36.8699991106987,131.29956,0.63011867,0.293597
36.88000124692917,131.28755,0.63011867,0.293597
36.88999956846237,131.26755,0.630186,0.2948178
36.90000170469284,131.24356,0.630186,0.29603857
36.910000026226044,131.22755,0.6302534,0.29725936
36.91999834775925,131.21555,0.6302534,0.29725936
36.930000483989716,131.22755,0.6302534,0.29848012
36.93999880552292,131.26755,0.63038814,0.29970092
36.95000094175339,131.28755,0.63052285,0.29970092
36.95999926328659,131.24756,0.63052285,0.30092168
36.97000139951706,131.25156,0.63059026,0.30092168
36.97999972105026,131.23155,0.6306576,0.30214247
36.99000185728073,131.21555,0.6306576,0.30336323
37.000000178813934,131.22755,0.6306576,0.30458403
37.00999850034714,131.24356,0.6306576,0.3058048
37.020000636577606,131.23955,0.6306576,0.30702558
37.02999895811081,131.16756,0.63072497,0.30702558
37.04000109434128,131.19156,0.63085973,0.30702558
37.04999941587448,131.22356,0.63092715,0.30824634
37.06000155210495,131.23555,0.6309945,0.30946714
37.06999987363815,131.23555,0.6309945,0.30946714
37.079998195171356,131.23555,0.6311292,0.3106879
37.090000331401825,131.25555,0.6313313,0.30946714
37.09999865293503,131.28355,0.6316008,0.30946714
37.1100007891655,131.35156,0.6318703,0.30946714
37.1199991106987,131.43954,0.63220716,0.30702558
37.13000124692917,131.51155,0.6326114,0.3058048
37.13999956846237,131.63956,0.63328505,0.30214247
37.15000170469284,131.85556,0.63416094,0.29725936
37.160000026226044,132.10756,0.6351715,0.29237625
37.16999834775925,132.36755,0.6362494,0.28627235
37.180000483989716,132.55554,0.6369905,0.28138924
37.18999880552292,132.72755,0.6371926,0.28138924
37.20000094175339,132.70355,0.6371926,0.28261003
37.20999926328659,132.68355,0.63725996,0.28261003
37.22000139951706,132.69554,0.63725996,0.2838308
37.22999972105026,132.70355,0.63725996,0.28505158
37.24000185728073,132.66756,0.6373274,0.28627235
37.250000178813934,132.63155,0.6373274,0.28749314
37.25999850034714,132.62755,0.6373274,0.28749314
37.270000636577606,132.59555,0.6373274,0.2899347
37.27999895811081,132.55956,0.6373274,0.2899347
37.29000109434128,132.61554,0.63739467,0.29115546
37.29999941587448,132.59555,0.63739467,0.29237625
37.31000155210495,132.57954,0.6374621,0.293597
37.31999987363815,132.55956,0.6374621,0.293597
37.329998195171356,132.55154,0.63752943,0.2948178
37.340000331401825,132.57155,0.6375968,0.29603857
37.34999865293503,132.54755,0.6376642,0.29603857
37.3600007891655,132.57954,0.63773155,0.29725936
37.3699991106987,132.55154,0.63779896,0.29725936
37.38000124692917,132.54355,0.63779896,0.29848012
37.38999956846237,132.57155,0.638001,0.29848012
37.40000170469284,132.62355,0.63820314,0.29848012
37.410000026226044,132.69154,0.63853997,0.29725936
37.41999834775925,132.78755,0.639079,0.2948178
37.430000483989716,132.96355,0.63988745,0.2899347
37.43999880552292,133.20755,0.64103276,0.2838308
37.45000094175339,133.49155,0.6423801,0.27528536
37.45999926328659,133.88754,0.6437949,0.2667399
37.47000139951706,134.18755,0.6446708,0.2618568
37.47999972105026,134.34755,0.6451423,0.25941524
37.49000185728073,134.37154,0.64554656,0.25819448
37.500000178813934,134.48355,0.6458161,0.25697368
37.50999850034714,134.54755,0.6460855,0.25697368
37.520000636577606,134.58754,0.64635503,0.25575292
37.52999895811081,134.65953,0.6466245,0.25453213
37.54000109434128,134.69154,0.6468266,0.25453213
37.54999941587448,134.73154,0.64723086,0.25331137
37.56000155210495,134.79553,0.64763504,0.2508698
37.56999987363815,134.91954,0.648174,0.24842826
37.579998195171356,135.07954,0.648713,0.2459867
37.590000331401825,135.16353,0.6491172,0.24476592
37.59999865293503,135.18755,0.6491172,0.2459867
37.6100007891655,135.19554,0.6491846,0.24720748
37.6199991106987,135.15955,0.64925194,0.24720748
37.63000124692917,135.12354,0.64925194,0.24842826
37.63999956846237,135.13954,0.64925194,0.24964903
37.65000170469284,135.13954,0.64925194,0.2508698
37.660000026226044,135.11154,0.64925194,0.25209057
37.66999834775925,135.11154,0.64925194,0.25331137
37.680000483989716,135.08354,0.64931935,0.25453213
37.68999880552292,135.05154,0.64931935,0.25453213
37.70000094175339,135.00354,0.64931935,0.25575292
37.70999926328659,135.01953,0.64931935,0.25697368
37.72000139951706,135.01555,0.64931935,0.25819448
37.72999972105026,134.97554,0.64931935,0.25941524
37.74000185728073,134.95154,0.64931935,0.26063603
37.750000178813934,134.95955,0.64931935,0.2618568
37.75999850034714,134.96355,0.64931935,0.2630776
37.770000636577606,134.89554,0.64931935,0.26429835
37.77999895811081,134.86354,0.64931935,0.26551914
37.79000109434128,134.87553,0.64931935,0.2667399
37.79999941587448,134.84355,0.64931935,0.2679607
37.81000155210495,134.85555,0.64931935,0.2679607
37.81999987363815,134.85954,0.64931935,0.27040225
37.829998195171356,134.83154,0.64931935,0.27040225
37.840000331401825,134.75554,0.64931935,0.2728438
37.84999865293503,134.74355,0.64931935,0.2728438
37.8600007891655,134.76753,0.64931935,0.27406457
37.8699991106987,134.75554,0.64931935,0.27528536
37.88000124692917,134.74754,0.64931935,0.27650613
37.88999956846237,134.76753,0.6493867,0.27772692
37.90000170469284,134.69154,0.6493867,0.27772692
37.910000026226044,134.63554,0.6493867,0.28016847
37.91999834775925,134.65953,0.6493867,0.28016847
37.930000483989716,134.66754,0.6493867,0.28261003
37.93999880552292,134.67154,0.6493867,0.28261003
37.95000094175339,134.64754,0.6493867,0.2838308
37.95999926328659,134.62354,0.6493867,0.28505158
37.97000139951706,134.60355,0.6493867,0.28627235
37.97999972105026,134.55554,0.6493867,0.28749314
37.99000185728073,134.57954,0.6493867,0.2887139
38.000000178813934,134.56754,0.6493867,0.2899347
38.00999850034714,134.55154,0.64945406,0.29115546
38.020000636577606,134.55154,0.64945406,0.29237625
38.02999895811081,134.54353,0.64945406,0.293597
38.04000109434128,134.51155,0.64952147,0.293597
38.04999941587448,134.49554,0.64958876,0.2948178
38.06000155210495,134.51955,0.64958876,0.29603857
38.06999987363815,134.52754,0.6496562,0.29603857
38.079998195171356,134.53154,0.64972353,0.29725936
38.090000331401825,134.51553,0.6497909,0.29725936
38.09999865293503,134.55154,0.6498583,0.29848012
38.1100007891655,134.56754,0.64992565,0.29848012
38.1199991106987,134.55154,0.64992565,0.29970092
38.13000124692917,134.52754,0.64999306,0.30092168
38.13999956846237,134.53554,0.64999306,0.30214247
38.15000170469284,134.49554,0.6500604,0.30214247
38.160000026226044,134.50354,0.65012777,0.30336323
38.16999834775925,134.56754,0.6501951,0.30336323
38.180000483989716,134.54755,0.6502625,0.30458403
38.18999880552292,134.53954,0.6502625,0.3058048
38.20000094175339,134.51553,0.6503299,0.30702558
38.20999926328659,134.51955,0.65039724,0.30702558
38.22000139951706,134.55154,0.650532,0.30702558
38.22999972105026,134.59155,0.6506667,0.30702558
38.24000185728073,134.61554,0.65086883,0.30824634
38.250000178813934,134.67154,0.65107095,0.30702558
38.25999850034714,134.70755,0.6514752,0.3058048
38.270000636577606,134.85555,0.6522163,0.30214247
38.27999895811081,135.10355,0.6530921,0.29603857
38.29000109434128,135.33154,0.65417004,0.29115546
38.29999941587448,135.59955,0.65531534,0.2838308
38.31000155210495,135.87553,0.6562585,0.27772692
38.31999987363815,136.07153,0.65679747,0.27528536
38.329998195171356,136.14354,0.65693223,0.27650613
38.340000331401825,136.13954,0.65693223,0.27650613
38.34999865293503,136.15154,0.65693223,0.27772692
38.3600007891655,136.11554,0.65693223,0.27894768
38.3699991106987,136.06754,0.65693223,0.28016847
38.38000124692917,136.07153,0.65693223,0.28138924
38.38999956846237,136.06754,0.6569996,0.28261003
38.40000170469284,136.05154,0.6569996,0.2838308
38.410000026226044,136.02753,0.6569996,0.28505158
38.41999834775925,136.05154,0.6569996,0.28627235
38.430000483989716,135.97954,0.6569996,0.28749314
38.43999880552292,135.94754,0.6569996,0.28749314
38.45000094175339,135.92754,0.6569996,0.2887139
38.45999926328659,135.95154,0.6569996,0.2899347
38.47000139951706,135.96754,0.6569996,0.29115546
38.47999972105026,135.96353,0.6569996,0.29237625
38.49000185728073,135.93553,0.6569996,0.293597
38.500000178813934,135.86354,0.6569996,0.2948178
38.50999850034714,135.82355,0.6569996,0.29603857
38.520000636577606,135.87953,0.6569996,0.29725936
38.52999895811081,135.89954,0.6569996,0.29848012
38.54000109434128,135.83954,0.6569996,0.29970092
38.54999941587448,135.81953,0.6569996,0.30092168
38.56000155210495,135.84753,0.65706694,0.30214247
38.56999987363815,135.79953,0.65706694,0.30214247
38.579998195171356,135.76353,0.65706694,0.30336323
38.590000331401825,135.78354,0.6571343,0.30458403
38.59999865293503,135.77553,0.6571343,0.3058048
38.6100007891655,135.77553,0.6572017,0.3058048
38.6199991106987,135.77954,0.6573365,0.30702558
38.63000124692917,135.82355,0.6574038,0.30702558
38.63999956846237,135.81154,0.6574038,0.30824634
38.65000170469284,135.76753,0.6574712,0.30946714
38.660000026226044,135.78354,0.6576059,0.30946714
38.66999834775925,135.83554,0.65780807,0.30946714
38.680000483989716,135.88353,0.6580775,0.30824634
38.68999880552292,135.98753,0.65854913,0.30702558
38.70000094175339,136.07953,0.6590207,0.30336323
38.70999926328659,136.23553,0.6596271,0.30092168
38.72000139951706,136.39554,0.6604355,0.29725936
38.72999972105026,136.60353,0.6612439,0.29237625
38.74000185728073,136.76353,0.66178286,0.2899347
38.750000178813934,136.82753,0.6619176,0.2899347
38.75999850034714,136.82353,0.6619176,0.29115546
38.770000636577606,136.89554,0.66198504,0.29237625
38.77999895811081,136.83553,0.66198504,0.29237625
38.79000109434128,136.79153,0.66198504,0.293597
38.79999941587448,136.76753,0.66198504,0.2948178
38.81000155210495,136.77954,0.66198504,0.29603857
38.81999987363815,136.77954,0.66198504,0.29725936
38.829998195171356,136.75552,0.66198504,0.29848012
38.840000331401825,136.74353,0.66198504,0.29970092
38.84999865293503,136.72354,0.66198504,0.30092168
38.8600007891655,136.69954,0.6620524,0.30214247
38.8699991106987,136.68755,0.6620524,0.30214247
38.88000124692917,136.69153,0.6620524,0.30336323
38.88999956846237,136.69153,0.6620524,0.30458403
38.90000170469284,136.65953,0.66211975,0.3058048
38.910000026226044,136.66353,0.66211975,0.30702558
38.91999834775925,136.64754,0.66218716,0.30702558
38.930000483989716,136.63153,0.66218716,0.30824634
38.93999880552292,136.67154,0.6622545,0.30946714
38.95000094175339,136.65953,0.6622545,0.3106879
38.95999926328659,136.62753,0.6622545,0.3119087
38.97000139951706,136.61554,0.66232187,0.3119087
38.97999972105026,136.61954,0.66232187,0.31312945
38.99000185728073,136.63953,0.6623892,0.31435025
39.000000178813934,136.61954,0.6623892,0.315571
39.00999850034714,136.61554,0.66245663,0.315571
39.020000636577606,136.62354,0.662524,0.3167918
39.02999895811081,136.57553,0.662524,0.31801257
39.04000109434128,136.60353,0.66259134,0.31801257
39.04999941587448,136.60353,0.66265875,0.31923336
39.06000155210495,136.62753,0.6627935,0.31923336
39.06999987363815,136.63553,0.6628608,0.32045412
39.079998195171356,136.65553,0.66306293,0.31923336
39.090000331401825,136.69954,0.6632651,0.31923336
39.09999865293503,136.70753,0.66346717,0.31923336
39.1100007891655,136.76753,0.6637367,0.31923336
39.1199991106987,136.90353,0.66427565,0.3167918
39.13000124692917,137.04753,0.6650167,0.31312945
39.13999956846237,137.27153,0.66589254,0.30702558
39.15000170469284,137.50754,0.66703784,0.30092168
39.160000026226044,137.83954,0.6681831,0.293597
39.16999834775925,138.04753,0.669059,0.2899347
39.180000483989716,138.21153,0.6695306,0.28627235
39.18999880552292,138.28754,0.66973263,0.28627235
39.20000094175339,138.29953,0.66973263,0.28749314
39.20999926328659,138.29953,0.6698,0.2887139
39.22000139951706,138.31152,0.66993475,0.2887139
39.22999972105026,138.32353,0.6700695,0.2887139
39.24000185728073,138.34752,0.6702043,0.2887139
39.250000178813934,138.35153,0.67040634,0.2887139
39.25999850034714,138.36353,0.6705411,0.2887139
39.270000636577606,138.43153,0.6707432,0.2887139
39.27999895811081,138.47552,0.6710127,0.28749314
39.29000109434128,138.56352,0.67128223,0.28749314
39.29999941587448,138.63153,0.67161906,0.28627235
39.31000155210495,138.63553,0.6719559,0.28505158
39.31999987363815,138.65953,0.6723601,0.2838308
39.329998195171356,138.81152,0.67276436,0.28138924
39.340000331401825,138.98752,0.673438,0.27772692
39.34999865293503,139.14752,0.67417914,0.27406457
39.3600007891655,139.30353,0.6747855,0.27162302
39.3699991106987,139.41153,0.6751897,0.26918146
39.38000124692917,139.44753,0.6753918,0.26918146
39.38999956846237,139.43953,0.6754592,0.27040225
39.40000170469284,139.45552,0.6754592,0.27162302
39.410000026226044,139.48352,0.67552656,0.27162302
39.41999834775925,139.47952,0.67552656,0.2728438
39.430000483989716,139.44353,0.67552656,0.27406457
39.43999880552292,139.42752,0.6755939,0.27406457
39.45000094175339,139.37552,0.6755939,0.27650613
39.45999926328659,139.35153,0.6755939,0.27650613
39.47000139951706,139.35153,0.6755939,0.27772692
39.47999972105026,139.36353,0.67566127,0.27894768
39.49000185728073,139.35551,0.67566127,0.28016847
39.500000178813934,139.31952,0.67566127,0.28138924
39.50999850034714,139.34752,0.67566127,0.28261003
39.520000636577606,139.30353,0.6757286,0.28261003
39.52999895811081,139.28754,0.67579603,0.2838308
39.54000109434128,139.29953,0.67579603,0.28505158
39.54999941587448,139.30753,0.6758634,0.28627235
39.56000155210495,139.31152,0.67599815,0.28627235
39.56999987363815,139.31552,0.67613286,0.28627235
39.579998195171356,139.36353,0.676335,0.28627235
39.590000331401825,139.40753,0.67653716,0.28627235
39.59999865293503,139.41553,0.676874,0.2838308
39.6100007891655,139.51953,0.6772108,0.28261003
39.6199991106987,139.59552,0.6775477,0.28261003
39.63000124692917,139.69553,0.6779519,0.28016847
39.63999956846237,139.81552,0.6783561,0.27894768
39.65000170469284,139.87952,0.678693,0.27772692
39.660000026226044,139.94353,0.6790298,0.27650613
39.66999834775925,139.96353,0.6792993,0.27528536
39.680000483989716,140.04353,0.6796362,0.27406457
39.68999880552292,140.14752,0.67990565,0.27406457
39.70000094175339,140.18352,0.6801078,0.27406457
39.70999926328659,140.20752,0.6801751,0.27406457
39.72000139951706,140.21152,0.68024254,0.27528536
39.72999972105026,140.19952,0.6803099,0.27528536
39.74000185728073,140.17152,0.6804446,0.27650613
39.750000178813934,140.20752,0.68051195,0.27650613
39.75999850034714,140.22353,0.68051195,0.27772692
39.770000636577606,140.20352,0.68057936,0.27772692
39.77999895811081,140.17952,0.6806467,0.27894768
39.79000109434128,140.18753,0.6806467,0.28016847
39.79999941587448,140.18352,0.6806467,0.28138924
39.81000155210495,140.15953,0.6806467,0.28261003
39.81999987363815,140.15953,0.68071413,0.28261003
39.829998195171356,140.14752,0.68071413,0.2838308
39.840000331401825,140.11952,0.68071413,0.28505158
39.84999865293503,140.07552,0.6807815,0.28627235
39.8600007891655,140.10753,0.68084884,0.28627235
39.8699991106987,140.13553,0.6809162,0.28749314
39.88000124692917,140.13553,0.68105096,0.28749314
39.88999956846237,140.13152,0.68105096,0.2887139
39.90000170469284,140.11552,0.68105096,0.2899347
39.910000026226044,140.08353,0.68105096,0.29115546
39.91999834775925,140.05553,0.6811183,0.29237625
39.930000483989716,140.09152,0.6811183,0.293597
39.93999880552292,140.10753,0.6811857,0.293597
39.95000094175339,140.09152,0.6812531,0.2948178
39.95999926328659,140.08752,0.6813878,0.2948178
39.97000139951706,140.09552,0.68145514,0.29603857
39.97999972105026,140.07552,0.68152255,0.29603857
39.99000185728073,140.08353,0.6815899,0.29603857
40.000000178813934,140.12352,0.6816573,0.29725936
40.00999850034714,140.12752,0.6816573,0.29848012
40.020000636577606,140.10352,0.68172467,0.29970092
40.02999895811081,140.08752,0.68172467,0.29970092
40.04000109434128,140.10352,0.681792,0.30092168
40.04999941587448,140.08752,0.68185943,0.30214247
40.06000155210495,140.07552,0.6819267,0.30214247
40.06999987363815,140.11952,0.6820615,0.30214247
40.079998195171356,140.12752,0.68212885,0.30336323
40.090000331401825,140.13553,0.6822636,0.30336323
40.09999865293503,140.17152,0.68246573,0.30336323
40.1100007891655,140.21152,0.6827352,0.30214247
40.1199991106987,140.29152,0.68313944,0.30214247
40.13000124692917,140.38753,0.6836784,0.29848012
40.13999956846237,140.57152,0.6844195,0.2948178
40.15000170469284,140.76752,0.6851605,0.2899347
40.160000026226044,140.95152,0.68590164,0.28749314
40.16999834775925,141.14752,0.68657535,0.2838308
40.180000483989716,141.32352,0.6871817,0.28016847
40.18999880552292,141.37552,0.6874512,0.27894768
40.20000094175339,141.37952,0.68758595,0.27894768
40.20999926328659,141.37552,0.68758595,0.28016847
40.22000139951706,141.39952,0.6876533,0.28138924
40.22999972105026,141.38353,0.6876533,0.28261003
40.24000185728073,141.36752,0.6876533,0.2838308
40.250000178813934,141.37952,0.6876533,0.28505158
40.25999850034714,141.33153,0.6876533,0.28627235
40.270000636577606,141.30751,0.6876533,0.28749314
40.27999895811081,141.27553,0.6876533,0.28749314
40.29000109434128,141.31952,0.6876533,0.2899347
40.29999941587448,141.28352,0.6876533,0.2899347
40.31000155210495,141.27151,0.6876533,0.29237625
40.31999987363815,141.24751,0.6876533,0.29237625
40.329998195171356,141.20352,0.6876533,0.293597
40.340000331401825,141.20752,0.6876533,0.2948178
40.34999865293503,141.18352,0.6876533,0.29603857
40.3600007891655,141.21152,0.6876533,0.29725936
40.3699991106987,141.15552,0.6876533,0.29848012
40.38000124692917,141.15152,0.6876533,0.29970092
40.38999956846237,141.14752,0.6876533,0.30092168
40.40000170469284,141.13152,0.6876533,0.30214247
40.410000026226044,141.09152,0.68772066,0.30214247
40.41999834775925,141.10352,0.68772066,0.30336323
40.430000483989716,141.11151,0.68772066,0.30458403
40.43999880552292,141.07953,0.687788,0.3058048
40.45000094175339,141.07552,0.687788,0.30702558
40.45999926328659,141.07152,0.687788,0.30824634
40.47000139951706,141.09552,0.68785536,0.30824634
40.47999972105026,141.03552,0.68785536,0.30946714
40.49000185728073,141.03552,0.6879228,0.3106879
40.500000178813934,141.05153,0.6879901,0.3119087
40.50999850034714,141.05952,0.6880575,0.3119087
40.520000636577606,141.05153,0.6881249,0.31312945
40.52999895811081,141.09952,0.68825966,0.31312945
40.54000109434128,141.11552,0.68839437,0.31312945
40.54999941587448,141.13551,0.6885291,0.31312945
40.56000155210495,141.13152,0.6885965,0.31312945
40.56999987363815,141.15953,0.68879855,0.31312945
40.579998195171356,141.20352,0.68900067,0.31312945
40.590000331401825,141.24751,0.6893375,0.31312945
40.59999865293503,141.33551,0.6897418,0.3106879
40.6100007891655,141.47552,0.69034815,0.30702558
40.6199991106987,141.61151,0.6910218,0.30458403
40.63000124692917,141.78752,0.69162816,0.30092168
40.63999956846237,141.99951,0.69230187,0.29725936
40.65000170469284,142.11952,0.6929756,0.2948178
40.660000026226044,142.19551,0.6934472,0.29237625
40.66999834775925,142.29951,0.693784,0.29115546
40.680000483989716,142.38351,0.69405353,0.2899347
40.68999880552292,142.42752,0.6941208,0.29115546
40.70000094175339,142.44751,0.69418824,0.29115546
40.70999926328659,142.4515,0.6942556,0.29237625
40.72000139951706,142.40352,0.6942556,0.293597
40.72999972105026,142.37552,0.694323,0.293597
40.74000185728073,142.36751,0.69439036,0.2948178
40.750000178813934,142.42351,0.6944577,0.2948178
40.75999850034714,142.41551,0.6944577,0.29603857
40.770000636577606,142.39551,0.6944577,0.29725936
40.77999895811081,142.38351,0.6944577,0.29848012
40.79000109434128,142.32751,0.6944577,0.29970092
40.79999941587448,142.30351,0.6945251,0.30092168
40.81000155210495,142.34752,0.6945251,0.30214247
40.81999987363815,142.36351,0.6945925,0.30214247
40.829998195171356,142.33151,0.6945925,0.30336323
40.840000331401825,142.30751,0.6946598,0.30458403
40.84999865293503,142.30751,0.6946598,0.3058048
40.8600007891655,142.29152,0.6947946,0.3058048
40.8699991106987,142.2875,0.69486195,0.3058048
40.88000124692917,142.3435,0.69506407,0.3058048
40.88999956846237,142.41151,0.69533354,0.3058048
40.90000170469284,142.44751,0.6956704,0.30458403
40.910000026226044,142.53552,0.696142,0.30214247
40.91999834775925,142.69551,0.69668096,0.29970092
40.930000483989716,142.83951,0.69728726,0.29603857
40.93999880552292,142.97151,0.6978936,0.293597
40.95000094175339,143.07951,0.69843256,0.29115546
40.95999926328659,143.2035,0.69883686,0.2887139
40.97000139951706,143.26752,0.6991063,0.2887139
40.97999972105026,143.30351,0.6991737,0.2887139
40.99000185728073,143.34752,0.69924104,0.2899347
41.000000178813934,143.31151,0.69924104,0.29115546
41.00999850034714,143.27951,0.69930845,0.29237625
41.020000636577606,143.26352,0.6993758,0.29237625
41.02999895811081,143.26752,0.6993758,0.293597
41.04000109434128,143.27951,0.69944316,0.293597
41.04999941587448,143.27151,0.6995105,0.2948178
41.06000155210495,143.27551,0.6995105,0.29603857
41.06999987363815,143.25552,0.6995105,0.29725936
41.079998195171356,143.22351,0.69957787,0.29725936
41.090000331401825,143.22751,0.6996453,0.29848012
41.09999865293503,143.23952,0.69971263,0.29970092
41.1100007891655,143.24352,0.69971263,0.30092168
41.1199991106987,143.21951,0.69978005,0.30092168
41.13000124692917,143.22351,0.6998474,0.30214247
41.13999956846237,143.22351,0.6998474,0.30336323
41.15000170469284,143.21152,0.6999148,0.30336323
41.160000026226044,143.21552,0.6999821,0.30458403
41.16999834775925,143.23552,0.6999821,0.3058048
41.180000483989716,143.21152,0.70004946,0.3058048
41.18999880552292,143.19551,0.7001842,0.3058048
41.20000094175339,143.2075,0.70038635,0.3058048
41.20999926328659,143.28351,0.70052105,0.3058048
41.22000139951706,143.3235,0.7006558,0.30702558
41.22999972105026,143.32751,0.7007906,0.30702558
41.24000185728073,143.38351,0.70099264,0.30702558
41.250000178813934,143.37152,0.7011948,0.3058048
41.25999850034714,143.38351,0.7013295,0.30702558
41.270000636577606,143.42351,0.70153165,0.3058048
41.27999895811081,143.50752,0.7018011,0.3058048
41.29000109434128,143.5635,0.7020706,0.30458403
41.29999941587448,143.65152,0.7024075,0.30336323
41.31000155210495,143.7035,0.7028117,0.30214247
41.31999987363815,143.79552,0.7032159,0.29970092
41.329998195171356,143.89551,0.7037549,0.29725936
41.340000331401825,144.0395,0.70429385,0.29603857
41.34999865293503,144.19551,0.7049002,0.29237625
41.3600007891655,144.3235,0.7055065,0.2887139
41.3699991106987,144.43552,0.7060455,0.28749314
41.38000124692917,144.55151,0.7062476,0.28627235
41.38999956846237,144.55151,0.7062476,0.28749314
41.40000170469284,144.5075,0.7063149,0.28749314
41.410000026226044,144.51552,0.7063149,0.2899347
41.41999834775925,144.5195,0.70638233,0.2899347
41.430000483989716,144.4835,0.7064497,0.29115546
41.43999880552292,144.49951,0.70658445,0.29115546
41.45000094175339,144.5475,0.70665187,0.29237625
41.45999926328659,144.5635,0.7067192,0.29237625
41.47000139951706,144.52751,0.7068539,0.29237625
41.47999972105026,144.5115,0.7069887,0.29237625
41.49000185728073,144.55151,0.70712346,0.293597
41.500000178813934,144.58751,0.7073929,0.29237625
41.50999850034714,144.67151,0.7076624,0.29237625
41.520000636577606,144.7715,0.708134,0.2899347
41.52999895811081,144.8995,0.70874035,0.28627235
41.54000109434128,145.0395,0.7096161,0.28138924
41.54999941587448,145.31151,0.7108962,0.27406457
41.56000155210495,145.6835,0.7123783,0.26551914
41.56999987363815,145.9955,0.7134563,0.25819448
41.579998195171356,146.2035,0.71406263,0.25575292
41.590000331401825,146.3235,0.71439946,0.25453213
41.59999865293503,146.3555,0.7146016,0.25453213
41.6100007891655,146.3435,0.7148037,0.25331137
41.6199991106987,146.3635,0.7149384,0.25453213
41.63000124692917,146.3875,0.7150058,0.25453213
41.63999956846237,146.4155,0.7151406,0.25453213
41.65000170469284,146.3715,0.71520793,0.25575292
41.660000026226044,146.39551,0.7152753,0.25697368
41.66999834775925,146.35951,0.7152753,0.25697368
41.680000483989716,146.3635,0.71534264,0.25819448
41.68999880552292,146.35951,0.71541,0.25819448
41.70000094175339,146.36751,0.71554476,0.25941524
41.70999926328659,146.3715,0.7156122,0.25941524
41.72000139951706,146.3475,0.7156795,0.26063603
41.72999972105026,146.3555,0.7158143,0.26063603
41.74000185728073,146.4035,0.715949,0.26063603
41.750000178813934,146.4195,0.71608377,0.26063603
41.75999850034714,146.4355,0.7162859,0.26063603
41.770000636577606,146.4515,0.71648794,0.26063603
41.77999895811081,146.4835,0.7168248,0.25941524
41.79000109434128,146.5475,0.7172964,0.25819448
41.79999941587448,146.7115,0.717768,0.25453213
41.81000155210495,146.8035,0.71810484,0.25453213
41.81999987363815,146.8395,0.71817225,0.25453213
41.829998195171356,146.8195,0.7182396,0.25575292
41.840000331401825,146.7955,0.7182396,0.25697368
41.84999865293503,146.7675,0.7182396,0.25819448
41.8600007891655,146.72751,0.7182396,0.25819448
41.8699991106987,146.72751,0.7182396,0.26063603
41.88000124692917,146.7355,0.7182396,0.26063603
41.88999956846237,146.7195,0.7182396,0.2618568
41.90000170469284,146.6955,0.7182396,0.2630776
41.910000026226044,146.7155,0.7182396,0.26429835
41.91999834775925,146.6515,0.7182396,0.26551914
41.930000483989716,146.6275,0.71830696,0.2667399
41.93999880552292,146.6155,0.71830696,0.2679607
41.95000094175339,146.5995,0.71830696,0.2679607
41.95999926328659,146.58351,0.71830696,0.27040225
41.97000139951706,146.58351,0.71830696,0.27040225
41.97999972105026,146.58351,0.71830696,0.2728438
41.99000185728073,146.5555,0.71830696,0.2728438
42.000000178813934,146.4715,0.71830696,0.27406457
42.00999850034714,146.4915,0.71830696,0.27528536
42.020000636577606,146.4915,0.71830696,0.27650613
42.02999895811081,146.4475,0.71830696,0.27772692
42.04000109434128,146.4675,0.71830696,0.27894768
42.04999941587448,146.4955,0.71830696,0.28016847
42.06000155210495,146.42749,0.71830696,0.28138924
42.06999987363815,146.3795,0.71830696,0.28261003
42.079998195171356,146.3715,0.71830696,0.2838308
42.090000331401825,146.36751,0.71830696,0.28505158
42.09999865293503,146.3555,0.71830696,0.28627235
42.1100007891655,146.36751,0.71830696,0.28749314
42.1199991106987,146.35951,0.71830696,0.28749314
42.13000124692917,146.3435,0.71830696,0.2899347
42.13999956846237,146.2635,0.71830696,0.2899347
42.15000170469284,146.25151,0.71830696,0.29237625
42.160000026226044,146.2675,0.71830696,0.29237625
42.16999834775925,146.2475,0.71830696,0.293597
42.180000483989716,146.25151,0.71830696,0.2948178
42.18999880552292,146.27951,0.7183744,0.29603857
42.20000094175339,146.1955,0.7183744,0.29725936
42.20999926328659,146.17549,0.7183744,0.29848012
42.22000139951706,146.17549,0.7183744,0.29970092
42.22999972105026,146.1795,0.7183744,0.30092168
42.24000185728073,146.17151,0.7183744,0.30214247
42.250000178813934,146.1355,0.7183744,0.30336323
42.25999850034714,146.14351,0.7184417,0.30336323
42.270000636577606,146.1395,0.7184417,0.30458403
42.27999895811081,146.10751,0.7184417,0.3058048
42.29000109434128,146.1315,0.71857643,0.3058048
42.29999941587448,146.17151,0.7187112,0.3058048
42.31000155210495,146.1675,0.71884596,0.3058048
42.31999987363815,146.1675,0.7189133,0.30702558
42.329998195171356,146.1795,0.7189133,0.30824634
42.340000331401825,146.2155,0.7189807,0.30946714
42.34999865293503,146.1795,0.7189807,0.30946714
42.3600007891655,146.1675,0.7191154,0.3106879
42.3699991106987,146.17151,0.7191154,0.3119087
42.38000124692917,146.1555,0.7191828,0.3119087
42.38999956846237,146.1355,0.7191828,0.31312945
42.40000170469284,146.1955,0.71931756,0.31312945
42.410000026226044,146.2115,0.7195197,0.31312945
42.41999834775925,146.2395,0.71972173,0.31312945
42.430000483989716,146.2955,0.7200586,0.3119087
42.43999880552292,146.3835,0.7205302,0.30946714
42.45000094175339,146.5475,0.72140604,0.30458403
42.45999926328659,146.8035,0.72255135,0.29848012
42.47000139951706,147.1715,0.7238987,0.2899347
42.47999972105026,147.50749,0.72531354,0.28138924
42.49000185728073,147.7475,0.72612196,0.27650613
42.500000178813934,147.8595,0.7264588,0.27528536
42.50999850034714,147.92749,0.72659355,0.27650613
42.520000636577606,147.9435,0.7267283,0.27650613
42.52999895811081,147.95549,0.7267957,0.27650613
42.54000109434128,147.9435,0.7267957,0.27772692
42.54999941587448,147.92749,0.7268631,0.27894768
42.56000155210495,147.9235,0.72693044,0.27894768
42.56999987363815,147.9195,0.7269978,0.28016847
42.579998195171356,147.9235,0.7269978,0.28138924
42.590000331401825,147.8955,0.72713256,0.28138924
42.59999865293503,147.9115,0.72726727,0.28138924
42.6100007891655,147.9235,0.72746944,0.28138924
42.6199991106987,147.9715,0.72773886,0.28016847
42.63000124692917,148.0595,0.7280757,0.28016847
42.63999956846237,148.1595,0.72848,0.27772692
42.65000170469284,148.28749,0.7289516,0.27650613
42.660000026226044,148.3555,0.72942317,0.27406457
42.66999834775925,148.4195,0.7299621,0.27040225
42.680000483989716,148.53549,0.73036635,0.26918146
42.68999880552292,148.6355,0.7305011,0.26918146
42.70000094175339,148.6115,0.7305011,0.27040225
42.70999926328659,148.6115,0.7305011,0.27162302
42.72000139951706,148.6075,0.73056847,0.2728438
42.72999972105026,148.5795,0.73056847,0.27406457
42.74000185728073,148.5315,0.73056847,0.27528536
42.750000178813934,148.5035,0.73056847,0.27650613
42.75999850034714,148.51549,0.73056847,0.27772692
42.770000636577606,148.47949,0.73056847,0.27772692
42.77999895811081,148.48749,0.73056847,0.28016847
42.79000109434128,148.48349,0.73056847,0.28016847
42.79999941587448,148.4635,0.73056847,0.28261003
42.81000155210495,148.4115,0.73056847,0.28261003
42.81999987363815,148.39949,0.73056847,0.2838308
42.829998195171356,148.39949,0.73056847,0.28505158
42.840000331401825,148.37949,0.73056847,0.28627235
42.84999865293503,148.3315,0.73056847,0.28749314
42.8600007891655,148.3635,0.73056847,0.2887139
42.8699991106987,148.37149,0.73056847,0.2899347
42.88000124692917,148.3115,0.73056847,0.29115546
42.88999956846237,148.28749,0.73056847,0.29237625
42.90000170469284,148.2835,0.73056847,0.293597
42.910000026226044,148.2515,0.73056847,0.2948178
42.91999834775925,148.2475,0.73056847,0.29603857
42.930000483989716,148.2755,0.73056847,0.29725936
42.93999880552292,148.23549,0.73056847,0.29725936
42.95000094175339,148.1995,0.73056847,0.29970092
42.95999926328659,148.1875,0.7306358,0.29970092
42.97000139951706,148.1995,0.7306358,0.30092168
42.97999972105026,148.1635,0.7306358,0.30214247
42.99000185728073,148.1435,0.7306358,0.30336323
43.000000178813934,148.12749,0.7306358,0.30458403
43.00999850034714,148.1355,0.7306358,0.3058048
43.020000636577606,148.1075,0.7306358,0.30702558
43.02999895811081,148.0755,0.7306358,0.30824634
43.04000109434128,148.1235,0.7307032,0.30824634
43.04999941587448,148.1115,0.7307032,0.30946714
43.06000155210495,148.0435,0.7307705,0.3106879
43.06999987363815,148.0555,0.73083794,0.3106879
43.079998195171356,148.0555,0.73083794,0.3119087
43.090000331401825,148.0715,0.7309053,0.31312945
43.09999865293503,148.0755,0.73097265,0.31312945
43.1100007891655,148.0795,0.73097265,0.31435025
43.1199991106987,148.04749,0.73104006,0.315571
43.13000124692917,148.0275,0.73104006,0.3167918
43.13999956846237,148.0595,0.7311748,0.3167918
43.15000170469284,148.0835,0.7313769,0.3167918
43.160000026226044,148.1155,0.73151165,0.3167918
43.16999834775925,148.1435,0.73151165,0.31801257
43.180000483989716,148.1635,0.7316464,0.31801257
43.18999880552292,148.14749,0.7317811,0.31923336
43.20000094175339,148.11949,0.7318485,0.31923336
43.20999926328659,148.17549,0.73198324,0.31923336
43.22000139951706,148.2395,0.7322527,0.31923336
43.22999972105026,148.3075,0.7325896,0.31801257
43.24000185728073,148.3955,0.7329938,0.315571
43.250000178813934,148.5315,0.7336675,0.31312945
43.25999850034714,148.67949,0.7344759,0.30702558
43.270000636577606,148.9075,0.7354865,0.30214247
43.27999895811081,149.20749,0.73669916,0.2948178
43.29000109434128,149.48749,0.73770976,0.2887139
43.29999941587448,149.6715,0.7382487,0.28627235
43.31000155210495,149.69148,0.7382487,0.28749314
43.31999987363815,149.6995,0.7382487,0.2887139
43.329998195171356,149.70749,0.73831606,0.2899347
43.340000331401825,149.6715,0.73831606,0.2899347
43.34999865293503,149.65149,0.73831606,0.29237625
43.3600007891655,149.63948,0.7383835,0.29237625
43.3699991106987,149.59949,0.7383835,0.293597
43.38000124692917,149.59149,0.7384508,0.293597
43.38999956846237,149.62749,0.7384508,0.29603857
43.40000170469284,149.61949,0.7384508,0.29603857
43.410000026226044,149.57149,0.7384508,0.29725936
43.41999834775925,149.52348,0.7384508,0.29848012
43.430000483989716,149.51549,0.7384508,0.29970092
43.43999880552292,149.48749,0.7384508,0.30092168
43.45000094175339,149.51149,0.7384508,0.30214247
43.45999926328659,149.53549,0.73851824,0.30336323
43.47000139951706,149.52348,0.7385856,0.30336323
43.47999972105026,149.4755,0.7386529,0.30458403
43.49000185728073,149.45949,0.7387203,0.30458403
43.500000178813934,149.4755,0.73878765,0.3058048
43.50999850034714,149.49548,0.7389224,0.3058048
43.520000636577606,149.51549,0.73912454,0.3058048
43.52999895811081,149.62749,0.7395288,0.30336323
43.54000109434128,149.7555,0.7400677,0.30214247
43.54999941587448,149.86348,0.7408088,0.29725936
43.56000155210495,150.05148,0.7416846,0.29237625
43.56999987363815,150.29549,0.7426952,0.28749314
43.579998195171356,150.5515,0.74370575,0.28138924
43.590000331401825,150.76749,0.74437946,0.27772692
43.59999865293503,150.8675,0.7447163,0.27650613
43.6100007891655,150.90349,0.74485105,0.27650613
43.6199991106987,150.8675,0.74491847,0.27650613
43.63000124692917,150.90749,0.74498576,0.27772692
43.63999956846237,150.91148,0.74498576,0.27894768
43.65000170469284,150.85149,0.7450531,0.28016847
43.660000026226044,150.8315,0.7451205,0.28016847
43.66999834775925,150.84349,0.7451879,0.28138924
43.680000483989716,150.85548,0.7452553,0.28138924
43.68999880552292,150.87949,0.7454574,0.28261003
43.70000094175339,150.90349,0.7455921,0.28138924
43.70999926328659,150.9195,0.74579424,0.28138924
43.72000139951706,150.93948,0.74599636,0.28138924
43.72999972105026,150.95949,0.7463332,0.28016847
43.74000185728073,151.07149,0.7467374,0.27894768
43.750000178813934,151.1995,0.7471416,0.27650613
43.75999850034714,151.29549,0.74761325,0.27406457
43.770000636577606,151.35948,0.7480175,0.2728438
43.77999895811081,151.43948,0.74842167,0.27162302
43.79000109434128,151.50749,0.7486912,0.27040225
43.79999941587448,151.54349,0.74889326,0.27040225
43.81000155210495,151.57948,0.74889326,0.27162302
43.81999987363815,151.57149,0.7489607,0.2728438
43.829998195171356,151.53148,0.749028,0.2728438
43.840000331401825,151.50749,0.749028,0.27406457
43.84999865293503,151.52348,0.749028,0.27528536
43.8600007891655,151.50348,0.74909544,0.27650613
43.8699991106987,151.47949,0.74909544,0.27650613
43.88000124692917,151.49149,0.74909544,0.27772692
43.88999956846237,151.46349,0.74909544,0.27894768
43.90000170469284,151.41948,0.74909544,0.28016847
43.910000026226044,151.41148,0.74909544,0.28138924
43.91999834775925,151.41548,0.74909544,0.28261003
43.930000483989716,151.40349,0.74909544,0.2838308
43.93999880552292,151.35948,0.7491628,0.28505158
43.95000094175339,151.34749,0.74923015,0.28505158
43.95999926328659,151.35948,0.7492975,0.28627235
43.97000139951706,151.35548,0.74936485,0.28627235
43.97999972105026,151.37149,0.7494996,0.28749314
43.99000185728073,151.42749,0.74970174,0.28627235
44.000000178813934,151.44348,0.74983644,0.28627235
44.00999850034714,151.41148,0.7499712,0.28749314
44.020000636577606,151.42749,0.7500386,0.28749314
44.02999895811081,151.43149,0.7500386,0.2887139
44.04000109434128,151.44348,0.750106,0.2899347
44.04999941587448,151.45149,0.750106,0.29115546
44.06000155210495,151.44748,0.75017333,0.29115546
44.06999987363815,151.40749,0.75024074,0.29237625
44.079998195171356,151.41548,0.7504428,0.29237625
44.090000331401825,151.43549,0.75057757,0.29237625
44.09999865293503,151.48347,0.7506449,0.29237625
44.1100007891655,151.49149,0.75071234,0.293597
44.1199991106987,151.47548,0.75071234,0.2948178
44.13000124692917,151.46349,0.7507797,0.29603857
44.13999956846237,151.43149,0.75084704,0.29603857
44.15000170469284,151.39148,0.7509144,0.29725936
44.160000026226044,151.44748,0.75098175,0.29725936
44.16999834775925,151.48347,0.7511165,0.29725936
44.180000483989716,151.50749,0.7513187,0.29725936
44.18999880552292,151.52748,0.75152075,0.29725936
44.20000094175339,151.61148,0.75192493,0.29603857
44.20999926328659,151.73949,0.7525987,0.29237625
44.22000139951706,151.91548,0.75360924,0.28627235
44.22999972105026,152.19548,0.7545524,0.28016847
44.24000185728073,152.43948,0.75542825,0.27650613
44.250000178813934,152.60349,0.7561693,0.27162302
44.25999850034714,152.74347,0.7566409,0.27040225
44.270000636577606,152.79547,0.7567757,0.27040225
44.27999895811081,152.81148,0.75684303,0.27040225
44.29000109434128,152.77548,0.75684303,0.27162302
44.29999941587448,152.75948,0.75684303,0.2728438
44.31000155210495,152.72748,0.75684303,0.27406457
44.31999987363815,152.71548,0.75684303,0.27528536
44.329998195171356,152.70348,0.7569104,0.27650613
44.340000331401825,152.73148,0.7569104,0.27772692
44.34999865293503,152.67549,0.7569104,0.27772692
44.3600007891655,152.59947,0.7569104,0.28016847
44.3699991106987,152.58348,0.7569104,0.28016847
44.38000124692917,152.57948,0.7569104,0.28261003
44.38999956846237,152.58348,0.7569104,0.28261003
44.40000170469284,152.59947,0.7569104,0.2838308
44.410000026226044,152.58748,0.7569104,0.28505158
44.41999834775925,152.52748,0.7569778,0.28627235
44.430000483989716,152.49548,0.7569778,0.28749314
44.43999880552292,152.47148,0.7569778,0.28749314
44.45000094175339,152.51549,0.7569778,0.2899347
44.45999926328659,152.53548,0.75704515,0.2899347
44.47000139951706,152.50348,0.75704515,0.29115546
44.47999972105026,152.47948,0.75704515,0.29237625
44.49000185728073,152.42747,0.75704515,0.293597
44.500000178813934,152.38748,0.75711256,0.293597
44.50999850034714,152.44748,0.75711256,0.29603857
44.520000636577606,152.44748,0.75717986,0.29603857
44.52999895811081,152.40749,0.75724727,0.29725936
44.54000109434128,152.41148,0.7573146,0.29725936
44.54999941587448,152.42747,0.757382,0.29848012
44.56000155210495,152.39548,0.7574494,0.29848012
44.56999987363815,152.41148,0.75758415,0.29970092
44.579998195171356,152.47548,0.7577862,0.29848012
44.590000331401825,152.55548,0.75819045,0.29725936
44.59999865293503,152.63948,0.75879675,0.2948178
44.6100007891655,152.77548,0.75947046,0.29115546
44.6199991106987,152.94748,0.7600768,0.28749314
44.63000124692917,153.13147,0.7606832,0.2838308
44.63999956846237,153.21147,0.76128954,0.28261003
44.65000170469284,153.33948,0.7617611,0.27894768
44.660000026226044,153.44348,0.76203054,0.27894768
44.66999834775925,153.43948,0.76209795,0.27894768
44.680000483989716,153.44348,0.76209795,0.28016847
44.68999880552292,153.47148,0.76209795,0.28138924
44.70000094175339,153.41948,0.7621653,0.28261003
44.70999926328659,153.40349,0.7622327,0.28261003
44.72000139951706,153.36748,0.7622327,0.2838308
44.72999972105026,153.38748,0.7623001,0.28505158
44.74000185728073,153.36748,0.7623001,0.28627235
44.750000178813934,153.35149,0.7623001,0.28749314
44.75999850034714,153.37148,0.7623001,0.2887139
44.770000636577606,153.33148,0.7623675,0.2887139
44.77999895811081,153.26347,0.7623675,0.2899347
44.79000109434128,153.26749,0.76243484,0.29115546
44.79999941587448,153.30748,0.76250213,0.29115546
44.81000155210495,153.31947,0.76250213,0.29237625
44.81999987363815,153.29549,0.76256955,0.293597
44.829998195171356,153.27548,0.76256955,0.2948178
44.840000331401825,153.25948,0.7626369,0.2948178
44.84999865293503,153.23148,0.7627043,0.29603857
44.8600007891655,153.26749,0.76277167,0.29603857
44.8699991106987,153.28348,0.76277167,0.29725936
44.88000124692917,153.25148,0.7628391,0.29848012
44.88999956846237,153.22748,0.76290643,0.29970092
44.90000170469284,153.27148,0.76304114,0.29970092
44.910000026226044,153.28748,0.76324326,0.29970092
44.91999834775925,153.30348,0.7633106,0.29970092
44.930000483989716,153.31548,0.7633106,0.30092168
44.93999880552292,153.30348,0.763378,0.30214247
44.95000094175339,153.26749,0.7634454,0.30214247
44.95999926328659,153.23148,0.7634454,0.30336323
44.97000139951706,153.27948,0.7635801,0.30336323
44.97999972105026,153.31548,0.76371485,0.30336323
44.99000185728073,153.34348,0.7638496,0.30336323
45.000000178813934,153.36348,0.76405174,0.30336323
45.00999850034714,153.39148,0.7643212,0.30336323
45.020000636577606,153.44748,0.7647254,0.30214247
45.02999895811081,153.57147,0.76533175,0.29848012
45.04000109434128,153.76747,0.7659381,0.29603857
45.04999941587448,153.93549,0.76667917,0.29115546
45.06000155210495,154.07948,0.76728547,0.2887139
45.06999987363815,154.17947,0.7677571,0.28627235
45.079998195171356,154.24747,0.7679592,0.28627235
45.090000331401825,154.25948,0.7680266,0.28627235
45.09999865293503,154.25548,0.76809394,0.28749314
45.1100007891655,154.26749,0.76809394,0.2887139
45.1199991106987,154.25148,0.76816136,0.2899347
45.13000124692917,154.21947,0.76816136,0.2899347
45.13999956846237,154.20348,0.7682287,0.29115546
45.15000170469284,154.19548,0.7682287,0.29237625
45.160000026226044,154.19548,0.7683634,0.29237625
45.16999834775925,154.18748,0.7684982,0.29237625
45.180000483989716,154.22748,0.76856554,0.293597
45.18999880552292,154.20747,0.76856554,0.2948178
45.20000094175339,154.19948,0.76856554,0.29603857
45.20999926328659,154.20747,0.76863295,0.29603857
45.22000139951706,154.18748,0.7687003,0.29725936
45.22999972105026,154.16748,0.7687677,0.29725936
45.24000185728073,154.14748,0.768835,0.29848012
45.250000178813934,154.16748,0.768835,0.29970092
45.25999850034714,154.19948,0.76890236,0.29970092
45.270000636577606,154.16347,0.7689698,0.30092168
45.27999895811081,154.15948,0.7690371,0.30214247
45.29000109434128,154.17148,0.7691719,0.30214247
45.29999941587448,154.16347,0.76937395,0.30214247
45.31000155210495,154.20348,0.7696435,0.30092168
45.31999987363815,154.28348,0.7698456,0.30092168
45.329998195171356,154.38348,0.7701151,0.29970092
45.340000331401825,154.44347,0.77051926,0.29848012
45.34999865293503,154.52347,0.77105826,0.29603857
45.3600007891655,154.70747,0.77186674,0.29237625
45.3699991106987,154.86748,0.7728099,0.28627235
45.38000124692917,155.13547,0.7737531,0.28016847
45.38999956846237,155.36748,0.7745616,0.27650613
45.40000170469284,155.49147,0.774831,0.27528536
45.410000026226044,155.49147,0.7748984,0.27650613
45.41999834775925,155.45547,0.7748984,0.27772692
45.430000483989716,155.43147,0.7748984,0.27772692
45.43999880552292,155.41547,0.77496576,0.27894768
45.45000094175339,155.40747,0.77496576,0.28016847
45.45999926328659,155.43147,0.7750332,0.28138924
45.47000139951706,155.41547,0.7750332,0.28261003
45.47999972105026,155.36748,0.7751005,0.28261003
45.49000185728073,155.33948,0.7751005,0.2838308
45.500000178813934,155.34747,0.7751679,0.28505158
45.50999850034714,155.31947,0.7751679,0.28627235
45.520000636577606,155.29147,0.7751679,0.28749314
45.52999895811081,155.30347,0.77523524,0.28749314
45.54000109434128,155.31548,0.77523524,0.2887139
45.54999941587448,155.28348,0.7753026,0.2899347
45.56000155210495,155.27147,0.7753026,0.2899347
45.56999987363815,155.24747,0.77537,0.29115546
45.579998195171356,155.23547,0.77543736,0.29237625
45.590000331401825,155.23947,0.7755721,0.29237625
45.59999865293503,155.26347,0.7757069,0.29237625
45.6100007891655,155.29547,0.7758416,0.29237625
45.6199991106987,155.31148,0.77597636,0.29237625
45.63000124692917,155.34346,0.7761785,0.29237625
45.63999956846237,155.42346,0.7765153,0.29115546
45.65000170469284,155.48747,0.77712166,0.2887139
45.660000026226044,155.64348,0.77806485,0.2838308
45.66999834775925,155.96347,0.77921015,0.27650613
45.680000483989716,156.28746,0.7806249,0.2679607
45.68999880552292,156.61546,0.78197235,0.25941524
45.70000094175339,156.84746,0.78291553,0.25453213
45.70999926328659,156.99147,0.7834545,0.25209057
45.72000139951706,157.08347,0.7838587,0.24964903
45.72999972105026,157.17947,0.7843303,0.24720748
45.74000185728073,157.29546,0.78473455,0.2459867
45.750000178813934,157.40747,0.7852735,0.24354514
45.75999850034714,157.49547,0.7858798,0.24110359
45.770000636577606,157.60745,0.78655356,0.23744126
45.77999895811081,157.76746,0.7870925,0.2349997
45.79000109434128,157.82745,0.78736204,0.23377892
45.79999941587448,157.83546,0.78736204,0.2349997
45.81000155210495,157.83546,0.78736204,0.23622048
45.81999987363815,157.79146,0.78736204,0.23744126
45.829998195171356,157.72346,0.78736204,0.23866203
45.840000331401825,157.71947,0.78736204,0.23988281
45.84999865293503,157.69547,0.78736204,0.24110359
45.8600007891655,157.68745,0.78736204,0.24232437
45.8699991106987,157.65147,0.78736204,0.24232437
45.88000124692917,157.63947,0.78736204,0.24476592
45.88999956846237,157.59947,0.78736204,0.24476592
45.90000170469284,157.57945,0.78736204,0.24720748
45.910000026226044,157.54347,0.78736204,0.24720748
45.91999834775925,157.54747,0.78736204,0.24842826
45.930000483989716,157.49945,0.78736204,0.24964903
45.93999880552292,157.44347,0.78736204,0.2508698
45.95000094175339,157.46347,0.78736204,0.25209057
45.95999926328659,157.43547,0.78736204,0.25331137
45.97000139951706,157.41147,0.78736204,0.25453213
45.97999972105026,157.39148,0.78736204,0.25575292
45.99000185728073,157.37146,0.78736204,0.25697368
46.000000178813934,157.32747,0.78736204,0.25819448
46.00999850034714,157.28746,0.78736204,0.25941524
46.020000636577606,157.27946,0.78736204,0.26063603
46.02999895811081,157.29146,0.78736204,0.2618568
46.04000109434128,157.26346,0.78736204,0.2618568
46.04999941587448,157.22746,0.78736204,0.26429835
46.06000155210495,157.20746,0.78736204,0.26429835
46.06999987363815,157.17146,0.78736204,0.2667399
46.079998195171356,157.14346,0.78736204,0.2667399
46.090000331401825,157.15147,0.78736204,0.2679607
46.09999865293503,157.13547,0.78736204,0.26918146
46.1100007891655,157.11948,0.78736204,0.27040225
46.1199991106987,157.09947,0.78736204,0.27162302
46.13000124692917,157.07945,0.78736204,0.2728438
46.13999956846237,157.03146,0.78736204,0.27406457
46.15000170469284,156.99947,0.78736204,0.27528536
46.160000026226044,157.01547,0.78736204,0.27650613
46.16999834775925,157.00746,0.78736204,0.27772692
46.180000483989716,156.95546,0.78736204,0.27894768
46.18999880552292,156.92746,0.78736204,0.28016847
46.20000094175339,156.93547,0.78736204,0.28138924
46.20999926328659,156.93147,0.78736204,0.28261003
46.22000139951706,156.87947,0.78742933,0.28261003
46.22999972105026,156.87947,0.78742933,0.2838308
46.24000185728073,156.85947,0.78742933,0.28505158
46.250000178813934,156.81946,0.78742933,0.28627235
46.25999850034714,156.82347,0.7874967,0.28749314
46.270000636577606,156.82747,0.7874967,0.28749314
46.27999895811081,156.81946,0.7874967,0.2899347
46.29000109434128,156.77147,0.7874967,0.2899347
46.29999941587448,156.75546,0.7874967,0.29115546
46.31000155210495,156.73146,0.7874967,0.29237625
46.31999987363815,156.71146,0.7874967,0.293597
46.329998195171356,156.70346,0.7875641,0.2948178
46.340000331401825,156.74347,0.7875641,0.29603857
46.34999865293503,156.70346,0.78763145,0.29603857
46.3600007891655,156.67947,0.78769886,0.29725936
46.3699991106987,156.67947,0.78769886,0.29848012
46.38000124692917,156.67146,0.7877662,0.29848012
46.38999956846237,156.67947,0.78783363,0.29970092
46.40000170469284,156.69547,0.787901,0.29970092
46.410000026226044,156.70346,0.7879683,0.30092168
46.41999834775925,156.67546,0.7879683,0.30214247
46.430000483989716,156.63147,0.7880357,0.30336323
46.43999880552292,156.65547,0.78817046,0.30336323
46.45000094175339,156.68346,0.7882378,0.30336323
46.45999926328659,156.67546,0.7883052,0.30458403
46.47000139951706,156.69147,0.7884399,0.30458403
46.47999972105026,156.70346,0.78857464,0.3058048
46.49000185728073,156.72746,0.78877676,0.30458403
46.500000178813934,156.75146,0.7890462,0.30458403
46.50999850034714,156.82347,0.7893831,0.30336323
46.520000636577606,156.93547,0.7898547,0.30092168
46.52999895811081,157.06747,0.79046106,0.29725936
46.54000109434128,157.21947,0.7912021,0.293597
46.54999941587448,157.41547,0.79207796,0.2887139
46.56000155210495,157.67546,0.7931559,0.28261003
46.56999987363815,157.88347,0.7940991,0.27772692
46.579998195171356,158.03145,0.7945707,0.27528536
46.590000331401825,158.09146,0.79470545,0.27528536
46.59999865293503,158.06346,0.79470545,0.27650613
46.6100007891655,158.07947,0.79470545,0.27772692
46.6199991106987,158.09546,0.79470545,0.27894768
46.63000124692917,158.04747,0.79470545,0.28016847
46.63999956846237,158.01947,0.79470545,0.28138924
46.65000170469284,157.96747,0.79470545,0.28261003
46.660000026226044,157.95546,0.79470545,0.2838308
46.66999834775925,157.92746,0.79470545,0.2838308
46.680000483989716,157.91547,0.79470545,0.28505158
46.68999880552292,157.94746,0.79470545,0.28627235
46.70000094175339,157.90746,0.79470545,0.28749314
46.70999926328659,157.83147,0.79470545,0.2887139
46.72000139951706,157.80347,0.79470545,0.2899347
46.72999972105026,157.78748,0.79470545,0.29115546
46.74000185728073,157.79146,0.7947728,0.29237625
46.750000178813934,157.78346,0.7947728,0.293597
46.75999850034714,157.79146,0.7947728,0.293597
46.770000636577606,157.72746,0.7947728,0.29603857
46.77999895811081,157.69946,0.7947728,0.29603857
46.79000109434128,157.69946,0.7947728,0.29725936
46.79999941587448,157.69547,0.7947728,0.29848012
46.81000155210495,157.69145,0.7947728,0.29970092
46.81999987363815,157.65147,0.7947728,0.30092168
46.829998195171356,157.63545,0.7947728,0.30214247
46.840000331401825,157.60347,0.7947728,0.30336323
46.84999865293503,157.56746,0.7947728,0.30458403
46.8600007891655,157.57945,0.7947728,0.3058048
46.8699991106987,157.57147,0.7948401,0.3058048
46.88000124692917,157.51547,0.7948401,0.30702558
46.88999956846237,157.48747,0.7948401,0.30824634
46.90000170469284,157.47546,0.7948401,0.30946714
46.910000026226044,157.49945,0.7948401,0.3106879
46.91999834775925,157.47546,0.7948401,0.3119087
46.930000483989716,157.44347,0.7948401,0.31312945
46.93999880552292,157.43947,0.7948401,0.31435025
46.95000094175339,157.39946,0.7948401,0.315571
46.95999926328659,157.37146,0.7948401,0.3167918
46.97000139951706,157.38347,0.7948401,0.31801257
46.97999972105026,157.38347,0.7948401,0.31923336
46.99000185728073,157.34346,0.7948401,0.32045412
47.000000178813934,157.33946,0.7948401,0.3216749
47.00999850034714,157.31148,0.7949075,0.3216749
47.020000636577606,157.28348,0.79497486,0.32289568
47.02999895811081,157.28746,0.7951096,0.32289568
47.04000109434128,157.34746,0.7952444,0.32289568
47.04999941587448,157.37947,0.79544646,0.32289568
47.06000155210495,157.44347,0.79578334,0.3216749
47.06999987363815,157.49547,0.79625493,0.31923336
47.079998195171356,157.68745,0.79692864,0.315571
47.090000331401825,157.83546,0.79773706,0.3119087
47.09999865293503,158.03546,0.79874766,0.3058048
47.1100007891655,158.32346,0.7997582,0.29970092
47.1199991106987,158.48346,0.8004319,0.29603857
47.13000124692917,158.54346,0.8007014,0.29603857
47.13999956846237,158.57947,0.8007014,0.29725936
47.15000170469284,158.58745,0.8007014,0.29848012
47.160000026226044,158.56345,0.8007014,0.29970092
47.16999834775925,158.52347,0.80076873,0.29970092
47.180000483989716,158.47546,0.80076873,0.30092168
47.18999880552292,158.46747,0.80076873,0.30214247
47.20000094175339,158.45546,0.80076873,0.30336323
47.20999926328659,158.47147,0.80076873,0.30458403
47.22000139951706,158.45546,0.80076873,0.3058048
47.22999972105026,158.39146,0.80076873,0.30702558
47.24000185728073,158.33546,0.80076873,0.30824634
47.250000178813934,158.30345,0.80076873,0.30946714
47.25999850034714,158.33546,0.80076873,0.3106879
47.270000636577606,158.29546,0.80083615,0.3106879
47.27999895811081,158.31546,0.80083615,0.3119087
47.29000109434128,158.29546,0.80083615,0.31312945
47.29999941587448,158.23547,0.80083615,0.31435025
47.31000155210495,158.19145,0.80083615,0.315571
47.31999987363815,158.17946,0.8009035,0.3167918
47.329998195171356,158.21945,0.8009709,0.3167918
47.340000331401825,158.21945,0.80103827,0.31801257
47.34999865293503,158.21147,0.80103827,0.31923336
47.3600007891655,158.21147,0.8011056,0.31923336
47.3699991106987,158.14346,0.8011056,0.32045412
47.38000124692917,158.11946,0.8012403,0.3216749
47.38999956846237,158.16345,0.8013751,0.3216749
47.40000170469284,158.19946,0.80150986,0.3216749
47.410000026226044,158.22346,0.8017119,0.3216749
47.41999834775925,158.25546,0.8020488,0.32045412
47.430000483989716,158.33546,0.8025204,0.31801257
47.43999880552292,158.47147,0.80319417,0.31435025
47.45000094175339,158.63147,0.8040026,0.30946714
47.45999926328659,158.82745,0.80487835,0.30458403
47.47000139951706,159.07545,0.8058216,0.29970092
47.47999972105026,159.19547,0.80656266,0.29603857
47.49000185728073,159.31546,0.80689955,0.2948178
47.500000178813934,159.38345,0.8069669,0.2948178
47.50999850034714,159.37947,0.80703425,0.29603857
47.520000636577606,159.36746,0.8071016,0.29725936
47.52999895811081,159.32346,0.8071016,0.29725936
47.54000109434128,159.27147,0.8071016,0.29848012
47.54999941587448,159.22745,0.8071016,0.29970092
47.56000155210495,159.23146,0.8071016,0.30092168
47.56999987363815,159.25145,0.8072364,0.30214247
47.579998195171356,159.25545,0.8074385,0.30214247
47.590000331401825,159.19547,0.80750585,0.30214247
47.59999865293503,159.18346,0.80750585,0.30336323
47.6100007891655,159.17145,0.8075732,0.30336323
47.6199991106987,159.16347,0.80770797,0.30336323
47.63000124692917,159.17145,0.8077753,0.30458403
47.63999956846237,159.19547,0.80797744,0.30458403
47.65000170469284,159.17946,0.80831426,0.30336323
47.660000026226044,159.19147,0.8087185,0.30214247
47.66999834775925,159.31145,0.80925745,0.29848012
47.680000483989716,159.46346,0.8099312,0.29603857
47.68999880552292,159.62746,0.8106723,0.29237625
47.70000094175339,159.76746,0.8114807,0.28749314
47.70999926328659,159.91945,0.8124239,0.28261003
47.72000139951706,160.09546,0.813165,0.27772692
47.72999972105026,160.17944,0.81370395,0.27528536
47.74000185728073,160.23146,0.8140408,0.27406457
47.750000178813934,160.25945,0.81437767,0.2728438
47.75999850034714,160.19145,0.8147145,0.2728438
47.770000636577606,160.07945,0.81498396,0.27040225
47.77999895811081,159.91147,0.8152535,0.27040225
47.79000109434128,159.59946,0.8155903,0.26918146
47.79999941587448,158.10347,0.81585985,0.2679607
47.81000155210495,72.27576,0.81612927,0.2679607
47.81999987363815,64.27178,0.8163988,0.2667399
47.829998195171356,65.17578,0.8166683,0.2667399
47.840000331401825,64.15978,0.81700516,0.26429835
47.84999865293503,65.06778,0.8172746,0.26429835
47.8600007891655,64.41178,0.81761146,0.2630776
47.8699991106987,64.99178,0.81774616,0.2630776
47.88000124692917,64.47978,0.8178136,0.26429835
47.88999956846237,64.98378,0.8178136,0.26551914
47.90000170469284,64.60778,0.8178136,0.2667399
47.910000026226044,64.93178,0.8178809,0.2667399
47.91999834775925,64.81578,0.8178809,0.2679607
47.930000483989716,64.855774,0.8178809,0.26918146
47.93999880552292,64.89178,0.8178809,0.27040225
47.95000094175339,64.655785,0.8178809,0.27162302
47.95999926328659,64.91178,0.8178809,0.2728438
47.97000139951706,64.57178,0.8178809,0.27406457
47.97999972105026,64.95578,0.8178809,0.27528536
47.99000185728073,64.63178,0.8178809,0.27650613
48.000000178813934,64.97578,0.8178809,0.27772692
48.00999850034714,64.55578,0.8178809,0.27894768
48.020000636577606,64.94778,0.8178809,0.28016847
48.02999895811081,64.58378,0.81794834,0.28016847
48.04000109434128,64.75178,0.81794834,0.28138924
48.04999941587448,64.63578,0.81794834,0.28261003
48.06000155210495,64.89978,0.81794834,0.2838308
48.06999987363815,64.77178,0.81794834,0.28505158
48.079998195171356,64.73178,0.81794834,0.28627235
48.090000331401825,64.70778,0.81794834,0.28749314
48.09999865293503,64.65978,0.81794834,0.2887139
48.1100007891655,64.94778,0.81794834,0.2899347
48.1199991106987,64.63978,0.81794834,0.29115546
48.13000124692917,64.87178,0.81794834,0.29237625
48.13999956846237,64.63578,0.81794834,0.293597
48.15000170469284,64.81178,0.81794834,0.293597
48.160000026226044,64.59978,0.81794834,0.29603857
48.16999834775925,64.83578,0.81794834,0.29603857
48.180000483989716,64.65978,0.81794834,0.29725936
48.18999880552292,64.851776,0.81794834,0.29848012
48.20000094175339,64.68778,0.81794834,0.29970092
48.20999926328659,64.77978,0.81794834,0.30092168
48.22000139951706,64.73578,0.81794834,0.30214247
48.22999972105026,64.81178,0.81794834,0.30336323
48.24000185728073,64.79978,0.81794834,0.30458403
48.250000178813934,64.715775,0.8180157,0.3058048
48.25999850034714,64.671776,0.8180157,0.3058048
48.270000636577606,64.64778,0.8180157,0.30702558
48.27999895811081,64.79978,0.8180157,0.30824634
48.29000109434128,64.68778,0.8180157,0.30946714
48.29999941587448,64.81978,0.8180831,0.3106879
48.31000155210495,64.67578,0.8180831,0.3119087
48.31999987363815,64.79578,0.8180831,0.31312945
48.329998195171356,64.65978,0.8181504,0.31312945
48.340000331401825,64.77978,0.81821775,0.31435025
48.34999865293503,64.70778,0.81828517,0.315571
48.3600007891655,64.783775,0.81841993,0.315571
48.3699991106987,64.66778,0.81862205,0.315571
48.38000124692917,64.68378,0.81875676,0.315571
48.38999956846237,64.67978,0.8189589,0.315571
48.40000170469284,64.67978,0.81922835,0.31435025
48.410000026226044,64.79178,0.8194305,0.31312945
48.41999834775925,64.73578,0.81956524,0.31435025
48.430000483989716,64.73978,0.8197673,0.31312945
48.43999880552292,64.68378,0.81990206,0.31435025
48.45000094175339,64.767784,0.8200368,0.31435025
48.45999926328659,64.715775,0.8201716,0.31435025
48.47000139951706,64.74378,0.82030624,0.31435025
48.47999972105026,64.65178,0.8205084,0.31435025
48.49000185728073,64.72778,0.8207779,0.31312945
48.500000178813934,64.67578,0.82118213,0.3119087
48.50999850034714,64.755775,0.8217885,0.30946714
48.520000636577606,64.77178,0.8225295,0.3058048
48.52999895811081,64.81178,0.8232706,0.30092168
48.54000109434128,64.70378,0.82407904,0.29725936
48.54999941587448,64.67578,0.82495487,0.29237625
48.56000155210495,64.67978,0.82556117,0.2887139
48.56999987363815,64.69178,0.82589805,0.28749314
48.579998195171356,64.75978,0.8260328,0.28749314
48.590000331401825,64.70778,0.8261002,0.2887139
48.59999865293503,64.68778,0.8261675,0.2887139
48.6100007891655,64.643776,0.8262349,0.2899347
48.6199991106987,64.70378,0.8263023,0.2899347
48.63000124692917,64.73978,0.8263023,0.29237625
48.63999956846237,64.77578,0.82636964,0.29237625
48.65000170469284,64.70378,0.82636964,0.293597
48.660000026226044,64.755775,0.82636964,0.2948178
48.66999834775925,64.67978,0.82643706,0.29603857
48.680000483989716,64.65978,0.82643706,0.29603857
48.68999880552292,64.69178,0.8265044,0.29725936
48.70000094175339,64.75178,0.8265044,0.29848012
48.70999926328659,64.70378,0.8265044,0.29970092
48.72000139951706,64.68778,0.8265044,0.30092168
48.72999972105026,64.69578,0.8265044,0.30214247
48.74000185728073,64.74378,0.8265044,0.30336323
48.750000178813934,64.77578,0.8265718,0.30336323
48.75999850034714,64.75978,0.8265718,0.30458403
48.770000636577606,64.71978,0.8266391,0.3058048
48.77999895811081,64.67578,0.82670647,0.3058048
48.79000109434128,64.66778,0.82670647,0.30702558
48.79999941587448,64.69578,0.8267739,0.30824634
48.81000155210495,64.75178,0.82684124,0.30946714
48.81999987363815,64.72378,0.82690865,0.30946714
48.829998195171356,64.72378,0.82711077,0.30946714
48.840000331401825,64.71978,0.8273128,0.30946714
48.84999865293503,64.70778,0.8276497,0.30702558
48.8600007891655,64.69178,0.8281213,0.3058048
48.8699991106987,64.72778,0.8285929,0.30336323
48.88000124692917,64.72378,0.8290645,0.30214247
48.88999956846237,64.69978,0.8295361,0.29970092
48.90000170469284,64.66378,0.8300077,0.29725936
48.910000026226044,64.70778,0.83047926,0.2948178
48.91999834775925,64.68378,0.83088344,0.293597
48.930000483989716,64.68378,0.831153,0.29237625
48.93999880552292,64.71978,0.8313551,0.29237625
48.95000094175339,64.70778,0.8314898,0.29237625
48.95999926328659,64.71178,0.83162457,0.293597
48.97000139951706,64.72778,0.8316919,0.293597
48.97999972105026,64.73978,0.8318267,0.293597
48.99000185728073,64.715775,0.8318941,0.2948178
49.000000178813934,64.67978,0.8319614,0.2948178
49.00999850034714,64.655785,0.8319614,0.29603857
49.020000636577606,64.68778,0.8319614,0.29725936
49.02999895811081,64.67978,0.8319614,0.29848012
49.04000109434128,64.73178,0.8319614,0.29970092
49.04999941587448,64.75978,0.8320288,0.30092168
49.06000155210495,64.72378,0.8320288,0.30214247
49.06999987363815,64.655785,0.83209616,0.30214247
49.079998195171356,64.69178,0.83209616,0.30336323
49.090000331401825,64.70378,0.8321635,0.30458403
49.09999865293503,64.73978,0.8323657,0.30336323
49.1100007891655,64.71178,0.8325004,0.30458403
49.1199991106987,64.68378,0.83256775,0.30458403
49.13000124692917,64.68378,0.8327025,0.3058048
49.13999956846237,64.68378,0.8327699,0.3058048
49.15000170469284,64.68778,0.83290464,0.3058048
49.160000026226044,64.73978,0.8331067,0.3058048
49.16999834775925,64.73978,0.8333089,0.3058048
49.180000483989716,64.715775,0.8336457,0.30458403
49.18999880552292,64.73178,0.8341173,0.30214247
49.20000094175339,64.68778,0.8345889,0.29970092
49.20999926328659,64.69578,0.83506054,0.29725936
49.22000139951706,64.715775,0.8355995,0.29603857
49.22999972105026,64.72378,0.8361384,0.29237625
49.24000185728073,64.68378,0.8366774,0.2899347
49.250000178813934,64.66778,0.83701426,0.2887139
49.25999850034714,64.68778,0.8372163,0.2887139
49.270000636577606,64.73978,0.8372163,0.2899347
49.27999895811081,64.73978,0.8372837,0.29115546
49.29000109434128,64.71178,0.8372837,0.29237625
49.29999941587448,64.72378,0.8372837,0.293597
49.31000155210495,64.68778,0.8372837,0.293597
49.31999987363815,64.66778,0.8373511,0.2948178
49.329998195171356,64.67978,0.83741844,0.29603857
49.340000331401825,64.71978,0.83741844,0.29725936
49.34999865293503,64.70378,0.83741844,0.29725936
49.3600007891655,64.74778,0.83748585,0.29848012
49.3699991106987,64.715775,0.83748585,0.29970092
49.38000124692917,64.68778,0.83748585,0.30092168
49.38999956846237,64.65978,0.83748585,0.30214247
49.40000170469284,64.68778,0.8375532,0.30214247
49.410000026226044,64.73578,0.8375532,0.30336323
49.41999834775925,64.69178,0.8375532,0.30458403
49.430000483989716,64.67978,0.8375532,0.3058048
49.43999880552292,64.70378,0.8376206,0.30702558
49.45000094175339,64.68378,0.8376206,0.30824634
49.45999926328659,64.70778,0.83768797,0.30824634
49.47000139951706,64.74378,0.83768797,0.30946714
49.47999972105026,64.72778,0.83775526,0.3106879
49.49000185728073,64.68778,0.83775526,0.3119087
49.500000178813934,64.68378,0.8378227,0.3119087
49.50999850034714,64.74778,0.8378227,0.31312945
49.520000636577606,64.74778,0.83789,0.31435025
49.52999895811081,64.68378,0.83789,0.315571
49.54000109434128,64.627785,0.83795744,0.315571
49.54999941587448,64.671776,0.8380248,0.3167918
49.56000155210495,64.69978,0.83809215,0.31801257
49.56999987363815,64.73578,0.8382269,0.31801257
49.579998195171356,64.77978,0.83829427,0.31801257
49.590000331401825,64.715775,0.8383616,0.31923336
49.59999865293503,64.643776,0.83842903,0.31923336
49.6100007891655,64.67578,0.8384964,0.32045412
49.6199991106987,64.67978,0.83856374,0.3216749
49.63000124692917,64.715775,0.8387659,0.32045412
49.63999956846237,64.72778,0.838968,0.32045412
49.65000170469284,64.73178,0.8392375,0.31923336
49.660000026226044,64.69178,0.8395069,0.31923336
49.66999834775925,64.61978,0.83977646,0.31801257
49.680000483989716,64.66778,0.84024805,0.3167918
49.68999880552292,64.77178,0.840787,0.31312945
49.70000094175339,64.75978,0.84139335,0.3106879
49.70999926328659,64.71178,0.842067,0.30702558
49.72000139951706,64.68378,0.8428755,0.30336323
49.72999972105026,64.63978,0.8437513,0.29848012
49.74000185728073,64.66778,0.84429026,0.2948178
49.750000178813934,64.68378,0.844425,0.29603857
49.75999850034714,64.70778,0.8444924,0.29603857
49.770000636577606,64.67978,0.8445598,0.29725936
49.77999895811081,64.68378,0.8445598,0.29725936
49.79000109434128,64.715775,0.84462714,0.29848012
49.79999941587448,64.72378,0.8446945,0.29970092
49.81000155210495,64.70778,0.84476185,0.29970092
49.81999987363815,64.72378,0.84482926,0.30092168
49.829998195171356,64.70378,0.84496397,0.30092168
49.840000331401825,64.655785,0.8450314,0.30214247
49.84999865293503,64.66378,0.84523344,0.30214247
49.8600007891655,64.77578,0.84543556,0.30092168
49.8699991106987,64.77178,0.84570503,0.30092168
49.88000124692917,64.71178,0.8460419,0.29970092
49.88999956846237,64.65978,0.8466483,0.29603857
49.90000170469284,64.67578,0.8476588,0.29115546
49.910000026226044,64.74778,0.8489388,0.2838308
49.91999834775925,64.72778,0.850421,0.27406457
49.930000483989716,64.73578,0.8514316,0.2679607
49.93999880552292,64.69178,0.85203797,0.26429835
49.95000094175339,64.627785,0.85244215,0.2630776
49.95999926328659,64.627785,0.852779,0.2618568
49.97000139951706,64.69978,0.8530485,0.26063603
49.97999972105026,64.73978,0.853318,0.26063603
49.99000185728073,64.75978,0.8536548,0.25941524
50.000000178813934,64.715775,0.8539917,0.25819448
50.00999850034714,64.65978,0.8544633,0.25697368
50.020000636577606,64.66378,0.8550022,0.25331137
50.02999895811081,64.72378,0.85574335,0.24964903
50.04000109434128,64.76378,0.8563496,0.24720748
50.04999941587448,64.70778,0.8566191,0.2459867
50.06000155210495,64.65178,0.85668653,0.24720748
50.06999987363815,64.643776,0.85668653,0.24720748
50.079998195171356,64.69978,0.8567539,0.24842826
50.090000331401825,64.72778,0.8567539,0.24964903
50.09999865293503,64.73578,0.8567539,0.2508698
50.1100007891655,64.73978,0.8567539,0.25209057
50.1199991106987,64.68378,0.8567539,0.25331137
50.13000124692917,64.65978,0.8567539,0.25453213
50.13999956846237,64.68778,0.8567539,0.25453213
50.15000170469284,64.71978,0.8567539,0.25697368
50.160000026226044,64.74378,0.8567539,0.25697368
50.16999834775925,64.715775,0.8567539,0.25819448
50.180000483989716,64.67578,0.8567539,0.25941524
50.18999880552292,64.65978,0.8567539,0.26063603
50.20000094175339,64.66378,0.8567539,0.2618568
50.20999926328659,64.75178,0.8567539,0.2630776
50.22000139951706,64.77178,0.8567539,0.26429835
50.22999972105026,64.69178,0.8567539,0.26551914
50.24000185728073,64.67978,0.8567539,0.2667399
50.250000178813934,64.68378,0.8567539,0.2679607
50.25999850034714,64.68778,0.8567539,0.26918146
50.270000636577606,64.71178,0.8567539,0.27040225
50.27999895811081,64.715775,0.85682124,0.27040225
50.29000109434128,64.715775,0.85682124,0.2728438
50.29999941587448,64.67578,0.85682124,0.2728438
50.31000155210495,64.65978,0.85682124,0.27406457
50.31999987363815,64.715775,0.85682124,0.27528536
50.329998195171356,64.73978,0.85682124,0.27650613
