"TEST_HEADER_START","Data source","Date","Time","Start Timestamp","End Timestamp","Specimen identifier","TEST_HEADER_END","SPECIMEN_HEADER_START","Specimen type","Thickness (mm)","Area (sq mm)","Axial Gauge Length (mm)","Transverse Gauge Length (mm)","Grip Separation (mm)","SPECIMEN_HEADER_END","RESULTS_HEADER_START","Displacement at 0.000 N (%) ","Displacement at Maximum Load (%) ","Extension at Max Load (mm) ","Load at Break (N) ","Load at Max Position (N) ","RESULTS_HEADER_END"
"TEST_INFO_START","GAGE-6C-2026-01-22-17-34-42.mtwData","2026-01-22","17:34:42","2026-01-22 17:34:42.373","2026-01-22 17:34:42.422","10","TEST_INFO_END","SPECIMEN_INFO_START","Thickness",10.2,999999.9,7.6199994,7.6199994,25.0,"SPECIMEN_INFO_END","RESULTS_INFO_START","0.00","N/A","N/A","N/A","N/A","N/A","N/A","N/A","N/A","N/A","10.60","0.808","69.156","RESULTS_INFO_END"

"Time","Load (N)","Position (mm)","Control Out (V)"
0.0,0.11199962,0.0,0.42177868
0.009999990463256836,0.30799896,7.410782E-4,0.41689557
0.02000001072883606,0.5239982,0.0017516395,0.41201246
0.030000001192092896,0.7719974,0.0028295715,0.4046878
0.03999999165534973,1.0159966,0.003907503,0.3985839
0.050000011920928955,1.3759953,0.0052549182,0.39125922
0.06000000238418579,1.755994,0.0066023334,0.3827138
0.06999999284744263,2.0799928,0.008017119,0.37416834
0.07999998331069946,2.4239917,0.009431905,0.3656229
0.09000003337860107,2.7599905,0.01084669,0.35707745
0.10000002384185791,3.159989,0.012328847,0.34853202
0.11000001430511475,3.519988,0.013811003,0.3387658
0.12000000476837158,3.8639867,0.01522579,0.33022034
0.12999999523162842,4.2399855,0.016573204,0.3216749
0.13999998569488525,4.5359845,0.017853249,0.31435025
0.1499999761581421,4.7599835,0.01893118,0.30824634
0.1600000262260437,4.963983,0.01973963,0.30336323
0.17000001668930054,5.1839824,0.020413337,0.29970092
0.18000000715255737,5.3239822,0.020952303,0.29725936
0.1899999976158142,5.415982,0.021423899,0.2948178
0.19999998807907104,5.5079813,0.02169338,0.293597
0.20999997854232788,5.5599813,0.021828122,0.2948178
0.2200000286102295,5.563981,0.021828122,0.29603857
0.23000001907348633,5.5999813,0.021962864,0.29603857
0.24000000953674316,5.6559806,0.022232348,0.2948178
0.25,5.7159805,0.02243446,0.2948178
0.25999999046325684,5.78798,0.022771314,0.293597
0.26999998092651367,5.90798,0.02324291,0.29115546
0.2800000309944153,6.0479794,0.023781875,0.2899347
0.2900000214576721,6.135979,0.024186099,0.28749314
0.30000001192092896,6.219979,0.024522955,0.28627235
0.3100000023841858,6.283979,0.024725065,0.28627235
0.3199999928474426,6.2639785,0.024859807,0.28627235
0.32999998331069946,6.2759786,0.025061918,0.28627235
0.3400000333786011,6.319978,0.02519666,0.28627235
0.3500000238418579,6.411978,0.025331402,0.28627235
0.36000001430511475,6.439978,0.025600884,0.28627235
0.3700000047683716,6.4639783,0.025802998,0.28627235
0.3799999952316284,6.5239778,0.02600511,0.28505158
0.38999998569488525,6.6159773,0.026139852,0.28505158
0.3999999761581421,6.611977,0.026207222,0.28627235
0.4100000262260437,6.639977,0.026274594,0.28627235
0.42000001668930054,6.6639776,0.026341964,0.28749314
0.4300000071525574,6.6319776,0.026409335,0.28749314
0.4399999976158142,6.6239777,0.026476705,0.2887139
0.44999998807907104,6.6239777,0.026476705,0.2899347
0.4599999785423279,6.6679773,0.026611445,0.2899347
0.4700000286102295,6.6879773,0.026813557,0.2899347
0.48000001907348633,6.735977,0.027015671,0.2899347
0.49000000953674316,6.7799773,0.027217783,0.2899347
0.5,6.7999773,0.027419897,0.2899347
0.5099999904632568,6.8359766,0.027554637,0.2899347
0.5199999809265137,6.9119763,0.027689377,0.2899347
0.5300000309944153,6.9639764,0.027824119,0.2899347
0.5400000214576721,6.947976,0.02789149,0.29115546
0.550000011920929,6.9439764,0.02795886,0.29115546
0.5600000023841858,6.999976,0.028093603,0.29115546
0.5699999928474426,7.023976,0.028295716,0.29115546
0.5799999833106995,7.075976,0.028565198,0.2899347
0.5899999737739563,7.1759753,0.028969422,0.2899347
0.5999999642372131,7.263975,0.029373648,0.28749314
0.60999995470047,7.343975,0.0297105,0.28627235
0.6200000643730164,7.355975,0.029845241,0.28627235
0.6300000548362732,7.399975,0.029845241,0.28749314
0.64000004529953,7.4279747,0.029912613,0.28749314
0.6500000357627869,7.415975,0.029912613,0.2899347
0.6600000262260437,7.415975,0.029979983,0.2899347
0.6700000166893005,7.4079747,0.029979983,0.29115546
0.6800000071525574,7.4119744,0.030047355,0.29115546
0.6899999976158142,7.4319744,0.030047355,0.293597
0.699999988079071,7.4639745,0.030114725,0.293597
0.7099999785423279,7.4759746,0.030114725,0.2948178
0.7199999690055847,7.4519744,0.030182097,0.29603857
0.7299999594688416,7.415975,0.030182097,0.29725936
0.7399999499320984,7.459975,0.030182097,0.29725936
0.7500000596046448,7.4519744,0.030249467,0.29848012
0.7600000500679016,7.4639745,0.030316839,0.29970092
0.7700000405311584,7.4519744,0.030316839,0.29970092
0.7800000309944153,7.4439745,0.03038421,0.30092168
0.7900000214576721,7.439975,0.030451579,0.30092168
0.800000011920929,7.4719744,0.030518953,0.30214247
0.8100000023841858,7.5119743,0.030586323,0.30336323
0.8199999928474426,7.5279746,0.030586323,0.30458403
0.8299999833106995,7.5119743,0.03065369,0.30458403
0.8399999737739563,7.503975,0.030721063,0.3058048
0.8499999642372131,7.5279746,0.030721063,0.30702558
0.85999995470047,7.5279746,0.030788435,0.30702558
0.8700000643730164,7.5519743,0.030855807,0.30824634
0.8800000548362732,7.599974,0.030923175,0.30946714
0.89000004529953,7.611974,0.031057918,0.30946714
0.9000000357627869,7.5759745,0.03112529,0.30946714
0.9100000262260437,7.587974,0.031192658,0.3106879
0.9200000166893005,7.635974,0.03126003,0.3119087
0.9300000071525574,7.6719737,0.0313274,0.3119087
0.9399999976158142,7.6639743,0.03146214,0.3119087
0.949999988079071,7.6919737,0.031596884,0.3119087
0.9599999785423279,7.7479734,0.031731624,0.3119087
0.9699999690055847,7.751973,0.031933736,0.3119087
0.9799999594688416,7.7999735,0.03213585,0.3119087
0.9899999499320984,7.899973,0.03240533,0.3119087
1.0000000596046448,7.983973,0.032742187,0.3106879
1.0100000500679016,8.035973,0.03307904,0.30946714
1.0200000405311584,8.119972,0.03341589,0.30702558
1.0300000309944153,8.227972,0.03395486,0.3058048
1.0400000214576721,8.387971,0.034493826,0.30214247
1.050000011920929,8.531971,0.03503279,0.29970092
1.0600000023841858,8.74797,0.035706498,0.29725936
1.0699999928474426,8.91197,0.036447577,0.293597
1.0799999833106995,9.027969,0.036986545,0.2899347
1.0899999737739563,9.107969,0.037121285,0.2899347
1.0999999642372131,9.143969,0.037121285,0.29115546
1.10999995470047,9.135968,0.037121285,0.29237625
1.1200000643730164,9.11597,0.037121285,0.293597
1.1300000548362732,9.123969,0.037121285,0.2948178
1.14000004529953,9.123969,0.037121285,0.29603857
1.1500000357627869,9.111969,0.037121285,0.29725936
1.1600000262260437,9.123969,0.037188653,0.29725936
1.1700000166893005,9.147969,0.037256025,0.29848012
1.1800000071525574,9.155969,0.037323397,0.29970092
1.1899999976158142,9.1319685,0.037323397,0.29970092
1.199999988079071,9.147969,0.03739077,0.30092168
1.2099999785423279,9.155969,0.037458137,0.30092168
1.2199999690055847,9.155969,0.03752551,0.30214247
1.2299999594688416,9.167969,0.03759288,0.30336323
1.2399999499320984,9.211968,0.03772762,0.30336323
1.2500000596046448,9.195969,0.037794992,0.30336323
1.2600000500679016,9.183969,0.037862364,0.30458403
1.2700000405311584,9.239968,0.037997104,0.30458403
1.2800000309944153,9.335968,0.038199216,0.30458403
1.2900000214576721,9.395968,0.03853607,0.30336323
1.300000011920929,9.511968,0.039007667,0.30092168
1.3100000023841858,9.647967,0.039681375,0.29848012
1.3199999928474426,9.807966,0.040489823,0.293597
1.3299999833106995,10.075965,0.041433014,0.2887139
1.3399999737739563,10.367965,0.04264569,0.28138924
1.3499999642372131,10.727963,0.04379099,0.27406457
1.35999995470047,10.931962,0.044532068,0.27040225
1.3700000643730164,11.091963,0.045138404,0.2667399
1.3800000548362732,11.203961,0.045542628,0.26551914
1.39000004529953,11.303962,0.045879483,0.26429835
1.4000000357627869,11.379961,0.046216335,0.2630776
1.4100000262260437,11.48396,0.04655319,0.2618568
1.4200000166893005,11.59996,0.047024786,0.25941524
1.4300000071525574,11.71196,0.04756375,0.25697368
1.4399999976158142,11.871959,0.04830483,0.25331137
1.449999988079071,12.095959,0.049113277,0.24964903
1.4599999785423279,12.279958,0.0495175,0.24720748
1.4699999690055847,12.379957,0.049584873,0.24842826
1.4799999594688416,12.327958,0.049584873,0.24842826
1.4899999499320984,12.307959,0.049584873,0.2508698
1.5000000596046448,12.263958,0.049584873,0.2508698
1.5100000500679016,12.239959,0.049584873,0.25209057
1.5200000405311584,12.267959,0.049584873,0.25331137
1.5300000309944153,12.287958,0.049584873,0.25453213
1.5400000214576721,12.263958,0.049584873,0.25575292
1.5499998927116394,12.239959,0.049584873,0.25697368
1.5600001215934753,12.255959,0.049584873,0.25819448
1.5700001120567322,12.247958,0.049584873,0.25941524
1.580000102519989,12.235958,0.049584873,0.26063603
1.5900000929832458,12.255959,0.049584873,0.2618568
1.6000000834465027,12.239959,0.049584873,0.2630776
1.6100000739097595,12.195958,0.049584873,0.26429835
1.6200000643730164,12.155958,0.049584873,0.26551914
1.6300000548362732,12.195958,0.049584873,0.26551914
1.64000004529953,12.187959,0.049584873,0.2679607
1.6500000357627869,12.147959,0.049584873,0.2679607
1.6600000262260437,12.135959,0.049584873,0.27040225
1.6700000166893005,12.159959,0.049584873,0.27040225
1.6800000071525574,12.179958,0.049652245,0.27162302
1.6899999976158142,12.187959,0.049652245,0.2728438
1.699999988079071,12.167958,0.049652245,0.27406457
1.7099999785423279,12.163959,0.049652245,0.27528536
1.7199999690055847,12.131959,0.049652245,0.27650613
1.7299999594688416,12.099958,0.049652245,0.27772692
1.7399999499320984,12.12396,0.049652245,0.27772692
1.7499999403953552,12.111959,0.049652245,0.28016847
1.759999930858612,12.119959,0.049652245,0.28016847
1.769999921321869,12.107959,0.049652245,0.28138924
1.7799999117851257,12.087958,0.049652245,0.28261003
1.7899999022483826,12.0719595,0.049719617,0.2838308
1.7999998927116394,12.107959,0.049719617,0.28505158
1.8100001215934753,12.135959,0.049719617,0.28627235
1.8200001120567322,12.155958,0.049786985,0.28627235
1.830000102519989,12.119959,0.049854357,0.28749314
1.8400000929832458,12.111959,0.049854357,0.2887139
1.8500000834465027,12.107959,0.04992173,0.2899347
1.8600000739097595,12.119959,0.049989097,0.2899347
1.8700000643730164,12.151959,0.05005647,0.29115546
1.8800000548362732,12.191959,0.05005647,0.29115546
1.89000004529953,12.155958,0.05012384,0.29237625
1.9000000357627869,12.12396,0.05025858,0.29237625
1.9100000262260437,12.155958,0.050325952,0.293597
1.9200000166893005,12.207958,0.050393324,0.293597
1.9300000071525574,12.255959,0.050528064,0.293597
1.9399999976158142,12.303958,0.050662808,0.2948178
1.949999988079071,12.347958,0.05079755,0.2948178
1.9599999785423279,12.359958,0.05099966,0.2948178
1.9699999690055847,12.363958,0.051201772,0.293597
1.9799999594688416,12.447957,0.051538624,0.293597
1.9899999499320984,12.583957,0.05201022,0.29115546
1.9999999403953552,12.7319565,0.05261656,0.28749314
2.009999930858612,12.899957,0.053425007,0.2838308
2.019999921321869,13.167955,0.05443557,0.27772692
2.0299999117851257,13.459954,0.055513497,0.27162302
2.0399999022483826,13.679953,0.05618721,0.2679607
2.0499998927116394,13.791953,0.05638932,0.2679607
2.0600001215934753,13.823953,0.05638932,0.26918146
2.070000112056732,13.783954,0.05638932,0.27040225
2.080000102519989,13.755953,0.05638932,0.27162302
2.090000092983246,13.799953,0.05638932,0.27162302
2.1000000834465027,13.811954,0.05638932,0.27406457
2.1100000739097595,13.807953,0.05638932,0.27406457
2.1200000643730164,13.787952,0.056456693,0.27528536
2.130000054836273,13.795953,0.056456693,0.27650613
2.14000004529953,13.7599535,0.056456693,0.27772692
2.150000035762787,13.735953,0.056456693,0.27894768
2.1600000262260437,13.783954,0.056456693,0.28016847
2.1700000166893005,13.787952,0.05652406,0.28138924
2.1800000071525574,13.755953,0.05652406,0.28138924
2.189999997615814,13.727953,0.056591433,0.28261003
2.199999988079071,13.731954,0.056658804,0.28261003
2.209999978542328,13.775952,0.056658804,0.2838308
2.2199999690055847,13.767953,0.056658804,0.28505158
2.2299999594688416,13.743954,0.056658804,0.28627235
2.2399999499320984,13.787952,0.056726176,0.28749314
2.2499999403953552,13.755953,0.056726176,0.2887139
2.259999930858612,13.747952,0.056793544,0.2887139
2.269999921321869,13.779953,0.056860916,0.2899347
2.2799999117851257,13.791953,0.05692829,0.2899347
2.2899999022483826,13.803953,0.05699566,0.29115546
2.2999998927116394,13.803953,0.05706303,0.29115546
2.3100001215934753,13.835953,0.05726514,0.29115546
2.320000112056732,13.859953,0.057467252,0.29115546
2.330000102519989,13.935952,0.057804104,0.2899347
2.340000092983246,14.059952,0.05814096,0.2887139
2.3500000834465027,14.235951,0.058679927,0.28627235
2.3600000739097595,14.355951,0.059421003,0.28261003
2.3700000643730164,14.563951,0.060296822,0.27772692
2.380000054836273,14.83195,0.061240006,0.2728438
2.39000004529953,15.023949,0.06184635,0.26918146
2.400000035762787,15.111949,0.06204846,0.26918146
2.4100000262260437,15.167949,0.06204846,0.27040225
2.4200000166893005,15.155948,0.06204846,0.27162302
2.4300000071525574,15.123949,0.06204846,0.27162302
2.439999997615814,15.0919485,0.06204846,0.27406457
2.449999988079071,15.127948,0.06204846,0.27406457
2.459999978542328,15.151949,0.06204846,0.27650613
2.4699999690055847,15.135948,0.06204846,0.27650613
2.4799999594688416,15.115948,0.06204846,0.27772692
2.4899999499320984,15.135948,0.06204846,0.27894768
2.4999999403953552,15.095948,0.06204846,0.28016847
2.509999930858612,15.087948,0.06204846,0.28138924
2.519999921321869,15.0919485,0.06211583,0.28138924
2.5299999117851257,15.079948,0.06211583,0.2838308
2.5399999022483826,15.047948,0.06211583,0.2838308
2.5499998927116394,15.035949,0.06211583,0.28627235
2.5600001215934753,15.047948,0.06211583,0.28627235
2.570000112056732,15.051949,0.06211583,0.28749314
2.580000102519989,15.023949,0.06211583,0.2887139
2.590000092983246,15.063949,0.06211583,0.2899347
2.6000000834465027,15.051949,0.06211583,0.29115546
2.6100000739097595,15.043949,0.06211583,0.29237625
2.6200000643730164,15.031949,0.06211583,0.293597
2.630000054836273,15.047948,0.06211583,0.2948178
2.64000004529953,15.003949,0.06211583,0.29603857
2.650000035762787,14.971949,0.06211583,0.29725936
2.6600000262260437,14.979948,0.06211583,0.29848012
2.6700000166893005,14.979948,0.06211583,0.29970092
2.6800000071525574,14.959949,0.06211583,0.30092168
2.689999997615814,14.975949,0.06211583,0.30092168
2.699999988079071,15.003949,0.062183198,0.30214247
2.709999978542328,14.995949,0.062183198,0.30336323
2.7199999690055847,14.96795,0.062183198,0.30458403
2.7299999594688416,14.979948,0.062250573,0.3058048
2.7399999499320984,15.011949,0.06231794,0.3058048
2.7499999403953552,15.011949,0.062385317,0.30702558
2.759999930858612,15.00795,0.062385317,0.30824634
2.769999921321869,15.015949,0.062452685,0.30824634
2.7799999117851257,14.959949,0.062452685,0.30946714
2.7899999022483826,14.96795,0.062452685,0.3106879
2.7999998927116394,14.963949,0.06252005,0.3119087
2.8100001215934753,15.003949,0.06252005,0.31312945
2.820000112056732,15.031949,0.062587425,0.31312945
2.830000102519989,15.023949,0.06265479,0.31435025
2.840000092983246,15.059949,0.06272216,0.315571
2.8500000834465027,15.067948,0.06278954,0.315571
2.8600000739097595,15.071949,0.06292427,0.315571
2.8700000643730164,15.135948,0.06312639,0.315571
2.880000054836273,15.219949,0.06346324,0.31435025
2.89000004529953,15.275948,0.0638001,0.31312945
2.900000035762787,15.343947,0.06420432,0.3119087
2.9100000262260437,15.479947,0.06467592,0.30946714
2.9200000166893005,15.647947,0.065282255,0.30702558
2.9300000071525574,15.8439455,0.066023335,0.30336323
2.939999997615814,16.055946,0.06689915,0.29725936
2.949999988079071,16.283945,0.06764023,0.293597
2.959999978542328,16.463943,0.06811183,0.29115546
2.9699999690055847,16.487944,0.0681792,0.29237625
2.9799999594688416,16.527945,0.0681792,0.293597
2.9899999499320984,16.547943,0.068246566,0.293597
2.9999999403953552,16.523943,0.068246566,0.2948178
3.009999930858612,16.499945,0.068246566,0.29603857
3.019999921321869,16.499945,0.06831394,0.29725936
3.0299999117851257,16.499945,0.06831394,0.29848012
3.0399999022483826,16.499945,0.06831394,0.29970092
3.0499998927116394,16.479944,0.06831394,0.30092168
3.0600001215934753,16.515944,0.06831394,0.30092168
3.070000112056732,16.483944,0.06831394,0.30214247
3.080000102519989,16.471945,0.06838131,0.30336323
3.090000092983246,16.515944,0.06838131,0.30458403
3.1000000834465027,16.503942,0.06838131,0.3058048
3.1100000739097595,16.475943,0.068448685,0.3058048
3.1200000643730164,16.471945,0.06851605,0.30702558
3.130000054836273,16.487944,0.06851605,0.30824634
3.14000004529953,16.455944,0.06858342,0.30946714
3.150000035762787,16.487944,0.0686508,0.30946714
3.1600000262260437,16.523943,0.068718165,0.3106879
3.1700000166893005,16.555943,0.06878553,0.3106879
3.1800000071525574,16.531944,0.06885291,0.3119087
3.189999997615814,16.559944,0.06905502,0.3119087
3.199999988079071,16.627943,0.0693245,0.3106879
3.209999978542328,16.727943,0.06966136,0.30946714
3.2199999690055847,16.831944,0.07013295,0.30824634
3.2299999594688416,16.971941,0.07060454,0.3058048
3.2399999499320984,17.091942,0.07121088,0.30336323
3.2499999403953552,17.25194,0.07181722,0.29970092
3.259999930858612,17.44794,0.0725583,0.2948178
3.269999921321869,17.683939,0.07343412,0.29115546
3.2799999117851257,17.923939,0.07424256,0.28627235
3.2899999022483826,18.099937,0.07478153,0.2838308
3.2999998927116394,18.211939,0.075118385,0.28138924
3.3100001215934753,18.267939,0.0753205,0.28138924
3.320000112056732,18.271936,0.075387865,0.28261003
3.330000102519989,18.283937,0.07545524,0.2838308
3.340000092983246,18.327938,0.07552261,0.2838308
3.3500000834465027,18.351936,0.07565735,0.2838308
3.3600000739097595,18.343937,0.07579209,0.2838308
3.3700000643730164,18.363937,0.075859465,0.28505158
3.380000054836273,18.403938,0.07606158,0.28505158
3.39000004529953,18.471937,0.07633106,0.28505158
3.400000035762787,18.547937,0.07666791,0.28261003
3.4100000262260437,18.671936,0.07713951,0.28138924
3.4200000166893005,18.803936,0.07767848,0.27772692
3.4300000071525574,18.907936,0.07821744,0.27650613
3.439999997615814,19.059935,0.07868903,0.27406457
3.449999988079071,19.195934,0.079228,0.27162302
3.459999978542328,19.335934,0.0796996,0.26918146
3.4699999690055847,19.419933,0.08010382,0.2679607
3.4799999594688416,19.531935,0.080238566,0.2679607
3.4899999499320984,19.551933,0.080305934,0.2679607
3.4999999403953552,19.535933,0.0803733,0.26918146
3.509999930858612,19.559933,0.0803733,0.27040225
3.519999921321869,19.539934,0.08044068,0.27040225
3.5299999117851257,19.523933,0.08044068,0.27162302
3.5399999022483826,19.507933,0.080508046,0.2728438
3.5500001311302185,19.519934,0.080508046,0.27406457
3.5599998831748962,19.543934,0.080575414,0.27406457
3.570000112056732,19.551933,0.08064279,0.27528536
3.57999986410141,19.531935,0.08064279,0.27650613
3.590000092983246,19.547934,0.08064279,0.27772692
3.5999998450279236,19.499933,0.08064279,0.27894768
3.6100000739097595,19.483934,0.08071016,0.27894768
3.6199998259544373,19.515934,0.08071016,0.28016847
3.630000054836273,19.559933,0.0808449,0.28016847
3.639999806880951,19.543934,0.08091227,0.28138924
3.650000035762787,19.547934,0.08091227,0.28261003
3.6599997878074646,19.551933,0.08091227,0.2838308
3.6700000166893005,19.551933,0.08091227,0.28505158
3.6799997687339783,19.527933,0.080979645,0.28505158
3.689999997615814,19.551933,0.080979645,0.28627235
3.70000022649765,19.567934,0.08104701,0.28749314
3.709999978542328,19.543934,0.08104701,0.2887139
3.720000207424164,19.551933,0.08118176,0.2887139
3.7299999594688416,19.571934,0.081249125,0.2899347
3.7400001883506775,19.587933,0.08131649,0.2899347
3.7499999403953552,19.591934,0.08145124,0.29115546
3.760000169277191,19.635933,0.081518605,0.29115546
3.769999921321869,19.675934,0.08165335,0.29115546
3.780000150203705,19.663935,0.08178809,0.29115546
3.7899999022483826,19.691933,0.08192284,0.29115546
3.8000001311302185,19.74393,0.08212494,0.29115546
3.8099998831748962,19.819933,0.08232705,0.29115546
3.820000112056732,19.883932,0.08273128,0.2899347
3.82999986410141,19.999931,0.083202876,0.28749314
3.840000092983246,20.17593,0.08380921,0.2838308
3.8499998450279236,20.323933,0.08448292,0.28016847
3.8600000739097595,20.49193,0.08515663,0.27772692
3.8699998259544373,20.719929,0.08576297,0.27406457
3.880000054836273,20.84793,0.086234555,0.27162302
3.889999806880951,20.931929,0.08657141,0.27040225
3.900000035762787,20.971928,0.08677352,0.27040225
3.9099997878074646,21.02393,0.08684089,0.27162302
3.9200000166893005,21.047928,0.086975634,0.27162302
3.9299997687339783,21.043926,0.086975634,0.2728438
3.939999997615814,21.051928,0.086975634,0.27406457
3.95000022649765,21.039928,0.086975634,0.27528536
3.959999978542328,21.047928,0.087043,0.27650613
3.970000207424164,21.031929,0.087043,0.27650613
3.9799999594688416,21.067928,0.08711038,0.27772692
3.9900001883506775,21.047928,0.087177746,0.27772692
3.9999999403953552,21.02393,0.087177746,0.28016847
4.010000169277191,21.035929,0.087177746,0.28016847
4.019999921321869,21.031929,0.08724512,0.28138924
4.030000150203705,21.02393,0.08724512,0.28261003
4.039999902248383,21.031929,0.08724512,0.2838308
4.0500001311302185,21.039928,0.08731249,0.2838308
4.059999883174896,21.035929,0.08737986,0.28505158
4.070000112056732,21.01993,0.08737986,0.28627235
4.07999986410141,20.99993,0.08737986,0.28749314
4.090000092983246,21.059929,0.08744723,0.28749314
4.099999845027924,21.05593,0.08744723,0.2887139
4.1100000739097595,21.067928,0.08744723,0.2899347
4.119999825954437,21.05593,0.0875146,0.29115546
4.130000054836273,21.039928,0.08758197,0.29115546
4.139999806880951,21.02393,0.087649345,0.29237625
4.150000035762787,21.043926,0.08771671,0.293597
4.159999787807465,21.087927,0.08771671,0.293597
4.1700000166893005,21.083927,0.08778409,0.2948178
4.179999768733978,21.07993,0.087918825,0.29603857
4.189999997615814,21.111929,0.08805357,0.29603857
4.20000022649765,21.15993,0.08825568,0.2948178
4.209999978542328,21.231928,0.08852517,0.293597
4.220000207424164,21.307928,0.08892939,0.293597
4.2299999594688416,21.463926,0.08946836,0.2899347
4.2400001883506775,21.635927,0.090074696,0.28749314
4.249999940395355,21.755926,0.0907484,0.2838308
4.260000169277191,21.935926,0.091354735,0.28016847
4.269999921321869,22.115925,0.09196107,0.27772692
4.280000150203705,22.243925,0.09243267,0.27528536
4.289999902248383,22.367924,0.09270215,0.27406457
4.3000001311302185,22.395924,0.092769526,0.27528536
4.309999883174896,22.375923,0.092769526,0.27650613
4.320000112056732,22.351923,0.092769526,0.27772692
4.32999986410141,22.371923,0.092769526,0.27894768
4.340000092983246,22.399925,0.092769526,0.28016847
4.349999845027924,22.363924,0.092769526,0.28138924
4.3600000739097595,22.351923,0.092769526,0.28261003
4.369999825954437,22.371923,0.092769526,0.2838308
4.380000054836273,22.331924,0.092769526,0.28505158
4.389999806880951,22.319925,0.092769526,0.28627235
4.400000035762787,22.315924,0.092836894,0.28627235
4.409999787807465,22.311924,0.092836894,0.28749314
4.4200000166893005,22.287924,0.092836894,0.2887139
4.429999768733978,22.267923,0.09290426,0.2899347
4.439999997615814,22.315924,0.09290426,0.2899347
4.45000022649765,22.331924,0.09290426,0.29115546
4.459999978542328,22.319925,0.09290426,0.29237625
4.470000207424164,22.283924,0.09290426,0.293597
4.4799999594688416,22.303925,0.09297164,0.2948178
4.4900001883506775,22.291924,0.093039006,0.29603857
4.499999940395355,22.291924,0.093039006,0.29603857
4.510000169277191,22.303925,0.093039006,0.29725936
4.519999921321869,22.299925,0.093039006,0.29848012
4.530000150203705,22.251923,0.093106374,0.29970092
4.539999902248383,22.251923,0.09317375,0.29970092
4.5500001311302185,22.275925,0.09317375,0.30092168
4.559999883174896,22.295923,0.09324112,0.30214247
4.570000112056732,22.303925,0.09324112,0.30336323
4.57999986410141,22.335924,0.09330849,0.30336323
4.590000092983246,22.331924,0.09330849,0.3058048
4.599999845027924,22.287924,0.09337586,0.3058048
4.6100000739097595,22.299925,0.09337586,0.30702558
4.619999825954437,22.343925,0.09337586,0.30824634
4.630000054836273,22.331924,0.09344323,0.30824634
4.639999806880951,22.315924,0.09344323,0.30946714
4.650000035762787,22.323925,0.093510605,0.3106879
4.659999787807465,22.335924,0.09364534,0.3106879
4.6700000166893005,22.363924,0.09384745,0.3106879
4.679999768733978,22.423923,0.09404957,0.3106879
4.689999997615814,22.495924,0.09418431,0.3106879
4.70000022649765,22.523922,0.09425168,0.3119087
4.709999978542328,22.519922,0.09438641,0.3119087
4.720000207424164,22.543922,0.0946559,0.3119087
4.7299999594688416,22.619923,0.09492538,0.30946714
4.7400001883506775,22.739922,0.09539698,0.30824634
4.749999940395355,22.867924,0.09600332,0.3058048
4.760000169277191,23.059921,0.09667703,0.30214247
4.769999921321869,23.267921,0.09741811,0.29725936
4.780000150203705,23.41192,0.09802444,0.2948178
4.789999902248383,23.55592,0.09842866,0.29237625
4.8000001311302185,23.64392,0.09863077,0.29237625
4.809999883174896,23.671919,0.09863077,0.293597
4.820000112056732,23.66392,0.09863077,0.2948178
4.82999986410141,23.671919,0.09863077,0.29603857
4.840000092983246,23.66392,0.09869815,0.29725936
4.849999845027924,23.63992,0.09869815,0.29725936
4.8600000739097595,23.651918,0.09869815,0.29848012
4.869999825954437,23.65992,0.09869815,0.29970092
4.880000054836273,23.62392,0.09869815,0.30092168
4.889999806880951,23.595919,0.09869815,0.30214247
4.900000035762787,23.61192,0.098765515,0.30336323
4.909999787807465,23.627918,0.098765515,0.30458403
4.9200000166893005,23.62392,0.098765515,0.3058048
4.929999768733978,23.60392,0.09883289,0.3058048
4.939999997615814,23.61592,0.09890026,0.30702558
4.95000022649765,23.62392,0.09890026,0.30824634
4.959999978542328,23.62392,0.09896763,0.30824634
4.970000207424164,23.63992,0.099035,0.30946714
4.9799999594688416,23.68392,0.09916974,0.30946714
4.9900001883506775,23.695919,0.09930448,0.30946714
4.999999940395355,23.731918,0.099506594,0.30946714
5.010000169277191,23.775919,0.099708706,0.30946714
5.019999921321869,23.807919,0.09984345,0.30946714
5.030000150203705,23.83992,0.09991082,0.30946714
5.039999902248383,23.87192,0.10004556,0.3106879
5.0500001311302185,23.887918,0.10011293,0.3106879
5.059999883174896,23.883919,0.100180306,0.3119087
5.070000112056732,23.887918,0.10031505,0.3119087
5.07999986410141,23.947918,0.10051716,0.3119087
5.090000092983246,24.019918,0.10071927,0.3119087
5.099999845027924,24.043919,0.100921385,0.3119087
5.1100000739097595,24.13192,0.101190865,0.3106879
5.119999825954437,24.215918,0.10146035,0.30946714
5.130000054836273,24.263918,0.10186458,0.30824634
5.139999806880951,24.375917,0.10233617,0.3058048
5.150000035762787,24.531918,0.102942504,0.30336323
5.159999787807465,24.727917,0.10354884,0.30092168
5.1700000166893005,24.871914,0.10408781,0.29725936
5.179999768733978,24.987913,0.10455941,0.2948178
5.189999997615814,25.127914,0.104896255,0.293597
5.20000022649765,25.163914,0.105031,0.293597
5.209999978542328,25.167913,0.105098374,0.2948178
5.220000207424164,25.207914,0.10516574,0.29603857
5.2299999594688416,25.227915,0.10516574,0.29725936
5.2400001883506775,25.191914,0.10516574,0.29725936
5.249999940395355,25.171915,0.10516574,0.29970092
5.260000169277191,25.183914,0.10523311,0.29970092
5.269999921321869,25.199915,0.105300486,0.30092168
5.280000150203705,25.187914,0.105367854,0.30092168
5.289999902248383,25.199915,0.105367854,0.30214247
5.3000001311302185,25.195915,0.10543522,0.30336323
5.309999883174896,25.191914,0.1055026,0.30336323
5.320000112056732,25.191914,0.105569966,0.30458403
5.32999986410141,25.251915,0.105637334,0.3058048
5.340000092983246,25.223913,0.10570471,0.3058048
5.349999845027924,25.243914,0.10583945,0.3058048
5.3600000739097595,25.287914,0.106041566,0.3058048
5.369999825954437,25.379913,0.10624367,0.3058048
5.380000054836273,25.391914,0.106378414,0.3058048
5.389999806880951,25.451914,0.106647894,0.30458403
5.400000035762787,25.523914,0.10698475,0.30336323
5.409999787807465,25.655912,0.10745634,0.30092168
5.4200000166893005,25.775913,0.10813005,0.29848012
5.429999768733978,25.955912,0.1089385,0.293597
5.439999997615814,26.227911,0.10981432,0.2887139
5.45000022649765,26.523909,0.11089225,0.28261003
5.459999978542328,26.815908,0.111970186,0.27650613
5.470000207424164,27.055908,0.1126439,0.2728438
5.4799999594688416,27.151907,0.112980746,0.27162302
5.4900001883506775,27.183907,0.11304812,0.27162302
5.499999940395355,27.175907,0.11304812,0.27406457
5.510000169277191,27.195908,0.11304812,0.27406457
5.519999921321869,27.191908,0.11304812,0.27650613
5.530000150203705,27.155909,0.11304812,0.27650613
5.539999902248383,27.155909,0.11304812,0.27772692
5.5500001311302185,27.143906,0.11304812,0.27894768
5.559999883174896,27.139908,0.11304812,0.28016847
5.570000112056732,27.151907,0.11311549,0.28138924
5.57999986410141,27.155909,0.11311549,0.28138924
5.590000092983246,27.131908,0.11318286,0.28261003
5.599999845027924,27.083908,0.11318286,0.2838308
5.6100000739097595,27.111908,0.11325023,0.28505158
5.619999825954437,27.11991,0.11325023,0.28627235
5.630000054836273,27.103907,0.11325023,0.28749314
5.639999806880951,27.107906,0.1133176,0.28749314
5.650000035762787,27.11991,0.11338498,0.2887139
5.659999787807465,27.127907,0.113452345,0.2887139
5.6700000166893005,27.11991,0.11351971,0.2899347
5.679999768733978,27.147907,0.11358709,0.2899347
5.689999997615814,27.19991,0.1137892,0.2899347
5.70000022649765,27.211908,0.11392394,0.2899347
5.709999978542328,27.219908,0.11412606,0.29115546
5.720000207424164,27.275908,0.114260785,0.2899347
5.7299999594688416,27.331907,0.11453027,0.2899347
5.7400001883506775,27.387907,0.114732385,0.2899347
5.749999940395355,27.455906,0.115001865,0.2887139
5.760000169277191,27.547907,0.115406096,0.28749314
5.769999921321869,27.667904,0.115945056,0.2838308
5.780000150203705,27.831905,0.1165514,0.28138924
5.789999902248383,28.055902,0.11735985,0.27650613
5.8000001311302185,28.251904,0.11803356,0.27406457
5.809999883174896,28.375904,0.11830303,0.2728438
5.820000112056732,28.403904,0.11837041,0.27406457
5.82999986410141,28.395903,0.11837041,0.27406457
5.840000092983246,28.351902,0.11837041,0.27650613
5.849999845027924,28.335903,0.11837041,0.27650613
5.8600000739097595,28.391903,0.11837041,0.27772692
5.869999825954437,28.403904,0.11837041,0.27894768
5.880000054836273,28.351902,0.11837041,0.28016847
5.889999806880951,28.311903,0.11837041,0.28138924
5.900000035762787,28.315903,0.11837041,0.28261003
5.909999787807465,28.335903,0.118437774,0.2838308
5.9200000166893005,28.315903,0.118437774,0.28505158
5.929999768733978,28.315903,0.118437774,0.28627235
5.939999997615814,28.299904,0.118437774,0.28627235
5.95000022649765,28.255903,0.118437774,0.28749314
5.959999978542328,28.243904,0.118437774,0.2887139
5.970000207424164,28.263905,0.118437774,0.2899347
5.9799999594688416,28.247906,0.118437774,0.29115546
5.9900001883506775,28.243904,0.118437774,0.29237625
5.999999940395355,28.259903,0.118437774,0.293597
6.010000169277191,28.247906,0.118437774,0.2948178
6.019999921321869,28.215904,0.118437774,0.29603857
6.030000150203705,28.223904,0.118437774,0.29725936
6.039999902248383,28.247906,0.118437774,0.29848012
6.0500001311302185,28.227905,0.11850514,0.29970092
6.059999883174896,28.159904,0.11850514,0.29970092
6.070000112056732,28.167904,0.11850514,0.30092168
6.07999986410141,28.191902,0.11850514,0.30214247
6.090000092983246,28.203905,0.11857252,0.30336323
6.099999845027924,28.183905,0.11857252,0.30458403
6.1100000739097595,28.223904,0.11863989,0.3058048
6.119999825954437,28.211903,0.118707255,0.3058048
6.130000054836273,28.187904,0.118707255,0.30702558
6.139999806880951,28.203905,0.11877463,0.30702558
6.150000035762787,28.199903,0.11877463,0.30824634
6.159999787807465,28.215904,0.118842,0.30946714
6.1700000166893005,28.199903,0.118842,0.3106879
6.179999768733978,28.207905,0.118842,0.3119087
6.189999997615814,28.195904,0.118909374,0.3119087
6.20000022649765,28.167904,0.118909374,0.31312945
6.209999978542328,28.203905,0.11897674,0.31435025
6.220000207424164,28.283905,0.119178854,0.31435025
6.2299999594688416,28.259903,0.11924622,0.31435025
6.2400001883506775,28.295904,0.119380966,0.315571
6.249999940395355,28.343904,0.11951571,0.315571
6.260000169277191,28.423904,0.11978519,0.31435025
6.269999921321869,28.479904,0.12018942,0.31312945
6.280000150203705,28.583902,0.12072838,0.3106879
6.289999902248383,28.787903,0.12146946,0.3058048
6.3000001311302185,29.015902,0.12234529,0.30092168
6.309999883174896,29.275902,0.12349059,0.2948178
6.320000112056732,29.627901,0.12456852,0.28749314
6.32999986410141,29.875898,0.12517485,0.28505158
6.340000092983246,29.943897,0.1253096,0.28505158
6.349999845027924,29.955898,0.1253096,0.28627235
6.3600000739097595,29.943897,0.1253096,0.28749314
6.369999825954437,29.9359,0.1253096,0.2887139
6.380000054836273,29.919897,0.1253096,0.2899347
6.389999806880951,29.951899,0.1253096,0.29115546
6.400000035762787,29.9159,0.1253096,0.29237625
6.409999787807465,29.867897,0.12537697,0.293597
6.4200000166893005,29.863897,0.12537697,0.293597
6.429999768733978,29.871899,0.12537697,0.29603857
6.439999997615814,29.875898,0.12537697,0.29603857
6.45000022649765,29.851898,0.12537697,0.29725936
6.459999978542328,29.831898,0.12537697,0.29848012
6.470000207424164,29.855898,0.12537697,0.29970092
6.4799999594688416,29.823898,0.12544434,0.30092168
6.4900001883506775,29.815899,0.12544434,0.30214247
6.499999940395355,29.8399,0.12544434,0.30336323
6.510000169277191,29.847898,0.12551172,0.30336323
6.519999921321869,29.843897,0.12551172,0.30458403
6.530000150203705,29.823898,0.12557907,0.3058048
6.539999902248383,29.815899,0.12557907,0.30702558
6.5500001311302185,29.807898,0.12564646,0.30702558
6.559999883174896,29.827898,0.12564646,0.30824634
6.570000112056732,29.871899,0.1257812,0.30824634
6.57999986410141,29.895899,0.1259833,0.30824634
6.590000092983246,29.9359,0.12625279,0.30702558
6.599999845027924,30.019897,0.12665701,0.3058048
6.6100000739097595,30.187899,0.12719598,0.30336323
6.619999825954437,30.307898,0.12780233,0.30092168
6.630000054836273,30.487896,0.12847602,0.29725936
6.639999806880951,30.727896,0.12928447,0.29237625
6.650000035762787,30.935894,0.13009292,0.2887139
6.659999787807465,31.091894,0.13056453,0.28627235
6.6700000166893005,31.123896,0.1306319,0.28627235
6.679999768733978,31.151894,0.13069926,0.28749314
6.689999997615814,31.159895,0.13069926,0.2887139
6.70000022649765,31.139894,0.13069926,0.2899347
6.709999978542328,31.151894,0.13076663,0.2899347
6.720000207424164,31.159895,0.13076663,0.29115546
6.7299999594688416,31.155893,0.13083401,0.29237625
6.7400001883506775,31.163893,0.13090137,0.29237625
6.749999940395355,31.175894,0.13090137,0.293597
6.760000169277191,31.155893,0.13090137,0.2948178
6.769999921321869,31.151894,0.13096875,0.29603857
6.780000150203705,31.167892,0.13103612,0.29603857
6.789999902248383,31.147894,0.13103612,0.29725936
6.8000001311302185,31.131893,0.13110349,0.29848012
6.809999883174896,31.155893,0.13123824,0.29848012
6.820000112056732,31.215895,0.13130559,0.29970092
6.82999986410141,31.215895,0.13137297,0.29970092
6.840000092983246,31.183893,0.13137297,0.30092168
6.849999845027924,31.191895,0.13137297,0.30214247
6.8600000739097595,31.227894,0.13137297,0.30336323
6.869999825954437,31.191895,0.13144034,0.30458403
6.880000054836273,31.207893,0.13157508,0.30458403
6.889999806880951,31.207893,0.13170983,0.30458403
6.900000035762787,31.223892,0.1317772,0.3058048
6.909999787807465,31.279892,0.13191195,0.3058048
6.9200000166893005,31.303892,0.13204668,0.3058048
6.929999768733978,31.355894,0.13218142,0.3058048
6.939999997615814,31.371893,0.13238353,0.3058048
6.95000022649765,31.399893,0.13265301,0.30458403
6.959999978542328,31.519892,0.13305724,0.30336323
6.970000207424164,31.655891,0.13352883,0.30092168
6.9799999594688416,31.77189,0.13400044,0.29970092
6.9900001883506775,31.919893,0.1345394,0.29725936
6.999999940395355,32.05989,0.13507837,0.2948178
7.010000169277191,32.17989,0.13561733,0.29115546
7.019999921321869,32.29989,0.13608892,0.2899347
7.030000150203705,32.447887,0.13656051,0.28749314
7.039999902248383,32.571888,0.13682999,0.28627235
7.0500001311302185,32.63189,0.13709947,0.28627235
7.059999883174896,32.66789,0.1373016,0.28627235
7.070000112056732,32.73589,0.13757108,0.28505158
7.07999986410141,32.76389,0.13770582,0.28505158
7.090000092983246,32.775887,0.13777319,0.28627235
7.099999845027924,32.79189,0.13784057,0.28627235
7.1100000739097595,32.843887,0.1379753,0.28627235
7.119999825954437,32.85189,0.13817741,0.28627235
7.130000054836273,32.88389,0.13837953,0.28627235
7.139999806880951,32.939888,0.13851428,0.28627235
7.150000035762787,32.96389,0.13864902,0.28749314
7.159999787807465,32.983887,0.13871638,0.28749314
7.1700000166893005,32.983887,0.13885112,0.28749314
7.179999768733978,33.043888,0.13905324,0.28749314
7.189999997615814,33.079887,0.13918798,0.28749314
7.20000022649765,33.111885,0.13939008,0.28749314
7.209999978542328,33.15989,0.13952483,0.28749314
7.220000207424164,33.227886,0.13972695,0.28749314
7.2299999594688416,33.231888,0.13999644,0.28749314
7.2400001883506775,33.291885,0.14019854,0.28627235
7.249999940395355,33.331886,0.14040065,0.28627235
7.260000169277191,33.379887,0.14046802,0.28627235
7.269999921321869,33.391888,0.14053538,0.28749314
7.280000150203705,33.443886,0.14067012,0.28749314
7.289999902248383,33.439884,0.1407375,0.28749314
7.3000001311302185,33.423885,0.14087224,0.2887139
7.309999883174896,33.467888,0.14107434,0.28749314
7.320000112056732,33.559887,0.14134383,0.28749314
7.32999986410141,33.635883,0.1416807,0.28627235
7.340000092983246,33.695885,0.14201754,0.28505158
7.349999845027924,33.827885,0.14248915,0.28261003
7.3600000739097595,33.939884,0.14296074,0.28138924
7.369999825954437,34.043884,0.1432976,0.28016847
7.380000054836273,34.099884,0.1434997,0.28016847
7.389999806880951,34.183884,0.14370182,0.27894768
7.400000035762787,34.191883,0.14383656,0.28016847
7.409999787807465,34.19588,0.14397131,0.28016847
7.4200000166893005,34.219883,0.14403868,0.28016847
7.429999768733978,34.25188,0.14424078,0.28016847
7.439999997615814,34.335884,0.1444429,0.28016847
7.45000022649765,34.355885,0.144645,0.28016847
7.459999978542328,34.435883,0.14484712,0.28016847
7.470000207424164,34.47188,0.1451166,0.27894768
7.4799999594688416,34.47188,0.14531872,0.27772692
7.4900001883506775,34.551884,0.14558819,0.27772692
7.499999940395355,34.63988,0.14585768,0.27650613
7.510000169277191,34.707882,0.1460598,0.27650613
7.519999921321869,34.77588,0.14639664,0.27528536
7.530000150203705,34.84388,0.14673351,0.27406457
7.539999902248383,34.93188,0.14707035,0.2728438
7.54999965429306,34.99988,0.14733984,0.2728438
7.559999883174896,35.075882,0.14760932,0.27162302
7.570000112056732,35.17188,0.14781144,0.27162302
7.580000340938568,35.20388,0.14801355,0.27162302
7.589999616146088,35.18388,0.14814828,0.27162302
7.599999845027924,35.199883,0.14821565,0.27162302
7.6100000739097595,35.24788,0.14828303,0.2728438
7.6200003027915955,35.22788,0.14835039,0.27406457
7.629999577999115,35.25188,0.14841777,0.27406457
7.639999806880951,35.263878,0.14841777,0.27528536
7.650000035762787,35.243877,0.14848514,0.27650613
7.660000264644623,35.23588,0.14848514,0.27772692
7.669999539852142,35.23988,0.14848514,0.27772692
7.679999768733978,35.26788,0.1485525,0.27894768
7.689999997615814,35.24788,0.1485525,0.28016847
7.70000022649765,35.20788,0.1485525,0.28138924
7.710000455379486,35.20388,0.1485525,0.28261003
7.719999730587006,35.20388,0.1485525,0.2838308
7.7299999594688416,35.17188,0.1485525,0.28505158
7.7400001883506775,35.199883,0.14861988,0.28627235
7.750000417232513,35.199883,0.14861988,0.28627235
7.759999692440033,35.15988,0.14861988,0.28749314
7.769999921321869,35.15988,0.14861988,0.2887139
7.780000150203705,35.16388,0.14861988,0.2899347
7.790000379085541,35.17188,0.14861988,0.29115546
7.79999965429306,35.14788,0.14861988,0.29237625
7.809999883174896,35.123882,0.14861988,0.293597
7.820000112056732,35.13188,0.14861988,0.2948178
7.830000340938568,35.095882,0.14861988,0.29603857
7.839999616146088,35.095882,0.14868726,0.29725936
7.849999845027924,35.10388,0.14868726,0.29725936
7.8600000739097595,35.09988,0.14868726,0.29848012
7.8700003027915955,35.10388,0.14875461,0.29970092
7.879999577999115,35.08388,0.14875461,0.30092168
7.889999806880951,35.10388,0.14875461,0.30214247
7.900000035762787,35.08788,0.148822,0.30214247
7.910000264644623,35.07188,0.148822,0.30336323
7.919999539852142,35.12788,0.148822,0.30458403
7.929999768733978,35.10788,0.14888936,0.3058048
7.939999997615814,35.09988,0.14888936,0.30702558
7.95000022649765,35.05188,0.14888936,0.30824634
7.960000455379486,35.095882,0.14895673,0.30824634
7.969999730587006,35.10388,0.1490241,0.30946714
7.9799999594688416,35.09988,0.14915884,0.30946714
7.9900001883506775,35.16788,0.14936095,0.30946714
8.000000417232513,35.179882,0.1494957,0.30946714
8.009999692440033,35.199883,0.14956307,0.3106879
8.019999921321869,35.24788,0.1497652,0.30946714
8.030000150203705,35.31188,0.1499673,0.30946714
8.04000037908554,35.34388,0.15016942,0.30946714
8.04999965429306,35.38788,0.15037152,0.30946714
8.059999883174896,35.423878,0.15057364,0.30946714
8.070000112056732,35.49188,0.15077575,0.30946714
8.080000340938568,35.555878,0.15104523,0.30824634
8.089999616146088,35.65188,0.15151682,0.3058048
8.099999845027924,35.827877,0.1520558,0.30336323
8.11000007390976,36.007877,0.1527295,0.29970092
8.120000302791595,36.159878,0.15347058,0.29603857
8.129999577999115,36.375877,0.15427902,0.29115546
8.139999806880951,36.599876,0.1550201,0.28749314
8.150000035762787,36.747875,0.15562645,0.2838308
8.160000264644623,36.883873,0.15596329,0.2838308
8.169999539852142,36.951874,0.1561654,0.28261003
8.179999768733978,36.983875,0.15636753,0.2838308
8.189999997615814,36.995872,0.15643488,0.2838308
8.20000022649765,37.01187,0.15650226,0.2838308
8.210000455379486,37.043873,0.15656963,0.28505158
8.219999730587006,37.063873,0.15656963,0.28627235
8.229999959468842,37.039875,0.156637,0.28627235
8.240000188350677,37.039875,0.156637,0.28749314
8.250000417232513,37.051872,0.15670437,0.2887139
8.259999692440033,37.015873,0.15670437,0.2899347
8.269999921321869,37.023876,0.15677175,0.2899347
8.280000150203705,37.023876,0.15677175,0.29115546
8.29000037908554,37.023876,0.15690649,0.29115546
8.29999965429306,37.007874,0.15697385,0.29237625
8.309999883174896,37.027874,0.15697385,0.293597
8.320000112056732,37.071873,0.15710859,0.293597
8.330000340938568,37.079876,0.15717597,0.2948178
8.339999616146088,37.099873,0.15724333,0.2948178
8.349999845027924,37.119873,0.15737808,0.29603857
8.36000007390976,37.123875,0.15751281,0.29603857
8.370000302791595,37.139874,0.15764755,0.29603857
8.379999577999115,37.183872,0.1577823,0.29603857
8.389999806880951,37.263874,0.15805179,0.29603857
8.400000035762787,37.28387,0.15832126,0.2948178
8.410000264644623,37.347874,0.15859075,0.293597
8.419999539852142,37.459873,0.15899497,0.29237625
8.429999768733978,37.59187,0.1593992,0.2899347
8.439999997615814,37.683872,0.15980342,0.2887139
8.45000022649765,37.80787,0.16027501,0.28627235
8.460000455379486,37.959873,0.16074662,0.28505158
8.469999730587006,38.03587,0.16121821,0.28261003
8.479999959468842,38.11987,0.16148768,0.28138924
8.490000188350677,38.17187,0.1616898,0.28138924
8.500000417232513,38.22787,0.16175717,0.28261003
8.509999692440033,38.23987,0.16182455,0.28261003
8.519999921321869,38.21587,0.16189192,0.2838308
8.530000150203705,38.23587,0.16195929,0.2838308
8.54000037908554,38.24387,0.16202666,0.28505158
8.54999965429306,38.25587,0.1621614,0.28505158
8.559999883174896,38.29187,0.16222878,0.28627235
8.570000112056732,38.32387,0.16229615,0.28627235
8.580000340938568,38.311867,0.16236351,0.28749314
8.589999616146088,38.30787,0.16243088,0.28749314
8.599999845027924,38.31987,0.16249827,0.2887139
8.61000007390976,38.29187,0.16256562,0.2899347
8.620000302791595,38.29987,0.162633,0.2899347
8.629999577999115,38.35587,0.16276774,0.29115546
8.639999806880951,38.36387,0.16276774,0.29115546
8.650000035762787,38.34387,0.1628351,0.29237625
8.660000264644623,38.33987,0.16296984,0.29237625
8.669999539852142,38.41187,0.16303723,0.293597
8.679999768733978,38.43987,0.16303723,0.293597
8.689999997615814,38.42387,0.16317196,0.2948178
8.70000022649765,38.41187,0.16330671,0.2948178
8.710000455379486,38.45187,0.16350882,0.2948178
8.719999730587006,38.491867,0.16364355,0.2948178
8.729999959468842,38.527866,0.16384567,0.2948178
8.740000188350677,38.62787,0.16411516,0.293597
8.750000417232513,38.679867,0.16438463,0.293597
8.759999692440033,38.743866,0.16458675,0.29237625
8.769999921321869,38.80787,0.16485624,0.29237625
8.780000150203705,38.87187,0.16512571,0.29115546
8.79000037908554,38.96787,0.16546257,0.2899347
8.79999965429306,39.02387,0.16579942,0.2887139
8.809999883174896,39.131866,0.16613628,0.28749314
8.820000112056732,39.211864,0.16640575,0.28749314
8.830000340938568,39.255863,0.16680998,0.28627235
8.839999616146088,39.355865,0.16714685,0.2838308
8.849999845027924,39.475864,0.16741633,0.2838308
8.86000007390976,39.523865,0.16755107,0.2838308
8.870000302791595,39.523865,0.16761844,0.2838308
8.879999577999115,39.495865,0.16761844,0.28627235
8.889999806880951,39.523865,0.1676858,0.28627235
8.900000035762787,39.515865,0.1676858,0.28749314
8.910000264644623,39.507862,0.1676858,0.2887139
8.919999539852142,39.523865,0.1676858,0.2899347
8.929999768733978,39.507862,0.16775317,0.2899347
8.939999997615814,39.443867,0.16775317,0.29115546
8.95000022649765,39.431866,0.16775317,0.29237625
8.960000455379486,39.48786,0.16775317,0.293597
8.969999730587006,39.475864,0.16775317,0.2948178
8.979999959468842,39.447865,0.16782056,0.29603857
8.990000188350677,39.451866,0.16782056,0.29725936
9.000000417232513,39.431866,0.16782056,0.29725936
9.009999692440033,39.41987,0.16788791,0.29970092
9.019999921321869,39.427864,0.16788791,0.29970092
9.030000150203705,39.443867,0.16788791,0.30092168
9.04000037908554,39.431866,0.16788791,0.30214247
9.04999965429306,39.407864,0.1679553,0.30336323
9.059999883174896,39.415863,0.16802266,0.30336323
9.070000112056732,39.423866,0.16802266,0.30458403
9.080000340938568,39.395863,0.16809003,0.3058048
9.089999616146088,39.435863,0.16809003,0.30702558
9.099999845027924,39.451866,0.1681574,0.30702558
9.11000007390976,39.41987,0.16822477,0.30824634
9.120000302791595,39.43987,0.16829214,0.30824634
9.129999577999115,39.443867,0.1683595,0.30946714
9.139999806880951,39.463867,0.16842689,0.30946714
9.150000035762787,39.467865,0.16842689,0.3119087
9.160000264644623,39.467865,0.16849424,0.3119087
9.169999539852142,39.515865,0.16856162,0.31312945
9.179999768733978,39.491867,0.16856162,0.31312945
9.189999997615814,39.443867,0.16862899,0.31435025
9.20000022649765,39.467865,0.16869636,0.315571
9.210000455379486,39.539867,0.16876373,0.315571
9.219999730587006,39.515865,0.16883111,0.3167918
9.229999959468842,39.507862,0.16889848,0.3167918
9.240000188350677,39.523865,0.16896585,0.31801257
9.250000417232513,39.535866,0.16903321,0.31801257
9.259999692440033,39.547863,0.1691006,0.31923336
9.269999921321869,39.563866,0.1691006,0.32045412
9.280000150203705,39.559868,0.16916795,0.3216749
9.29000037908554,39.583866,0.16923533,0.3216749
9.29999965429306,39.551865,0.1693027,0.32289568
9.309999883174896,39.59987,0.16937007,0.32289568
9.320000112056732,39.623867,0.16957217,0.32289568
9.330000340938568,39.663864,0.1697743,0.32289568
9.339999616146088,39.731865,0.17004378,0.3216749
9.349999845027924,39.819862,0.170448,0.32045412
9.36000007390976,39.963867,0.17098698,0.31801257
9.370000302791595,40.107864,0.17166069,0.31435025
9.379999577999115,40.32786,0.17240176,0.3106879
9.389999806880951,40.57186,0.1732102,0.3058048
9.400000035762787,40.77586,0.17408602,0.30092168
9.410000264644623,40.979862,0.17482711,0.29725936
9.419999539852142,41.127857,0.17509659,0.29603857
9.429999768733978,41.151863,0.17509659,0.29725936
9.439999997615814,41.131863,0.17509659,0.29848012
9.45000022649765,41.13986,0.17509659,0.29970092
9.460000455379486,41.13986,0.17516395,0.30092168
9.469999730587006,41.127857,0.17516395,0.30092168
9.479999959468842,41.111862,0.17523134,0.30214247
9.490000188350677,41.13986,0.17529869,0.30336323
9.500000417232513,41.151863,0.17536607,0.30336323
9.509999692440033,41.16786,0.17543344,0.30458403
9.519999921321869,41.13586,0.17543344,0.3058048
9.530000150203705,41.11586,0.17550081,0.3058048
9.54000037908554,41.11586,0.17556818,0.30702558
9.54999965429306,41.127857,0.17563556,0.30702558
9.559999883174896,41.18786,0.1757703,0.30702558
9.570000112056732,41.23186,0.17590505,0.30702558
9.580000340938568,41.22386,0.17603979,0.30824634
9.589999616146088,41.239857,0.17624189,0.30702558
9.599999845027924,41.331856,0.17657873,0.30702558
9.61000007390976,41.44786,0.1771177,0.30336323
9.620000302791595,41.63186,0.17785878,0.29970092
9.629999577999115,41.923855,0.17886935,0.293597
9.639999806880951,42.227856,0.18014939,0.28749314
9.650000035762787,42.559853,0.18142945,0.27894768
9.660000264644623,42.847855,0.18230525,0.27406457
9.669999539852142,43.027855,0.18284422,0.27162302
9.679999768733978,43.171852,0.18324845,0.27040225
9.689999997615814,43.24385,0.1835853,0.2679607
9.70000022649765,43.331852,0.18385479,0.2679607
9.710000455379486,43.391853,0.18412428,0.2667399
9.719999730587006,43.435852,0.18446112,0.26551914
9.729999959468842,43.523853,0.18479797,0.26429835
9.740000188350677,43.64785,0.1852022,0.2630776
9.750000417232513,43.771854,0.18580854,0.26063603
9.759999692440033,43.931854,0.1865496,0.25575292
9.769999921321869,44.09985,0.18722332,0.25331137
9.780125081539154,44.251846,0.18756019,0.25209057
9.79000037908554,44.271847,0.18756019,0.25209057
9.79999965429306,44.26785,0.18756019,0.25331137
9.809999883174896,44.27985,0.18756019,0.25453213
9.820000112056732,44.25585,0.18756019,0.25575292
9.830000340938568,44.22385,0.18756019,0.25697368
9.839999616146088,44.227848,0.18756019,0.25819448
9.849999845027924,44.22385,0.18756019,0.25941524
9.86000007390976,44.183853,0.18756019,0.26063603
9.870000302791595,44.17185,0.18756019,0.2618568
9.879999577999115,44.143852,0.18756019,0.2630776
9.889999806880951,44.13985,0.18756019,0.26429835
9.900000035762787,44.10785,0.18756019,0.26551914
9.910000264644623,44.10385,0.18756019,0.2667399
9.919999539852142,44.143852,0.18756019,0.2679607
9.929999768733978,44.091846,0.18756019,0.26918146
9.939999997615814,44.05185,0.18756019,0.27040225
9.95000022649765,44.05985,0.18756019,0.27040225
9.960000455379486,44.06785,0.18756019,0.27162302
9.969999730587006,44.05985,0.18756019,0.2728438
9.979999959468842,44.02785,0.18756019,0.27406457
9.990000188350677,43.991848,0.18756019,0.27528536
10.000000417232513,43.95985,0.18756019,0.27650613
10.009999692440033,43.96785,0.18756019,0.27772692
10.019999921321869,43.97985,0.18756019,0.27894768
10.030000150203705,43.99585,0.18756019,0.28016847
10.04000037908554,43.991848,0.18756019,0.28138924
10.04999965429306,43.94385,0.18756019,0.28261003
10.059999883174896,43.94385,0.18756019,0.2838308
10.070000112056732,43.89585,0.18756019,0.28505158
10.080000340938568,43.871853,0.18756019,0.28627235
10.089999616146088,43.92785,0.18762754,0.28627235
10.099999845027924,43.92385,0.18762754,0.28749314
10.11000007390976,43.88385,0.18762754,0.2887139
10.120000302791595,43.851852,0.18762754,0.2899347
10.129999577999115,43.843853,0.18762754,0.29115546
10.139999806880951,43.84785,0.18762754,0.29237625
10.150000035762787,43.851852,0.18762754,0.293597
10.160000264644623,43.86785,0.18762754,0.2948178
10.169999539852142,43.85585,0.18762754,0.29603857
10.179999768733978,43.79985,0.18762754,0.29725936
10.189999997615814,43.771854,0.18762754,0.29848012
10.20000022649765,43.78385,0.18762754,0.29970092
10.210000455379486,43.79185,0.18762754,0.30092168
10.219999730587006,43.771854,0.18762754,0.30092168
10.229999959468842,43.76785,0.18769492,0.30214247
10.240000188350677,43.76785,0.18769492,0.30336323
10.250000417232513,43.73985,0.18769492,0.30458403
10.259999692440033,43.75985,0.18769492,0.3058048
10.269999921321869,43.78785,0.18776229,0.30702558
10.280000150203705,43.78385,0.18782966,0.30702558
10.29000037908554,43.77985,0.18789703,0.30824634
10.29999965429306,43.775852,0.18803176,0.30824634
10.309999883174896,43.831852,0.18809915,0.30946714
10.320000112056732,43.819847,0.18816651,0.30946714
10.330000340938568,43.83585,0.18823388,0.3106879
10.339999616146088,43.859848,0.18836862,0.3106879
10.349999845027924,43.88785,0.18850335,0.3106879
10.36000007390976,43.92385,0.18870547,0.3106879
10.370000302791595,44.03185,0.18904233,0.30946714
10.379999577999115,44.159847,0.18951394,0.30702558
10.389999806880951,44.28785,0.19018763,0.30336323
10.400000035762787,44.46385,0.1909961,0.29970092
10.410000264644623,44.763847,0.19214138,0.29237625
10.419999539852142,45.139843,0.19342142,0.28505158
10.429999768733978,45.439846,0.19429725,0.28016847
10.439999997615814,45.595848,0.19470148,0.27772692
10.45000022649765,45.671844,0.19483621,0.27772692
10.460000455379486,45.651844,0.19483621,0.28016847
10.469999730587006,45.619843,0.19483621,0.28016847
10.479999959468842,45.635845,0.19483621,0.28138924
10.490000188350677,45.655846,0.19490358,0.28261003
10.500000417232513,45.631844,0.19490358,0.2838308
10.509999692440033,45.623844,0.19490358,0.28505158
10.519999921321869,45.607845,0.19497097,0.28627235
10.530000150203705,45.587845,0.19497097,0.28627235
10.54000037908554,45.563847,0.19497097,0.28749314
10.54999965429306,45.583843,0.19503833,0.2887139
10.559999883174896,45.611843,0.1951057,0.2887139
10.570000112056732,45.595848,0.19517307,0.2899347
10.580000340938568,45.595848,0.19524045,0.2899347
10.589999616146088,45.615845,0.19524045,0.29115546
10.599999845027924,45.579845,0.1953078,0.29237625
10.61000007390976,45.595848,0.19537519,0.293597
10.620000302791595,45.66384,0.1955773,0.29237625
10.629999577999115,45.743843,0.19591415,0.29115546
10.639999806880951,45.819843,0.196251,0.2899347
10.650000035762787,45.875843,0.1967226,0.2887139
10.660000264644623,46.027843,0.19726156,0.28627235
10.669999539852142,46.231842,0.1978679,0.28261003
10.679999768733978,46.39584,0.19854161,0.27894768
10.689999997615814,46.57984,0.19921532,0.27650613
10.70000022649765,46.723843,0.19955216,0.27406457
10.710000455379486,46.73984,0.19955216,0.27650613
10.719999730587006,46.72784,0.19955216,0.27650613
10.729999959468842,46.723843,0.19955216,0.27772692
10.740000188350677,46.71984,0.19961955,0.27894768
10.750000417232513,46.70784,0.19961955,0.28016847
10.759999692440033,46.675842,0.19961955,0.28138924
10.769999921321869,46.675842,0.19961955,0.28138924
10.780000150203705,46.65584,0.19961955,0.2838308
10.79000037908554,46.61984,0.19961955,0.2838308
10.79999965429306,46.623844,0.19961955,0.28627235
10.809999883174896,46.63584,0.19961955,0.28627235
10.820000112056732,46.623844,0.19961955,0.28749314
10.830000340938568,46.58784,0.19961955,0.2887139
10.839999616146088,46.627842,0.19961955,0.2899347
10.849999845027924,46.57984,0.19961955,0.29115546
10.86000007390976,46.54784,0.19961955,0.29237625
10.870000302791595,46.543842,0.19961955,0.293597
10.879999577999115,46.53984,0.19968691,0.2948178
10.889999806880951,46.543842,0.19968691,0.29603857
10.900000035762787,46.52784,0.19968691,0.29725936
10.910000264644623,46.53984,0.19968691,0.29725936
10.919999539852142,46.55184,0.19975428,0.29848012
10.929999768733978,46.50384,0.19975428,0.29970092
10.939999997615814,46.50784,0.19982165,0.29970092
10.95000022649765,46.51984,0.19988903,0.30092168
10.960000455379486,46.531845,0.20002377,0.30092168
10.969999730587006,46.591843,0.20002377,0.30214247
10.979999959468842,46.58784,0.20009114,0.30336323
10.990000188350677,46.57984,0.2001585,0.30336323
11.000000417232513,46.53984,0.2001585,0.30458403
11.009999692440033,46.535843,0.20022587,0.3058048
11.019999921321869,46.58784,0.20022587,0.30702558
11.030000150203705,46.58784,0.20022587,0.30824634
11.04000037908554,46.555843,0.20029324,0.30824634
11.04999965429306,46.55984,0.20029324,0.30946714
11.059999883174896,46.55984,0.20036061,0.3106879
11.070000112056732,46.55184,0.20042798,0.3119087
11.080000340938568,46.56784,0.20049536,0.3119087
11.089999616146088,46.623844,0.20056273,0.31312945
11.099999845027924,46.59984,0.20056273,0.31312945
11.11000007390976,46.57584,0.2006301,0.31435025
11.120000302791595,46.57584,0.20069747,0.315571
11.129999577999115,46.603844,0.2008322,0.315571
11.139999806880951,46.623844,0.20089959,0.315571
11.150000035762787,46.66784,0.20103432,0.315571
11.160000264644623,46.72784,0.20123643,0.3167918
11.169999539852142,46.77584,0.20137118,0.315571
11.179999768733978,46.76784,0.20164065,0.315571
11.189999997615814,46.81984,0.20184278,0.315571
11.20000022649765,46.919838,0.20224701,0.31435025
11.210000455379486,47.051838,0.20271859,0.3119087
11.219999730587006,47.22784,0.20345968,0.30824634
11.229999959468842,47.45984,0.20426811,0.30336323
11.240000188350677,47.707836,0.20521131,0.29848012
11.250000417232513,47.907837,0.20595239,0.293597
11.259999692440033,48.039837,0.20628925,0.29237625
11.269999921321869,48.10384,0.20628925,0.293597
11.280000150203705,48.099834,0.20628925,0.2948178
11.29000037908554,48.059834,0.20628925,0.29603857
11.29999965429306,48.075836,0.20628925,0.29725936
11.309999883174896,48.071835,0.20628925,0.29848012
11.320000112056732,48.047836,0.20635661,0.29848012
11.330000340938568,48.039837,0.20635661,0.29970092
11.339999616146088,48.031834,0.20635661,0.30092168
11.349999845027924,48.011833,0.20635661,0.30214247
11.36000007390976,47.99184,0.20635661,0.30336323
11.370000302791595,48.011833,0.20635661,0.30458403
11.379999577999115,48.019836,0.20642398,0.3058048
11.389999806880951,47.975838,0.20642398,0.30702558
11.400000035762787,47.939835,0.20642398,0.30702558
11.410000264644623,47.967834,0.20642398,0.30946714
11.419999539852142,47.967834,0.20649137,0.30946714
11.429999768733978,47.955837,0.20655872,0.3106879
11.439999997615814,47.967834,0.20655872,0.3119087
11.45000022649765,47.975838,0.2066261,0.3119087
11.460000455379486,47.97184,0.20669347,0.31312945
11.469999730587006,47.975838,0.20676084,0.31312945
11.479999959468842,47.983837,0.2068282,0.31435025
11.490000188350677,47.99184,0.20689559,0.31435025
11.500000417232513,48.011833,0.20696294,0.315571
11.509999692440033,48.019836,0.20703033,0.315571
11.519999921321869,48.031834,0.20723243,0.315571
11.530000150203705,48.087837,0.2075693,0.31435025
11.54000037908554,48.171833,0.20797352,0.31312945
11.54999965429306,48.371834,0.20851247,0.3106879
11.559999883174896,48.539837,0.20918618,0.30702558
11.570000112056732,48.731834,0.20992726,0.30336323
11.580000340938568,48.915833,0.21066834,0.29970092
11.589999616146088,49.12783,0.21154417,0.293597
11.599999845027924,49.37583,0.2123526,0.2899347
11.61000007390976,49.53583,0.21295895,0.28749314
11.620000302791595,49.66783,0.21322843,0.28627235
11.629999577999115,49.75183,0.21336317,0.28627235
11.639999806880951,49.75183,0.21356528,0.28627235
11.650000035762787,49.75983,0.2137674,0.28627235
11.660000264644623,49.839832,0.21403688,0.28505158
11.669999539852142,49.91183,0.21437374,0.2838308
11.679999768733978,50.01183,0.21484533,0.28138924
11.689999997615814,50.16383,0.2153843,0.27894768
11.70000022649765,50.335827,0.21605802,0.27528536
11.710000455379486,50.459827,0.21666434,0.2728438
11.719999730587006,50.627827,0.2172033,0.27040225
11.729999959468842,50.75583,0.21760753,0.2679607
11.740000188350677,50.84383,0.21794438,0.2667399
11.750000417232513,50.871826,0.21807912,0.2679607
11.759999692440033,50.875828,0.2181465,0.2679607
11.769999921321869,50.927826,0.21821386,0.26918146
11.780000150203705,50.88783,0.21828124,0.26918146
11.79000037908554,50.899826,0.2183486,0.27040225
11.79999965429306,50.931824,0.2183486,0.27162302
11.809999883174896,50.883827,0.2183486,0.2728438
11.820000112056732,50.84383,0.21841599,0.2728438
11.830000340938568,50.851826,0.21848334,0.27406457
11.839999616146088,50.88783,0.21848334,0.27528536
11.849999845027924,50.879826,0.21855073,0.27650613
11.86000007390976,50.851826,0.21855073,0.27650613
11.870000302791595,50.855827,0.2186181,0.27772692
11.879999577999115,50.847828,0.2186181,0.27894768
11.889999806880951,50.82383,0.21868546,0.27894768
11.900000035762787,50.835827,0.21868546,0.28016847
11.910000264644623,50.871826,0.21875283,0.28138924
11.919999539852142,50.86383,0.21882021,0.28138924
11.929999768733978,50.811825,0.21882021,0.28261003
11.939999997615814,50.819824,0.21882021,0.2838308
11.95000022649765,50.815826,0.21888757,0.28505158
11.960000455379486,50.82383,0.21888757,0.28627235
11.969999730587006,50.835827,0.21895495,0.28627235
11.979999959468842,50.839825,0.21895495,0.28749314
11.990000188350677,50.827827,0.21895495,0.2887139
12.000000417232513,50.779827,0.21895495,0.2899347
12.009999692440033,50.78383,0.21902232,0.29115546
12.019999921321869,50.811825,0.21902232,0.29237625
12.030000150203705,50.79583,0.21908969,0.29237625
12.04000037908554,50.819824,0.21922444,0.293597
12.04999965429306,50.839825,0.21929179,0.293597
12.059999883174896,50.811825,0.21935917,0.293597
12.070000112056732,50.807827,0.21942654,0.2948178
12.080000340938568,50.835827,0.21949391,0.29603857
12.089999616146088,50.879826,0.21956128,0.29603857
12.099999845027924,50.88783,0.2197634,0.29603857
12.11000007390976,50.931824,0.21989815,0.29603857
12.120000302791595,50.959827,0.22010025,0.29603857
12.129999577999115,51.031826,0.2204371,0.2948178
12.139999806880951,51.123825,0.2209087,0.29237625
12.150000035762787,51.295822,0.22158241,0.2899347
12.160000264644623,51.52782,0.22245821,0.28505158
12.169999539852142,51.767822,0.22333404,0.28016847
12.179999768733978,51.991825,0.2241425,0.27528536
12.189999997615814,52.167824,0.22474883,0.27162302
12.20000022649765,52.32382,0.22515306,0.27040225
12.210000455379486,52.38382,0.22535516,0.27040225
12.219999730587006,52.38382,0.22542255,0.27040225
12.229999959468842,52.375824,0.22542255,0.27162302
12.240000188350677,52.37982,0.22542255,0.2728438
12.250000417232513,52.355824,0.22542255,0.27406457
12.259999692440033,52.375824,0.22542255,0.27528536
12.269999921321869,52.375824,0.22542255,0.27650613
12.280000150203705,52.31982,0.2254899,0.27772692
12.29000037908554,52.31982,0.2254899,0.27772692
12.29999965429306,52.31982,0.2254899,0.28016847
12.309999883174896,52.29982,0.22555728,0.28016847
12.320000112056732,52.295822,0.22555728,0.28138924
12.330000340938568,52.283825,0.22555728,0.28261003
12.339999616146088,52.279823,0.22555728,0.2838308
12.349999845027924,52.27182,0.22555728,0.28505158
12.36000007390976,52.235825,0.22562465,0.28627235
12.370000302791595,52.283825,0.22562465,0.28627235
12.379999577999115,52.287823,0.22569202,0.28749314
12.389999806880951,52.24782,0.22575939,0.28749314
12.400000035762787,52.239822,0.22575939,0.2899347
12.410000264644623,52.259823,0.22589412,0.2899347
12.419999539852142,52.267822,0.2259615,0.2899347
12.429999768733978,52.27582,0.22602887,0.29115546
12.439999997615814,52.355824,0.226231,0.2899347
12.45000022649765,52.37982,0.2264331,0.2899347
12.460000455379486,52.39182,0.22670259,0.2899347
12.469999730587006,52.45182,0.22703944,0.2887139
12.479999959468842,52.60382,0.2275784,0.28627235
12.490000188350677,52.76382,0.22811738,0.2838308
12.500000417232513,52.93182,0.22879107,0.28016847
12.509999692440033,53.14782,0.22939742,0.27772692
12.519999921321869,53.26782,0.22986901,0.27406457
12.530000150203705,53.31582,0.23020586,0.27406457
12.54000037908554,53.38382,0.23040797,0.2728438
12.54999965429306,53.431816,0.23047535,0.27406457
12.559999883174896,53.44782,0.2305427,0.27406457
12.570000112056732,53.435818,0.2305427,0.27650613
12.580000340938568,53.44382,0.2305427,0.27650613
12.589999616146088,53.419815,0.2305427,0.27772692
12.599999845027924,53.387817,0.2305427,0.27894768
12.61000007390976,53.379818,0.23061009,0.28016847
12.620000302791595,53.39582,0.23061009,0.28138924
12.629999577999115,53.367817,0.23061009,0.28138924
12.639999806880951,53.34382,0.23061009,0.2838308
12.650000035762787,53.339817,0.23067746,0.2838308
12.660000264644623,53.367817,0.23067746,0.28505158
12.669999539852142,53.31182,0.23067746,0.28627235
12.679999768733978,53.319817,0.23067746,0.28749314
12.689999997615814,53.347816,0.23074482,0.28749314
12.70000022649765,53.30782,0.23074482,0.2899347
12.710000455379486,53.26382,0.23074482,0.2899347
12.719999730587006,53.27182,0.23074482,0.29115546
12.729999959468842,53.29182,0.23074482,0.29237625
12.740000188350677,53.27182,0.23074482,0.293597
12.750000417232513,53.247818,0.23074482,0.2948178
12.759999692440033,53.23982,0.23081219,0.29603857
12.769999921321869,53.259815,0.23081219,0.29725936
12.780000150203705,53.235817,0.23087958,0.29725936
12.79000037908554,53.26382,0.23094694,0.29848012
12.79999965429306,53.28382,0.23101431,0.29970092
12.809999883174896,53.279816,0.23108168,0.29970092
12.820000112056732,53.28782,0.23114906,0.29970092
12.830000340938568,53.299816,0.23121642,0.30092168
12.839999616146088,53.32382,0.2312838,0.30092168
12.849999845027924,53.31182,0.2312838,0.30336323
12.86000007390976,53.30782,0.23135117,0.30336323
12.870000302791595,53.319817,0.23135117,0.30458403
12.879999577999115,53.28782,0.23141854,0.3058048
12.889999806880951,53.27182,0.2314859,0.3058048
12.900000035762787,53.31182,0.23155329,0.30702558
12.910000264644623,53.37582,0.23162064,0.30702558
12.919999539852142,53.367817,0.23175539,0.30702558
12.929999768733978,53.359818,0.23195751,0.30702558
12.939999997615814,53.431816,0.23215961,0.30702558
12.95000022649765,53.459816,0.23229435,0.30702558
12.960000455379486,53.511814,0.23256384,0.30702558
12.969999730587006,53.615818,0.23290068,0.3058048
12.979999959468842,53.707817,0.2333049,0.30336323
12.990000188350677,53.851814,0.23384388,0.30092168
13.000000417232513,53.98782,0.23451759,0.29725936
13.009999692440033,54.243816,0.23532604,0.293597
13.019999921321869,54.423817,0.23599975,0.2899347
13.030000150203705,54.575813,0.23647134,0.28749314
13.04000037908554,54.651817,0.23667346,0.28749314
13.04999965429306,54.679813,0.23667346,0.2887139
13.059999883174896,54.64781,0.23667346,0.2899347
13.070000112056732,54.635815,0.23667346,0.29115546
13.080000340938568,54.655815,0.23674081,0.29115546
13.089999616146088,54.643814,0.23674081,0.29237625
13.099999845027924,54.607815,0.23674081,0.293597
13.11000007390976,54.57981,0.23674081,0.2948178
13.120000302791595,54.603813,0.23674081,0.29603857
13.129999577999115,54.57981,0.23674081,0.29725936
13.139999806880951,54.55981,0.23674081,0.29848012
13.150000035762787,54.575813,0.2368082,0.29970092
13.160000264644623,54.57981,0.2368082,0.30092168
13.169999539852142,54.539814,0.2368082,0.30092168
13.179999768733978,54.519814,0.23687556,0.30336323
13.189999997615814,54.551815,0.23687556,0.30336323
13.20000022649765,54.531815,0.23694293,0.30458403
13.210000455379486,54.523815,0.23694293,0.3058048
13.219999730587006,54.55981,0.23707768,0.3058048
13.229999959468842,54.587814,0.23721242,0.3058048
13.240000188350677,54.587814,0.23727979,0.3058048
13.250000417232513,54.611816,0.23741452,0.30702558
13.259999692440033,54.655815,0.23754926,0.30702558
13.269999921321869,54.679813,0.23761664,0.30702558
13.280000150203705,54.635815,0.23768401,0.30824634
13.29000037908554,54.663815,0.23781875,0.30824634
13.29999965429306,54.675816,0.23788613,0.30946714
13.309999883174896,54.679813,0.23788613,0.3106879
13.320000112056732,54.723816,0.2379535,0.3106879
13.330000340938568,54.755814,0.23808824,0.3119087
13.339999616146088,54.743816,0.23822297,0.3119087
13.349999845027924,54.75981,0.23842509,0.3119087
13.36000007390976,54.783813,0.23855984,0.3119087
13.370000302791595,54.879814,0.23876195,0.3119087
13.379999577999115,54.91181,0.23896407,0.3106879
13.389999806880951,54.955814,0.23916617,0.3106879
13.400000035762787,55.03181,0.23950303,0.30946714
13.410000264644623,55.131813,0.23997462,0.30702558
13.419999539852142,55.267815,0.24058095,0.30458403
13.429999768733978,55.459812,0.24125466,0.30092168
13.439999997615814,55.68781,0.24192837,0.29725936
13.45000022649765,55.82381,0.24253471,0.293597
13.460000455379486,55.939808,0.2430063,0.29237625
13.469999730587006,56.019806,0.24307367,0.29237625
13.479999959468842,56.02381,0.24314104,0.293597
13.490000188350677,56.02381,0.24314104,0.2948178
13.500000417232513,56.019806,0.24314104,0.29603857
13.509999692440033,56.03181,0.24320842,0.29603857
13.519999921321869,56.02381,0.24327579,0.29725936
13.530000150203705,55.98381,0.24334316,0.29725936
13.54000037908554,55.99981,0.24334316,0.29970092
13.54999965429306,56.01181,0.24334316,0.29970092
13.559999883174896,55.99581,0.24334316,0.30092168
13.570000112056732,55.99181,0.24341053,0.30214247
13.580000340938568,56.00781,0.24347791,0.30336323
13.589999616146088,56.00381,0.24361265,0.30336323
13.599999845027924,56.02781,0.24381475,0.30214247
13.61000007390976,56.071808,0.24394949,0.30336323
13.620000302791595,56.107807,0.24401689,0.30336323
13.629999577999115,56.111805,0.24401689,0.30458403
13.639999806880951,56.07581,0.24408422,0.3058048
13.650000035762787,56.11581,0.24415159,0.3058048
13.660000264644623,56.147808,0.24435371,0.3058048
13.669999539852142,56.19581,0.24455582,0.3058048
13.679999768733978,56.223812,0.2448253,0.30458403
13.689999997615814,56.30381,0.24529691,0.30336323
13.70000022649765,56.447807,0.24590322,0.29970092
13.710000455379486,56.655804,0.24671167,0.29603857
13.719999730587006,56.939808,0.24778962,0.2899347
13.729999959468842,57.299805,0.2490023,0.28261003
13.740000188350677,57.6318,0.25021496,0.27528536
13.750000417232513,57.835804,0.2510234,0.27040225
13.759999692440033,58.011803,0.25142762,0.2679607
13.769999921321869,58.0958,0.25176448,0.2679607
13.780000150203705,58.163803,0.25210133,0.2667399
13.79000037908554,58.2638,0.25237083,0.26551914
13.79999965429306,58.3438,0.2526403,0.26429835
13.809999883174896,58.371803,0.25297713,0.2630776
13.820000112056732,58.4518,0.25331402,0.2618568
13.830000340938568,58.571804,0.2537856,0.26063603
13.839999616146088,58.7038,0.25432456,0.25819448
13.849999845027924,58.819798,0.2549309,0.25453213
13.86000007390976,58.9878,0.2554699,0.25209057
13.870000302791595,59.095802,0.25573936,0.2508698
13.879999577999115,59.0998,0.25580674,0.25209057
13.889999806880951,59.0558,0.25580674,0.25331137
13.900000035762787,59.0798,0.25580674,0.25453213
13.910000264644623,59.0798,0.25580674,0.25575292
13.919999539852142,59.0358,0.25580674,0.25697368
13.929999768733978,59.0198,0.25580674,0.25819448
13.939999997615814,59.0078,0.25580674,0.25941524
13.95000022649765,58.979797,0.25580674,0.26063603
13.960000455379486,58.9558,0.25580674,0.2618568
13.969999730587006,58.983803,0.25580674,0.2618568
13.979999959468842,58.951797,0.25580674,0.2630776
13.990000188350677,58.9398,0.25580674,0.26429835
14.000000417232513,58.8958,0.25580674,0.26551914
14.009999692440033,58.8838,0.25580674,0.2667399
14.019999921321869,58.8718,0.25580674,0.2679607
14.030000150203705,58.8438,0.25580674,0.26918146
14.04000037908554,58.8798,0.25580674,0.27040225
14.04999965429306,58.8598,0.25580674,0.27162302
14.059999883174896,58.819798,0.25580674,0.2728438
14.070000112056732,58.8118,0.25580674,0.27406457
14.080000340938568,58.799797,0.25580674,0.27528536
14.089999616146088,58.7878,0.25580674,0.27650613
14.099999845027924,58.7598,0.25580674,0.27772692
14.11000007390976,58.7398,0.25580674,0.27894768
14.120000302791595,58.755802,0.25580674,0.28016847
14.129999577999115,58.7438,0.25580674,0.28138924
14.139999806880951,58.7278,0.25580674,0.28138924
14.150000035762787,58.7238,0.25580674,0.2838308
14.160000264644623,58.711803,0.25580674,0.2838308
14.169999539852142,58.659798,0.25580674,0.28505158
14.179999768733978,58.6678,0.25580674,0.28627235
14.189999997615814,58.6798,0.25580674,0.28749314
14.20000022649765,58.663803,0.25580674,0.2887139
14.210000455379486,58.6318,0.25580674,0.2899347
14.219999730587006,58.643803,0.25580674,0.29115546
14.229999959468842,58.6318,0.25580674,0.29237625
14.240000188350677,58.5998,0.25580674,0.293597
14.250000417232513,58.595802,0.25580674,0.2948178
14.259999692440033,58.6038,0.25580674,0.29603857
14.269999921321869,58.5798,0.25580674,0.29725936
14.280000150203705,58.531803,0.25580674,0.29848012
14.29000037908554,58.5438,0.25580674,0.29970092
14.29999965429306,58.5398,0.25580674,0.30092168
14.309999883174896,58.5358,0.25580674,0.30092168
14.320000112056732,58.5398,0.25580674,0.30336323
14.330000340938568,58.5358,0.25580674,0.30336323
14.339999616146088,58.5078,0.25580674,0.3058048
14.349999845027924,58.4558,0.25580674,0.3058048
14.36000007390976,58.4678,0.25580674,0.30702558
14.370000302791595,58.5238,0.25580674,0.30824634
14.379999577999115,58.5038,0.25580674,0.30946714
14.389999806880951,58.4758,0.25580674,0.3106879
14.400000035762787,58.4438,0.25580674,0.3119087
14.410000264644623,58.4078,0.25580674,0.31312945
14.419999539852142,58.3958,0.25580674,0.31435025
14.429999768733978,58.4078,0.25580674,0.315571
14.439999997615814,58.4238,0.25580674,0.3167918
14.45000022649765,58.4118,0.25587413,0.3167918
14.460000455379486,58.3838,0.25587413,0.31801257
14.469999730587006,58.3638,0.25587413,0.31923336
14.479999959468842,58.3838,0.25587413,0.32045412
14.490000188350677,58.3758,0.25594145,0.3216749
14.500000417232513,58.359802,0.25600883,0.3216749
14.509999692440033,58.391804,0.25607622,0.32289568
14.519999921321869,58.399803,0.25621095,0.32289568
14.530000150203705,58.4118,0.25627834,0.32411647
14.54000037908554,58.4558,0.25634572,0.32411647
14.54999965429306,58.483803,0.25648043,0.32411647
14.559999883174896,58.483803,0.2565478,0.32533723
14.570000112056732,58.483803,0.2566152,0.32533723
14.580000340938568,58.5238,0.25674993,0.32655802
14.589999616146088,58.5158,0.25681728,0.32655802
14.599999845027924,58.5158,0.25688466,0.3277788
14.61000007390976,58.5398,0.25695202,0.3277788
14.620000302791595,58.5998,0.25715417,0.3277788
14.629999577999115,58.6118,0.25742364,0.3277788
14.639999806880951,58.6798,0.25762573,0.32655802
14.650000035762787,58.7878,0.25802997,0.32533723
14.660000264644623,58.911797,0.2586363,0.32289568
14.669999539852142,59.1478,0.2595795,0.3167918
14.679999768733978,59.451797,0.26072478,0.3106879
14.689999997615814,59.855797,0.2621396,0.30214247
14.70000022649765,60.127796,0.2632175,0.29603857
14.710000455379486,60.331795,0.26375648,0.29237625
14.719999730587006,60.491795,0.26409334,0.29115546
14.729999959468842,60.563793,0.26436284,0.29115546
14.740000188350677,60.591793,0.26456493,0.2899347
14.750000417232513,60.611794,0.26476705,0.29115546
14.759999692440033,60.647797,0.26496914,0.2899347
14.769999921321869,60.707794,0.26517126,0.2899347
14.780000150203705,60.763794,0.26550812,0.2887139
14.79000037908554,60.883793,0.26584497,0.28749314
14.79999965429306,60.98779,0.26618183,0.28627235
14.809999883174896,61.023792,0.26658604,0.28505158
14.820000112056732,61.119793,0.26692292,0.2838308
14.830000340938568,61.223793,0.26732713,0.28138924
14.839999616146088,61.311794,0.267664,0.28016847
14.849999845027924,61.35979,0.26779875,0.28138924
14.86000007390976,61.37979,0.26779875,0.28138924
14.870000302791595,61.37579,0.26786608,0.28261003
14.879999577999115,61.35179,0.26786608,0.2838308
14.889999806880951,61.33979,0.26786608,0.28505158
14.900000035762787,61.355793,0.26786608,0.28627235
14.910000264644623,61.315792,0.26786608,0.28749314
14.919999539852142,61.30379,0.26786608,0.2887139
14.929999768733978,61.27579,0.26786608,0.2899347
14.939999997615814,61.26779,0.26786608,0.29115546
14.95000022649765,61.25579,0.26786608,0.29115546
14.960000455379486,61.23579,0.26786608,0.293597
14.969999730587006,61.243793,0.26793346,0.293597
14.979999959468842,61.239788,0.26793346,0.2948178
14.990000188350677,61.19179,0.26793346,0.29603857
15.000000417232513,61.175793,0.26793346,0.29725936
15.009999692440033,61.175793,0.26793346,0.29848012
15.019999921321869,61.18779,0.26793346,0.29970092
15.030000150203705,61.16379,0.26793346,0.30092168
15.04000037908554,61.16779,0.26793346,0.30214247
15.04999965429306,61.139793,0.26793346,0.30336323
15.059999883174896,61.131794,0.26793346,0.30458403
15.070000112056732,61.111794,0.26793346,0.3058048
15.080000340938568,61.111794,0.26800084,0.3058048
15.089999616146088,61.11579,0.26800084,0.30702558
15.099999845027924,61.09579,0.26800084,0.30824634
15.11000007390976,61.09579,0.26800084,0.30946714
15.120000302791595,61.11579,0.26806822,0.30946714
15.129999577999115,61.099792,0.26813558,0.3106879
15.139999806880951,61.10379,0.26813558,0.3119087
15.150000035762787,61.099792,0.26820296,0.31312945
15.160000264644623,61.071793,0.26820296,0.31312945
15.169999539852142,61.043793,0.2682703,0.31435025
15.179999768733978,61.063793,0.2682703,0.315571
15.189999997615814,61.099792,0.2682703,0.3167918
15.20000022649765,61.09579,0.2682703,0.31801257
15.210000455379486,61.071793,0.2682703,0.31923336
15.219999730587006,61.06779,0.2683377,0.31923336
15.229999959468842,61.043793,0.2683377,0.3216749
15.240000188350677,61.023792,0.26847243,0.3216749
15.250000417232513,61.059795,0.26860717,0.3216749
15.259999692440033,61.119793,0.2687419,0.3216749
15.269999921321869,61.155792,0.26887664,0.3216749
15.280000150203705,61.171795,0.2690788,0.3216749
15.29000037908554,61.251793,0.26928088,0.3216749
15.29999965429306,61.29979,0.269483,0.3216749
15.309999883174896,61.32379,0.26961774,0.3216749
15.320000112056732,61.355793,0.26975247,0.3216749
15.330000340938568,61.39579,0.26988724,0.3216749
15.339999616146088,61.45179,0.2701567,0.3216749
15.349999845027924,61.46379,0.27042618,0.32045412
15.36000007390976,61.563793,0.2706957,0.31923336
15.370000302791595,61.68779,0.27116728,0.3167918
15.379999577999115,61.815792,0.2717736,0.31435025
15.389999806880951,61.983788,0.27244732,0.3106879
15.400000035762787,62.20779,0.27325577,0.30702558
15.410000264644623,62.41179,0.2740642,0.30214247
15.419999539852142,62.607784,0.27480528,0.29848012
15.429999768733978,62.783787,0.27527687,0.29603857
15.439999997615814,62.899784,0.27554634,0.29603857
15.45000022649765,62.931786,0.2756811,0.29603857
15.460000455379486,62.931786,0.27581584,0.29603857
15.469999730587006,62.97579,0.27588323,0.29603857
15.479999959468842,62.951782,0.27595058,0.29725936
15.490000188350677,62.967785,0.27608532,0.29725936
15.500000417232513,62.987785,0.27622008,0.29725936
15.509999692440033,63.031784,0.2763548,0.29725936
15.519999921321869,63.02379,0.27642217,0.29848012
15.530000150203705,63.011784,0.27648956,0.29970092
15.54000037908554,63.067787,0.2765569,0.29970092
15.54999965429306,63.06378,0.2766243,0.30092168
15.559999883174896,63.099785,0.27689376,0.29970092
15.570000112056732,63.135788,0.27716327,0.29970092
15.580000340938568,63.199783,0.27743274,0.29848012
15.590000569820404,63.303783,0.2777696,0.29725936
15.60000079870224,63.379784,0.2781738,0.29603857
15.609999120235443,63.519783,0.27857804,0.293597
15.619999349117279,63.599785,0.27884755,0.293597
15.629999577999115,63.631783,0.27911702,0.29237625
15.639999806880951,63.67578,0.27945387,0.29115546
15.650000035762787,63.799786,0.2797907,0.2899347
15.660000264644623,63.867783,0.28019494,0.2887139
15.670000493526459,63.99578,0.28066653,0.28627235
15.680000722408295,64.127785,0.28107074,0.28505158
15.69000095129013,64.183784,0.28134024,0.2838308
15.699999272823334,64.20778,0.28147498,0.2838308
15.70999950170517,64.21978,0.2816097,0.2838308
15.719999730587006,64.29978,0.28181186,0.2838308
15.729999959468842,64.34778,0.28194657,0.2838308
15.740000188350677,64.30778,0.28194657,0.28627235
15.750000417232513,64.30778,0.28194657,0.28627235
15.76000064611435,64.295784,0.28201395,0.28749314
15.770000874996185,64.29178,0.28208134,0.28749314
15.779999196529388,64.267784,0.28208134,0.2899347
15.789999425411224,64.28378,0.2821487,0.2899347
15.79999965429306,64.27978,0.2821487,0.29115546
15.809999883174896,64.27178,0.28221607,0.29115546
15.820000112056732,64.24778,0.28221607,0.293597
15.830000340938568,64.25578,0.28228343,0.293597
15.840000569820404,64.25978,0.28228343,0.2948178
15.85000079870224,64.24378,0.28228343,0.29603857
15.859999120235443,64.25978,0.2823508,0.29725936
15.869999349117279,64.25978,0.28241816,0.29725936
15.879999577999115,64.24778,0.28255293,0.29725936
15.889999806880951,64.26379,0.2826203,0.29848012
15.900000035762787,64.295784,0.28268766,0.29848012
15.910000264644623,64.295784,0.28288978,0.29970092
15.920000493526459,64.33178,0.2830919,0.29848012
15.930000722408295,64.43978,0.2834961,0.29725936
15.94000095129013,64.57178,0.28403506,0.293597
15.949999272823334,64.715775,0.2846414,0.29115546
15.95999950170517,64.87178,0.28538248,0.28749314
15.969999730587006,65.13578,0.28619093,0.2838308
15.979999959468842,65.31978,0.28693202,0.27894768
15.990000188350677,65.44378,0.28747097,0.27650613
16.000000417232513,65.58378,0.2878752,0.27528536
16.01000064611435,65.67578,0.2881447,0.27406457
16.020000874996185,65.73177,0.2883468,0.27406457
16.02999919652939,65.75977,0.28841418,0.27406457
16.039999425411224,65.76778,0.28848156,0.27528536
16.04999965429306,65.73578,0.28848156,0.27650613
16.059999883174896,65.71977,0.28854892,0.27650613
16.070000112056732,65.75178,0.2886163,0.27772692
16.080000340938568,65.79177,0.288751,0.27772692
16.090000569820404,65.79177,0.28888577,0.27772692
16.10000079870224,65.77978,0.2890205,0.27772692
16.109999120235443,65.839775,0.28922263,0.27772692
16.11999934911728,65.895775,0.28949213,0.27772692
16.129999577999115,65.923775,0.28969422,0.27650613
16.13999980688095,66.007774,0.29003108,0.27650613
16.150000035762787,66.091774,0.29030058,0.27528536
16.160000264644623,66.131775,0.2906374,0.27406457
16.17000049352646,66.19577,0.29097426,0.2728438
16.180000722408295,66.27978,0.29117638,0.2728438
16.19000095129013,66.36378,0.2913785,0.27162302
16.199999272823334,66.38377,0.29158062,0.27162302
16.20999950170517,66.41577,0.2917827,0.27162302
16.219999730587006,66.463776,0.29198483,0.27162302
16.22999995946884,66.479774,0.29211956,0.27162302
16.240000188350677,66.48377,0.2922543,0.27162302
16.250000417232513,66.53178,0.29238907,0.27162302
16.26000064611435,66.58377,0.29245642,0.2728438
16.270000874996185,66.58377,0.29252377,0.27406457
16.27999919652939,66.57178,0.29265854,0.27406457
16.289999425411224,66.59977,0.29279327,0.27406457
16.29999965429306,66.61178,0.29279327,0.27528536
16.309999883174896,66.57977,0.29286066,0.27650613
16.320000112056732,66.59977,0.292928,0.27650613
16.330000340938568,66.60777,0.292928,0.27772692
16.340000569820404,66.57977,0.292928,0.27894768
16.35000079870224,66.55977,0.29299536,0.28016847
16.359999120235443,66.591774,0.29306275,0.28016847
16.36999934911728,66.59577,0.29306275,0.28138924
16.379999577999115,66.563774,0.29306275,0.28261003
16.38999980688095,66.55977,0.29306275,0.2838308
16.400000035762787,66.54378,0.29306275,0.28505158
16.410000264644623,66.507774,0.29306275,0.28627235
16.42000049352646,66.51577,0.29306275,0.28749314
16.430000722408295,66.51577,0.29306275,0.2887139
16.44000095129013,66.507774,0.29313013,0.2887139
16.449999272823334,66.47177,0.29313013,0.2899347
16.45999950170517,66.435776,0.29313013,0.29115546
16.469999730587006,66.47578,0.29313013,0.29237625
16.47999995946884,66.45577,0.29313013,0.293597
16.490000188350677,66.43178,0.29313013,0.2948178
16.500000417232513,66.41577,0.29313013,0.29603857
16.51000064611435,66.39977,0.29313013,0.29725936
16.520000874996185,66.38377,0.29313013,0.29848012
16.52999919652939,66.367775,0.29313013,0.29970092
16.539999425411224,66.379776,0.29313013,0.30092168
16.54999965429306,66.37577,0.29313013,0.30092168
16.559999883174896,66.32378,0.29313013,0.30336323
16.570000112056732,66.30777,0.29313013,0.30336323
16.580000340938568,66.30377,0.29313013,0.3058048
16.590000569820404,66.31978,0.29313013,0.3058048
16.60000079870224,66.299774,0.29313013,0.30702558
16.609999120235443,66.31577,0.29313013,0.30824634
16.61999934911728,66.283775,0.29313013,0.30946714
16.629999577999115,66.24778,0.29313013,0.3106879
16.63999980688095,66.23978,0.29313013,0.3119087
16.650000035762787,66.23177,0.29313013,0.31312945
16.660000264644623,66.23978,0.29313013,0.31435025
16.67000049352646,66.23577,0.29313013,0.315571
16.680000722408295,66.22377,0.29313013,0.3167918
16.69000095129013,66.227776,0.29313013,0.31801257
16.699999272823334,66.18378,0.29313013,0.31923336
16.70999950170517,66.15577,0.29313013,0.32045412
16.719999730587006,66.18378,0.29313013,0.3216749
16.72999995946884,66.18378,0.2931975,0.3216749
16.740000188350677,66.16377,0.2931975,0.32289568
16.750000417232513,66.171776,0.2931975,0.32411647
16.76000064611435,66.15177,0.29326487,0.32533723
16.770000874996185,66.143776,0.29333222,0.32533723
16.77999919652939,66.131775,0.29333222,0.32655802
16.789999425411224,66.16778,0.29333222,0.3277788
16.79999965429306,66.15577,0.29333222,0.32899958
16.809999883174896,66.09978,0.29333222,0.33022034
16.820000112056732,66.10777,0.293467,0.33022034
16.830000340938568,66.17577,0.29353434,0.33144113
16.840000569820404,66.18378,0.2937365,0.33144113
16.85000079870224,66.23177,0.2938712,0.33144113
16.859999120235443,66.255775,0.2940733,0.33144113
16.86999934911728,66.327774,0.2943428,0.33022034
16.879999577999115,66.40377,0.29467964,0.32899958
16.88999980688095,66.463776,0.29494914,0.3277788
16.900000035762787,66.55577,0.29521862,0.3277788
16.910000264644623,66.59577,0.29555547,0.32655802
16.92000049352646,66.72377,0.29602706,0.32533723
16.930000722408295,66.87177,0.29649866,0.3216749
16.94000095129013,67.01177,0.29717237,0.31923336
16.949999272823334,67.21177,0.29791346,0.315571
16.95999950170517,67.43177,0.2987219,0.3106879
16.969999730587006,67.675766,0.29959774,0.3058048
16.97999995946884,67.85177,0.30027142,0.30214247
16.990000188350677,67.955765,0.30060828,0.30092168
17.000000417232513,68.05577,0.3008104,0.30092168
17.01000064611435,68.09577,0.30087778,0.30092168
17.020000874996185,68.11177,0.30094513,0.30214247
17.02999919652939,68.067764,0.3010125,0.30214247
17.039999425411224,68.08377,0.30107987,0.30336323
17.04999965429306,68.09977,0.30114725,0.30336323
17.059999883174896,68.10377,0.301282,0.30336323
17.070000112056732,68.11177,0.30141672,0.30458403
17.080000340938568,68.18777,0.30155146,0.30458403
17.090000569820404,68.219765,0.30175358,0.30458403
17.10000079870224,68.20776,0.30188832,0.30458403
17.109999120235443,68.26377,0.30209044,0.30458403
17.11999934911728,68.30377,0.30229253,0.30336323
17.129999577999115,68.36377,0.30249467,0.30336323
17.13999980688095,68.42377,0.30269676,0.30336323
17.150000035762787,68.455765,0.30296627,0.30336323
17.160000264644623,68.50376,0.30323574,0.30214247
17.17000049352646,68.57577,0.3035726,0.30092168
17.180000722408295,68.691765,0.3039768,0.29970092
17.19000095129013,68.815765,0.30438104,0.29848012
17.199999272823334,68.883766,0.30478528,0.29603857
17.20999950170517,68.995766,0.3051895,0.2948178
17.219999730587006,69.123764,0.30559373,0.29237625
17.22999995946884,69.147766,0.30579582,0.29237625
17.240000188350677,69.151764,0.3058632,0.293597
17.250000417232513,69.19576,0.30593058,0.293597
17.26000064611435,69.22776,0.30599794,0.2948178
17.270000874996185,69.20776,0.30599794,0.29603857
17.27999919652939,69.17177,0.30606532,0.29603857
17.289999425411224,69.16776,0.30606532,0.29725936
17.29999965429306,69.16776,0.30606532,0.29848012
17.309999883174896,69.151764,0.30613267,0.29970092
17.320000112056732,69.147766,0.30620006,0.29970092
17.330000340938568,69.16776,0.3062674,0.30092168
17.340000569820404,69.163765,0.3062674,0.30214247
17.35000079870224,69.15576,0.3063348,0.30214247
17.359999120235443,69.163765,0.3063348,0.30336323
17.36999934911728,69.17177,0.30640218,0.30458403
17.379999577999115,69.13976,0.30640218,0.3058048
17.38999980688095,69.13177,0.30640218,0.30702558
17.400000035762787,69.12776,0.30646956,0.30702558
17.410000264644623,69.11176,0.30653688,0.30824634
17.42000049352646,69.11977,0.30653688,0.30946714
17.430000722408295,69.135765,0.30653688,0.3106879
17.44000095129013,69.163765,0.30653688,0.3119087
17.449999272823334,69.09977,0.30660427,0.3119087
17.45999950170517,69.08376,0.30660427,0.31312945
17.469999730587006,69.13177,0.30667165,0.31435025
17.47999995946884,69.12776,0.30673903,0.31435025
17.490000188350677,69.107765,0.3068064,0.315571
17.500000417232513,69.11576,0.3068064,0.3167918
17.51000064611435,69.12776,0.30687377,0.3167918
17.520000874996185,69.10377,0.30694112,0.31801257
17.52999919652939,69.11176,0.30707586,0.31801257
17.539999425411224,69.147766,0.30707586,0.31923336
17.54999965429306,69.151764,0.30714324,0.32045412
17.559999883174896,69.11576,0.30714324,0.3216749
17.570000112056732,69.09977,0.30721062,0.3216749
17.580000340938568,69.13177,0.30721062,0.32289568
17.590000569820404,69.107765,0.307278,0.32411647
17.60000079870224,69.123764,0.30734536,0.32411647
17.609999120235443,69.175766,0.3074801,0.32411647
17.61999934911728,69.20776,0.30768222,0.32533723
17.629999577999115,69.23576,0.3078843,0.32411647
17.63999980688095,69.29576,0.30822116,0.32289568
17.650000035762787,69.40776,0.3086254,0.3216749
17.660000264644623,69.53176,0.30916435,0.31923336
17.67000049352646,69.69576,0.3097707,0.315571
17.680000722408295,69.89176,0.31051177,0.3119087
17.69000095129013,70.08776,0.31132022,0.30702558
17.699999272823334,70.31576,0.31219605,0.30214247
17.70999950170517,70.53176,0.3129371,0.29848012
17.719999730587006,70.70376,0.31313923,0.29848012
17.72999995946884,70.68376,0.31313923,0.29970092
17.740000188350677,70.651764,0.3132066,0.29970092
17.750000417232513,70.67176,0.313274,0.30092168
17.76000064611435,70.66376,0.313274,0.30214247
17.770000874996185,70.65576,0.31334135,0.30214247
17.77999919652939,70.651764,0.31334135,0.30336323
17.789999425411224,70.65576,0.3134087,0.30458403
17.79999965429306,70.667755,0.3134761,0.30458403
17.809999883174896,70.62376,0.3134761,0.3058048
17.820000112056732,70.651764,0.31361085,0.3058048
17.830000340938568,70.679756,0.31374556,0.30702558
17.840000569820404,70.69576,0.31374556,0.30702558
17.85000079870224,70.68376,0.31381294,0.30824634
17.859999120235443,70.69576,0.31394768,0.30824634
17.86999934911728,70.71576,0.31408244,0.30946714
17.879999577999115,70.74776,0.31428453,0.30946714
17.88999980688095,70.819756,0.3146214,0.30702558
17.900000035762787,70.94776,0.31509298,0.3058048
17.910000264644623,71.09576,0.31576672,0.30214247
17.92000049352646,71.28776,0.31670988,0.29603857
17.930000722408295,71.583755,0.31792256,0.2899347
17.94000095129013,71.987755,0.31933734,0.28138924
17.949999272823334,72.29575,0.32028055,0.27650613
17.95999950170517,72.49576,0.3208195,0.2728438
17.969999730587006,72.63175,0.32122374,0.27162302
17.97999995946884,72.66375,0.3215606,0.27040225
17.990000188350677,72.711754,0.3217627,0.26918146
18.000000417232513,72.76775,0.32203218,0.26918146
18.01000064611435,72.847755,0.32223427,0.2679607
18.020000874996185,72.87575,0.32250378,0.2679607
18.02999919652939,72.96375,0.322908,0.2667399
18.039999425411224,73.07575,0.3233796,0.26429835
18.04999965429306,73.20375,0.3240533,0.26063603
18.059999883174896,73.35975,0.32479435,0.25697368
18.070000112056732,73.543755,0.32526597,0.25453213
18.080000340938568,73.64375,0.3254681,0.25453213
18.090000569820404,73.631744,0.3254681,0.25575292
18.10000079870224,73.60775,0.3254681,0.25697368
18.109999120235443,73.59174,0.3254681,0.25819448
18.11999934911728,73.55575,0.3254681,0.25941524
18.129999577999115,73.519745,0.3254681,0.26063603
18.13999980688095,73.52775,0.3254681,0.2618568
18.150000035762787,73.53175,0.3254681,0.2618568
18.160000264644623,73.47575,0.3254681,0.26429835
18.17000049352646,73.45175,0.3254681,0.26429835
18.180000722408295,73.43575,0.3254681,0.26551914
18.19000095129013,73.46775,0.3254681,0.2667399
18.199999272823334,73.41975,0.3254681,0.2679607
18.20999950170517,73.39975,0.3254681,0.26918146
18.219999730587006,73.391754,0.3254681,0.27040225
18.22999995946884,73.35975,0.3254681,0.27162302
18.240000188350677,73.33575,0.3254681,0.2728438
18.250000417232513,73.339745,0.3254681,0.27406457
18.26000064611435,73.33175,0.3254681,0.27528536
18.270000874996185,73.30775,0.3254681,0.27650613
18.27999919652939,73.28375,0.3254681,0.27772692
18.289999425411224,73.291756,0.3254681,0.27894768
18.29999965429306,73.25575,0.3254681,0.28016847
18.309999883174896,73.21975,0.3254681,0.28138924
18.320000112056732,73.22775,0.3254681,0.28138924
18.330000340938568,73.23175,0.3254681,0.2838308
18.340000569820404,73.19975,0.3254681,0.2838308
18.35000079870224,73.18775,0.3254681,0.28627235
18.359999120235443,73.183754,0.3254681,0.28627235
18.36999934911728,73.179756,0.3254681,0.28749314
18.379999577999115,73.14775,0.3254681,0.2887139
18.38999980688095,73.13575,0.3254681,0.2899347
18.400000035762787,73.11575,0.3254681,0.29115546
18.410000264644623,73.11575,0.3254681,0.29237625
18.42000049352646,73.111755,0.3254681,0.293597
18.430000722408295,73.12775,0.3254681,0.2948178
18.44000095129013,73.099754,0.3254681,0.29603857
18.449999272823334,73.06375,0.32553548,0.29603857
18.45999950170517,73.02375,0.32553548,0.29725936
18.469999730587006,73.05175,0.32553548,0.29848012
18.47999995946884,73.03575,0.32560283,0.29970092
18.490000188350677,73.05975,0.32567018,0.29970092
18.500000417232513,73.06775,0.32567018,0.30092168
18.51000064611435,73.043755,0.32567018,0.30214247
18.520000874996185,73.02375,0.32573757,0.30336323
18.52999919652939,73.00775,0.32580495,0.30336323
18.539999425411224,73.05975,0.32580495,0.3058048
18.54999965429306,73.06375,0.3258723,0.3058048
18.559999883174896,73.02775,0.3259397,0.3058048
18.570000112056732,73.03575,0.32600707,0.30702558
18.580000340938568,73.07975,0.32614177,0.30702558
18.590000569820404,73.07575,0.32620916,0.30824634
18.60000079870224,73.099754,0.32627654,0.30824634
18.609999120235443,73.13575,0.32641128,0.30946714
18.61999934911728,73.183754,0.3266134,0.30824634
18.629999577999115,73.18775,0.32681552,0.30824634
18.63999980688095,73.26375,0.32715237,0.30702558
18.650000035762787,73.363754,0.32755658,0.3058048
18.660000264644623,73.47175,0.32802817,0.30336323
18.67000049352646,73.61175,0.3286345,0.30092168
18.680000722408295,73.85575,0.32944298,0.29603857
18.69000095129013,74.15175,0.33065563,0.2899347
18.699999272823334,74.451744,0.33180094,0.28138924
18.70999950170517,74.67574,0.33247465,0.27894768
18.719999730587006,74.79175,0.332542,0.27894768
18.72999995946884,74.755745,0.332542,0.28016847
18.740000188350677,74.74774,0.332542,0.28138924
18.750000417232513,74.73575,0.332542,0.28261003
18.76000064611435,74.755745,0.332542,0.2838308
18.770000874996185,74.727745,0.3326094,0.2838308
18.77999919652939,74.69575,0.3326094,0.28627235
18.789999425411224,74.715744,0.3326094,0.28627235
18.79999965429306,74.671745,0.3326094,0.28749314
18.809999883174896,74.61974,0.3326094,0.2887139
18.820000112056732,74.631744,0.3326094,0.2899347
18.830000340938568,74.65175,0.3326094,0.29115546
18.840000569820404,74.63574,0.3326094,0.29237625
18.85000079870224,74.59575,0.3326094,0.293597
18.859999120235443,74.58375,0.3326094,0.2948178
18.86999934911728,74.559746,0.3326094,0.29603857
18.879999577999115,74.54375,0.3326094,0.29725936
18.88999980688095,74.55175,0.3326094,0.29848012
18.900000035762787,74.56374,0.33267677,0.29970092
18.910000264644623,74.547745,0.33267677,0.29970092
18.92000049352646,74.507744,0.33267677,0.30092168
18.930000722408295,74.49574,0.33274412,0.30214247
18.94000095129013,74.51175,0.3328115,0.30336323
18.949999272823334,74.52374,0.33287886,0.30336323
18.95999950170517,74.531746,0.33294624,0.30336323
18.969999730587006,74.559746,0.33308098,0.30458403
18.97999995946884,74.56374,0.33321574,0.30458403
18.990000188350677,74.59975,0.33341783,0.30458403
19.000000417232513,74.671745,0.33368734,0.30336323
19.01000064611435,74.767746,0.33409154,0.30214247
19.020000874996185,74.923744,0.3346305,0.29970092
19.02999919652939,75.08375,0.3353716,0.29603857
19.039999425411224,75.32374,0.33618006,0.29115546
19.04999965429306,75.51574,0.33712322,0.28627235
19.059999883174896,75.71175,0.33779693,0.28138924
19.070000112056732,75.85574,0.33799905,0.28138924
19.080000340938568,75.91174,0.33799905,0.28261003
19.090000569820404,75.88374,0.3380664,0.2838308
19.10000079870224,75.839745,0.3380664,0.28505158
19.109999120235443,75.85574,0.3380664,0.28627235
19.11999934911728,75.79574,0.3380664,0.28749314
19.129999577999115,75.77574,0.3380664,0.2887139
19.13999980688095,75.783745,0.3380664,0.2899347
19.150000035762787,75.78774,0.3380664,0.2899347
19.160000264644623,75.75974,0.3380664,0.29115546
19.17000049352646,75.75574,0.3380664,0.29237625
19.180000722408295,75.739746,0.3380664,0.293597
19.19000095129013,75.715744,0.33813378,0.2948178
19.199999272823334,75.69574,0.33813378,0.29603857
19.20999950170517,75.69574,0.33813378,0.29725936
19.219999730587006,75.687744,0.33813378,0.29848012
19.22999995946884,75.63574,0.33813378,0.29970092
19.240000188350677,75.63974,0.33813378,0.30092168
19.250000417232513,75.65574,0.33813378,0.30092168
19.26000064611435,75.65574,0.33820117,0.30214247
19.270000874996185,75.61574,0.33820117,0.30336323
19.27999919652939,75.59174,0.33826855,0.30458403
19.289999425411224,75.61174,0.33826855,0.3058048
19.29999965429306,75.61974,0.33826855,0.30702558
19.309999883174896,75.603745,0.3383359,0.30702558
19.320000112056732,75.60774,0.3383359,0.30824634
19.330000340938568,75.603745,0.33840325,0.30946714
19.340000569820404,75.59174,0.33847064,0.30946714
19.35000079870224,75.60774,0.33853802,0.3106879
19.359999120235443,75.63974,0.33853802,0.3119087
19.36999934911728,75.62775,0.33860537,0.3119087
19.379999577999115,75.59574,0.33860537,0.31312945
19.38999980688095,75.59174,0.33860537,0.31435025
19.400000035762787,75.57974,0.33867276,0.315571
19.410000264644623,75.56374,0.33874014,0.315571
19.42000049352646,75.603745,0.3388075,0.3167918
19.430000722408295,75.671745,0.33894223,0.3167918
19.44000095129013,75.66374,0.339077,0.3167918
19.449999272823334,75.64774,0.3392791,0.3167918
19.45999950170517,75.715744,0.3395486,0.315571
19.469999730587006,75.839745,0.3399528,0.315571
19.47999995946884,75.93174,0.34035704,0.31312945
19.490000188350677,76.075745,0.34082863,0.3106879
19.500000417232513,76.271736,0.3415697,0.30702558
19.51000064611435,76.44374,0.3425129,0.30214247
19.520000874996185,76.70774,0.34352344,0.29603857
19.52999919652939,76.955734,0.34426454,0.29115546
19.539999425411224,77.119736,0.344534,0.29115546
19.54999965429306,77.15574,0.344534,0.29115546
19.559999883174896,77.13174,0.3446014,0.29237625
19.570000112056732,77.12373,0.3446014,0.293597
19.580000340938568,77.08374,0.3446014,0.2948178
19.590000569820404,77.05573,0.3446014,0.29603857
19.60000079870224,77.063736,0.3446014,0.29725936
19.609999120235443,77.063736,0.3446014,0.29848012
19.61999934911728,77.03974,0.3446014,0.29970092
19.629999577999115,77.00374,0.34466875,0.29970092
19.63999980688095,77.00774,0.34466875,0.30092168
19.650000035762787,77.01974,0.34466875,0.30214247
19.660000264644623,76.97174,0.34466875,0.30336323
19.67000049352646,76.96774,0.34466875,0.30458403
19.680000722408295,76.983734,0.34466875,0.3058048
19.69000095129013,76.955734,0.34473613,0.30702558
19.699999272823334,76.93174,0.34473613,0.30824634
19.70999950170517,76.94374,0.34480348,0.30824634
19.719999730587006,76.97974,0.34480348,0.30946714
19.72999995946884,76.97974,0.34487087,0.3106879
19.740000188350677,76.95174,0.34493822,0.3106879
19.750000417232513,76.955734,0.34507298,0.3119087
19.76000064611435,76.95174,0.34514037,0.3119087
19.770000874996185,76.97174,0.3452077,0.31312945
19.77999919652939,77.02774,0.34540984,0.3119087
19.789999425411224,77.09974,0.34574667,0.3119087
19.79999965429306,77.163734,0.34608352,0.30946714
19.809999883174896,77.24374,0.3466225,0.30702558
19.820000112056732,77.41573,0.34722885,0.30458403
19.830000340938568,77.62373,0.34790254,0.30092168
19.840000569820404,77.815735,0.34871098,0.29725936
19.85000079870224,78.035736,0.3495868,0.29237625
19.859999120235443,78.247734,0.35039526,0.28749314
19.86999934911728,78.41973,0.35100162,0.28505158
19.879999577999115,78.53973,0.35140583,0.28261003
19.88999980688095,78.68373,0.35174268,0.28138924
19.900000035762787,78.80773,0.3521469,0.28016847
19.910000264644623,78.87573,0.35261852,0.27772692
19.92000049352646,78.99173,0.35322484,0.27406457
19.930000722408295,79.16773,0.35389856,0.27040225
19.94000095129013,79.29573,0.35450488,0.2679607
19.949999272823334,79.44773,0.35497648,0.26551914
19.95999950170517,79.57173,0.35538068,0.26429835
19.969999730587006,79.675735,0.3556502,0.2630776
19.97999995946884,79.68373,0.35578495,0.26429835
19.990000188350677,79.65572,0.35578495,0.26429835
20.000000417232513,79.67173,0.35585228,0.26551914
20.01000064611435,79.65973,0.35585228,0.2667399
20.020000874996185,79.64773,0.35591966,0.2679607
20.02999919652939,79.635735,0.35591966,0.2679607
20.039999425411224,79.62373,0.35591966,0.27040225
20.04999965429306,79.57573,0.35591966,0.27040225
20.059999883174896,79.55972,0.35591966,0.27162302
20.070000112056732,79.57573,0.35591966,0.2728438
20.080000340938568,79.55573,0.35598704,0.27406457
20.090000569820404,79.51972,0.35598704,0.27528536
20.10000079870224,79.51972,0.35598704,0.27650613
20.109999120235443,79.50373,0.35598704,0.27772692
20.11999934911728,79.50773,0.35605443,0.27772692
20.129999577999115,79.49174,0.35605443,0.27894768
20.13999980688095,79.51173,0.35605443,0.28016847
20.150000035762787,79.48773,0.35612178,0.28138924
20.160000264644623,79.46373,0.35618916,0.28138924
20.17000049352646,79.44773,0.3562565,0.28261003
20.180000722408295,79.49174,0.3563239,0.28261003
20.19000095129013,79.48373,0.3563239,0.2838308
20.199999272823334,79.46373,0.3563239,0.28505158
20.20999950170517,79.46773,0.35639125,0.28627235
20.219999730587006,79.49174,0.35645863,0.28627235
20.22999995946884,79.45573,0.35652602,0.28749314
20.240000188350677,79.47973,0.35659337,0.28749314
20.250000417232513,79.49973,0.35659337,0.2899347
20.26000064611435,79.45573,0.35666072,0.2899347
20.270000874996185,79.415726,0.3567281,0.29115546
20.27999919652939,79.45174,0.3567955,0.29115546
20.289999425411224,79.47973,0.3567955,0.29237625
20.29999965429306,79.46773,0.3567955,0.293597
20.309999883174896,79.46373,0.3567955,0.2948178
20.320000112056732,79.45973,0.3567955,0.29603857
20.330000340938568,79.42773,0.35686284,0.29603857
20.340000569820404,79.39973,0.35686284,0.29725936
20.35000079870224,79.415726,0.35693023,0.29848012
20.359999120235443,79.43973,0.35693023,0.29970092
20.36999934911728,79.43573,0.3569976,0.29970092
20.379999577999115,79.43173,0.35713232,0.30092168
20.38999980688095,79.45174,0.3571997,0.30092168
20.400000035762787,79.45174,0.35733446,0.30092168
20.410000264644623,79.443726,0.35740182,0.30214247
20.42000049352646,79.47973,0.35753655,0.30214247
20.430000722408295,79.54773,0.35773867,0.30214247
20.44000095129013,79.59573,0.35794076,0.30214247
20.449999272823334,79.651726,0.35827765,0.30092168
20.45999950170517,79.763725,0.3588166,0.29848012
20.469999730587006,79.927734,0.35962504,0.293597
20.47999995946884,80.20373,0.36056826,0.28749314
20.490000188350677,80.471725,0.36157882,0.28261003
20.500000417232513,80.75973,0.362522,0.27772692
20.51000064611435,80.91173,0.36312833,0.27406457
20.520000874996185,81.03172,0.36353254,0.27162302
20.52999919652939,81.13172,0.3637347,0.27162302
20.539999425411224,81.18773,0.36380205,0.2728438
20.54999965429306,81.14372,0.36380205,0.27406457
20.559999883174896,81.095726,0.36386943,0.27406457
20.570000112056732,81.10773,0.36386943,0.27650613
20.580000340938568,81.095726,0.36393678,0.27650613
20.590000569820404,81.07973,0.36393678,0.27772692
20.60000079870224,81.07973,0.36400416,0.27772692
20.609999120235443,81.099724,0.36407152,0.27894768
20.61999934911728,81.083725,0.36407152,0.28016847
20.629999577999115,81.07572,0.3641389,0.28138924
20.63999980688095,81.06372,0.36420628,0.28138924
20.650000035762787,81.06372,0.36427367,0.28261003
20.660000264644623,81.05173,0.364341,0.28261003
20.67000049352646,81.08772,0.36447576,0.28261003
20.680000722408295,81.123726,0.36467788,0.28261003
20.69000095129013,81.15973,0.36487997,0.28261003
20.699999272823334,81.21573,0.36521682,0.28138924
20.70999950170517,81.36772,0.3656884,0.28016847
20.719999730587006,81.46773,0.36609265,0.27772692
20.72999995946884,81.527725,0.36649686,0.27650613
20.740000188350677,81.64772,0.36696845,0.27406457
20.750000417232513,81.73972,0.3673053,0.2728438
20.76000064611435,81.83172,0.3676422,0.27162302
20.770000874996185,81.903725,0.36791167,0.27040225
20.77999919652939,81.97972,0.3681138,0.27040225
20.789999425411224,81.999725,0.36818114,0.27162302
20.79999965429306,81.95572,0.36818114,0.2728438
20.809999883174896,81.935715,0.36818114,0.27406457
20.820000112056732,81.93972,0.36824852,0.27406457
20.830000340938568,81.947716,0.36824852,0.27528536
20.840000569820404,81.92772,0.36824852,0.27650613
20.85000079870224,81.91172,0.36824852,0.27772692
20.859999120235443,81.88772,0.36824852,0.27894768
20.86999934911728,81.867714,0.36824852,0.28016847
20.879999577999115,81.83972,0.36831588,0.28016847
20.88999980688095,81.847725,0.36831588,0.28138924
20.900000035762787,81.84372,0.36831588,0.28261003
20.910000264644623,81.79973,0.36831588,0.2838308
20.92000049352646,81.79973,0.36831588,0.28505158
20.930000722408295,81.78772,0.36831588,0.28627235
20.94000095129013,81.75973,0.36831588,0.28749314
20.949999272823334,81.78372,0.36831588,0.2887139
20.95999950170517,81.78772,0.36831588,0.2899347
20.969999730587006,81.75572,0.36831588,0.29115546
20.97999995946884,81.69173,0.36831588,0.29237625
20.990000188350677,81.70372,0.36838326,0.293597
21.000000417232513,81.72372,0.36838326,0.293597
21.01000064611435,81.69572,0.36838326,0.29603857
21.020000874996185,81.71172,0.36845064,0.29603857
21.02999919652939,81.71572,0.368518,0.29725936
21.039999425411224,81.71572,0.368518,0.29725936
21.04999965429306,81.68772,0.36858535,0.29848012
21.059999883174896,81.67572,0.36858535,0.29970092
21.070000112056732,81.707726,0.36865273,0.29970092
21.080000340938568,81.68772,0.3687201,0.30092168
21.090000569820404,81.69572,0.3687201,0.30214247
21.10000079870224,81.69572,0.3687201,0.30336323
21.109999120235443,81.69972,0.36885485,0.30336323
21.11999934911728,81.707726,0.36892223,0.30458403
21.129999577999115,81.72772,0.36905694,0.30458403
21.13999980688095,81.75572,0.36912432,0.3058048
21.150000035762787,81.72372,0.3691917,0.3058048
21.160000264644623,81.707726,0.3692591,0.30702558
21.17000049352646,81.73173,0.3692591,0.30702558
21.180000722408295,81.76372,0.3692591,0.30946714
21.19000095129013,81.76372,0.36932644,0.30946714
21.199999272823334,81.74772,0.36939383,0.3106879
21.20999950170517,81.72772,0.36939383,0.3119087
21.219999730587006,81.71572,0.36952856,0.3119087
21.22999995946884,81.70372,0.36959592,0.3119087
21.240000188350677,81.77172,0.3696633,0.31312945
21.250000417232513,81.81572,0.36979806,0.31312945
21.26000064611435,81.807724,0.36993277,0.31312945
21.270000874996185,81.81972,0.37006754,0.31312945
21.27999919652939,81.86372,0.37020227,0.31312945
21.289999425411224,81.89972,0.370337,0.31435025
21.29999965429306,81.915726,0.37053913,0.31312945
21.309999883174896,81.99572,0.37087598,0.31312945
21.320000112056732,82.10772,0.3712802,0.3106879
21.330000340938568,82.21172,0.37188655,0.30824634
21.340000569820404,82.38772,0.37262762,0.30336323
21.35000079870224,82.615715,0.37343606,0.29970092
21.359999120235443,82.851715,0.37417713,0.29603857
21.36999934911728,83.003716,0.37464872,0.293597
21.379999577999115,83.09171,0.37491822,0.29237625
21.38999980688095,83.11172,0.37498558,0.293597
21.400000035762787,83.115715,0.37505296,0.293597
21.410000264644623,83.10772,0.37512034,0.2948178
21.42000049352646,83.131714,0.37512034,0.29603857
21.430000722408295,83.12372,0.37512034,0.29725936
21.44000095129013,83.08372,0.3751877,0.29848012
21.449999272823334,83.07972,0.3751877,0.29848012
21.45999950170517,83.075714,0.37525508,0.29970092
21.469999730587006,83.08772,0.3753898,0.29970092
21.47999995946884,83.08772,0.37545717,0.30092168
21.490000188350677,83.115715,0.37545717,0.30092168
21.500000417232513,83.131714,0.37552455,0.30336323
21.51000064611435,83.07172,0.37552455,0.30336323
21.520000874996185,83.06772,0.37552455,0.30458403
21.52999919652939,83.075714,0.37552455,0.3058048
21.539999425411224,83.06772,0.37552455,0.30702558
21.54999965429306,83.03571,0.37559193,0.30702558
21.559999883174896,83.04772,0.37565932,0.30946714
21.570000112056732,83.06371,0.37572667,0.30946714
21.580000340938568,83.05171,0.37572667,0.3106879
21.590000569820404,83.05572,0.37579402,0.3106879
21.60000079870224,83.08772,0.3758614,0.3119087
21.609999120235443,83.06371,0.3759288,0.3119087
21.61999934911728,83.04772,0.37606353,0.31312945
21.629999577999115,83.09171,0.37619826,0.31312945
21.63999980688095,83.15971,0.37640038,0.3119087
21.650000035762787,83.21572,0.3766025,0.3119087
21.660000264644623,83.27172,0.37687197,0.3119087
21.67000049352646,83.32771,0.37720883,0.3106879
21.680000722408295,83.39571,0.37754565,0.30946714
21.69000095129013,83.47971,0.37801728,0.30702558
21.699999272823334,83.65971,0.3786236,0.30336323
21.70999950170517,83.851715,0.3793647,0.29970092
21.719999730587006,84.05171,0.38003838,0.29603857
21.72999995946884,84.215706,0.3807121,0.293597
21.740000188350677,84.35171,0.3811837,0.29115546
21.750000417232513,84.41171,0.38131842,0.29115546
21.76000064611435,84.39972,0.38131842,0.29237625
21.770000874996185,84.39571,0.38131842,0.293597
21.77999919652939,84.41571,0.3813858,0.293597
21.789999425411224,84.39571,0.3813858,0.29603857
21.79999965429306,84.33571,0.3814532,0.29603857
21.809999883174896,84.34772,0.38152054,0.29725936
21.820000112056732,84.38772,0.38158792,0.29725936
21.830000340938568,84.38371,0.38158792,0.29848012
21.840000569820404,84.367714,0.38158792,0.29970092
21.85000079870224,84.37171,0.3816553,0.29970092
21.859999120235443,84.34772,0.38179,0.30092168
21.86999934911728,84.35171,0.38192478,0.30092168
21.879999577999115,84.37171,0.38192478,0.30214247
21.88999980688095,84.39972,0.38192478,0.30336323
21.900000035762787,84.39171,0.38199216,0.30336323
21.910000264644623,84.37171,0.38199216,0.30458403
21.92000049352646,84.35972,0.38199216,0.3058048
21.930000722408295,84.34371,0.3820595,0.30702558
21.94000095129013,84.31972,0.3821269,0.30702558
21.949999272823334,84.37171,0.38226163,0.30702558
21.95999950170517,84.39571,0.38239637,0.30824634
21.969999730587006,84.43171,0.38266584,0.30702558
21.97999995946884,84.49971,0.3830027,0.3058048
21.990000188350677,84.64371,0.38354167,0.30336323
22.000000417232513,84.81971,0.38421538,0.29970092
22.01000064611435,84.98771,0.38515857,0.2948178
22.020000874996185,85.27971,0.38616914,0.2887139
22.02999919652939,85.61571,0.38744918,0.28138924
22.039999425411224,85.9437,0.38859448,0.27406457
22.04999965429306,86.13571,0.3892008,0.27162302
22.059999883174896,86.30771,0.38967243,0.26918146
22.070000112056732,86.4077,0.39007664,0.2679607
22.080000340938568,86.49171,0.39048088,0.26551914
22.090000569820404,86.5677,0.39088508,0.26429835
22.10000079870224,86.659706,0.39135668,0.2618568
22.109999120235443,86.7917,0.39189565,0.26063603
22.11999934911728,86.939705,0.39250198,0.25697368
22.129999577999115,87.1477,0.3931757,0.25331137
22.13999980688095,87.2837,0.3938494,0.24964903
22.150000035762787,87.3637,0.3940515,0.24964903
22.160000264644623,87.3757,0.3940515,0.2508698
22.17000049352646,87.3797,0.3940515,0.25209057
22.180000722408295,87.343704,0.3940515,0.25209057
22.19000095129013,87.3237,0.3940515,0.25453213
22.199999272823334,87.343704,0.3940515,0.25453213
22.20999950170517,87.3037,0.3940515,0.25575292
22.219999730587006,87.2637,0.3940515,0.25697368
22.22999995946884,87.231705,0.3940515,0.25819448
22.240000188350677,87.25171,0.3940515,0.25941524
22.250000417232513,87.23971,0.3940515,0.26063603
22.26000064611435,87.1797,0.3940515,0.2618568
22.270000874996185,87.1397,0.3940515,0.2630776
22.27999919652939,87.14371,0.3940515,0.26429835
22.289999425411224,87.1357,0.3940515,0.26551914
22.29999965429306,87.13171,0.3940515,0.2667399
22.309999883174896,87.14371,0.3940515,0.2679607
22.320000112056732,87.1237,0.3940515,0.26918146
22.330000340938568,87.0717,0.3940515,0.27040225
22.340000569820404,87.051704,0.3940515,0.27162302
22.35000079870224,87.0397,0.3940515,0.27162302
22.359999120235443,87.0197,0.3940515,0.27406457
22.36999934911728,87.0117,0.3940515,0.27406457
22.379999577999115,86.995705,0.3940515,0.27650613
22.38999980688095,86.99971,0.3940515,0.27650613
22.400000035762787,86.95971,0.3940515,0.27772692
22.410000264644623,86.9357,0.3940515,0.27894768
22.42000049352646,86.9557,0.3940515,0.28016847
22.430000722408295,86.9157,0.3940515,0.28138924
22.44000095129013,86.87971,0.39411888,0.28138924
22.449999272823334,86.899704,0.39411888,0.2838308
22.45999950170517,86.8877,0.39411888,0.2838308
22.469999730587006,86.85171,0.39411888,0.28627235
22.47999995946884,86.8597,0.39411888,0.28627235
22.490000188350677,86.843704,0.39411888,0.28749314
22.500000417232513,86.827705,0.39411888,0.2887139
22.51000064611435,86.77571,0.39411888,0.2899347
22.520000874996185,86.7917,0.39411888,0.29115546
22.52999919652939,86.787704,0.39411888,0.29237625
22.539999425411224,86.787704,0.39411888,0.293597
22.54999965429306,86.759705,0.39411888,0.2948178
22.559999883174896,86.7517,0.39411888,0.29603857
22.570000112056732,86.7117,0.39411888,0.29725936
22.580000340938568,86.687706,0.39411888,0.29848012
22.590000569820404,86.7197,0.39411888,0.29970092
22.60000079870224,86.7397,0.39411888,0.30092168
22.609999120235443,86.6717,0.39411888,0.30092168
22.61999934911728,86.63971,0.39411888,0.30336323
22.629999577999115,86.6237,0.39411888,0.30336323
22.63999980688095,86.6517,0.39411888,0.3058048
22.650000035762787,86.63971,0.39411888,0.3058048
22.660000264644623,86.619705,0.39411888,0.30702558
22.67000049352646,86.61571,0.39418626,0.30824634
22.680000722408295,86.5837,0.39418626,0.30946714
22.69000095129013,86.551704,0.39418626,0.3106879
22.699999272823334,86.58771,0.3942536,0.3119087
22.70999950170517,86.61171,0.394321,0.3119087
22.719999730587006,86.61171,0.39438838,0.31312945
22.72999995946884,86.635704,0.39452308,0.31312945
22.740000188350677,86.62771,0.39452308,0.31435025
22.750000417232513,86.59971,0.39459047,0.31435025
22.76000064611435,86.58771,0.39465785,0.315571
22.770000874996185,86.62771,0.39472523,0.315571
22.77999919652939,86.6717,0.39472523,0.3167918
22.789999425411224,86.659706,0.3947926,0.31801257
22.79999965429306,86.63971,0.39485997,0.31801257
22.809999883174896,86.66771,0.39506206,0.31801257
22.820000112056732,86.6997,0.39519683,0.31801257
22.830000340938568,86.731705,0.3953989,0.31801257
22.840000569820404,86.799706,0.39560103,0.31801257
22.85000079870224,86.871704,0.3959379,0.3167918
22.859999120235443,86.979706,0.39647686,0.31435025
22.86999934911728,87.1477,0.3972853,0.30946714
22.879999577999115,87.423706,0.39836323,0.30336323
22.88999980688095,87.7797,0.3995759,0.29725936
22.900000035762787,88.0877,0.4007886,0.2899347
22.910000264644623,88.3517,0.4014623,0.28627235
22.92000049352646,88.4517,0.4016644,0.28505158
22.930000722408295,88.4477,0.40173176,0.28627235
22.94000095129013,88.4517,0.40179914,0.28627235
22.949999272823334,88.4637,0.40179914,0.28749314
22.95999950170517,88.4277,0.40179914,0.2887139
22.969999730587006,88.3997,0.40186653,0.2899347
22.97999995946884,88.3917,0.40193388,0.2899347
22.990000188350677,88.4317,0.40206864,0.2899347
23.000000417232513,88.4477,0.402136,0.29115546
23.01000064611435,88.4437,0.40227073,0.29115546
23.020000874996185,88.47569,0.40233812,0.29237625
23.02999919652939,88.4997,0.40247285,0.29237625
23.039999425411224,88.4837,0.40254024,0.293597
23.04999965429306,88.4677,0.40267497,0.293597
23.059999883174896,88.5597,0.4028097,0.293597
23.070000112056732,88.579704,0.40294448,0.293597
23.080000340938568,88.583694,0.40314656,0.293597
23.090000569820404,88.6437,0.40341604,0.29237625
23.10000079870224,88.7037,0.40375292,0.29115546
23.109999120235443,88.80769,0.40415713,0.2899347
23.11999934911728,88.943695,0.40462872,0.28749314
23.129999577999115,89.0757,0.40516767,0.28627235
23.13999980688095,89.223694,0.40570664,0.28261003
23.150000035762787,89.303696,0.40611088,0.28138924
23.160000264644623,89.3437,0.406313,0.28016847
23.17000049352646,89.3837,0.406313,0.28138924
23.180000722408295,89.3837,0.40638036,0.28261003
23.19000095129013,89.3837,0.40638036,0.2838308
23.199999272823334,89.403694,0.40638036,0.28505158
23.20999950170517,89.35169,0.40638036,0.28627235
23.219999730587006,89.3077,0.4064477,0.28627235
23.22999995946884,89.291695,0.4064477,0.28749314
23.240000188350677,89.3077,0.4064477,0.2887139
23.250000417232513,89.32369,0.4064477,0.2899347
23.26000064611435,89.275696,0.4064477,0.29115546
23.270000874996185,89.28369,0.4064477,0.29237625
23.27999919652939,89.27169,0.4064477,0.293597
23.289999425411224,89.2277,0.4065151,0.2948178
23.29999965429306,89.2277,0.4065151,0.29603857
23.309999883174896,89.2397,0.40658247,0.29603857
23.320000112056732,89.2397,0.40658247,0.29725936
23.330000340938568,89.2117,0.40664986,0.29848012
23.340000569820404,89.1997,0.40664986,0.29970092
23.35000079870224,89.207695,0.4067172,0.29970092
23.359999120235443,89.2117,0.4067846,0.30092168
23.36999934911728,89.2157,0.4067846,0.30092168
23.379999577999115,89.2117,0.40685195,0.30214247
23.38999980688095,89.223694,0.40691933,0.30336323
23.400000035762787,89.219696,0.40698668,0.30336323
23.410000264644623,89.235695,0.40712145,0.30336323
23.42000049352646,89.2557,0.40725616,0.30458403
23.430000722408295,89.25169,0.40732354,0.30458403
23.44000095129013,89.25169,0.40732354,0.3058048
23.449999272823334,89.275696,0.40739092,0.30702558
23.45999950170517,89.2797,0.4074583,0.30702558
23.469999730587006,89.291695,0.40759304,0.30824634
23.47999995946884,89.29969,0.4076604,0.30824634
23.490000188350677,89.3277,0.40772778,0.30946714
23.500000417232513,89.3357,0.4078625,0.30946714
23.51000064611435,89.32369,0.40806463,0.30946714
23.520000874996185,89.41969,0.4084015,0.30824634
23.52999919652939,89.54369,0.40873834,0.30702558
23.539999425411224,89.6277,0.40920994,0.30458403
23.54999965429306,89.73969,0.40968153,0.30214247
23.559999883174896,89.875694,0.41028786,0.29970092
23.570000112056732,90.03169,0.41096157,0.29603857
23.580000340938568,90.23169,0.41163528,0.29237625
23.590000569820404,90.4237,0.412309,0.2899347
23.60000079870224,90.58769,0.41278058,0.28627235
23.609999120235443,90.65569,0.41305006,0.28627235
23.61999934911728,90.69169,0.41325217,0.28627235
23.629999577999115,90.70369,0.41331953,0.28627235
23.63999980688095,90.70369,0.41331953,0.28749314
23.650000035762787,90.67169,0.41331953,0.2887139
23.660000264644623,90.68769,0.41331953,0.2899347
23.67000049352646,90.69169,0.4133869,0.29115546
23.680000722408295,90.6357,0.4133869,0.29115546
23.69000095129013,90.62369,0.41352168,0.29237625
23.699999272823334,90.67969,0.41352168,0.293597
23.70999950170517,90.64369,0.41358903,0.293597
23.719999730587006,90.65169,0.41365638,0.2948178
23.72999995946884,90.64369,0.41372377,0.2948178
23.740000188350677,90.63969,0.41372377,0.29603857
23.750000417232513,90.64369,0.41372377,0.29725936
23.76000064611435,90.599686,0.41379115,0.29848012
23.770000874996185,90.63969,0.41379115,0.29970092
23.77999919652939,90.65969,0.4139259,0.29970092
23.789999425411224,90.66369,0.41412798,0.29970092
23.79999965429306,90.71969,0.41439748,0.29970092
23.809999883174896,90.78769,0.41466695,0.29725936
23.820000112056732,90.83569,0.4150038,0.29725936
23.830000340938568,90.9277,0.41540805,0.29603857
23.840000569820404,91.03969,0.41567755,0.2948178
23.85000079870224,91.12769,0.41608176,0.29237625
23.859999120235443,91.211685,0.416486,0.29115546
23.86999934911728,91.28768,0.41675544,0.29115546
23.879999577999115,91.35969,0.4169576,0.2899347
23.88999980688095,91.42769,0.4172944,0.2887139
23.900000035762787,91.49569,0.41769865,0.28749314
23.910000264644623,91.599686,0.41817024,0.28627235
23.92000049352646,91.71568,0.41864184,0.2838308
23.930000722408295,91.83168,0.41911346,0.28138924
23.94000095129013,91.93569,0.41945028,0.28016847
23.949999272823334,92.01169,0.4196524,0.28016847
23.95999950170517,92.043686,0.41985452,0.27894768
23.969999730587006,92.043686,0.4199219,0.28016847
23.97999995946884,92.05169,0.41998923,0.28016847
23.990000188350677,92.071686,0.4200566,0.28138924
24.000000417232513,92.04768,0.4200566,0.28261003
24.01000064611435,92.031685,0.4200566,0.2838308
24.020000874996185,92.043686,0.4200566,0.28505158
24.02999919652939,91.987686,0.4200566,0.28627235
24.039999425411224,91.963684,0.420124,0.28627235
24.04999965429306,91.95969,0.420124,0.28749314
24.059999883174896,91.963684,0.420124,0.2887139
24.070000112056732,91.98369,0.42019138,0.2899347
24.080000340938568,91.94769,0.42019138,0.29115546
24.090000569820404,91.95168,0.42025873,0.29115546
24.10000079870224,91.94769,0.4203261,0.29237625
24.109999120235443,91.94369,0.4203935,0.29237625
24.11999934911728,91.95569,0.42046085,0.293597
24.129999577999115,91.97569,0.42046085,0.2948178
24.13999980688095,91.95168,0.4205282,0.29603857
24.150000035762787,91.93169,0.4205956,0.29603857
24.160000264644623,91.94369,0.42066297,0.29725936
24.17000049352646,91.97169,0.42086506,0.29725936
24.180000722408295,92.031685,0.42106718,0.29725936
24.19000095129013,92.07568,0.42133665,0.29603857
24.199999272823334,92.19969,0.4217409,0.293597
24.20999950170517,92.25968,0.4221451,0.29237625
24.219999730587006,92.33568,0.4226167,0.2899347
24.22999995946884,92.503685,0.42322305,0.28749314
24.240000188350677,92.71969,0.42389676,0.2838308
24.250000417232513,92.839676,0.42443573,0.28138924
24.26000064611435,92.95569,0.42490733,0.28016847
24.270000874996185,93.059685,0.4251768,0.27894768
24.27999919652939,93.127686,0.42537892,0.27772692
24.289999425411224,93.131676,0.42551363,0.27772692
24.29999965429306,93.13568,0.425581,0.27894768
24.309999883174896,93.15968,0.4256484,0.28016847
24.320000112056732,93.155685,0.42578313,0.28016847
24.330000340938568,93.14768,0.42578313,0.28138924
24.340000569820404,93.14768,0.4258505,0.28138924
24.35000079870224,93.17168,0.4258505,0.28261003
24.359999120235443,93.13969,0.4259179,0.2838308
24.36999934911728,93.131676,0.42598525,0.2838308
24.379999577999115,93.14768,0.4260526,0.28505158
24.38999980688095,93.115685,0.4260526,0.28627235
24.400000035762787,93.09568,0.4260526,0.28749314
24.410000264644623,93.11968,0.4260526,0.2887139
24.42000049352646,93.115685,0.4260526,0.2899347
24.430000722408295,93.06768,0.4260526,0.29115546
24.44000095129013,93.043686,0.4260526,0.29115546
24.449999272823334,93.04768,0.42611998,0.29237625
24.45999950170517,93.031685,0.42611998,0.293597
24.469999730587006,93.031685,0.42618737,0.2948178
24.47999995946884,93.043686,0.42618737,0.29603857
24.490000188350677,93.03568,0.42618737,0.29725936
24.500000417232513,93.003685,0.42625475,0.29725936
24.51000064611435,92.98768,0.4263221,0.29725936
24.520000874996185,93.03968,0.42638946,0.29848012
24.52999919652939,93.04768,0.42652422,0.29848012
24.539999425411224,93.03968,0.42659158,0.29970092
24.54999965429306,93.043686,0.42665896,0.29970092
24.559999883174896,93.06768,0.42686105,0.29970092
24.570000112056732,93.115685,0.4270632,0.29970092
24.580000340938568,93.16368,0.42733267,0.29970092
24.590000569820404,93.28368,0.42760217,0.29848012
24.60000079870224,93.35568,0.427939,0.29725936
24.609999120235443,93.407684,0.42820847,0.29603857
24.61999934911728,93.46368,0.4286127,0.2948178
24.629999577999115,93.56769,0.42901692,0.293597
24.63999980688095,93.67968,0.42942116,0.29115546
24.650000035762787,93.807686,0.42989275,0.2899347
24.660000264644623,93.94368,0.43043172,0.28749314
24.67000049352646,94.08768,0.43103805,0.2838308
24.680000722408295,94.21568,0.43150964,0.28138924
24.69000095129013,94.299675,0.43184653,0.28138924
24.699999272823334,94.34368,0.43191385,0.28138924
24.70999950170517,94.363686,0.43204862,0.28138924
24.719999730587006,94.367676,0.43218336,0.28138924
24.72999995946884,94.40368,0.43225074,0.28261003
24.740000188350677,94.41568,0.43225074,0.2838308
24.750000417232513,94.37568,0.4323181,0.2838308
24.76000064611435,94.355675,0.4323181,0.28505158
24.770000874996185,94.37968,0.4323181,0.28627235
24.77999919652939,94.34368,0.4323181,0.28749314
24.789999425411224,94.31168,0.4323181,0.2887139
24.79999965429306,94.295685,0.4323181,0.2899347
24.809999883174896,94.299675,0.43238547,0.29115546
24.820000112056732,94.299675,0.43238547,0.29115546
24.830000340938568,94.27568,0.43238547,0.293597
24.840000569820404,94.259674,0.43238547,0.293597
24.85000079870224,94.259674,0.43238547,0.29603857
24.859999120235443,94.21568,0.43245283,0.29603857
24.86999934911728,94.23968,0.43245283,0.29725936
24.879999577999115,94.227684,0.43245283,0.29848012
24.88999980688095,94.227684,0.43245283,0.29970092
24.900000035762787,94.17568,0.43245283,0.30092168
24.910000264644623,94.16368,0.43245283,0.30092168
24.92000049352646,94.15568,0.43245283,0.30336323
24.930000722408295,94.15568,0.43245283,0.30336323
24.94000095129013,94.15968,0.4325202,0.30458403
24.949999272823334,94.16368,0.4325202,0.3058048
24.95999950170517,94.12368,0.4325876,0.30702558
24.969999730587006,94.099686,0.4325876,0.30702558
24.97999995946884,94.11968,0.4327223,0.30824634
24.990000188350677,94.17568,0.43285707,0.30824634
25.000000417232513,94.18768,0.43292442,0.30946714
25.01000064611435,94.20368,0.4330592,0.30946714
25.020000874996185,94.259674,0.43326128,0.30946714
25.02999919652939,94.25168,0.43339604,0.30946714
25.039999425411224,94.287674,0.4336655,0.30824634
25.04999965429306,94.383675,0.43400234,0.30702558
25.059999883174896,94.51568,0.43447396,0.3058048
25.070000112056732,94.631676,0.43494555,0.30336323
25.080000340938568,94.73968,0.43548453,0.29970092
25.090000569820404,94.923676,0.4361582,0.29725936
25.10000079870224,95.07968,0.43683195,0.293597
25.109999120235443,95.231674,0.43750563,0.2899347
25.11999934911728,95.41567,0.43797722,0.28749314
25.129999577999115,95.50767,0.43817937,0.28749314
25.13999980688095,95.50767,0.43824673,0.28749314
25.150000035762787,95.48768,0.43824673,0.2899347
25.160000264644623,95.51167,0.43831408,0.2899347
25.17000049352646,95.49168,0.43831408,0.29115546
25.180000722408295,95.48768,0.43831408,0.29237625
25.19000095129013,95.48367,0.43838146,0.293597
25.199999272823334,95.47568,0.43844885,0.293597
25.20999950170517,95.45968,0.4385162,0.2948178
25.219999730587006,95.45968,0.43858358,0.2948178
25.22999995946884,95.49168,0.43871832,0.29603857
25.240000188350677,95.51568,0.43871832,0.29603857
25.250000417232513,95.48768,0.43871832,0.29725936
25.26000064611435,95.46368,0.43871832,0.29848012
25.270000874996185,95.467674,0.43878567,0.29970092
25.27999919652939,95.47167,0.43885306,0.29970092
25.289999425411224,95.44768,0.43892044,0.30092168
25.29999965429306,95.45567,0.43892044,0.30214247
25.309999883174896,95.44768,0.43898782,0.30214247
25.320000112056732,95.44768,0.43905517,0.30336323
25.330000340938568,95.451675,0.4391899,0.30336323
25.340000569820404,95.51967,0.43939203,0.30336323
25.35000079870224,95.55568,0.4394594,0.30336323
25.359999120235443,95.55967,0.43959412,0.30458403
25.36999934911728,95.57168,0.4397289,0.30458403
25.379999577999115,95.59967,0.439931,0.30458403
25.38999980688095,95.647675,0.44020048,0.30336323
25.400000035762787,95.70767,0.44046995,0.30336323
25.410000264644623,95.81167,0.44067207,0.30214247
25.42000049352646,95.86368,0.44100893,0.30092168
25.430000722408295,95.923676,0.44134578,0.29970092
25.44000095129013,96.007675,0.44175,0.29848012
25.449999272823334,96.13167,0.44222158,0.29603857
25.45999950170517,96.231674,0.44276056,0.293597
25.469999730587006,96.39567,0.44329953,0.29115546
25.47999995946884,96.535675,0.44377115,0.2887139
25.490000188350677,96.61567,0.44390586,0.2899347
25.500000417232513,96.591675,0.44390586,0.2899347
25.51000064611435,96.567665,0.44397324,0.29115546
25.520000874996185,96.59967,0.44397324,0.29237625
25.52999919652939,96.563675,0.44397324,0.293597
25.539999425411224,96.53967,0.44404063,0.293597
25.54999965429306,96.563675,0.44404063,0.29603857
25.559999883174896,96.563675,0.44404063,0.29603857
25.570000112056732,96.51167,0.44410798,0.29725936
25.580000340938568,96.49967,0.44417536,0.29725936
25.590000569820404,96.52768,0.44424272,0.29848012
25.60000079870224,96.555664,0.44424272,0.29970092
25.609999120235443,96.51167,0.44424272,0.30092168
25.61999934911728,96.48367,0.4443101,0.30092168
25.629999577999115,96.49167,0.4443101,0.30336323
25.63999980688095,96.48367,0.4443101,0.30336323
25.650000035762787,96.47567,0.4443101,0.30458403
25.660000264644623,96.48367,0.4443101,0.3058048
25.67000049352646,96.47967,0.44437745,0.30702558
25.680000722408295,96.44367,0.44437745,0.30824634
25.69000095129013,96.43967,0.44444484,0.30824634
25.699999272823334,96.45167,0.44444484,0.30946714
25.70999950170517,96.43567,0.44444484,0.3106879
25.719999730587006,96.42767,0.44451222,0.3119087
25.72999995946884,96.43567,0.44451222,0.31312945
25.740000188350677,96.43567,0.4445796,0.31312945
25.750000417232513,96.41567,0.4445796,0.31435025
25.76000064611435,96.39567,0.4445796,0.315571
25.770000874996185,96.42767,0.44464692,0.3167918
25.77999919652939,96.40768,0.4447143,0.3167918
25.789999425411224,96.38367,0.4447143,0.31801257
25.79999965429306,96.40768,0.4447817,0.31923336
25.809999883174896,96.42767,0.44484904,0.31923336
25.820000112056732,96.42767,0.44484904,0.3216749
25.830000340938568,96.40768,0.44491643,0.3216749
25.840000569820404,96.42767,0.4449838,0.3216749
25.85000079870224,96.41567,0.44511852,0.32289568
25.859999120235443,96.39168,0.44511852,0.32289568
25.86999934911728,96.40768,0.4451859,0.32411647
25.879999577999115,96.43567,0.44525328,0.32533723
25.88999980688095,96.45567,0.44525328,0.32655802
25.900000035762787,96.44367,0.44538802,0.32655802
25.910000264644623,96.45968,0.4454554,0.32655802
25.92000049352646,96.467674,0.4456575,0.32655802
25.930000722408295,96.51167,0.44592696,0.32655802
25.94000095129013,96.607666,0.4463312,0.32533723
25.949999272823334,96.76367,0.4468028,0.32289568
25.95999950170517,96.89167,0.44747654,0.31923336
25.969999730587006,97.05567,0.4482176,0.315571
25.97999995946884,97.275665,0.4490934,0.3106879
25.990000188350677,97.535675,0.450104,0.30458403
26.000000417232513,97.83967,0.45091245,0.29970092
26.01000064611435,97.96366,0.45138404,0.29725936
26.020000874996185,98.06367,0.4514514,0.29848012
26.02999919652939,98.01566,0.4514514,0.29970092
26.039999425411224,97.983665,0.4514514,0.30092168
26.04999965429306,97.99967,0.4514514,0.30092168
26.059999883174896,97.99166,0.4514514,0.30336323
26.070000112056732,97.97167,0.45151874,0.30336323
26.080000340938568,97.955666,0.45151874,0.30458403
26.090000569820404,97.95967,0.45151874,0.3058048
26.10000079870224,97.92366,0.45158613,0.30702558
26.109999120235443,97.887665,0.45158613,0.30702558
26.11999934911728,97.91167,0.4516535,0.30946714
26.129999577999115,97.927666,0.4517209,0.30946714
26.13999980688095,97.94766,0.4518556,0.30946714
26.150000035762787,97.955666,0.45205772,0.30946714
26.160000264644623,98.02367,0.45225987,0.30946714
26.17000049352646,98.06367,0.45252934,0.30824634
26.180000722408295,98.15567,0.4530683,0.3058048
26.19000095129013,98.33566,0.453742,0.30214247
26.199999272823334,98.55966,0.45468518,0.29725936
26.20999950170517,98.81166,0.45583048,0.2899347
26.219999730587006,99.23167,0.4572453,0.28138924
26.22999995946884,99.53166,0.45825583,0.27528536
26.240000188350677,99.763664,0.45892954,0.27162302
26.250000417232513,99.86766,0.45940116,0.27040225
26.26000064611435,99.95566,0.45980537,0.2679607
26.270000874996185,100.055664,0.46014223,0.2667399
26.27999919652939,100.11966,0.46054643,0.26551914
26.289999425411224,100.21166,0.46101803,0.2630776
26.29999965429306,100.419655,0.46169174,0.25941524
26.309999883174896,100.627655,0.46256757,0.25453213
26.320000112056732,100.78366,0.46330866,0.2508698
26.330000340938568,100.879654,0.46364552,0.24964903
26.340000569820404,100.93565,0.46364552,0.2508698
26.35000079870224,100.93565,0.46364552,0.25209057
26.359999120235443,100.90765,0.46364552,0.25331137
26.36999934911728,100.88766,0.46364552,0.25453213
26.379999577999115,100.85565,0.46364552,0.25575292
26.38999980688095,100.79966,0.46364552,0.25697368
26.400000035762787,100.78765,0.46364552,0.25819448
26.410000264644623,100.807655,0.46364552,0.25819448
26.42000049352646,100.77566,0.46364552,0.26063603
26.430000722408295,100.71966,0.46364552,0.26063603
26.44000095129013,100.72766,0.46364552,0.2618568
26.449999272823334,100.69965,0.46364552,0.2630776
26.45999950170517,100.683655,0.46364552,0.26429835
26.469999730587006,100.65966,0.46364552,0.26551914
26.47999995946884,100.68766,0.46364552,0.2667399
26.490000188350677,100.64766,0.46364552,0.2679607
26.500000417232513,100.59165,0.46364552,0.26918146
26.51000064611435,100.57565,0.46364552,0.27040225
26.520000874996185,100.59966,0.46364552,0.27162302
26.52999919652939,100.56766,0.46364552,0.2728438
26.539999425411224,100.56365,0.46364552,0.27406457
26.54999965429306,100.57565,0.46364552,0.27528536
26.559999883174896,100.515656,0.46364552,0.27650613
26.570000112056732,100.487656,0.46364552,0.27772692
26.580000340938568,100.459656,0.46364552,0.27894768
26.590000569820404,100.47166,0.46364552,0.28016847
26.60000079870224,100.47966,0.46364552,0.28016847
26.609999120235443,100.43566,0.46364552,0.28138924
26.61999934911728,100.431656,0.46364552,0.28261003
26.629999577999115,100.427666,0.46364552,0.2838308
26.63999980688095,100.375656,0.46364552,0.28505158
26.650000035762787,100.387665,0.46364552,0.28627235
26.660000264644623,100.38366,0.46364552,0.28749314
26.67000049352646,100.323654,0.46364552,0.2887139
26.680000722408295,100.33166,0.46364552,0.2899347
26.69000095129013,100.34366,0.46364552,0.29115546
26.699999272823334,100.335655,0.46364552,0.29237625
26.70999950170517,100.30366,0.46364552,0.293597
26.719999730587006,100.27566,0.46364552,0.2948178
26.72999995946884,100.25166,0.46364552,0.29603857
26.740000188350677,100.23966,0.46364552,0.29725936
26.750000417232513,100.20766,0.46364552,0.29848012
26.76000064611435,100.24365,0.46364552,0.29970092
26.770000874996185,100.25166,0.46364552,0.30092168
26.77999919652939,100.21566,0.46364552,0.30092168
26.789999425411224,100.16366,0.46364552,0.30214247
26.79999965429306,100.17567,0.46364552,0.30336323
26.809999883174896,100.14366,0.46364552,0.30458403
26.820000112056732,100.15966,0.46364552,0.3058048
26.830000340938568,100.13166,0.46364552,0.30702558
26.840000569820404,100.11966,0.46364552,0.30824634
26.85000079870224,100.10366,0.46364552,0.30946714
26.859999120235443,100.071655,0.46364552,0.3106879
26.86999934911728,100.087654,0.46371287,0.3119087
26.879999577999115,100.10366,0.46371287,0.31312945
26.88999980688095,100.071655,0.46371287,0.31312945
26.900000035762787,100.059654,0.46378022,0.31435025
26.910000264644623,100.055664,0.46378022,0.315571
26.92000049352646,100.027664,0.4638476,0.3167918
26.930000722408295,100.031654,0.463915,0.3167918
26.94000095129013,100.059654,0.463915,0.31801257
26.949999272823334,100.071655,0.463915,0.31923336
26.95999950170517,100.06366,0.46404973,0.31923336
26.969999730587006,100.059654,0.4641171,0.32045412
26.97999995946884,100.067665,0.46418446,0.32045412
26.990000188350677,100.07966,0.46425182,0.3216749
27.000000417232513,100.087654,0.46438658,0.3216749
27.01000064611435,100.15966,0.4645887,0.3216749
27.020000874996185,100.223656,0.46485817,0.3216749
27.02999919652939,100.27165,0.46519503,0.31923336
27.039999425411224,100.375656,0.465734,0.3167918
27.04999965429306,100.55166,0.4664077,0.31435025
27.059999883174896,100.767654,0.46728352,0.30824634
27.070000112056732,101.07566,0.46856356,0.30092168
27.080000340938568,101.43965,0.4698436,0.293597
27.090000569820404,101.67965,0.47051734,0.2899347
27.10000079870224,101.79565,0.47071943,0.2899347
27.109999120235443,101.79166,0.47071943,0.29115546
27.11999934911728,101.807655,0.47071943,0.29115546
27.129999577999115,101.79166,0.4707868,0.29237625
27.13999980688095,101.74365,0.4707868,0.293597
27.150000035762787,101.739655,0.4707868,0.2948178
27.160000264644623,101.751656,0.4707868,0.29603857
27.17000049352646,101.70765,0.4707868,0.29725936
27.180000722408295,101.69965,0.47085416,0.29725936
27.19000095129013,101.71565,0.47085416,0.29848012
27.199999272823334,101.695656,0.47085416,0.29970092
27.20999950170517,101.64766,0.47092155,0.30092168
27.219999730587006,101.667656,0.47092155,0.30214247
27.22999995946884,101.67165,0.47092155,0.30336323
27.240000188350677,101.667656,0.47092155,0.30458403
27.250000417232513,101.63165,0.4709889,0.3058048
27.26000064611435,101.62365,0.4709889,0.3058048
27.270000874996185,101.65165,0.47112364,0.30702558
27.27999919652939,101.643654,0.4712584,0.30702558
27.289999425411224,101.69965,0.47139314,0.30702558
27.29999965429306,101.779655,0.4716626,0.3058048
27.309999883174896,101.81966,0.47199947,0.30458403
27.320000112056732,101.88766,0.47253844,0.30214247
27.330000340938568,102.071655,0.47321212,0.29848012
27.340000569820404,102.27165,0.47402057,0.2948178
27.35000079870224,102.53565,0.4748964,0.2899347
27.359999120235443,102.755646,0.4756375,0.28627235
27.36999934911728,102.891655,0.47590697,0.28505158
27.379999577999115,102.89965,0.47590697,0.28627235
27.38999980688095,102.82365,0.47597435,0.28627235
27.400000035762787,102.83565,0.47597435,0.28749314
27.410000264644623,102.84364,0.47597435,0.2887139
27.42000049352646,102.84765,0.47597435,0.2899347
27.430000722408295,102.83565,0.47604173,0.29115546
27.44000095129013,102.81165,0.47604173,0.29115546
27.449999272823334,102.79965,0.47604173,0.293597
27.45999950170517,102.755646,0.47604173,0.293597
27.469999730587006,102.75165,0.47604173,0.29603857
27.47999995946884,102.75165,0.47604173,0.29603857
27.490000188350677,102.727646,0.47604173,0.29725936
27.500000417232513,102.69165,0.47604173,0.29848012
27.51000064611435,102.69165,0.4761091,0.29970092
27.520000874996185,102.695656,0.4761091,0.30092168
27.52999919652939,102.66365,0.4761091,0.30214247
27.539999425411224,102.66365,0.4761091,0.30336323
27.54999965429306,102.65165,0.4761091,0.30458403
27.559999883174896,102.643654,0.47617644,0.30458403
27.570000112056732,102.627655,0.47617644,0.3058048
27.580000340938568,102.60365,0.47617644,0.30702558
27.590000569820404,102.631645,0.47617644,0.30824634
27.60000079870224,102.619644,0.47624382,0.30946714
27.609999120235443,102.59565,0.47624382,0.30946714
27.61999934911728,102.587654,0.4763112,0.3106879
27.629999577999115,102.59565,0.4763786,0.3119087
27.63999980688095,102.591644,0.47644594,0.3119087
27.650000035762787,102.61165,0.47644594,0.31312945
27.660000264644623,102.599655,0.47644594,0.31435025
27.67000049352646,102.55565,0.4765133,0.315571
27.680000722408295,102.559654,0.4765133,0.3167918
27.69000095129013,102.59565,0.47658068,0.3167918
27.699999272823334,102.619644,0.47664806,0.31801257
27.70999950170517,102.615654,0.4767828,0.31801257
27.719999730587006,102.619644,0.47691754,0.31801257
27.72999995946884,102.65165,0.47705227,0.31801257
27.740000188350677,102.671646,0.4772544,0.31801257
27.750000417232513,102.71565,0.47752386,0.3167918
27.76000064611435,102.83565,0.47786072,0.3167918
27.770000874996185,102.959656,0.47819757,0.315571
27.77999919652939,102.99965,0.47866917,0.31312945
27.789999425411224,103.12364,0.47920814,0.3106879
27.79999965429306,103.31965,0.4800166,0.3058048
27.809999883174896,103.563644,0.48095977,0.30092168
27.820000112056732,103.81564,0.481903,0.29603857
27.830000340938568,104.01565,0.48244196,0.29237625
27.840000569820404,104.11565,0.48257667,0.29237625
27.85000079870224,104.09564,0.48264405,0.293597
27.859999120235443,104.07565,0.48264405,0.2948178
27.86999934911728,104.10364,0.48264405,0.29603857
27.879999577999115,104.08365,0.48264405,0.29725936
27.88999980688095,104.03165,0.48264405,0.29848012
27.900000035762787,104.04365,0.48264405,0.29970092
27.910000264644623,104.02365,0.48264405,0.30092168
27.92000049352646,103.991646,0.48271143,0.30092168
27.930000722408295,103.991646,0.48271143,0.30214247
27.94000095129013,103.99565,0.4827788,0.30336323
27.949999272823334,104.00365,0.48284617,0.30336323
27.95999950170517,103.96765,0.48291352,0.30458403
27.969999730587006,103.97164,0.4829809,0.30458403
27.97999995946884,103.97565,0.48304826,0.3058048
27.990000188350677,103.98764,0.48311564,0.3058048
28.000000417232513,103.991646,0.48318303,0.30702558
28.01000064611435,104.05564,0.4834525,0.30702558
28.020000874996185,104.12765,0.48365462,0.3058048
28.02999919652939,104.159645,0.48399147,0.30458403
28.039999425411224,104.27565,0.4845978,0.30214247
28.04999965429306,104.47564,0.4852715,0.29848012
28.059999883174896,104.63564,0.4859452,0.2948178
28.070000112056732,104.79564,0.48675364,0.29115546
28.080000340938568,105.05564,0.48762947,0.28627235
28.090000569820404,105.29164,0.48843792,0.28138924
28.10000079870224,105.47564,0.48904428,0.27894768
28.109999120235443,105.59964,0.48951587,0.27650613
28.11999934911728,105.71964,0.48998746,0.27406457
28.129999577999115,105.82364,0.49045905,0.27162302
28.13999980688095,105.92364,0.49113277,0.2679607
28.150000035762787,106.11164,0.49180645,0.26429835
28.160000264644623,106.30763,0.4924128,0.2618568
28.17000049352646,106.43964,0.49295175,0.25941524
28.180000722408295,106.56764,0.493356,0.25697368
28.19000095129013,106.63963,0.4936255,0.25697368
28.199999272823334,106.64764,0.49369285,0.25697368
28.20999950170517,106.607635,0.49369285,0.25819448
28.219999730587006,106.61163,0.49369285,0.25941524
28.22999995946884,106.61964,0.49369285,0.26063603
28.240000188350677,106.56764,0.49369285,0.2618568
28.250000417232513,106.539635,0.49369285,0.2630776
28.26000064611435,106.523636,0.49369285,0.26429835
28.270000874996185,106.495636,0.49369285,0.26551914
28.27999919652939,106.44764,0.49369285,0.2667399
28.289999425411224,106.47964,0.49369285,0.2679607
28.29999965429306,106.46364,0.49369285,0.26918146
28.309999883174896,106.43164,0.49369285,0.27040225
28.320000112056732,106.387634,0.49369285,0.27162302
28.330000340938568,106.37563,0.49369285,0.27162302
28.340000569820404,106.399635,0.49369285,0.27406457
28.35000079870224,106.37964,0.49369285,0.27406457
28.359999120235443,106.32764,0.49369285,0.27650613
28.36999934911728,106.29564,0.49369285,0.27650613
28.379999577999115,106.28364,0.49369285,0.27772692
28.38999980688095,106.26364,0.49369285,0.27894768
28.400000035762787,106.28364,0.49369285,0.28016847
28.410000264644623,106.27564,0.49369285,0.28138924
28.42000049352646,106.24364,0.49369285,0.28261003
28.430000722408295,106.21564,0.49369285,0.2838308
28.44000095129013,106.203636,0.49369285,0.28505158
28.449999272823334,106.191635,0.49369285,0.28627235
28.45999950170517,106.17964,0.49369285,0.28749314
28.469999730587006,106.159645,0.49369285,0.2887139
28.47999995946884,106.16764,0.49369285,0.2899347
28.490000188350677,106.11564,0.49369285,0.29115546
28.500000417232513,106.10364,0.49369285,0.29237625
28.51000064611435,106.131645,0.49369285,0.293597
28.520000874996185,106.09964,0.49369285,0.293597
28.52999919652939,106.05164,0.49369285,0.29603857
28.539999425411224,106.04764,0.49369285,0.29603857
28.54999965429306,106.03164,0.49369285,0.29725936
28.559999883174896,106.00364,0.49369285,0.29848012
28.570000112056732,106.01563,0.49369285,0.29970092
28.580000340938568,106.02364,0.49369285,0.30092168
28.590000569820404,106.01563,0.49369285,0.30214247
28.60000079870224,105.95964,0.49369285,0.30336323
28.609999120235443,105.93564,0.49369285,0.30458403
28.61999934911728,105.92764,0.49369285,0.3058048
28.629999577999115,105.899635,0.49369285,0.30702558
28.63999980688095,105.91564,0.49369285,0.30824634
28.650000035762787,105.94364,0.49369285,0.30946714
28.660000264644623,105.899635,0.49369285,0.3106879
28.67000049352646,105.85964,0.49369285,0.3119087
28.680000722408295,105.83564,0.49369285,0.31312945
28.69000095129013,105.85564,0.49369285,0.31435025
28.699999272823334,105.86364,0.49369285,0.315571
28.70999950170517,105.82364,0.4937602,0.315571
28.719999730587006,105.79163,0.4937602,0.3167918
28.72999995946884,105.81964,0.4938276,0.3167918
28.740000188350677,105.799644,0.4938276,0.31923336
28.750000417232513,105.80764,0.4938276,0.31923336
28.76000064611435,105.84764,0.49389493,0.32045412
28.770000874996185,105.82364,0.4940297,0.32045412
28.77999919652939,105.81964,0.4940971,0.3216749
28.789999425411224,105.827644,0.49416444,0.3216749
28.79999965429306,105.84764,0.4942992,0.32289568
28.809999883174896,105.85564,0.49443394,0.32289568
28.820000112056732,105.899635,0.49456865,0.32289568
28.830000340938568,105.94763,0.49470338,0.32289568
28.840000569820404,105.98763,0.49490556,0.32289568
28.85000079870224,105.99964,0.49497288,0.32289568
28.859999120235443,105.98763,0.49504024,0.32411647
28.86999934911728,106.04364,0.4952424,0.32411647
28.879999577999115,106.067635,0.49537715,0.32411647
28.88999980688095,106.095634,0.49557924,0.32411647
28.900000035762787,106.14764,0.49578133,0.32289568
28.910000264644623,106.20764,0.49605083,0.32289568
28.92000049352646,106.32364,0.49658978,0.32045412
28.930000722408295,106.47564,0.49733087,0.3167918
28.94000095129013,106.75164,0.49840876,0.3106879
28.949999272823334,107.067635,0.49962148,0.30336323
28.95999950170517,107.371635,0.50076675,0.29603857
28.969999730587006,107.67563,0.50164264,0.29115546
28.97999995946884,107.87163,0.5022489,0.28749314
28.990000188350677,107.97963,0.50272053,0.28627235
29.000000417232513,108.10363,0.50325954,0.2838308
29.01000064611435,108.27963,0.50386584,0.28016847
29.020000874996185,108.41164,0.50447214,0.27772692
29.02999919652939,108.52363,0.50501114,0.27528536
29.039999425411224,108.679634,0.5055501,0.27162302
29.04999965429306,108.80363,0.505887,0.27162302
29.059999883174896,108.83963,0.50608903,0.27040225
29.070000112056732,108.83163,0.50608903,0.27162302
29.080000340938568,108.81563,0.50615644,0.2728438
29.090000569820404,108.82763,0.50615644,0.27406457
29.10000079870224,108.79964,0.50615644,0.27528536
29.109999120235443,108.77163,0.50615644,0.27650613
29.11999934911728,108.791626,0.50615644,0.27772692
29.129999577999115,108.73963,0.50615644,0.27772692
29.13999980688095,108.719635,0.5062238,0.27894768
29.150000035762787,108.69963,0.5062238,0.28016847
29.160000264644623,108.723625,0.5062238,0.28138924
29.17000049352646,108.695625,0.5062238,0.28261003
29.180000722408295,108.67563,0.5062238,0.2838308
29.19000095129013,108.63963,0.5062238,0.28505158
29.199999272823334,108.623634,0.5062238,0.28627235
29.20999950170517,108.59963,0.5062238,0.28749314
29.219999730587006,108.59963,0.5062238,0.2887139
29.22999995946884,108.61562,0.5062238,0.2899347
29.240000188350677,108.58763,0.5062238,0.29115546
29.250000417232513,108.55563,0.5062912,0.29115546
29.26000064611435,108.53963,0.5062912,0.29237625
29.270000874996185,108.50764,0.5062912,0.293597
29.27999919652939,108.47964,0.5062912,0.2948178
29.289999425411224,108.47964,0.5062912,0.29603857
29.29999965429306,108.499626,0.5062912,0.29725936
29.309999883174896,108.48363,0.50635856,0.29725936
29.320000112056732,108.431625,0.50635856,0.29848012
29.330000340938568,108.47163,0.50635856,0.29970092
29.340000569820404,108.44763,0.50635856,0.30092168
29.35000079870224,108.45563,0.506426,0.30214247
29.359999120235443,108.427635,0.5064933,0.30214247
29.36999934911728,108.45563,0.5065606,0.30336323
29.379999577999115,108.431625,0.50662804,0.30336323
29.38999980688095,108.427635,0.5066954,0.30458403
29.400000035762787,108.47563,0.5066954,0.3058048
29.410000264644623,108.45163,0.5067628,0.30702558
29.42000049352646,108.45563,0.50683016,0.30702558
29.430000722408295,108.44763,0.5068975,0.30824634
29.44000095129013,108.47964,0.5070322,0.30824634
29.449999272823334,108.499626,0.507167,0.30824634
29.45999950170517,108.48363,0.5072344,0.30946714
29.469999730587006,108.51563,0.5072344,0.30946714
29.47999995946884,108.52763,0.50730175,0.3106879
29.490000188350677,108.49163,0.5073691,0.3119087
29.500000417232513,108.499626,0.50750387,0.3119087
29.51000064611435,108.56363,0.5075712,0.3119087
29.520000874996185,108.57562,0.507706,0.31312945
29.52999919652939,108.57562,0.5078407,0.31312945
29.539999425411224,108.60363,0.50797546,0.31312945
29.54999965429306,108.64363,0.50811017,0.31312945
29.559999883174896,108.63963,0.50824493,0.31312945
29.570000112056732,108.691635,0.50844705,0.31312945
29.580000340938568,108.78363,0.5087839,0.3119087
29.590000569820404,108.87963,0.5091881,0.3106879
29.60000079870224,108.96763,0.5098618,0.30702558
29.609999120235443,109.15163,0.5107376,0.30214247
29.61999934911728,109.43563,0.5116135,0.29725936
29.629999577999115,109.67963,0.51248926,0.29237625
29.63999980688095,109.85563,0.51302826,0.2899347
29.650000035762787,109.95562,0.5132304,0.2899347
29.660000264644623,109.96763,0.5132304,0.2899347
29.67000049352646,109.93963,0.51329774,0.29115546
29.680000722408295,109.903625,0.51329774,0.29237625
29.69000095129013,109.91562,0.5133651,0.293597
29.699999272823334,109.92763,0.5133651,0.293597
29.70999950170517,109.903625,0.5133651,0.29603857
29.719999730587006,109.89563,0.51343244,0.29603857
29.72999995946884,109.89563,0.51343244,0.29725936
29.740000188350677,109.85162,0.51343244,0.29848012
29.750000417232513,109.87962,0.51343244,0.29970092
29.76000064611435,109.86762,0.51349986,0.29970092
29.770000874996185,109.84363,0.51349986,0.30092168
29.77999919652939,109.81162,0.51349986,0.30214247
29.789999425411224,109.79962,0.51349986,0.30336323
29.79999965429306,109.81563,0.51349986,0.30458403
29.809999883174896,109.791626,0.5135672,0.3058048
29.820000112056732,109.75562,0.5135672,0.30702558
29.830000340938568,109.79562,0.513702,0.30702558
29.840000569820404,109.80763,0.5137693,0.30702558
29.85000079870224,109.763626,0.5137693,0.30824634
29.859999120235443,109.76763,0.51383674,0.30946714
29.86999934911728,109.79562,0.51390404,0.30946714
29.879999577999115,109.79562,0.51397145,0.3106879
29.88999980688095,109.79562,0.5140388,0.3119087
29.900000035762787,109.81563,0.51417357,0.3119087
29.910000264644623,109.85162,0.51430833,0.3119087
29.92000049352646,109.83962,0.5143757,0.31312945
29.930000722408295,109.85162,0.51444304,0.31312945
29.94000095129013,109.87163,0.5145104,0.31435025
29.949999272823334,109.87163,0.51464516,0.31435025
29.95999950170517,109.89963,0.5149147,0.31312945
29.969999730587006,109.98362,0.5151841,0.31312945
29.97999995946884,110.071625,0.51552093,0.3119087
29.990000188350677,110.18762,0.5161273,0.30946714
30.000000417232513,110.37162,0.516801,0.3058048
30.01000064611435,110.55162,0.5175421,0.30092168
30.020000874996185,110.71963,0.5182832,0.29725936
30.02999919652939,110.90762,0.5189569,0.293597
30.039999425411224,111.06362,0.5194285,0.29237625
30.04999965429306,111.17561,0.51956326,0.29115546
30.059999883174896,111.155624,0.51956326,0.29237625
30.070000112056732,111.127625,0.5196306,0.293597
30.080000340938568,111.14763,0.51969796,0.293597
30.090000569820404,111.127625,0.5197653,0.2948178
30.10000079870224,111.10362,0.5198327,0.29603857
30.109999120235443,111.10763,0.5198327,0.29725936
30.11999934911728,111.13562,0.5199001,0.29725936
30.129999577999115,111.09562,0.5199001,0.29848012
30.13999980688095,111.08762,0.5199001,0.29970092
30.150000035762787,111.08762,0.5199001,0.30092168
30.160000264644623,111.07963,0.51996744,0.30092168
30.17000049352646,111.07963,0.51996744,0.30336323
30.180000722408295,111.04762,0.51996744,0.30336323
30.19000095129013,111.05162,0.52003485,0.30458403
30.199999272823334,111.027626,0.5201022,0.3058048
30.20999950170517,111.01962,0.52016956,0.3058048
30.219999730587006,111.05162,0.52030426,0.3058048
30.22999995946884,111.11162,0.52064115,0.3058048
30.240000188350677,111.21962,0.5210454,0.30336323
30.250000417232513,111.33163,0.52165174,0.30092168
30.26000064611435,111.535614,0.5225275,0.29603857
30.270000874996185,111.827614,0.52374023,0.2887139
30.27999919652939,112.15162,0.5250876,0.28016847
30.289999425411224,112.547615,0.526435,0.27162302
30.29999965429306,112.851616,0.5272435,0.2679607
30.309999883174896,113.00362,0.5278498,0.26429835
30.320000112056732,113.11162,0.5283888,0.2618568
30.330000340938568,113.29162,0.5289951,0.25819448
30.340000569820404,113.42762,0.52966887,0.25575292
30.35000079870224,113.547615,0.5303425,0.25209057
30.359999120235443,113.75161,0.53108364,0.24842826
30.36999934911728,113.94361,0.53175735,0.24476592
30.379999577999115,114.04361,0.53202677,0.24354514
30.38999980688095,114.067604,0.5320942,0.24476592
30.400000035762787,114.05161,0.5320942,0.2459867
30.410000264644623,114.02761,0.5320942,0.2459867
30.42000049352646,113.99161,0.5320942,0.24842826
30.430000722408295,113.94762,0.5320942,0.24842826
30.44000095129013,113.93961,0.5320942,0.24964903
30.449999272823334,113.92361,0.5320942,0.2508698
30.45999950170517,113.92361,0.5320942,0.25209057
30.469999730587006,113.89961,0.5320942,0.25331137
30.47999995946884,113.86362,0.5320942,0.25453213
30.490000188350677,113.81961,0.5320942,0.25575292
30.500000417232513,113.815605,0.5320942,0.25697368
30.51000064611435,113.799614,0.5320942,0.25819448
30.520000874996185,113.775604,0.5320942,0.25941524
30.52999919652939,113.755615,0.5320942,0.26063603
30.539999425411224,113.743614,0.5320942,0.2618568
30.54999965429306,113.743614,0.5320942,0.2630776
30.559999883174896,113.69562,0.5320942,0.26429835
30.570000112056732,113.67161,0.5320942,0.26551914
30.580000340938568,113.67561,0.5320942,0.26551914
30.590000569820404,113.67561,0.5320942,0.2679607
30.60000079870224,113.615616,0.5320942,0.2679607
30.609999120235443,113.591606,0.5320942,0.27040225
30.61999934911728,113.60361,0.5320942,0.27040225
30.629999577999115,113.591606,0.5320942,0.27162302
30.63999980688095,113.57162,0.5320942,0.2728438
30.650000035762787,113.575615,0.5320942,0.27406457
30.660000264644623,113.55161,0.5320942,0.27528536
30.67000049352646,113.507614,0.5320942,0.27650613
30.680000722408295,113.47161,0.5320942,0.27772692
30.69000095129013,113.48761,0.5320942,0.27894768
30.699999272823334,113.479614,0.5320942,0.28016847
30.70999950170517,113.47161,0.5320942,0.28138924
30.719999730587006,113.47161,0.5320942,0.28261003
30.72999995946884,113.423615,0.5320942,0.2838308
30.740000188350677,113.39161,0.5320942,0.28505158
30.750000417232513,113.39161,0.5320942,0.28627235
30.76000064611435,113.395615,0.5320942,0.28749314
30.770000874996185,113.367615,0.5320942,0.28749314
30.77999919652939,113.34762,0.5320942,0.2899347
30.789999425411224,113.33562,0.5320942,0.2899347
30.79999965429306,113.34762,0.5320942,0.29115546
30.809999883174896,113.31561,0.5320942,0.29237625
30.820000112056732,113.27561,0.5320942,0.293597
30.830000340938568,113.28761,0.5320942,0.2948178
30.840000569820404,113.27161,0.5320942,0.29603857
30.85000079870224,113.24362,0.5320942,0.29725936
30.859999120235443,113.25162,0.5320942,0.29848012
30.86999934911728,113.24362,0.5320942,0.29970092
30.879999577999115,113.22361,0.5320942,0.30092168
30.88999980688095,113.21162,0.5320942,0.30214247
30.900000035762787,113.18362,0.5320942,0.30336323
30.910000264644623,113.171616,0.5320942,0.30458403
30.92000049352646,113.15162,0.5320942,0.3058048
30.930000722408295,113.15162,0.5320942,0.30702558
30.94000095129013,113.159615,0.5320942,0.30702558
30.949999272823334,113.11961,0.5320942,0.30946714
30.95999950170517,113.08761,0.5320942,0.30946714
30.969999730587006,113.115616,0.53216153,0.3106879
30.97999995946884,113.103615,0.53216153,0.3119087
30.990000188350677,113.09562,0.53216153,0.31312945
31.000000417232513,113.09961,0.53222895,0.31312945
31.01000064611435,113.063614,0.53222895,0.31435025
31.020000874996185,113.063614,0.5323637,0.315571
31.02999919652939,113.08761,0.53249836,0.315571
31.039999425411224,113.10761,0.53249836,0.3167918
31.04999965429306,113.14761,0.5325658,0.3167918
31.059999883174896,113.143616,0.5326331,0.31801257
31.070000112056732,113.12362,0.5327679,0.31801257
31.080000340938568,113.143616,0.53283525,0.31923336
31.090000569820404,113.13961,0.53290266,0.31923336
31.10000079870224,113.15561,0.5331047,0.31923336
31.109999120235443,113.23962,0.53330684,0.31923336
31.11999934911728,113.323616,0.5335763,0.31801257
31.129999577999115,113.367615,0.5339132,0.3167918
31.13999980688095,113.45562,0.53451955,0.31435025
31.150000035762787,113.65562,0.535328,0.30946714
31.160000264644623,113.93561,0.5364733,0.30336323
31.17000049352646,114.25961,0.5377533,0.29603857
31.180000722408295,114.60361,0.5388986,0.2887139
31.19000095129013,114.83161,0.5394376,0.28627235
31.199999272823334,114.88761,0.5396397,0.28505158
31.20999950170517,114.8916,0.53970706,0.28627235
31.219999730587006,114.93561,0.53970706,0.28749314
31.22999995946884,114.92761,0.53970706,0.2887139
31.240000188350677,114.87961,0.5397745,0.2887139
31.250000417232513,114.8636,0.53984183,0.2899347
31.26000064611435,114.87161,0.5399092,0.2899347
31.270000874996185,114.9036,0.5401113,0.2899347
31.27999919652939,114.9316,0.5403134,0.2899347
31.289999425411224,114.99561,0.5405155,0.2899347
31.29999965429306,115.039604,0.54065025,0.2899347
31.309999883174896,115.051605,0.5409197,0.2899347
31.320000112056732,115.09961,0.5412566,0.2887139
31.330000340938568,115.23161,0.54159343,0.28749314
31.340000569820404,115.31161,0.5419977,0.28505158
31.35000079870224,115.383606,0.5424019,0.2838308
31.359999120235443,115.49161,0.54280615,0.28138924
31.36999934911728,115.58761,0.54327774,0.28016847
31.379999577999115,115.6996,0.5436819,0.27772692
31.38999980688095,115.76361,0.54388404,0.27772692
31.400000035762787,115.8236,0.54388404,0.27894768
31.410000264644623,115.79161,0.54388404,0.28016847
31.42000049352646,115.731606,0.54388404,0.28138924
31.430000722408295,115.71561,0.54388404,0.28261003
31.44000095129013,115.7076,0.54388404,0.2838308
31.449999272823334,115.71161,0.54388404,0.28505158
31.45999950170517,115.6996,0.54388404,0.28627235
31.469999730587006,115.703606,0.54388404,0.28749314
31.47999995946884,115.64361,0.54388404,0.2887139
31.490000188350677,115.60361,0.54388404,0.2899347
31.500000417232513,115.60361,0.54388404,0.29115546
31.51000064611435,115.59961,0.54388404,0.29115546
31.520000874996185,115.59961,0.54388404,0.293597
31.52999919652939,115.595604,0.54388404,0.293597
31.539999425411224,115.5836,0.54388404,0.29603857
31.550001561641693,115.55161,0.54388404,0.29603857
31.559999883174896,115.5156,0.54395145,0.29725936
31.5699982047081,115.495605,0.54395145,0.29848012
31.580000340938568,115.5156,0.54395145,0.29970092
31.58999866247177,115.5036,0.54395145,0.30092168
31.60000079870224,115.45961,0.54395145,0.30092168
31.609999120235443,115.45961,0.54395145,0.30336323
31.620001256465912,115.46361,0.54395145,0.30336323
31.629999577999115,115.44361,0.5440188,0.30458403
31.640001714229584,115.4356,0.5440188,0.3058048
31.650000035762787,115.45161,0.5440188,0.30702558
31.65999835729599,115.4356,0.5440862,0.30702558
31.67000049352646,115.3876,0.5440862,0.30946714
31.679998815059662,115.37561,0.5440862,0.30946714
31.69000095129013,115.411606,0.5441535,0.3106879
31.699999272823334,115.383606,0.5441535,0.3119087
31.710001409053802,115.39561,0.5442209,0.31312945
31.719999730587006,115.39561,0.5442209,0.31312945
31.730001866817474,115.37961,0.5442883,0.31435025
31.740000188350677,115.37961,0.54435563,0.315571
31.74999850988388,115.383606,0.54435563,0.3167918
31.76000064611435,115.37961,0.54442304,0.3167918
31.769998967647552,115.39161,0.5445578,0.3167918
31.78000110387802,115.399605,0.5446925,0.3167918
31.789999425411224,115.47161,0.54489464,0.3167918
31.800001561641693,115.51961,0.54509676,0.3167918
31.809999883174896,115.5556,0.5452988,0.3167918
31.8199982047081,115.58761,0.545501,0.3167918
31.830000340938568,115.62761,0.5456357,0.3167918
31.83999866247177,115.623604,0.5457704,0.3167918
31.85000079870224,115.647606,0.5459052,0.3167918
31.859999120235443,115.7396,0.5461073,0.3167918
31.870001256465912,115.79161,0.5463094,0.3167918
31.879999577999115,115.8356,0.5465789,0.315571
31.890001714229584,115.8756,0.5469831,0.31435025
31.900000035762787,115.995605,0.5474547,0.3119087
31.90999835729599,116.14361,0.5480611,0.30946714
31.92000049352646,116.315605,0.54880214,0.3058048
31.929998815059662,116.53161,0.54961056,0.30092168
31.94000095129013,116.7476,0.5503517,0.29725936
31.949999272823334,116.9076,0.5508906,0.293597
31.960001409053802,116.995605,0.55122745,0.29237625
31.969999730587006,117.0796,0.5514296,0.29237625
31.980001866817474,117.0996,0.5515643,0.293597
31.990000188350677,117.0876,0.5515643,0.293597
31.99999850988388,117.0996,0.5516317,0.2948178
32.01000064611435,117.0956,0.55169904,0.29603857
32.01999896764755,117.0716,0.55169904,0.29603857
32.03000110387802,117.03561,0.55176646,0.29725936
32.039999425411224,117.0596,0.55176646,0.29848012
32.05000156164169,117.0836,0.5519012,0.29848012
32.059999883174896,117.0596,0.5519686,0.29970092
32.0699982047081,117.0876,0.55217063,0.29970092
32.08000034093857,117.1116,0.5523054,0.29970092
32.08999866247177,117.1156,0.55237275,0.29970092
32.10000079870224,117.13161,0.5525075,0.29970092
32.10999912023544,117.1876,0.552777,0.29970092
32.12000125646591,117.291595,0.5531138,0.29848012
32.129999577999115,117.3356,0.5534507,0.29725936
32.140001714229584,117.4196,0.55385494,0.29603857
32.15000003576279,117.5276,0.55432653,0.293597
32.15999835729599,117.635605,0.554596,0.29237625
32.17000049352646,117.667595,0.5548655,0.29237625
32.17999881505966,117.7436,0.555135,0.29115546
32.19000095129013,117.82359,0.55547184,0.2899347
32.199999272823334,117.899605,0.555876,0.2887139
32.2100014090538,118.0156,0.5563476,0.28627235
32.219999730587006,118.1316,0.55681926,0.2838308
32.230001866817474,118.223595,0.5571561,0.28261003
32.24000018835068,118.2556,0.5573582,0.28261003
32.24999850988388,118.3116,0.5575603,0.28261003
32.26000064611435,118.35559,0.55782986,0.28138924
32.26999896764755,118.4276,0.5580319,0.28138924
32.28000110387802,118.44759,0.55809927,0.28261003
32.289999425411224,118.44759,0.5581667,0.28261003
32.30000156164169,118.4116,0.55823404,0.2838308
32.309999883174896,118.3716,0.55823404,0.28505158
32.3199982047081,118.3996,0.55830145,0.28627235
32.33000034093857,118.459595,0.5585035,0.28505158
32.33999866247177,118.46359,0.5586383,0.28505158
32.35000079870224,118.4836,0.558773,0.28627235
32.35999912023544,118.5356,0.55904245,0.28505158
32.37000125646591,118.57959,0.559312,0.2838308
32.379999577999115,118.64759,0.55971617,0.28261003
32.390001714229584,118.7236,0.560053,0.28138924
32.40000003576279,118.8596,0.5604573,0.28016847
32.40999835729599,118.99159,0.56099623,0.27772692
32.42000049352646,119.07559,0.56153524,0.27406457
32.42999881505966,119.20359,0.56200683,0.2728438
32.44000095129013,119.33559,0.5624784,0.27040225
32.449999272823334,119.3996,0.5626805,0.27040225
32.4600014090538,119.44759,0.56274784,0.27040225
32.469999730587006,119.4396,0.56274784,0.27162302
32.480001866817474,119.37959,0.56274784,0.2728438
32.49000018835068,119.347595,0.56274784,0.27406457
32.49999850988388,119.33959,0.56274784,0.27528536
32.51000064611435,119.347595,0.56274784,0.27650613
32.51999896764755,119.319595,0.56274784,0.27772692
32.53000110387802,119.3156,0.56274784,0.27894768
32.539999425411224,119.28759,0.56274784,0.28016847
32.55000156164169,119.263596,0.56274784,0.28138924
32.559999883174896,119.207596,0.56274784,0.28261003
32.5699982047081,119.2276,0.56274784,0.2838308
32.58000034093857,119.251595,0.56274784,0.28505158
32.58999866247177,119.20359,0.56274784,0.28627235
32.60000079870224,119.18359,0.56274784,0.28749314
32.60999912023544,119.17159,0.56274784,0.28749314
32.62000125646591,119.167595,0.56274784,0.2899347
32.629999577999115,119.12359,0.56274784,0.2899347
32.640001714229584,119.11559,0.56274784,0.29115546
32.65000003576279,119.1076,0.56274784,0.29237625
32.65999835729599,119.099594,0.56274784,0.293597
32.67000049352646,119.0636,0.56274784,0.2948178
32.67999881505966,119.071594,0.56274784,0.29603857
32.69000095129013,119.0796,0.56274784,0.29725936
32.699999272823334,119.03559,0.56274784,0.29848012
32.7100014090538,119.00759,0.56274784,0.29970092
32.719999730587006,119.00359,0.56274784,0.30092168
32.730001866817474,118.95159,0.56274784,0.30214247
32.74000018835068,118.9556,0.56274784,0.30336323
32.74999850988388,118.9836,0.56274784,0.30458403
32.76000064611435,118.971596,0.56274784,0.3058048
32.76999896764755,118.943596,0.56274784,0.30702558
32.78000110387802,118.9076,0.56274784,0.30702558
32.789999425411224,118.9076,0.56274784,0.30946714
32.80000156164169,118.9076,0.56274784,0.30946714
32.809999883174896,118.88359,0.56274784,0.3119087
32.8199982047081,118.87159,0.56274784,0.3119087
32.83000034093857,118.863594,0.56274784,0.31312945
32.83999866247177,118.8156,0.56274784,0.31435025
32.85000079870224,118.82359,0.56274784,0.315571
32.85999912023544,118.83159,0.56274784,0.3167918
32.87000125646591,118.819595,0.56274784,0.31801257
32.879999577999115,118.7876,0.56274784,0.31923336
32.890001714229584,118.75559,0.56274784,0.32045412
32.90000003576279,118.75559,0.56274784,0.3216749
32.90999835729599,118.7436,0.56274784,0.32289568
32.92000049352646,118.73959,0.56274784,0.32411647
32.92999881505966,118.7596,0.56274784,0.32533723
32.94000095129013,118.7436,0.56274784,0.32655802
32.949999272823334,118.6956,0.56274784,0.32655802
32.9600014090538,118.667595,0.56274784,0.32899958
32.969999730587006,118.6916,0.56274784,0.32899958
32.980001866817474,118.6636,0.56281525,0.33022034
32.99000018835068,118.6356,0.56281525,0.33144113
32.99999850988388,118.6436,0.56281525,0.3326619
33.01000064611435,118.6556,0.56281525,0.3338827
33.01999896764755,118.6356,0.5628826,0.33510345
33.03000110387802,118.6356,0.56301737,0.33510345
33.039999425411224,118.707596,0.5632194,0.33510345
33.05000156164169,118.7436,0.56348896,0.3338827
33.059999883174896,118.75559,0.5636237,0.3338827
33.0699982047081,118.82359,0.56389314,0.3326619
33.08000034093857,118.89959,0.5641627,0.3326619
33.08999866247177,118.9556,0.5644995,0.33144113
33.10000079870224,119.04759,0.5648363,0.33022034
33.10999912023544,119.1596,0.5653079,0.3277788
33.12000125646591,119.319595,0.5659816,0.32411647
33.129999577999115,119.46359,0.56672275,0.32045412
33.140001714229584,119.65559,0.5674638,0.3167918
33.15000003576279,119.92359,0.5682723,0.3119087
33.15999835729599,120.12359,0.5692155,0.30702558
33.17000049352646,120.34759,0.56995654,0.30336323
33.17999881505966,120.52359,0.57049555,0.30092168
33.19000095129013,120.57559,0.57076496,0.29970092
33.199999272823334,120.62359,0.5708997,0.29970092
33.2100014090538,120.64359,0.5710345,0.29970092
33.219999730587006,120.68359,0.57110184,0.30092168
33.230001866817474,120.67159,0.57123655,0.30092168
33.24000018835068,120.66759,0.5714387,0.30092168
33.24999850988388,120.70759,0.57164085,0.30092168
33.26000064611435,120.78759,0.5718429,0.29970092
33.26999896764755,120.851585,0.5721798,0.29970092
33.28000110387802,120.92758,0.57258403,0.29725936
33.289999425411224,121.02358,0.5729882,0.29603857
33.30000156164169,121.111595,0.57339245,0.293597
33.309999883174896,121.17958,0.57386404,0.29115546
33.3199982047081,121.33159,0.57433563,0.2899347
33.33000034093857,121.47158,0.5747399,0.28749314
33.33999866247177,121.58359,0.57521147,0.28627235
33.35000079870224,121.671585,0.5756157,0.2838308
33.35999912023544,121.711586,0.5758178,0.28505158
33.37000125646591,121.711586,0.5758852,0.28505158
33.379999577999115,121.699585,0.57595253,0.28627235
33.390001714229584,121.70358,0.5760199,0.28627235
33.40000003576279,121.72358,0.5760199,0.28749314
33.40999835729599,121.687584,0.5760199,0.2887139
33.42000049352646,121.659584,0.5760199,0.2899347
33.42999881505966,121.67558,0.5760873,0.2899347
33.44000095129013,121.62759,0.5760873,0.29115546
33.449999272823334,121.631584,0.5760873,0.29237625
33.4600014090538,121.63558,0.57615465,0.293597
33.469999730587006,121.62359,0.57615465,0.2948178
33.480001866817474,121.603584,0.57615465,0.29603857
33.49000018835068,121.56358,0.576222,0.29603857
33.49999850988388,121.57958,0.576222,0.29725936
33.51000064611435,121.59959,0.5762894,0.29848012
33.51999896764755,121.57958,0.5762894,0.29970092
33.53000110387802,121.54359,0.57635677,0.29970092
33.539999425411224,121.58359,0.5764915,0.30092168
33.55000156164169,121.603584,0.5765589,0.30092168
33.559999883174896,121.58359,0.5766936,0.30092168
33.5699982047081,121.63558,0.57682836,0.30214247
33.58000034093857,121.643585,0.5768958,0.30214247
33.58999866247177,121.63558,0.5769631,0.30336323
33.60000079870224,121.643585,0.5770304,0.30336323
33.60999912023544,121.66359,0.5772326,0.30336323
33.62000125646591,121.73559,0.5774347,0.30336323
33.629999577999115,121.755585,0.5777042,0.30214247
33.640001714229584,121.81558,0.5779063,0.30214247
33.65000003576279,121.86359,0.5781758,0.30092168
33.65999835729599,121.90359,0.57844526,0.30092168
33.67000049352646,121.96758,0.5787147,0.29970092
33.67999881505966,122.06358,0.57898426,0.29970092
33.69000095129013,122.143585,0.5792537,0.29848012
33.699999272823334,122.16759,0.5795232,0.29725936
33.7100014090538,122.21958,0.57986003,0.29603857
33.719999730587006,122.31959,0.5802643,0.2948178
33.730001866817474,122.419586,0.5806685,0.293597
33.74000018835068,122.503586,0.5811401,0.29115546
33.74999850988388,122.61958,0.5814096,0.2899347
33.76000064611435,122.67558,0.58154434,0.29115546
33.76999896764755,122.66359,0.58154434,0.29115546
33.78000110387802,122.61558,0.58154434,0.293597
33.789999425411224,122.631584,0.5816117,0.293597
33.80000156164169,122.61958,0.5816117,0.2948178
33.809999883174896,122.58359,0.5816117,0.29603857
33.8199982047081,122.59958,0.5816117,0.29725936
33.83000034093857,122.575584,0.5816791,0.29725936
33.83999866247177,122.54758,0.5816791,0.29970092
33.85000079870224,122.531586,0.5816791,0.29970092
33.85999912023544,122.57159,0.5817464,0.30092168
33.87000125646591,122.57159,0.5817464,0.30214247
33.879999577999115,122.52358,0.5817464,0.30336323
33.890001714229584,122.475586,0.5817464,0.30458403
33.90000003576279,122.503586,0.58181375,0.30458403
33.90999835729599,122.479576,0.58181375,0.3058048
33.92000049352646,122.45959,0.58181375,0.30702558
33.92999881505966,122.47158,0.58181375,0.30824634
33.94000095129013,122.46758,0.58188117,0.30946714
33.949999272823334,122.46758,0.58188117,0.3106879
33.9600014090538,122.43158,0.5819485,0.3106879
33.969999730587006,122.435585,0.5819485,0.3119087
33.980001866817474,122.43158,0.5819485,0.31312945
33.99000018835068,122.38358,0.5819485,0.31435025
33.99999850988388,122.38358,0.58201593,0.315571
34.01000064611435,122.41558,0.58201593,0.3167918
34.01999896764755,122.395584,0.5820833,0.3167918
34.03000110387802,122.40358,0.58221805,0.3167918
34.039999425411224,122.447586,0.58228534,0.31801257
34.05000156164169,122.423584,0.58235276,0.31923336
34.059999883174896,122.407585,0.5824201,0.31923336
34.0699982047081,122.41558,0.5824201,0.32045412
34.08000034093857,122.435585,0.5824875,0.3216749
34.08999866247177,122.423584,0.5825549,0.3216749
34.10000079870224,122.44358,0.58262223,0.32289568
34.10999912023544,122.451584,0.58268964,0.32289568
34.12000125646591,122.45959,0.582757,0.32411647
34.129999577999115,122.423584,0.582757,0.32533723
34.140001714229584,122.42758,0.5828917,0.32533723
34.15000003576279,122.479576,0.58302647,0.32533723
34.15999835729599,122.491585,0.5830938,0.32655802
34.17000049352646,122.48358,0.5830938,0.32655802
34.17999881505966,122.49958,0.5832286,0.3277788
34.19000095129013,122.48759,0.583296,0.3277788
34.199999272823334,122.52358,0.58343065,0.32899958
34.2100014090538,122.55559,0.5836328,0.3277788
34.219999730587006,122.63958,0.58390224,0.3277788
34.230001866817474,122.687584,0.5842391,0.32655802
34.24000018835068,122.77558,0.58477813,0.32411647
34.24999850988388,122.91958,0.5853845,0.32045412
34.26000064611435,123.115585,0.58605814,0.3167918
34.26999896764755,123.315575,0.5868666,0.31312945
34.28000110387802,123.54758,0.5877424,0.30824634
34.289999425411224,123.79558,0.5886183,0.30336323
34.30000156164169,123.91958,0.5890899,0.30092168
34.309999883174896,123.94358,0.58915716,0.30092168
34.3199982047081,123.95958,0.5892246,0.30214247
34.33000034093857,123.983574,0.58929193,0.30336323
34.33999866247177,123.99157,0.58929193,0.30336323
34.35000079870224,123.95958,0.58929193,0.3058048
34.35999912023544,123.939575,0.58929193,0.3058048
34.37000125646591,123.93158,0.58929193,0.30702558
34.379999577999115,123.89158,0.5893593,0.30824634
34.390001714229584,123.89158,0.5893593,0.30946714
34.40000003576279,123.91958,0.5894267,0.30946714
34.40999835729599,123.88358,0.5894267,0.3119087
34.42000049352646,123.85957,0.58949405,0.3119087
34.42999881505966,123.87158,0.58956146,0.31312945
34.44000095129013,123.87958,0.58969617,0.31312945
34.449999272823334,123.923584,0.5898309,0.31312945
34.4600014090538,123.951584,0.59003305,0.31312945
34.469999730587006,124.023575,0.59030247,0.3119087
34.480001866817474,124.10758,0.59077406,0.3106879
34.49000018835068,124.191574,0.59131306,0.30702558
34.49999850988388,124.37558,0.5921889,0.30336323
34.51000064611435,124.68758,0.59326684,0.29603857
34.51999896764755,125.01557,0.594749,0.28749314
34.53000110387802,125.37958,0.59602904,0.28016847
34.539999425411224,125.64357,0.59683746,0.27528536
34.55000156164169,125.79157,0.59737647,0.27162302
34.559999883174896,125.90757,0.597848,0.27040225
34.5699982047081,126.039566,0.59825224,0.2679607
34.58000034093857,126.13957,0.5987912,0.26551914
34.58999866247177,126.27957,0.59946495,0.2618568
34.60000079870224,126.43557,0.60027343,0.25819448
34.60999912023544,126.69157,0.6011492,0.25331137
34.62000125646591,126.83957,0.60155344,0.25209057
34.629999577999115,126.859566,0.6016208,0.25209057
34.640001714229584,126.831566,0.6016208,0.25331137
34.65000003576279,126.82757,0.6016208,0.25453213
34.65999835729599,126.77557,0.6016208,0.25575292
34.67000049352646,126.73157,0.6016208,0.25697368
34.67999881505966,126.751564,0.6016208,0.25819448
34.69000095129013,126.73956,0.6016208,0.25941524
34.699999272823334,126.70757,0.6016208,0.26063603
34.7100014090538,126.65957,0.6016208,0.2618568
34.719999730587006,126.64357,0.6016208,0.2618568
34.730001866817474,126.62757,0.6016208,0.26429835
34.74000018835068,126.591576,0.6016208,0.26429835
34.74999850988388,126.62757,0.6016208,0.26551914
34.76000064611435,126.60757,0.6016208,0.2667399
34.76999896764755,126.57157,0.6016208,0.2679607
34.78000110387802,126.51957,0.6016208,0.26918146
34.789999425411224,126.51957,0.6016208,0.27040225
34.80000156164169,126.487564,0.6016208,0.27162302
34.809999883174896,126.46357,0.6016208,0.2728438
34.8199982047081,126.47557,0.6016208,0.27406457
34.83000034093857,126.45157,0.6016208,0.27528536
34.83999866247177,126.39957,0.6016208,0.27650613
34.85000079870224,126.37557,0.6016208,0.27772692
34.85999912023544,126.41557,0.60168815,0.27772692
34.87000125646591,126.39157,0.60168815,0.27894768
34.879999577999115,126.34757,0.60168815,0.28016847
34.890001714229584,126.32757,0.60168815,0.28138924
34.90000003576279,126.32357,0.60168815,0.28261003
34.90999835729599,126.28357,0.60168815,0.2838308
34.92000049352646,126.271576,0.60168815,0.28505158
34.92999881505966,126.291565,0.60168815,0.28627235
34.94000095129013,126.28757,0.60168815,0.28749314
34.949999272823334,126.235565,0.60168815,0.2887139
34.9600014090538,126.21157,0.60168815,0.2899347
34.969999730587006,126.21557,0.60168815,0.29115546
34.980001866817474,126.207565,0.60168815,0.29237625
34.99000018835068,126.167564,0.60168815,0.293597
34.99999850988388,126.17957,0.60175556,0.293597
35.01000064611435,126.175575,0.60175556,0.2948178
35.01999896764755,126.14357,0.60175556,0.29603857
35.03000110387802,126.14757,0.6018229,0.29725936
35.039999425411224,126.15556,0.6018229,0.29725936
35.05000156164169,126.13957,0.6018229,0.29970092
35.059999883174896,126.10757,0.60189027,0.29970092
35.0699982047081,126.10357,0.60189027,0.30092168
35.08000034093857,126.11157,0.6019576,0.30092168
35.08999866247177,126.11157,0.6019576,0.30336323
35.10000079870224,126.10757,0.6019576,0.30336323
35.10999912023544,126.11157,0.60202503,0.30458403
35.12000125646591,126.08758,0.60202503,0.3058048
35.129999577999115,126.02357,0.60202503,0.30702558
35.140001714229584,126.03557,0.6020924,0.30702558
35.15000003576279,126.09157,0.60215974,0.30824634
35.15999835729599,126.09957,0.60222715,0.30946714
35.17000049352646,126.13157,0.6023619,0.30946714
35.17999881505966,126.12756,0.6024966,0.30946714
35.19000095129013,126.13957,0.60269874,0.30946714
35.199999272823334,126.191574,0.60296816,0.30824634
35.2100014090538,126.259575,0.60337245,0.30702558
35.219999730587006,126.40756,0.60384405,0.3058048
35.230001866817474,126.54357,0.6044504,0.30214247
35.24000018835068,126.70757,0.6053262,0.29725936
35.24999850988388,127.011566,0.6065389,0.2899347
35.26000064611435,127.32757,0.6076842,0.28261003
35.26999896764755,127.54357,0.60842526,0.27894768
35.28000110387802,127.667564,0.60855997,0.27894768
35.289999425411224,127.68757,0.60855997,0.28016847
35.30000156164169,127.65957,0.60855997,0.28138924
35.309999883174896,127.61556,0.60855997,0.28261003
35.3199982047081,127.623566,0.60855997,0.2838308
35.33000034093857,127.60757,0.60855997,0.28505158
35.33999866247177,127.59957,0.60855997,0.28627235
35.35000079870224,127.57556,0.60855997,0.28749314
35.35999912023544,127.56356,0.6086274,0.28749314
35.37000125646591,127.52356,0.6086274,0.2887139
35.379999577999115,127.50756,0.6086274,0.2899347
35.390001714229584,127.49157,0.6086274,0.29115546
35.40000003576279,127.50357,0.6086274,0.29237625
35.40999835729599,127.48357,0.6086274,0.293597
35.42000049352646,127.46357,0.6086274,0.2948178
35.42999881505966,127.45556,0.60869473,0.29603857
35.44000095129013,127.45556,0.60869473,0.29603857
35.449999272823334,127.43557,0.6087621,0.29725936
35.4600014090538,127.41956,0.60882944,0.29725936
35.469999730587006,127.45556,0.6089642,0.29848012
35.480001866817474,127.471565,0.609099,0.29848012
35.49000018835068,127.49556,0.60930103,0.29848012
35.49999850988388,127.55957,0.60950315,0.29725936
35.51000064611435,127.61556,0.6097727,0.29725936
35.51999896764755,127.67156,0.6101095,0.29603857
35.53000110387802,127.75557,0.6105811,0.293597
35.539999425411224,127.91157,0.61112005,0.29115546
35.55000156164169,128.04756,0.6117938,0.28749314
35.559999883174896,128.23956,0.6125348,0.2838308
35.5699982047081,128.43956,0.61327595,0.28016847
35.58000034093857,128.59555,0.6136128,0.27894768
35.58999866247177,128.59956,0.6136128,0.28016847
35.60000079870224,128.57956,0.6136128,0.28138924
35.60999912023544,128.55956,0.6136801,0.28138924
35.62000125646591,128.56757,0.6136801,0.28261003
35.629999577999115,128.53156,0.6136801,0.2838308
35.640001714229584,128.52757,0.6136801,0.28505158
35.65000003576279,128.51556,0.6136801,0.28627235
35.65999835729599,128.44757,0.6136801,0.28749314
35.67000049352646,128.43556,0.6136801,0.2887139
35.67999881505966,128.45956,0.6136801,0.2899347
35.69000095129013,128.43956,0.6136801,0.29115546
35.699999272823334,128.39957,0.6136801,0.29237625
35.7100014090538,128.36356,0.6136801,0.293597
35.719999730587006,128.38756,0.6136801,0.2948178
35.730001866817474,128.35956,0.6136801,0.29603857
35.74000018835068,128.33957,0.6136801,0.29725936
35.74999850988388,128.35156,0.6136801,0.29725936
35.76000064611435,128.34756,0.6136801,0.29970092
35.76999896764755,128.31557,0.6136801,0.29970092
35.78000110387802,128.29156,0.6136801,0.30092168
35.789999425411224,128.28357,0.61374754,0.30214247
35.80000156164169,128.25957,0.61374754,0.30336323
35.809999883174896,128.22357,0.61374754,0.30458403
35.8199982047081,128.23956,0.61374754,0.3058048
35.83000034093857,128.25957,0.6138149,0.3058048
35.83999866247177,128.24356,0.6138823,0.30702558
35.85000079870224,128.23956,0.61394966,0.30702558
35.85999912023544,128.27156,0.61408436,0.30702558
35.87000125646591,128.26756,0.61408436,0.30946714
35.879999577999115,128.22755,0.61408436,0.30946714
35.890001714229584,128.25156,0.6141517,0.3106879
35.90000003576279,128.25957,0.6141517,0.3119087
35.90999835729599,128.22755,0.6141517,0.31312945
35.92000049352646,128.22357,0.6141517,0.31435025
35.92999881505966,128.22357,0.6141517,0.315571
35.94000095129013,128.20357,0.6142191,0.315571
35.949999272823334,128.16356,0.6142191,0.3167918
35.9600014090538,128.16356,0.6142865,0.31801257
35.969999730587006,128.21156,0.6143539,0.31923336
35.980001866817474,128.21156,0.61442125,0.31923336
35.99000018835068,128.19156,0.6144886,0.31923336
35.99999850988388,128.21156,0.614556,0.32045412
36.01000064611435,128.22357,0.6146233,0.3216749
36.01999896764755,128.23157,0.6148255,0.3216749
36.03000110387802,128.27956,0.6149602,0.3216749
36.039999425411224,128.32356,0.6151623,0.3216749
36.05000156164169,128.35156,0.6154318,0.32045412
36.059999883174896,128.40756,0.6157686,0.31923336
36.0699982047081,128.49556,0.61610556,0.31801257
36.08000034093857,128.62357,0.61650974,0.3167918
36.08999866247177,128.73956,0.6171161,0.31312945
36.10000079870224,128.93556,0.6178571,0.30946714
36.10999912023544,129.17155,0.618733,0.30458403
36.12000125646591,129.37157,0.61960876,0.29970092
36.129999577999115,129.47955,0.62008035,0.29725936
36.140001714229584,129.57956,0.6202151,0.29725936
36.15000003576279,129.63156,0.62028253,0.29848012
36.15999835729599,129.59956,0.62028253,0.29970092
36.17000049352646,129.58755,0.62028253,0.30092168
36.17999881505966,129.58356,0.62028253,0.30092168
36.19000095129013,129.53955,0.62028253,0.30336323
36.199999272823334,129.51155,0.62028253,0.30336323
36.2100014090538,129.50356,0.6203499,0.30458403
36.219999730587006,129.51956,0.6203499,0.3058048
36.230001866817474,129.52356,0.6203499,0.30702558
36.24000018835068,129.47955,0.62041724,0.30702558
36.24999850988388,129.47955,0.62041724,0.30946714
36.26000064611435,129.45557,0.62041724,0.30946714
36.26999896764755,129.43155,0.62041724,0.3119087
36.28000110387802,129.43956,0.6204846,0.3119087
36.289999425411224,129.45955,0.62061936,0.3119087
36.30000156164169,129.44356,0.62061936,0.31312945
36.309999883174896,129.43556,0.6206867,0.31435025
36.3199982047081,129.46756,0.6207541,0.31435025
36.33000034093857,129.47955,0.6208215,0.315571
36.33999866247177,129.46356,0.6208888,0.315571
36.35000079870224,129.43956,0.6209562,0.3167918
36.35999912023544,129.46356,0.62102354,0.3167918
36.37000125646591,129.50356,0.62122566,0.3167918
36.379999577999115,129.53557,0.62142783,0.3167918
36.390001714229584,129.61156,0.62169725,0.315571
36.40000003576279,129.68355,0.62203413,0.315571
36.40999835729599,129.77556,0.62264043,0.3119087
36.42000049352646,129.93555,0.6232468,0.30946714
36.42999881505966,130.13156,0.6239879,0.30458403
36.44000095129013,130.30356,0.62479633,0.30092168
36.449999272823334,130.51155,0.62567216,0.29603857
36.4600014090538,130.73155,0.6264132,0.29115546
36.469999730587006,130.89955,0.6268848,0.2899347
36.480001866817474,130.94756,0.62715435,0.2887139
36.49000018835068,130.95155,0.62728906,0.2887139
36.49999850988388,131.02756,0.6273564,0.2899347
36.51000064611435,131.04355,0.6275585,0.2899347
36.51999896764755,131.02756,0.6276933,0.2899347
36.53000110387802,131.05956,0.62789536,0.2899347
36.539999425411224,131.11156,0.62823224,0.2887139
36.55000156164169,131.20755,0.62870383,0.28627235
36.559999883174896,131.32756,0.62924284,0.2838308
36.5699982047081,131.47156,0.6297818,0.28138924
36.58000034093857,131.63956,0.6303207,0.27772692
36.58999866247177,131.71155,0.63085973,0.27650613
36.60000079870224,131.78755,0.6312639,0.27406457
36.60999912023544,131.91156,0.63160074,0.2728438
36.62000125646591,131.96355,0.6317355,0.2728438
36.629999577999115,131.97556,0.6318029,0.27406457
36.640001714229584,131.97955,0.6318029,0.27528536
36.65000003576279,131.95155,0.63187027,0.27650613
36.65999835729599,131.90355,0.63187027,0.27650613
36.67000049352646,131.88754,0.63187027,0.27772692
36.67999881505966,131.91956,0.6319376,0.27894768
36.69000095129013,131.88754,0.6319376,0.28016847
36.699999272823334,131.87155,0.63200504,0.28016847
36.7100014090538,131.86755,0.63200504,0.28138924
36.719999730587006,131.88356,0.6320724,0.28261003
36.730001866817474,131.84755,0.63213974,0.2838308
36.74000018835068,131.83556,0.6322071,0.2838308
36.74999850988388,131.86356,0.6322071,0.28505158
36.76000064611435,131.84355,0.6322071,0.28627235
36.76999896764755,131.79555,0.6322071,0.28749314
36.78000110387802,131.79155,0.63227445,0.28749314
36.789999425411224,131.78755,0.63227445,0.2887139
36.80000156164169,131.78355,0.63227445,0.2899347
36.809999883174896,131.75955,0.63234186,0.29115546
36.8199982047081,131.77556,0.63234186,0.29237625
36.83000034093857,131.75955,0.63234186,0.293597
36.83999866247177,131.72356,0.6324092,0.293597
36.85000079870224,131.71555,0.6324766,0.2948178
36.85999912023544,131.75555,0.6326114,0.2948178
36.87000125646591,131.77155,0.63274604,0.2948178
36.879999577999115,131.76755,0.63274604,0.29603857
36.890001714229584,131.79155,0.63281345,0.29725936
36.90000003576279,131.76355,0.63281345,0.29848012
36.90999835729599,131.75555,0.63281345,0.29970092
36.92000049352646,131.73555,0.6328808,0.29970092
36.92999881505966,131.74756,0.6328808,0.30092168
36.94000095129013,131.71155,0.6328808,0.30214247
36.949999272823334,131.69154,0.6328808,0.30336323
36.9600014090538,131.67955,0.6328808,0.30458403
36.969999730587006,131.72356,0.6329482,0.3058048
36.980001866817474,131.72356,0.6331503,0.30458403
36.99000018835068,131.73555,0.63328505,0.3058048
36.99999850988388,131.77556,0.6334198,0.3058048
37.01000064611435,131.76355,0.6335545,0.3058048
37.01999896764755,131.78755,0.6336892,0.3058048
37.03000110387802,131.81955,0.633824,0.3058048
37.039999425411224,131.87155,0.6340935,0.3058048
37.05000156164169,131.96355,0.63443035,0.30458403
37.059999883174896,132.06355,0.6350367,0.30092168
37.0699982047081,132.25555,0.6357778,0.29725936
37.08000034093857,132.43555,0.63672096,0.29237625
37.08999866247177,132.67955,0.6375294,0.28749314
37.10000079870224,132.87955,0.63820314,0.2838308
37.10999912023544,133.04355,0.6386747,0.28138924
37.12000125646591,133.10355,0.6389442,0.28138924
37.129999577999115,133.11555,0.6390789,0.28138924
37.140001714229584,133.14754,0.6390789,0.28261003
37.15000003576279,133.12755,0.63914627,0.28261003
37.15999835729599,133.12355,0.6392137,0.2838308
37.17000049352646,133.10754,0.6392137,0.28505158
37.17999881505966,133.10754,0.63928103,0.28627235
37.19000095129013,133.08354,0.63928103,0.28627235
37.199999272823334,133.04355,0.63928103,0.28749314
37.2100014090538,133.06755,0.63934845,0.2887139
37.219999730587006,133.06355,0.63934845,0.2899347
37.230001866817474,133.04755,0.63934845,0.29115546
37.24000018835068,132.98755,0.6394158,0.29115546
37.24999850988388,133.00354,0.6394158,0.29237625
37.26000064611435,132.98755,0.6394158,0.293597
37.26999896764755,132.97554,0.6394158,0.2948178
37.28000110387802,132.96754,0.6394158,0.29603857
37.289999425411224,132.95955,0.63948315,0.29725936
37.30000156164169,132.97554,0.6395505,0.29725936
37.309999883174896,132.94754,0.63961786,0.29848012
37.3199982047081,132.97554,0.63961786,0.29970092
37.33000034093857,132.95955,0.6396853,0.29970092
37.33999866247177,132.91154,0.6397526,0.30092168
37.35000079870224,132.95555,0.6398874,0.30092168
37.35999912023544,132.97955,0.64002216,0.30092168
37.37000125646591,133.01955,0.64015687,0.30092168
37.379999577999115,133.04755,0.64042634,0.30092168
37.390001714229584,133.14754,0.6406958,0.29970092
37.40000003576279,133.21555,0.64110005,0.29848012
37.40999835729599,133.29155,0.641639,0.29603857
37.42000049352646,133.43555,0.64224535,0.29237625
37.42999881505966,133.62755,0.64291906,0.2899347
37.44000095129013,133.75954,0.6435254,0.28627235
37.449999272823334,133.89955,0.643997,0.28505158
37.4600014090538,134.01555,0.6442665,0.2838308
37.469999730587006,134.04755,0.6444012,0.2838308
37.480001866817474,133.99954,0.6444012,0.28505158
37.49000018835068,133.98354,0.6444012,0.28627235
37.49999850988388,133.99954,0.6444686,0.28627235
37.51000064611435,134.00354,0.6444686,0.28749314
37.51999896764755,133.97154,0.6444686,0.2887139
37.53000110387802,133.97154,0.6444686,0.2899347
37.539999425411224,133.94354,0.6444686,0.29115546
37.55000156164169,133.91154,0.64453596,0.29115546
37.559999883174896,133.89154,0.64453596,0.293597
37.5699982047081,133.93153,0.64453596,0.293597
37.58000034093857,133.89554,0.64453596,0.29603857
37.58999866247177,133.82355,0.6446033,0.29603857
37.60000079870224,133.83954,0.6446033,0.29725936
37.60999912023544,133.84755,0.6446707,0.29725936
37.62000125646591,133.84355,0.6446707,0.29970092
37.629999577999115,133.85954,0.6446707,0.29970092
37.640001714229584,133.83154,0.6446707,0.30092168
37.65000003576279,133.80354,0.6446707,0.30214247
37.65999835729599,133.77554,0.6446707,0.30336323
37.67000049352646,133.77554,0.6447381,0.30458403
37.67999881505966,133.77155,0.6447381,0.3058048
37.69000095129013,133.77954,0.6448055,0.3058048
37.699999272823334,133.77554,0.6448728,0.30702558
37.7100014090538,133.79555,0.6449402,0.30702558
37.719999730587006,133.77155,0.64500755,0.30824634
37.730001866817474,133.77155,0.6450749,0.30946714
37.74000018835068,133.78354,0.6451423,0.30946714
37.74999850988388,133.81554,0.64520967,0.3106879
37.76000064611435,133.79955,0.6452771,0.3106879
37.76999896764755,133.77155,0.6452771,0.3119087
37.78000110387802,133.79955,0.6453444,0.31312945
37.789999425411224,133.81554,0.64547914,0.31312945
37.80000156164169,133.84355,0.64568126,0.31312945
37.809999883174896,133.85954,0.645816,0.31312945
37.8199982047081,133.87555,0.6460181,0.31312945
37.83000034093857,133.89955,0.6460855,0.31312945
37.83999866247177,133.91954,0.64622027,0.31312945
37.85000079870224,133.96355,0.6464223,0.31435025
37.85999912023544,133.98755,0.64662445,0.31312945
37.87000125646591,134.05554,0.646894,0.31312945
37.879999577999115,134.14754,0.64736557,0.3106879
37.890001714229584,134.26755,0.6479045,0.30702558
37.90000003576279,134.43155,0.64857817,0.30458403
37.90999835729599,134.57155,0.6493193,0.29970092
37.92000049352646,134.79955,0.64992565,0.29725936
37.92999881505966,134.93555,0.65039724,0.2948178
37.94000095129013,134.96355,0.65053195,0.29603857
37.949999272823334,134.94754,0.65059936,0.29603857
37.9600014090538,134.97954,0.65059936,0.29725936
37.969999730587006,134.97954,0.65059936,0.29848012
37.980001866817474,134.95154,0.65059936,0.29970092
37.99000018835068,134.92354,0.65066665,0.29970092
37.99999850988388,134.93555,0.65066665,0.30092168
38.01000064611435,134.87553,0.65066665,0.30214247
38.01999896764755,134.85555,0.65066665,0.30336323
38.03000110387802,134.86754,0.65066665,0.30458403
38.039999425411224,134.89154,0.65073407,0.3058048
38.05000156164169,134.86354,0.65073407,0.30702558
38.059999883174896,134.82755,0.6508014,0.30702558
38.0699982047081,134.83154,0.65086883,0.30824634
38.08000034093857,134.84753,0.65107095,0.30702558
38.08999866247177,134.87553,0.651273,0.30824634
38.10000079870224,134.95554,0.6514078,0.30824634
38.10999912023544,134.96754,0.65147513,0.30824634
38.12000125646591,134.93555,0.65147513,0.30946714
38.129999577999115,134.93153,0.65154254,0.3106879
38.140001714229584,134.93954,0.6516099,0.3106879
38.15000003576279,134.95154,0.6517446,0.3119087
38.15999835729599,134.94754,0.6517446,0.3119087
38.17000049352646,134.97554,0.65181196,0.31312945
38.17999881505966,134.98755,0.65201414,0.31312945
38.19000095129013,134.99954,0.65221626,0.31312945
38.199999272823334,135.01953,0.6524183,0.3119087
38.2100014090538,135.09555,0.6524857,0.31312945
38.219999730587006,135.11554,0.65268785,0.31312945
38.230001866817474,135.14354,0.6529573,0.3119087
38.24000018835068,135.19954,0.65329415,0.3119087
38.24999850988388,135.29953,0.65363103,0.30946714
38.26000064611435,135.40753,0.65417,0.30702558
38.26999896764755,135.57954,0.6548437,0.30336323
38.28000110387802,135.73953,0.6555174,0.29970092
38.289999425411224,135.91954,0.6561911,0.29603857
38.30000156164169,136.05954,0.65679747,0.293597
38.309999883174896,136.17154,0.6570669,0.29237625
38.3199982047081,136.21153,0.6571343,0.293597
38.33000034093857,136.20354,0.65720165,0.2948178
38.33999866247177,136.19954,0.6573364,0.2948178
38.35000079870224,136.22354,0.65740377,0.2948178
38.35999912023544,136.20354,0.65740377,0.29603857
38.37000125646591,136.20753,0.6574712,0.29725936
38.379999577999115,136.22754,0.6576059,0.29725936
38.390001714229584,136.22754,0.65774065,0.29725936
38.40000003576279,136.21553,0.65787536,0.29725936
38.40999835729599,136.21954,0.65787536,0.29848012
38.42000049352646,136.22754,0.65787536,0.29970092
38.42999881505966,136.23154,0.6579428,0.30092168
38.44000095129013,136.21153,0.6580101,0.30092168
38.449999272823334,136.23553,0.65814483,0.30092168
38.4600014090538,136.25954,0.6582796,0.30092168
38.469999730587006,136.27953,0.6584817,0.30092168
38.480001866817474,136.30754,0.65881854,0.30092168
38.49000018835068,136.39954,0.65915537,0.29970092
38.49999850988388,136.51154,0.6596944,0.29603857
38.51000064611435,136.68353,0.66043544,0.29237625
38.51999896764755,136.90353,0.66144603,0.28749314
38.53000110387802,137.18353,0.6625239,0.28138924
38.539999425411224,137.45154,0.6636693,0.27406457
38.55000156164169,137.67152,0.6644777,0.26918146
38.559999883174896,137.84753,0.66488194,0.2679607
38.5699982047081,137.92754,0.665084,0.2679607
38.58000034093857,137.91954,0.6651514,0.2679607
38.58999866247177,137.89153,0.6651514,0.26918146
38.60000079870224,137.90353,0.6652862,0.27040225
38.60999912023544,137.87152,0.66535354,0.27040225
38.62000125646591,137.85953,0.66535354,0.27162302
38.629999577999115,137.89153,0.6654209,0.27162302
38.640001714229584,137.89952,0.6655556,0.27162302
38.65000003576279,137.89554,0.665623,0.2728438
38.65999835729599,137.88353,0.6657578,0.2728438
38.67000049352646,137.92352,0.6658251,0.27406457
38.67999881505966,137.91153,0.6658925,0.27406457
38.69000095129013,137.87953,0.6660272,0.27406457
38.699999272823334,137.89952,0.66616195,0.27528536
38.7100014090538,137.91954,0.6662967,0.27528536
38.719999730587006,137.95152,0.6664315,0.27528536
38.730001866817474,137.98354,0.66663355,0.27528536
38.74000018835068,138.03554,0.66683567,0.27528536
38.74999850988388,138.07553,0.6671725,0.27406457
38.76000064611435,138.11552,0.667442,0.2728438
38.76999896764755,138.19553,0.66777885,0.27162302
38.78000110387802,138.30353,0.66825044,0.27040225
38.789999425411224,138.41553,0.66878945,0.2679607
38.80000156164169,138.55153,0.6693284,0.26429835
38.809999883174896,138.65154,0.6697326,0.2630776
38.8199982047081,138.69153,0.6698,0.26429835
38.83000034093857,138.66753,0.6698,0.26429835
38.83999866247177,138.64752,0.6698,0.26551914
38.85000079870224,138.67152,0.6698,0.2667399
38.85999912023544,138.62752,0.6698,0.2679607
38.87000125646591,138.59152,0.6698,0.26918146
38.879999577999115,138.58353,0.6698,0.27040225
38.890001714229584,138.56352,0.6698,0.27162302
38.90000003576279,138.53552,0.6698,0.2728438
38.90999835729599,138.53954,0.6698,0.27406457
38.92000049352646,138.54353,0.6698,0.27528536
38.92999881505966,138.49953,0.6698,0.27650613
38.94000095129013,138.43153,0.6698,0.27772692
38.949999272823334,138.44753,0.6698,0.27894768
38.9600014090538,138.45154,0.6698,0.28016847
38.969999730587006,138.45552,0.6698,0.28138924
38.980001866817474,138.41153,0.6698,0.28138924
38.99000018835068,138.43953,0.6698,0.2838308
38.99999850988388,138.37953,0.6698,0.2838308
39.01000064611435,138.33553,0.6698,0.28627235
39.01999896764755,138.32753,0.6698,0.28627235
39.03000110387802,138.31953,0.6698,0.28749314
39.039999425411224,138.30753,0.6698,0.2887139
39.05000156164169,138.30753,0.6698,0.2899347
39.059999883174896,138.30753,0.6698,0.29115546
39.0699982047081,138.27953,0.6698,0.29237625
39.08000034093857,138.22752,0.6698,0.293597
39.08999866247177,138.19954,0.66986734,0.293597
39.10000079870224,138.23152,0.66986734,0.29603857
39.10999912023544,138.20753,0.66986734,0.29603857
39.12000125646591,138.18353,0.66986734,0.29725936
39.129999577999115,138.19153,0.66986734,0.29848012
39.140001714229584,138.16353,0.66993475,0.29970092
39.15000003576279,138.16353,0.6700021,0.29970092
39.15999835729599,138.17953,0.6700695,0.30092168
39.17000049352646,138.19553,0.6700695,0.30214247
39.17999881505966,138.15154,0.67013687,0.30336323
39.19000095129013,138.13153,0.67013687,0.30336323
39.199999272823334,138.14754,0.67013687,0.3058048
39.2100014090538,138.16353,0.67013687,0.3058048
39.219999730587006,138.12753,0.6702042,0.30702558
39.230001866817474,138.11153,0.6702716,0.30702558
39.24000018835068,138.13553,0.6703389,0.30824634
39.24999850988388,138.15154,0.67040634,0.30946714
39.26000064611435,138.13153,0.6704737,0.30946714
39.26999896764755,138.11153,0.67054105,0.3106879
39.28000110387802,138.14754,0.67060846,0.3106879
39.289999425411224,138.16353,0.6706758,0.3119087
39.30000156164169,138.13953,0.6707432,0.3119087
39.309999883174896,138.14352,0.6708105,0.31312945
39.3199982047081,138.17154,0.67087793,0.31312945
39.33000034093857,138.17953,0.67101264,0.31435025
39.33999866247177,138.20753,0.6712148,0.31312945
39.35000079870224,138.25552,0.67148423,0.31312945
39.35999912023544,138.31953,0.67175376,0.3119087
39.37000125646591,138.40353,0.67222536,0.3106879
39.379999577999115,138.59554,0.6729664,0.30702558
39.390001714229584,138.81953,0.67384225,0.30092168
39.40000003576279,139.04753,0.6749202,0.29603857
39.40999835729599,139.31552,0.67599815,0.2899347
39.42000049352646,139.55153,0.67673916,0.28505158
39.42999881505966,139.65553,0.6770087,0.2838308
39.44000095129013,139.64352,0.67707604,0.28505158
39.449999272823334,139.67952,0.67707604,0.28627235
39.4600014090538,139.70352,0.67707604,0.28749314
39.469999730587006,139.64752,0.67707604,0.28749314
39.480001866817474,139.59552,0.67707604,0.2899347
39.49000018835068,139.60353,0.6771434,0.2899347
39.49999850988388,139.58353,0.6771434,0.29115546
39.51000064611435,139.55553,0.6771434,0.29237625
39.51999896764755,139.55952,0.6771434,0.293597
39.53000110387802,139.57553,0.6771434,0.2948178
39.539999425411224,139.52753,0.6771434,0.29603857
39.55000156164169,139.51152,0.67721075,0.29603857
39.559999883174896,139.52753,0.67721075,0.29725936
39.5699982047081,139.50352,0.67721075,0.29848012
39.58000034093857,139.47952,0.67727816,0.29970092
39.58999866247177,139.46753,0.67727816,0.30092168
39.60000079870224,139.47153,0.6773455,0.30092168
39.60999912023544,139.43953,0.67741287,0.30214247
39.62000125646591,139.45152,0.6774803,0.30214247
39.629999577999115,139.50752,0.67754763,0.30336323
39.640001714229584,139.47952,0.67761505,0.30336323
39.65000003576279,139.47952,0.67768234,0.30458403
39.65999835729599,139.50352,0.67788446,0.30458403
39.67000049352646,139.57953,0.678154,0.30458403
39.67999881505966,139.65953,0.67855823,0.30214247
39.69000095129013,139.71953,0.67902976,0.29970092
39.699999272823334,139.86752,0.67956877,0.29725936
39.7100014090538,140.02353,0.6802425,0.2948178
39.719999730587006,140.18352,0.68091613,0.2899347
39.730001866817474,140.41553,0.68165725,0.28627235
39.74000018835068,140.56752,0.6822636,0.2838308
39.74999850988388,140.64352,0.6824657,0.2838308
39.76000064611435,140.61952,0.6824657,0.2838308
39.76999896764755,140.62752,0.682533,0.28505158
39.78000110387802,140.61153,0.68260044,0.28627235
39.789999425411224,140.62352,0.68260044,0.28749314
39.80000156164169,140.60352,0.68260044,0.28749314
39.809999883174896,140.59952,0.6826678,0.2887139
39.8199982047081,140.56752,0.6826678,0.2899347
39.83000034093857,140.54352,0.6827352,0.2899347
39.83999866247177,140.52753,0.6827352,0.29115546
39.85000079870224,140.56352,0.68280256,0.29237625
39.85999912023544,140.53152,0.68280256,0.293597
39.87000125646591,140.52753,0.6828699,0.293597
39.879999577999115,140.53952,0.6828699,0.29603857
39.890001714229584,140.51953,0.6829373,0.29603857
39.90000003576279,140.49951,0.6829373,0.29725936
39.90999835729599,140.51152,0.6830046,0.29725936
39.92000049352646,140.51953,0.68307203,0.29848012
39.92999881505966,140.53552,0.6831394,0.29970092
39.94000095129013,140.49951,0.6832068,0.29970092
39.949999272823334,140.50352,0.68327415,0.30092168
39.9600014090538,140.52351,0.6833415,0.30092168
39.969999730587006,140.50752,0.6834089,0.30214247
39.980001866817474,140.53152,0.68347627,0.30336323
39.99000018835068,140.55151,0.683611,0.30336323
39.99999850988388,140.54352,0.68374574,0.30336323
40.01000064611435,140.54352,0.6838805,0.30336323
40.01999896764755,140.59952,0.6841499,0.30214247
40.03000110387802,140.69153,0.68441945,0.30214247
40.039999425411224,140.76752,0.6847563,0.30092168
40.05000156164169,140.85152,0.6851605,0.29970092
40.059999883174896,140.95152,0.68569946,0.29725936
40.0699982047081,141.07152,0.68617105,0.2948178
40.08000034093857,141.18352,0.6867774,0.29115546
40.08999866247177,141.35951,0.68731636,0.2887139
40.10000079870224,141.49951,0.68785536,0.28627235
40.10999912023544,141.59152,0.68832695,0.28505158
40.12000125646591,141.66353,0.6885964,0.2838308
40.129999577999115,141.74352,0.68879855,0.2838308
40.140001714229584,141.75552,0.6888659,0.2838308
40.15000003576279,141.73552,0.68893325,0.28505158
40.15999835729599,141.73552,0.689068,0.28505158
40.17000049352646,141.75552,0.68913543,0.28627235
40.17999881505966,141.71951,0.68913543,0.28627235
40.19000095129013,141.69551,0.68913543,0.28749314
40.199999272823334,141.71552,0.6892028,0.2887139
40.2100014090538,141.7315,0.6892028,0.2899347
40.219999730587006,141.69952,0.6892028,0.29115546
40.230001866817474,141.65952,0.6892028,0.29115546
40.24000018835068,141.65152,0.68927014,0.29237625
40.24999850988388,141.63553,0.68927014,0.293597
40.26000064611435,141.60751,0.6893375,0.2948178
40.26999896764755,141.64752,0.68940485,0.2948178
40.28000110387802,141.67152,0.6895396,0.29603857
40.289999425411224,141.66353,0.6896744,0.29603857
40.30000156164169,141.65952,0.68980914,0.29603857
40.309999883174896,141.69952,0.68994385,0.29603857
40.3199982047081,141.73952,0.69014597,0.29603857
40.33000034093857,141.77151,0.69028074,0.29603857
40.33999866247177,141.83951,0.6904828,0.29603857
40.35000079870224,141.87152,0.6906849,0.29603857
40.35999912023544,141.85152,0.69102174,0.2948178
40.37000125646591,141.97952,0.69142604,0.29237625
40.379999577999115,142.11151,0.6918302,0.29115546
40.390001714229584,142.19151,0.6921671,0.2899347
40.40000003576279,142.24352,0.692504,0.2887139
40.40999835729599,142.30751,0.6927734,0.28749314
40.42000049352646,142.35551,0.6929756,0.28749314
40.42999881505966,142.41151,0.693245,0.28749314
40.44000095129013,142.47551,0.6935818,0.28627235
40.449999272823334,142.60352,0.6939861,0.28505158
40.4600014090538,142.67952,0.6943903,0.28261003
40.469999730587006,142.7315,0.69479454,0.28138924
40.480001866817474,142.80351,0.6951314,0.28016847
40.49000018835068,142.83951,0.6952661,0.28016847
40.49999850988388,142.88351,0.6954009,0.28016847
40.51000064611435,142.91951,0.695603,0.28016847
40.51999896764755,142.97551,0.6958051,0.28016847
40.53000110387802,142.99551,0.69593984,0.28016847
40.539999425411224,142.9795,0.6960072,0.28016847
40.55000156164169,142.96352,0.6960072,0.28138924
40.559999883174896,142.95952,0.6960072,0.28261003
40.5699982047081,142.95952,0.6960746,0.2838308
40.58000034093857,142.91951,0.6960746,0.28505158
40.58999866247177,142.91551,0.6960746,0.28627235
40.60000079870224,142.91551,0.69614196,0.28627235
40.60999912023544,142.8715,0.69614196,0.28749314
40.62000125646591,142.8715,0.6962094,0.2887139
40.629999577999115,142.88351,0.6962094,0.2899347
40.640001714229584,142.82352,0.6962094,0.29115546
40.65000003576279,142.82751,0.69627666,0.29115546
40.65999835729599,142.8195,0.69627666,0.29237625
40.67000049352646,142.8475,0.6963441,0.293597
40.67999881505966,142.8475,0.69641143,0.293597
40.69000095129013,142.82751,0.69641143,0.2948178
40.699999272823334,142.82352,0.69641143,0.29603857
40.7100014090538,142.78351,0.6964788,0.29725936
40.719999730587006,142.75551,0.6964788,0.29848012
40.730001866817474,142.79552,0.6965462,0.29848012
40.74000018835068,142.8195,0.69668096,0.29970092
40.74999850988388,142.83951,0.69681567,0.29970092
40.76000064611435,142.86752,0.69715255,0.29848012
40.76999896764755,142.94751,0.69755673,0.29603857
40.78000110387802,143.05951,0.6980283,0.293597
40.789999425411224,143.2035,0.6985673,0.29115546
40.80000156164169,143.35152,0.69924104,0.28749314
40.809999883174896,143.51552,0.69991475,0.28505158
40.8199982047081,143.6555,0.70052105,0.28138924
40.83000034093857,143.7635,0.70099264,0.28016847
40.83999866247177,143.88351,0.7013295,0.27772692
40.85000079870224,143.9875,0.7015316,0.27772692
40.85999912023544,143.97551,0.7017337,0.27772692
40.87000125646591,143.99551,0.7018685,0.27772692
40.879999577999115,144.01952,0.70200324,0.27772692
40.890001714229584,143.98352,0.70207053,0.27894768
40.90000003576279,143.9795,0.70207053,0.28016847
40.90999835729599,144.0155,0.70213795,0.28138924
40.92000049352646,144.02351,0.70213795,0.28138924
40.92999881505966,143.99551,0.7022053,0.28261003
40.94000095129013,143.9515,0.7022053,0.2838308
40.949999272823334,143.9515,0.7022053,0.28505158
40.9600014090538,143.94751,0.7022727,0.28627235
40.969999730587006,143.94351,0.7024074,0.28627235
40.980001866817474,143.97551,0.7024074,0.28749314
40.99000018835068,143.9595,0.70247483,0.28749314
40.99999850988388,143.94351,0.7025422,0.2887139
41.01000064611435,143.94751,0.7026769,0.2887139
41.01999896764755,143.97551,0.7027443,0.2899347
41.03000110387802,144.01952,0.7029464,0.2899347
41.039999425411224,144.00351,0.7031485,0.2899347
41.05000156164169,144.05551,0.703418,0.28749314
41.059999883174896,144.16351,0.70375484,0.28749314
41.0699982047081,144.2155,0.7040244,0.28627235
41.08000034093857,144.2875,0.7043612,0.28505158
41.08999866247177,144.3995,0.7046981,0.2838308
41.10000079870224,144.44751,0.7050349,0.28261003
41.10999912023544,144.48752,0.7054391,0.28138924
41.12000125646591,144.57951,0.705776,0.28016847
41.129999577999115,144.6755,0.70611286,0.27894768
41.140001714229584,144.7595,0.70651704,0.27772692
41.15000003576279,144.8515,0.70685387,0.27650613
41.15999835729599,144.9275,0.7071234,0.27528536
41.17000049352646,144.9675,0.7073929,0.27406457
41.17999881505966,144.9795,0.7074602,0.27528536
41.19000095129013,144.9555,0.7075276,0.27650613
41.199999272823334,144.9955,0.707595,0.27650613
41.2100014090538,144.9835,0.70766234,0.27772692
41.219999730587006,144.9595,0.70772976,0.27772692
41.230001866817474,144.97551,0.70772976,0.27894768
41.24000018835068,144.94751,0.70772976,0.28016847
41.24999850988388,144.92351,0.7077971,0.28138924
41.26000064611435,144.93951,0.7077971,0.28138924
41.26999896764755,144.9275,0.7077971,0.2838308
41.28000110387802,144.8995,0.7077971,0.2838308
41.289999425411224,144.8515,0.7077971,0.28627235
41.30000156164169,144.83551,0.7078645,0.28627235
41.309999883174896,144.85551,0.7078645,0.28749314
41.3199982047081,144.86351,0.7079318,0.28749314
41.33000034093857,144.8715,0.70799917,0.2887139
41.33999866247177,144.86751,0.70799917,0.2899347
41.35000079870224,144.8275,0.7080666,0.2899347
41.35999912023544,144.7875,0.70813394,0.29115546
41.37000125646591,144.8275,0.70820135,0.29115546
41.379999577999115,144.8435,0.7082687,0.29237625
41.390001714229584,144.83951,0.7082687,0.293597
41.40000003576279,144.8195,0.70833606,0.2948178
41.40999835729599,144.8235,0.70833606,0.29603857
41.42000049352646,144.7955,0.70840347,0.29603857
41.42999881505966,144.7875,0.70840347,0.29725936
41.44000095129013,144.7595,0.70847076,0.29848012
41.449999272823334,144.78351,0.70847076,0.29970092
41.4600014090538,144.77551,0.70847076,0.30092168
41.469999730587006,144.74751,0.7085382,0.30092168
41.480001866817474,144.80751,0.7086055,0.30214247
41.49000018835068,144.8155,0.7087403,0.30214247
41.49999850988388,144.81151,0.70887506,0.30336323
41.51000064611435,144.7875,0.7089424,0.30336323
41.51999896764755,144.80351,0.7090771,0.30336323
41.53000110387802,144.8475,0.70927924,0.30336323
41.539999425411224,144.88751,0.7095487,0.30214247
41.55000156164169,144.9595,0.70981824,0.30214247
41.559999883174896,145.0435,0.71008766,0.30092168
41.5699982047081,145.0915,0.7103572,0.29970092
41.58000034093857,145.1555,0.710694,0.29848012
41.58999866247177,145.22751,0.7110309,0.29725936
41.60000079870224,145.3155,0.71143514,0.29603857
41.60999912023544,145.4075,0.7118393,0.2948178
41.62000125646591,145.5155,0.71217614,0.293597
41.629999577999115,145.61151,0.71258044,0.29115546
41.640001714229584,145.6595,0.71305203,0.2899347
41.65000003576279,145.7515,0.7134562,0.2887139
41.65999835729599,145.8795,0.7137257,0.28749314
41.67000049352646,145.9115,0.7139278,0.28749314
41.67999881505966,145.9315,0.7140626,0.28749314
41.69000095129013,145.9275,0.71413,0.28749314
41.699999272823334,145.9395,0.71413,0.2887139
41.7100014090538,145.8835,0.71413,0.2899347
41.719999730587006,145.8835,0.71413,0.29115546
41.730001866817474,145.8995,0.71413,0.29237625
41.74000018835068,145.8835,0.71413,0.293597
41.74999850988388,145.83951,0.71413,0.2948178
41.76000064611435,145.8235,0.71419734,0.29603857
41.76999896764755,145.7955,0.71419734,0.29603857
41.78000110387802,145.8035,0.71419734,0.29725936
41.789999425411224,145.7875,0.71419734,0.29848012
41.80000156164169,145.78351,0.7142647,0.29970092
41.809999883174896,145.8035,0.71433204,0.29970092
41.8199982047081,145.7915,0.7143994,0.30092168
41.83000034093857,145.7795,0.71453416,0.30092168
41.83999866247177,145.8235,0.7146689,0.30092168
41.85000079870224,145.8275,0.714871,0.30092168
41.85999912023544,145.8315,0.7149384,0.30214247
41.87000125646591,145.8595,0.71500576,0.30214247
41.879999577999115,145.9075,0.7152079,0.30214247
41.890001714229584,145.9075,0.7153426,0.30214247
41.90000003576279,145.91951,0.71547735,0.30336323
41.90999835729599,145.9595,0.71554476,0.30336323
41.92000049352646,145.94751,0.7157469,0.30336323
41.92999881505966,145.9875,0.71594894,0.30336323
41.94000095129013,146.0395,0.7162185,0.30214247
41.949999272823334,146.11551,0.71642053,0.30214247
41.9600014090538,146.1275,0.71662265,0.30092168
41.969999730587006,146.1635,0.7168922,0.30092168
41.980001866817474,146.2555,0.71709424,0.30092168
41.99000018835068,146.2835,0.7173638,0.29970092
41.99999850988388,146.3555,0.7177006,0.29848012
42.01000064611435,146.4035,0.7179701,0.29848012
42.01999896764755,146.50749,0.7183743,0.29725936
42.03000110387802,146.5795,0.71871114,0.29603857
42.039999425411224,146.6435,0.7191154,0.293597
42.05000156164169,146.7435,0.7193175,0.293597
42.059999883174896,146.75949,0.71945226,0.293597
42.0699982047081,146.7755,0.7195196,0.2948178
42.08000034093857,146.7715,0.71958697,0.2948178
42.08999866247177,146.7755,0.7196543,0.29603857
42.10000079870224,146.7395,0.7196543,0.29725936
42.10999912023544,146.7155,0.71972173,0.29725936
42.12000125646591,146.7395,0.7197891,0.29848012
42.129999577999115,146.7395,0.7197891,0.29970092
42.140001714229584,146.7115,0.7197891,0.30092168
42.15000003576279,146.7315,0.71985644,0.30092168
42.15999835729599,146.7115,0.71985644,0.30214247
42.17000049352646,146.67949,0.71985644,0.30336323
42.17999881505966,146.6395,0.71992385,0.30458403
42.19000095129013,146.6475,0.71992385,0.3058048
42.199999272823334,146.67949,0.71992385,0.30702558
42.2100014090538,146.6435,0.71992385,0.30702558
42.219999730587006,146.6155,0.7199912,0.30824634
42.230001866817474,146.6395,0.7199912,0.30946714
42.24000018835068,146.6275,0.7199912,0.3106879
42.24999850988388,146.5795,0.7200586,0.3119087
42.26000064611435,146.5915,0.7201933,0.3119087
42.26999896764755,146.6235,0.7202607,0.3119087
42.28000110387802,146.6315,0.72032803,0.31312945
42.289999425411224,146.5875,0.72032803,0.31435025
42.30000156164169,146.5955,0.72039545,0.31435025
42.309999883174896,146.61151,0.72039545,0.315571
42.3199982047081,146.58351,0.7204628,0.3167918
42.33000034093857,146.6035,0.7205302,0.3167918
42.33999866247177,146.5955,0.7205302,0.31801257
42.35000079870224,146.5755,0.72059757,0.31923336
42.35999912023544,146.56349,0.72059757,0.32045412
42.37000125646591,146.5875,0.72066486,0.3216749
42.379999577999115,146.5915,0.72066486,0.3216749
42.390001714229584,146.5595,0.7207323,0.32289568
42.40000003576279,146.5435,0.7207996,0.32289568
42.40999835729599,146.5795,0.7209344,0.32411647
42.42000049352646,146.5915,0.7210018,0.32411647
42.42999881505966,146.5995,0.7211365,0.32533723
42.44000095129013,146.61151,0.72120386,0.32533723
42.449999272823334,146.6355,0.7213386,0.32533723
42.4600014090538,146.6515,0.721406,0.32655802
42.469999730587006,146.6755,0.7216081,0.32655802
42.480001866817474,146.7635,0.7219449,0.32533723
42.49000018835068,146.8595,0.72248393,0.3216749
42.49999850988388,146.9875,0.72315764,0.31923336
42.51000064611435,147.1515,0.7238313,0.315571
42.51999896764755,147.3075,0.724505,0.3119087
42.53000110387802,147.4835,0.72524613,0.30702558
42.539999425411224,147.6635,0.72605455,0.30336323
42.55000156164169,147.8795,0.7266609,0.30092168
42.559999883174896,147.9915,0.726863,0.29970092
42.5699982047081,147.9635,0.726863,0.30092168
42.58000034093857,147.9395,0.726863,0.30214247
42.58999866247177,147.9075,0.726863,0.30336323
42.60000079870224,147.8955,0.726863,0.30458403
42.60999912023544,147.8835,0.726863,0.3058048
42.62000125646591,147.8835,0.726863,0.30702558
42.629999577999115,147.8795,0.726863,0.30824634
42.640001714229584,147.8435,0.726863,0.30946714
42.65000003576279,147.8035,0.72693044,0.30946714
42.65999835729599,147.8075,0.72693044,0.3119087
42.67000049352646,147.81549,0.72699773,0.3119087
42.67999881505966,147.81549,0.7270651,0.3119087
42.69000095129013,147.8195,0.72719985,0.31312945
42.699999272823334,147.8675,0.72740203,0.3119087
42.7100014090538,147.8675,0.7276041,0.3119087
42.719999730587006,147.8955,0.72773886,0.3119087
42.730001866817474,147.9635,0.7278736,0.31312945
42.74000018835068,147.9715,0.7280757,0.3119087
42.74999850988388,148.01949,0.72841257,0.3119087
42.76000064611435,148.1075,0.7290189,0.30824634
42.76999896764755,148.3235,0.7298947,0.30336323
42.78000110387802,148.60349,0.7311074,0.29603857
42.789999425411224,148.95149,0.7326569,0.28749314
42.80000156164169,149.3635,0.7340043,0.27894768
42.809999883174896,149.63148,0.7349475,0.27406457
42.8199982047081,149.79149,0.73568857,0.26918146
42.83000034093857,149.94348,0.7362276,0.2667399
42.83999866247177,150.06749,0.7368339,0.26429835
42.85000079870224,150.2555,0.73757493,0.25941524
42.85999912023544,150.43948,0.7384508,0.25453213
42.87000125646591,150.68349,0.73925924,0.24964903
42.879999577999115,150.78749,0.7396635,0.24842826
42.890001714229584,150.78749,0.7396635,0.24964903
42.90000003576279,150.76349,0.73973083,0.2508698
42.90999835729599,150.76349,0.73973083,0.2508698
42.92000049352646,150.71149,0.73973083,0.25209057
42.92999881505966,150.66348,0.73973083,0.25331137
42.94000095129013,150.67549,0.73973083,0.25453213
42.949999272823334,150.66348,0.73973083,0.25575292
42.9600014090538,150.6155,0.73973083,0.25697368
42.969999730587006,150.58348,0.73973083,0.25819448
42.980001866817474,150.59549,0.73973083,0.25941524
42.99000018835068,150.54749,0.73973083,0.26063603
42.99999850988388,150.49149,0.73973083,0.2618568
43.01000064611435,150.4715,0.73973083,0.2630776
43.01999896764755,150.48749,0.73973083,0.26429835
43.03000110387802,150.48349,0.73973083,0.26551914
43.039999425411224,150.4435,0.73973083,0.2667399
43.05000156164169,150.39949,0.73973083,0.2679607
43.059999883174896,150.35948,0.73973083,0.2679607
43.0699982047081,150.32349,0.73973083,0.27040225
43.08000034093857,150.35149,0.73973083,0.27040225
43.08999866247177,150.34749,0.73973083,0.27162302
43.10000079870224,150.3075,0.73973083,0.2728438
43.10999912023544,150.27948,0.73973083,0.27406457
43.12000125646591,150.27548,0.73973083,0.27528536
43.129999577999115,150.24348,0.73973083,0.27650613
43.140001714229584,150.2195,0.73973083,0.27772692
43.15000003576279,150.20749,0.73973083,0.27894768
43.15999835729599,150.2195,0.7397982,0.28016847
43.17000049352646,150.1715,0.7397982,0.28138924
43.17999881505966,150.14749,0.7397982,0.28138924
43.19000095129013,150.15149,0.7397982,0.2838308
43.199999272823334,150.14348,0.7397982,0.2838308
43.2100014090538,150.1115,0.73986554,0.28505158
43.219999730587006,150.09149,0.73986554,0.28627235
43.230001866817474,150.09149,0.73986554,0.28749314
43.24000018835068,150.06349,0.73986554,0.2887139
43.24999850988388,150.02348,0.73986554,0.2899347
43.26000064611435,150.04349,0.73986554,0.29115546
43.26999896764755,150.04349,0.73986554,0.29115546
43.28000110387802,150.0315,0.73986554,0.293597
43.289999425411224,149.98349,0.73986554,0.293597
43.30000156164169,149.9955,0.73986554,0.29603857
43.309999883174896,149.95149,0.73986554,0.29603857
43.3199982047081,149.94348,0.73993295,0.29725936
43.33000034093857,149.95549,0.7400003,0.29725936
43.33999866247177,149.95149,0.7400003,0.29970092
43.35000079870224,149.90749,0.7400003,0.29970092
43.35999912023544,149.90749,0.7400003,0.30092168
43.37000125646591,149.90749,0.7400003,0.30214247
43.379999577999115,149.90749,0.7400677,0.30336323
43.390001714229584,149.89148,0.7401351,0.30336323
43.40000003576279,149.87949,0.7401351,0.3058048
43.40999835729599,149.88348,0.7402698,0.3058048
43.42000049352646,149.90349,0.74040455,0.3058048
43.42999881505966,149.9235,0.7404719,0.3058048
43.44000095129013,149.95549,0.74060667,0.3058048
43.449999272823334,149.98749,0.74087614,0.3058048
43.4600014090538,150.00749,0.7411456,0.30458403
43.469999730587006,150.06749,0.74148244,0.30336323
43.480001866817474,150.19548,0.741954,0.30092168
43.49000018835068,150.34749,0.7425604,0.29848012
43.49999850988388,150.53949,0.7434362,0.293597
43.51000064611435,150.79549,0.7445141,0.28749314
43.51999896764755,151.07149,0.74559206,0.28138924
43.53000110387802,151.23148,0.74613106,0.27894768
43.539999425411224,151.28749,0.7461984,0.27894768
43.55000156164169,151.31549,0.7461984,0.28016847
43.559999883174896,151.3075,0.7461984,0.28138924
43.5699982047081,151.24748,0.7461984,0.28261003
43.58000034093857,151.23148,0.7461984,0.2838308
43.58999866247177,151.20749,0.7461984,0.28505158
43.60000079870224,151.17549,0.7461984,0.28627235
43.60999912023544,151.17949,0.7461984,0.28749314
43.62000125646591,151.17549,0.7461984,0.2887139
43.629999577999115,151.15948,0.7461984,0.2899347
43.640001714229584,151.08748,0.74626577,0.2899347
43.65000003576279,151.08748,0.74626577,0.29115546
43.65999835729599,151.07948,0.74626577,0.29237625
43.67000049352646,151.07149,0.7463332,0.293597
43.67999881505966,151.08748,0.7463332,0.2948178
43.69000095129013,151.07549,0.7463332,0.29603857
43.699999272823334,151.03949,0.74640054,0.29603857
43.7100014090538,150.99548,0.74640054,0.29725936
43.719999730587006,150.99149,0.74646795,0.29848012
43.730001866817474,151.02748,0.74646795,0.29970092
43.74000018835068,151.01549,0.7465353,0.29970092
43.74999850988388,150.99948,0.7465353,0.30092168
43.76000064611435,150.99149,0.7466026,0.30214247
43.76999896764755,150.99548,0.74667,0.30214247
43.78000110387802,150.99548,0.74673736,0.30336323
43.789999425411224,150.98749,0.7468048,0.30336323
43.80000156164169,151.01549,0.74693954,0.30458403
43.809999883174896,151.00748,0.7471416,0.30336323
43.8199982047081,151.05948,0.74741113,0.30336323
43.83000034093857,151.1995,0.7478153,0.30092168
43.83999866247177,151.30348,0.74835426,0.29848012
43.85000079870224,151.43948,0.749028,0.29603857
43.85999912023544,151.63948,0.7499038,0.29115546
43.87000125646591,151.85149,0.7507797,0.28627235
43.879999577999115,152.03947,0.7515207,0.28138924
43.890001714229584,152.11148,0.7517228,0.28138924
43.90000003576279,152.17548,0.7517228,0.28261003
43.90999835729599,152.18748,0.7517902,0.2838308
43.92000049352646,152.16748,0.7517902,0.2838308
43.92999881505966,152.10748,0.7517902,0.28627235
43.94000095129013,152.10349,0.7518576,0.28627235
43.949999272823334,152.08748,0.7518576,0.28749314
43.9600014090538,152.05148,0.7518576,0.2887139
43.969999730587006,152.07149,0.7518576,0.2899347
43.980001866817474,152.05948,0.7518576,0.29115546
43.99000018835068,151.99948,0.7518576,0.29237625
43.99999850988388,151.97948,0.7518576,0.293597
44.01000064611435,151.98349,0.75192493,0.293597
44.01999896764755,151.99149,0.75192493,0.2948178
44.03000110387802,151.98747,0.7519923,0.29603857
44.039999425411224,151.95148,0.7520597,0.29603857
44.05000156164169,151.92348,0.7520597,0.29725936
44.059999883174896,151.91148,0.7520597,0.29848012
44.0699982047081,151.90749,0.7520597,0.29970092
44.08000034093857,151.94748,0.7520597,0.30092168
44.08999866247177,151.92749,0.7520597,0.30214247
44.10000079870224,151.87949,0.7520597,0.30336323
44.10999912023544,151.84348,0.7520597,0.30458403
44.12000125646591,151.83148,0.75212705,0.3058048
44.129999577999115,151.82349,0.75212705,0.3058048
44.140001714229584,151.81949,0.75212705,0.30702558
44.15000003576279,151.84749,0.75212705,0.30824634
44.15999835729599,151.83548,0.7521944,0.30946714
44.17000049352646,151.7835,0.7521944,0.3106879
44.17999881505966,151.76347,0.7521944,0.3119087
44.19000095129013,151.78748,0.7522618,0.3119087
44.199999272823334,151.79549,0.7523292,0.31312945
44.2100014090538,151.73949,0.7523292,0.31435025
44.219999730587006,151.76347,0.7523966,0.31435025
44.230001866817474,151.76347,0.7524639,0.315571
44.24000018835068,151.76347,0.7524639,0.3167918
44.24999850988388,151.77148,0.75253123,0.3167918
44.26000064611435,151.75949,0.75259864,0.31801257
44.26999896764755,151.76347,0.752666,0.31923336
44.28000110387802,151.77148,0.75280076,0.31923336
44.289999425411224,151.78748,0.7529355,0.31923336
44.30000156164169,151.85149,0.753205,0.31923336
44.309999883174896,151.90349,0.7534745,0.31801257
44.3199982047081,151.99149,0.7538787,0.315571
44.33000034093857,152.11548,0.7544851,0.31312945
44.33999866247177,152.28348,0.7552261,0.30946714
44.35000079870224,152.47948,0.75616926,0.30458403
44.35999912023544,152.74748,0.75717986,0.29725936
44.37000125646591,152.97948,0.7580557,0.293597
44.379999577999115,153.15149,0.7584599,0.29115546
44.390001714229584,153.16348,0.75859463,0.29115546
44.40000003576279,153.17949,0.75859463,0.29237625
44.40999835729599,153.17548,0.75859463,0.293597
44.42000049352646,153.13147,0.75859463,0.2948178
44.42999881505966,153.12347,0.75859463,0.29603857
44.44000095129013,153.13147,0.75866205,0.29725936
44.449999272823334,153.08348,0.75866205,0.29725936
44.4600014090538,153.03148,0.75866205,0.29970092
44.469999730587006,153.04349,0.7587294,0.29970092
44.480001866817474,153.05548,0.7587294,0.30092168
44.49000018835068,153.04747,0.7587294,0.30214247
44.49999850988388,153.03148,0.7587294,0.30336323
44.51000064611435,153.00748,0.75879675,0.30336323
44.51999896764755,152.96748,0.75879675,0.3058048
44.53000110387802,152.96349,0.75893146,0.3058048
44.539999425411224,153.00348,0.75913364,0.3058048
44.55000156164169,153.08748,0.7593357,0.30458403
44.559999883174896,153.10347,0.7596052,0.30458403
44.5699982047081,153.15149,0.75987464,0.30336323
44.58000034093857,153.24348,0.76027894,0.30214247
44.58999866247177,153.32349,0.76075053,0.29970092
44.60000079870224,153.43149,0.7613569,0.29725936
44.60999912023544,153.61948,0.7619631,0.293597
44.62000125646591,153.78348,0.7626369,0.2899347
44.629999577999115,153.94348,0.7633106,0.28627235
44.640001714229584,154.09148,0.76391697,0.2838308
44.65000003576279,154.20747,0.76432115,0.28138924
44.65999835729599,154.28748,0.764658,0.28016847
44.67000049352646,154.29947,0.7648601,0.28016847
44.67999881505966,154.33148,0.76499486,0.28138924
44.69000095129013,154.33148,0.7650623,0.28138924
44.699999272823334,154.32747,0.7651296,0.28138924
44.7100014090538,154.32747,0.765197,0.28261003
44.719999730587006,154.34747,0.7653317,0.28261003
44.730001866817474,154.37547,0.76546645,0.2838308
44.74000018835068,154.33948,0.7656012,0.2838308
44.74999850988388,154.36346,0.7658033,0.2838308
44.76000064611435,154.42348,0.76614016,0.28261003
44.76999896764755,154.49947,0.7665444,0.28016847
44.78000110387802,154.59947,0.767016,0.27894768
44.789999425411224,154.73947,0.76755494,0.27650613
44.80000156164169,154.87947,0.76809394,0.2728438
44.809999883174896,154.97546,0.7686329,0.27040225
44.8199982047081,155.06747,0.7691045,0.26918146
44.83000034093857,155.18347,0.76937395,0.2679607
44.83999866247177,155.19946,0.7695761,0.2679607
44.85000079870224,155.20348,0.7695761,0.2679607
44.85999912023544,155.17947,0.7696434,0.26918146
44.87000125646591,155.14348,0.7696434,0.27040225
44.879999577999115,155.14348,0.7696434,0.27162302
44.890001714229584,155.10747,0.7696434,0.2728438
44.90000003576279,155.13147,0.7696434,0.27406457
44.90999835729599,155.09947,0.7696434,0.27528536
44.92000049352646,155.03148,0.7696434,0.27650613
44.92999881505966,155.00748,0.7696434,0.27772692
44.94000095129013,154.99147,0.7696434,0.27894768
44.949999272823334,154.98747,0.7696434,0.28016847
44.9600014090538,154.97546,0.7696434,0.28138924
44.969999730587006,154.97546,0.7696434,0.28138924
44.980001866817474,154.93147,0.7696434,0.28261003
44.99000018835068,154.87547,0.7696434,0.2838308
44.99999850988388,154.87148,0.7696434,0.28505158
45.01000064611435,154.87947,0.7696434,0.28627235
45.01999896764755,154.85147,0.7696434,0.28749314
45.03000110387802,154.84747,0.7696434,0.2887139
45.039999425411224,154.83147,0.7696434,0.2899347
45.05000156164169,154.81148,0.7696434,0.29115546
45.059999883174896,154.75148,0.7696434,0.29237625
45.0699982047081,154.74347,0.7696434,0.293597
45.08000034093857,154.74747,0.7696434,0.2948178
45.08999866247177,154.71147,0.7696434,0.29603857
45.10000079870224,154.69148,0.7696434,0.29725936
45.10999912023544,154.70747,0.7696434,0.29848012
45.12000125646591,154.67148,0.7696434,0.29970092
45.129999577999115,154.66348,0.76971084,0.29970092
45.140001714229584,154.63548,0.76971084,0.30092168
45.15000003576279,154.63947,0.7697782,0.30214247
45.15999835729599,154.59947,0.7697782,0.30336323
45.17000049352646,154.54347,0.7697782,0.30336323
45.17999881505966,154.59148,0.7698456,0.30458403
45.19000095129013,154.63147,0.7699129,0.3058048
45.199999272823334,154.61948,0.7699129,0.30702558
45.2100014090538,154.58348,0.76998025,0.30702558
45.219999730587006,154.59148,0.770115,0.30702558
45.230001866817474,154.58746,0.7702498,0.30702558
45.24000018835068,154.58746,0.7703172,0.30824634
45.24999850988388,154.63947,0.77045184,0.30824634
45.26000064611435,154.67947,0.7705866,0.30946714
45.26999896764755,154.67548,0.7707214,0.30946714
45.28000110387802,154.66348,0.77085614,0.30946714
45.289999425411224,154.67947,0.77085614,0.3106879
45.30000156164169,154.69148,0.7709235,0.3119087
45.309999883174896,154.67148,0.7711256,0.3106879
45.3199982047081,154.74747,0.7712603,0.3119087
45.33000034093857,154.76347,0.7714625,0.3119087
45.33999866247177,154.77148,0.77166456,0.3106879
45.35000079870224,154.82347,0.77200145,0.30946714
45.35999912023544,154.97948,0.7725404,0.30702558
45.37000125646591,155.15147,0.77334887,0.30336323
45.379999577999115,155.34747,0.7743594,0.29725936
45.390001714229584,155.61948,0.77543736,0.2899347
45.40000003576279,155.88347,0.7764479,0.2838308
45.40999835729599,156.09547,0.77718896,0.28016847
45.42000049352646,156.19147,0.7775932,0.27894768
45.42999881505966,156.29547,0.77786267,0.27772692
45.44000095129013,156.34747,0.77799743,0.27772692
45.449999272823334,156.31947,0.77813214,0.27894768
45.4600014090538,156.31947,0.7782669,0.27894768
45.469999730587006,156.32347,0.77846897,0.27894768
45.480001866817474,156.39146,0.7787385,0.27772692
45.49000018835068,156.43547,0.7790753,0.27772692
45.49999850988388,156.54347,0.7794122,0.27528536
45.51000064611435,156.63947,0.7798838,0.27406457
45.51999896764755,156.71947,0.7803554,0.27162302
45.53000110387802,156.76346,0.78062487,0.27040225
45.539999425411224,156.84746,0.7808944,0.27040225
45.55000156164169,156.86748,0.78109646,0.26918146
45.559999883174896,156.86748,0.7811638,0.27040225
45.5699982047081,156.90747,0.7812312,0.27040225
45.58000034093857,156.89146,0.7812986,0.27162302
45.58999866247177,156.86346,0.7812986,0.2728438
45.60000079870224,156.84746,0.781366,0.27406457
45.60999912023544,156.83946,0.781366,0.27406457
45.62000125646591,156.81146,0.78143334,0.27528536
45.629999577999115,156.77946,0.78143334,0.27650613
45.640001714229584,156.77946,0.78156805,0.27650613
45.65000003576279,156.83147,0.7816354,0.27772692
45.65999835729599,156.81146,0.78177017,0.27772692
45.67000049352646,156.79146,0.78177017,0.27894768
45.67999881505966,156.79947,0.7818376,0.28016847
45.69000095129013,156.77946,0.7818376,0.28016847
45.699999272823334,156.75948,0.7818376,0.28138924
45.7100014090538,156.73547,0.7818376,0.28261003
45.719999730587006,156.73547,0.78190494,0.2838308
45.730001866817474,156.71146,0.78190494,0.28505158
45.74000018835068,156.68747,0.7819723,0.28505158
45.74999850988388,156.68747,0.7819723,0.28627235
45.76000064611435,156.65547,0.7819723,0.28749314
45.76999896764755,156.62747,0.7819723,0.2887139
45.78000110387802,156.61946,0.7819723,0.2899347
45.789999425411224,156.61546,0.7819723,0.29115546
45.80000156164169,156.57947,0.7819723,0.29237625
45.809999883174896,156.54347,0.7820397,0.293597
45.8199982047081,156.56346,0.7820397,0.293597
45.83000034093857,156.55946,0.7820397,0.29603857
45.83999866247177,156.53146,0.7820397,0.29603857
45.85000079870224,156.51947,0.7820397,0.29725936
45.85999912023544,156.47147,0.7820397,0.29848012
45.87000125646591,156.43947,0.7820397,0.29970092
45.879999577999115,156.39948,0.7820397,0.30092168
45.890001714229584,156.41946,0.7820397,0.30214247
45.90000003576279,156.42346,0.7820397,0.30336323
45.90999835729599,156.41147,0.7820397,0.30458403
45.92000049352646,156.36746,0.7820397,0.3058048
45.92999881505966,156.36746,0.782107,0.3058048
45.94000095129013,156.32747,0.7821744,0.30702558
45.949999272823334,156.32347,0.7821744,0.30824634
45.9600014090538,156.35547,0.78224176,0.30946714
45.969999730587006,156.35547,0.7823091,0.30946714
45.980001866817474,156.33946,0.7823765,0.3106879
45.99000018835068,156.32747,0.7824439,0.3119087
45.99999850988388,156.35947,0.7825113,0.3119087
46.01000064611435,156.35147,0.78257865,0.3119087
46.01999896764755,156.32747,0.782646,0.31312945
46.03000110387802,156.34747,0.7827807,0.31312945
46.039999425411224,156.37547,0.7829155,0.31312945
46.05000156164169,156.40747,0.78318495,0.31312945
46.059999883174896,156.41147,0.7833197,0.31312945
46.0699982047081,156.49947,0.78352183,0.31312945
46.08000034093857,156.53146,0.7837239,0.31312945
46.08999866247177,156.55147,0.78392607,0.3119087
46.10000079870224,156.56746,0.7841282,0.3119087
46.10999912023544,156.59146,0.7842629,0.3119087
46.12000125646591,156.64746,0.78453237,0.3119087
46.129999577999115,156.69946,0.7848692,0.3106879
46.140001714229584,156.80746,0.7853408,0.30824634
46.15000003576279,156.93947,0.78601456,0.3058048
46.15999835729599,157.08746,0.78668827,0.30092168
46.17000049352646,157.25146,0.787362,0.29725936
46.17999881505966,157.45546,0.7879683,0.2948178
46.19000095129013,157.52745,0.78830516,0.293597
46.199999272823334,157.54347,0.7884399,0.293597
46.2100014090538,157.54747,0.7884399,0.2948178
46.219999730587006,157.52347,0.7884399,0.29603857
46.230001866817474,157.49547,0.7885072,0.29725936
46.24000018835068,157.50346,0.7885072,0.29725936
46.24999850988388,157.52347,0.7885072,0.29970092
46.26000064611435,157.50346,0.788642,0.29970092
46.26999896764755,157.46347,0.788642,0.30092168
46.28000110387802,157.41945,0.788642,0.30092168
46.289999425411224,157.41147,0.78870934,0.30214247
46.30000156164169,157.41547,0.78877676,0.30336323
46.309999883174896,157.43146,0.7888441,0.30336323
46.3199982047081,157.47546,0.7889789,0.30336323
46.33000034093857,157.46747,0.7891136,0.30336323
46.33999866247177,157.43146,0.78924835,0.30458403
46.35000079870224,157.45146,0.7893831,0.30458403
46.35999912023544,157.48346,0.78945047,0.3058048
46.37000125646591,157.46747,0.78945047,0.3058048
46.379999577999115,157.44347,0.7895178,0.30702558
46.390001714229584,157.45546,0.7895852,0.30702558
46.40000003576279,157.47546,0.78971994,0.30824634
46.40999835729599,157.45946,0.7898547,0.30824634
46.42000049352646,157.45946,0.78992206,0.30946714
46.42999881505966,157.51146,0.79005677,0.30946714
46.44000095129013,157.53946,0.7903263,0.30824634
46.449999272823334,157.55946,0.7906631,0.30702558
46.4600014090538,157.66345,0.79106736,0.3058048
46.469999730587006,157.75546,0.79153895,0.30336323
46.480001866817474,157.87946,0.7920779,0.30092168
46.49000018835068,158.00746,0.79268426,0.29725936
46.49999850988388,158.19946,0.7933579,0.2948178
46.51000064611435,158.31146,0.79396427,0.29115546
46.51999896764755,158.43546,0.7945706,0.28749314
46.53000110387802,158.54346,0.79497486,0.28749314
46.539999425411224,158.59146,0.7950422,0.28749314
46.55000156164169,158.58347,0.7950422,0.2887139
46.559999883174896,158.55946,0.79510957,0.2887139
46.5699982047081,158.57545,0.795177,0.2899347
46.58000034093857,158.55547,0.79524434,0.2899347
46.58999866247177,158.49947,0.79524434,0.29115546
46.60000079870224,158.50346,0.79524434,0.29237625
46.60999912023544,158.48346,0.79524434,0.293597
46.62000125646591,158.45146,0.79524434,0.2948178
46.629999577999115,158.39546,0.79524434,0.29603857
46.640001714229584,158.39546,0.79524434,0.29725936
46.65000003576279,158.40346,0.79524434,0.29848012
46.65999835729599,158.35545,0.79524434,0.29970092
46.67000049352646,158.33546,0.79524434,0.30092168
46.67999881505966,158.30746,0.79531175,0.30092168
46.69000095129013,158.26347,0.79531175,0.30214247
46.699999272823334,158.25946,0.79544646,0.30336323
46.7100014090538,158.29147,0.79558116,0.30336323
46.719999730587006,158.35545,0.79578334,0.30336323
46.730001866817474,158.37148,0.7959854,0.30214247
46.74000018835068,158.36746,0.79612017,0.30336323
46.74999850988388,158.37546,0.79625493,0.30336323
46.76000064611435,158.38747,0.79638964,0.30336323
46.76999896764755,158.40346,0.7966591,0.30214247
46.78000110387802,158.49547,0.79692864,0.30214247
46.789999425411224,158.57545,0.79740024,0.29970092
46.80000156164169,158.70346,0.79814124,0.29603857
46.809999883174896,158.92346,0.79915184,0.2899347
46.8199982047081,159.18745,0.80029714,0.2838308
46.83000034093857,159.49945,0.8015772,0.27650613
46.83999866247177,159.74345,0.80258775,0.27040225
46.85000079870224,159.94745,0.8031941,0.2667399
46.85999912023544,160.07146,0.8036657,0.26551914
46.87000125646591,160.11145,0.8040699,0.2630776
46.879999577999115,160.19145,0.8044741,0.2618568
46.890001714229584,160.25945,0.804811,0.26063603
46.90000003576279,160.32346,0.8051478,0.25819448
46.90999835729599,160.37546,0.8056194,0.25697368
46.92000049352646,160.46346,0.8062258,0.25453213
46.92999881505966,160.64746,0.80696684,0.2508698
46.94000095129013,160.77145,0.80757314,0.2459867
46.949999272823334,160.83145,0.8078427,0.2459867
46.9600014090538,160.87144,0.8078427,0.24720748
46.969999730587006,160.81146,0.80791,0.24842826
46.980001866817474,160.76344,0.80791,0.24842826
46.99000018835068,160.72746,0.80791,0.2508698
46.99999850988388,160.68344,0.80791,0.2508698
47.01000064611435,160.65546,0.80791,0.25209057
47.01999896764755,160.61145,0.80791,0.25331137
47.03000110387802,160.58345,0.80797744,0.25453213
47.039999425411224,160.53545,0.80797744,0.25575292
47.05000156164169,160.49146,0.80797744,0.25697368
47.059999883174896,160.45546,0.80797744,0.25819448
47.0699982047081,160.41145,0.80797744,0.25941524
47.08000034093857,160.37144,0.80797744,0.26063603
47.08999866247177,160.29144,0.80797744,0.26063603
47.10000079870224,160.27946,0.80797744,0.2618568
47.10999912023544,160.25945,0.80797744,0.2630776
47.12000125646591,160.20744,0.80797744,0.26429835
47.129999577999115,160.19545,0.80797744,0.26551914
47.140001714229584,160.15945,0.80797744,0.2667399
47.15000003576279,160.08746,0.80797744,0.2679607
47.15999835729599,160.01146,0.80797744,0.26918146
47.17000049352646,159.97545,0.80797744,0.27040225
47.17999881505966,159.95146,0.80797744,0.27162302
47.19000095129013,159.91545,0.80797744,0.2728438
47.199999272823334,159.85146,0.80797744,0.27406457
47.2100014090538,159.82745,0.80797744,0.27528536
47.219999730587006,159.77145,0.80797744,0.27650613
47.230001866817474,159.68346,0.80797744,0.27772692
47.24000018835068,159.64346,0.80797744,0.27894768
47.24999850988388,159.60745,0.80797744,0.28016847
47.26000064611435,159.55545,0.80797744,0.28138924
47.26999896764755,159.43945,0.80797744,0.28138924
47.28000110387802,159.37146,0.8080448,0.28261003
47.289999425411224,159.28746,0.8080448,0.2838308
47.30000156164169,159.16747,0.8080448,0.28505158
47.309999883174896,159.04346,0.8080448,0.28627235
47.3199982047081,158.93546,0.8080448,0.28749314
47.33000034093857,158.77545,0.8080448,0.2887139
47.33999866247177,158.57146,0.8080448,0.2899347
47.35000079870224,158.38747,0.8080448,0.29115546
47.35999912023544,158.13545,0.8080448,0.29115546
47.37000125646591,157.78748,0.8080448,0.293597
47.379999577999115,157.17947,0.80811214,0.293597
47.390001714229584,96.81167,0.80811214,0.2948178
47.40000003576279,70.65976,0.8081795,0.29603857
47.40999835729599,69.747765,0.80824685,0.29603857
47.42000049352646,69.623764,0.8083816,0.29603857
47.42999881505966,69.39177,0.80844903,0.29725936
47.44000095129013,69.107765,0.8085164,0.29725936
47.449999272823334,69.359764,0.8085838,0.29848012
47.4600014090538,68.87576,0.8086511,0.29970092
47.469999730587006,69.50376,0.80871844,0.29970092
47.480001866817474,68.90777,0.8088532,0.29970092
47.49000018835068,69.623764,0.808988,0.29970092
47.49999850988388,68.92377,0.80912274,0.30092168
47.51000064611435,69.50776,0.80925745,0.30092168
47.51999896764755,69.07577,0.80945957,0.30092168
47.53000110387802,69.383766,0.80972904,0.29970092
47.539999425411224,69.175766,0.81020063,0.29848012
47.55000156164169,69.33576,0.81080693,0.2948178
47.559999883174896,69.203766,0.81154805,0.29115546
47.5699982047081,69.21177,0.8124239,0.28627235
47.58000034093857,69.259766,0.8134344,0.28016847
47.58999866247177,69.00376,0.81431025,0.27528536
47.60000079870224,69.427765,0.81478184,0.2728438
47.60999912023544,69.13177,0.81484926,0.27406457
47.62000125646591,69.29176,0.81484926,0.27528536
47.629999577999115,69.05977,0.81484926,0.27650613
47.640001714229584,69.35177,0.81484926,0.27772692
47.65000003576279,69.067764,0.81484926,0.27772692
47.65999835729599,69.30776,0.8149166,0.27894768
47.67000049352646,69.05977,0.8149166,0.28016847
47.67999881505966,69.31177,0.8149166,0.28138924
47.69000095129013,69.135765,0.8149166,0.28261003
47.699999272823334,69.27976,0.8149166,0.2838308
47.7100014090538,69.22376,0.8149166,0.28505158
47.719999730587006,69.21177,0.81498396,0.28505158
47.730001866817474,69.21177,0.81498396,0.28627235
47.74000018835068,69.163765,0.81498396,0.28749314
47.74999850988388,69.22776,0.81498396,0.2887139
47.76000064611435,69.10377,0.81498396,0.2899347
47.76999896764755,69.231766,0.8150513,0.29115546
47.78000110387802,69.08776,0.8150513,0.29115546
47.789999425411224,69.259766,0.8150513,0.293597
47.80000156164169,69.067764,0.8150513,0.293597
47.809999883174896,69.231766,0.8150513,0.29603857
47.8199982047081,69.135765,0.8151187,0.29603857
47.83000034093857,69.26376,0.8151861,0.29725936
47.83999866247177,69.14377,0.81525344,0.29725936
47.85000079870224,69.231766,0.81532085,0.29725936
47.85999912023544,69.16776,0.8153882,0.29848012
47.87000125646591,69.16776,0.8155229,0.29848012
47.879999577999115,69.123764,0.8156577,0.29970092
47.890001714229584,69.13976,0.8158598,0.29970092
47.90000003576279,69.21177,0.81606185,0.29848012
47.90999835729599,69.12776,0.81646615,0.29725936
47.92000049352646,69.21577,0.81693774,0.29603857
47.92999881505966,69.13976,0.8174767,0.29237625
47.94000095129013,69.247765,0.81815034,0.2899347
47.949999272823334,69.15977,0.81889147,0.28505158
47.9600014090538,69.26376,0.81976724,0.28016847
47.969999730587006,69.08376,0.8203736,0.27650613
47.980001866817474,69.14377,0.8205757,0.27650613
47.99000018835068,69.123764,0.8206431,0.27772692
47.99999850988388,69.21577,0.8207105,0.27772692
48.01000064611435,69.13976,0.8207105,0.27894768
48.01999896764755,69.14377,0.8207105,0.28016847
48.03000110387802,69.15977,0.8207779,0.28138924
48.039999425411224,69.17177,0.8207779,0.28138924
48.05000156164169,69.151764,0.8207779,0.2838308
48.059999883174896,69.18776,0.8208452,0.2838308
48.0699982047081,69.22376,0.8208452,0.28505158
48.08000034093857,69.15576,0.8208452,0.28627235
48.08999866247177,69.19576,0.8209126,0.28749314
48.10000079870224,69.13976,0.8209126,0.28749314
48.10999912023544,69.19576,0.8209126,0.2899347
48.12000125646591,69.135765,0.82097995,0.2899347
48.129999577999115,69.18376,0.8210473,0.29115546
48.140001714229584,69.13976,0.8211147,0.29115546
48.15000003576279,69.16776,0.8211147,0.29237625
48.15999835729599,69.135765,0.8211821,0.293597
48.17000049352646,69.20776,0.8211821,0.2948178
48.17999881505966,69.17177,0.8211821,0.29603857
48.19000095129013,69.151764,0.8212495,0.29603857
48.199999272823334,69.15977,0.8212495,0.29725936
48.2100014090538,69.15977,0.8212495,0.29848012
48.219999730587006,69.13177,0.82131684,0.29970092
48.230001866817474,69.095764,0.82138413,0.29970092
48.24000018835068,69.16776,0.8215189,0.30092168
48.24999850988388,69.17177,0.8215863,0.30092168
48.26000064611435,69.175766,0.8215863,0.30214247
48.26999896764755,69.147766,0.82165366,0.30214247
48.28000110387802,69.19977,0.8218557,0.30336323
48.289999425411224,69.15576,0.8220579,0.30214247
48.30000156164169,69.15977,0.8223274,0.30092168
48.309999883174896,69.15977,0.82259685,0.30092168
48.3199982047081,69.17177,0.8230011,0.29970092
48.33000034093857,69.14377,0.8234727,0.29725936
48.33999866247177,69.15576,0.824079,0.2948178
48.35000079870224,69.15576,0.82468534,0.29115546
48.35999912023544,69.15977,0.82535905,0.28749314
48.37000125646591,69.14377,0.8259654,0.2838308
48.379999577999115,69.151764,0.826437,0.28261003
48.390001714229584,69.16776,0.82670647,0.28138924
48.40000003576279,69.151764,0.8267738,0.28261003
48.40999835729599,69.175766,0.8267738,0.2838308
48.42000049352646,69.18376,0.82684124,0.2838308
48.42999881505966,69.175766,0.8269086,0.28505158
48.44000095129013,69.11176,0.8269086,0.28627235
48.449999272823334,69.13976,0.82697594,0.28627235
48.4600014090538,69.147766,0.82697594,0.28749314
48.469999730587006,69.17976,0.82697594,0.2887139
48.480001866817474,69.12776,0.82697594,0.2899347
48.49000018835068,69.17177,0.82704335,0.29115546
48.49999850988388,69.191765,0.8271107,0.29115546
48.51000064611435,69.16776,0.8271107,0.29237625
48.51999896764755,69.14377,0.82717806,0.293597
48.53000110387802,69.17976,0.82717806,0.2948178
48.539999425411224,69.163765,0.82717806,0.29603857
48.55000156164169,69.13976,0.82717806,0.29725936
48.559999883174896,69.135765,0.82717806,0.29725936
48.5699982047081,69.147766,0.82717806,0.29970092
48.58000034093857,69.14377,0.8272454,0.29970092
48.58999866247177,69.163765,0.8272454,0.30092168
48.60000079870224,69.18776,0.8272454,0.30214247
48.60999912023544,69.16776,0.8272454,0.30336323
48.62000125646591,69.14377,0.8273128,0.30458403
48.629999577999115,69.123764,0.8273128,0.30458403
48.640001714229584,69.15576,0.82744753,0.3058048
48.65000003576279,69.151764,0.8275823,0.3058048
48.65999835729599,69.15576,0.82778436,0.3058048
48.67000049352646,69.163765,0.82798654,0.30458403
48.67999881505966,69.151764,0.82825595,0.30458403
48.69000095129013,69.11176,0.82845813,0.30336323
48.699999272823334,69.135765,0.8287276,0.30336323
48.7100014090538,69.17177,0.82913184,0.30214247
48.719999730587006,69.163765,0.82946867,0.30092168
48.730001866817474,69.163765,0.8298729,0.29848012
48.74000018835068,69.17177,0.83027714,0.29725936
48.74999850988388,69.17976,0.8306814,0.29603857
48.76000064611435,69.135765,0.8310182,0.2948178
48.76999896764755,69.12776,0.8313551,0.293597
48.78000110387802,69.147766,0.8318267,0.29115546
48.789999425411224,69.14377,0.83236563,0.2887139
48.80000156164169,69.13177,0.8329046,0.28627235
48.809999883174896,69.135765,0.83324146,0.28505158
48.8199982047081,69.147766,0.8335109,0.2838308
48.83000034093857,69.16776,0.833713,0.2838308
48.83999866247177,69.151764,0.8339152,0.2838308
48.85000079870224,69.19977,0.8340499,0.2838308
48.85999912023544,69.135765,0.8341846,0.2838308
48.87000125646591,69.11576,0.83431935,0.2838308
48.879999577999115,69.163765,0.8344541,0.2838308
48.890001714229584,69.175766,0.8345888,0.28505158
48.90000003576279,69.135765,0.83479095,0.2838308
48.90999835729599,69.135765,0.8350605,0.2838308
48.92000049352646,69.16776,0.8353973,0.28261003
48.92999881505966,69.15977,0.8358689,0.28016847
48.94000095129013,69.15576,0.8363405,0.27772692
48.949999272823334,69.15977,0.8370142,0.27528536
48.9600014090538,69.18376,0.83762056,0.27162302
48.969999730587006,69.151764,0.8382269,0.26918146
48.980001866817474,69.11176,0.8386311,0.2667399
48.99000018835068,69.135765,0.8389679,0.26551914
48.99999850988388,69.17177,0.8391701,0.26551914
49.01000064611435,69.14377,0.8393048,0.26551914
49.01999896764755,69.13976,0.83937216,0.2667399
49.03000110387802,69.14377,0.83937216,0.2679607
49.039999425411224,69.11176,0.83937216,0.26918146
49.05000156164169,69.13976,0.8394395,0.26918146
49.059999883174896,69.17976,0.8395069,0.27040225
49.0699982047081,69.17976,0.8395069,0.27162302
49.08000034093857,69.16776,0.8395743,0.27162302
49.08999866247177,69.14377,0.83970904,0.27162302
49.10000079870224,69.135765,0.83970904,0.27406457
49.10999912023544,69.11977,0.8397764,0.27406457
49.12000125646591,69.107765,0.8398438,0.27528536
49.129999577999115,69.15576,0.8399111,0.27528536
49.140001714229584,69.163765,0.8399785,0.27650613
49.15000003576279,69.15576,0.8399785,0.27772692
49.15999835729599,69.13976,0.8399785,0.27894768
