"TEST_HEADER_START","Data source","Date","Time","Start Timestamp","End Timestamp","Specimen identifier","TEST_HEADER_END","SPECIMEN_HEADER_START","Specimen type","Thickness (mm)","Area (sq mm)","Axial Gauge Length (mm)","Transverse Gauge Length (mm)","Grip Separation (mm)","SPECIMEN_HEADER_END","RESULTS_HEADER_START","Displacement at 0.000 N (%) ","Displacement at Maximum Load (%) ","Extension at Max Load (mm) ","Load at Break (N) ","Load at Max Position (N) ","RESULTS_HEADER_END"
"TEST_INFO_START","DF-1L-2026-04-14-10-54-07.mtwData","2026-04-14","10:54:07","2026-04-14 10:54:07.846","2026-04-14 10:54:07.876","26","TEST_INFO_END","SPECIMEN_INFO_START","Thickness",10.2,999999.9,7.6199994,7.6199994,25.0,"SPECIMEN_INFO_END","RESULTS_INFO_START","0.00","N/A","N/A","N/A","N/A","N/A","N/A","N/A","N/A","N/A","5.94","0.452","0.000","-16.416","RESULTS_INFO_END"

"Time","Load (N)","Position (mm)","Control Out (V)"
0.0,0.11999959,0.0,0.45962277
0.009999990463256836,0.26799908,8.08449E-4,0.45473966
0.02000001072883606,0.4719984,0.0016842688,0.44985655
0.030000001192092896,0.6519978,0.0026274594,0.44375268
0.03999999165534973,0.81599724,0.003772762,0.43764877
0.050000011920928955,1.0039966,0.0050528063,0.4303241
0.06000000238418579,1.2399957,0.0066023334,0.4205579
0.06999999284744263,1.5039948,0.008151861,0.41079167
0.08000001311302185,1.6879942,0.009499276,0.40224624
0.09000000357627869,1.9479933,0.010981432,0.39370078
0.09999999403953552,2.1559927,0.012463588,0.38515535
0.11000001430511475,2.3959918,0.013743633,0.3766099
0.12000000476837158,2.5359912,0.014619453,0.37172678
0.12999999523162842,2.639991,0.015091048,0.36928523
0.13999998569488525,2.7039907,0.015562643,0.36806446
0.15000000596046448,2.7799907,0.015899498,0.3656229
0.1599999964237213,2.88799,0.016303724,0.36440212
0.16999998688697815,3.0359895,0.016775317,0.36196056
0.18000000715255737,3.1239893,0.017314285,0.359519
0.1899999976158142,3.1879892,0.01798799,0.3558567
0.19999998807907104,3.2919888,0.01879644,0.35219434
0.20999997854232788,3.3999887,0.019604888,0.34731123
0.2200000286102295,3.4519882,0.020009113,0.34609047
0.23000001907348633,3.4559882,0.020143855,0.34609047
0.24000000953674316,3.511988,0.020211225,0.34731123
0.25,3.5799878,0.020345967,0.34731123
0.25999999046325684,3.6559875,0.02048071,0.34731123
0.26999998092651367,3.6959875,0.020682821,0.34731123
0.2799999713897705,3.7239873,0.020884933,0.34731123
0.2900000214576721,3.7359872,0.021356529,0.34486967
0.30000001192092896,3.771987,0.022030236,0.34120736
0.3100000023841858,3.8999867,0.022973426,0.33632424
0.3199999928474426,4.1039863,0.023983987,0.33022034
0.32999998331069946,4.2799854,0.024859807,0.32533723
0.3399999737739563,4.395985,0.025466146,0.3216749
0.3500000238418579,4.4639845,0.025735628,0.3216749
0.36000001430511475,4.459985,0.025735628,0.3216749
0.3700000047683716,4.4279847,0.025735628,0.32411647
0.3799999952316284,4.443985,0.025735628,0.32411647
0.38999998569488525,4.4759846,0.025802998,0.32533723
0.3999999761581421,4.5079846,0.025802998,0.32655802
0.4100000262260437,4.5159845,0.025802998,0.3277788
0.42000001668930054,4.5319843,0.025802998,0.32899958
0.4300000071525574,4.5079846,0.025870368,0.33022034
0.4399999976158142,4.4759846,0.02593774,0.33022034
0.44999998807907104,4.443985,0.02593774,0.33144113
0.4599999785423279,4.491985,0.026072482,0.33144113
0.4700000286102295,4.5319843,0.026207224,0.33144113
0.48000001907348633,4.5639844,0.026207224,0.3326619
0.49000000953674316,4.599984,0.026341965,0.3326619
0.5,4.639984,0.026476707,0.3338827
0.5099999904632568,4.587984,0.026611447,0.3338827
0.5199999809265137,4.6039844,0.02688093,0.3326619
0.5299999713897705,4.679984,0.027352527,0.33022034
0.5400000214576721,4.795984,0.028026232,0.3277788
0.550000011920929,4.963983,0.029036794,0.3216749
0.5600000023841858,5.2119827,0.030384209,0.31435025
0.5699999928474426,5.4719815,0.031798996,0.30458403
0.5799999833106995,5.6159806,0.03301167,0.29848012
0.5899999737739563,5.6999807,0.033752747,0.293597
0.6000000238418579,5.72798,0.034224343,0.29237625
0.6100000143051147,5.81598,0.03476331,0.2887139
0.6200000047683716,5.9999795,0.035437014,0.28505158
0.6299999952316284,6.2039785,0.036043353,0.28261003
0.6399999856948853,6.3959785,0.03658232,0.28016847
0.6499999761581421,6.427978,0.036986545,0.27772692
0.6600000262260437,6.439978,0.03752551,0.27528536
0.6700000166893005,6.4439783,0.037997104,0.2728438
0.6800000071525574,6.4239783,0.038266588,0.2728438
0.6899999976158142,6.427978,0.038266588,0.27406457
0.699999988079071,6.4839783,0.038266588,0.27528536
0.7099999785423279,6.595978,0.038266588,0.27650613
0.7199999690055847,6.675977,0.038266588,0.27650613
0.7299999594688416,6.6679773,0.038266588,0.27894768
0.7399999499320984,6.6039777,0.038266588,0.27894768
0.7500000596046448,6.5199776,0.038266588,0.28138924
0.7600000500679016,6.4159784,0.038266588,0.28138924
0.7700000405311584,6.4239783,0.038266588,0.28261003
0.7800000309944153,6.495978,0.038266588,0.2838308
0.7900000214576721,6.6079774,0.038266588,0.28505158
0.800000011920929,6.659977,0.038266588,0.28627235
0.8100000023841858,6.6559772,0.038266588,0.28749314
0.8199999928474426,6.591977,0.038266588,0.2887139
0.8299999833106995,6.4839783,0.038266588,0.2899347
0.8399999737739563,6.387978,0.038266588,0.29115546
0.8499999642372131,6.4359784,0.038266588,0.29237625
0.85999995470047,6.515978,0.038266588,0.293597
0.8699999451637268,6.6039777,0.038266588,0.2948178
0.8800000548362732,6.675977,0.038266588,0.29603857
0.89000004529953,6.6559772,0.038266588,0.29603857
0.9000000357627869,6.5479774,0.038266588,0.29848012
0.9100000262260437,6.439978,0.038266588,0.29848012
0.9200000166893005,6.4039783,0.038266588,0.30092168
0.9300000071525574,6.4319777,0.038266588,0.30092168
0.9399999976158142,6.511978,0.038266588,0.30214247
0.949999988079071,6.5839777,0.038266588,0.30336323
0.9599999785423279,6.6479774,0.038266588,0.30458403
0.9699999690055847,6.6559772,0.038266588,0.3058048
0.9799999594688416,6.527978,0.038266588,0.30702558
0.9899999499320984,6.4359784,0.038266588,0.30824634
1.0000000596046448,6.4319777,0.038266588,0.30946714
1.0100000500679016,6.4319777,0.038266588,0.3106879
1.0200000405311584,6.511978,0.038266588,0.3119087
1.0300000309944153,6.611977,0.038266588,0.31312945
1.0400000214576721,6.6559772,0.03833396,0.31435025
1.050000011920929,6.591977,0.03833396,0.31435025
1.0600000023841858,6.503978,0.03833396,0.315571
1.0699999928474426,6.459978,0.03833396,0.3167918
1.0799999833106995,6.387978,0.03833396,0.31801257
1.0899999737739563,6.4039783,0.03833396,0.31923336
1.0999999642372131,6.515978,0.03833396,0.32045412
1.10999995470047,6.6039777,0.03833396,0.3216749
1.1199999451637268,6.6199775,0.03833396,0.32289568
1.1300000548362732,6.575978,0.03833396,0.32411647
1.14000004529953,6.511978,0.03833396,0.32533723
1.1500000357627869,6.427978,0.03833396,0.32655802
1.1600000262260437,6.3839784,0.03833396,0.3277788
1.1700000166893005,6.439978,0.03833396,0.32899958
1.1800000071525574,6.535978,0.03833396,0.33022034
1.1899999976158142,6.5879774,0.03833396,0.33144113
1.199999988079071,6.611977,0.03833396,0.33144113
1.2099999785423279,6.571977,0.03833396,0.3338827
1.2199999690055847,6.495978,0.03833396,0.3338827
1.2299999594688416,6.4039783,0.03833396,0.33632424
1.2399999499320984,6.387978,0.03833396,0.33632424
1.2500000596046448,6.4359784,0.03833396,0.337545
1.2600000500679016,6.515978,0.03833396,0.3387658
1.2700000405311584,6.5679774,0.03833396,0.33998656
1.2800000309944153,6.575978,0.03833396,0.34120736
1.2900000214576721,6.5599775,0.03833396,0.34242812
1.300000011920929,6.455978,0.03833396,0.3436489
1.3100000023841858,6.4159784,0.03833396,0.34486967
1.3199999928474426,6.4359784,0.03833396,0.34609047
1.3299999833106995,6.4519777,0.03833396,0.34731123
1.3399999737739563,6.535978,0.038401328,0.34731123
1.3499999642372131,6.6039777,0.0384687,0.34853202
1.35999995470047,6.6359773,0.03853607,0.34975278
1.3699999451637268,6.5839777,0.03853607,0.34975278
1.3800000548362732,6.515978,0.03853607,0.35219434
1.39000004529953,6.4719777,0.038603444,0.35219434
1.4000000357627869,6.4799776,0.038603444,0.35341513
1.4100000262260437,6.511978,0.038738184,0.35341513
1.4200000166893005,6.6039777,0.038805556,0.3546359
1.4300000071525574,6.6519775,0.038805556,0.3558567
1.4399999976158142,6.6519775,0.038872924,0.3558567
1.449999988079071,6.5799775,0.038940296,0.35707745
1.4599999785423279,6.5479774,0.038940296,0.35707745
1.4699999690055847,6.531978,0.039007667,0.35829824
1.4799999594688416,6.5239778,0.039075036,0.359519
1.4899999499320984,6.595978,0.039142404,0.359519
1.5000000596046448,6.723977,0.039411888,0.359519
1.5100000500679016,6.771977,0.039614003,0.359519
1.5200000405311584,6.7799773,0.039816115,0.35829824
1.5300000309944153,6.783977,0.040152967,0.35707745
1.5400000214576721,6.8359766,0.040691935,0.3546359
1.550000011920929,6.9119763,0.04143301,0.35219434
1.5600000023841858,7.035976,0.04217409,0.34731123
1.5699999928474426,7.243975,0.04298254,0.34242812
1.5799999833106995,7.4559746,0.04385836,0.337545
1.5899999737739563,7.587974,0.04480155,0.3326619
1.5999999642372131,7.711974,0.045475256,0.32899958
1.60999995470047,7.7439737,0.04574474,0.3277788
1.6199999451637268,7.695974,0.045879483,0.3277788
1.6300000548362732,7.6799736,0.046014223,0.3277788
1.64000004529953,7.7599735,0.046216335,0.3277788
1.6500000357627869,7.8919735,0.046418447,0.3277788
1.6600000262260437,7.9759727,0.046755303,0.3277788
1.6700000166893005,8.047973,0.047159523,0.32533723
1.6799998879432678,8.131972,0.047765862,0.32289568
1.6900001168251038,8.127973,0.04830483,0.31923336
1.7000001072883606,8.139973,0.048843797,0.3167918
1.7100000977516174,8.219972,0.04945013,0.31435025
1.7200000882148743,8.371972,0.05005647,0.3119087
1.730000078678131,8.531971,0.050662808,0.30824634
1.740000069141388,8.67997,0.05106703,0.30702558
1.7500000596046448,8.74397,0.05120177,0.30702558
1.7600000500679016,8.71597,0.05120177,0.30824634
1.7700000405311584,8.63197,0.05126914,0.30824634
1.7800000309944153,8.587971,0.05126914,0.30946714
1.7900000214576721,8.623971,0.05126914,0.3106879
1.800000011920929,8.64797,0.05126914,0.3119087
1.8100000023841858,8.707971,0.05126914,0.31312945
1.8199999928474426,8.76797,0.051336512,0.31312945
1.8299999833106995,8.759971,0.051336512,0.31435025
1.8399999737739563,8.68797,0.051336512,0.315571
1.8499999642372131,8.639971,0.051336512,0.3167918
1.85999995470047,8.583971,0.051336512,0.31801257
1.8699999451637268,8.587971,0.051403884,0.31923336
1.8799999356269836,8.619971,0.051403884,0.32045412
1.8899999260902405,8.72397,0.051403884,0.3216749
1.8999999165534973,8.76397,0.051403884,0.3216749
1.9099999070167542,8.74797,0.051471252,0.32289568
1.919999897480011,8.69997,0.051471252,0.32411647
1.9299998879432678,8.65997,0.051471252,0.32533723
1.9400001168251038,8.599971,0.051471252,0.32655802
1.9500001072883606,8.627971,0.051538624,0.3277788
1.9600000977516174,8.691971,0.051538624,0.3277788
1.9700000882148743,8.77597,0.051538624,0.33022034
1.980000078678131,8.77997,0.051605996,0.33022034
1.990000069141388,8.759971,0.051673368,0.33144113
2.0000000596046448,8.719971,0.051740736,0.33144113
2.0100000500679016,8.68797,0.051808108,0.33144113
2.0200000405311584,8.663971,0.051942848,0.3326619
2.0300000309944153,8.731971,0.05207759,0.3326619
2.040000021457672,8.80797,0.052279703,0.3326619
2.050000011920929,8.83597,0.052481815,0.33144113
2.060000002384186,8.88797,0.0527513,0.33144113
2.0699999928474426,8.93997,0.05308815,0.33022034
2.0799999833106995,9.003969,0.053559747,0.32899958
2.0899999737739563,9.043969,0.05396397,0.32655802
2.099999964237213,9.071969,0.054502938,0.32411647
2.10999995470047,9.203968,0.055041905,0.3216749
2.119999945163727,9.303968,0.05564824,0.31923336
2.1299999356269836,9.443968,0.056254577,0.315571
2.1399999260902405,9.591968,0.056793544,0.31312945
2.1499999165534973,9.687967,0.057265136,0.3106879
2.159999907016754,9.667967,0.05753462,0.3106879
2.169999897480011,9.623967,0.05753462,0.3106879
2.179999887943268,9.639967,0.05753462,0.3119087
2.1900001168251038,9.655967,0.057601992,0.31312945
2.2000001072883606,9.683968,0.057601992,0.31435025
2.2100000977516174,9.723967,0.057601992,0.315571
2.2200000882148743,9.771967,0.057601992,0.3167918
2.230000078678131,9.743967,0.057601992,0.31801257
2.240000069141388,9.663967,0.057601992,0.31801257
2.2500000596046448,9.639967,0.057669364,0.31923336
2.2600000500679016,9.639967,0.057669364,0.32045412
2.2700000405311584,9.659967,0.057669364,0.3216749
2.2800000309944153,9.707967,0.057669364,0.32289568
2.290000021457672,9.763967,0.057669364,0.32411647
2.300000011920929,9.743967,0.057736732,0.32411647
2.310000002384186,9.719967,0.057736732,0.32655802
2.3199999928474426,9.691967,0.057804104,0.32655802
2.3299999833106995,9.703967,0.057804104,0.3277788
2.3399999737739563,9.6719675,0.057804104,0.32899958
2.349999964237213,9.703967,0.057871476,0.33022034
2.35999995470047,9.743967,0.057871476,0.33022034
2.369999945163727,9.775967,0.057938848,0.33144113
2.3799999356269836,9.755967,0.058073588,0.33144113
2.3899999260902405,9.783967,0.058208328,0.33144113
2.3999999165534973,9.783967,0.058410443,0.33144113
2.409999907016754,9.8039665,0.058679927,0.33022034
2.419999897480011,9.8439665,0.059084147,0.32899958
2.429999887943268,9.939965,0.05948837,0.3277788
2.4400001168251038,10.043966,0.05995997,0.32533723
2.4500001072883606,10.139966,0.060431566,0.32289568
2.4600000977516174,10.195965,0.06097053,0.3216749
2.4700000882148743,10.279964,0.06137475,0.31923336
2.480000078678131,10.303965,0.061711606,0.31801257
2.490000069141388,10.3319645,0.06211583,0.3167918
2.5000000596046448,10.443965,0.062587425,0.31435025
2.5100000500679016,10.599963,0.06319376,0.3106879
2.5200000405311584,10.727963,0.063800104,0.30824634
2.5300000309944153,10.819963,0.06413695,0.30702558
2.540000021457672,10.843963,0.06440644,0.30702558
2.550000011920929,10.799963,0.06454118,0.30702558
2.560000002384186,10.787963,0.064743295,0.30702558
2.5699999928474426,10.851964,0.065012775,0.3058048
2.5799999833106995,10.927963,0.06528226,0.30458403
2.5899999737739563,10.999962,0.06561911,0.30458403
2.599999964237213,11.107962,0.06602334,0.30214247
2.60999995470047,11.207962,0.06649493,0.29970092
2.619999945163727,11.243961,0.067033894,0.29725936
2.6299999356269836,11.255961,0.06757286,0.2948178
2.6399999260902405,11.299961,0.067977086,0.29237625
2.6499999165534973,11.379961,0.06831394,0.29237625
2.659999907016754,11.439961,0.06851605,0.29115546
2.669999897480011,11.519961,0.06878554,0.29115546
2.679999887943268,11.61996,0.06905502,0.2899347
2.6900001168251038,11.70796,0.06925713,0.2899347
2.7000001072883606,11.69996,0.06932451,0.29115546
2.7100000977516174,11.63196,0.069459245,0.29115546
2.7200000882148743,11.60396,0.06952662,0.29115546
2.730000078678131,11.57596,0.06959399,0.29237625
2.740000069141388,11.61196,0.06959399,0.293597
2.7500000596046448,11.695961,0.06959399,0.2948178
2.7600000500679016,11.74396,0.06959399,0.29603857
2.7700000405311584,11.71196,0.06959399,0.29725936
2.7800000309944153,11.66796,0.06959399,0.29848012
2.790000021457672,11.647961,0.06959399,0.29848012
2.800000011920929,11.59196,0.06966136,0.29970092
2.810000002384186,11.5319605,0.06966136,0.30092168
2.8199999928474426,11.60396,0.06966136,0.30214247
2.8299999833106995,11.65996,0.06966136,0.30336323
2.8399999737739563,11.71196,0.06966136,0.30458403
2.849999964237213,11.71196,0.06966136,0.3058048
2.85999995470047,11.68396,0.06966136,0.30702558
2.869999945163727,11.63996,0.06966136,0.30824634
2.8799999356269836,11.567961,0.06966136,0.30946714
2.8899999260902405,11.57596,0.06966136,0.3106879
2.8999999165534973,11.63996,0.06966136,0.3119087
2.909999907016754,11.66796,0.06966136,0.3119087
2.919999897480011,11.70796,0.06972873,0.31312945
2.929999887943268,11.71196,0.06972873,0.31435025
2.9400001168251038,11.68396,0.06972873,0.315571
2.9500001072883606,11.635961,0.0697961,0.3167918
2.9600000977516174,11.587961,0.0697961,0.31801257
2.9700000882148743,11.61196,0.0697961,0.31801257
2.980000078678131,11.61996,0.0697961,0.31923336
2.990000069141388,11.63996,0.069863476,0.32045412
3.0000000596046448,11.695961,0.069863476,0.3216749
3.0100000500679016,11.7159605,0.069863476,0.32289568
3.0200000405311584,11.66396,0.069863476,0.32411647
3.0300000309944153,11.63196,0.069930844,0.32411647
3.040000021457672,11.63196,0.069930844,0.32533723
3.050000011920929,11.63196,0.069930844,0.32655802
3.060000002384186,11.64396,0.069930844,0.3277788
3.0699999928474426,11.69996,0.06999821,0.32899958
3.0799999833106995,11.73196,0.06999821,0.33022034
3.0899999737739563,11.7159605,0.06999821,0.33144113
3.099999964237213,11.695961,0.06999821,0.33144113
3.10999995470047,11.68396,0.07006558,0.3326619
3.119999945163727,11.655961,0.07013295,0.3338827
3.1299999356269836,11.64396,0.07020032,0.3338827
3.1399999260902405,11.70796,0.07026769,0.33510345
3.1499999165534973,11.74396,0.07033506,0.33632424
3.159999907016754,11.75196,0.07040243,0.33632424
3.169999897480011,11.763961,0.070469804,0.33632424
3.179999887943268,11.75196,0.07053717,0.337545
3.1900001168251038,11.73996,0.07060455,0.337545
3.2000001072883606,11.73196,0.070671916,0.3387658
3.2100000977516174,11.73996,0.07087403,0.3387658
3.2200000882148743,11.85596,0.07121088,0.337545
3.230000078678131,11.951959,0.07174985,0.33510345
3.240000069141388,12.067959,0.07235619,0.33144113
3.2500000596046448,12.2039585,0.073097266,0.3277788
3.2600000500679016,12.319958,0.07397309,0.32411647
3.2700000405311584,12.395958,0.07471416,0.31923336
3.2800000309944153,12.503957,0.0753205,0.3167918
3.290000021457672,12.639956,0.07599421,0.31312945
3.300000011920929,12.755956,0.076533176,0.3106879
3.310000002384186,12.851956,0.07687003,0.30824634
3.3199999928474426,12.907956,0.07707214,0.30824634
3.3299999833106995,12.959955,0.077274255,0.30824634
3.3399999737739563,12.975956,0.07761111,0.30824634
3.349999964237213,12.979956,0.07788059,0.30702558
3.35999995470047,13.031956,0.07815007,0.3058048
3.369999945163727,13.071956,0.07841955,0.30458403
3.3799999356269836,13.107955,0.07862166,0.30458403
3.3899999260902405,13.127955,0.07875641,0.30458403
3.3999999165534973,13.195955,0.07895852,0.30458403
3.409999907016754,13.231955,0.07916063,0.30458403
3.419999897480011,13.235955,0.07936274,0.30458403
3.429999887943268,13.295955,0.079564855,0.30458403
3.4400001168251038,13.327955,0.07983434,0.30336323
3.4500001072883606,13.335955,0.080036454,0.30336323
3.4600000977516174,13.383955,0.080305934,0.30214247
3.4700000882148743,13.471954,0.08064279,0.30092168
3.480000078678131,13.547954,0.08104701,0.29970092
3.490000069141388,13.587954,0.08138387,0.29848012
3.5000000596046448,13.651954,0.08165336,0.29725936
3.5100000500679016,13.671953,0.08185547,0.29725936
3.5200000405311584,13.639953,0.08185547,0.29848012
3.5300000309944153,13.611954,0.08192284,0.29970092
3.540000021457672,13.635954,0.08192284,0.30092168
3.550000011920929,13.683953,0.08192284,0.30092168
3.560000002384186,13.7079525,0.081990205,0.30214247
3.5699999928474426,13.703954,0.081990205,0.30336323
3.5799999833106995,13.703954,0.081990205,0.30458403
3.5899999737739563,13.675954,0.081990205,0.3058048
3.599999964237213,13.603953,0.08205758,0.30702558
3.60999995470047,13.639953,0.08205758,0.30702558
3.619999945163727,13.659953,0.08205758,0.30824634
3.6299999356269836,13.679953,0.08205758,0.30946714
3.6399999260902405,13.711953,0.08205758,0.3106879
3.6499999165534973,13.723953,0.08205758,0.3119087
3.659999907016754,13.699953,0.08205758,0.31312945
3.669999897480011,13.635954,0.08205758,0.31435025
3.680000126361847,13.615953,0.08205758,0.315571
3.6899998784065247,13.631953,0.08205758,0.3167918
3.7000001072883606,13.639953,0.08205758,0.31801257
3.7099998593330383,13.655953,0.08205758,0.31923336
3.7200000882148743,13.695953,0.08205758,0.32045412
3.729999840259552,13.683953,0.08205758,0.3216749
3.740000069141388,13.635954,0.08205758,0.3216749
3.7499998211860657,13.599955,0.08205758,0.32411647
3.7600000500679016,13.591953,0.08205758,0.32411647
3.7699998021125793,13.5759535,0.08205758,0.32655802
3.7800000309944153,13.603953,0.08205758,0.32655802
3.789999783039093,13.639953,0.08205758,0.3277788
3.800000011920929,13.663954,0.08205758,0.32899958
3.8099997639656067,13.675954,0.08205758,0.33022034
3.8199999928474426,13.647954,0.08205758,0.33144113
3.8300002217292786,13.611954,0.08205758,0.3326619
3.8399999737739563,13.551953,0.08205758,0.3338827
3.8500002026557922,13.543954,0.08205758,0.33510345
3.85999995470047,13.583954,0.08212494,0.33632424
3.870000183582306,13.655953,0.08212494,0.337545
3.8799999356269836,13.671953,0.08219232,0.337545
3.8900001645088196,13.671953,0.082259685,0.3387658
3.8999999165534973,13.675954,0.082259685,0.33998656
3.9100001454353333,13.603953,0.08232705,0.33998656
3.919999897480011,13.591953,0.08239443,0.34120736
3.930000126361847,13.611954,0.0824618,0.34120736
3.9399998784065247,13.663954,0.082529165,0.34242812
3.9500001072883606,13.687953,0.082529165,0.3436489
3.9599998593330383,13.691954,0.08266391,0.3436489
3.9700000882148743,13.719954,0.08273128,0.3436489
3.979999840259552,13.739953,0.08279865,0.34486967
3.990000069141388,13.7079525,0.082933396,0.34486967
3.9999998211860657,13.703954,0.083000764,0.34609047
4.010000050067902,13.7599535,0.08313551,0.34609047
4.019999802112579,13.787952,0.083270244,0.34609047
4.030000030994415,13.835953,0.08353973,0.34609047
4.039999783039093,13.907953,0.08387659,0.34486967
4.050000011920929,14.019952,0.08434818,0.34242812
4.059999763965607,14.079952,0.08495452,0.33998656
4.069999992847443,14.175951,0.08562823,0.33632424
4.080000221729279,14.271951,0.08630193,0.3326619
4.089999973773956,14.36795,0.086975634,0.32899958
4.100000202655792,14.495951,0.087649345,0.32533723
4.10999995470047,14.63595,0.08832306,0.3216749
4.120000183582306,14.75995,0.08879465,0.31923336
4.129999935626984,14.78395,0.08892939,0.32045412
4.14000016450882,14.75195,0.08892939,0.32045412
4.149999916553497,14.77195,0.08892939,0.3216749
4.160000145435333,14.76395,0.08899676,0.32289568
4.169999897480011,14.78395,0.08899676,0.32411647
4.180000126361847,14.807949,0.08899676,0.32533723
4.189999878406525,14.83195,0.08899676,0.32655802
4.200000107288361,14.81195,0.08899676,0.3277788
4.209999859333038,14.79195,0.08899676,0.32899958
4.220000088214874,14.77195,0.089064136,0.32899958
4.229999840259552,14.755949,0.089064136,0.33022034
4.240000069141388,14.7759495,0.089131504,0.33144113
4.249999821186066,14.807949,0.089131504,0.3326619
4.260000050067902,14.823949,0.08919888,0.3326619
4.269999802112579,14.85195,0.08926625,0.3338827
4.280000030994415,14.83195,0.089333616,0.3338827
4.289999783039093,14.81995,0.089333616,0.33632424
4.300000011920929,14.807949,0.08946836,0.33632424
4.309999763965607,14.82795,0.0896031,0.33632424
4.319999992847443,14.85995,0.089805216,0.33632424
4.330000221729279,14.935949,0.09000733,0.33510345
4.339999973773956,14.9999485,0.0902768,0.33510345
4.350000202655792,15.051949,0.09068103,0.3338827
4.35999995470047,15.0919485,0.09101788,0.33144113
4.370000183582306,15.163948,0.091354735,0.33022034
4.379999935626984,15.191949,0.09169159,0.33022034
4.39000016450882,15.215948,0.092095815,0.3277788
4.399999916553497,15.323948,0.092567414,0.32655802
4.410000145435333,15.451947,0.09317375,0.32289568
4.419999897480011,15.591947,0.093780085,0.32045412
4.430000126361847,15.699946,0.09425168,0.31801257
4.439999878406525,15.747946,0.09458853,0.3167918
4.450000107288361,15.767946,0.09472328,0.3167918
4.459999859333038,15.707946,0.094790645,0.31801257
4.470000088214874,15.707946,0.09485801,0.31801257
4.479999840259552,15.751946,0.09485801,0.31923336
4.490000069141388,15.787946,0.09485801,0.32045412
4.499999821186066,15.811947,0.09485801,0.3216749
4.510000050067902,15.839946,0.09492539,0.3216749
4.519999802112579,15.815946,0.09492539,0.32289568
4.530000030994415,15.735947,0.09492539,0.32411647
4.539999783039093,15.703947,0.09499276,0.32533723
4.550000011920929,15.715947,0.09499276,0.32655802
4.559999763965607,15.743947,0.09499276,0.3277788
4.569999992847443,15.767946,0.09499276,0.32899958
4.580000221729279,15.819946,0.095060125,0.32899958
4.589999973773956,15.839946,0.095060125,0.33022034
4.600000202655792,15.779946,0.0951275,0.33144113
4.60999995470047,15.735947,0.0951275,0.3326619
4.620000183582306,15.739946,0.09519487,0.3326619
4.629999935626984,15.755947,0.095262244,0.3338827
4.64000016450882,15.791946,0.09539698,0.3338827
4.649999916553497,15.819946,0.095464356,0.33510345
4.660000145435333,15.879946,0.095464356,0.33632424
4.669999897480011,15.867946,0.095531724,0.33632424
4.680000126361847,15.839946,0.09573384,0.33632424
4.689999878406525,15.831946,0.095801204,0.33632424
4.700000107288361,15.8439455,0.09586858,0.337545
4.709999859333038,15.855946,0.09593595,0.337545
4.720000088214874,15.883945,0.09613806,0.3387658
4.729999840259552,15.967946,0.096272804,0.337545
4.740000069141388,16.019945,0.096542284,0.337545
4.749999821186066,16.055946,0.09701388,0.33510345
4.760000050067902,16.167944,0.097687595,0.33144113
4.769999802112579,16.335945,0.09876552,0.32655802
4.780000030994415,16.559944,0.100180306,0.3167918
4.789999783039093,16.827942,0.10179721,0.30702558
4.800000011920929,17.095942,0.10307725,0.29970092
4.809999763965607,17.239943,0.10395307,0.2948178
4.819999992847443,17.34394,0.10469415,0.29115546
4.830000221729279,17.47994,0.10543523,0.28627235
4.839999973773956,17.66394,0.106378414,0.28138924
4.850000202655792,17.903938,0.10745635,0.27528536
4.85999995470047,18.087938,0.1082648,0.27162302
4.870000183582306,18.139938,0.10846691,0.27040225
4.879999935626984,18.079939,0.10846691,0.27162302
4.89000016450882,18.019938,0.10846691,0.2728438
4.899999916553497,18.02394,0.10846691,0.2728438
4.910000145435333,18.067938,0.10846691,0.27528536
4.919999897480011,18.12394,0.10846691,0.27528536
4.930000126361847,18.147938,0.10846691,0.27650613
4.939999878406525,18.155937,0.10846691,0.27772692
4.950000107288361,18.115938,0.10846691,0.27894768
4.959999859333038,18.039938,0.10846691,0.28016847
4.970000088214874,17.99594,0.10846691,0.28138924
4.979999840259552,17.979939,0.10846691,0.28261003
4.990000069141388,18.027939,0.10846691,0.2838308
4.999999821186066,18.055939,0.10846691,0.28505158
5.010000050067902,18.127937,0.10846691,0.28627235
5.019999802112579,18.12394,0.10846691,0.28749314
5.030000030994415,18.07594,0.10846691,0.2887139
5.039999783039093,17.98794,0.10846691,0.2899347
5.050000011920929,17.951939,0.10846691,0.29115546
5.059999763965607,17.955938,0.10846691,0.29237625
5.069999992847443,17.999939,0.10846691,0.29237625
5.080000221729279,18.04794,0.10846691,0.2948178
5.089999973773956,18.07594,0.108534284,0.2948178
5.100000202655792,18.039938,0.108534284,0.29603857
5.10999995470047,17.95994,0.108534284,0.29725936
5.120000183582306,17.93594,0.108534284,0.29848012
5.129999935626984,17.91594,0.108534284,0.29970092
5.14000016450882,17.963938,0.108534284,0.30092168
5.149999916553497,17.999939,0.108534284,0.30214247
5.160000145435333,18.051939,0.108534284,0.30336323
5.169999897480011,18.055939,0.108534284,0.30458403
5.180000126361847,17.99594,0.10860165,0.30458403
5.189999878406525,17.963938,0.10860165,0.3058048
5.200000107288361,17.931938,0.10866902,0.30702558
5.209999859333038,17.923939,0.108736396,0.30702558
5.220000088214874,17.963938,0.10887113,0.30824634
5.229999840259552,18.051939,0.109005876,0.30824634
5.240000069141388,18.099937,0.10907325,0.30824634
5.249999821186066,18.091938,0.10914062,0.30946714
5.260000050067902,18.067938,0.10927536,0.30946714
5.269999802112579,18.063938,0.109477475,0.30946714
5.280000030994415,18.067938,0.10981433,0.30824634
5.289999783039093,18.131939,0.11015118,0.30702558
5.300000011920929,18.251938,0.11069014,0.30458403
5.309999763965607,18.439938,0.11129648,0.30214247
5.319999992847443,18.567936,0.11203756,0.29725936
5.330000221729279,18.703936,0.11298075,0.29237625
5.339999973773956,18.851936,0.113923945,0.28627235
5.350000202655792,18.903934,0.11439553,0.28505158
5.35999995470047,18.847937,0.11439553,0.28505158
5.370000183582306,18.847937,0.11439553,0.28627235
5.379999935626984,18.911936,0.11439553,0.28749314
5.39000016450882,18.987936,0.11439553,0.2887139
5.399999916553497,19.075935,0.11439553,0.2899347
5.410000145435333,19.079935,0.114462905,0.29115546
5.419999897480011,19.011934,0.114462905,0.29237625
5.430000126361847,18.891935,0.114462905,0.293597
5.439999878406525,18.819937,0.114462905,0.2948178
5.450000107288361,18.831936,0.114462905,0.29603857
5.459999859333038,18.875935,0.114462905,0.29603857
5.470000088214874,18.963936,0.114462905,0.29725936
5.479999840259552,19.043936,0.11453027,0.29848012
5.490000069141388,19.051935,0.11453027,0.29970092
5.499999821186066,18.975935,0.11453027,0.30092168
5.510000050067902,18.883936,0.11453027,0.30214247
5.519999802112579,18.823936,0.11453027,0.30336323
5.530000030994415,18.815935,0.11453027,0.30458403
5.539999783039093,18.867935,0.11459765,0.30458403
5.550000011920929,18.979937,0.11459765,0.3058048
5.559999763965607,19.023935,0.11459765,0.30702558
5.569999992847443,19.011934,0.11459765,0.30824634
5.580000221729279,18.947935,0.11466502,0.30946714
5.589999973773956,18.883936,0.114732385,0.30946714
5.600000202655792,18.831936,0.114732385,0.3106879
5.60999995470047,18.815935,0.114732385,0.3119087
5.620000183582306,18.891935,0.11479976,0.31312945
5.629999935626984,18.979937,0.11486713,0.31312945
5.64000016450882,19.035936,0.1149345,0.31435025
5.649999916553497,19.031935,0.11500187,0.31435025
5.660000145435333,18.975935,0.11506924,0.315571
5.669999897480011,18.919935,0.11513661,0.3167918
5.680000126361847,18.847937,0.115203984,0.3167918
5.689999878406525,18.899937,0.115406096,0.3167918
5.700000107288361,19.039934,0.11560821,0.3167918
5.709999859333038,19.143936,0.11594506,0.315571
5.720000088214874,19.235935,0.11634929,0.31312945
5.729999840259552,19.307934,0.11675351,0.3119087
5.740000069141388,19.311934,0.117157735,0.3106879
5.749999821186066,19.311934,0.117629334,0.30824634
5.760000050067902,19.375935,0.11823566,0.3058048
5.769999802112579,19.499933,0.11877463,0.30214247
5.780000030994415,19.675934,0.11944834,0.29848012
5.789999783039093,19.831932,0.11998731,0.29603857
5.800000011920929,19.883932,0.12018942,0.29603857
5.809999763965607,19.863932,0.12018942,0.29725936
5.819999992847443,19.795933,0.12018942,0.29848012
5.830000221729279,19.755934,0.12018942,0.29970092
5.839999973773956,19.763931,0.12018942,0.30092168
5.850000202655792,19.807932,0.12018942,0.30214247
5.85999995470047,19.819933,0.12018942,0.30336323
5.870000183582306,19.859932,0.12018942,0.30458403
5.879999935626984,19.875933,0.12025679,0.30458403
5.89000016450882,19.819933,0.12025679,0.3058048
5.899999916553497,19.755934,0.12025679,0.30702558
5.910000145435333,19.731934,0.12025679,0.30824634
5.919999897480011,19.751932,0.12025679,0.30946714
5.930000126361847,19.775932,0.12025679,0.3106879
5.939999878406525,19.847933,0.12025679,0.3119087
5.950000107288361,19.895933,0.12025679,0.31312945
5.959999859333038,19.843931,0.120324165,0.31435025
5.970000088214874,19.791933,0.120324165,0.31435025
5.979999840259552,19.747932,0.12039153,0.315571
5.990000069141388,19.727932,0.12039153,0.3167918
5.999999821186066,19.739933,0.12039153,0.31801257
6.010000050067902,19.787931,0.1204589,0.31801257
6.019999802112579,19.855932,0.12052628,0.31923336
6.030000030994415,19.855932,0.12052628,0.32045412
6.039999783039093,19.807932,0.12052628,0.3216749
6.050000011920929,19.755934,0.120593645,0.3216749
6.059999763965607,19.739933,0.120593645,0.32289568
6.069999992847443,19.719934,0.120593645,0.32411647
6.080000221729279,19.747932,0.12066101,0.32533723
6.089999973773956,19.807932,0.12072839,0.32655802
6.100000202655792,19.891933,0.12086313,0.32655802
6.10999995470047,19.915934,0.12099787,0.32655802
6.120000183582306,19.919931,0.12113261,0.32655802
6.129999935626984,19.907932,0.121267356,0.32655802
6.14000016450882,19.863932,0.12140209,0.32655802
6.149999916553497,19.843931,0.121536836,0.3277788
6.160000145435333,19.939932,0.12180632,0.32655802
6.169999897480011,20.055931,0.12214317,0.32533723
6.180000126361847,20.143932,0.12248003,0.32411647
6.189999878406525,20.203932,0.122816876,0.32289568
6.200000107288361,20.24793,0.1232211,0.3216749
6.209999859333038,20.25193,0.1236927,0.31923336
6.220000088214874,20.303932,0.124299034,0.3167918
6.229999840259552,20.395931,0.12490537,0.31312945
6.240000069141388,20.56793,0.1255117,0.3106879
6.249999821186066,20.67193,0.12591593,0.30824634
6.260000050067902,20.73193,0.12611805,0.30824634
6.269999802112579,20.75193,0.12618542,0.30824634
6.280000030994415,20.73993,0.12618542,0.3106879
6.289999783039093,20.699928,0.12618542,0.3106879
6.300000011920929,20.695929,0.12618542,0.3119087
6.309999763965607,20.695929,0.12618542,0.31312945
6.319999992847443,20.715929,0.12618542,0.31435025
6.330000221729279,20.72793,0.12618542,0.315571
6.339999973773956,20.76393,0.12618542,0.3167918
6.350000202655792,20.743929,0.12618542,0.31801257
6.35999995470047,20.66793,0.12618542,0.31923336
6.370000183582306,20.65193,0.12618542,0.32045412
6.379999935626984,20.67993,0.12618542,0.3216749
6.39000016450882,20.69193,0.12618542,0.32289568
6.399999916553497,20.663929,0.12618542,0.32411647
6.410000145435333,20.695929,0.12618542,0.32533723
6.419999897480011,20.719929,0.12618542,0.32655802
6.430000126361847,20.65193,0.12618542,0.3277788
6.439999878406525,20.655928,0.12618542,0.3277788
6.450000107288361,20.64793,0.12618542,0.33022034
6.459999859333038,20.64793,0.12625279,0.33022034
6.470000088214874,20.639929,0.12625279,0.33144113
6.479999840259552,20.639929,0.12625279,0.3326619
6.490000069141388,20.68393,0.12625279,0.3338827
6.499999821186066,20.65193,0.12625279,0.33510345
6.510000050067902,20.65193,0.12632017,0.33632424
6.519999802112579,20.66793,0.12632017,0.33632424
6.530000030994415,20.65993,0.12638752,0.337545
6.539999783039093,20.60793,0.12638752,0.3387658
6.550000011920929,20.639929,0.1264549,0.33998656
6.559999763965607,20.675928,0.12652227,0.33998656
6.569999992847443,20.711931,0.12658964,0.34120736
6.580000221729279,20.675928,0.12665701,0.34120736
6.589999973773956,20.69193,0.12672439,0.34242812
6.600000202655792,20.68793,0.12679175,0.34242812
6.60999995470047,20.675928,0.1269265,0.3436489
6.620000183582306,20.68793,0.12699386,0.3436489
6.629999935626984,20.76393,0.12719597,0.3436489
6.64000016450882,20.791927,0.1273981,0.3436489
6.649999916553497,20.82793,0.12766758,0.34242812
6.660000145435333,20.88793,0.12800443,0.34120736
6.669999897480011,20.955929,0.1282739,0.33998656
6.680000126361847,20.96393,0.12847601,0.33998656
6.689999878406525,20.99993,0.1287455,0.33998656
6.700000107288361,21.075928,0.12908237,0.3387658
6.709999859333038,21.127928,0.12935184,0.337545
6.720000088214874,21.191929,0.1296887,0.33632424
6.729999840259552,21.255928,0.13002555,0.33510345
6.740000069141388,21.343927,0.13049714,0.3338827
6.749999821186066,21.415926,0.13110349,0.33022034
6.760000050067902,21.515926,0.13184457,0.32655802
6.769999802112579,21.675926,0.13272037,0.3216749
6.780000030994415,21.795927,0.13332672,0.31801257
6.789999783039093,21.835926,0.13373095,0.3167918
6.800000011920929,21.903925,0.13406779,0.315571
6.809999763965607,22.003925,0.1345394,0.31435025
6.819999992847443,22.103926,0.13507836,0.3106879
6.830000221729279,22.215923,0.1356847,0.30824634
6.839999973773956,22.335924,0.13629103,0.30458403
6.850000202655792,22.435925,0.13689737,0.30214247
6.85999995470047,22.527924,0.1375037,0.29848012
6.870000183582306,22.595924,0.13804266,0.29603857
6.879999935626984,22.715921,0.13851427,0.293597
6.89000016450882,22.771923,0.13885112,0.29237625
6.899999916553497,22.811922,0.13905324,0.29237625
6.910000145435333,22.839922,0.13905324,0.293597
6.919999897480011,22.859922,0.1391206,0.2948178
6.930000126361847,22.863922,0.13918798,0.2948178
6.939999878406525,22.85592,0.13918798,0.29603857
6.950000107288361,22.83192,0.13918798,0.29725936
6.959999859333038,22.827923,0.13925534,0.29848012
6.970000088214874,22.807922,0.13939008,0.29848012
6.979999840259552,22.843924,0.13945746,0.29848012
6.990000069141388,22.875921,0.13952482,0.29970092
6.999999821186066,22.879923,0.1395922,0.30092168
7.010000050067902,22.843924,0.13965957,0.30092168
7.019999802112579,22.871922,0.13965957,0.30214247
7.030000030994415,22.847923,0.13972695,0.30214247
7.039999783039093,22.851921,0.1397943,0.30336323
7.050000011920929,22.883923,0.13986169,0.30458403
7.059999763965607,22.919922,0.13999642,0.30458403
7.069999992847443,22.935923,0.14013116,0.30458403
7.080000221729279,22.935923,0.1402659,0.30458403
7.089999973773956,22.975922,0.14060275,0.30336323
7.100000202655792,23.095922,0.14107434,0.30214247
7.10999995470047,23.175922,0.14168069,0.29848012
7.120000183582306,23.27992,0.14228702,0.29603857
7.129999935626984,23.391922,0.14289337,0.29237625
7.14000016450882,23.447922,0.14343233,0.2899347
7.149999916553497,23.55592,0.14403866,0.28627235
7.160000145435333,23.65592,0.14457764,0.28505158
7.169999897480011,23.74792,0.14491448,0.2838308
7.180000126361847,23.75992,0.14504921,0.28261003
7.189999878406525,23.731918,0.14504921,0.28505158
7.200000107288361,23.767918,0.14504921,0.28505158
7.209999859333038,23.77992,0.14504921,0.28627235
7.220000088214874,23.755919,0.14504921,0.28749314
7.229999840259552,23.75992,0.14504921,0.2887139
7.240000069141388,23.74792,0.14504921,0.2899347
7.249999821186066,23.743917,0.14504921,0.29115546
7.260000050067902,23.69992,0.14504921,0.29237625
7.269999802112579,23.71192,0.14504921,0.293597
7.280000030994415,23.727919,0.14504921,0.2948178
7.289999783039093,23.731918,0.14504921,0.29603857
7.300000011920929,23.69192,0.14504921,0.29725936
7.309999763965607,23.73592,0.14504921,0.29848012
7.319999992847443,23.707918,0.14504921,0.29970092
7.330000221729279,23.671919,0.14504921,0.30092168
7.339999973773956,23.65992,0.14504921,0.30214247
7.350000202655792,23.671919,0.14504921,0.30336323
7.35999995470047,23.63992,0.14504921,0.30458403
7.370000183582306,23.651918,0.14504921,0.30458403
7.379999935626984,23.66792,0.1451166,0.3058048
7.39000016450882,23.65592,0.1451166,0.30702558
7.399999916553497,23.61992,0.1451166,0.30824634
7.410000145435333,23.59992,0.1451166,0.30946714
7.419999897480011,23.61592,0.1451166,0.3106879
7.430000126361847,23.61192,0.1451166,0.3119087
7.439999878406525,23.61992,0.1451166,0.31312945
7.450000107288361,23.64392,0.1451166,0.31435025
7.459999859333038,23.63592,0.1451166,0.315571
7.470000088214874,23.60392,0.1451166,0.3167918
7.479999840259552,23.57592,0.14518397,0.3167918
7.490000069141388,23.595919,0.14518397,0.31801257
7.499999821186066,23.57592,0.14518397,0.31923336
7.510000050067902,23.587921,0.1453187,0.31923336
7.519999802112579,23.61592,0.1453187,0.32045412
7.530000030994415,23.64392,0.14538608,0.3216749
7.539999783039093,23.63992,0.14545345,0.32289568
7.550000011920929,23.647919,0.14552082,0.32289568
7.559999763965607,23.63592,0.14552082,0.32411647
7.569999992847443,23.63192,0.14558819,0.32411647
7.580000221729279,23.59992,0.14558819,0.32533723
7.589999973773956,23.61992,0.14565557,0.32655802
7.600000202655792,23.66792,0.14579031,0.32655802
7.60999995470047,23.65992,0.14592505,0.32655802
7.620000183582306,23.69992,0.1460598,0.32655802
7.629999935626984,23.731918,0.14612715,0.3277788
7.64000016450882,23.72392,0.14632927,0.3277788
7.649999916553497,23.755919,0.14666612,0.32655802
7.660000145435333,23.879917,0.14727247,0.32289568
7.669999897480011,24.047918,0.14808092,0.31923336
7.679999649524689,24.207918,0.14895673,0.31435025
7.689999878406525,24.343918,0.14969781,0.3106879
7.700000107288361,24.447916,0.15030415,0.30702558
7.7100003361701965,24.527916,0.15084311,0.30458403
7.719999611377716,24.543917,0.15117997,0.30336323
7.729999840259552,24.563915,0.15124734,0.30458403
7.740000069141388,24.627916,0.15124734,0.30458403
7.750000298023224,24.651917,0.15124734,0.3058048
7.759999573230743,24.663916,0.1513147,0.30702558
7.769999802112579,24.647917,0.1513147,0.30824634
7.780000030994415,24.643915,0.1513147,0.30946714
7.790000259876251,24.567917,0.1513147,0.3106879
7.799999535083771,24.539915,0.15138209,0.3106879
7.809999763965607,24.575916,0.15138209,0.3119087
7.819999992847443,24.607916,0.15144944,0.31312945
7.830000221729279,24.623917,0.15144944,0.31435025
7.8400004506111145,24.635918,0.15144944,0.315571
7.849999725818634,24.667915,0.15144944,0.3167918
7.85999995470047,24.599915,0.15144944,0.31801257
7.870000183582306,24.559916,0.15151682,0.31801257
7.880000412464142,24.559916,0.15151682,0.31923336
7.889999687671661,24.579916,0.15151682,0.32045412
7.899999916553497,24.591917,0.1515842,0.3216749
7.910000145435333,24.591917,0.1515842,0.3216749
7.920000374317169,24.639915,0.15165156,0.32289568
7.929999649524689,24.615917,0.15165156,0.32411647
7.939999878406525,24.543917,0.15165156,0.32533723
7.950000107288361,24.527916,0.15171893,0.32655802
7.9600003361701965,24.519918,0.15171893,0.32655802
7.969999611377716,24.531918,0.15171893,0.3277788
7.979999840259552,24.583916,0.15178631,0.32899958
7.990000069141388,24.623917,0.15178631,0.33022034
8.000000298023224,24.611917,0.15178631,0.33144113
8.009999573230743,24.579916,0.15185367,0.33144113
8.01999980211258,24.547916,0.15192105,0.3326619
8.030000030994415,24.531918,0.15198842,0.3338827
8.040000259876251,24.531918,0.15205579,0.3338827
8.04999953508377,24.563915,0.15212315,0.33510345
8.059999763965607,24.635918,0.15219052,0.33510345
8.069999992847443,24.667915,0.1522579,0.33632424
8.080000221729279,24.651917,0.15232526,0.33632424
8.090000450611115,24.651917,0.15246001,0.337545
8.099999725818634,24.639915,0.15252738,0.337545
8.10999995470047,24.623917,0.15266213,0.337545
8.120000183582306,24.623917,0.15286423,0.337545
8.130000412464142,24.695915,0.15306635,0.337545
8.139999687671661,24.787916,0.1534032,0.33632424
8.149999916553497,24.871914,0.15374006,0.33510345
8.160000145435333,24.935915,0.15421164,0.3338827
8.17000037431717,25.015915,0.15468325,0.33022034
8.179999649524689,25.083914,0.15528958,0.3277788
8.189999878406525,25.159916,0.15589592,0.32411647
8.20000010728836,25.275915,0.15650226,0.3216749
8.210000336170197,25.395912,0.15710859,0.31801257
8.219999611377716,25.491913,0.15744545,0.31801257
8.229999840259552,25.527914,0.15751281,0.31801257
8.240000069141388,25.547915,0.15751281,0.31923336
8.250000298023224,25.547915,0.15758018,0.32045412
8.259999573230743,25.511911,0.15758018,0.3216749
8.26999980211258,25.511911,0.15758018,0.3216749
8.280000030994415,25.535913,0.15758018,0.32411647
8.290000259876251,25.515913,0.15758018,0.32411647
8.29999953508377,25.491913,0.15764755,0.32533723
8.309999763965607,25.519913,0.15771493,0.32655802
8.319999992847443,25.523914,0.15771493,0.3277788
8.330000221729279,25.503914,0.15771493,0.3277788
8.340000450611115,25.483913,0.1577823,0.32899958
8.349999725818634,25.483913,0.1577823,0.33022034
8.35999995470047,25.491913,0.15784967,0.33022034
8.370000183582306,25.499912,0.15791704,0.33144113
8.380000412464142,25.507914,0.15798442,0.33144113
8.389999687671661,25.539913,0.15798442,0.3338827
8.399999916553497,25.503914,0.15805177,0.3338827
8.410000145435333,25.483913,0.15805177,0.33510345
8.42000037431717,25.507914,0.15811916,0.33632424
8.429999649524689,25.503914,0.15811916,0.337545
8.439999878406525,25.519913,0.15818653,0.337545
8.45000010728836,25.547915,0.15832126,0.337545
8.460000336170197,25.567913,0.15852338,0.337545
8.469999611377716,25.595913,0.15886022,0.33632424
8.479999840259552,25.667912,0.15926446,0.33510345
8.490000069141388,25.791912,0.1598708,0.3326619
8.500000298023224,25.94391,0.16067924,0.3277788
8.509999573230743,26.107912,0.1616898,0.3216749
8.51999980211258,26.25191,0.162633,0.3167918
8.530000030994415,26.40791,0.16337407,0.3119087
8.540000259876251,26.43991,0.16364355,0.3119087
8.54999953508377,26.447908,0.16371094,0.3119087
8.559999763965607,26.45191,0.16371094,0.31312945
8.569999992847443,26.49591,0.16371094,0.31435025
8.580000221729279,26.49591,0.16371094,0.315571
8.590000450611115,26.53591,0.16371094,0.3167918
8.599999725818634,26.53591,0.16371094,0.31801257
8.60999995470047,26.50791,0.16371094,0.31923336
8.620000183582306,26.43991,0.16371094,0.32045412
8.630000412464142,26.39591,0.16377829,0.32045412
8.639999687671661,26.40791,0.16377829,0.3216749
8.649999916553497,26.423908,0.16377829,0.32289568
8.660000145435333,26.467909,0.16377829,0.32411647
8.67000037431717,26.523909,0.16384567,0.32533723
8.679999649524689,26.49991,0.16384567,0.32655802
8.689999878406525,26.447908,0.16384567,0.3277788
8.70000010728836,26.37591,0.16384567,0.32899958
8.710000336170197,26.367908,0.16391304,0.32899958
8.719999611377716,26.387909,0.16391304,0.33022034
8.729999840259552,26.39591,0.16391304,0.33144113
8.740000069141388,26.459911,0.16398041,0.33144113
8.750000298023224,26.46391,0.16398041,0.3338827
8.759999573230743,26.43991,0.16398041,0.3338827
8.76999980211258,26.37191,0.16398041,0.33632424
8.780000030994415,26.359911,0.16398041,0.33632424
8.790000259876251,26.33991,0.16404778,0.337545
8.79999953508377,26.33591,0.16404778,0.3387658
8.809999763965607,26.379911,0.16404778,0.33998656
8.819999992847443,26.43991,0.16411516,0.33998656
8.830000221729279,26.435911,0.16418251,0.34120736
8.840000450611115,26.43191,0.16424988,0.34120736
8.849999725818634,26.40791,0.16431727,0.34242812
8.85999995470047,26.39191,0.164452,0.34242812
8.870000183582306,26.383911,0.1646541,0.34242812
8.880000412464142,26.43991,0.16485623,0.34242812
8.889999687671661,26.54391,0.16526045,0.34120736
8.899999916553497,26.67591,0.16579942,0.337545
8.910000145435333,26.807909,0.16667524,0.3338827
8.92000037431717,27.031908,0.16788791,0.32655802
8.929999649524689,27.247908,0.16937007,0.3167918
8.939999878406525,27.483906,0.17078485,0.30824634
8.95000010728836,27.623907,0.17166068,0.30336323
8.960000336170197,27.739906,0.172267,0.30092168
8.969999611377716,27.855906,0.17300808,0.29603857
8.979999840259552,28.051905,0.17381653,0.29237625
8.990000069141388,28.291903,0.17462498,0.28749314
9.000000298023224,28.451902,0.17529869,0.2838308
9.009999573230743,28.535904,0.17603979,0.28016847
9.01999980211258,28.5799,0.176444,0.27894768
9.030000030994415,28.551903,0.17657873,0.27894768
9.040000259876251,28.483902,0.17657873,0.28016847
9.04999953508377,28.499905,0.17657873,0.28138924
9.059999763965607,28.575903,0.17657873,0.28261003
9.069999992847443,28.651903,0.17657873,0.28261003
9.080000221729279,28.667902,0.17657873,0.28505158
9.090000450611115,28.627903,0.17657873,0.28505158
9.099999725818634,28.567902,0.17657873,0.28627235
9.10999995470047,28.467903,0.17657873,0.28749314
9.120000183582306,28.383904,0.17657873,0.2887139
9.130000412464142,28.415903,0.17657873,0.2899347
9.139999687671661,28.495903,0.17657873,0.29115546
9.149999916553497,28.543901,0.17657873,0.29237625
9.160000145435333,28.555902,0.17657873,0.293597
9.17000037431717,28.535904,0.17657873,0.2948178
9.179999649524689,28.467903,0.17657873,0.29603857
9.189999878406525,28.355904,0.17657873,0.29725936
9.20000010728836,28.303904,0.17657873,0.29848012
9.210000336170197,28.375904,0.17657873,0.29970092
9.219999611377716,28.419905,0.17657873,0.30092168
9.229999840259552,28.459904,0.17657873,0.30214247
9.240000069141388,28.487902,0.17657873,0.30214247
9.250000298023224,28.435904,0.17657873,0.30458403
9.259999573230743,28.327902,0.17657873,0.30458403
9.26999980211258,28.267904,0.17657873,0.30702558
9.280000030994415,28.291903,0.17657873,0.30702558
9.290000259876251,28.303904,0.17657873,0.30824634
9.29999953508377,28.355904,0.17657873,0.30946714
9.309999763965607,28.391903,0.17657873,0.3106879
9.319999992847443,28.383904,0.17657873,0.3119087
9.330000221729279,28.303904,0.17657873,0.31312945
9.340000450611115,28.239904,0.17664611,0.31435025
9.349999725818634,28.219904,0.17664611,0.31435025
9.35999995470047,28.223904,0.17664611,0.3167918
9.370000183582306,28.263905,0.17664611,0.3167918
9.380000412464142,28.291903,0.17664611,0.31801257
9.389999687671661,28.335903,0.17664611,0.31923336
9.399999916553497,28.307903,0.17664611,0.32045412
9.410000145435333,28.267904,0.17664611,0.3216749
9.42000037431717,28.215904,0.17664611,0.32289568
9.429999649524689,28.147905,0.17664611,0.32411647
9.439999878406525,28.135904,0.17671347,0.32533723
9.45000010728836,28.183905,0.17671347,0.32655802
9.460000336170197,28.279903,0.17671347,0.3277788
9.469999611377716,28.275904,0.17671347,0.3277788
9.479999840259552,28.227905,0.17671347,0.32899958
9.490000069141388,28.171904,0.17671347,0.33022034
9.500000298023224,28.103905,0.17671347,0.33144113
9.509999573230743,28.083904,0.17671347,0.3326619
9.51999980211258,28.095903,0.17678085,0.3338827
9.530000030994415,28.183905,0.17678085,0.33510345
9.540000259876251,28.211903,0.17678085,0.33632424
9.54999953508377,28.195904,0.17678085,0.337545
9.559999763965607,28.159904,0.17678085,0.337545
9.569999992847443,28.099903,0.17684822,0.3387658
9.580000221729279,28.051905,0.17684822,0.33998656
9.590000450611115,28.035904,0.17691559,0.34120736
9.599999725818634,28.103905,0.17691559,0.34120736
9.60999995470047,28.151905,0.17698295,0.34242812
9.620000183582306,28.191902,0.17698295,0.3436489
9.630000412464142,28.167904,0.17705034,0.34486967
9.639999687671661,28.155903,0.1771177,0.34486967
9.649999916553497,28.111906,0.17725244,0.34609047
9.660000145435333,28.087904,0.17745456,0.34486967
9.67000037431717,28.159904,0.17772405,0.34486967
9.679999649524689,28.255903,0.17799352,0.3436489
9.689999878406525,28.339905,0.17839776,0.34120736
9.70000010728836,28.479904,0.17907146,0.3387658
9.710000336170197,28.623901,0.17981254,0.33510345
9.719999611377716,28.719902,0.1805536,0.33022034
9.729999840259552,28.803902,0.18136206,0.32655802
9.740000069141388,28.9199,0.18230525,0.3216749
9.750000298023224,29.083902,0.18304634,0.3167918
9.759999573230743,29.155901,0.18338318,0.315571
9.76999980211258,29.2039,0.18345056,0.3167918
9.780000030994415,29.2599,0.18345056,0.31801257
9.790000259876251,29.2919,0.18351792,0.31801257
9.79999953508377,29.2679,0.18351792,0.31923336
9.809999763965607,29.2479,0.1835853,0.32045412
9.819999992847443,29.2239,0.1835853,0.3216749
9.830000221729279,29.183899,0.18372004,0.3216749
9.840000450611115,29.179901,0.18372004,0.32289568
9.849999725818634,29.2159,0.18372004,0.32411647
9.85999995470047,29.2519,0.1837874,0.32411647
9.870000183582306,29.2519,0.18385479,0.32533723
9.880000412464142,29.2279,0.18385479,0.32655802
9.889999687671661,29.2119,0.18385479,0.3277788
9.899999916553497,29.1719,0.18392216,0.3277788
9.910000145435333,29.179901,0.18412428,0.3277788
9.92000037431717,29.2359,0.18432638,0.3277788
9.929999649524689,29.3039,0.18466322,0.32655802
9.939999878406525,29.3879,0.18506745,0.32411647
9.95000010728836,29.475899,0.18553905,0.32289568
9.960000336170197,29.547901,0.18594328,0.32045412
9.969999611377716,29.579899,0.18641487,0.31923336
9.979999840259552,29.6239,0.18688647,0.3167918
9.990000069141388,29.711899,0.18742543,0.31435025
10.000000298023224,29.8359,0.1879644,0.3119087
10.009999573230743,29.923897,0.18850335,0.30946714
10.01999980211258,30.019897,0.18890758,0.30702558
10.030000030994415,30.071898,0.18897496,0.30824634
10.040000259876251,30.051899,0.18897496,0.30946714
10.04999953508377,29.999897,0.18897496,0.3106879
10.059999763965607,29.971899,0.18897496,0.3119087
10.069999992847443,29.987898,0.18904231,0.3119087
10.080000221729279,29.987898,0.18904231,0.31312945
10.090000450611115,29.987898,0.18904231,0.31435025
10.099999725818634,30.003897,0.18904231,0.315571
10.10999995470047,29.999897,0.1891097,0.3167918
10.120000183582306,29.967897,0.1891097,0.31801257
10.130000412464142,29.931898,0.1891097,0.31801257
10.139999687671661,29.943897,0.1891097,0.32045412
10.149999916553497,29.927898,0.1891097,0.32045412
10.160000145435333,29.9159,0.18917707,0.3216749
10.17000037431717,29.959896,0.18917707,0.32289568
10.179999649524689,29.955898,0.18917707,0.32411647
10.189999878406525,29.923897,0.18924443,0.32411647
10.20000010728836,29.875898,0.1893118,0.32533723
10.210000336170197,29.895899,0.1893118,0.32655802
10.219999611377716,29.8919,0.1893118,0.3277788
10.229999840259552,29.875898,0.18937919,0.3277788
10.240000069141388,29.867897,0.18937919,0.32899958
10.250000298023224,29.907898,0.18937919,0.33022034
10.259999573230743,29.8919,0.18944655,0.33144113
10.26999980211258,29.8799,0.18951392,0.33144113
10.280000030994415,29.8599,0.18951392,0.3326619
10.290000259876251,29.855898,0.18958129,0.3338827
10.29999953508377,29.875898,0.18971603,0.3338827
10.309999763965607,29.895899,0.18985078,0.3338827
10.319999992847443,29.9359,0.18998551,0.3338827
10.330000221729279,29.931898,0.19012025,0.33510345
10.340000450611115,29.939898,0.190255,0.33510345
10.349999725818634,29.955898,0.19045712,0.33510345
10.35999995470047,29.9959,0.19059186,0.33510345
10.370000183582306,30.0159,0.19086134,0.3338827
10.380000412464142,30.079897,0.19126557,0.3326619
10.389999687671661,30.171898,0.19166979,0.33144113
10.399999916553497,30.267899,0.19220875,0.32899958
10.410000145435333,30.339897,0.19288245,0.32533723
10.42000037431717,30.487896,0.19369091,0.32045412
10.429999649524689,30.643896,0.1946341,0.315571
10.439999878406525,30.783895,0.19550993,0.3106879
10.45000010728836,30.883896,0.19611625,0.30702558
10.460000336170197,30.915894,0.19631836,0.30702558
10.469999611377716,30.943895,0.19638574,0.30702558
10.479999840259552,30.951893,0.19638574,0.30824634
10.490000069141388,30.983894,0.19652048,0.30824634
10.500000298023224,31.031895,0.19652048,0.3106879
10.509999573230743,31.007893,0.19658785,0.3106879
10.51999980211258,30.971893,0.19665523,0.3119087
10.530000030994415,30.939896,0.19672258,0.3119087
10.540000259876251,30.923895,0.19678997,0.31312945
10.54999953508377,30.931894,0.19685733,0.31312945
10.559999763965607,30.963896,0.19699207,0.31435025
10.569999992847443,31.031895,0.1971268,0.31435025
10.580000221729279,31.031895,0.19732893,0.31435025
10.590000450611115,31.031895,0.1973963,0.31435025
10.599999725818634,31.051893,0.19753103,0.31435025
10.60999995470047,31.039894,0.19766578,0.31435025
10.620000183582306,31.027893,0.19780052,0.31435025
10.630000412464142,31.043896,0.19800264,0.31435025
10.639999687671661,31.131893,0.19833949,0.31435025
10.649999916553497,31.183893,0.19854161,0.31312945
10.660000145435333,31.219894,0.19874372,0.31312945
10.67000037431717,31.263893,0.19894584,0.31312945
10.679999649524689,31.259892,0.19921532,0.3119087
10.689999878406525,31.279892,0.19955216,0.3106879
10.70000010728836,31.327894,0.20009112,0.30824634
10.710000336170197,31.475891,0.20076483,0.3058048
10.719999611377716,31.663893,0.20143855,0.30092168
10.729999840259552,31.759892,0.20204487,0.29848012
10.740000069141388,31.811892,0.20238174,0.29725936
10.750000298023224,31.791891,0.20251648,0.29725936
10.759999573230743,31.783894,0.20265122,0.29725936
10.76999980211258,31.811892,0.20278597,0.29848012
10.780000030994415,31.871891,0.20298807,0.29848012
10.790000259876251,31.923891,0.2031902,0.29848012
10.79999953508377,31.96389,0.2033923,0.29725936
10.809999763965607,31.97989,0.20359442,0.29603857
10.819999992847443,32.007893,0.20379652,0.29603857
10.830000221729279,31.99989,0.20413338,0.2948178
10.840000450611115,32.007893,0.2045376,0.293597
10.849999725818634,32.09589,0.20494182,0.29237625
10.85999995470047,32.19189,0.20541342,0.29115546
10.870000183582306,32.29989,0.20581764,0.2887139
10.880000412464142,32.35989,0.2061545,0.28749314
10.889999687671661,32.39989,0.20628923,0.28749314
10.899999916553497,32.37989,0.20642398,0.28749314
10.910000145435333,32.327892,0.20655872,0.28749314
10.92000037431717,32.34389,0.20669346,0.2887139
10.929999649524689,32.37189,0.20676084,0.2887139
10.939999878406525,32.39989,0.20689557,0.2887139
10.95000010728836,32.43589,0.20703033,0.2887139
10.960000336170197,32.47989,0.20709768,0.2899347
10.969999611377716,32.47989,0.20716506,0.29115546
10.979999840259552,32.39989,0.20716506,0.29237625
10.990000069141388,32.36789,0.20723243,0.29237625
11.000000298023224,32.36789,0.20723243,0.293597
11.009999573230743,32.36389,0.20729981,0.2948178
11.01999980211258,32.391888,0.20729981,0.2948178
11.030000030994415,32.40389,0.20729981,0.29603857
11.040000259876251,32.39989,0.20736717,0.29725936
11.04999953508377,32.37189,0.20736717,0.29848012
11.059999763965607,32.29989,0.20736717,0.29970092
11.069999992847443,32.31189,0.20736717,0.30092168
11.080000221729279,32.25989,0.20743455,0.30092168
11.090000450611115,32.27589,0.20743455,0.30214247
11.099999725818634,32.29989,0.20743455,0.30336323
11.10999995470047,32.33189,0.20750192,0.30458403
11.120000183582306,32.31189,0.20750192,0.3058048
11.130000412464142,32.279892,0.20750192,0.30702558
11.139999687671661,32.24789,0.20750192,0.30824634
11.149999916553497,32.211887,0.20750192,0.30946714
11.160000145435333,32.17189,0.20756929,0.30946714
11.17000037431717,32.20389,0.20756929,0.3106879
11.179999649524689,32.23589,0.20756929,0.3119087
11.189999878406525,32.231888,0.20756929,0.31312945
11.20000010728836,32.20389,0.20756929,0.31435025
11.210000336170197,32.19189,0.20756929,0.315571
11.219999611377716,32.167892,0.20756929,0.3167918
11.229999840259552,32.111893,0.20756929,0.31801257
11.240000069141388,32.111893,0.20763665,0.31801257
11.250000298023224,32.147892,0.20763665,0.31923336
11.259999573230743,32.12389,0.20763665,0.32045412
11.26999980211258,32.12789,0.20763665,0.3216749
11.280000030994415,32.131893,0.20763665,0.32289568
11.290000259876251,32.11989,0.20770404,0.32411647
11.29999953508377,32.05989,0.20770404,0.32533723
11.309999763965607,32.063892,0.20777139,0.32533723
11.319999992847443,32.07989,0.20777139,0.32655802
11.330000221729279,32.08789,0.20783877,0.3277788
11.340000450611115,32.08789,0.20783877,0.32899958
11.349999725818634,32.09989,0.20790614,0.32899958
11.35999995470047,32.07989,0.20790614,0.33022034
11.370000183582306,32.05989,0.20797351,0.33144113
11.380000412464142,32.01989,0.20804088,0.33144113
11.389999687671661,32.04789,0.20810826,0.3326619
11.399999916553497,32.055893,0.20817561,0.3326619
11.410000145435333,32.05989,0.208243,0.3338827
11.42000037431717,32.07189,0.20831037,0.3338827
11.429999649524689,32.091892,0.2084451,0.33510345
11.439999878406525,32.09589,0.20857984,0.33510345
11.45000010728836,32.08789,0.20878196,0.33510345
11.460000336170197,32.131893,0.20898408,0.3338827
11.469999611377716,32.20789,0.20932092,0.3338827
11.479999840259552,32.25589,0.20979252,0.33144113
11.490000069141388,32.36389,0.21026412,0.32899958
11.500000298023224,32.47589,0.21087046,0.32655802
11.509999573230743,32.58389,0.21161152,0.32289568
11.51999980211258,32.68789,0.21228524,0.31801257
11.530000030994415,32.803886,0.21295895,0.315571
11.540000259876251,32.899887,0.21356528,0.3119087
11.54999953508377,32.991886,0.21403688,0.3106879
11.559999763965607,33.059887,0.2144411,0.30824634
11.569999992847443,33.13989,0.21464321,0.30824634
11.580000221729279,33.171886,0.2147106,0.30824634
11.590000450611115,33.14789,0.21477795,0.30946714
11.599999725818634,33.14789,0.2149127,0.30946714
11.60999995470047,33.155888,0.21504743,0.30946714
11.620000183582306,33.15989,0.21518217,0.3106879
11.630000412464142,33.187885,0.21531692,0.3106879
11.639999687671661,33.243885,0.21558641,0.3106879
11.649999916553497,33.263885,0.21578853,0.30946714
11.660000145435333,33.267887,0.21599063,0.30946714
11.67000037431717,33.287888,0.21612537,0.30946714
11.679999649524689,33.311886,0.2162601,0.30946714
11.689999878406525,33.315887,0.21632747,0.3106879
11.70000010728836,33.315887,0.21646221,0.3106879
11.710000336170197,33.331886,0.21659696,0.3106879
11.719999611377716,33.35589,0.2167317,0.3106879
11.729999840259552,33.359886,0.21693382,0.3106879
11.740000069141388,33.383884,0.21706857,0.3106879
11.750000298023224,33.419884,0.21727067,0.3106879
11.759999573230743,33.423885,0.21747279,0.3106879
11.76999980211258,33.439884,0.21780963,0.30946714
11.780000030994415,33.491886,0.21814649,0.30824634
11.790000259876251,33.559887,0.21841598,0.30702558
11.79999953508377,33.607887,0.21875283,0.30702558
11.809999763965607,33.671886,0.2190223,0.3058048
11.819999992847443,33.747883,0.21942653,0.30336323
11.830000221729279,33.775887,0.21983077,0.30214247
11.840000450611115,33.795887,0.22010024,0.30092168
11.849999725818634,33.819885,0.22016762,0.30214247
11.85999995470047,33.831886,0.22023499,0.30214247
11.870000183582306,33.803886,0.22023499,0.30458403
11.880000412464142,33.799885,0.22023499,0.30458403
11.889999687671661,33.811886,0.22023499,0.30702558
11.899999916553497,33.835884,0.22023499,0.30702558
11.910000145435333,33.807884,0.22023499,0.30824634
11.92000037431717,33.775887,0.22030236,0.30946714
11.929999649524689,33.747883,0.22030236,0.3106879
11.939999878406525,33.711884,0.22036973,0.3119087
11.95000010728836,33.683887,0.22036973,0.3119087
11.960000336170197,33.715885,0.22036973,0.31312945
11.969999611377716,33.731884,0.22036973,0.31435025
11.979999840259552,33.711884,0.22036973,0.315571
11.990000069141388,33.703884,0.22036973,0.3167918
12.000000298023224,33.687885,0.22036973,0.31801257
12.009999573230743,33.639885,0.2204371,0.31801257
12.01999980211258,33.607887,0.2204371,0.32045412
12.030000030994415,33.583885,0.2204371,0.32045412
12.040000259876251,33.639885,0.2204371,0.3216749
12.04999953508377,33.631886,0.22050446,0.32289568
12.059999763965607,33.619884,0.22050446,0.32411647
12.069999992847443,33.639885,0.22050446,0.32533723
12.080000221729279,33.599884,0.22050446,0.32655802
12.090000450611115,33.555885,0.22057183,0.32655802
12.099999725818634,33.555885,0.22057183,0.3277788
12.10999995470047,33.547886,0.22057183,0.32899958
12.120000183582306,33.563885,0.22063921,0.33022034
12.130000412464142,33.563885,0.22070657,0.33022034
12.139999687671661,33.583885,0.22070657,0.33144113
12.149999916553497,33.583885,0.22077395,0.3326619
12.160000145435333,33.559887,0.22077395,0.3338827
12.17000037431717,33.511887,0.22084132,0.3338827
12.179999649524689,33.527885,0.22097605,0.3338827
12.189999878406525,33.527885,0.22097605,0.33632424
12.20000010728836,33.527885,0.2211108,0.33632424
12.210000336170197,33.559887,0.22117817,0.33632424
12.219999611377716,33.571884,0.22124554,0.337545
12.229999840259552,33.591885,0.22144766,0.337545
12.240000069141388,33.599884,0.22171715,0.33632424
12.250000298023224,33.663887,0.22198662,0.33632424
12.259999573230743,33.711884,0.22232348,0.3338827
12.26999980211258,33.763885,0.2227277,0.3326619
12.280000030994415,33.823883,0.22313192,0.33144113
12.290000259876251,33.935886,0.22367088,0.32899958
12.29999953508377,34.023884,0.22420986,0.32655802
12.309999763965607,34.139885,0.22481619,0.32289568
12.319999992847443,34.27188,0.22555728,0.31923336
12.330000221729279,34.387882,0.22623098,0.3167918
12.340000450611115,34.45188,0.22670257,0.31312945
12.349999725818634,34.475883,0.22690469,0.31312945
12.35999995470047,34.50388,0.22690469,0.31435025
12.370000183582306,34.49988,0.22690469,0.315571
12.380000412464142,34.483883,0.22690469,0.3167918
12.389999687671661,34.50388,0.22690469,0.31801257
12.399999916553497,34.53588,0.22690469,0.31923336
12.410000145435333,34.483883,0.22690469,0.32045412
12.42000037431717,34.459885,0.22697206,0.32045412
12.429999649524689,34.439884,0.22697206,0.3216749
12.439999878406525,34.399883,0.22697206,0.32289568
12.45000010728836,34.379883,0.22697206,0.32411647
12.460000336170197,34.391884,0.22697206,0.32533723
12.469999611377716,34.423885,0.22703944,0.32655802
12.479999840259552,34.407883,0.22703944,0.3277788
12.490000069141388,34.387882,0.2271068,0.3277788
12.500000298023224,34.391884,0.2271068,0.32899958
12.509999573230743,34.363884,0.22717418,0.33022034
12.51999980211258,34.331882,0.22724155,0.33022034
12.530000030994415,34.363884,0.22724155,0.33144113
12.540000259876251,34.379883,0.22730891,0.33144113
12.54999953508377,34.36788,0.22737628,0.3338827
12.559999763965607,34.371883,0.22744367,0.3338827
12.569999992847443,34.383884,0.22751102,0.3338827
12.580000221729279,34.379883,0.22764577,0.3338827
12.590000450611115,34.343884,0.2277805,0.33510345
12.599999725818634,34.379883,0.22791524,0.33510345
12.60999995470047,34.41188,0.22805,0.33510345
12.620000183582306,34.423885,0.22818473,0.33510345
12.630000412464142,34.443882,0.22831948,0.33632424
12.639999687671661,34.459885,0.22838683,0.33632424
12.649999916553497,34.479885,0.22858895,0.33632424
12.660000145435333,34.479885,0.22885844,0.33632424
12.67000037431717,34.54388,0.22926266,0.3338827
12.679999649524689,34.635883,0.22966689,0.33144113
12.689999878406525,34.74388,0.23027322,0.32899958
12.70000010728836,34.85588,0.23101431,0.32533723
12.710000336170197,34.99588,0.23189013,0.32045412
12.719999611377716,35.17188,0.23276594,0.315571
12.729999840259552,35.255882,0.2333049,0.3119087
12.740000069141388,35.26788,0.23343964,0.31312945
12.750000298023224,35.263878,0.23343964,0.31435025
12.759999573230743,35.27188,0.23343964,0.315571
12.76999980211258,35.29588,0.23343964,0.3167918
12.780000030994415,35.32788,0.23343964,0.31801257
12.790000259876251,35.319878,0.23350702,0.31801257
12.79999953508377,35.29588,0.23350702,0.31923336
12.809999763965607,35.21988,0.23350702,0.32045412
12.819999992847443,35.18788,0.23357439,0.3216749
12.830000221729279,35.19588,0.23364177,0.3216749
12.840000450611115,35.20788,0.23370913,0.32289568
12.849999725818634,35.22788,0.23370913,0.32411647
12.85999995470047,35.27988,0.23377651,0.32411647
12.870000183582306,35.28388,0.23384388,0.32533723
12.880000412464142,35.23188,0.23384388,0.32655802
12.889999687671661,35.21988,0.23397861,0.32655802
12.899999916553497,35.20788,0.234046,0.3277788
12.910000145435333,35.17588,0.23411335,0.3277788
12.92000037431717,35.20388,0.2342481,0.3277788
12.929999649524689,35.29188,0.23438284,0.3277788
12.939999878406525,35.32388,0.23458496,0.3277788
12.95000010728836,35.36388,0.23485444,0.3277788
12.960000336170197,35.41988,0.2353934,0.32411647
12.969999611377716,35.515877,0.23620185,0.32045412
12.979999840259552,35.66388,0.23734716,0.31435025
12.990000069141388,35.91588,0.23876193,0.3058048
13.000000298023224,36.195877,0.24010935,0.29603857
13.009999573230743,36.407875,0.24098517,0.29237625
13.01999980211258,36.507874,0.24159151,0.2887139
13.030000030994415,36.539875,0.24199574,0.28749314
13.040000259876251,36.611874,0.2423326,0.28627235
13.04999953508377,36.711876,0.24280418,0.2838308
13.059999763965607,36.835873,0.24341053,0.28138924
13.069999992847443,37.01187,0.24421896,0.27650613
13.080000221729279,37.175873,0.24516216,0.27162302
13.090000450611115,37.271873,0.2459706,0.2667399
13.099999725818634,37.315872,0.24624008,0.26551914
13.10999995470047,37.275875,0.24630745,0.2667399
13.120000183582306,37.251873,0.24630745,0.2679607
13.130000412464142,37.271873,0.24630745,0.26918146
13.139999687671661,37.335873,0.24630745,0.27040225
13.149999916553497,37.371872,0.24630745,0.27162302
13.160000145435333,37.347874,0.24630745,0.2728438
13.17000037431717,37.271873,0.24630745,0.2728438
13.179999649524689,37.199875,0.24630745,0.27528536
13.189999878406525,37.119873,0.24630745,0.27528536
13.20000010728836,37.079876,0.24630745,0.27650613
13.210000336170197,37.091873,0.24630745,0.27772692
13.219999611377716,37.175873,0.24630745,0.27894768
13.229999840259552,37.19187,0.24630745,0.28016847
13.240000069141388,37.179874,0.24630745,0.28138924
13.250000298023224,37.147873,0.24630745,0.28261003
13.259999573230743,37.035873,0.24630745,0.2838308
13.26999980211258,36.959873,0.24630745,0.28505158
13.280000030994415,36.951874,0.24630745,0.28627235
13.290000259876251,37.019875,0.24630745,0.28749314
13.29999953508377,37.051872,0.24630745,0.2887139
13.309999763965607,37.055874,0.24630745,0.2899347
13.319999992847443,37.03187,0.24630745,0.29115546
13.330000221729279,36.959873,0.24630745,0.29237625
13.340000450611115,36.887875,0.24637483,0.29237625
13.349999725818634,36.839874,0.24637483,0.293597
13.35999995470047,36.859875,0.24637483,0.2948178
13.370000183582306,36.879875,0.24637483,0.29603857
13.380000412464142,36.911873,0.24637483,0.29725936
13.389999687671661,36.935875,0.2464422,0.29848012
13.399999916553497,36.931873,0.2464422,0.29848012
13.410000145435333,36.843876,0.2464422,0.30092168
13.42000037431717,36.767876,0.2464422,0.30092168
13.429999649524689,36.751877,0.24650955,0.30214247
13.439999878406525,36.771877,0.24650955,0.30336323
13.45000010728836,36.803875,0.24657692,0.30458403
13.460000336170197,36.851875,0.2466443,0.30458403
13.469999611377716,36.899876,0.24671167,0.3058048
13.479999840259552,36.855873,0.24677905,0.3058048
13.490000069141388,36.779873,0.24684642,0.30702558
13.500000298023224,36.759872,0.2469138,0.30702558
13.509999573230743,36.755875,0.24698114,0.30824634
13.51999980211258,36.743874,0.24698114,0.30946714
13.530000030994415,36.791874,0.24704853,0.30946714
13.540000259876251,36.831875,0.2471159,0.3106879
13.54999953508377,36.855873,0.24718328,0.3106879
13.559999763965607,36.835873,0.24738537,0.3106879
13.569999992847443,36.839874,0.24765487,0.3106879
13.580000221729279,36.843876,0.2480591,0.30824634
13.590000450611115,36.911873,0.24853069,0.30702558
13.599999725818634,37.091873,0.24920438,0.30336323
13.60999995470047,37.26787,0.2500802,0.29848012
13.620000183582306,37.491875,0.2510908,0.29237625
13.630000412464142,37.639874,0.25210133,0.28627235
13.639999687671661,37.69987,0.25257292,0.28505158
13.649999916553497,37.71587,0.25277504,0.2838308
13.660000145435333,37.64387,0.25277504,0.28505158
13.67000037431717,37.639874,0.25277504,0.28627235
13.679999649524689,37.707874,0.25277504,0.28749314
13.689999878406525,37.79587,0.25277504,0.2887139
13.70000010728836,37.787872,0.25277504,0.2899347
13.710000336170197,37.74787,0.25277504,0.29115546
13.719999611377716,37.67987,0.25277504,0.29237625
13.729999840259552,37.57587,0.25277504,0.293597
13.740000069141388,37.523872,0.25277504,0.2948178
13.750000298023224,37.547874,0.25284243,0.2948178
13.759999573230743,37.599873,0.25284243,0.29603857
13.76999980211258,37.647873,0.25284243,0.29725936
13.780000030994415,37.69187,0.25284243,0.29848012
13.790000259876251,37.683872,0.25284243,0.29970092
13.79999953508377,37.551872,0.25290978,0.30092168
13.809999763965607,37.44387,0.25290978,0.30214247
13.819999992847443,37.42787,0.25290978,0.30214247
13.830000221729279,37.467873,0.25297713,0.30336323
13.840000450611115,37.53587,0.25304452,0.30458403
13.849999725818634,37.599873,0.25304452,0.3058048
13.85999995470047,37.61587,0.2531119,0.3058048
13.870000183582306,37.579872,0.25317928,0.30702558
13.880000412464142,37.495872,0.253314,0.30702558
13.889999687671661,37.46387,0.2535161,0.30702558
13.899999916553497,37.46387,0.25365087,0.30702558
13.910000145435333,37.507874,0.25392035,0.30702558
13.92000037431717,37.607872,0.25412247,0.3058048
13.929999649524689,37.71987,0.25432456,0.3058048
13.939999878406525,37.763874,0.2545267,0.3058048
13.95000010728836,37.76787,0.25486353,0.30458403
13.960000336170197,37.743874,0.2552004,0.30336323
13.969999611377716,37.78387,0.25560462,0.30092168
13.979999840259552,37.835873,0.25607622,0.29970092
13.990000069141388,37.95187,0.2566152,0.29603857
14.000000298023224,38.135868,0.25728887,0.293597
14.009999573230743,38.28387,0.25776047,0.29115546
14.01999980211258,38.29187,0.2579626,0.29115546
14.030000030994415,38.25187,0.2579626,0.29237625
14.040000259876251,38.21587,0.2579626,0.293597
14.04999953508377,38.17587,0.2579626,0.2948178
14.059999763965607,38.16387,0.25802994,0.2948178
14.069999992847443,38.18387,0.25802994,0.29603857
14.080000221729279,38.211872,0.25802994,0.29725936
14.090000450611115,38.219868,0.25802994,0.29848012
14.099999725818634,38.20787,0.25802994,0.29970092
14.10999995470047,38.16387,0.25802994,0.30092168
14.120000183582306,38.11987,0.25809732,0.30092168
14.130000412464142,38.059868,0.25809732,0.30214247
14.139999687671661,38.04787,0.25809732,0.30336323
14.149999916553497,38.07987,0.25809732,0.30458403
14.160000145435333,38.09587,0.25809732,0.3058048
14.17000037431717,38.10387,0.2581647,0.30702558
14.179999649524689,38.10387,0.2581647,0.30824634
14.189999878406525,38.06787,0.2582321,0.30824634
14.20000010728836,37.99987,0.25829944,0.30946714
14.210000336170197,37.98787,0.25829944,0.3106879
14.219999611377716,38.015873,0.25836682,0.3106879
14.229999840259552,38.02787,0.25836682,0.3119087
14.240000069141388,38.059868,0.25843418,0.31312945
14.250000298023224,38.05587,0.25843418,0.31435025
14.259999573230743,38.01987,0.25850156,0.31435025
14.26999980211258,37.96787,0.25850156,0.315571
14.280000030994415,37.95187,0.2585689,0.3167918
14.290000259876251,37.959873,0.2585689,0.31801257
14.29999953508377,37.95187,0.2586363,0.31801257
14.309999763965607,37.95587,0.25870368,0.31923336
14.319999992847443,37.98787,0.25877106,0.32045412
14.330000221729279,38.00387,0.2588384,0.32045412
14.340000450611115,37.99187,0.25897315,0.32045412
14.349999725818634,37.975872,0.25917527,0.32045412
14.35999995470047,38.00787,0.25937736,0.32045412
14.370000183582306,38.04387,0.2595795,0.32045412
14.380000412464142,38.04787,0.2597816,0.32045412
14.389999687671661,38.08787,0.25998372,0.31923336
14.399999916553497,38.18787,0.2602532,0.31923336
14.410000145435333,38.231873,0.2606574,0.3167918
14.42000037431717,38.30787,0.26106164,0.315571
14.429999649524689,38.36787,0.26153323,0.31312945
14.439999878406525,38.45987,0.2621396,0.3106879
14.45000010728836,38.55187,0.26281327,0.30702558
14.460000336170197,38.65587,0.26341963,0.30336323
14.469999611377716,38.767868,0.26382387,0.30214247
14.479999840259552,38.767868,0.26389122,0.30214247
14.490000069141388,38.73187,0.26389122,0.30458403
14.500000298023224,38.73987,0.26389122,0.30458403
14.509999573230743,38.743866,0.26389122,0.30702558
14.51999980211258,38.727867,0.26389122,0.30702558
14.530000030994415,38.73987,0.26395857,0.30824634
14.540000259876251,38.719868,0.26395857,0.30946714
14.54999953508377,38.707867,0.26395857,0.3106879
14.559999763965607,38.663868,0.26395857,0.3119087
14.569999992847443,38.635868,0.26395857,0.31312945
14.580000221729279,38.63987,0.26395857,0.31435025
14.590000450611115,38.63187,0.26395857,0.315571
14.599999725818634,38.659866,0.26395857,0.3167918
14.60999995470047,38.663868,0.26395857,0.31801257
14.620000183582306,38.63187,0.26395857,0.31801257
14.630000412464142,38.583866,0.26395857,0.32045412
14.639999687671661,38.53987,0.26402596,0.32045412
14.649999916553497,38.55587,0.26402596,0.3216749
14.660000145435333,38.53587,0.26402596,0.32289568
14.67000037431717,38.547867,0.26402596,0.32411647
14.679999649524689,38.567867,0.26402596,0.32533723
14.689999878406525,38.54387,0.26402596,0.32655802
14.70000010728836,38.511868,0.26402596,0.3277788
14.710000336170197,38.491867,0.26402596,0.3277788
14.719999611377716,38.48787,0.26402596,0.33022034
14.729999840259552,38.46787,0.26402596,0.33022034
14.740000069141388,38.46387,0.26402596,0.33144113
14.750000298023224,38.45187,0.26402596,0.3326619
14.759999573230743,38.455868,0.26409334,0.3338827
14.76999980211258,38.44387,0.26409334,0.33510345
14.780000030994415,38.435867,0.26409334,0.33632424
14.790000259876251,38.45987,0.26409334,0.337545
14.79999953508377,38.41987,0.2641607,0.337545
14.809999763965607,38.36787,0.2641607,0.3387658
14.819999992847443,38.36387,0.2641607,0.33998656
14.830000221729279,38.399868,0.2641607,0.34120736
14.840000450611115,38.37587,0.26422808,0.34120736
14.849999725818634,38.387867,0.2643628,0.34242812
14.85999995470047,38.39187,0.2643628,0.3436489
14.870000183582306,38.387867,0.26443017,0.3436489
14.880000412464142,38.33987,0.26449755,0.34486967
14.889999687671661,38.37587,0.26463228,0.34486967
14.899999916553497,38.41187,0.26476705,0.34486967
14.910000145435333,38.41187,0.26490176,0.34609047
14.92000037431717,38.41587,0.2651039,0.34486967
14.929999649524689,38.491867,0.26544073,0.3436489
14.939999878406525,38.55587,0.2657776,0.34242812
14.95000010728836,38.587868,0.2660471,0.34242812
14.960000336170197,38.615868,0.26631656,0.34120736
14.969999611377716,38.69587,0.26658604,0.34120736
14.980124771595001,38.71587,0.26685554,0.33998656
14.990000069141388,38.75187,0.267125,0.33998656
15.000000298023224,38.82787,0.26746187,0.337545
15.009999573230743,38.915867,0.26786608,0.33632424
15.01999980211258,38.995865,0.26847243,0.3338827
15.030000030994415,39.123867,0.2692135,0.33022034
15.040000259876251,39.303864,0.2701567,0.32411647
15.04999953508377,39.459866,0.27096516,0.31923336
15.059999763965607,39.539867,0.2715715,0.3167918
15.069999992847443,39.619865,0.27204308,0.31435025
15.080000221729279,39.687862,0.2724473,0.31312945
15.090000450611115,39.803864,0.27298626,0.3106879
15.099999725818634,39.915863,0.27359262,0.30824634
15.10999995470047,40.063866,0.27419892,0.30458403
15.120000183582306,40.199863,0.27487266,0.30092168
15.130000412464142,40.291862,0.27554634,0.29725936
15.139999687671661,40.34386,0.27608532,0.2948178
15.149999916553497,40.41186,0.27648956,0.29237625
15.160000145435333,40.447865,0.27675903,0.29237625
15.17000037431717,40.471863,0.27689376,0.29237625
15.179999649524689,40.53186,0.27696115,0.293597
15.189999878406525,40.55586,0.27696115,0.2948178
15.20000010728836,40.567863,0.27702853,0.2948178
15.210000336170197,40.53186,0.27709588,0.29603857
15.219999611377716,40.527863,0.27709588,0.29603857
15.229999840259552,40.467865,0.27716324,0.29725936
15.240000069141388,40.43986,0.27723062,0.29848012
15.250000298023224,40.447865,0.27736536,0.29848012
15.259999573230743,40.491863,0.27743274,0.29848012
15.26999980211258,40.52386,0.27756748,0.29970092
15.280000030994415,40.55186,0.27763483,0.29970092
15.290000259876251,40.55586,0.2777022,0.30092168
15.29999953508377,40.50386,0.27783698,0.30092168
15.309999763965607,40.45986,0.27790433,0.30214247
15.319999992847443,40.46386,0.27810645,0.30092168
15.330000221729279,40.51586,0.27830857,0.30092168
15.340000450611115,40.607864,0.27864543,0.29970092
15.349999725818634,40.71186,0.2791844,0.29848012
15.35999995470047,40.84386,0.2797907,0.2948178
15.370000183582306,40.94386,0.28046444,0.29115546
15.380000412464142,41.00786,0.28113812,0.28749314
15.389999687671661,41.12386,0.2818792,0.2838308
15.399999916553497,41.239857,0.28255293,0.28016847
15.410000145435333,41.31986,0.28295714,0.27772692
15.42000037431717,41.37586,0.28315926,0.27772692
15.429999649524689,41.423862,0.28315926,0.27894768
15.439999878406525,41.411858,0.2832266,0.28016847
15.45000010728836,41.40786,0.2832266,0.28138924
15.460000336170197,41.37586,0.2832266,0.28261003
15.469999611377716,41.36786,0.283294,0.28261003
15.479999840259552,41.30386,0.283294,0.2838308
15.490000069141388,41.279858,0.283294,0.28505158
15.500000298023224,41.28786,0.283294,0.28627235
15.509999573230743,41.327858,0.283294,0.28749314
15.51999980211258,41.29586,0.283294,0.2887139
15.530000030994415,41.30386,0.28336138,0.2887139
15.540000259876251,41.263863,0.28336138,0.29115546
15.54999953508377,41.22786,0.28336138,0.29115546
15.559999763965607,41.17986,0.28336138,0.29237625
15.569999992847443,41.16786,0.28336138,0.293597
15.580000221729279,41.18386,0.28336138,0.2948178
15.590000450611115,41.18386,0.28342876,0.29603857
15.599999725818634,41.16786,0.28342876,0.29603857
15.60999995470047,41.18786,0.28342876,0.29848012
15.620000183582306,41.171864,0.28342876,0.29848012
15.630000412464142,41.099857,0.28349608,0.29970092
15.639999687671661,41.06386,0.28349608,0.30092168
15.649999916553497,41.08786,0.28349608,0.30214247
15.660000145435333,41.06386,0.28356346,0.30214247
15.67000037431717,41.079857,0.28356346,0.30458403
15.679999649524689,41.08786,0.28356346,0.30458403
15.689999878406525,41.09586,0.28356346,0.30702558
15.70000010728836,41.05586,0.28363085,0.30702558
15.710000336170197,41.01586,0.28369823,0.30824634
15.720000565052032,41.04386,0.28376558,0.30824634
15.730000793933868,41.02386,0.28383297,0.30946714
15.739999115467072,41.01586,0.28390035,0.30946714
15.749999344348907,41.079857,0.28403506,0.3106879
15.759999573230743,41.09186,0.28416982,0.3106879
15.76999980211258,41.10386,0.28430456,0.3106879
15.780000030994415,41.131863,0.28457403,0.30946714
15.790000259876251,41.19986,0.28504562,0.30702558
15.800000488758087,41.29186,0.28565195,0.30458403
15.810000717639923,41.399857,0.2864604,0.30092168
15.820000946521759,41.54786,0.28713414,0.29603857
15.829999268054962,41.67586,0.28767312,0.293597
15.839999496936798,41.73586,0.28821206,0.29115546
15.849999725818634,41.79186,0.28861627,0.2899347
15.85999995470047,41.855854,0.2888184,0.2899347
15.870000183582306,41.863857,0.28888577,0.2899347
15.880000412464142,41.843857,0.28888577,0.29115546
15.890000641345978,41.84786,0.28888577,0.29237625
15.900000870227814,41.86786,0.28888577,0.293597
15.909999191761017,41.835854,0.28895316,0.2948178
15.919999420642853,41.79986,0.28895316,0.29603857
15.929999649524689,41.779858,0.28895316,0.29603857
15.939999878406525,41.76786,0.28895316,0.29848012
15.95000010728836,41.731857,0.28895316,0.29848012
15.960000336170197,41.759857,0.28895316,0.30092168
15.970000565052032,41.77186,0.28902048,0.30092168
15.980000793933868,41.751858,0.28902048,0.30214247
15.989999115467072,41.72786,0.28902048,0.30336323
15.999999344348907,41.68786,0.28902048,0.30458403
16.009999573230743,41.671856,0.28908786,0.30458403
16.01999980211258,41.67986,0.28908786,0.3058048
16.030000030994415,41.643856,0.28908786,0.30702558
16.04000025987625,41.65986,0.28908786,0.30824634
16.050000488758087,41.671856,0.28908786,0.30946714
16.060000717639923,41.65586,0.28915524,0.3106879
16.07000094652176,41.627857,0.28915524,0.3119087
16.079999268054962,41.63586,0.28922263,0.3119087
16.089999496936798,41.591858,0.28922263,0.31312945
16.099999725818634,41.54786,0.28922263,0.31435025
16.10999995470047,41.563858,0.28922263,0.315571
16.120000183582306,41.58786,0.28928998,0.3167918
16.130000412464142,41.58786,0.28935736,0.3167918
16.140000641345978,41.599857,0.28935736,0.31801257
16.150000870227814,41.579857,0.28942475,0.31923336
16.159999191761017,41.54786,0.28942475,0.32045412
16.169999420642853,41.51986,0.2894921,0.32045412
16.17999964952469,41.52386,0.28955945,0.3216749
16.189999878406525,41.559856,0.28962684,0.3216749
16.20000010728836,41.563858,0.2897616,0.3216749
16.210000336170197,41.56786,0.28982896,0.32289568
16.220000565052032,41.60786,0.28982896,0.32411647
16.23000079393387,41.571857,0.2898963,0.32411647
16.23999911546707,41.51986,0.2899637,0.32655802
16.249999344348907,41.52786,0.2899637,0.32655802
16.259999573230743,41.54386,0.2899637,0.3277788
16.26999980211258,41.50786,0.29003108,0.3277788
16.280000030994415,41.52386,0.2901658,0.32899958
16.29000025987625,41.55586,0.2902332,0.33022034
16.300000488758087,41.54786,0.2902332,0.33022034
16.310000717639923,41.55586,0.2903679,0.33022034
16.32000094652176,41.54386,0.29050267,0.33144113
16.329999268054962,41.56786,0.2906374,0.33144113
16.339999496936798,41.54786,0.29077214,0.33144113
16.349999725818634,41.56786,0.29090688,0.33144113
16.35999995470047,41.647858,0.29104164,0.33144113
16.370000183582306,41.683857,0.29124373,0.33144113
16.380000412464142,41.69586,0.29151323,0.33022034
16.390000641345978,41.739857,0.2918501,0.33022034
16.400000870227814,41.79986,0.29232168,0.3277788
16.409999191761017,41.871857,0.29279327,0.32533723
16.419999420642853,41.931858,0.29333222,0.32289568
16.42999964952469,42.059856,0.2938712,0.32045412
16.439999878406525,42.171856,0.29441017,0.31801257
16.45000010728836,42.251858,0.29494914,0.315571
16.460000336170197,42.315857,0.295286,0.31435025
16.470000565052032,42.371857,0.29535338,0.31435025
16.48000079393387,42.343857,0.29535338,0.315571
16.48999911546707,42.331856,0.29535338,0.3167918
16.499999344348907,42.315857,0.29535338,0.31801257
16.509999573230743,42.331856,0.29535338,0.31923336
16.51999980211258,42.315857,0.2954207,0.32045412
16.530000030994415,42.29986,0.2954207,0.3216749
16.54000025987625,42.307854,0.2954207,0.3216749
16.550000488758087,42.279858,0.2954207,0.32289568
16.560000717639923,42.215855,0.2954207,0.32411647
16.57000094652176,42.211857,0.2954207,0.32533723
16.579999268054962,42.231857,0.2954207,0.32655802
16.589999496936798,42.215855,0.2954881,0.3277788
16.599999725818634,42.211857,0.2954881,0.32899958
16.60999995470047,42.239857,0.2954881,0.33022034
16.620000183582306,42.195854,0.2954881,0.33144113
16.630000412464142,42.163857,0.29555547,0.33144113
16.640000641345978,42.143856,0.29562286,0.3326619
16.650000870227814,42.175854,0.29562286,0.3338827
16.659999191761017,42.187855,0.2957576,0.3338827
16.669999420642853,42.183857,0.29582494,0.3338827
16.67999964952469,42.191856,0.29595968,0.33510345
16.689999878406525,42.211857,0.29609445,0.33510345
16.70000010728836,42.207855,0.29616183,0.33632424
16.710000336170197,42.215855,0.29629654,0.33632424
16.720000565052032,42.27186,0.29656604,0.33510345
16.73000079393387,42.323856,0.29697025,0.3338827
16.73999911546707,42.375854,0.29744187,0.33144113
16.749999344348907,42.523857,0.29818293,0.3277788
16.759999573230743,42.691853,0.29905877,0.32289568
16.76999980211258,42.887856,0.3000693,0.3167918
16.780000030994415,43.023853,0.3009451,0.3119087
16.79000025987625,43.147854,0.30155146,0.30946714
16.800000488758087,43.17585,0.30161884,0.30946714
16.810000717639923,43.15185,0.30168623,0.3106879
16.82000094652176,43.163853,0.30168623,0.3106879
16.829999268054962,43.22385,0.30168623,0.3119087
16.839999496936798,43.247856,0.30168623,0.31312945
16.849999725818634,43.211853,0.30168623,0.31435025
16.85999995470047,43.171852,0.30168623,0.315571
16.870000183582306,43.119854,0.30168623,0.3167918
16.880000412464142,43.067856,0.30168623,0.31801257
16.890000641345978,43.047855,0.30168623,0.31923336
16.900000870227814,43.079853,0.30168623,0.32045412
16.909999191761017,43.11185,0.30168623,0.3216749
16.919999420642853,43.095856,0.30175358,0.3216749
16.92999964952469,43.10385,0.30175358,0.32411647
16.939999878406525,43.08385,0.30175358,0.32411647
16.95000010728836,43.007854,0.30175358,0.32533723
16.960000336170197,42.959854,0.30175358,0.32655802
16.970000565052032,42.959854,0.30182093,0.3277788
16.98000079393387,42.979855,0.30182093,0.32899958
16.98999911546707,43.003853,0.30182093,0.33022034
16.999999344348907,43.035854,0.30188832,0.33022034
17.009999573230743,43.051853,0.3019557,0.33144113
17.01999980211258,42.995857,0.30202305,0.33144113
17.030000030994415,42.927853,0.30209044,0.3326619
17.04000025987625,42.92385,0.30222517,0.3326619
17.050000488758087,42.959854,0.3023599,0.3326619
17.060000717639923,43.015854,0.30249467,0.3338827
17.07000094652176,43.079853,0.30269676,0.3326619
17.079999268054962,43.13185,0.30303362,0.3326619
17.089999496936798,43.179855,0.30343786,0.33022034
17.099999725818634,43.24385,0.30411157,0.32655802
17.10999995470047,43.39585,0.30505475,0.3216749
17.120000183582306,43.62785,0.30620006,0.31435025
17.130000412464142,43.88385,0.30754748,0.30702558
17.140000641345978,44.10785,0.30882752,0.29848012
17.150000870227814,44.29985,0.30956858,0.2948178
17.159999191761017,44.37185,0.30990544,0.293597
17.169999420642853,44.43985,0.31037703,0.29115546
17.17999964952469,44.575848,0.31105074,0.28749314
17.189999878406525,44.723846,0.31179184,0.2838308
17.20000010728836,44.847847,0.31246552,0.28016847
17.210000336170197,44.967846,0.31307188,0.27772692
17.220000565052032,45.075848,0.31374556,0.27406457
17.23000079393387,45.16385,0.31421715,0.27162302
17.23999911546707,45.159843,0.31435192,0.27162302
17.249999344348907,45.159843,0.31435192,0.2728438
17.259999573230743,45.135845,0.31435192,0.27406457
17.26999980211258,45.127846,0.31435192,0.27528536
17.280000030994415,45.16385,0.3144193,0.27650613
17.29000025987625,45.203846,0.3144193,0.27772692
17.300000488758087,45.175846,0.3144193,0.27894768
17.310000717639923,45.091846,0.3144193,0.28016847
17.32000094652176,45.035847,0.3144193,0.28138924
17.329999268054962,45.007847,0.3144193,0.28138924
17.339999496936798,44.999847,0.3144193,0.28261003
17.349999725818634,44.991848,0.3144193,0.2838308
17.35999995470047,45.055847,0.3144193,0.28505158
17.370000183582306,45.047844,0.3144193,0.28627235
17.380000412464142,44.98385,0.3144193,0.28749314
17.390000641345978,44.927845,0.3144193,0.2887139
17.400000870227814,44.915848,0.3144193,0.2899347
17.409999191761017,44.87985,0.3144193,0.29115546
17.419999420642853,44.859848,0.3144193,0.29237625
17.42999964952469,44.883846,0.3144193,0.293597
17.439999878406525,44.887844,0.3144193,0.2948178
17.45000010728836,44.875847,0.3144193,0.29603857
17.460000336170197,44.867844,0.3144193,0.29725936
17.470000565052032,44.819847,0.3144193,0.29848012
17.48000079393387,44.775845,0.3144193,0.29970092
17.48999911546707,44.71185,0.3144193,0.30092168
17.499999344348907,44.71985,0.3144193,0.30214247
17.509999573230743,44.771847,0.3144193,0.30214247
17.51999980211258,44.77985,0.3144193,0.30336323
17.530000030994415,44.74785,0.3144193,0.30458403
17.54000025987625,44.73185,0.3144193,0.3058048
17.550000488758087,44.69185,0.3144193,0.30702558
17.560000717639923,44.62785,0.3144193,0.30824634
17.57000094652176,44.631847,0.3144193,0.30946714
17.579999268054962,44.66385,0.3144193,0.3106879
17.589999496936798,44.64385,0.3144193,0.3119087
17.599999725818634,44.635845,0.3144193,0.31312945
17.60999995470047,44.62785,0.3144193,0.31435025
17.620000183582306,44.603848,0.3144193,0.315571
17.630000412464142,44.55185,0.3144193,0.3167918
17.640000641345978,44.515846,0.3144193,0.31801257
17.650000870227814,44.515846,0.3144193,0.31923336
17.659999191761017,44.515846,0.3144193,0.32045412
17.669999420642853,44.50785,0.31448665,0.32045412
17.67999964952469,44.53985,0.31448665,0.3216749
17.689999878406525,44.52785,0.31448665,0.32289568
17.70000010728836,44.47985,0.31448665,0.32411647
17.710000336170197,44.435852,0.31448665,0.32533723
17.720000565052032,44.431847,0.314554,0.32655802
17.73000079393387,44.45985,0.314554,0.32655802
17.73999911546707,44.43985,0.314554,0.3277788
17.749999344348907,44.455853,0.3146214,0.32899958
17.759999573230743,44.47985,0.31468877,0.33022034
17.76999980211258,44.455853,0.31468877,0.33022034
17.780000030994415,44.41585,0.31475613,0.33144113
17.79000025987625,44.42785,0.31475613,0.3326619
17.800000488758087,44.423847,0.3148235,0.3338827
17.810000717639923,44.39585,0.3148235,0.3338827
17.82000094652176,44.41585,0.3148909,0.33510345
17.829999268054962,44.455853,0.31495824,0.33632424
17.839999496936798,44.41585,0.31495824,0.337545
17.849999725818634,44.411846,0.3150256,0.337545
17.85999995470047,44.39985,0.31509298,0.3387658
17.870000183582306,44.383846,0.31516036,0.3387658
17.880000412464142,44.39585,0.3152951,0.33998656
17.890000641345978,44.41585,0.31542984,0.33998656
17.900000870227814,44.51185,0.31556457,0.33998656
17.909999191761017,44.515846,0.31569934,0.33998656
17.919999420642853,44.515846,0.3159688,0.3387658
17.92999964952469,44.54785,0.31637302,0.337545
17.939999878406525,44.635845,0.316912,0.33510345
17.95000010728836,44.755848,0.31765306,0.33144113
17.960000336170197,44.89985,0.3184615,0.32655802
17.970000565052032,45.099846,0.31933734,0.3216749
17.98000079393387,45.295845,0.32028055,0.3167918
17.98999911546707,45.399845,0.32102162,0.31312945
17.999999344348907,45.455845,0.32129112,0.3119087
18.009999573230743,45.48385,0.32135844,0.3119087
18.01999980211258,45.451843,0.32135844,0.31312945
18.030000030994415,45.443848,0.32135844,0.31435025
18.04000025987625,45.495846,0.32135844,0.315571
18.050000488758087,45.515846,0.32142583,0.3167918
18.060000717639923,45.487846,0.32142583,0.31801257
18.07000094652176,45.455845,0.32142583,0.31923336
18.079999268054962,45.423847,0.3214932,0.31923336
18.089999496936798,45.403847,0.3215606,0.32045412
18.099999725818634,45.371845,0.3215606,0.3216749
18.10999995470047,45.375847,0.3215606,0.3216749
18.120000183582306,45.439846,0.32169533,0.32289568
18.130000412464142,45.451843,0.32176268,0.32289568
18.140000641345978,45.439846,0.32183006,0.32411647
18.150000870227814,45.443848,0.32189742,0.32411647
18.159999191761017,45.415848,0.3219648,0.32533723
18.169999420642853,45.383846,0.32209957,0.32533723
18.17999964952469,45.39184,0.32230166,0.32533723
18.189999878406525,45.471844,0.32250378,0.32533723
18.20000010728836,45.515846,0.32270586,0.32533723
18.210000336170197,45.543846,0.322908,0.32411647
18.220000565052032,45.599846,0.3231775,0.32411647
18.23000079393387,45.635845,0.3235143,0.32289568
18.23999911546707,45.64384,0.3238512,0.3216749
18.249999344348907,45.707844,0.32425544,0.32045412
18.259999573230743,45.779846,0.32465965,0.31923336
18.26999980211258,45.867844,0.32506385,0.3167918
18.280000030994415,45.947845,0.3256028,0.31435025
18.29000025987625,46.083843,0.32614177,0.3119087
18.300000488758087,46.203842,0.32668075,0.30824634
18.310000717639923,46.231842,0.3270176,0.30824634
18.32000094652176,46.22784,0.327085,0.30824634
18.329999268054962,46.21184,0.327085,0.30946714
18.339999496936798,46.199844,0.32715237,0.3106879
18.349999725818634,46.199844,0.32715237,0.3119087
18.35999995470047,46.219845,0.32721972,0.3119087
18.370000183582306,46.279846,0.32721972,0.31312945
18.380000412464142,46.215843,0.32721972,0.31435025
18.390000641345978,46.16384,0.32721972,0.315571
18.400000870227814,46.14384,0.32721972,0.3167918
18.409999191761017,46.111843,0.32728708,0.31801257
18.419999420642853,46.099846,0.32728708,0.31801257
18.42999964952469,46.123844,0.32735446,0.31923336
18.439999878406525,46.15584,0.32735446,0.32045412
18.45000010728836,46.13584,0.32735446,0.3216749
18.460000336170197,46.083843,0.32735446,0.32289568
18.470000565052032,46.087845,0.32742184,0.32289568
18.48000079393387,46.05184,0.32742184,0.32411647
18.48999911546707,46.015842,0.32742184,0.32533723
18.499999344348907,46.039845,0.3274892,0.32655802
18.509999573230743,46.071842,0.32755658,0.32655802
18.51999980211258,46.087845,0.32762396,0.3277788
18.530000030994415,46.103844,0.32775867,0.3277788
18.54000025987625,46.071842,0.32782605,0.32899958
18.550000488758087,46.055843,0.32789344,0.32899958
18.560000717639923,46.039845,0.32802817,0.33022034
18.57000094652176,46.011845,0.32809556,0.33022034
18.579999268054962,46.047844,0.3281629,0.33144113
18.589999496936798,46.131844,0.3282303,0.33144113
18.599999725818634,46.127842,0.32836503,0.33144113
18.60999995470047,46.127842,0.32849976,0.3326619
18.620000183582306,46.123844,0.32856712,0.3326619
18.630000412464142,46.087845,0.32876924,0.3326619
18.640000641345978,46.09584,0.328904,0.3326619
18.650000870227814,46.14384,0.3291061,0.3326619
18.659999191761017,46.179844,0.32924086,0.3326619
18.669999420642853,46.231842,0.32951033,0.33144113
18.67999964952469,46.26784,0.32977983,0.33144113
18.689999878406525,46.375843,0.33018404,0.33022034
18.70000010728836,46.463844,0.330723,0.32655802
18.710000336170197,46.543842,0.33132935,0.32411647
18.720000565052032,46.631844,0.33200303,0.32045412
18.73000079393387,46.75584,0.33274412,0.3167918
18.73999911546707,46.86784,0.33335045,0.31312945
18.749999344348907,46.95984,0.3336873,0.3119087
18.759999573230743,47.015842,0.3337547,0.31312945
18.76999980211258,47.03984,0.33382204,0.31435025
18.780000030994415,46.99984,0.33388942,0.31435025
18.79000025987625,46.97984,0.3339568,0.315571
18.800000488758087,46.97184,0.3339568,0.3167918
18.810000717639923,46.97984,0.3339568,0.31801257
18.82000094652176,46.95184,0.3339568,0.31801257
18.829999268054962,46.95984,0.3339568,0.32045412
18.839999496936798,46.93184,0.3340242,0.32045412
18.849999725818634,46.89984,0.3340915,0.32045412
18.85999995470047,46.91184,0.3341589,0.3216749
18.870000183582306,46.95584,0.33422628,0.3216749
18.880000412464142,46.92384,0.33422628,0.32411647
18.890000641345978,46.88784,0.33429366,0.32411647
18.900000870227814,46.871838,0.33436102,0.32533723
18.909999191761017,46.883842,0.33436102,0.32655802
18.919999420642853,46.91184,0.33449575,0.32655802
18.92999964952469,46.94784,0.3346305,0.32655802
18.939999878406525,46.983837,0.33469787,0.3277788
18.95000010728836,46.93984,0.33483264,0.3277788
18.960000336170197,46.903843,0.3349,0.3277788
18.970000565052032,46.91184,0.33503473,0.3277788
18.98000079393387,46.95984,0.33523685,0.3277788
18.98999911546707,47.00784,0.3355737,0.32655802
18.999999344348907,47.07584,0.33591056,0.32655802
19.009999573230743,47.16784,0.33631477,0.32411647
19.01999980211258,47.235836,0.336719,0.32289568
19.030000030994415,47.23184,0.33705583,0.3216749
19.04000025987625,47.307842,0.33746007,0.31923336
19.050000488758087,47.443836,0.33799905,0.3167918
19.060000717639923,47.575836,0.3387401,0.31312945
19.07000094652176,47.711838,0.33961594,0.30824634
19.079999268054962,47.83584,0.34028965,0.30458403
19.089999496936798,47.92384,0.34069386,0.30336323
19.099999725818634,47.97184,0.34096333,0.30214247
19.10999995470047,48.039837,0.3413002,0.30092168
19.120000183582306,48.107838,0.34163707,0.30092168
19.130000412464142,48.119835,0.34197393,0.29848012
19.140000641345978,48.211834,0.3425129,0.29603857
19.150000870227814,48.343834,0.34305185,0.293597
19.159999191761017,48.459835,0.34359083,0.29115546
19.169999420642853,48.527836,0.34399503,0.2899347
19.17999964952469,48.571835,0.34439927,0.28749314
19.189999878406525,48.591835,0.3447361,0.28627235
19.20000010728836,48.619835,0.34507298,0.28505158
19.210000336170197,48.671833,0.34540984,0.28505158
19.220000565052032,48.767838,0.34561193,0.2838308
19.23000079393387,48.819836,0.3456793,0.28505158
19.23999911546707,48.803833,0.34574667,0.28505158
19.249999344348907,48.751835,0.34574667,0.28627235
19.259999573230743,48.711834,0.34574667,0.28749314
19.26999980211258,48.691833,0.34574667,0.2887139
19.280000030994415,48.683834,0.34581405,0.2899347
19.29000025987625,48.699837,0.34581405,0.29115546
19.300000488758087,48.711834,0.34581405,0.29237625
19.310000717639923,48.643833,0.34581405,0.29237625
19.32000094652176,48.635834,0.34588143,0.293597
19.329999268054962,48.611835,0.34588143,0.2948178
19.339999496936798,48.611835,0.34588143,0.29603857
19.349999725818634,48.579834,0.34588143,0.29725936
19.35999995470047,48.563835,0.34588143,0.29848012
19.370000183582306,48.563835,0.34588143,0.29970092
19.380000412464142,48.523834,0.34588143,0.30092168
19.390000641345978,48.499836,0.34588143,0.30214247
19.400000870227814,48.51584,0.34588143,0.30336323
19.409999191761017,48.527836,0.34594882,0.30336323
19.419999420642853,48.483833,0.34594882,0.30458403
19.42999964952469,48.435837,0.34594882,0.3058048
19.439999878406525,48.427837,0.34594882,0.30702558
19.45000010728836,48.443832,0.34601614,0.30824634
19.460000336170197,48.427837,0.34601614,0.30824634
19.470000565052032,48.439835,0.34601614,0.3106879
19.48000079393387,48.439835,0.34601614,0.3106879
19.48999911546707,48.379837,0.34608352,0.3119087
19.499999344348907,48.33584,0.34608352,0.31312945
19.509999573230743,48.343834,0.34608352,0.31435025
19.51999980211258,48.33584,0.3461509,0.31435025
19.530000030994415,48.363834,0.3461509,0.3167918
19.54000025987625,48.35584,0.3462183,0.3167918
19.550000488758087,48.359837,0.3462183,0.31801257
19.560000717639923,48.295837,0.34628564,0.31801257
19.57000094652176,48.287838,0.34635302,0.31923336
19.579999268054962,48.299835,0.34642038,0.32045412
19.589999496936798,48.327835,0.34642038,0.3216749
19.599999725818634,48.295837,0.3465551,0.3216749
19.60999995470047,48.315838,0.3466225,0.3216749
19.620000183582306,48.327835,0.34668988,0.32289568
19.630000412464142,48.327835,0.34675726,0.32289568
19.640000641345978,48.323833,0.34695935,0.32289568
19.650000870227814,48.359837,0.34722885,0.3216749
19.659999191761017,48.40383,0.34749833,0.3216749
19.669999420642853,48.451836,0.34783518,0.32045412
19.67999964952469,48.519836,0.3482394,0.31923336
19.689999878406525,48.639835,0.34877837,0.3167918
19.70000010728836,48.735832,0.34931734,0.31435025
19.710000336170197,48.80783,0.3497889,0.3119087
19.720000565052032,48.891834,0.35032788,0.30946714
19.73000079393387,48.975834,0.35086685,0.30702558
19.73999911546707,49.043835,0.35133845,0.30458403
19.749999344348907,49.103832,0.3516753,0.30336323
19.759999573230743,49.203835,0.35194477,0.30214247
19.76999980211258,49.23983,0.35207954,0.30214247
19.780000030994415,49.227833,0.35207954,0.30458403
19.79000025987625,49.21583,0.3521469,0.30458403
19.800000488758087,49.21983,0.35221428,0.3058048
19.810000717639923,49.183834,0.35221428,0.30702558
19.82000094652176,49.135834,0.35221428,0.30702558
19.829999268054962,49.143833,0.35221428,0.30824634
19.839999496936798,49.151833,0.35228166,0.30946714
19.849999725818634,49.163834,0.35228166,0.3106879
19.85999995470047,49.131836,0.35228166,0.3119087
19.870000183582306,49.123833,0.35228166,0.31312945
19.880000412464142,49.087833,0.35228166,0.31435025
19.890000641345978,49.059834,0.352349,0.31435025
19.900000870227814,49.043835,0.352349,0.315571
19.909999191761017,49.055832,0.35241637,0.3167918
19.919999420642853,49.039837,0.35241637,0.31801257
19.92999964952469,49.011833,0.35241637,0.31923336
19.939999878406525,49.031834,0.35248375,0.31923336
19.95000010728836,49.051834,0.35255113,0.32045412
19.960000336170197,49.039837,0.35261852,0.32045412
19.970000565052032,49.01583,0.35268587,0.3216749
19.98000079393387,48.983833,0.35275325,0.3216749
19.98999911546707,48.991833,0.3528206,0.32289568
19.999999344348907,48.98783,0.35295534,0.32289568
20.009999573230743,49.067833,0.35315746,0.32289568
20.01999980211258,49.115833,0.35342693,0.3216749
20.030000030994415,49.14783,0.3536964,0.3216749
20.04000025987625,49.179832,0.3539659,0.32045412
20.050000488758087,49.19983,0.35423538,0.32045412
20.060000717639923,49.21983,0.35443753,0.32045412
20.07000094652176,49.255833,0.354707,0.31923336
20.079999268054962,49.315834,0.3549091,0.31923336
20.089999496936798,49.367832,0.3551786,0.31801257
20.099999725818634,49.39183,0.35538068,0.31801257
20.10999995470047,49.41983,0.3556502,0.3167918
20.120000183582306,49.475834,0.35598704,0.3167918
20.130000412464142,49.543835,0.3563239,0.31435025
20.140000641345978,49.575832,0.35666072,0.31435025
20.150000870227814,49.63983,0.35713232,0.3119087
20.159999191761017,49.735832,0.35760394,0.30946714
20.169999420642853,49.82383,0.3581429,0.30702558
20.17999964952469,49.89183,0.35841238,0.30702558
20.189999878406525,49.95583,0.35847974,0.30702558
20.20000010728836,49.91983,0.35854712,0.30702558
20.210000336170197,49.867832,0.35854712,0.30824634
20.220000565052032,49.84783,0.35854712,0.30946714
20.23000079393387,49.85583,0.35854712,0.3106879
20.23999911546707,49.867832,0.3586145,0.3119087
20.249999344348907,49.84783,0.3586145,0.31312945
20.259999573230743,49.87583,0.3586145,0.31435025
20.26999980211258,49.83183,0.3586819,0.31435025
20.280000030994415,49.79183,0.3586819,0.315571
20.29000025987625,49.77183,0.3586819,0.3167918
20.300000488758087,49.77983,0.3586819,0.31801257
20.310000717639923,49.78383,0.3586819,0.31923336
20.32000094652176,49.735832,0.3586819,0.32045412
20.329999268054962,49.723827,0.3587492,0.3216749
20.339999496936798,49.727833,0.3587492,0.3216749
20.349999725818634,49.71183,0.3587492,0.32411647
20.35999995470047,49.69183,0.3588166,0.32411647
20.370000183582306,49.707832,0.3588166,0.32533723
20.380000412464142,49.69183,0.35888398,0.32655802
20.390000641345978,49.655834,0.35895136,0.32655802
20.400000870227814,49.68783,0.35895136,0.3277788
20.409999191761017,49.69583,0.3590187,0.3277788
20.419999420642853,49.707832,0.3590861,0.32899958
20.42999964952469,49.65183,0.3590861,0.33022034
20.439999878406525,49.655834,0.35915345,0.33144113
20.45000010728836,49.65183,0.3592882,0.33144113
20.460000336170197,49.67183,0.35942295,0.33144113
20.470000565052032,49.69183,0.35962504,0.33144113
20.48000079393387,49.73983,0.3597598,0.33144113
20.48999911546707,49.743828,0.35996193,0.33144113
20.499999344348907,49.755833,0.36016402,0.33144113
20.509999573230743,49.78383,0.36036614,0.33022034
20.51999980211258,49.81183,0.3606356,0.33022034
20.530000030994415,49.86383,0.36090508,0.32899958
20.54000025987625,49.96783,0.36130932,0.3277788
20.550000488758087,50.043827,0.3617809,0.32533723
20.560000717639923,50.135826,0.3623199,0.32411647
20.57000094652176,50.227825,0.36292624,0.32045412
20.579999268054962,50.347828,0.36359993,0.3167918
20.589999496936798,50.467827,0.36427364,0.31312945
20.599999725818634,50.57183,0.36481258,0.3106879
20.60999995470047,50.599827,0.36494735,0.3106879
20.620000183582306,50.619827,0.36494735,0.3119087
20.630000412464142,50.635826,0.36501473,0.3119087
20.640000641345978,50.627827,0.36501473,0.31312945
20.650000870227814,50.62383,0.36508206,0.31435025
20.659999191761017,50.60383,0.36508206,0.315571
20.669999420642853,50.59583,0.36508206,0.3167918
20.67999964952469,50.52783,0.36514944,0.3167918
20.689999878406525,50.519825,0.36514944,0.31801257
20.70000010728836,50.539825,0.36521682,0.31923336
20.710000336170197,50.515827,0.36521682,0.32045412
20.720000565052032,50.52383,0.3652842,0.32045412
20.73000079393387,50.55183,0.3652842,0.3216749
20.73999911546707,50.535828,0.3652842,0.32289568
20.749999344348907,50.47183,0.36535156,0.32411647
20.759999573230743,50.46383,0.36535156,0.32533723
20.76999980211258,50.47183,0.36541894,0.32533723
20.780000030994415,50.451828,0.36555368,0.32655802
20.79000025987625,50.475826,0.36555368,0.32655802
20.800000488758087,50.52383,0.36562103,0.3277788
20.810000717639923,50.515827,0.3657558,0.3277788
20.82000094652176,50.479828,0.36589053,0.3277788
20.829999268054962,50.46383,0.3659579,0.32899958
20.839999496936798,50.475826,0.36602527,0.33022034
20.849999725818634,50.459827,0.36609265,0.33022034
20.85999995470047,50.47183,0.36629477,0.33022034
20.870000183582306,50.55183,0.36649686,0.33022034
20.880000412464142,50.57583,0.36663163,0.33022034
20.890000641345978,50.599827,0.36676636,0.33022034
20.900000870227814,50.607826,0.36696845,0.33022034
20.909999191761017,50.66383,0.36723793,0.32899958
20.919999420642853,50.679825,0.3675748,0.3277788
20.92999964952469,50.727825,0.36797905,0.32655802
20.939999878406525,50.82383,0.36845064,0.32411647
20.95000010728836,50.951824,0.36905694,0.3216749
20.960000336170197,51.071827,0.36973068,0.31801257
20.970000565052032,51.20783,0.37040436,0.31435025
20.98000079393387,51.295822,0.3708086,0.3119087
20.98999911546707,51.311825,0.37094334,0.31312945
20.999999344348907,51.271824,0.37094334,0.31435025
21.009999573230743,51.243824,0.37094334,0.315571
21.01999980211258,51.27582,0.37094334,0.3167918
21.030000030994415,51.287827,0.37094334,0.31801257
21.04000025987625,51.283825,0.37094334,0.31801257
21.050000488758087,51.283825,0.37101072,0.31923336
21.060000717639923,51.247826,0.37101072,0.32045412
21.07000094652176,51.179825,0.37101072,0.3216749
21.079999268054962,51.139828,0.37101072,0.32289568
21.089999496936798,51.151825,0.37101072,0.32411647
21.099999725818634,51.151825,0.37107807,0.32411647
21.10999995470047,51.167828,0.37107807,0.32655802
21.120000183582306,51.211826,0.37114546,0.32655802
21.130000412464142,51.199825,0.3712128,0.3277788
21.140000641345978,51.147827,0.3712802,0.3277788
21.150000870227814,51.107826,0.3712802,0.32899958
21.159999191761017,51.091824,0.37134758,0.33022034
21.169999420642853,51.123825,0.37148228,0.33022034
21.17999964952469,51.119827,0.37154967,0.33022034
21.189999878406525,51.167828,0.37168443,0.33022034
21.20000010728836,51.183823,0.3717518,0.33144113
21.210000336170197,51.163826,0.37188652,0.33144113
21.220000565052032,51.171825,0.37202126,0.33144113
21.23000079393387,51.151825,0.37208864,0.3326619
21.23999911546707,51.155827,0.37215602,0.3338827
21.249999344348907,51.143826,0.37229076,0.3338827
21.259999573230743,51.187828,0.3724255,0.3338827
21.26999980211258,51.243824,0.37262762,0.3338827
21.280000030994415,51.283825,0.37296447,0.3326619
21.29000025987625,51.339825,0.37350345,0.33022034
21.300000488758087,51.483826,0.3743119,0.32533723
21.310000717639923,51.719826,0.37552455,0.31801257
21.32000094652176,51.967823,0.37707406,0.30946714
21.329999268054962,52.279823,0.3784215,0.30092168
21.339999496936798,52.475822,0.37922993,0.29603857
21.349999725818634,52.559822,0.3798363,0.29237625
21.35999995470047,52.65182,0.38037527,0.29115546
21.370000183582306,52.77182,0.3809142,0.2887139
21.380000412464142,52.94382,0.38158792,0.28505158
21.390000641345978,53.075817,0.382329,0.28016847
21.400000870227814,53.247818,0.3832722,0.27528536
21.409999191761017,53.36382,0.38394588,0.27162302
21.419999420642853,53.415817,0.38421535,0.27040225
21.42999964952469,53.34382,0.38421535,0.27162302
21.439999878406525,53.35582,0.38421535,0.2728438
21.45000010728836,53.35582,0.38421535,0.27406457
21.460000336170197,53.35182,0.38421535,0.27528536
21.470000565052032,53.38382,0.38421535,0.27650613
21.48000079393387,53.39982,0.38421535,0.27772692
21.48999911546707,53.33182,0.38421535,0.27894768
21.499999344348907,53.23982,0.38421535,0.28016847
21.509999573230743,53.167816,0.38421535,0.28138924
21.51999980211258,53.17582,0.38421535,0.28261003
21.530000030994415,53.15182,0.38421535,0.28261003
21.54000025987625,53.199818,0.38421535,0.28505158
21.550000488758087,53.23182,0.38421535,0.28505158
21.560000717639923,53.21182,0.38421535,0.28627235
21.57000094652176,53.12382,0.38421535,0.28749314
21.579999268054962,53.05582,0.38421535,0.2887139
21.589999496936798,53.01582,0.38421535,0.2899347
21.599999725818634,52.983818,0.38421535,0.29115546
21.60999995470047,53.01182,0.38421535,0.29237625
21.620000183582306,53.07182,0.38421535,0.293597
21.630000412464142,53.059822,0.38421535,0.2948178
21.640000641345978,53.01182,0.38421535,0.29603857
21.650000870227814,52.95982,0.38421535,0.29725936
21.659999191761017,52.907818,0.38421535,0.29848012
21.669999420642853,52.86382,0.38421535,0.29970092
21.67999964952469,52.81582,0.38421535,0.30092168
21.689999878406525,52.85582,0.38421535,0.30214247
21.70000010728836,52.91182,0.38421535,0.30336323
21.710000336170197,52.895817,0.38421535,0.30458403
21.720000565052032,52.84382,0.38421535,0.30458403
21.73000079393387,52.83182,0.38428274,0.3058048
21.73999911546707,52.77182,0.38428274,0.30702558
21.749999344348907,52.735817,0.38428274,0.30824634
21.759999573230743,52.719822,0.38428274,0.30946714
21.76999980211258,52.74782,0.38428274,0.3106879
21.780000030994415,52.74782,0.38428274,0.3119087
21.79000025987625,52.759823,0.38428274,0.31312945
21.800000488758087,52.739822,0.38428274,0.31435025
21.810000717639923,52.65182,0.38428274,0.315571
21.82000094652176,52.61182,0.38428274,0.3167918
21.829999268054962,52.56782,0.38428274,0.31801257
21.839999496936798,52.607822,0.38428274,0.31801257
21.849999725818634,52.595818,0.38428274,0.32045412
21.85999995470047,52.607822,0.38428274,0.32045412
21.870000183582306,52.62382,0.38435012,0.3216749
21.880000412464142,52.56782,0.38435012,0.32289568
21.890000641345978,52.51982,0.38435012,0.32411647
21.900000870227814,52.475822,0.38435012,0.32533723
21.909999191761017,52.49182,0.3844175,0.32533723
21.919999420642853,52.507824,0.3844175,0.32655802
21.92999964952469,52.50382,0.38448486,0.3277788
21.939999878406525,52.51182,0.38448486,0.32899958
21.95000010728836,52.51182,0.38455224,0.32899958
21.960000336170197,52.47982,0.38455224,0.33022034
21.970000565052032,52.42382,0.38455224,0.33144113
21.98000079393387,52.43582,0.38461962,0.3326619
21.98999911546707,52.439823,0.38468698,0.3326619
21.999999344348907,52.43582,0.38468698,0.3338827
22.009999573230743,52.46382,0.3848217,0.3338827
22.01999980211258,52.49182,0.3848891,0.33510345
22.030000030994415,52.475822,0.38502383,0.33510345
22.04000025987625,52.427822,0.38515857,0.33632424
22.050000488758087,52.447823,0.3852933,0.33632424
22.060000717639923,52.49982,0.38569754,0.33510345
22.07000094652176,52.59182,0.38630387,0.33144113
22.079999268054962,52.787823,0.3871797,0.32655802
22.089999496936798,53.03582,0.388325,0.32045412
22.099999725818634,53.29182,0.38953766,0.3119087
22.10999995470047,53.46382,0.39054823,0.30702558
22.120000183582306,53.571815,0.39095247,0.30458403
22.130000412464142,53.539818,0.39095247,0.3058048
22.140000641345978,53.491817,0.39095247,0.30702558
22.150000870227814,53.51582,0.39095247,0.30824634
22.159999191761017,53.58382,0.39095247,0.30946714
22.169999420642853,53.65582,0.39095247,0.3106879
22.17999964952469,53.599815,0.39101982,0.3106879
22.189999878406525,53.519817,0.39101982,0.3119087
22.20000010728836,53.431816,0.39101982,0.31312945
22.210000336170197,53.36382,0.39101982,0.31435025
22.220000565052032,53.33182,0.39101982,0.315571
22.23000079393387,53.38382,0.39101982,0.3167918
22.23999911546707,53.44782,0.39101982,0.31801257
22.249999344348907,53.46782,0.39101982,0.31923336
22.259999573230743,53.439816,0.39101982,0.32045412
22.26999980211258,53.411816,0.39108717,0.3216749
22.280000030994415,53.30782,0.39108717,0.3216749
22.29000025987625,53.21582,0.39108717,0.32289568
22.300000488758087,53.235817,0.39115456,0.32411647
22.310000717639923,53.29182,0.39115456,0.32533723
22.32000094652176,53.35182,0.39122194,0.32655802
22.329999268054962,53.407818,0.39122194,0.32655802
22.339999496936798,53.39582,0.39128932,0.3277788
22.349999725818634,53.299816,0.39135668,0.3277788
22.35999995470047,53.20382,0.39142406,0.32899958
22.370000183582306,53.17182,0.3915588,0.32899958
22.380000412464142,53.23182,0.39176092,0.32899958
22.390000641345978,53.34382,0.3920304,0.3277788
22.400000870227814,53.47582,0.39236724,0.3277788
22.409999191761017,53.54382,0.39277145,0.32655802
22.419999420642853,53.60382,0.39324304,0.32411647
22.42999964952469,53.62782,0.3938494,0.32045412
22.439999878406525,53.727818,0.39459047,0.3167918
22.45000010728836,53.887817,0.3954663,0.3119087
22.460000336170197,54.035812,0.39613998,0.30824634
22.470000565052032,54.099815,0.39640948,0.30702558
22.48000079393387,54.179817,0.39640948,0.30824634
22.48999911546707,54.203815,0.39640948,0.30946714
22.499999344348907,54.191814,0.39640948,0.3106879
22.509999573230743,54.119816,0.39640948,0.3119087
22.51999980211258,54.091816,0.39640948,0.31312945
22.530000030994415,54.019817,0.39647686,0.31435025
22.54000025987625,54.007816,0.39647686,0.31435025
22.550000488758087,54.035812,0.39647686,0.3167918
22.560000717639923,54.055813,0.39647686,0.3167918
22.57000094652176,54.063816,0.39647686,0.31801257
22.579999268054962,54.023815,0.39654422,0.31923336
22.589999496936798,53.995815,0.39654422,0.32045412
22.599999725818634,53.911816,0.39654422,0.3216749
22.60999995470047,53.879818,0.39654422,0.32289568
22.620000183582306,53.89582,0.39654422,0.32411647
22.630000412464142,53.939816,0.3966116,0.32411647
22.640000641345978,53.915813,0.3966116,0.32533723
22.650000870227814,53.911816,0.39667895,0.32655802
22.659999191761017,53.919815,0.39674634,0.32655802
22.669999420642853,53.935814,0.39681372,0.3277788
22.67999964952469,53.883816,0.39694846,0.3277788
22.689999878406525,53.871815,0.3970832,0.3277788
22.70000010728836,53.867817,0.39715055,0.32899958
22.710000336170197,53.891815,0.3972853,0.32899958
22.720000565052032,53.943813,0.39742002,0.32899958
22.73000079393387,53.975815,0.3974874,0.33022034
22.73999911546707,53.96782,0.39762217,0.33022034
22.749999344348907,53.94782,0.3977569,0.33022034
22.759999573230743,53.939816,0.39802638,0.33022034
22.76999980211258,54.047817,0.39849797,0.3277788
22.780000030994415,54.151817,0.3991043,0.32533723
22.79000025987625,54.259815,0.39977804,0.3216749
22.800000488758087,54.447815,0.4005191,0.31801257
22.810000717639923,54.595814,0.40126017,0.31312945
22.82000094652176,54.655815,0.40179914,0.3106879
22.829999268054962,54.667812,0.40200126,0.3106879
22.839999496936798,54.687813,0.40206861,0.3106879
22.849999725818634,54.699814,0.40206861,0.3119087
22.85999995470047,54.695816,0.40206861,0.31312945
22.870000183582306,54.695816,0.40206861,0.31435025
22.880000412464142,54.703815,0.40206861,0.315571
22.890000641345978,54.679813,0.40206861,0.3167918
22.900000870227814,54.651817,0.40206861,0.31801257
22.909999191761017,54.603813,0.40206861,0.31923336
22.919999420642853,54.535812,0.40206861,0.32045412
22.92999964952469,54.515816,0.402136,0.3216749
22.939999878406525,54.547813,0.402136,0.3216749
22.95000010728836,54.567814,0.402136,0.32289568
22.960000336170197,54.527813,0.402136,0.32411647
22.970000565052032,54.507812,0.402136,0.32533723
22.98000079393387,54.471817,0.402136,0.32655802
22.98999911546707,54.415813,0.402136,0.3277788
22.999999344348907,54.387814,0.402136,0.32899958
23.009999573230743,54.395813,0.402136,0.33022034
23.01999980211258,54.427814,0.402136,0.33144113
23.030000030994415,54.419815,0.402136,0.3326619
23.04000025987625,54.403816,0.402136,0.3338827
23.050000488758087,54.383816,0.402136,0.33510345
23.060000717639923,54.339817,0.402136,0.33632424
23.07000094652176,54.295815,0.40220335,0.33632424
23.079999268054962,54.251816,0.40220335,0.337545
23.089999496936798,54.271816,0.40227073,0.337545
23.099999725818634,54.299816,0.40227073,0.33998656
23.10999995470047,54.327812,0.40233812,0.33998656
23.120000183582306,54.343815,0.4024055,0.34120736
23.130000412464142,54.311817,0.40247285,0.34120736
23.140000641345978,54.263817,0.40267497,0.34120736
23.150000870227814,54.255814,0.4028097,0.34120736
23.159999191761017,54.28781,0.40294445,0.34120736
23.169999420642853,54.351814,0.40321395,0.34120736
23.17999964952469,54.411816,0.40341604,0.34120736
23.189999878406525,54.463814,0.40361816,0.33998656
23.20000010728836,54.503815,0.40382025,0.33998656
23.210000336170197,54.495815,0.4040224,0.33998656
23.220000565052032,54.46781,0.4042245,0.33998656
23.23000079393387,54.487812,0.4044266,0.33998656
23.23999911546707,54.551815,0.40476346,0.3387658
23.249999344348907,54.643814,0.40523505,0.33632424
23.259999573230743,54.75981,0.40577403,0.3338827
23.26999980211258,54.915813,0.40638036,0.33144113
23.280000030994415,55.039814,0.40705407,0.32655802
23.29000025987625,55.14781,0.40799728,0.3216749
23.300000488758087,55.299812,0.40894043,0.3167918
23.310000717639923,55.42381,0.4095468,0.31312945
23.32000094652176,55.471813,0.40988362,0.3119087
23.329999268054962,55.52381,0.4101531,0.3119087
23.339999496936798,55.64381,0.41035524,0.3106879
23.349999725818634,55.70381,0.4106247,0.3106879
23.35999995470047,55.73981,0.41102892,0.30824634
23.370000183582306,55.81981,0.41143316,0.30702558
23.380000412464142,55.87581,0.41197214,0.30458403
23.390000641345978,55.91181,0.41264585,0.30214247
23.400000870227814,55.99181,0.4131848,0.29848012
23.409999191761017,56.12381,0.41372377,0.29603857
23.419999420642853,56.27181,0.41419536,0.2948178
23.42999964952469,56.331806,0.4145996,0.29237625
23.439999878406525,56.391808,0.41480172,0.29237625
23.45000010728836,56.399807,0.41486907,0.29237625
23.460000336170197,56.36781,0.41493642,0.293597
23.470000565052032,56.311806,0.4150038,0.2948178
23.48000079393387,56.279808,0.4150038,0.2948178
23.48999911546707,56.28381,0.4150712,0.29603857
23.499999344348907,56.291805,0.4150712,0.29725936
23.509999573230743,56.307808,0.41513857,0.29725936
23.51999980211258,56.311806,0.41520593,0.29848012
23.530000030994415,56.259808,0.41534066,0.29848012
23.54000025987625,56.21581,0.41540805,0.29970092
23.550000488758087,56.22781,0.4154754,0.29970092
23.560000717639923,56.211807,0.41554278,0.30092168
23.57000094652176,56.20781,0.41554278,0.30214247
23.579999268054962,56.223812,0.41561016,0.30214247
23.589999496936798,56.24381,0.41567752,0.30336323
23.599999725818634,56.239807,0.41574487,0.30458403
23.60999995470047,56.20781,0.41581225,0.30458403
23.620000183582306,56.16781,0.41581225,0.3058048
23.630000412464142,56.131805,0.41594702,0.3058048
23.640000641345978,56.107807,0.41601437,0.30702558
23.650000870227814,56.147808,0.41608173,0.30702558
23.659999191761017,56.17981,0.41628385,0.30702558
23.669999420642853,56.22781,0.41655332,0.30702558
23.67999964952469,56.287807,0.41695756,0.30458403
23.689999878406525,56.38781,0.4175639,0.30214247
23.70000010728836,56.47581,0.4182376,0.29848012
23.710000336170197,56.55581,0.4189113,0.2948178
23.720000565052032,56.647808,0.41951764,0.29115546
23.73000079393387,56.79981,0.42019138,0.2887139
23.73999911546707,56.963806,0.42066297,0.28627235
23.749999344348907,57.011806,0.42086506,0.28627235
23.759999573230743,56.983807,0.42086506,0.28627235
23.76999980211258,56.991806,0.42093244,0.28749314
23.780000030994415,56.935806,0.42093244,0.2887139
23.79000025987625,56.899807,0.4209998,0.2899347
23.800000488758087,56.915806,0.4209998,0.29115546
23.810000717639923,56.899807,0.42106718,0.29115546
23.82000094652176,56.879807,0.42106718,0.29237625
23.829999268054962,56.863808,0.42106718,0.293597
23.839999496936798,56.851807,0.42113456,0.2948178
23.849999725818634,56.84781,0.42113456,0.2948178
23.85999995470047,56.807808,0.42113456,0.29603857
23.870000183582306,56.759808,0.42113456,0.29725936
23.880000412464142,56.739807,0.42113456,0.29848012
23.890000641345978,56.723804,0.42113456,0.29970092
23.900000870227814,56.711807,0.42113456,0.30092168
23.909999191761017,56.72781,0.4212019,0.30214247
23.919999420642853,56.72781,0.4212019,0.30336323
23.92999964952469,56.67981,0.42126927,0.30336323
23.939999878406525,56.631805,0.42126927,0.30458403
23.95000010728836,56.63981,0.42126927,0.3058048
23.960000336170197,56.61981,0.42133665,0.30702558
23.970000565052032,56.599808,0.42133665,0.30824634
23.98000079393387,56.58781,0.42133665,0.30946714
23.98999911546707,56.583805,0.42140403,0.30946714
23.999999344348907,56.56781,0.42147142,0.3106879
24.009999573230743,56.539806,0.42147142,0.3119087
24.01999980211258,56.55581,0.42153877,0.3119087
24.030000030994415,56.55581,0.42160612,0.31312945
24.04000025987625,56.491806,0.42160612,0.31435025
24.050000488758087,56.523808,0.4216735,0.31435025
24.060000717639923,56.519806,0.4217409,0.315571
24.07000094652176,56.50781,0.42180824,0.3167918
24.079999268054962,56.53581,0.4220104,0.3167918
24.089999496936798,56.56781,0.4221451,0.3167918
24.099999725818634,56.56781,0.42227986,0.3167918
24.10999995470047,56.539806,0.42254934,0.315571
24.120000183582306,56.615807,0.42302093,0.31435025
24.130000412464142,56.77181,0.4236273,0.3106879
24.140000641345978,56.907803,0.42443573,0.30702558
24.150000870227814,57.019806,0.42510942,0.30214247
24.159999191761017,57.135803,0.42571577,0.29970092
24.169999420642853,57.227802,0.42632207,0.29725936
24.17999964952469,57.291805,0.4267937,0.2948178
24.189999878406525,57.355804,0.4269958,0.2948178
24.20000010728836,57.379803,0.4270632,0.2948178
24.210000336170197,57.371807,0.4270632,0.29603857
24.220000565052032,57.335804,0.42713052,0.29603857
24.23000079393387,57.331806,0.42713052,0.29725936
24.23999911546707,57.315804,0.42713052,0.29848012
24.249999344348907,57.279804,0.42713052,0.29970092
24.259999573230743,57.25181,0.42713052,0.30092168
24.26999980211258,57.239803,0.4271979,0.30214247
24.280000030994415,57.207806,0.4271979,0.30336323
24.29000025987625,57.179802,0.4271979,0.30458403
24.300000488758087,57.199802,0.4271979,0.3058048
24.310000717639923,57.175804,0.4272653,0.3058048
24.32000094652176,57.163807,0.4272653,0.30702558
24.329999268054962,57.127804,0.42733267,0.30824634
24.339999496936798,57.09181,0.42733267,0.30946714
24.349999725818634,57.079807,0.42740002,0.30946714
24.35999995470047,57.055805,0.42740002,0.3106879
24.370000183582306,57.051807,0.42740002,0.3119087
24.380000412464142,57.09181,0.4274674,0.31312945
24.390000641345978,57.063805,0.4275348,0.31312945
24.400000870227814,57.007805,0.4275348,0.31435025
24.409999191761017,56.991806,0.42760214,0.315571
24.419999420642853,56.987804,0.4276695,0.315571
24.42999964952469,56.983807,0.42773688,0.3167918
24.439999878406525,56.987804,0.42780426,0.3167918
24.45000010728836,56.995804,0.42780426,0.31801257
24.460000336170197,56.987804,0.42787164,0.31923336
24.470000565052032,56.967804,0.427939,0.32045412
24.48000079393387,56.935806,0.427939,0.32045412
24.48999911546707,56.943806,0.42800635,0.3216749
24.499999344348907,56.899807,0.42807373,0.3216749
24.509999573230743,56.883804,0.42814112,0.32289568
24.51999980211258,56.915806,0.42820847,0.32411647
24.530000030994415,56.943806,0.42827585,0.32411647
24.54000025987625,56.955807,0.42834324,0.32533723
24.550000488758087,56.951805,0.42847794,0.32533723
24.560000717639923,56.935806,0.42854533,0.32655802
24.57000094652176,56.895805,0.4286127,0.32655802
24.579999268054962,56.855804,0.4286801,0.3277788
24.589999496936798,56.883804,0.42881483,0.3277788
24.599999725818634,56.955807,0.42901692,0.3277788
24.60999995470047,56.983807,0.42921904,0.32655802
24.620000183582306,57.015804,0.4294885,0.32655802
24.630000412464142,57.083805,0.42989275,0.32411647
24.640000641345978,57.13981,0.4304991,0.3216749
24.650000870227814,57.219803,0.4311054,0.31801257
24.659999191761017,57.335804,0.43171176,0.3167918
24.669999420642853,57.459805,0.4322507,0.31312945
24.67999964952469,57.543804,0.43278968,0.3106879
24.689999878406525,57.603806,0.4331939,0.30946714
24.70000010728836,57.671803,0.43326128,0.30946714
24.710000336170197,57.655804,0.43326128,0.3106879
24.720000565052032,57.647804,0.43326128,0.3119087
24.73000079393387,57.599804,0.43332866,0.3119087
24.73999911546707,57.587803,0.43332866,0.31435025
24.749999344348907,57.535805,0.43332866,0.31435025
24.759999573230743,57.515804,0.43332866,0.3167918
24.76999980211258,57.555805,0.43332866,0.3167918
24.780000030994415,57.559803,0.43332866,0.31801257
24.79000025987625,57.491802,0.43332866,0.31923336
24.800000488758087,57.4518,0.43332866,0.32045412
24.810000717639923,57.423805,0.43332866,0.3216749
24.82000094652176,57.403805,0.43332866,0.32289568
24.829999268054962,57.371807,0.43332866,0.32411647
24.839999496936798,57.395805,0.43332866,0.32533723
24.849999725818634,57.407803,0.43339604,0.32655802
24.85999995470047,57.3398,0.43339604,0.32655802
24.870000183582306,57.3398,0.43339604,0.3277788
24.880000412464142,57.3398,0.43339604,0.32899958
24.890000641345978,57.3198,0.4334634,0.33022034
24.900000870227814,57.275806,0.4334634,0.33144113
24.909999191761017,57.243805,0.4334634,0.3326619
24.919999420642853,57.259804,0.4334634,0.3338827
24.92999964952469,57.227802,0.43353075,0.3338827
24.939999878406525,57.231808,0.43353075,0.33510345
24.95000010728836,57.235806,0.43359813,0.33632424
24.960000336170197,57.239803,0.43373287,0.33632424
24.970000565052032,57.187805,0.43386763,0.33632424
24.98000079393387,57.183807,0.43406972,0.33632424
24.98999911546707,57.243805,0.4342045,0.33632424
24.999999344348907,57.279804,0.43433923,0.33632424
25.009999573230743,57.303806,0.43467608,0.33632424
25.01999980211258,57.371807,0.4350803,0.3338827
25.030000030994415,57.435806,0.4355519,0.33144113
25.04000025987625,57.539803,0.43629298,0.3277788
25.050000488758087,57.711803,0.43716878,0.32289568
25.060000717639923,57.907803,0.43817937,0.3167918
25.07000094652176,58.1318,0.43912253,0.3119087
25.079999268054962,58.199802,0.4396615,0.30946714
25.089999496936798,58.199802,0.4397289,0.30946714
25.099999725818634,58.199802,0.4397289,0.3106879
25.10999995470047,58.1838,0.4397289,0.3119087
25.120000183582306,58.199802,0.4397289,0.31312945
25.130000412464142,58.2278,0.4397289,0.31435025
25.140000641345978,58.207806,0.4397289,0.315571
25.150000870227814,58.143803,0.4397289,0.3167918
25.159999191761017,58.059803,0.43979627,0.3167918
25.169999420642853,58.059803,0.43979627,0.31801257
25.17999964952469,58.0238,0.43979627,0.31923336
25.189999878406525,58.011803,0.43979627,0.32045412
25.20000010728836,58.011803,0.43979627,0.3216749
25.210000336170197,58.019802,0.43979627,0.32289568
25.220000565052032,58.007805,0.43979627,0.32411647
25.23000079393387,57.983803,0.43979627,0.32533723
25.23999911546707,57.935806,0.43979627,0.32655802
25.249999344348907,57.879803,0.43979627,0.3277788
25.259999573230743,57.811802,0.43979627,0.32899958
25.26999980211258,57.8398,0.43979627,0.33022034
25.280000030994415,57.867805,0.43986362,0.33022034
25.29000025987625,57.915806,0.43986362,0.33144113
25.300000488758087,57.887806,0.43993098,0.3326619
25.310000717639923,57.847805,0.43999836,0.3338827
25.32000094652176,57.783802,0.43999836,0.3338827
25.329999268054962,57.727802,0.44006574,0.33510345
25.339999496936798,57.7438,0.4401331,0.33632424
25.349999725818634,57.787804,0.44026786,0.33632424
25.35999995470047,57.807804,0.4403352,0.33632424
25.370000183582306,57.831802,0.44053733,0.33632424
25.380000412464142,57.859802,0.44073942,0.33632424
25.390000641345978,57.875805,0.44100893,0.33632424
25.400000870227814,57.907803,0.44134578,0.3338827
25.409999191761017,57.9758,0.44188476,0.33144113
25.419999420642853,58.1158,0.4426932,0.3277788
25.42999964952469,58.2718,0.44370377,0.3216749
25.439999878406525,58.5358,0.44511852,0.31312945
25.45000010728836,58.891796,0.4466007,0.30458403
25.460000336170197,59.0998,0.44754386,0.29848012
25.470000565052032,59.1878,0.44815022,0.2948178
25.48000079393387,59.2398,0.44875658,0.29237625
25.48999911546707,59.3718,0.44949764,0.2887139
25.499999344348907,59.5318,0.4503061,0.28505158
25.509999573230743,59.715797,0.45104715,0.28016847
25.51999980211258,59.907795,0.4518556,0.27650613
25.530000030994415,60.051796,0.45246196,0.2728438
25.54000025987625,60.027794,0.45273143,0.2728438
25.550000488758087,59.955795,0.45273143,0.2728438
25.560000717639923,59.923798,0.45273143,0.27406457
25.57000094652176,59.907795,0.45273143,0.27528536
25.579999268054962,59.907795,0.45273143,0.27650613
25.589999496936798,59.951797,0.45273143,0.27772692
25.599999725818634,59.955795,0.45273143,0.27894768
25.60999995470047,59.875797,0.45273143,0.28016847
25.620000183582306,59.791798,0.45273143,0.28138924
25.630000412464142,59.751797,0.45273143,0.28261003
25.640000641345978,59.703796,0.45273143,0.28261003
25.650000870227814,59.663795,0.45273143,0.28505158
25.659999191761017,59.6798,0.45273143,0.28505158
25.669999420642853,59.7198,0.45273143,0.28627235
25.67999964952469,59.707794,0.45273143,0.28749314
25.689999878406525,59.627796,0.45273143,0.2887139
25.70000010728836,59.571796,0.45273143,0.2899347
25.710000336170197,59.4918,0.45273143,0.29115546
25.720000565052032,59.451797,0.45273143,0.29237625
25.73000079393387,59.455795,0.45273143,0.293597
25.73999911546707,59.499798,0.45273143,0.2948178
25.749999344348907,59.515797,0.45273143,0.29603857
25.759999573230743,59.4638,0.45273143,0.29725936
25.76999980211258,59.391796,0.45273143,0.29848012
25.780000030994415,59.335796,0.45273143,0.29970092
25.79000025987625,59.263798,0.45273143,0.30092168
25.800000488758087,59.243797,0.45273143,0.30214247
25.810000717639923,59.2758,0.4527988,0.30214247
25.82000094652176,59.315796,0.4527988,0.30336323
25.829999268054962,59.271797,0.4527988,0.30458403
25.839999496936798,59.231796,0.4527988,0.3058048
25.849999725818634,59.1798,0.4527988,0.30702558
25.85999995470047,59.119797,0.4527988,0.30824634
25.870000183582306,59.0398,0.4527988,0.30946714
25.880000412464142,59.0558,0.4527988,0.3106879
25.890000641345978,59.0758,0.4527988,0.3119087
25.900000870227814,59.071796,0.4527988,0.31312945
25.909999191761017,59.0758,0.4527988,0.31435025
25.919999420642853,59.0358,0.4527988,0.315571
25.92999964952469,58.959797,0.45286617,0.3167918
25.939999878406525,58.8718,0.45286617,0.3167918
25.95000010728836,58.8598,0.45286617,0.31801257
25.960000336170197,58.8838,0.45286617,0.31923336
25.970000565052032,58.911797,0.45286617,0.32045412
25.98000079393387,58.9238,0.45293355,0.32045412
25.98999911546707,58.915802,0.45293355,0.3216749
25.999999344348907,58.8558,0.45300093,0.32289568
26.009999573230743,58.7798,0.45300093,0.32411647
26.01999980211258,58.7198,0.45300093,0.32533723
26.030000030994415,58.7158,0.45300093,0.32655802
26.04000025987625,58.707798,0.45306826,0.3277788
26.050000488758087,58.7278,0.45306826,0.3277788
26.060000717639923,58.7638,0.45306826,0.32899958
26.07000094652176,58.7358,0.45313564,0.33022034
26.079999268054962,58.707798,0.45320302,0.33022034
26.089999496936798,58.651802,0.45320302,0.33144113
26.099999725818634,58.6038,0.4532704,0.3326619
26.10999995470047,58.5598,0.45333776,0.3338827
26.120000183582306,58.571804,0.45333776,0.3338827
26.130000412464142,58.6158,0.45340514,0.33510345
26.140000641345978,58.6358,0.45340514,0.33632424
26.150000870227814,58.623802,0.45347252,0.33632424
26.159999191761017,58.5878,0.45353988,0.337545
26.169999420642853,58.5478,0.45360723,0.337545
26.17999964952469,58.491802,0.45380938,0.337545
26.189999878406525,58.5078,0.45401147,0.337545
26.20000010728836,58.5798,0.45428097,0.337545
26.210000336170197,58.6758,0.45468518,0.33632424
26.220000565052032,58.791798,0.4552915,0.3326619
26.23000079393387,58.8998,0.45603257,0.32899958
26.23999911546707,59.0398,0.45684105,0.32411647
26.249999344348907,59.1878,0.45771688,0.31923336
26.259999573230743,59.323795,0.45872742,0.31435025
26.26999980211258,59.443798,0.45933378,0.3106879
26.280000030994415,59.515797,0.45946848,0.3106879
26.29000025987625,59.523796,0.45953587,0.3106879
26.300000488758087,59.495796,0.45953587,0.3119087
26.310000717639923,59.5078,0.45960325,0.31312945
26.32000094652176,59.527798,0.45960325,0.31435025
26.329999268054962,59.4638,0.45960325,0.315571
26.339999496936798,59.395794,0.45967063,0.315571
26.349999725818634,59.367798,0.45967063,0.3167918
26.35999995470047,59.343796,0.45967063,0.31801257
26.370000183582306,59.315796,0.459738,0.31923336
26.380000412464142,59.323795,0.459738,0.32045412
26.390000641345978,59.343796,0.45980537,0.32045412
26.400000870227814,59.303795,0.45980537,0.3216749
26.409999191761017,59.255802,0.45980537,0.32289568
26.419999420642853,59.2198,0.45987272,0.32411647
26.42999964952469,59.1998,0.4599401,0.32411647
26.439999878406525,59.1798,0.46007484,0.32411647
26.45000010728836,59.1758,0.46014223,0.32533723
26.460000336170197,59.203796,0.46027696,0.32533723
26.470000565052032,59.1918,0.4603443,0.32655802
26.48000079393387,59.1678,0.4604117,0.32655802
26.48999911546707,59.1478,0.46047908,0.3277788
26.499999344348907,59.139797,0.46061382,0.3277788
26.509999573230743,59.1358,0.4608159,0.3277788
26.51999980211258,59.1558,0.4610854,0.32655802
26.530000030994415,59.203796,0.46148965,0.32533723
26.54000025987625,59.303795,0.46196124,0.32411647
26.550000488758087,59.367798,0.46236545,0.3216749
26.560000717639923,59.435795,0.4629044,0.31923336
26.57000094652176,59.5318,0.46351075,0.315571
26.579999268054962,59.595795,0.46418446,0.31312945
26.589999496936798,59.683796,0.46472344,0.30946714
26.599999725818634,59.747795,0.4649929,0.30946714
26.60999995470047,59.731796,0.4649929,0.3106879
26.620000183582306,59.703796,0.4649929,0.3119087
26.630000412464142,59.675797,0.46506026,0.3119087
26.640000641345978,59.6518,0.46506026,0.31312945
26.650000870227814,59.607796,0.46506026,0.31435025
26.659999191761017,59.555798,0.46506026,0.315571
26.669999420642853,59.523796,0.46512765,0.3167918
26.67999964952469,59.471798,0.46512765,0.31801257
26.689999878406525,59.443798,0.46519503,0.31801257
26.70000010728836,59.403797,0.46519503,0.31923336
26.710000336170197,59.4078,0.46526238,0.32045412
26.720000565052032,59.3478,0.46526238,0.32045412
26.73000079393387,59.303795,0.46526238,0.3216749
26.73999911546707,59.255802,0.46526238,0.32289568
26.749999344348907,59.2158,0.46526238,0.32411647
26.759999573230743,59.159798,0.46532977,0.32533723
26.76999980211258,59.139797,0.46532977,0.32655802
26.780000030994415,59.1238,0.46532977,0.3277788
26.79000025987625,59.071796,0.46539712,0.3277788
26.800000488758087,59.0198,0.4654645,0.32899958
26.810000717639923,58.9878,0.46553186,0.33022034
26.82000094652176,58.979797,0.46559924,0.33022034
26.829999268054962,58.9038,0.465734,0.33022034
26.839999496936798,58.8798,0.46580136,0.33144113
26.849999725818634,58.891796,0.4659361,0.33144113
26.85999995470047,58.8438,0.46600348,0.33144113
26.870000183582306,58.8158,0.4661382,0.3326619
26.880000412464142,58.7798,0.46627295,0.3326619
26.890000641345978,58.731804,0.4664077,0.3326619
26.900000870227814,58.6758,0.46654245,0.3326619
26.909999191761017,58.6278,0.46674454,0.3326619
26.919999420642853,58.6118,0.46701404,0.33144113
26.92999964952469,58.6158,0.4673509,0.33022034
26.939999878406525,58.6078,0.4677551,0.33022034
26.95000010728836,58.619797,0.4682267,0.32655802
26.960000336170197,58.6558,0.4689004,0.32411647
26.970000565052032,58.6998,0.46964148,0.31923336
26.98000079393387,58.663803,0.47044995,0.315571
26.98999911546707,58.671803,0.47119102,0.3106879
26.999999344348907,58.6158,0.47179735,0.30824634
27.009999573230743,58.4318,0.47206685,0.30702558
27.01999980211258,58.027805,0.47213423,0.30824634
27.030000030994415,57.3198,0.47220156,0.30824634
27.04000025987625,-12.235958,0.47226894,0.3106879
27.050000488758087,-18.23194,0.47226894,0.3106879
27.060000717639923,-16.667944,0.47226894,0.3119087
27.07000094652176,-16.439943,0.47233632,0.3119087
27.079999268054962,-16.503942,0.47247106,0.3119087
27.089999496936798,-16.199945,0.47253844,0.31312945
27.099999725818634,-16.347944,0.4726058,0.31435025
27.10999995470047,-16.343945,0.47267318,0.31435025
27.120000183582306,-16.463943,0.47274053,0.315571
27.130000412464142,-16.351944,0.4728079,0.3167918
27.140000641345978,-16.291945,0.4728753,0.3167918
27.150000870227814,-16.359943,0.47294265,0.31801257
27.159999191761017,-16.459944,0.47294265,0.31801257
27.169999420642853,-16.247946,0.47301003,0.31923336
27.17999964952469,-16.423944,0.47314477,0.31923336
27.189999878406525,-16.267944,0.4732795,0.32045412
27.20000010728836,-16.539944,0.4734816,0.31923336
27.210000336170197,-16.167944,0.47368374,0.31923336
27.220000565052032,-16.415945,0.47395322,0.31923336
27.23000079393387,-16.367945,0.47429007,0.31801257
27.23999911546707,-16.415945,0.47462693,0.3167918
27.249999344348907,-16.203945,0.47496378,0.315571
27.259999573230743,-16.423944,0.47530064,0.31435025
27.26999980211258,-16.363945,0.47570485,0.3119087
27.280000030994415,-16.483944,0.4763112,0.30946714
27.29000025987625,-16.227945,0.47705227,0.30458403
27.300000488758087,-16.395945,0.47786072,0.30092168
27.310000717639923,-16.215944,0.4783323,0.29848012
27.32000094652176,-16.495943,0.47860178,0.29848012
27.329999268054962,-16.323944,0.4788039,0.29725936
27.339999496936798,-16.495943,0.47900602,0.29725936
27.349999725818634,-16.311945,0.47920814,0.29725936
27.35999995470047,-16.383944,0.47934288,0.29725936
27.370000183582306,-16.247946,0.4794776,0.29725936
27.380000412464142,-16.539944,0.47961235,0.29848012
27.390000641345978,-16.399944,0.4799492,0.29603857
27.400000870227814,-16.415945,0.48035344,0.2948178
27.409999191761017,-16.307945,0.48082504,0.29237625
27.419999420642853,-16.299946,0.481364,0.29115546
27.42999964952469,-16.327946,0.48176822,0.2887139
27.439999878406525,-16.515944,0.48217246,0.28749314
27.45000010728836,-16.351944,0.48237458,0.28749314
27.460000336170197,-16.443945,0.48237458,0.28749314
27.470000565052032,-16.279945,0.48244193,0.2887139
27.48000079393387,-16.339945,0.48257667,0.2887139
27.48999911546707,-16.359943,0.48264405,0.2899347
27.499999344348907,-16.503942,0.48271143,0.2899347
27.509999573230743,-16.375944,0.48271143,0.29115546
27.51999980211258,-16.463943,0.4827788,0.29237625
27.530000030994415,-16.295944,0.48284614,0.29237625
27.54000025987625,-16.359943,0.48284614,0.293597
27.550000488758087,-16.387943,0.48284614,0.2948178
27.560000717639923,-16.439943,0.48291352,0.29603857
27.57000094652176,-16.375944,0.48291352,0.29725936
27.579999268054962,-16.415945,0.48291352,0.29848012
27.589999496936798,-16.323944,0.48291352,0.29970092
27.599999725818634,-16.363945,0.48291352,0.30092168
27.60999995470047,-16.423944,0.48291352,0.30214247
27.620000183582306,-16.415945,0.48291352,0.30214247
27.630000412464142,-16.363945,0.4829809,0.30336323
27.640000641345978,-16.355944,0.4829809,0.30458403
27.650000870227814,-16.319944,0.4829809,0.3058048
27.659999191761017,-16.431944,0.4829809,0.30702558
27.669999420642853,-16.411943,0.4829809,0.30824634
27.67999964952469,-16.411943,0.4829809,0.30946714
27.689999878406525,-16.427944,0.4829809,0.3106879
27.70000010728836,-16.375944,0.4829809,0.3119087
27.710000336170197,-16.367945,0.4829809,0.3119087
27.720000565052032,-16.415945,0.4829809,0.31435025
27.73000079393387,-16.423944,0.48304826,0.31435025
27.73999911546707,-16.443945,0.48304826,0.315571
27.749999344348907,-16.315945,0.48304826,0.3167918
27.759999573230743,-16.351944,0.48304826,0.31801257
27.76999980211258,-16.427944,0.48304826,0.31923336
27.780000030994415,-16.443945,0.48304826,0.32045412
27.79000025987625,-16.399944,0.48304826,0.3216749
27.800000488758087,-16.395945,0.48304826,0.32289568
27.810000717639923,-16.407944,0.48304826,0.32411647
27.82000094652176,-16.403944,0.48304826,0.32533723
27.829999268054962,-16.395945,0.48304826,0.32655802
27.839999496936798,-16.443945,0.48304826,0.32655802
27.849999725818634,-16.431944,0.48304826,0.3277788
27.85999995470047,-16.331944,0.48311564,0.32899958
27.870000183582306,-16.383944,0.48311564,0.33022034
27.880000412464142,-16.391945,0.48311564,0.33144113
27.890000641345978,-16.407944,0.48318303,0.33144113
27.900000870227814,-16.403944,0.48325038,0.3326619
27.909999191761017,-16.415945,0.48331773,0.3338827
27.919999420642853,-16.403944,0.48338512,0.3338827
27.92999964952469,-16.403944,0.48351988,0.3338827
27.939999878406525,-16.423944,0.48358724,0.33510345
27.95000010728836,-16.419945,0.48358724,0.33632424
27.960000336170197,-16.479944,0.4836546,0.33632424
27.970000565052032,-16.375944,0.48372197,0.337545
27.98000079393387,-16.355944,0.48378935,0.337545
27.98999911546707,-16.415945,0.4838567,0.3387658
27.999999344348907,-16.367945,0.4839241,0.33998656
28.009999573230743,-16.403944,0.48405886,0.33998656
28.01999980211258,-16.407944,0.48412618,0.33998656
28.030000030994415,-16.399944,0.48426095,0.33998656
28.04000025987625,-16.435946,0.48439568,0.34120736
28.050000488758087,-16.419945,0.48453042,0.34120736
28.060000717639923,-16.403944,0.48473254,0.34120736
28.07000094652176,-16.423944,0.485002,0.33998656
28.079999268054962,-16.407944,0.4853389,0.3387658
28.089999496936798,-16.375944,0.48567572,0.337545
28.099999725818634,-16.395945,0.48607996,0.33632424
28.10999995470047,-16.379944,0.48661894,0.3338827
28.120000183582306,-16.371944,0.48742738,0.32899958
28.130000412464142,-16.423944,0.48830324,0.32411647
28.140000641345978,-16.415945,0.48911166,0.32045412
28.150000870227814,-16.423944,0.4899201,0.315571
28.159999191761017,-16.471945,0.49045905,0.31312945
28.169999420642853,-16.399944,0.4907959,0.3119087
28.17999964952469,-16.375944,0.4910654,0.3106879
28.189999878406525,-16.379944,0.4912675,0.3106879
28.20000010728836,-16.399944,0.49140227,0.3106879
28.210000336170197,-16.411943,0.49160436,0.3106879
28.220000565052032,-16.403944,0.49187386,0.3106879
28.23000079393387,-16.399944,0.49200863,0.3106879
28.23999911546707,-16.419945,0.49214336,0.3106879
28.249999344348907,-16.391945,0.49234545,0.3106879
28.259999573230743,-16.403944,0.49254757,0.30946714
28.26999980211258,-16.451944,0.49274972,0.30946714
28.280000030994415,-16.423944,0.49301916,0.30824634
28.29000025987625,-16.367945,0.49328867,0.30824634
28.300000488758087,-16.367945,0.49349076,0.30824634
28.310000717639923,-16.447943,0.49376026,0.30702558
28.32000094652176,-16.439943,0.49396235,0.30702558
28.329999268054962,-16.383944,0.49416444,0.30702558
28.339999496936798,-16.391945,0.4945013,0.3058048
28.349999725818634,-16.367945,0.49490556,0.30458403
28.35999995470047,-16.347944,0.4953098,0.30214247
28.370000183582306,-16.399944,0.495714,0.30092168
28.380000412464142,-16.451944,0.4959161,0.30092168
28.390000641345978,-16.439943,0.4959835,0.30092168
28.400000870227814,-16.383944,0.4959835,0.30214247
28.409999191761017,-16.351944,0.49605083,0.30336323
28.419999420642853,-16.415945,0.49605083,0.30458403
28.42999964952469,-16.467943,0.49605083,0.30458403
28.439999878406525,-16.403944,0.49605083,0.30702558
28.45000010728836,-16.383944,0.49605083,0.30702558
28.460000336170197,-16.383944,0.49605083,0.30824634
28.470000565052032,-16.351944,0.49605083,0.30946714
28.48000079393387,-16.415945,0.49605083,0.3106879
28.48999911546707,-16.467943,0.49611825,0.3119087
28.499999344348907,-16.475943,0.49611825,0.31312945
28.509999573230743,-16.431944,0.49611825,0.31435025
28.51999980211258,-16.355944,0.4961856,0.31435025
28.530000030994415,-16.367945,0.4961856,0.315571
28.54000025987625,-16.415945,0.4961856,0.3167918
28.550000488758087,-16.435946,0.4961856,0.31801257
28.560000717639923,-16.423944,0.4961856,0.31923336
28.57000094652176,-16.367945,0.49625295,0.32045412
28.579999268054962,-16.359943,0.49625295,0.3216749
28.589999496936798,-16.375944,0.49625295,0.3216749
28.599999725818634,-16.439943,0.49632034,0.32289568
28.60999995470047,-16.439943,0.49632034,0.32411647
28.620000183582306,-16.419945,0.49632034,0.32533723
28.630000412464142,-16.379944,0.49632034,0.32655802
28.640000641345978,-16.367945,0.4963877,0.32655802
28.650000870227814,-16.395945,0.4963877,0.3277788
28.659999191761017,-16.463943,0.4964551,0.32899958
28.669999420642853,-16.479944,0.49652246,0.33022034
28.67999964952469,-16.419945,0.49658984,0.33022034
28.689999878406525,-16.335945,0.4966572,0.33144113
28.70000010728836,-16.383944,0.49672455,0.33144113
28.710000336170197,-16.387943,0.49679193,0.3326619
28.720000565052032,-16.419945,0.49685928,0.3326619
28.73000079393387,-16.447943,0.49685928,0.3338827
28.73999911546707,-16.419945,0.4969267,0.33510345
28.749999344348907,-16.375944,0.49706137,0.33510345
28.759999573230743,-16.371944,0.49712878,0.33632424
28.76999980211258,-16.403944,0.49719614,0.33632424
28.780000030994415,-16.467943,0.49733087,0.33632424
28.79000025987625,-16.451944,0.497533,0.33632424
28.800000488758087,-16.379944,0.49766773,0.33632424
28.810000717639923,-16.343945,0.49793723,0.33632424
28.82000094652176,-16.387943,0.49813932,0.33632424
28.829999268054962,-16.375944,0.49840882,0.33510345
28.839999496936798,-16.431944,0.49867833,0.3338827
28.849999725818634,-16.459944,0.49908254,0.3326619
28.85999995470047,-16.415945,0.49955413,0.33144113
28.870000183582306,-16.387943,0.50002575,0.3277788
28.880000412464142,-16.375944,0.50063205,0.32533723
28.890000641345978,-16.447943,0.5012384,0.32289568
28.900000870227814,-16.443945,0.5018447,0.31923336
28.909999191761017,-16.435946,0.5023837,0.3167918
28.919999420642853,-16.427944,0.5026532,0.3167918
28.92999964952469,-16.383944,0.5027206,0.3167918
28.939999878406525,-16.379944,0.5027206,0.31801257
28.95000010728836,-16.431944,0.5027206,0.31923336
28.960000336170197,-16.475943,0.5027206,0.32045412
28.970000565052032,-16.443945,0.5027879,0.32045412
28.98000079393387,-16.387943,0.5027879,0.3216749
28.98999911546707,-16.371944,0.5027879,0.32289568
28.999999344348907,-16.379944,0.5028553,0.32411647
29.009999573230743,-16.395945,0.5028553,0.32533723
29.01999980211258,-16.439943,0.5028553,0.32655802
29.030000030994415,-16.467943,0.50292265,0.32655802
29.04000025987625,-16.427944,0.50299007,0.3277788
29.050000488758087,-16.351944,0.5030574,0.3277788
29.060000717639923,-16.391945,0.5030574,0.32899958
29.07000094652176,-16.415945,0.5031248,0.33022034
29.079999268054962,-16.435946,0.5031922,0.33022034
29.089999496936798,-16.427944,0.50325954,0.33144113
29.099999725818634,-16.403944,0.50325954,0.3326619
29.10999995470047,-16.375944,0.5033269,0.3338827
29.120000183582306,-16.375944,0.5033269,0.3338827
29.130000412464142,-16.399944,0.5034616,0.33510345
29.140000641345978,-16.467943,0.503529,0.33510345
29.150000870227814,-16.443945,0.503529,0.33632424
29.159999191761017,-16.379944,0.5036638,0.33632424
29.169999420642853,-16.359943,0.50379854,0.337545
29.17999964952469,-16.395945,0.5040006,0.33632424
29.189999878406525,-16.411943,0.5041354,0.33632424
29.20000010728836,-16.439943,0.5043375,0.33632424
29.210000336170197,-16.467943,0.50460696,0.33632424
29.220000565052032,-16.435946,0.5049438,0.33510345
29.23000079393387,-16.375944,0.5054154,0.3326619
29.23999911546707,-16.383944,0.5059543,0.33022034
29.249999344348907,-16.411943,0.50662804,0.32655802
29.259999573230743,-16.427944,0.50736916,0.32289568
29.26999980211258,-16.435946,0.5081776,0.31801257
29.280000030994415,-16.431944,0.50878394,0.315571
29.29000025987625,-16.399944,0.50912076,0.31435025
29.300000488758087,-16.383944,0.5091881,0.31435025
29.310000717639923,-16.451944,0.5091881,0.315571
29.32000094652176,-16.459944,0.5092555,0.3167918
29.329999268054962,-16.439943,0.5092555,0.31801257
29.339999496936798,-16.395945,0.5093229,0.31801257
29.349999725818634,-16.375944,0.50939023,0.31923336
29.35999995470047,-16.419945,0.50945765,0.32045412
29.370000183582306,-16.415945,0.509525,0.32045412
29.380000412464142,-16.451944,0.5095924,0.32045412
29.390000641345978,-16.483944,0.5095924,0.3216749
29.400000870227814,-16.427944,0.5096597,0.32289568
29.409999191761017,-16.375944,0.5097271,0.32411647
29.419999420642853,-16.399944,0.5097271,0.32411647
29.42999964952469,-16.435946,0.5097945,0.32533723
29.439999878406525,-16.423944,0.5098618,0.32655802
29.45000010728836,-16.415945,0.50992924,0.32655802
29.460000336170197,-16.423944,0.5099966,0.3277788
29.470000565052032,-16.411943,0.5099966,0.32899958
29.48000079393387,-16.411943,0.510064,0.32899958
29.48999911546707,-16.435946,0.51013136,0.33022034
29.499999344348907,-16.459944,0.51026607,0.33022034
29.509999573230743,-16.411943,0.5104682,0.33022034
29.51999980211258,-16.367945,0.510805,0.32899958
29.530000030994415,-16.379944,0.511344,0.32655802
29.54000025987625,-16.395945,0.5121525,0.3216749
29.550000488758087,-16.387943,0.5134325,0.31435025
29.560000717639923,-16.411943,0.5150494,0.30458403
29.57000094652176,-16.439943,0.5163968,0.29603857
29.579999268054962,-16.439943,0.51720524,0.29237625
29.589999496936798,-16.415945,0.51774424,0.2887139
29.599999725818634,-16.427944,0.51835054,0.28627235
29.60999995470047,-16.427944,0.5190243,0.28261003
29.620000183582306,-16.391945,0.51983273,0.27894768
29.630000412464142,-16.383944,0.5207759,0.2728438
29.640000641345978,-16.443945,0.5217191,0.2679607
29.650000870227814,-16.459944,0.5221907,0.26551914
29.659999191761017,-16.415945,0.5222581,0.26551914
29.669999420642853,-16.419945,0.5222581,0.2667399
29.67999964952469,-16.411943,0.5222581,0.2679607
29.689999878406525,-16.391945,0.5222581,0.26918146
29.70000010728836,-16.407944,0.5222581,0.27040225
29.710000336170197,-16.415945,0.5222581,0.27162302
29.720000565052032,-16.411943,0.5222581,0.2728438
29.73000079393387,-16.395945,0.5222581,0.27406457
29.73999911546707,-16.411943,0.5222581,0.27528536
29.749999344348907,-16.427944,0.5222581,0.27650613
29.759999573230743,-16.411943,0.5222581,0.27650613
29.76999980211258,-16.387943,0.5222581,0.27894768
29.780000030994415,-16.399944,0.5222581,0.27894768
29.79000025987625,-16.395945,0.5222581,0.28138924
29.800000488758087,-16.399944,0.5222581,0.28138924
29.810000717639923,-16.435946,0.5222581,0.28261003
29.82000094652176,-16.459944,0.5222581,0.2838308
29.829999268054962,-16.451944,0.5222581,0.28505158
29.839999496936798,-16.411943,0.5222581,0.28627235
29.849999725818634,-16.403944,0.5222581,0.28749314
29.85999995470047,-16.407944,0.5222581,0.2887139
29.870000183582306,-16.407944,0.5222581,0.2899347
29.880000412464142,-16.419945,0.5222581,0.29115546
29.890000641345978,-16.439943,0.5222581,0.29237625
29.900000870227814,-16.411943,0.5222581,0.293597
29.909999191761017,-16.403944,0.5222581,0.2948178
29.919999420642853,-16.415945,0.5222581,0.29603857
29.92999964952469,-16.443945,0.5222581,0.29725936
29.939999878406525,-16.407944,0.5222581,0.29848012
29.95000010728836,-16.387943,0.5222581,0.29848012
29.960000336170197,-16.407944,0.5222581,0.30092168
29.970000565052032,-16.383944,0.5222581,0.30092168
29.98000079393387,-16.399944,0.5222581,0.30214247
29.98999911546707,-16.447943,0.5222581,0.30336323
29.999999344348907,-16.435946,0.5222581,0.30458403
30.009999573230743,-16.419945,0.5222581,0.3058048
30.01999980211258,-16.391945,0.5222581,0.30702558
30.030000030994415,-16.403944,0.5222581,0.30824634
30.04000025987625,-16.431944,0.5222581,0.30946714
30.050000488758087,-16.419945,0.5222581,0.3106879
30.060000717639923,-16.419945,0.5222581,0.3119087
30.07000094652176,-16.443945,0.5222581,0.31312945
30.079999268054962,-16.431944,0.5222581,0.31435025
30.089999496936798,-16.403944,0.5222581,0.315571
30.099999725818634,-16.427944,0.5222581,0.3167918
30.10999995470047,-16.443945,0.5222581,0.31801257
30.120000183582306,-16.407944,0.5222581,0.31923336
30.130000412464142,-16.387943,0.5222581,0.32045412
30.140000641345978,-16.415945,0.5222581,0.32045412
30.150000870227814,-16.435946,0.52232546,0.3216749
30.159999191761017,-16.403944,0.52232546,0.32289568
30.169999420642853,-16.439943,0.52232546,0.32411647
30.17999964952469,-16.451944,0.52232546,0.32533723
30.189999878406525,-16.407944,0.5223928,0.32655802
30.20000010728836,-16.399944,0.5223928,0.32655802
30.210000336170197,-16.423944,0.52246016,0.3277788
30.220000565052032,-16.435946,0.52246016,0.32899958
30.23000079393387,-16.431944,0.52246016,0.33022034
30.23999911546707,-16.439943,0.5225276,0.33022034
30.249999344348907,-16.443945,0.5225276,0.33144113
30.259999573230743,-16.427944,0.5225276,0.3326619
30.26999980211258,-16.423944,0.5225949,0.3338827
30.280000030994415,-16.419945,0.5226623,0.3338827
30.29000025987625,-16.423944,0.5227297,0.33510345
30.300000488758087,-16.407944,0.52279705,0.33632424
30.310000717639923,-16.403944,0.52293175,0.33632424
30.32000094652176,-16.431944,0.5231339,0.33632424
30.329999268054962,-16.415945,0.52333605,0.33510345
30.339999496936798,-16.411943,0.52380764,0.3338827
30.349999725818634,-16.423944,0.52454865,0.33022034
30.35999995470047,-16.427944,0.5255592,0.32411647
30.370000183582306,-16.399944,0.5267719,0.3167918
30.380000412464142,-16.399944,0.528052,0.30946714
30.390000641345978,-16.427944,0.52879304,0.30458403
30.400000870227814,-16.447943,0.52899516,0.30458403
30.409999191761017,-16.419945,0.52899516,0.3058048
30.419999420642853,-16.423944,0.52899516,0.30702558
30.42999964952469,-16.427944,0.52899516,0.30824634
30.439999878406525,-16.415945,0.52899516,0.30946714
30.45000010728836,-16.427944,0.52899516,0.3106879
30.460000336170197,-16.443945,0.52899516,0.3119087
30.470000565052032,-16.427944,0.52899516,0.3119087
30.48000079393387,-16.423944,0.52899516,0.31435025
30.48999911546707,-16.391945,0.52899516,0.31435025
30.499999344348907,-16.403944,0.5290625,0.315571
30.509999573230743,-16.427944,0.5290625,0.3167918
30.51999980211258,-16.431944,0.5290625,0.31801257
30.530000030994415,-16.455944,0.5290625,0.31923336
30.54000025987625,-16.443945,0.5290625,0.32045412
30.550000488758087,-16.395945,0.5290625,0.3216749
30.560000717639923,-16.391945,0.5290625,0.3216749
30.57000094652176,-16.427944,0.5291299,0.32289568
30.579999268054962,-16.447943,0.5291299,0.32411647
30.589999496936798,-16.439943,0.5291299,0.32533723
30.599999725818634,-16.435946,0.5291973,0.32655802
30.60999995470047,-16.435946,0.5291973,0.3277788
30.620000183582306,-16.423944,0.5291973,0.3277788
30.630000412464142,-16.403944,0.5292646,0.32899958
30.640000641345978,-16.435946,0.529332,0.33022034
30.650000870227814,-16.419945,0.529332,0.33144113
30.659999191761017,-16.407944,0.52939934,0.33144113
30.669999420642853,-16.403944,0.5295341,0.33144113
30.67999964952469,-16.435946,0.52966887,0.33144113
30.689999878406525,-16.439943,0.52993834,0.33144113
30.70000010728836,-16.403944,0.5302078,0.33022034
30.710000336170197,-16.423944,0.53061205,0.32899958
30.720000565052032,-16.423944,0.531151,0.32655802
30.73000079393387,-16.387943,0.53182477,0.32289568
30.73999911546707,-16.391945,0.5326332,0.31801257
30.749999344348907,-16.415945,0.53357637,0.31312945
30.759999573230743,-16.447943,0.53431743,0.30946714
30.76999980211258,-16.411943,0.53451955,0.30824634
30.780000030994415,-16.415945,0.53451955,0.3106879
30.79000025987625,-16.443945,0.53451955,0.3106879
30.800000488758087,-16.415945,0.53451955,0.3119087
30.810000717639923,-16.411943,0.53451955,0.31312945
30.82000094652176,-16.423944,0.53451955,0.31435025
30.829999268054962,-16.407944,0.53451955,0.315571
30.839999496936798,-16.411943,0.5345869,0.3167918
30.849999725818634,-16.403944,0.5345869,0.31801257
30.85999995470047,-16.439943,0.5345869,0.31923336
30.870000183582306,-16.435946,0.5345869,0.32045412
30.880000412464142,-16.415945,0.5345869,0.3216749
30.890000641345978,-16.419945,0.53465426,0.3216749
