"TEST_HEADER_START","Data source","Date","Time","Start Timestamp","End Timestamp","Specimen identifier","TEST_HEADER_END","SPECIMEN_HEADER_START","Specimen type","Thickness (mm)","Area (sq mm)","Axial Gauge Length (mm)","Transverse Gauge Length (mm)","Grip Separation (mm)","SPECIMEN_HEADER_END","RESULTS_HEADER_START","Displacement at 0.000 N (%) ","Displacement at Maximum Load (%) ","Extension at Max Load (mm) ","Load at Break (N) ","Load at Max Position (N) ","RESULTS_HEADER_END"
"TEST_INFO_START","L0-173-REV-2L-2026-04-14-11-06-25.mtwData","2026-04-14","11:06:25","2026-04-14 11:06:25.601","2026-04-14 11:06:25.659","29","TEST_INFO_END","SPECIMEN_INFO_START","Thickness",10.2,999999.9,7.6199994,7.6199994,25.0,"SPECIMEN_INFO_END","RESULTS_INFO_START","0.00","N/A","N/A","N/A","N/A","N/A","N/A","N/A","N/A","N/A","11.77","0.897","50.476","RESULTS_INFO_END"

"Time","Load (N)","Position (mm)","Control Out (V)"
0.0,0.1759994,0.0,0.37294757
0.01000000536441803,0.23999918,5.3896604E-4,0.37050602
0.019999995827674866,0.295999,0.0012800442,0.36806446
0.030000001192092896,0.40799862,0.0020884932,0.36318135
0.03999999165534973,0.51199824,0.002964313,0.35829824
0.04999999701976776,0.579998,0.0038401328,0.35219434
0.06000000238418579,0.6679977,0.004918065,0.34731123
0.06999999284744263,0.7679974,0.005928626,0.33998656
0.07999999821186066,0.8479971,0.0066697043,0.33632424
0.09000000357627869,0.895997,0.0071412995,0.3338827
0.09999999403953552,0.91999686,0.007478153,0.3338827
0.10999999940395355,1.0039966,0.007815006,0.3326619
0.12000000476837158,1.0719963,0.008151861,0.33144113
0.12999999523162842,1.1239961,0.008488714,0.33022034
0.13999998569488525,1.1479961,0.008758198,0.33022034
0.15000000596046448,1.175996,0.008960309,0.32899958
0.1599999964237213,1.167996,0.009297163,0.3277788
0.16999998688697815,1.171996,0.009701388,0.32655802
0.18000000715255737,1.2359958,0.010172984,0.32411647
0.1899999976158142,1.3159956,0.010779319,0.32045412
0.19999998807907104,1.3759953,0.011250915,0.31801257
0.21000000834465027,1.3919952,0.011587769,0.31801257
0.2199999988079071,1.443995,0.011722511,0.31801257
0.22999998927116394,1.443995,0.011722511,0.31923336
0.24000000953674316,1.4159951,0.011722511,0.32045412
0.25,1.4159951,0.011722511,0.3216749
0.25999999046325684,1.443995,0.011789881,0.3216749
0.27000001072883606,1.443995,0.011857252,0.32289568
0.2800000011920929,1.4359951,0.011924623,0.32289568
0.28999999165534973,1.4479951,0.0120593645,0.32411647
0.30000001192092896,1.4839948,0.0121267345,0.32411647
0.3100000023841858,1.475995,0.012261476,0.32411647
0.3199999928474426,1.4719949,0.012328846,0.32533723
0.32999998331069946,1.479995,0.012396217,0.32655802
0.3400000035762787,1.491995,0.012530959,0.32655802
0.3499999940395355,1.491995,0.01259833,0.32655802
0.35999998450279236,1.5279948,0.012665701,0.3277788
0.3700000047683716,1.5559946,0.012733072,0.3277788
0.3799999952316284,1.5599947,0.012800442,0.32899958
0.38999998569488525,1.5799946,0.012935184,0.32899958
0.3999999761581421,1.5919946,0.013137296,0.32899958
0.4100000262260437,1.6239945,0.01347415,0.3277788
0.42000001668930054,1.6399944,0.013878374,0.32655802
0.4300000071525574,1.6759943,0.01441734,0.32289568
0.4399999976158142,1.755994,0.015158419,0.32045412
0.44999998807907104,1.8519937,0.015966868,0.315571
0.4599999785423279,1.9479933,0.016910058,0.3106879
0.4699999690055847,2.015993,0.017785877,0.30458403
0.48000001907348633,2.059993,0.018190103,0.30336323
0.49000000953674316,2.0519931,0.018257473,0.30336323
0.5,2.0239933,0.018324845,0.30458403
0.5099999904632568,2.0239933,0.018324845,0.3058048
0.5199999809265137,2.059993,0.018324845,0.30702558
0.5299999713897705,2.1199927,0.018324845,0.30824634
0.5400000214576721,2.1599927,0.018324845,0.30946714
0.550000011920929,2.1759925,0.018392215,0.30946714
0.5600000023841858,2.1599927,0.018392215,0.3106879
0.5699999928474426,2.1159928,0.018459586,0.3119087
0.5799999833106995,2.0919929,0.018459586,0.31312945
0.5899999737739563,2.075993,0.018594326,0.31312945
0.6000000238418579,2.0719929,0.018661696,0.31312945
0.6100000143051147,2.103993,0.018661696,0.31435025
0.6200000047683716,2.1479926,0.018796438,0.31435025
0.6299999952316284,2.2119925,0.01886381,0.315571
0.6399999856948853,2.2359924,0.01886381,0.3167918
0.6499999761581421,2.1959925,0.01893118,0.31801257
0.6600000262260437,2.1679926,0.018998552,0.31801257
0.6700000166893005,2.1359928,0.019065922,0.31923336
0.6800000071525574,2.1119928,0.019200664,0.31923336
0.6899999976158142,2.1359928,0.019470148,0.31801257
0.699999988079071,2.2239923,0.019941742,0.3167918
0.7099999785423279,2.343992,0.02068282,0.31312945
0.7199999690055847,2.4799914,0.02169338,0.30702558
0.7300000190734863,2.6359909,0.023040796,0.29848012
0.7400000095367432,2.8159904,0.024725065,0.2887139
0.75,2.8799903,0.02600511,0.28138924
0.7599999904632568,2.8799903,0.02688093,0.27528536
0.7699999809265137,2.89999,0.027756749,0.27040225
0.7799999713897705,2.9959898,0.028699938,0.26551914
0.7900000214576721,3.1439893,0.029845241,0.25819448
0.800000011920929,3.3479886,0.030855807,0.25331137
0.8100000023841858,3.5239878,0.0313274,0.24964903
0.8199999928474426,3.603988,0.03139477,0.2508698
0.8299999833106995,3.551988,0.03139477,0.25209057
0.8399999737739563,3.507988,0.03139477,0.25331137
0.8500000238418579,3.4199882,0.03139477,0.25453213
0.8600000143051147,3.3759885,0.03139477,0.25575292
0.8700000047683716,3.3639884,0.03139477,0.25697368
0.8799999952316284,3.4079883,0.03139477,0.25819448
0.8899999856948853,3.4719882,0.03139477,0.25941524
0.8999999761581421,3.531988,0.03139477,0.26063603
0.9099999666213989,3.551988,0.03139477,0.2618568
0.9199999570846558,3.5439878,0.03139477,0.2630776
0.9299999475479126,3.483988,0.03139477,0.2630776
0.940000057220459,3.4159884,0.03139477,0.26551914
0.9500000476837158,3.3559887,0.03139477,0.26551914
0.9600000381469727,3.3839884,0.03139477,0.2667399
0.9700000286102295,3.3999887,0.03139477,0.2679607
0.9800000190734863,3.4559882,0.03139477,0.26918146
0.9900000095367432,3.535988,0.03139477,0.27040225
1.0,3.559988,0.03139477,0.27162302
1.0099999904632568,3.547988,0.03139477,0.2728438
1.0199999809265137,3.4679883,0.03139477,0.27406457
1.0299999713897705,3.4159884,0.03139477,0.27528536
1.0399999618530273,3.3839884,0.03139477,0.27650613
1.0499999523162842,3.3439887,0.03139477,0.27772692
1.059999942779541,3.3719885,0.03139477,0.27894768
1.0700000524520874,3.4719882,0.03139477,0.28016847
1.0800000429153442,3.511988,0.03139477,0.28138924
1.090000033378601,3.515988,0.03139477,0.28261003
1.100000023841858,3.515988,0.03139477,0.28261003
1.1100000143051147,3.4799883,0.03139477,0.28505158
1.1200000047683716,3.4039884,0.03139477,0.28505158
1.1299999952316284,3.3359888,0.03139477,0.28749314
1.1399999856948853,3.3559887,0.03146214,0.28749314
1.149999976158142,3.4079883,0.03146214,0.2887139
1.159999966621399,3.443988,0.03146214,0.2899347
1.1699999570846558,3.515988,0.031529512,0.2899347
1.1799999475479126,3.5679877,0.031529512,0.29115546
1.190000057220459,3.563988,0.031596884,0.29237625
1.2000000476837158,3.5039883,0.031664252,0.29237625
1.2100000381469727,3.4519882,0.031798996,0.293597
1.2200000286102295,3.4239883,0.031866368,0.293597
1.2300000190734863,3.3999887,0.03206848,0.293597
1.2400000095367432,3.4359884,0.03227059,0.293597
1.25,3.5439878,0.032674816,0.29237625
1.2599999904632568,3.6999874,0.033146407,0.2899347
1.2699999809265137,3.759987,0.033752747,0.28627235
1.2799999713897705,3.843987,0.0345612,0.28261003
1.2899999618530273,3.9199865,0.035571758,0.27650613
1.2999999523162842,3.9679866,0.03658232,0.27162302
1.309999942779541,3.9719865,0.037256025,0.2667399
1.3200000524520874,3.9559867,0.03752551,0.2667399
1.3300000429153442,3.9679866,0.03752551,0.2679607
1.340000033378601,3.9919865,0.03752551,0.2679607
1.350000023841858,4.079986,0.03752551,0.26918146
1.3600000143051147,4.1999855,0.03752551,0.27040225
1.3700000047683716,4.2719855,0.03752551,0.27162302
1.3799999952316284,4.2479854,0.03752551,0.2728438
1.3899999856948853,4.1839857,0.03752551,0.27406457
1.399999976158142,4.095986,0.03752551,0.27528536
1.409999966621399,4.0239863,0.03752551,0.27650613
1.4199999570846558,3.9559867,0.03752551,0.27772692
1.4299999475479126,3.9839864,0.03752551,0.27894768
1.440000057220459,4.091986,0.03752551,0.28016847
1.4500000476837158,4.1799855,0.03752551,0.28138924
1.4600000381469727,4.2119856,0.03752551,0.28261003
1.4700000286102295,4.2239857,0.03752551,0.2838308
1.4800000190734863,4.1919856,0.03752551,0.28505158
1.4900000095367432,4.099986,0.03752551,0.28627235
1.5,3.9999862,0.03752551,0.28749314
1.5099999904632568,3.9719865,0.03752551,0.2887139
1.5199999809265137,4.0279865,0.03752551,0.2887139
1.5299999713897705,4.091986,0.03752551,0.2899347
1.5399999618530273,4.1599855,0.03752551,0.29115546
1.5499999523162842,4.2399855,0.03752551,0.29237625
1.559999942779541,4.2359858,0.03752551,0.293597
1.5700000524520874,4.1439857,0.03752551,0.2948178
1.5800000429153442,4.071986,0.03752551,0.29603857
1.590000033378601,4.0159864,0.03752551,0.29725936
1.600000023841858,3.9639864,0.03752551,0.29848012
1.6100000143051147,3.9759865,0.03752551,0.29970092
1.6200000047683716,4.0479865,0.03752551,0.30092168
1.6299999952316284,4.1439857,0.03752551,0.30214247
1.6399999856948853,4.1999855,0.03759288,0.30214247
1.649999976158142,4.1919856,0.03759288,0.30336323
1.659999966621399,4.167986,0.03759288,0.30458403
1.6699999570846558,4.087986,0.03759288,0.3058048
1.6799999475479126,4.0039864,0.03759288,0.30702558
1.690000057220459,3.9599864,0.03759288,0.30824634
1.7000000476837158,3.9999862,0.03759288,0.30946714
1.7100000381469727,4.067986,0.03766025,0.3106879
1.7200000286102295,4.139986,0.03766025,0.3106879
1.7300000190734863,4.1999855,0.03766025,0.31312945
1.7400000095367432,4.2239857,0.03772762,0.31312945
1.75,4.171986,0.037794992,0.31435025
1.7599999904632568,4.115986,0.037862364,0.31435025
1.7699999809265137,4.075986,0.037929732,0.315571
1.7799999713897705,4.031986,0.037997104,0.315571
1.7899999618530273,4.055986,0.038131848,0.3167918
1.7999999523162842,4.099986,0.038199216,0.3167918
1.809999942779541,4.2119856,0.03840133,0.3167918
1.8200000524520874,4.2719855,0.03867081,0.3167918
1.8300000429153442,4.323985,0.039075036,0.31435025
1.840000033378601,4.395985,0.03968137,0.3106879
1.850000023841858,4.431985,0.040557195,0.30702558
1.8600000143051147,4.4759846,0.041567754,0.30092168
1.869999885559082,4.5359845,0.042713057,0.293597
1.880000114440918,4.6119843,0.043521505,0.2899347
1.8900001049041748,4.667984,0.04379099,0.2887139
1.9000000953674316,4.679984,0.04379099,0.2899347
1.9100000858306885,4.735984,0.04379099,0.29115546
1.9200000762939453,4.787984,0.04379099,0.29237625
1.9300000667572021,4.8359838,0.04379099,0.29237625
1.940000057220459,4.8359838,0.04379099,0.2948178
1.9500000476837158,4.8479834,0.04379099,0.2948178
1.9600000381469727,4.7839837,0.04385836,0.29603857
1.9700000286102295,4.715984,0.04385836,0.29725936
1.9800000190734863,4.6839843,0.043925732,0.29848012
1.9900000095367432,4.699984,0.043925732,0.29848012
2.0,4.7439837,0.0439931,0.29970092
2.009999990463257,4.7999835,0.044060472,0.30092168
2.0199999809265137,4.8599834,0.044127844,0.30092168
2.0299999713897705,4.9199834,0.044262584,0.30092168
2.0399999618530273,4.895983,0.044464696,0.30092168
2.049999952316284,4.8639836,0.04473418,0.30092168
2.059999942779541,4.8639836,0.045003664,0.29970092
2.069999933242798,4.8519835,0.045273144,0.29848012
2.0799999237060547,4.8679833,0.04561,0.29848012
2.0899999141693115,4.9199834,0.04594685,0.29725936
2.0999999046325684,5.039983,0.046283707,0.29603857
2.109999895095825,5.1319823,0.046687935,0.293597
2.119999885559082,5.1959825,0.047226895,0.29115546
2.130000114440918,5.2359824,0.047765862,0.2887139
2.140000104904175,5.267982,0.04850694,0.28505158
2.1500000953674316,5.267982,0.04918065,0.28138924
2.1600000858306885,5.279982,0.049584873,0.27894768
2.1700000762939453,5.2999816,0.049652245,0.28016847
2.180000066757202,5.3199816,0.049652245,0.28138924
2.190000057220459,5.347982,0.049719613,0.28261003
2.200000047683716,5.4279814,0.049719613,0.28261003
2.2100000381469727,5.4839816,0.049719613,0.28505158
2.2200000286102295,5.4879813,0.049719613,0.28505158
2.2300000190734863,5.4439816,0.049719613,0.28749314
2.240000009536743,5.375982,0.049786985,0.28749314
2.25,5.351982,0.049786985,0.2887139
2.259999990463257,5.2919817,0.049786985,0.2899347
2.2699999809265137,5.295982,0.049786985,0.29115546
2.2799999713897705,5.3679814,0.049854357,0.29115546
2.2899999618530273,5.4399815,0.04992173,0.29237625
2.299999952316284,5.4879813,0.04992173,0.293597
2.309999942779541,5.495981,0.049989097,0.293597
2.319999933242798,5.503981,0.05005647,0.2948178
2.3299999237060547,5.4519815,0.05005647,0.29603857
2.3399999141693115,5.3679814,0.05012384,0.29725936
2.3499999046325684,5.3239822,0.050191212,0.29725936
2.359999895095825,5.351982,0.05025858,0.29848012
2.369999885559082,5.3799815,0.05025858,0.29848012
2.380000114440918,5.4319816,0.050325952,0.29970092
2.390000104904175,5.523981,0.050460696,0.29970092
2.4000000953674316,5.567981,0.050595436,0.30092168
2.4100000858306885,5.535981,0.050730176,0.30092168
2.4200000762939453,5.4919815,0.05079755,0.30092168
2.430000066757202,5.4719815,0.05099966,0.30092168
2.440000057220459,5.479981,0.051201772,0.30092168
2.450000047683716,5.475981,0.051403884,0.30092168
2.4600000381469727,5.5319815,0.051673368,0.29970092
2.4700000286102295,5.643981,0.05194285,0.29848012
2.4800000190734863,5.7039804,0.052144963,0.29848012
2.490000009536743,5.7199807,0.052279703,0.29848012
2.5,5.7399807,0.052481815,0.29848012
2.509999990463257,5.7399807,0.0527513,0.29848012
2.5199999809265137,5.7199807,0.05308815,0.29725936
2.5299999713897705,5.70798,0.053357635,0.29603857
2.5399999618530273,5.7559805,0.05369449,0.2948178
2.549999952316284,5.85598,0.054233458,0.29237625
2.559999942779541,5.9519796,0.054907165,0.2887139
2.569999933242798,6.0519795,0.055513497,0.28627235
2.5799999237060547,6.1159787,0.05578298,0.28505158
2.5899999141693115,6.0959797,0.055917725,0.28505158
2.5999999046325684,6.0399795,0.055985097,0.28627235
2.609999895095825,6.00798,0.055985097,0.28749314
2.619999885559082,6.0119796,0.055985097,0.2887139
2.630000114440918,6.0399795,0.056119837,0.2887139
2.640000104904175,6.0799794,0.056119837,0.2899347
2.6500000953674316,6.151979,0.056119837,0.29115546
2.6600000858306885,6.195979,0.05618721,0.29115546
2.6700000762939453,6.187979,0.05618721,0.29237625
2.680000066757202,6.143979,0.056254577,0.293597
2.690000057220459,6.123979,0.056254577,0.2948178
2.700000047683716,6.0559797,0.05632195,0.2948178
2.7100000381469727,6.043979,0.05632195,0.29603857
2.7200000286102295,6.0679793,0.05632195,0.29725936
2.7300000190734863,6.1079793,0.05632195,0.29848012
2.740000009536743,6.1679792,0.05638932,0.29970092
2.75,6.195979,0.05638932,0.30092168
2.759999990463257,6.2039785,0.056456693,0.30092168
2.7699999809265137,6.195979,0.056456693,0.30214247
2.7799999713897705,6.1279793,0.05652406,0.30336323
2.7899999618530273,6.083979,0.05652406,0.30458403
2.799999952316284,6.083979,0.056591433,0.30458403
2.809999942779541,6.0999794,0.056726176,0.30458403
2.819999933242798,6.1279793,0.056860916,0.3058048
2.8299999237060547,6.219979,0.05706303,0.30458403
2.8399999141693115,6.303979,0.05733251,0.30458403
2.8499999046325684,6.3359785,0.057736736,0.30214247
2.859999895095825,6.3919783,0.058410443,0.29970092
2.869999885559082,6.467978,0.05921889,0.2948178
2.880000114440918,6.5399776,0.06009471,0.2899347
2.890000104904175,6.611977,0.06110527,0.28505158
2.9000000953674316,6.6879773,0.061981093,0.27894768
2.9100000858306885,6.7759767,0.062587425,0.27650613
2.9200000762939453,6.7999773,0.06292428,0.27528536
2.930000066757202,6.831977,0.06292428,0.27650613
2.940000057220459,6.871977,0.06299165,0.27650613
2.950000047683716,6.9199767,0.063059025,0.27772692
2.9600000381469727,6.927976,0.063059025,0.27894768
2.9700000286102295,6.9359765,0.06312639,0.27894768
2.9800000190734863,6.9199767,0.06319376,0.28016847
2.990000009536743,6.907976,0.06326114,0.28138924
3.0,6.859977,0.063328505,0.28138924
3.009999990463257,6.871977,0.06339588,0.28261003
3.0199999809265137,6.9039764,0.06359799,0.28138924
3.0299999713897705,6.9439764,0.06386747,0.28138924
3.0399999618530273,7.019976,0.06420433,0.28016847
3.049999952316284,7.099976,0.06467592,0.27772692
3.059999942779541,7.1719756,0.06514752,0.27528536
3.069999933242798,7.1959753,0.065484375,0.27406457
3.0799999237060547,7.1759753,0.065753855,0.27406457
3.0899999141693115,7.1599755,0.06582123,0.27406457
3.0999999046325684,7.1439757,0.0658886,0.27528536
3.109999895095825,7.127976,0.06595597,0.27650613
3.119999885559082,7.1959753,0.06602334,0.27650613
3.130000114440918,7.2559757,0.06615808,0.27650613
3.140000104904175,7.2879753,0.06622545,0.27772692
3.1500000953674316,7.2879753,0.066292815,0.27772692
3.1600000858306885,7.263975,0.06636019,0.27894768
3.1700000762939453,7.2559757,0.06642756,0.27894768
3.180000066757202,7.2159753,0.0665623,0.28016847
3.190000057220459,7.1759753,0.06662967,0.28016847
3.200000047683716,7.203975,0.06662967,0.28138924
3.2100000381469727,7.263975,0.06669704,0.28261003
3.2200000286102295,7.303975,0.06683178,0.28261003
3.2300000190734863,7.359975,0.066966526,0.28261003
3.240000009536743,7.4119744,0.06710127,0.28261003
3.25,7.371975,0.06710127,0.2838308
3.259999990463257,7.319975,0.06710127,0.28505158
3.2699999809265137,7.2879753,0.06716864,0.28627235
3.2799999713897705,7.2679753,0.067236006,0.28627235
3.2899999618530273,7.2759757,0.067236006,0.28749314
3.299999952316284,7.303975,0.06730338,0.2887139
3.309999942779541,7.367975,0.06737075,0.2887139
3.319999933242798,7.419975,0.06743812,0.2899347
3.3299999237060547,7.395975,0.067505494,0.29115546
3.3399999141693115,7.4039745,0.067505494,0.29115546
3.3499999046325684,7.3639746,0.067505494,0.29237625
3.359999895095825,7.303975,0.06757286,0.293597
3.369999885559082,7.263975,0.06757286,0.2948178
3.380000114440918,7.2799754,0.06757286,0.29603857
3.390000104904175,7.331975,0.06757286,0.29725936
3.4000000953674316,7.367975,0.06757286,0.29848012
3.4100000858306885,7.399975,0.06757286,0.29970092
3.4200000762939453,7.4319744,0.06764024,0.29970092
3.430000066757202,7.4279747,0.06764024,0.30092168
3.440000057220459,7.355975,0.06764024,0.30214247
3.450000047683716,7.319975,0.06764024,0.30336323
3.4600000381469727,7.311975,0.06764024,0.30458403
3.4700000286102295,7.2999754,0.067707606,0.3058048
3.4800000190734863,7.3159747,0.067707606,0.30702558
3.490000009536743,7.379975,0.067774974,0.30702558
3.5,7.4119744,0.067774974,0.30824634
3.509999990463257,7.4239745,0.067774974,0.30946714
3.5199999809265137,7.4079747,0.06784235,0.3106879
3.5299999713897705,7.3879747,0.06784235,0.3106879
3.5399999618530273,7.355975,0.06784235,0.31312945
3.549999952316284,7.3079753,0.06790972,0.31312945
3.559999942779541,7.291975,0.06790972,0.31435025
3.569999933242798,7.3479753,0.06804446,0.31435025
3.5799999237060547,7.3879747,0.06811183,0.315571
3.5899999141693115,7.4319744,0.068179205,0.315571
3.5999999046325684,7.4679747,0.06824657,0.3167918
3.609999895095825,7.4799743,0.06831394,0.3167918
3.619999885559082,7.4559746,0.06838132,0.31801257
3.630000114440918,7.3879747,0.068448685,0.31801257
3.640000104904175,7.399975,0.06851605,0.31923336
3.6500000953674316,7.415975,0.06858343,0.32045412
3.6600000858306885,7.439975,0.068718165,0.32045412
3.6700000762939453,7.483975,0.06878554,0.32045412
3.680000066757202,7.543974,0.06885291,0.3216749
3.690000057220459,7.559974,0.06898765,0.3216749
3.700000047683716,7.563974,0.0691224,0.3216749
3.7100000381469727,7.559974,0.06939188,0.3216749
3.7200000286102295,7.587974,0.069863476,0.31923336
3.7300000190734863,7.611974,0.070469804,0.3167918
3.740000009536743,7.703974,0.07127825,0.3119087
3.75,7.811973,0.07195196,0.30824634
3.759999990463257,7.887973,0.072625674,0.30458403
3.7699999809265137,7.9599733,0.07323201,0.30214247
3.7799999713897705,8.003973,0.07377098,0.29848012
3.7899999618530273,8.083972,0.07424256,0.29725936
3.799999952316284,8.123973,0.07464679,0.2948178
3.809999942779541,8.135972,0.074848905,0.2948178
3.819999933242798,8.147972,0.074848905,0.29603857
3.8299999237060547,8.1559725,0.074848905,0.29725936
3.8399999141693115,8.167973,0.07491627,0.29848012
3.8499999046325684,8.195972,0.07498364,0.29848012
3.859999895095825,8.215972,0.07498364,0.29970092
3.870000123977661,8.231972,0.07505102,0.30092168
3.879999876022339,8.199972,0.075118385,0.30092168
3.890000104904175,8.199972,0.07518576,0.30214247
3.8999998569488525,8.199972,0.07518576,0.30336323
3.9100000858306885,8.183972,0.07525313,0.30336323
3.919999837875366,8.191972,0.07525313,0.30458403
3.930000066757202,8.207973,0.0753205,0.3058048
3.93999981880188,8.223971,0.0753205,0.30702558
3.950000047683716,8.211972,0.0753205,0.30824634
3.9599997997283936,8.223971,0.07538787,0.30824634
3.9700000286102295,8.243972,0.07545524,0.30946714
3.9799997806549072,8.243972,0.075589985,0.3106879
3.990000009536743,8.247972,0.07565735,0.3106879
3.999999761581421,8.239972,0.0757921,0.3106879
4.009999990463257,8.259972,0.07592684,0.3106879
4.020000219345093,8.303972,0.07612895,0.3106879
4.0299999713897705,8.323972,0.076331064,0.3106879
4.0400002002716064,8.363972,0.07666792,0.30824634
4.049999952316284,8.439971,0.07713951,0.30702558
4.06000018119812,8.463971,0.07747637,0.3058048
4.069999933242798,8.479971,0.07781322,0.30458403
4.080000162124634,8.507971,0.07815007,0.30336323
4.0899999141693115,8.535971,0.07848692,0.30214247
4.1000001430511475,8.571971,0.07889115,0.30092168
4.109999895095825,8.611971,0.07922801,0.29970092
4.120000123977661,8.67997,0.079564855,0.29848012
4.129999876022339,8.707971,0.07976697,0.29848012
4.140000104904175,8.731971,0.07990171,0.29848012
4.1499998569488525,8.75597,0.08010382,0.29848012
4.1600000858306885,8.77197,0.080238566,0.29848012
4.169999837875366,8.759971,0.080305934,0.29848012
4.180000066757202,8.76397,0.08037331,0.29970092
4.18999981880188,8.77997,0.08044068,0.30092168
4.200000047683716,8.79597,0.080508046,0.30092168
4.2099997997283936,8.815969,0.08057542,0.30092168
4.2200000286102295,8.83197,0.08057542,0.30214247
4.229999780654907,8.83997,0.08064279,0.30336323
4.240000009536743,8.85197,0.080710165,0.30458403
4.249999761581421,8.82397,0.080710165,0.30458403
4.259999990463257,8.81197,0.08077753,0.3058048
4.270000219345093,8.83997,0.0808449,0.30702558
4.2799999713897705,8.82397,0.080979645,0.30702558
4.2900002002716064,8.83597,0.080979645,0.30824634
4.299999952316284,8.855969,0.08111439,0.30824634
4.31000018119812,8.883969,0.08118176,0.30824634
4.319999933242798,8.89997,0.0813165,0.30946714
4.330000162124634,8.89997,0.081451245,0.30946714
4.3399999141693115,8.91197,0.08158598,0.30946714
4.3500001430511475,8.927969,0.08165336,0.3106879
4.359999895095825,8.90397,0.08178809,0.3106879
4.370000123977661,8.93997,0.08205758,0.30946714
4.379999876022339,8.9999695,0.0824618,0.30824634
4.390000104904175,9.059969,0.083000764,0.3058048
4.3999998569488525,9.143969,0.08353973,0.30214247
4.4100000858306885,9.231969,0.0840787,0.30092168
4.419999837875366,9.283968,0.084685035,0.29725936
4.430000066757202,9.3159685,0.08529137,0.2948178
4.43999981880188,9.343968,0.08583034,0.29237625
4.450000047683716,9.403968,0.08616719,0.29115546
4.4599997997283936,9.419968,0.0863693,0.2899347
4.4700000286102295,9.403968,0.0863693,0.29115546
4.479999780654907,9.439968,0.0863693,0.29237625
4.490000009536743,9.491967,0.086436674,0.293597
4.499999761581421,9.527967,0.086436674,0.2948178
4.509999990463257,9.507968,0.086436674,0.29603857
4.520000219345093,9.507968,0.086436674,0.29725936
4.5299999713897705,9.491967,0.08650404,0.29725936
4.5400002002716064,9.447968,0.08650404,0.29848012
4.549999952316284,9.411968,0.08650404,0.29970092
4.56000018119812,9.431968,0.08657141,0.30092168
4.569999933242798,9.467968,0.08657141,0.30214247
4.580000162124634,9.4879675,0.08657141,0.30214247
4.5899999141693115,9.539968,0.086638786,0.30336323
4.6000001430511475,9.551968,0.086638786,0.30458403
4.609999895095825,9.547968,0.086638786,0.3058048
4.620000123977661,9.507968,0.086706154,0.30702558
4.629999876022339,9.475967,0.086706154,0.30702558
4.640000104904175,9.463968,0.086706154,0.30824634
4.6499998569488525,9.435968,0.08677352,0.30946714
4.6600000858306885,9.455968,0.0868409,0.3106879
4.669999837875366,9.523968,0.0868409,0.3106879
4.680000066757202,9.559967,0.086908266,0.3119087
4.68999981880188,9.567967,0.08697564,0.31312945
4.700000047683716,9.559967,0.08704301,0.31312945
4.7099997997283936,9.543967,0.08704301,0.31435025
4.7200000286102295,9.511968,0.08711038,0.315571
4.729999780654907,9.475967,0.08711038,0.3167918
4.740000009536743,9.479968,0.08717775,0.3167918
4.749999761581421,9.503968,0.08724512,0.31801257
4.759999990463257,9.531967,0.08724512,0.31923336
4.770000219345093,9.567967,0.087379865,0.31923336
4.7799999713897705,9.615968,0.08744723,0.31923336
4.7900002002716064,9.643968,0.087649345,0.32045412
4.799999952316284,9.635967,0.08785146,0.31923336
4.81000018119812,9.643968,0.088120945,0.31801257
4.819999933242798,9.683968,0.08852517,0.3167918
4.830000162124634,9.723967,0.08919888,0.31435025
4.8399999141693115,9.8439665,0.090074696,0.30824634
4.8500001430511475,9.991966,0.09128737,0.30214247
4.859999895095825,10.215965,0.09263478,0.293597
4.870000123977661,10.3319645,0.09391483,0.28627235
4.879999876022339,10.391965,0.09472328,0.28138924
4.890000104904175,10.423965,0.095262244,0.27894768
4.8999998569488525,10.455964,0.09586858,0.27528536
4.9100000858306885,10.499965,0.09640755,0.2728438
4.919999837875366,10.575964,0.09681177,0.27162302
4.930000066757202,10.723964,0.097215995,0.26918146
4.93999981880188,10.859963,0.09775496,0.2667399
4.950000047683716,10.975963,0.09842867,0.2630776
4.9599997997283936,11.075962,0.09910237,0.25941524
4.9700000286102295,11.103963,0.09957397,0.25697368
4.979999780654907,11.015963,0.09970871,0.25819448
4.990000009536743,10.923963,0.09970871,0.25941524
4.999999761581421,10.895963,0.09977608,0.25941524
5.009999990463257,10.927963,0.09977608,0.26063603
5.020000219345093,11.007962,0.09977608,0.2618568
5.0299999713897705,11.103963,0.09977608,0.2630776
5.0400002002716064,11.195962,0.09977608,0.26429835
5.049999952316284,11.187962,0.09977608,0.26551914
5.06000018119812,11.119963,0.09977608,0.2667399
5.069999933242798,11.019962,0.09977608,0.2679607
5.080000162124634,10.935963,0.09977608,0.26918146
5.0899999141693115,10.867963,0.09977608,0.27040225
5.1000001430511475,10.891962,0.09977608,0.27162302
5.109999895095825,10.963963,0.09977608,0.2728438
5.120000123977661,11.071962,0.09977608,0.27406457
5.129999876022339,11.155962,0.09977608,0.27528536
5.140000104904175,11.183962,0.09977608,0.27650613
5.1499998569488525,11.123962,0.09977608,0.27772692
5.1600000858306885,11.031962,0.09977608,0.27772692
5.169999837875366,10.923963,0.09977608,0.27894768
5.180000066757202,10.867963,0.09977608,0.28016847
5.18999981880188,10.895963,0.09977608,0.28138924
5.200000047683716,10.963963,0.09977608,0.28261003
5.2099997997283936,11.031962,0.09977608,0.2838308
5.2200000286102295,11.131963,0.09984345,0.28505158
5.229999780654907,11.159963,0.09984345,0.28627235
5.240000009536743,11.123962,0.09984345,0.28749314
5.249999761581421,11.0439625,0.099910825,0.28749314
5.259999990463257,10.963963,0.09997819,0.2887139
5.270000219345093,10.899963,0.09997819,0.2899347
5.2799999713897705,10.871963,0.09997819,0.29115546
5.2900002002716064,10.943963,0.09997819,0.29237625
5.299999952316284,11.059962,0.10004557,0.29237625
5.31000018119812,11.135962,0.10004557,0.293597
5.319999933242798,11.151962,0.10011294,0.2948178
5.330000162124634,11.143962,0.100180306,0.29603857
5.3399999141693115,11.099962,0.10024768,0.29603857
5.3500001430511475,10.995963,0.10024768,0.29725936
5.359999895095825,10.935963,0.10031505,0.29725936
5.370000123977661,10.943963,0.10031505,0.29848012
5.379999876022339,10.987963,0.10038242,0.29970092
5.390000104904175,11.075962,0.10044979,0.29970092
5.3999998569488525,11.147962,0.10051716,0.30092168
5.4100000858306885,11.207962,0.10051716,0.30214247
5.419999837875366,11.199963,0.10058454,0.30214247
5.430000066757202,11.139962,0.10071927,0.30214247
5.43999981880188,11.087962,0.10085402,0.30336323
5.450000047683716,11.059962,0.10105613,0.30214247
5.4599997997283936,11.059962,0.101392984,0.30214247
5.4700000286102295,11.135962,0.10179721,0.29970092
5.479999780654907,11.295961,0.1022688,0.29848012
5.490000009536743,11.41596,0.102875136,0.2948178
5.499999761581421,11.52396,0.10348147,0.29237625
5.509999990463257,11.61996,0.10422255,0.28749314
5.520000219345093,11.70396,0.10516574,0.28261003
5.5299999713897705,11.71196,0.10590682,0.27894768
5.5400002002716064,11.66396,0.10624367,0.27772692
5.549999952316284,11.63996,0.106311046,0.27772692
5.56000018119812,11.63996,0.106311046,0.27894768
5.569999933242798,11.70396,0.106311046,0.28016847
5.580000162124634,11.82796,0.106311046,0.28138924
5.5899999141693115,11.91996,0.106311046,0.28261003
5.6000001430511475,11.97596,0.106378414,0.28261003
5.609999895095825,11.923959,0.106378414,0.28505158
5.620000123977661,11.8479595,0.10644578,0.28505158
5.629999876022339,11.75196,0.10651316,0.28627235
5.640000104904175,11.675961,0.106580526,0.28627235
5.6499998569488525,11.635961,0.106647894,0.28749314
5.6600000858306885,11.70796,0.106647894,0.2887139
5.669999837875366,11.80796,0.106647894,0.2899347
5.680000066757202,11.89996,0.10671527,0.2899347
5.68999981880188,11.967959,0.10671527,0.29115546
5.700000047683716,11.98796,0.10678264,0.29237625
5.7099997997283936,11.91996,0.10678264,0.293597
5.7200000286102295,11.81996,0.10685001,0.293597
5.729999780654907,11.71196,0.10685001,0.2948178
5.740000009536743,11.71996,0.10691738,0.29603857
5.749999761581421,11.74796,0.10698475,0.29603857
5.759999990463257,11.835959,0.10698475,0.29725936
5.770000219345093,11.939959,0.10711949,0.29725936
5.7799999713897705,12.0199585,0.10718686,0.29848012
5.7900002002716064,12.0199585,0.10725424,0.29848012
5.799999952316284,11.959959,0.107321605,0.29970092
5.81000018119812,11.891959,0.10738897,0.30092168
5.819999933242798,11.823959,0.10745635,0.30092168
5.830000162124634,11.77196,0.10745635,0.30214247
5.8399999141693115,11.79196,0.10759109,0.30214247
5.8500001430511475,11.903959,0.10772583,0.30214247
5.859999895095825,12.007958,0.10792794,0.30214247
5.870000123977661,12.12396,0.10833217,0.30092168
5.879999876022339,12.179958,0.10866902,0.29970092
5.890000104904175,12.2039585,0.109005876,0.29848012
5.8999998569488525,12.135959,0.10934273,0.29725936
5.9100000858306885,12.0719595,0.109746955,0.29603857
5.919999837875366,12.119959,0.11021855,0.293597
5.930000066757202,12.211958,0.11082488,0.29115546
5.93999981880188,12.343958,0.111498594,0.28749314
5.950000047683716,12.471958,0.111970186,0.28505158
5.9599997997283936,12.567958,0.1121723,0.28505158
5.9700000286102295,12.563957,0.1121723,0.28627235
5.979999780654907,12.523957,0.112239674,0.28627235
5.990000009536743,12.479958,0.11230704,0.28749314
5.999999761581421,12.439958,0.11237442,0.28749314
6.009999990463257,12.411958,0.11237442,0.2887139
6.020000219345093,12.427958,0.112441786,0.2899347
6.0299999713897705,12.487957,0.112441786,0.29115546
6.0400002002716064,12.5599575,0.112441786,0.29237625
6.049999952316284,12.583957,0.112509154,0.29237625
6.06000018119812,12.587957,0.11257653,0.293597
6.069999933242798,12.583957,0.1126439,0.2948178
6.080000162124634,12.531958,0.112711266,0.2948178
6.0899999141693115,12.479958,0.11277864,0.29603857
6.1000001430511475,12.463958,0.11284601,0.29603857
6.109999895095825,12.487957,0.11291338,0.29725936
6.120000123977661,12.523957,0.11298075,0.29725936
6.129999876022339,12.599957,0.1131155,0.29725936
6.140000104904175,12.671957,0.113182865,0.29848012
6.1499998569488525,12.695957,0.11331761,0.29848012
6.1600000858306885,12.671957,0.113452345,0.29848012
6.169999837875366,12.647958,0.11358709,0.29848012
6.180000066757202,12.615957,0.11372183,0.29970092
6.18999981880188,12.583957,0.11385658,0.29970092
6.200000047683716,12.591957,0.11399131,0.29970092
6.2099997997283936,12.651957,0.11426079,0.29848012
6.2200000286102295,12.751957,0.11453027,0.29848012
6.229999780654907,12.827956,0.11479976,0.29725936
6.240000009536743,12.859957,0.1149345,0.29848012
6.249999761581421,12.875956,0.115136616,0.29725936
6.259999990463257,12.835956,0.11533873,0.29848012
6.270000219345093,12.823956,0.11554084,0.29725936
6.2799999713897705,12.819957,0.11574295,0.29725936
6.2900002002716064,12.871957,0.11607981,0.29603857
6.299999952316284,12.919956,0.11628192,0.29603857
6.31000018119812,12.963956,0.1165514,0.2948178
6.319999933242798,13.075954,0.116888255,0.293597
6.330000162124634,13.1399555,0.11715774,0.29237625
6.3399999141693115,13.131955,0.117359854,0.29237625
6.3500001430511475,13.103956,0.11749459,0.29237625
6.359999895095825,13.091955,0.117629334,0.29237625
6.370000123977661,13.071956,0.11776408,0.293597
6.379999876022339,13.063956,0.11789882,0.293597
6.390000104904175,13.111956,0.11796619,0.2948178
6.3999998569488525,13.191956,0.11803356,0.2948178
6.4100000858306885,13.235955,0.118100934,0.29603857
6.419999837875366,13.227955,0.118168294,0.29603857
6.430000066757202,13.227955,0.118168294,0.29725936
6.43999981880188,13.203955,0.11823566,0.29848012
6.450000047683716,13.143954,0.11823566,0.29970092
6.4599997997283936,13.103956,0.11823566,0.30092168
6.4700000286102295,13.107955,0.11830304,0.30092168
6.479999780654907,13.155955,0.11830304,0.30214247
6.490000009536743,13.199955,0.11830304,0.30336323
6.499999761581421,13.231955,0.11837041,0.30458403
6.509999990463257,13.271955,0.11837041,0.30458403
6.520000219345093,13.263955,0.11837041,0.30702558
6.5299999713897705,13.219955,0.11837041,0.30702558
6.5400002002716064,13.1799555,0.118437774,0.30824634
6.549999952316284,13.167955,0.11850515,0.30824634
6.56000018119812,13.131955,0.11850515,0.3106879
6.569999933242798,13.1399555,0.11857252,0.3106879
6.580000162124634,13.1799555,0.11857252,0.3119087
6.5899999141693115,13.243955,0.118639894,0.31312945
6.6000001430511475,13.263955,0.11870726,0.31312945
6.609999895095825,13.263955,0.11877463,0.31435025
6.620000123977661,13.275955,0.118842006,0.31435025
6.629999876022339,13.243955,0.118842006,0.315571
6.640000104904175,13.191956,0.118909374,0.3167918
6.6499998569488525,13.159955,0.118909374,0.31801257
6.6600000858306885,13.187955,0.118909374,0.31923336
6.669999837875366,13.223954,0.11897674,0.31923336
6.680000066757202,13.259955,0.11897674,0.32045412
6.68999981880188,13.295955,0.11904412,0.3216749
6.700000047683716,13.315955,0.11904412,0.32289568
6.7099997997283936,13.291954,0.119111486,0.32289568
6.7200000286102295,13.255955,0.119178854,0.32411647
6.729999780654907,13.251954,0.11924623,0.32411647
6.740000009536743,13.235955,0.11924623,0.32533723
6.749999761581421,13.211954,0.1193136,0.32655802
6.759999990463257,13.231955,0.1193136,0.3277788
6.770000219345093,13.291954,0.11938097,0.3277788
6.7799999713897705,13.323955,0.11944834,0.32899958
6.7900002002716064,13.343955,0.11951571,0.33022034
6.799999952316284,13.347954,0.119583085,0.33022034
6.81000018119812,13.343955,0.11971782,0.33022034
6.819999933242798,13.331954,0.11991994,0.33022034
6.830000162124634,13.303955,0.12012205,0.33022034
6.8399999141693115,13.359954,0.120324165,0.33022034
6.8500001430511475,13.419954,0.120593645,0.32899958
6.859999895095825,13.463955,0.1209305,0.3277788
6.870000123977661,13.539954,0.121267356,0.32655802
6.879999876022339,13.619953,0.12167159,0.32533723
6.890000104904175,13.651954,0.122008435,0.32411647
6.8999998569488525,13.671953,0.12248003,0.3216749
6.9100000858306885,13.711953,0.12315374,0.31801257
6.919999837875366,13.827952,0.12402955,0.31312945
6.930000066757202,13.907953,0.12483801,0.30824634
6.93999981880188,13.987953,0.12544434,0.3058048
6.950000047683716,14.079952,0.12591594,0.30336323
6.9599997997283936,14.159952,0.1264549,0.30092168
6.9700000286102295,14.255952,0.12706123,0.29848012
6.979999780654907,14.371951,0.12786968,0.2948178
6.990000009536743,14.495951,0.12861076,0.2899347
6.999999761581421,14.6039505,0.12941921,0.28627235
7.009999990463257,14.659949,0.1301603,0.28138924
7.020000219345093,14.71195,0.130834,0.27772692
7.0299999713897705,14.767949,0.13123822,0.27650613
7.0400002002716064,14.76395,0.13137297,0.27650613
7.049999952316284,14.74395,0.13137297,0.27772692
7.06000018119812,14.7759495,0.13144034,0.27894768
7.069999933242798,14.855949,0.13144034,0.27894768
7.080000162124634,14.915949,0.13150771,0.28016847
7.0899999141693115,14.931949,0.13157508,0.28138924
7.1000001430511475,14.943949,0.13164246,0.28138924
7.109999895095825,14.89995,0.13164246,0.28261003
7.120000123977661,14.835949,0.13170981,0.28261003
7.129999876022339,14.795949,0.13184457,0.2838308
7.140000104904175,14.81995,0.13184457,0.28505158
7.1499998569488525,14.823949,0.13191193,0.28505158
7.1600000858306885,14.8679495,0.1319793,0.28627235
7.169999837875366,14.947949,0.13211404,0.28627235
7.180000066757202,14.987949,0.13224879,0.28627235
7.18999981880188,15.00795,0.13231614,0.28749314
7.200000047683716,14.979948,0.13251826,0.28749314
7.2099997997283936,14.979948,0.13272038,0.28749314
7.2200000286102295,14.987949,0.13298985,0.28627235
7.229999780654907,14.975949,0.13325934,0.28627235
7.240000009536743,15.00795,0.13346146,0.28505158
7.249999761581421,15.099949,0.13366356,0.28505158
7.259999990463257,15.123949,0.1337983,0.28505158
7.270000219345093,15.147948,0.13386568,0.28505158
7.2799999713897705,15.183948,0.13386568,0.28749314
7.2900002002716064,15.171948,0.13393305,0.28749314
7.299999952316284,15.143949,0.13400042,0.2887139
7.31000018119812,15.119948,0.13413517,0.2887139
7.319999933242798,15.135948,0.13420254,0.2887139
7.330000162124634,15.151949,0.13426991,0.2899347
7.3399999141693115,15.159948,0.13433728,0.29115546
7.3500001430511475,15.195948,0.13447201,0.29115546
7.359999895095825,15.243948,0.1345394,0.29115546
7.370000123977661,15.275948,0.13467413,0.29115546
7.379999876022339,15.271948,0.13480888,0.29237625
7.390000104904175,15.275948,0.13507836,0.29115546
7.3999998569488525,15.307948,0.1354826,0.2899347
7.4100000858306885,15.351948,0.13595417,0.28749314
7.419999837875366,15.419948,0.13649315,0.28505158
7.430000066757202,15.479947,0.13682999,0.2838308
7.43999981880188,15.547947,0.13709947,0.2838308
7.450000047683716,15.543946,0.13723421,0.28261003
7.4599997997283936,15.527947,0.1373016,0.2838308
7.4700000286102295,15.543946,0.1373016,0.28505158
7.479999780654907,15.555947,0.1373016,0.28627235
7.490000009536743,15.543946,0.1373016,0.28749314
7.499999761581421,15.555947,0.13736896,0.28749314
7.509999990463257,15.567947,0.13743633,0.2887139
7.520000219345093,15.571946,0.1375037,0.2887139
7.5299999713897705,15.571946,0.13757108,0.2899347
7.5400002002716064,15.571946,0.13757108,0.29115546
7.549999952316284,15.583946,0.13757108,0.29237625
7.56000018119812,15.567947,0.13763843,0.29237625
7.569999933242798,15.571946,0.13777319,0.293597
7.580000162124634,15.619947,0.13784055,0.293597
7.5899999141693115,15.647947,0.1379753,0.2948178
7.6000001430511475,15.659946,0.13817741,0.293597
7.609999895095825,15.679946,0.13831215,0.2948178
7.620000123977661,15.691946,0.1384469,0.2948178
7.629999876022339,15.671947,0.13858163,0.2948178
7.640000104904175,15.683947,0.13871637,0.2948178
7.6499998569488525,15.719946,0.13891849,0.2948178
7.6600000858306885,15.755947,0.13905324,0.2948178
7.669999837875366,15.755947,0.13905324,0.29603857
7.680000066757202,15.747946,0.13905324,0.29725936
7.68999981880188,15.779946,0.13918798,0.29725936
7.700000047683716,15.787946,0.13918798,0.29848012
7.7099997997283936,15.783947,0.13932271,0.29848012
7.7200000286102295,15.795946,0.13945746,0.29848012
7.729999780654907,15.815946,0.1395922,0.29848012
7.740000009536743,15.8039465,0.13965957,0.29970092
7.749999761581421,15.791946,0.13972695,0.30092168
7.759999990463257,15.831946,0.13986169,0.30092168
7.770000219345093,15.883945,0.13999642,0.30092168
7.7799999713897705,15.887946,0.14019853,0.30092168
7.7900002002716064,15.923945,0.14033328,0.30092168
7.799999952316284,15.955946,0.14060275,0.30092168
7.81000018119812,15.999945,0.14080486,0.29970092
7.819999933242798,15.999945,0.14107434,0.29970092
7.830000162124634,16.011946,0.14134383,0.29848012
7.8399999141693115,16.071945,0.14161332,0.29725936
7.8500001430511475,16.115944,0.14208491,0.29603857
7.859999895095825,16.155945,0.1425565,0.293597
7.869999647140503,16.239944,0.14296073,0.29237625
7.879999876022339,16.263945,0.14309548,0.29237625
7.890000104904175,16.259945,0.14323021,0.29237625
7.900000333786011,16.223944,0.14323021,0.293597
7.90999960899353,16.227945,0.14323021,0.2948178
7.919999837875366,16.263945,0.1432976,0.2948178
7.930000066757202,16.275944,0.1432976,0.29725936
7.940000295639038,16.287945,0.1432976,0.29725936
7.949999570846558,16.343945,0.1432976,0.29848012
7.9599997997283936,16.331944,0.1432976,0.29970092
7.9700000286102295,16.299946,0.1432976,0.30092168
7.980000257492065,16.251944,0.14336495,0.30214247
7.989999532699585,16.271944,0.14336495,0.30336323
7.999999761581421,16.243944,0.14336495,0.30458403
8.009999990463257,16.235945,0.14343233,0.30458403
8.020000219345093,16.267944,0.14343233,0.3058048
8.030000448226929,16.311945,0.1434997,0.30702558
8.039999723434448,16.311945,0.1434997,0.30824634
8.049999952316284,16.303944,0.1434997,0.30824634
8.06000018119812,16.299946,0.1434997,0.3106879
8.070000410079956,16.295944,0.14356707,0.3106879
8.079999685287476,16.247946,0.14363444,0.3119087
8.089999914169312,16.255945,0.14370182,0.3119087
8.100000143051147,16.299946,0.14376919,0.31312945
8.110000371932983,16.315945,0.14376919,0.31435025
8.119999647140503,16.307945,0.14383656,0.31435025
8.129999876022339,16.335945,0.14390393,0.315571
8.140000104904175,16.359943,0.14397131,0.3167918
8.15000033378601,16.367945,0.14403866,0.3167918
8.15999960899353,16.351944,0.14410605,0.31801257
8.169999837875366,16.355944,0.14424078,0.31801257
8.180000066757202,16.355944,0.14430815,0.31801257
8.190000295639038,16.367945,0.14444289,0.31801257
8.199999570846558,16.383944,0.14451025,0.31923336
8.209999799728394,16.439943,0.14464499,0.31923336
8.22000002861023,16.463943,0.14484711,0.31923336
8.230000257492065,16.483944,0.1451166,0.31801257
8.239999532699585,16.527945,0.14545345,0.3167918
8.249999761581421,16.595943,0.14585768,0.315571
8.259999990463257,16.611942,0.14639664,0.31312945
8.270000219345093,16.663942,0.14686824,0.3106879
8.280000448226929,16.715944,0.1474072,0.30824634
8.289999723434448,16.823944,0.14801355,0.3058048
8.299999952316284,16.903942,0.14868724,0.30214247
8.31000018119812,16.983942,0.14922622,0.29970092
8.320000410079956,17.063942,0.1494957,0.29848012
8.329999685287476,17.067942,0.1494957,0.29970092
8.339999914169312,17.027943,0.14956306,0.30092168
8.350000143051147,17.019941,0.14956306,0.30214247
8.360000371932983,17.043941,0.14956306,0.30214247
8.369999647140503,17.067942,0.14963044,0.30336323
8.379999876022339,17.083942,0.14963044,0.30458403
8.390000104904175,17.103943,0.14963044,0.3058048
8.40000033378601,17.095942,0.14963044,0.30702558
8.40999960899353,17.063942,0.14963044,0.30824634
8.419999837875366,17.05194,0.14963044,0.30946714
8.430000066757202,17.05194,0.14969781,0.30946714
8.440000295639038,17.039942,0.14969781,0.3106879
8.449999570846558,17.023943,0.14969781,0.3119087
8.459999799728394,17.031942,0.14969781,0.31312945
8.47000002861023,17.07994,0.14969781,0.31435025
8.480000257492065,17.07994,0.14969781,0.315571
8.489999532699585,17.059942,0.14969781,0.3167918
8.499999761581421,17.059942,0.14969781,0.31801257
8.509999990463257,17.043941,0.14976518,0.31801257
8.520000219345093,17.023943,0.14983255,0.31923336
8.530000448226929,17.011942,0.14983255,0.32045412
8.539999723434448,17.043941,0.14983255,0.3216749
8.549999952316284,17.063942,0.14989993,0.32289568
8.56000018119812,17.063942,0.14989993,0.32411647
8.570000410079956,17.095942,0.14989993,0.32411647
8.579999685287476,17.103943,0.14996728,0.32533723
8.589999914169312,17.095942,0.15003467,0.32655802
8.600000143051147,17.091942,0.15003467,0.3277788
8.610000371932983,17.075943,0.15010203,0.3277788
8.619999647140503,17.067942,0.15023677,0.3277788
8.629999876022339,17.059942,0.15023677,0.32899958
8.640000104904175,17.063942,0.15030415,0.33022034
8.65000033378601,17.115942,0.1503715,0.33022034
8.65999960899353,17.131943,0.15043889,0.33144113
8.669999837875366,17.143942,0.15050626,0.3326619
8.680000066757202,17.151941,0.15057364,0.3326619
8.690000295639038,17.15994,0.150641,0.3338827
8.699999570846558,17.143942,0.15070838,0.3338827
8.709999799728394,17.123941,0.15077575,0.33510345
8.72000002861023,17.13594,0.15084311,0.33510345
8.730000257492065,17.167942,0.15097786,0.33632424
8.739999532699585,17.195942,0.15104522,0.33632424
8.749999761581421,17.219942,0.15124734,0.33632424
8.759999990463257,17.275942,0.15151682,0.33510345
8.770000219345093,17.339941,0.15192105,0.3338827
8.780000448226929,17.391941,0.15246001,0.33144113
8.789999723434448,17.463942,0.1531337,0.3277788
8.799999952316284,17.57994,0.15394217,0.32289568
8.81000018119812,17.69594,0.15488535,0.31801257
8.820000410079956,17.77194,0.1556938,0.31312945
8.829999685287476,17.819939,0.1561654,0.3106879
8.839999914169312,17.86394,0.15630014,0.3119087
8.850000143051147,17.84394,0.15630014,0.31312945
8.860000371932983,17.83194,0.15630014,0.31435025
8.869999647140503,17.87994,0.15630014,0.31435025
8.879999876022339,17.923939,0.15630014,0.3167918
8.890000104904175,17.963938,0.15630014,0.3167918
8.90000033378601,17.963938,0.15630014,0.31801257
8.90999960899353,17.947939,0.15630014,0.31923336
8.919999837875366,17.895939,0.15630014,0.32045412
8.930000066757202,17.85994,0.15636751,0.3216749
8.940000295639038,17.83594,0.15636751,0.32289568
8.949999570846558,17.867939,0.15643488,0.32289568
8.959999799728394,17.88794,0.15650226,0.32411647
8.97000002861023,17.93994,0.15656962,0.32411647
8.980000257492065,17.975939,0.156637,0.32533723
8.989999532699585,17.99594,0.156637,0.32655802
8.999999761581421,17.95994,0.15670437,0.32655802
9.009999990463257,17.93594,0.15677173,0.3277788
9.020000219345093,17.931938,0.15690649,0.3277788
9.030000448226929,17.923939,0.15697384,0.32899958
9.039999723434448,17.923939,0.15710859,0.32899958
9.049999952316284,17.94394,0.15724333,0.32899958
9.06000018119812,18.031939,0.15744545,0.32899958
9.070000410079956,18.115938,0.15784967,0.3277788
9.079999685287476,18.179937,0.15838864,0.32411647
9.089999914169312,18.283937,0.15919709,0.32045412
9.100000143051147,18.435938,0.16027501,0.31435025
9.110000371932983,18.567936,0.1616898,0.3058048
9.119999647140503,18.711937,0.1631046,0.29725936
9.129999876022339,18.791937,0.16384567,0.29237625
9.140000104904175,18.847937,0.16438463,0.29115546
9.15000033378601,18.883936,0.16485623,0.2887139
9.15999960899353,19.011934,0.16552994,0.28505158
9.169999837875366,19.259935,0.16640575,0.28016847
9.180000066757202,19.487934,0.16734895,0.27406457
9.190000295639038,19.667933,0.1683595,0.2679607
9.199999570846558,19.731934,0.16896585,0.26551914
9.209999799728394,19.691933,0.16903321,0.26551914
9.22000002861023,19.575933,0.16903321,0.2679607
9.230000257492065,19.439934,0.16903321,0.2679607
9.239999532699585,19.439934,0.16903321,0.26918146
9.249999761581421,19.535933,0.16903321,0.27040225
9.259999990463257,19.651932,0.16903321,0.27162302
9.270000219345093,19.755934,0.16903321,0.2728438
9.280000448226929,19.839931,0.16903321,0.27406457
9.289999723434448,19.795933,0.16903321,0.27528536
9.299999952316284,19.671932,0.16903321,0.27650613
9.31000018119812,19.543934,0.16903321,0.27772692
9.320000410079956,19.463934,0.16903321,0.27894768
9.329999685287476,19.419933,0.16903321,0.28016847
9.339999914169312,19.475933,0.16903321,0.28138924
9.350000143051147,19.607933,0.16903321,0.28261003
9.360000371932983,19.739933,0.16903321,0.2838308
9.369999647140503,19.803932,0.16903321,0.28505158
9.379999876022339,19.771933,0.16903321,0.28505158
9.390000104904175,19.683933,0.16903321,0.28749314
9.40000033378601,19.575933,0.16903321,0.28749314
9.40999960899353,19.447933,0.16903321,0.2887139
9.419999837875366,19.423935,0.16903321,0.2899347
9.430000066757202,19.447933,0.16903321,0.29115546
9.440000295639038,19.575933,0.16903321,0.29237625
9.449999570846558,19.659933,0.16903321,0.293597
9.459999799728394,19.707932,0.16903321,0.2948178
9.47000002861023,19.747932,0.16903321,0.29603857
9.480000257492065,19.659933,0.16903321,0.29725936
9.489999532699585,19.511934,0.16903321,0.29848012
9.499999761581421,19.459934,0.16903321,0.29970092
9.509999990463257,19.415934,0.16903321,0.30092168
9.520000219345093,19.439934,0.16903321,0.30214247
9.530000448226929,19.527933,0.16903321,0.30336323
9.539999723434448,19.627932,0.16903321,0.30458403
9.549999952316284,19.723932,0.16903321,0.3058048
9.56000018119812,19.699934,0.16903321,0.30702558
9.570000410079956,19.643934,0.16903321,0.30702558
9.579999685287476,19.555933,0.16903321,0.30824634
9.589999914169312,19.447933,0.16903321,0.30946714
9.600000143051147,19.375935,0.16903321,0.3106879
9.610000371932983,19.395935,0.16910058,0.3119087
9.619999647140503,19.495934,0.16910058,0.31312945
9.629999876022339,19.587933,0.16910058,0.31435025
9.640000104904175,19.663935,0.16910058,0.315571
9.65000033378601,19.679934,0.16910058,0.3167918
9.65999960899353,19.635933,0.16916795,0.3167918
9.669999837875366,19.543934,0.16916795,0.31801257
9.680000066757202,19.439934,0.16916795,0.31923336
9.690000295639038,19.403934,0.16916795,0.32045412
9.699999570846558,19.395935,0.16923533,0.3216749
9.709999799728394,19.451933,0.16923533,0.32289568
9.72000002861023,19.567934,0.16930269,0.32289568
9.730000257492065,19.679934,0.16937007,0.32411647
9.739999532699585,19.711933,0.16937007,0.32533723
9.749999761581421,19.691933,0.16943744,0.32533723
9.759999990463257,19.623934,0.1695048,0.32655802
9.770000219345093,19.551933,0.16957217,0.32655802
9.780000448226929,19.463934,0.16963956,0.3277788
9.789999723434448,19.475933,0.1697743,0.3277788
9.799999952316284,19.539934,0.16990905,0.3277788
9.81000018119812,19.623934,0.17004378,0.3277788
9.820000410079956,19.727932,0.17038062,0.3277788
9.829999685287476,19.843931,0.17078485,0.32533723
9.839999914169312,19.95993,0.1713912,0.32289568
9.850000143051147,20.01593,0.172267,0.31801257
9.860000371932983,20.083931,0.17334494,0.3106879
9.869999647140503,20.203932,0.17469236,0.30336323
9.879999876022339,20.279932,0.17556818,0.29848012
9.890000104904175,20.33193,0.17583767,0.29725936
9.90000033378601,20.343931,0.17583767,0.29848012
9.90999960899353,20.40793,0.17583767,0.29970092
9.919999837875366,20.51593,0.17583767,0.30092168
9.930000066757202,20.575932,0.17583767,0.30214247
9.940000295639038,20.61193,0.17583767,0.30336323
9.949999570846558,20.60393,0.17583767,0.30458403
9.959999799728394,20.51193,0.17583767,0.3058048
9.97000002861023,20.40793,0.17583767,0.30702558
9.980000257492065,20.35193,0.17590503,0.30702558
9.989999532699585,20.339931,0.17590503,0.30824634
9.999999761581421,20.359932,0.17590503,0.30946714
10.009999990463257,20.43593,0.17590503,0.3106879
10.020000219345093,20.53593,0.17590503,0.3119087
10.030000448226929,20.58393,0.17590503,0.31312945
10.039999723434448,20.55193,0.17590503,0.31435025
10.049999952316284,20.499931,0.17590503,0.315571
10.06000018119812,20.43193,0.17590503,0.3167918
10.070000410079956,20.335932,0.17590503,0.31801257
10.079999685287476,20.283932,0.17590503,0.31923336
10.089999914169312,20.347929,0.17590503,0.32045412
10.100000143051147,20.415932,0.17590503,0.3216749
10.110000371932983,20.499931,0.17590503,0.32289568
10.119999647140503,20.563929,0.17590503,0.32411647
10.129999876022339,20.559929,0.1759724,0.32411647
10.140000104904175,20.51193,0.1759724,0.32533723
10.15000033378601,20.419931,0.1759724,0.32655802
10.15999960899353,20.33193,0.1759724,0.3277788
10.169999837875366,20.33193,0.1759724,0.32899958
10.180000066757202,20.323933,0.1759724,0.33022034
10.190000295639038,20.36793,0.17603979,0.33022034
10.199999570846558,20.47193,0.17610714,0.33144113
10.209999799728394,20.54793,0.17617452,0.3326619
10.22000002861023,20.56793,0.17630926,0.3326619
10.230000257492065,20.53593,0.17637663,0.3326619
10.239999532699585,20.50393,0.17657873,0.3326619
10.249999761581421,20.50393,0.17684822,0.3326619
10.259999990463257,20.50393,0.17725244,0.33022034
10.270000219345093,20.61193,0.17792615,0.32655802
10.280000448226929,20.78393,0.17880198,0.3216749
10.289999723434448,21.00393,0.17994727,0.315571
10.299999952316284,21.187927,0.1810252,0.30946714
10.31000018119812,21.295929,0.18156418,0.30702558
10.320000410079956,21.279926,0.18169892,0.30702558
10.329999685287476,21.187927,0.18169892,0.30702558
10.339999914169312,21.095928,0.18169892,0.30824634
10.350000143051147,21.107927,0.18169892,0.30946714
10.360000371932983,21.15993,0.18176629,0.3106879
10.369999647140503,21.259926,0.18176629,0.3119087
10.379999876022339,21.347927,0.18176629,0.31312945
10.390000104904175,21.419928,0.18183365,0.31312945
10.40000033378601,21.371927,0.18183365,0.31435025
10.40999960899353,21.291927,0.18190102,0.315571
10.419999837875366,21.219927,0.18190102,0.3167918
10.430000066757202,21.147928,0.1819684,0.3167918
10.440000295639038,21.107927,0.1819684,0.31801257
10.449999570846558,21.143927,0.18203576,0.31923336
10.459999799728394,21.271929,0.18217051,0.31923336
10.47000002861023,21.387928,0.18223788,0.32045412
10.480000257492065,21.447927,0.18237263,0.32045412
10.489999532699585,21.447927,0.18244,0.32045412
10.499999761581421,21.427927,0.18257473,0.3216749
10.509999990463257,21.359926,0.18277685,0.32045412
10.520000219345093,21.283928,0.18304634,0.32045412
10.530000448226929,21.307928,0.18345056,0.31923336
10.539999723434448,21.423927,0.18392216,0.3167918
10.549999952316284,21.567928,0.18446112,0.31435025
10.56000018119812,21.711926,0.1852022,0.3106879
10.570000410079956,21.923925,0.18607801,0.3058048
10.579999685287476,22.091927,0.18702121,0.29970092
10.589999914169312,22.139925,0.18769492,0.29603857
10.600000143051147,22.087925,0.18796441,0.2948178
10.610000371932983,22.003925,0.18796441,0.29725936
10.619999647140503,21.951925,0.18796441,0.29725936
10.629999876022339,21.947926,0.18796441,0.29848012
10.640000104904175,22.043924,0.18803176,0.29970092
10.65000033378601,22.183926,0.18803176,0.30092168
10.65999960899353,22.271923,0.18803176,0.30214247
10.669999837875366,22.299925,0.18803176,0.30336323
10.680000066757202,22.251923,0.18803176,0.30458403
10.690000295639038,22.167925,0.18803176,0.3058048
10.699999570846558,22.039925,0.18803176,0.30702558
10.709999799728394,21.935926,0.18809915,0.30702558
10.72000002861023,21.955927,0.18809915,0.30824634
10.730000257492065,22.027925,0.18809915,0.30946714
10.739999532699585,22.127926,0.18816651,0.3106879
10.749999761581421,22.247925,0.18816651,0.3106879
10.759999990463257,22.299925,0.18816651,0.31312945
10.770000219345093,22.279924,0.18823388,0.31312945
10.780000448226929,22.171923,0.18823388,0.31435025
10.789999723434448,22.043924,0.18823388,0.315571
10.799999952316284,21.975925,0.18830125,0.3167918
10.81000018119812,21.951925,0.18836862,0.3167918
10.820000410079956,22.003925,0.18843599,0.31801257
10.829999685287476,22.135923,0.18857074,0.31801257
10.839999914169312,22.275925,0.18863809,0.31801257
10.850000143051147,22.355925,0.18877284,0.31801257
10.860000371932983,22.351923,0.18890758,0.31923336
10.869999647140503,22.335924,0.1891097,0.31801257
10.879999876022339,22.267923,0.18937919,0.31801257
10.890000104904175,22.203924,0.18971603,0.3167918
10.90000033378601,22.199924,0.1900529,0.315571
10.90999960899353,22.267923,0.190255,0.315571
10.919999837875366,22.359924,0.19052449,0.31435025
10.930000066757202,22.511923,0.19092871,0.31312945
10.940000295639038,22.663923,0.1914003,0.3106879
10.949999570846558,22.807922,0.19193928,0.30824634
10.959999799728394,22.85592,0.19268034,0.30458403
10.97000002861023,22.859922,0.19335406,0.30092168
10.980000257492065,22.819921,0.19375828,0.29848012
10.989999532699585,22.771923,0.19389303,0.29970092
10.999999761581421,22.735922,0.19389303,0.30092168
11.009999990463257,22.767923,0.19396038,0.30092168
11.020000219345093,22.895922,0.19396038,0.30214247
11.030000448226929,23.01192,0.19396038,0.30336323
11.039999723434448,23.099922,0.19396038,0.30458403
11.049999952316284,23.115921,0.19396038,0.3058048
11.06000018119812,23.055922,0.19402777,0.30702558
11.070000410079956,22.927921,0.19402777,0.30824634
11.079999685287476,22.807922,0.19402777,0.30824634
11.089999914169312,22.739922,0.19402777,0.30946714
11.100000143051147,22.77592,0.19402777,0.3106879
11.110000371932983,22.847923,0.19402777,0.3119087
11.119999647140503,22.98792,0.19402777,0.31312945
11.129999876022339,23.075922,0.19409513,0.31435025
11.140000104904175,23.09192,0.19409513,0.315571
11.15000033378601,23.015923,0.19409513,0.3167918
11.15999960899353,22.915922,0.19409513,0.31801257
11.169999837875366,22.819921,0.1941625,0.31801257
11.180000066757202,22.735922,0.1941625,0.31923336
11.190000295639038,22.731924,0.1941625,0.32045412
11.199999570846558,22.83192,0.1941625,0.3216749
11.209999799728394,22.94792,0.1941625,0.32289568
11.22000002861023,23.04792,0.19422987,0.32411647
11.230000257492065,23.08392,0.19422987,0.32411647
11.239999532699585,23.04792,0.19422987,0.32655802
11.249999761581421,22.963923,0.19429725,0.32655802
11.259999990463257,22.839922,0.19429725,0.3277788
11.270000219345093,22.77592,0.19429725,0.32899958
11.280000448226929,22.77592,0.1943646,0.32899958
11.289999723434448,22.815922,0.1943646,0.33022034
11.299999952316284,22.907923,0.19443199,0.33144113
11.31000018119812,23.031921,0.19449936,0.3326619
11.320000410079956,23.087921,0.19449936,0.3326619
11.329999685287476,23.06792,0.1946341,0.3338827
11.339999914169312,22.999922,0.19470148,0.3338827
11.350000143051147,22.94792,0.19483621,0.3338827
11.360000371932983,22.899921,0.1951057,0.3338827
11.369999647140503,22.943922,0.1955773,0.3326619
11.379999876022339,23.06792,0.196251,0.3277788
11.390000104904175,23.31992,0.19726156,0.32289568
11.40000033378601,23.563921,0.19847423,0.315571
11.40999960899353,23.811918,0.19975428,0.30824634
11.419999837875366,23.971918,0.20076483,0.30092168
11.430000066757202,24.011919,0.20150591,0.29725936
11.440000295639038,23.999918,0.20231436,0.293597
11.449999570846558,24.063917,0.20332493,0.28749314
11.459999799728394,24.219917,0.20426811,0.28138924
11.47000002861023,24.431917,0.2052113,0.27650613
11.480000257492065,24.623917,0.20601976,0.2728438
11.489999532699585,24.787916,0.20635661,0.27040225
11.499999761581421,24.875916,0.20635661,0.27162302
11.509999990463257,24.855915,0.20635661,0.2728438
11.520000219345093,24.763916,0.20635661,0.27406457
11.530000448226929,24.691917,0.20635661,0.27528536
11.539999723434448,24.631916,0.20635661,0.27650613
11.549999952316284,24.603916,0.20635661,0.27772692
11.56000018119812,24.635918,0.20635661,0.27894768
11.570000410079956,24.707916,0.20635661,0.28016847
11.579999685287476,24.787916,0.20635661,0.28138924
11.589999914169312,24.799915,0.20635661,0.28261003
11.600000143051147,24.791916,0.20635661,0.2838308
11.610000371932983,24.771917,0.20635661,0.28505158
11.619999647140503,24.699915,0.20635661,0.28627235
11.629999876022339,24.623917,0.20635661,0.28749314
11.640000104904175,24.587915,0.20635661,0.2887139
11.65000033378601,24.635918,0.20635661,0.2887139
11.65999960899353,24.655916,0.20635661,0.29115546
11.669999837875366,24.719915,0.20635661,0.29115546
11.680000066757202,24.775915,0.20635661,0.29237625
11.690000295639038,24.791916,0.20635661,0.293597
11.699999570846558,24.735914,0.20635661,0.2948178
11.709999799728394,24.667915,0.20635661,0.29603857
11.72000002861023,24.607916,0.20635661,0.29725936
11.730000257492065,24.583916,0.20635661,0.29848012
11.739999532699585,24.563915,0.20635661,0.29970092
11.749999761581421,24.631916,0.20635661,0.30092168
11.759999990463257,24.695915,0.20635661,0.30214247
11.770000219345093,24.727917,0.20635661,0.30336323
11.780000448226929,24.723915,0.20635661,0.30458403
11.789999723434448,24.707916,0.20635661,0.3058048
11.799999952316284,24.679914,0.20635661,0.30702558
11.81000018119812,24.591917,0.20635661,0.30824634
11.820000410079956,24.547916,0.20635661,0.30824634
11.829999685287476,24.559916,0.20635661,0.3106879
11.839999914169312,24.599915,0.20635661,0.3106879
11.850000143051147,24.635918,0.20635661,0.31312945
11.860000371932983,24.699915,0.20642398,0.31312945
11.869999647140503,24.723915,0.20642398,0.31435025
11.879999876022339,24.711916,0.20642398,0.315571
11.890000104904175,24.631916,0.20642398,0.3167918
11.90000033378601,24.575916,0.20649135,0.3167918
11.90999960899353,24.539915,0.20649135,0.31801257
11.919999837875366,24.547916,0.20655872,0.31923336
11.930000066757202,24.567917,0.2066261,0.31923336
11.940000295639038,24.651917,0.20669346,0.32045412
11.949999570846558,24.715916,0.20669346,0.3216749
11.959999799728394,24.735914,0.2068282,0.32289568
11.97000002861023,24.739916,0.20689557,0.32289568
11.980000257492065,24.731916,0.20696294,0.32289568
11.989999532699585,24.695915,0.2070977,0.32289568
11.999999761581421,24.663916,0.20736717,0.32289568
12.009999990463257,24.675915,0.20763665,0.3216749
12.020000219345093,24.783916,0.20804088,0.32045412
12.030000448226929,24.907917,0.2086472,0.31801257
12.039999723434448,25.043917,0.20932092,0.31435025
12.049999952316284,25.207914,0.2098599,0.3106879
12.06000018119812,25.279913,0.21026412,0.30946714
12.070000410079956,25.279913,0.21073571,0.30824634
12.079999685287476,25.287914,0.2112073,0.30458403
12.089999914169312,25.335915,0.21161152,0.30336323
12.100000143051147,25.355913,0.2119484,0.30214247
12.110000371932983,25.351915,0.21208313,0.30214247
12.119999647140503,25.415913,0.2121505,0.30336323
12.129999876022339,25.515913,0.21228524,0.30336323
12.140000104904175,25.551912,0.21228524,0.30458403
12.15000033378601,25.587914,0.2123526,0.3058048
12.15999960899353,25.575912,0.21241997,0.3058048
12.169999837875366,25.539913,0.21248734,0.30702558
12.180000066757202,25.483913,0.21262209,0.30702558
12.190000295639038,25.447914,0.21268946,0.30824634
12.199999570846558,25.491913,0.21282421,0.30824634
12.209999799728394,25.535913,0.21289156,0.30824634
12.22000002861023,25.571913,0.21295895,0.30946714
12.230000257492065,25.631912,0.21295895,0.3106879
12.239999532699585,25.671911,0.21302631,0.3106879
12.249999761581421,25.671911,0.21309368,0.3119087
12.259999990463257,25.631912,0.21316105,0.31312945
12.270000219345093,25.607914,0.21329579,0.31312945
12.280000448226929,25.571913,0.21336317,0.31312945
12.289999723434448,25.547915,0.21343054,0.31435025
12.299999952316284,25.555912,0.2134979,0.31435025
12.31000018119812,25.615913,0.21356528,0.315571
12.320000410079956,25.683914,0.21370001,0.315571
12.329999685287476,25.731913,0.21390213,0.315571
12.339999914169312,25.775913,0.21423899,0.31435025
12.350000143051147,25.835913,0.21464321,0.31312945
12.360000371932983,25.883911,0.21511482,0.3106879
12.369999647140503,25.895912,0.21551904,0.30824634
12.379999876022339,25.91991,0.21585588,0.30824634
12.390000104904175,25.96791,0.2162601,0.3058048
12.40000033378601,26.051912,0.21679908,0.30458403
12.40999960899353,26.13591,0.21727067,0.30092168
12.419999837875366,26.25591,0.21760753,0.30092168
12.430000066757202,26.34791,0.21780963,0.29970092
12.440000295639038,26.33591,0.21787702,0.30092168
12.449999570846558,26.287909,0.21794437,0.30092168
12.459999799728394,26.287909,0.21807912,0.30092168
12.47000002861023,26.303911,0.2181465,0.30214247
12.480000257492065,26.28391,0.2181465,0.30336323
12.489999532699585,26.28391,0.21821386,0.30458403
12.499999761581421,26.323912,0.21821386,0.30458403
12.509999990463257,26.33991,0.21821386,0.30702558
12.520000219345093,26.33991,0.21828124,0.30702558
12.530000448226929,26.35191,0.21828124,0.30824634
12.539999723434448,26.35591,0.21841598,0.30824634
12.549999952316284,26.31591,0.21848334,0.30946714
12.56000018119812,26.29191,0.21848334,0.3106879
12.570000410079956,26.307909,0.21855073,0.3106879
12.579999685287476,26.323912,0.21868546,0.3106879
12.589999914169312,26.36391,0.21875283,0.3119087
12.600000143051147,26.403912,0.2188202,0.31312945
12.610000371932983,26.443909,0.21888757,0.31312945
12.619999647140503,26.41991,0.21895495,0.31435025
12.629999876022339,26.41591,0.2190223,0.31435025
12.640000104904175,26.41591,0.21908969,0.315571
12.65000033378601,26.41191,0.21922442,0.315571
12.65999960899353,26.40791,0.21935917,0.315571
12.669999837875366,26.41191,0.21942653,0.3167918
12.680000066757202,26.45191,0.21956128,0.3167918
12.690000295639038,26.503908,0.21969602,0.3167918
12.699999570846558,26.52791,0.21989813,0.3167918
12.709999799728394,26.579908,0.22016762,0.315571
12.72000002861023,26.63591,0.22057183,0.31435025
12.730000257492065,26.695908,0.22104344,0.3119087
12.739999532699585,26.735909,0.22151503,0.3106879
12.749999761581421,26.799908,0.22198662,0.30824634
12.759999990463257,26.88391,0.2225256,0.3058048
12.770000219345093,26.931908,0.22306456,0.30336323
12.780000448226929,27.015907,0.22353615,0.30092168
12.789999723434448,27.123907,0.22400776,0.29848012
12.799999952316284,27.203907,0.22427723,0.29848012
12.81000018119812,27.191908,0.22427723,0.29848012
12.820000410079956,27.183907,0.22427723,0.29970092
12.829999685287476,27.19991,0.2243446,0.30092168
12.839999914169312,27.19991,0.2243446,0.30214247
12.850000143051147,27.175907,0.2243446,0.30336323
12.860000371932983,27.175907,0.2243446,0.30458403
12.869999647140503,27.203907,0.22441196,0.30458403
12.879999876022339,27.183907,0.22441196,0.3058048
12.890000104904175,27.179909,0.22441196,0.30702558
12.90000033378601,27.175907,0.22447935,0.30824634
12.90999960899353,27.187906,0.22447935,0.30946714
12.919999837875366,27.167908,0.22447935,0.3106879
12.930000066757202,27.163906,0.22447935,0.3119087
12.940000295639038,27.179909,0.2245467,0.3119087
12.949999570846558,27.19991,0.2245467,0.31312945
12.959999799728394,27.19991,0.2245467,0.31435025
12.97000002861023,27.179909,0.22461408,0.315571
12.980000257492065,27.19991,0.22461408,0.3167918
12.989999532699585,27.19991,0.22461408,0.31801257
12.999999761581421,27.183907,0.22461408,0.31801257
13.009999990463257,27.195908,0.22468145,0.31923336
13.020000219345093,27.203907,0.22468145,0.32045412
13.030000448226929,27.187906,0.22474882,0.32045412
13.039999723434448,27.187906,0.22481619,0.3216749
13.049999952316284,27.195908,0.22488357,0.32289568
13.06000018119812,27.239906,0.22501831,0.32289568
13.070000410079956,27.247908,0.22508568,0.32289568
13.079999685287476,27.251907,0.22515306,0.32411647
13.089999914169312,27.259907,0.2252878,0.32411647
13.100000143051147,27.271908,0.22535516,0.32533723
13.110000371932983,27.255907,0.22535516,0.32655802
13.119999647140503,27.283907,0.22542253,0.32655802
13.129999876022339,27.295908,0.22555728,0.32655802
13.140000104904175,27.315908,0.22569202,0.3277788
13.15000033378601,27.363907,0.2259615,0.32655802
13.15999960899353,27.399906,0.22623098,0.32655802
13.169999837875366,27.483906,0.22663522,0.32411647
13.180000066757202,27.559906,0.22724155,0.3216749
13.190000295639038,27.687904,0.22818473,0.3167918
13.199999570846558,27.887905,0.22933003,0.30946714
13.209999799728394,28.111906,0.23067746,0.30092168
13.22000002861023,28.255903,0.23195751,0.293597
13.230000257492065,28.395903,0.23283331,0.2887139
13.239999532699585,28.467903,0.23350702,0.28505158
13.249999761581421,28.547903,0.23411335,0.28138924
13.259999990463257,28.647903,0.23465233,0.27894768
13.270000219345093,28.771902,0.23519129,0.27650613
13.280000448226929,28.9319,0.235865,0.2728438
13.289999723434448,29.1239,0.23667344,0.26918146
13.299999952316284,29.2479,0.23734716,0.26551914
13.31000018119812,29.311901,0.23768401,0.26429835
13.320000410079956,29.2799,0.23775138,0.26429835
13.329999685287476,29.183899,0.23775138,0.26551914
13.339999914169312,29.127901,0.23775138,0.2667399
13.350000143051147,29.151901,0.23775138,0.2679607
13.360000371932983,29.2159,0.23781875,0.26918146
13.369999647140503,29.275902,0.23781875,0.27040225
13.379999876022339,29.335901,0.23781875,0.27162302
13.390000104904175,29.3799,0.23788613,0.27162302
13.40000033378601,29.3519,0.23788613,0.2728438
13.40999960899353,29.2719,0.23788613,0.27406457
13.419999837875366,29.199902,0.23788613,0.27528536
13.430000066757202,29.139902,0.23788613,0.27650613
13.440000295639038,29.115902,0.23788613,0.27772692
13.449999570846558,29.1439,0.23795348,0.27772692
13.459999799728394,29.2239,0.23795348,0.27894768
13.47000002861023,29.3039,0.23795348,0.28016847
13.480000257492065,29.3159,0.23795348,0.28138924
13.489999532699585,29.2999,0.23795348,0.28261003
13.499999761581421,29.2799,0.23795348,0.2838308
13.509999990463257,29.1719,0.23795348,0.28505158
13.520000219345093,29.115902,0.23795348,0.28627235
13.530000448226929,29.115902,0.23795348,0.28749314
13.539999723434448,29.1239,0.23802087,0.2887139
13.549999952316284,29.199902,0.23802087,0.2887139
13.56000018119812,29.2439,0.23802087,0.29115546
13.570000410079956,29.2999,0.23802087,0.29115546
13.579999685287476,29.2919,0.23802087,0.29237625
13.589999914169312,29.263899,0.23808824,0.293597
13.600000143051147,29.207901,0.2381556,0.293597
13.610000371932983,29.1639,0.2381556,0.2948178
13.619999647140503,29.115902,0.23822297,0.29603857
13.629999876022339,29.1119,0.23829035,0.29725936
13.640000104904175,29.1719,0.23835771,0.29725936
13.65000033378601,29.2439,0.23842509,0.29848012
13.65999960899353,29.2839,0.23842509,0.29848012
13.669999837875366,29.311901,0.23842509,0.30092168
13.680000066757202,29.3079,0.23849246,0.30092168
13.690000295639038,29.255901,0.23849246,0.30214247
13.699999570846558,29.1879,0.23849246,0.30336323
13.709999799728394,29.1639,0.23849246,0.30458403
13.72000002861023,29.1719,0.23855983,0.30458403
13.730000257492065,29.1879,0.23855983,0.30702558
13.739999532699585,29.219902,0.23869458,0.30702558
13.749999761581421,29.2919,0.23876193,0.30824634
13.759999990463257,29.355902,0.23882931,0.30824634
13.770000219345093,29.3599,0.23896407,0.30824634
13.780000448226929,29.3399,0.23916617,0.30824634
13.789999723434448,29.3239,0.23936829,0.30702558
13.799999952316284,29.3239,0.23963776,0.30702558
13.81000018119812,29.3399,0.23997462,0.3058048
13.820000410079956,29.4359,0.24037884,0.30458403
13.829999685287476,29.531898,0.24085043,0.30214247
13.839999914169312,29.659899,0.2413894,0.29970092
13.850000143051147,29.8119,0.2420631,0.29603857
13.860000371932983,29.931898,0.24287155,0.29115546
13.869999647140503,30.051899,0.24361265,0.28749314
13.879999876022339,30.043898,0.24401687,0.28627235
13.890000104904175,29.987898,0.24408424,0.28627235
13.90000033378601,29.9359,0.24415162,0.28749314
13.90999960899353,29.939898,0.24421896,0.28749314
13.919999837875366,30.0159,0.24421896,0.2887139
13.930000066757202,30.107899,0.24421896,0.2899347
13.940000295639038,30.199898,0.24421896,0.29115546
13.949999570846558,30.247898,0.24428634,0.29237625
13.959999799728394,30.207897,0.24428634,0.29237625
13.97000002861023,30.155897,0.24428634,0.2948178
13.980000257492065,30.043898,0.24428634,0.2948178
13.989999532699585,29.959896,0.24435371,0.29603857
13.999999761581421,29.931898,0.24435371,0.29725936
14.009999990463257,29.975899,0.24442108,0.29848012
14.020000219345093,30.079897,0.24442108,0.29848012
14.030000448226929,30.167898,0.24455583,0.29970092
14.039999723434448,30.223898,0.24455583,0.30092168
14.049999952316284,30.239897,0.24462318,0.30092168
14.06000018119812,30.195896,0.24462318,0.30214247
14.070000410079956,30.091898,0.24462318,0.30336323
14.079999685287476,30.003897,0.24469055,0.30458403
14.089999914169312,29.983898,0.24469055,0.3058048
14.100000143051147,29.9959,0.24469055,0.30702558
14.110000371932983,30.051899,0.24475794,0.30702558
14.119999647140503,30.155897,0.24489269,0.30702558
14.129999876022339,30.263897,0.24496005,0.30824634
14.140000104904175,30.279898,0.24502744,0.30824634
14.15000033378601,30.235897,0.24502744,0.30946714
14.15999960899353,30.191896,0.24509478,0.3106879
14.169999837875366,30.123898,0.24522953,0.3106879
14.180000066757202,30.063898,0.24529691,0.3119087
14.190000295639038,30.075897,0.24536428,0.3119087
14.199999570846558,30.159897,0.24556638,0.3119087
14.209999799728394,30.251896,0.24570113,0.3119087
14.22000002861023,30.339897,0.24590322,0.3119087
14.230000257492065,30.427896,0.24617273,0.3106879
14.239999532699585,30.467896,0.2464422,0.3106879
14.249999761581421,30.423897,0.24664433,0.3106879
14.259999990463257,30.375896,0.24677905,0.3106879
14.270000219345093,30.347895,0.2469138,0.3106879
14.280000448226929,30.367895,0.24718328,0.3106879
14.289999723434448,30.431896,0.24752015,0.30946714
14.299999952316284,30.555897,0.247857,0.30824634
14.31000018119812,30.711897,0.24839596,0.3058048
14.320000410079956,30.887896,0.2490023,0.30214247
14.329999685287476,30.963896,0.24954127,0.29970092
14.339999914169312,30.987896,0.24981074,0.29848012
14.350000143051147,30.927896,0.24987811,0.29970092
14.360000371932983,30.819895,0.24987811,0.30092168
14.369999647140503,30.763895,0.24994549,0.30092168
14.379999876022339,30.815895,0.24994549,0.30214247
14.390000104904175,30.903894,0.25001287,0.30336323
14.40000033378601,30.987896,0.25001287,0.30458403
14.40999960899353,31.043896,0.25008023,0.30458403
14.419999837875366,31.075893,0.25008023,0.3058048
14.430000066757202,31.047894,0.25008023,0.30702558
14.440000295639038,30.963896,0.25014758,0.30824634
14.449999570846558,30.875895,0.25014758,0.30946714
14.459999799728394,30.795895,0.25014758,0.3106879
14.47000002861023,30.811895,0.25021496,0.3106879
14.480000257492065,30.851896,0.25028235,0.3119087
14.489999532699585,30.935894,0.25028235,0.31312945
14.499999761581421,31.035894,0.2503497,0.31312945
14.509999990463257,31.091894,0.25048447,0.31435025
14.520000219345093,31.087893,0.25055185,0.31435025
14.530000448226929,31.059895,0.25061917,0.315571
14.539999723434448,30.983894,0.25075394,0.315571
14.549999952316284,30.931894,0.25082132,0.315571
14.56000018119812,30.911894,0.2510234,0.3167918
14.570000410079956,30.983894,0.2510908,0.3167918
14.579999685287476,31.055895,0.25122553,0.3167918
14.589999914169312,31.139894,0.25142762,0.3167918
14.600000143051147,31.227894,0.25169712,0.315571
14.610000371932983,31.347893,0.25203398,0.31435025
14.619999647140503,31.343893,0.2524382,0.31312945
14.629999876022339,31.319893,0.25284243,0.3106879
14.640000104904175,31.307894,0.25317928,0.3106879
14.65000033378601,31.343893,0.25351614,0.30824634
14.65999960899353,31.367893,0.253853,0.30824634
14.669999837875366,31.483892,0.25418985,0.30702558
14.680000066757202,31.599892,0.2545267,0.3058048
14.690000295639038,31.727892,0.25486353,0.30458403
14.699999570846558,31.799892,0.25513303,0.30336323
14.709999799728394,31.835892,0.2554025,0.30336323
14.72000002861023,31.843891,0.25560465,0.30336323
14.730000257492065,31.795893,0.25567198,0.30336323
14.739999532699585,31.727892,0.25573936,0.30336323
14.749999761581421,31.707891,0.25580674,0.30458403
14.759999990463257,31.735891,0.25587413,0.30458403
14.770000219345093,31.791891,0.25594148,0.3058048
14.780000448226929,31.855892,0.25594148,0.30702558
14.789999723434448,31.919893,0.25600886,0.30824634
14.799999952316284,31.943892,0.25600886,0.30824634
14.81000018119812,31.899893,0.25600886,0.3106879
14.820000410079956,31.835892,0.25600886,0.3106879
14.829999685287476,31.779892,0.25600886,0.31312945
14.839999914169312,31.731892,0.25600886,0.31312945
14.850000143051147,31.719893,0.25600886,0.31435025
14.860000371932983,31.755892,0.25600886,0.315571
14.869999647140503,31.831892,0.25600886,0.3167918
14.879999876022339,31.88389,0.25607625,0.31801257
14.890000104904175,31.887892,0.25607625,0.31923336
14.90000033378601,31.887892,0.25607625,0.32045412
14.90999960899353,31.85189,0.25607625,0.3216749
14.919999837875366,31.77189,0.25607625,0.32289568
14.930000066757202,31.723892,0.2561436,0.32289568
14.940000295639038,31.719893,0.2561436,0.32411647
14.949999570846558,31.755892,0.2561436,0.32533723
14.959999799728394,31.779892,0.2561436,0.32655802
14.97000002861023,31.82789,0.2561436,0.3277788
14.980000257492065,31.879892,0.25621095,0.3277788
14.989999532699585,31.879892,0.25621095,0.32899958
14.999999761581421,31.811892,0.25621095,0.33022034
15.009999990463257,31.763893,0.25621095,0.33144113
15.020000219345093,31.731892,0.25627834,0.3326619
15.030000448226929,31.707891,0.25627834,0.3338827
15.039999723434448,31.707891,0.25627834,0.33510345
15.049999952316284,31.783894,0.25634572,0.33510345
15.06000018119812,31.835892,0.25641307,0.33632424
15.070000410079956,31.887892,0.25648046,0.33632424
15.079999685287476,31.895891,0.2565478,0.337545
15.089999914169312,31.90389,0.2566152,0.337545
15.100000143051147,31.859892,0.25668254,0.3387658
15.110000371932983,31.811892,0.25674993,0.33998656
15.119999647140503,31.783894,0.2568173,0.33998656
15.129999876022339,31.791891,0.2568847,0.34120736
15.140000104904175,31.819893,0.25695202,0.34120736
15.15000033378601,31.859892,0.2570194,0.34242812
15.15999960899353,31.93989,0.25715417,0.34242812
15.169999837875366,32.01989,0.25735626,0.34242812
15.180000066757202,32.03989,0.25755838,0.34242812
15.190000295639038,32.035892,0.25789523,0.34120736
15.199999570846558,32.07989,0.25836682,0.3387658
15.209999799728394,32.12789,0.25897318,0.33632424
15.22000002861023,32.223892,0.2595795,0.3326619
15.230000257492065,32.327892,0.26025322,0.33022034
15.239999532699585,32.47989,0.2609269,0.32655802
15.249999761581421,32.63989,0.26180273,0.3216749
15.259999990463257,32.807888,0.26267856,0.3167918
15.270000219345093,32.939888,0.26328492,0.31312945
15.280000448226929,33.01589,0.26375648,0.3106879
15.289999723434448,33.059887,0.26422808,0.30824634
15.299999952316284,33.127888,0.26483443,0.3058048
15.31000018119812,33.27189,0.26564288,0.30092168
15.320000410079956,33.423885,0.26645133,0.29725936
15.329999685287476,33.563885,0.2671924,0.29237625
15.339999914169312,33.715885,0.2679335,0.2887139
15.350000143051147,33.851883,0.26867455,0.28505158
15.360000371932983,33.923885,0.26914614,0.28261003
15.369999647140503,33.923885,0.26934826,0.28261003
15.379999876022339,33.919884,0.26941562,0.28261003
15.390000104904175,33.903885,0.269483,0.2838308
15.40000033378601,33.911884,0.26955038,0.28505158
15.40999960899353,33.939884,0.26961777,0.28505158
15.419999837875366,34.051884,0.26975247,0.28505158
15.430000066757202,34.091885,0.26981986,0.28627235
15.440000295639038,34.079884,0.2699546,0.28627235
15.449999570846558,34.099884,0.27008936,0.28627235
15.459999799728394,34.119884,0.27035883,0.28627235
15.47000002861023,34.115883,0.2706957,0.28505158
15.480000257492065,34.139885,0.27096516,0.2838308
15.489999532699585,34.207886,0.271302,0.28261003
15.499999761581421,34.255882,0.27150413,0.28261003
15.509999990463257,34.29188,0.2715715,0.28261003
15.520000219345093,34.323883,0.27163887,0.2838308
15.530000448226929,34.36788,0.27170625,0.28505158
15.539999723434448,34.37588,0.27177364,0.28505158
15.549999952316284,34.363884,0.27184096,0.28627235
15.56000018119812,34.31988,0.27190834,0.28627235
15.570000410079956,34.323883,0.27190834,0.28749314
15.579999685287476,34.299885,0.27190834,0.2887139
15.589999914169312,34.267883,0.27190834,0.2899347
15.600000143051147,34.303883,0.27197573,0.29115546
15.610000371932983,34.331882,0.2720431,0.29115546
15.619999647140503,34.335884,0.2720431,0.29237625
15.629999876022339,34.33988,0.2720431,0.293597
15.640000104904175,34.351883,0.27211046,0.2948178
15.65000033378601,34.359882,0.27217785,0.2948178
15.65999960899353,34.33988,0.2722452,0.29603857
15.669999837875366,34.33988,0.27237993,0.29603857
15.680000066757202,34.36788,0.2725147,0.29603857
15.690000295639038,34.391884,0.27258205,0.29725936
15.699999570846558,34.403885,0.2727168,0.29725936
15.709999799728394,34.443882,0.2729863,0.29725936
15.72000002861023,34.511883,0.27325577,0.29603857
15.730000257492065,34.58388,0.27359262,0.2948178
15.739999532699585,34.619884,0.27399683,0.29237625
15.749999761581421,34.699883,0.27440107,0.29115546
15.759999990463257,34.711884,0.2746032,0.29115546
15.770000219345093,34.699883,0.27473792,0.29115546
15.780000448226929,34.671883,0.27487266,0.29115546
15.789999723434448,34.71588,0.2750074,0.29115546
15.799999952316284,34.76388,0.27507478,0.29237625
15.81000018119812,34.787884,0.27514216,0.29237625
15.820000410079956,34.83588,0.27520952,0.293597
15.829999685287476,34.86788,0.27520952,0.2948178
15.839999914169312,34.83588,0.27520952,0.29603857
15.850000143051147,34.81588,0.27527687,0.29725936
15.860000371932983,34.79588,0.27534425,0.29725936
15.869999647140503,34.81588,0.27541164,0.29848012
15.879999876022339,34.79988,0.27554637,0.29848012
15.890000104904175,34.831882,0.27561375,0.29848012
15.90000033378601,34.879883,0.2757485,0.29848012
15.910000562667847,34.915882,0.27581584,0.29970092
15.920000791549683,34.91188,0.2759506,0.30092168
15.929999113082886,34.93988,0.276018,0.30092168
15.939999341964722,34.93588,0.27608532,0.30092168
15.949999570846558,34.90388,0.2761527,0.30214247
15.959999799728394,34.89588,0.27628747,0.30214247
15.97000002861023,34.907883,0.2764222,0.30214247
15.980000257492065,34.93988,0.2766243,0.30214247
15.990000486373901,34.99188,0.2768264,0.30214247
16.000000715255737,35.03588,0.27702853,0.30214247
16.010000944137573,35.07988,0.27716327,0.30214247
16.019999265670776,35.11588,0.27723065,0.30214247
16.029999494552612,35.10388,0.27736536,0.30336323
16.03999972343445,35.07988,0.27743274,0.30336323
16.049999952316284,35.095882,0.27743274,0.30458403
16.06000018119812,35.075882,0.27743274,0.3058048
16.070000410079956,35.075882,0.27743274,0.30702558
16.080000638961792,35.09188,0.27743274,0.30824634
16.090000867843628,35.11188,0.27743274,0.30946714
16.09999918937683,35.123882,0.27750012,0.3106879
16.109999418258667,35.09988,0.27750012,0.3106879
16.119999647140503,35.10788,0.2775675,0.3119087
16.12999987602234,35.10788,0.27763486,0.31312945
16.140000104904175,35.09188,0.27763486,0.31435025
16.15000033378601,35.07988,0.27770224,0.31435025
16.160000562667847,35.08788,0.27783698,0.31435025
16.170000791549683,35.13588,0.2779717,0.31435025
16.179999113082886,35.179882,0.27810648,0.315571
16.18999934196472,35.20788,0.2782412,0.315571
16.199999570846558,35.243877,0.2784433,0.315571
16.209999799728394,35.27188,0.27864543,0.31435025
16.22000002861023,35.31588,0.27891493,0.31435025
16.230000257492065,35.339878,0.27925175,0.31312945
16.2400004863739,35.41988,0.279656,0.3119087
16.250000715255737,35.48388,0.28012758,0.30946714
16.260000944137573,35.56788,0.28059918,0.30702558
16.269999265670776,35.619877,0.28080127,0.30702558
16.279999494552612,35.631878,0.28086865,0.30702558
16.28999972343445,35.60788,0.28086865,0.30824634
16.299999952316284,35.611877,0.28086865,0.30946714
16.31000018119812,35.631878,0.28093603,0.3106879
16.320000410079956,35.63588,0.28093603,0.3119087
16.330000638961792,35.631878,0.28093603,0.31312945
16.340000867843628,35.63588,0.28093603,0.31435025
16.34999918937683,35.64388,0.28100342,0.31435025
16.359999418258667,35.63588,0.28100342,0.315571
16.369999647140503,35.61588,0.28107077,0.3167918
16.37999987602234,35.603878,0.28107077,0.31801257
16.390000104904175,35.619877,0.28113815,0.31801257
16.40000033378601,35.639877,0.2812729,0.31801257
16.410000562667847,35.66388,0.28134024,0.31923336
16.420000791549683,35.69188,0.28134024,0.32045412
16.429999113082886,35.695877,0.28134024,0.3216749
16.43999934196472,35.695877,0.28140762,0.32289568
16.449999570846558,35.675877,0.28140762,0.32289568
16.459999799728394,35.68788,0.281475,0.32411647
16.47000002861023,35.67988,0.2815424,0.32411647
16.480000257492065,35.66788,0.2816097,0.32533723
16.4900004863739,35.675877,0.2816771,0.32655802
16.500000715255737,35.715878,0.28174448,0.32655802
16.510000944137573,35.711876,0.28187922,0.32655802
16.519999265670776,35.715878,0.28187922,0.3277788
16.529999494552612,35.731876,0.2819466,0.32899958
16.53999972343445,35.743877,0.28201395,0.33022034
16.549999952316284,35.751877,0.2821487,0.33022034
16.56000018119812,35.77588,0.28235084,0.33022034
16.570000410079956,35.807877,0.28248554,0.33022034
16.580000638961792,35.819878,0.28268766,0.33022034
16.590000867843628,35.85188,0.28288978,0.32899958
16.59999918937683,35.931877,0.283294,0.3277788
16.609999418258667,36.043877,0.28390035,0.32533723
16.619999647140503,36.139877,0.28450668,0.32289568
16.62999987602234,36.239876,0.28504562,0.31923336
16.640000104904175,36.355877,0.28571936,0.315571
16.65000033378601,36.451874,0.28646043,0.3119087
16.660000562667847,36.543873,0.28713414,0.30824634
16.670000791549683,36.591877,0.287471,0.30702558
16.679999113082886,36.611874,0.287471,0.30824634
16.68999934196472,36.587875,0.28753835,0.30824634
16.699999570846558,36.595875,0.28760573,0.30946714
16.709999799728394,36.631874,0.28760573,0.3106879
16.72000002861023,36.699875,0.28760573,0.3119087
16.730000257492065,36.695877,0.28760573,0.31312945
16.7400004863739,36.671875,0.28760573,0.31435025
16.750000715255737,36.663876,0.28760573,0.315571
16.760000944137573,36.619877,0.28767312,0.315571
16.769999265670776,36.579876,0.28767312,0.3167918
16.779999494552612,36.555878,0.28767312,0.31801257
16.78999972343445,36.579876,0.28767312,0.31923336
16.799999952316284,36.623875,0.28767312,0.32045412
16.81000018119812,36.647877,0.28767312,0.3216749
16.820000410079956,36.671875,0.28767312,0.32289568
16.830000638961792,36.707874,0.28767312,0.32411647
16.840000867843628,36.671875,0.28774047,0.32411647
16.84999918937683,36.627876,0.28774047,0.32533723
16.859999418258667,36.587875,0.28774047,0.32655802
16.869999647140503,36.575874,0.28774047,0.3277788
16.87999987602234,36.571877,0.28780785,0.32899958
16.890000104904175,36.551876,0.28780785,0.33022034
16.90000033378601,36.631874,0.28794262,0.33022034
16.910000562667847,36.703873,0.28800994,0.33022034
16.920000791549683,36.715878,0.2881447,0.33144113
16.929999113082886,36.727875,0.2882121,0.33144113
16.93999934196472,36.707874,0.2882121,0.3326619
16.949999570846558,36.663876,0.2882121,0.3338827
16.959999799728394,36.615875,0.28827944,0.33510345
16.97000002861023,36.611874,0.28834683,0.33510345
16.980000257492065,36.663876,0.28841418,0.33632424
16.9900004863739,36.699875,0.28854892,0.33632424
17.000000715255737,36.755875,0.28868368,0.33632424
17.010000944137573,36.79587,0.28875104,0.337545
17.019999265670776,36.823875,0.28888577,0.337545
17.029999494552612,36.791874,0.28895316,0.337545
17.03999972343445,36.811874,0.28915527,0.337545
17.049999952316284,36.847874,0.28942475,0.337545
17.06000018119812,36.871876,0.28982896,0.33632424
17.070000410079956,36.935875,0.29030058,0.3338827
17.080000638961792,37.059875,0.29083955,0.33144113
17.090000867843628,37.171875,0.2913785,0.32899958
17.09999918937683,37.28387,0.29198483,0.32533723
17.109999418258667,37.37987,0.2927259,0.3216749
17.119999647140503,37.51187,0.29339963,0.31801257
17.12999987602234,37.57587,0.29387122,0.315571
17.140000104904175,37.547874,0.29400596,0.315571
17.15000033378601,37.51187,0.29400596,0.3167918
17.160000562667847,37.503872,0.29400596,0.31801257
17.170000791549683,37.563873,0.29400596,0.31923336
17.179999113082886,37.60387,0.2940733,0.32045412
17.18999934196472,37.65187,0.2940733,0.3216749
17.199999570846558,37.72787,0.2941407,0.3216749
17.209999799728394,37.711872,0.2941407,0.32289568
17.22000002861023,37.647873,0.2941407,0.32411647
17.230000257492065,37.61187,0.29420808,0.32411647
17.2400004863739,37.58787,0.29427546,0.32533723
17.250000715255737,37.55587,0.2943428,0.32655802
17.260000944137573,37.547874,0.29447755,0.32655802
17.269999265670776,37.619873,0.29454494,0.32655802
17.279999494552612,37.703873,0.29467967,0.3277788
17.28999972343445,37.73587,0.29467967,0.3277788
17.299999952316284,37.739872,0.29474705,0.32899958
17.31000018119812,37.779873,0.29488176,0.32899958
17.320000410079956,37.77187,0.2950839,0.32899958
17.330000638961792,37.743874,0.295286,0.32899958
17.340000867843628,37.73587,0.2955555,0.3277788
17.34999918937683,37.81187,0.2960271,0.32655802
17.359999418258667,37.92787,0.29670078,0.32289568
17.369999647140503,38.08787,0.2975766,0.31801257
17.37999987602234,38.311867,0.29858714,0.31312945
17.390000104904175,38.59187,0.29979986,0.30458403
17.40000033378601,38.803867,0.30094513,0.29848012
17.410000562667847,38.879868,0.30161884,0.2948178
17.420000791549683,38.88387,0.30195573,0.29237625
17.429999113082886,38.855865,0.30229256,0.29237625
17.43999934196472,38.84387,0.30256203,0.29115546
17.449999570846558,38.943867,0.30296627,0.2899347
17.459999799728394,39.107864,0.30343786,0.28749314
17.47000002861023,39.275864,0.30404422,0.28505158
17.480000257492065,39.471867,0.30485266,0.28016847
17.4900004863739,39.691868,0.3058632,0.27528536
17.500000715255737,39.823864,0.3066043,0.27040225
17.510000944137573,39.77986,0.3068064,0.27040225
17.519999265670776,39.643864,0.3068064,0.27162302
17.529999494552612,39.543865,0.3068064,0.2728438
17.53999972343445,39.511868,0.3068064,0.2728438
17.549999952316284,39.555866,0.3068064,0.27528536
17.56000018119812,39.683865,0.3068064,0.27528536
17.570000410079956,39.803864,0.3068064,0.27772692
17.580000638961792,39.891865,0.3068064,0.27772692
17.590000867843628,39.903866,0.3068064,0.27894768
17.59999918937683,39.831867,0.3068064,0.28016847
17.609999418258667,39.719864,0.3068064,0.28138924
17.619999647140503,39.583866,0.3068064,0.28261003
17.62999987602234,39.48786,0.3068064,0.2838308
17.640000104904175,39.48786,0.3068064,0.28505158
17.65000033378601,39.563866,0.3068064,0.28627235
17.660000562667847,39.663864,0.3068064,0.28749314
17.670000791549683,39.75986,0.3068064,0.2887139
17.679999113082886,39.855865,0.3068064,0.2899347
17.68999934196472,39.82786,0.3068064,0.29115546
17.699999570846558,39.703865,0.3068064,0.29237625
17.709999799728394,39.583866,0.3068064,0.29237625
17.72000002861023,39.519867,0.3068064,0.2948178
17.730000257492065,39.447865,0.3068064,0.2948178
17.7400004863739,39.455864,0.3068064,0.29725936
17.750000715255737,39.547863,0.3068064,0.29725936
17.760000944137573,39.659866,0.3068064,0.29848012
17.769999265670776,39.739864,0.3068064,0.29970092
17.779999494552612,39.771866,0.3068064,0.30092168
17.78999972343445,39.751865,0.3068064,0.30214247
17.799999952316284,39.671867,0.3068064,0.30336323
17.81000018119812,39.551865,0.3068064,0.30458403
17.820000410079956,39.451866,0.3068064,0.3058048
17.830000638961792,39.435863,0.3068064,0.30702558
17.840000867843628,39.435863,0.3068064,0.30824634
17.84999918937683,39.515865,0.3068064,0.30946714
17.859999418258667,39.619865,0.3068064,0.3106879
17.869999647140503,39.695866,0.3068064,0.3119087
17.87999987602234,39.695866,0.3068064,0.31312945
17.890000104904175,39.643864,0.3068064,0.31435025
17.90000033378601,39.583866,0.3068064,0.31435025
17.910000562667847,39.467865,0.3068064,0.3167918
17.920000791549683,39.403866,0.3068064,0.3167918
17.929999113082886,39.387867,0.3068064,0.31801257
17.93999934196472,39.471867,0.3068064,0.31923336
17.949999570846558,39.523865,0.3068064,0.32045412
17.959999799728394,39.603867,0.3068064,0.3216749
17.97000002861023,39.667862,0.3068064,0.32289568
17.980000257492065,39.675865,0.3068064,0.32411647
17.9900004863739,39.603867,0.3068064,0.32533723
18.000000715255737,39.515865,0.3068064,0.32655802
18.010000944137573,39.447865,0.3068064,0.3277788
18.019999265670776,39.391865,0.3068064,0.32899958
18.029999494552612,39.375866,0.30687377,0.32899958
18.03999972343445,39.43987,0.30687377,0.33022034
18.049999952316284,39.527863,0.30687377,0.33144113
18.06000018119812,39.59987,0.30687377,0.3326619
18.070000410079956,39.615864,0.30694115,0.3338827
18.080000638961792,39.611866,0.30694115,0.33510345
18.090000867843628,39.551865,0.30694115,0.33632424
18.09999918937683,39.463867,0.30700853,0.33632424
18.109999418258667,39.395863,0.30700853,0.337545
18.119999647140503,39.395863,0.3070759,0.3387658
18.12999987602234,39.463867,0.30714324,0.3387658
18.140000104904175,39.507862,0.307278,0.33998656
18.15000033378601,39.575863,0.30734536,0.33998656
18.160000562667847,39.683865,0.30741274,0.34120736
18.170000791549683,39.707863,0.30748013,0.34120736
18.179999113082886,39.675865,0.30768222,0.34120736
18.18999934196472,39.659866,0.3079517,0.33998656
18.199999570846558,39.667862,0.30828857,0.3387658
18.209999799728394,39.687862,0.30896226,0.33632424
18.22000002861023,39.815865,0.3097707,0.33144113
18.230000257492065,40.055866,0.31084865,0.32533723
18.2400004863739,40.339863,0.31219605,0.3167918
18.250000715255737,40.587864,0.313274,0.3106879
18.260000944137573,40.64386,0.3136782,0.30824634
18.269999265670776,40.631863,0.3136782,0.3106879
18.279999494552612,40.527863,0.3136782,0.3106879
18.28999972343445,40.467865,0.3136782,0.31312945
18.299999952316284,40.479862,0.3136782,0.31312945
18.31000018119812,40.55586,0.3136782,0.31435025
18.320000410079956,40.607864,0.3137456,0.315571
18.330000638961792,40.67586,0.3137456,0.3167918
18.340000867843628,40.739864,0.3137456,0.31801257
18.34999918937683,40.73586,0.3137456,0.31923336
18.359999418258667,40.651863,0.3137456,0.32045412
18.369999647140503,40.55586,0.3137456,0.32045412
18.37999987602234,40.487865,0.3137456,0.32289568
18.390000104904175,40.455864,0.3137456,0.32289568
18.40000033378601,40.45986,0.31381297,0.32411647
18.410000562667847,40.507862,0.31381297,0.32533723
18.420000791549683,40.59986,0.31381297,0.32655802
18.429999113082886,40.66386,0.31388032,0.32655802
18.43999934196472,40.66386,0.31388032,0.3277788
18.449999570846558,40.66386,0.31388032,0.32899958
18.459999799728394,40.61986,0.31388032,0.33022034
18.47000002861023,40.54386,0.31394768,0.33144113
18.480000257492065,40.479862,0.31401506,0.3326619
18.4900004863739,40.479862,0.31408244,0.3326619
18.500000715255737,40.53186,0.31421718,0.3326619
18.510000944137573,40.59186,0.31435192,0.3326619
18.519999265670776,40.69186,0.31455404,0.3326619
18.529999494552612,40.79586,0.3148909,0.33144113
18.53999972343445,40.879864,0.3152951,0.33022034
18.549999952316284,40.94386,0.31596884,0.32655802
18.56000018119812,41.05186,0.3167773,0.32289568
18.570000410079956,41.15586,0.31778783,0.3167918
18.580000638961792,41.279858,0.3187984,0.3106879
18.590000867843628,41.35586,0.31940472,0.30702558
18.59999918937683,41.38386,0.31960684,0.30702558
18.609999418258667,41.36786,0.31960684,0.30824634
18.619999647140503,41.38386,0.31967422,0.30824634
18.62999987602234,41.44386,0.31967422,0.3106879
18.640000104904175,41.54786,0.31967422,0.3106879
18.65000033378601,41.619858,0.31967422,0.31312945
18.660000562667847,41.59586,0.3197416,0.31312945
18.670000791549683,41.583855,0.3197416,0.31435025
18.679999113082886,41.54786,0.31980896,0.31435025
18.68999934196472,41.46386,0.3198763,0.315571
18.699999570846558,41.403862,0.3199437,0.3167918
18.709999799728394,41.411858,0.32001108,0.3167918
18.72000002861023,41.44786,0.32014582,0.3167918
18.730000257492065,41.54386,0.3203479,0.3167918
18.7400004863739,41.619858,0.32048267,0.3167918
18.750000715255737,41.71586,0.32068476,0.3167918
18.760000944137573,41.751858,0.32088688,0.3167918
18.769999265670776,41.77586,0.32122374,0.315571
18.779999494552612,41.76786,0.32162794,0.31435025
18.78999972343445,41.79186,0.32203218,0.31312945
18.799999952316284,41.811855,0.3224364,0.3106879
18.81000018119812,41.86786,0.32297537,0.30824634
18.820000410079956,42.003857,0.3236491,0.30458403
18.830000638961792,42.187855,0.32445756,0.30092168
18.840000867843628,42.355854,0.32506385,0.29725936
18.84999918937683,42.447853,0.3254007,0.29603857
18.859999418258667,42.459854,0.3254681,0.29725936
18.869999647140503,42.399853,0.3254681,0.29725936
18.87999987602234,42.35985,0.3254681,0.29848012
18.890000104904175,42.323856,0.32553548,0.29970092
18.90000033378601,42.347855,0.32553548,0.30092168
18.910000562667847,42.367855,0.32553548,0.30214247
18.920000791549683,42.383858,0.32553548,0.30336323
18.929999113082886,42.427853,0.32553548,0.30458403
18.93999934196472,42.47186,0.32553548,0.30458403
18.949999570846558,42.435856,0.32553548,0.30702558
18.959999799728394,42.395855,0.32553548,0.30702558
18.97000002861023,42.367855,0.32560283,0.30824634
18.980000257492065,42.347855,0.3256702,0.30824634
18.9900004863739,42.31986,0.3257376,0.30946714
19.000000715255737,42.335854,0.3257376,0.3106879
19.010000944137573,42.367855,0.32580495,0.3119087
19.019999265670776,42.395855,0.32580495,0.31312945
19.029999494552612,42.427853,0.3258723,0.31312945
19.03999972343445,42.447853,0.3259397,0.31435025
19.049999952316284,42.459854,0.32600707,0.31435025
19.06000018119812,42.435856,0.32607445,0.315571
19.070000410079956,42.407856,0.3261418,0.3167918
19.080000638961792,42.395855,0.3261418,0.3167918
19.090000867843628,42.395855,0.32620916,0.31801257
19.09999918937683,42.415855,0.32634392,0.31801257
19.109999418258667,42.45186,0.32647866,0.31801257
19.119999647140503,42.539852,0.32668075,0.31801257
19.12999987602234,42.563858,0.32681552,0.31801257
19.140000104904175,42.587856,0.32715237,0.3167918
19.15000033378601,42.679855,0.3274892,0.315571
19.160000562667847,42.719852,0.32789347,0.31435025
19.170000791549683,42.727856,0.32816294,0.31435025
19.179999113082886,42.719852,0.32836503,0.31312945
19.18999934196472,42.771854,0.3287019,0.3119087
19.199999570846558,42.855854,0.3291735,0.3106879
19.209999799728394,42.963852,0.32971245,0.30824634
19.22000002861023,43.115856,0.3303188,0.30458403
19.230000257492065,43.267853,0.3309925,0.30092168
19.2400004863739,43.33585,0.33146408,0.29970092
19.250000715255737,43.351852,0.33166623,0.29848012
19.260000944137573,43.299854,0.33166623,0.29970092
19.269999265670776,43.271854,0.33166623,0.30092168
19.279999494552612,43.231853,0.33166623,0.30214247
19.28999972343445,43.247856,0.33166623,0.30336323
19.299999952316284,43.319855,0.33166623,0.30458403
19.31000018119812,43.367855,0.33166623,0.3058048
19.320000410079956,43.38385,0.33166623,0.30702558
19.330000638961792,43.37585,0.33166623,0.30824634
19.340000867843628,43.367855,0.33166623,0.30824634
19.34999918937683,43.307854,0.33166623,0.3106879
19.359999418258667,43.22385,0.33166623,0.3106879
19.369999647140503,43.199852,0.33166623,0.31312945
19.37999987602234,43.22385,0.33166623,0.31312945
19.390000104904175,43.239853,0.33166623,0.31435025
19.40000033378601,43.271854,0.33166623,0.315571
19.410000562667847,43.307854,0.33166623,0.3167918
19.420000791549683,43.339855,0.33166623,0.31801257
19.429999113082886,43.33585,0.33166623,0.31923336
19.43999934196472,43.271854,0.33173355,0.32045412
19.449999570846558,43.24385,0.33173355,0.3216749
19.459999799728394,43.187855,0.33173355,0.32289568
19.47000002861023,43.147854,0.33173355,0.32411647
19.480000257492065,43.179855,0.33180094,0.32411647
19.4900004863739,43.227856,0.33180094,0.32533723
19.500000715255737,43.271854,0.33186832,0.32655802
19.510000944137573,43.29185,0.33186832,0.32655802
19.519999265670776,43.33585,0.3319357,0.3277788
19.529999494552612,43.31585,0.3319357,0.32899958
19.53999972343445,43.26385,0.33200306,0.33022034
19.549999952316284,43.247856,0.33200306,0.33022034
19.56000018119812,43.231853,0.33200306,0.3326619
19.570000410079956,43.207855,0.33207044,0.3326619
19.580000638961792,43.199852,0.33207044,0.3338827
19.590000867843628,43.23585,0.33213782,0.3338827
19.59999918937683,43.307854,0.33220518,0.33510345
19.609999418258667,43.331852,0.33227253,0.33632424
19.619999647140503,43.33585,0.3323399,0.33632424
19.62999987602234,43.343853,0.3324073,0.337545
19.640000104904175,43.331852,0.33254203,0.337545
19.65000033378601,43.331852,0.33274412,0.337545
19.660000562667847,43.351852,0.33308098,0.33632424
19.670000791549683,43.439854,0.33361995,0.3338827
19.679999113082886,43.619854,0.33449578,0.32899958
19.68999934196472,43.819847,0.3355737,0.32289568
19.699999570846558,44.06385,0.3367864,0.315571
19.709999799728394,44.319847,0.33799908,0.30824634
19.72000002861023,44.46785,0.3390096,0.30214247
19.730000257492065,44.52785,0.3397507,0.29848012
19.7400004863739,44.61985,0.34062654,0.29237625
19.750000715255737,44.763847,0.3415697,0.28749314
19.760000944137573,44.89185,0.34244552,0.28261003
19.769999265670776,45.067844,0.34318662,0.27894768
19.779999494552612,45.23185,0.34379295,0.27528536
19.78999972343445,45.363846,0.34406242,0.27528536
19.799999952316284,45.383846,0.34406242,0.27650613
19.81000018119812,45.367844,0.34406242,0.27772692
19.820000410079956,45.359844,0.34406242,0.27894768
19.830000638961792,45.327847,0.34406242,0.28016847
19.840000867843628,45.263847,0.34406242,0.28138924
19.84999918937683,45.267845,0.34406242,0.28261003
19.859999418258667,45.283848,0.34406242,0.28261003
19.869999647140503,45.295845,0.34406242,0.28505158
19.87999987602234,45.299843,0.34406242,0.28505158
19.890000104904175,45.32385,0.34406242,0.28749314
19.90000033378601,45.331844,0.34406242,0.28749314
19.910000562667847,45.30385,0.34406242,0.2887139
19.920000791549683,45.267845,0.34406242,0.2899347
19.929999113082886,45.255848,0.34406242,0.29115546
19.93999934196472,45.215847,0.34406242,0.29237625
19.949999570846558,45.187847,0.34406242,0.293597
19.959999799728394,45.243847,0.34406242,0.2948178
19.97000002861023,45.267845,0.34406242,0.29603857
19.980000257492065,45.271847,0.34406242,0.29725936
19.9900004863739,45.259846,0.34406242,0.29848012
20.000000715255737,45.271847,0.34406242,0.29970092
20.010000944137573,45.243847,0.3441298,0.29970092
20.019999265670776,45.203846,0.3441298,0.30092168
20.029999494552612,45.175846,0.3441298,0.30214247
20.03999972343445,45.17185,0.3441298,0.30336323
20.049999952316284,45.159843,0.3441298,0.30458403
20.06000018119812,45.167847,0.3441298,0.3058048
20.070000410079956,45.187847,0.3441298,0.30702558
20.080000638961792,45.227844,0.3441298,0.30824634
20.090000867843628,45.219845,0.3441298,0.30946714
20.09999918937683,45.215847,0.3441298,0.3106879
20.109999418258667,45.17185,0.3441298,0.3119087
20.119999647140503,45.139843,0.3441298,0.31312945
20.12999987602234,45.111847,0.3441298,0.31435025
20.140000104904175,45.107845,0.3441298,0.31435025
20.15000033378601,45.135845,0.3441298,0.3167918
20.160000562667847,45.155846,0.3441298,0.3167918
20.170000791549683,45.14385,0.3441298,0.31801257
20.179999113082886,45.175846,0.3441298,0.31923336
20.18999934196472,45.16385,0.3441298,0.32045412
20.199999570846558,45.139843,0.3441298,0.3216749
20.209999799728394,45.115845,0.3441298,0.32289568
20.22000002861023,45.107845,0.3441298,0.32411647
20.230000257492065,45.111847,0.3441298,0.32533723
20.2400004863739,45.075848,0.3441298,0.32655802
20.250000715255737,45.079845,0.3441298,0.3277788
20.260000944137573,45.127846,0.3441298,0.32899958
20.269999265670776,45.135845,0.3441298,0.33022034
20.279999494552612,45.107845,0.34419715,0.33022034
20.28999972343445,45.135845,0.34419715,0.33144113
20.299999952316284,45.119843,0.34419715,0.3326619
20.31000018119812,45.087845,0.34419715,0.3338827
20.320000410079956,45.067844,0.34419715,0.33510345
20.330000638961792,45.079845,0.34419715,0.33632424
20.340000867843628,45.079845,0.34426454,0.337545
20.34999918937683,45.087845,0.34426454,0.337545
20.359999418258667,45.107845,0.34426454,0.33998656
20.369999647140503,45.131847,0.34433192,0.33998656
20.37999987602234,45.119843,0.34433192,0.34120736
20.390000104904175,45.091846,0.34433192,0.34242812
20.40000033378601,45.091846,0.34439927,0.3436489
20.410000562667847,45.095844,0.34446666,0.3436489
20.420000791549683,45.095844,0.3446014,0.3436489
20.429999113082886,45.115845,0.34466875,0.34486967
20.43999934196472,45.139843,0.34466875,0.34609047
20.449999570846558,45.139843,0.3448035,0.34609047
20.459999799728394,45.167847,0.34493822,0.34609047
20.47000002861023,45.227844,0.3452751,0.34486967
20.480000257492065,45.363846,0.34594882,0.34242812
20.4900004863739,45.519844,0.346892,0.33632424
20.500000715255737,45.691845,0.3480373,0.33022034
20.510000944137573,45.89584,0.34911525,0.32411647
20.519999265670776,46.055843,0.3501258,0.31801257
20.529999494552612,46.16784,0.3507995,0.31435025
20.53999972343445,46.175842,0.35120374,0.3119087
20.549999952316284,46.195843,0.35127112,0.31312945
20.56000018119812,46.191845,0.35133845,0.31312945
20.570000410079956,46.20784,0.35133845,0.31435025
20.580000638961792,46.279846,0.35133845,0.315571
20.590000867843628,46.371845,0.35140583,0.3167918
20.59999918937683,46.419838,0.3514732,0.3167918
20.609999418258667,46.40784,0.3515406,0.31801257
20.619999647140503,46.38784,0.35167533,0.31801257
20.62999987602234,46.375843,0.35187742,0.31801257
20.640000104904175,46.331844,0.35207957,0.31801257
20.65000033378601,46.319843,0.35234904,0.3167918
20.660000562667847,46.383842,0.35268587,0.315571
20.670000791549683,46.49984,0.3530901,0.31435025
20.679999113082886,46.611843,0.35342693,0.31312945
20.68999934196472,46.695843,0.35362908,0.31312945
20.699999570846558,46.783844,0.35389856,0.3119087
20.709999799728394,46.83984,0.3542354,0.3106879
20.72000002861023,46.81184,0.35457227,0.3106879
20.730000257492065,46.855843,0.35490912,0.30824634
20.7400004863739,46.88784,0.35524598,0.30702558
20.750000715255737,46.891838,0.3554481,0.30702558
20.760000944137573,46.87984,0.35551548,0.30824634
20.769999265670776,46.891838,0.35551548,0.30824634
20.779999494552612,46.95984,0.3555828,0.30946714
20.78999972343445,46.983837,0.3555828,0.3106879
20.799999952316284,47.01984,0.3555828,0.3119087
20.81000018119812,47.01984,0.3556502,0.31312945
20.820000410079956,47.031837,0.3556502,0.31435025
20.830000638961792,46.97184,0.3556502,0.31435025
20.840000867843628,46.91184,0.35571757,0.315571
20.84999918937683,46.903843,0.35571757,0.3167918
20.859999418258667,46.883842,0.35571757,0.31801257
20.869999647140503,46.88784,0.35578495,0.31801257
20.87999987602234,46.93184,0.3558523,0.31923336
20.890000104904175,46.987843,0.3558523,0.32045412
20.90000033378601,47.023838,0.3559197,0.32045412
20.910000562667847,47.02784,0.35598704,0.3216749
20.920000791549683,47.01984,0.35605443,0.32289568
20.929999113082886,47.011837,0.35612178,0.32289568
20.93999934196472,46.94784,0.35618916,0.32411647
20.949999570846558,46.95184,0.35625654,0.32411647
20.959999799728394,46.963837,0.35632393,0.32533723
20.97000002861023,46.99184,0.35632393,0.32655802
20.980000257492065,47.011837,0.35639125,0.32655802
20.9900004863739,47.031837,0.35645863,0.3277788
21.000000715255737,47.07984,0.35652602,0.3277788
21.010000944137573,47.09584,0.35666075,0.32899958
21.019999265670776,47.09184,0.35666075,0.33022034
21.029999494552612,47.06784,0.35672814,0.33022034
21.03999972343445,47.02784,0.35679552,0.33144113
21.049999952316284,47.003838,0.35679552,0.3326619
21.06000018119812,47.02784,0.35686284,0.3326619
21.070000410079956,47.07584,0.35693023,0.3338827
21.080000638961792,47.123837,0.357065,0.3338827
21.090000867843628,47.15984,0.35719973,0.3338827
21.09999918937683,47.195835,0.35733446,0.3338827
21.109999418258667,47.21984,0.35753658,0.3338827
21.119999647140503,47.21984,0.35773867,0.3338827
21.12999987602234,47.235836,0.35807556,0.3326619
21.140000104904175,47.303837,0.35854712,0.33022034
21.15000033378601,47.419838,0.35922086,0.32655802
21.160000562667847,47.55984,0.35996193,0.32289568
21.170000791549683,47.707836,0.36077037,0.31801257
21.179999113082886,47.891838,0.36151144,0.31435025
21.18999934196472,47.979836,0.36218515,0.3119087
21.199999570846558,48.019836,0.36245462,0.3106879
21.209999799728394,47.99584,0.36245462,0.3119087
21.22000002861023,47.967834,0.36245462,0.31312945
21.230000257492065,47.963837,0.362522,0.31312945
21.2400004863739,47.975838,0.362522,0.31435025
21.250000715255737,48.027836,0.362522,0.315571
21.260000944137573,48.075836,0.3625894,0.3167918
21.269999265670776,48.099834,0.3625894,0.31801257
21.279999494552612,48.091835,0.3625894,0.31801257
21.28999972343445,48.071835,0.3625894,0.32045412
21.299999952316284,48.027836,0.36265677,0.32045412
21.31000018119812,47.97184,0.36265677,0.3216749
21.320000410079956,47.947838,0.36272413,0.32289568
21.330000638961792,47.97184,0.36279148,0.32289568
21.340000867843628,47.99584,0.36285886,0.32411647
21.34999918937683,48.047836,0.36285886,0.32533723
21.359999418258667,48.091835,0.36292624,0.32533723
21.369999647140503,48.107838,0.3629936,0.32655802
21.37999987602234,48.087837,0.36306098,0.32655802
21.390000104904175,48.067837,0.36312836,0.3277788
21.40000033378601,48.055836,0.36319572,0.3277788
21.410000562667847,48.04384,0.36333045,0.32899958
21.420000791549683,48.035835,0.36339784,0.32899958
21.429999113082886,48.06384,0.36353257,0.33022034
21.43999934196472,48.119835,0.3636673,0.33022034
21.449999570846558,48.179836,0.3640042,0.32899958
21.459999799728394,48.283833,0.36447576,0.32655802
21.47000002861023,48.487835,0.36535156,0.3216749
21.480000257492065,48.671833,0.3664295,0.315571
21.4900004863739,48.87583,0.36770958,0.30824634
21.500000715255737,49.095833,0.36912435,0.29970092
21.510000944137573,49.251835,0.37020227,0.29237625
21.519999265670776,49.343834,0.37094334,0.2887139
21.529999494552612,49.39983,0.37161708,0.28505158
21.53999972343445,49.523834,0.37229076,0.28138924
21.549999952316284,49.68783,0.37282974,0.27894768
21.56000018119812,49.82783,0.3733687,0.27650613
21.570000410079956,50.00383,0.37404242,0.2728438
21.580000638961792,50.227825,0.3747835,0.26918146
21.590000867843628,50.355827,0.37538984,0.2667399
21.59999918937683,50.347828,0.37565932,0.26551914
21.609999418258667,50.27583,0.37565932,0.2667399
21.619999647140503,50.215828,0.37565932,0.2679607
21.62999987602234,50.159832,0.37565932,0.26918146
21.640000104904175,50.14383,0.37565932,0.26918146
21.65000033378601,50.195827,0.37572667,0.27040225
21.660000562667847,50.30383,0.37572667,0.27162302
21.670000791549683,50.36383,0.37572667,0.2728438
21.679999113082886,50.36783,0.37572667,0.27406457
21.68999934196472,50.35983,0.37572667,0.27528536
21.699999570846558,50.31983,0.37572667,0.27650613
21.709999799728394,50.20783,0.37572667,0.27772692
21.72000002861023,50.12783,0.37572667,0.27894768
21.730000257492065,50.111828,0.37572667,0.28016847
21.7400004863739,50.12383,0.37572667,0.28138924
21.750000715255737,50.175827,0.37572667,0.28261003
21.760000944137573,50.243828,0.37572667,0.28261003
21.769999265670776,50.30383,0.37572667,0.28505158
21.779999494552612,50.30383,0.37572667,0.28505158
21.78999972343445,50.247826,0.37572667,0.28749314
21.799999952316284,50.18383,0.37572667,0.28749314
21.81000018119812,50.135826,0.37579405,0.2887139
21.820000410079956,50.05983,0.37579405,0.2899347
21.830000638961792,50.047832,0.37579405,0.29115546
21.840000867843628,50.09983,0.37586144,0.29115546
21.84999918937683,50.203827,0.3759288,0.29237625
21.859999418258667,50.23983,0.3759288,0.293597
21.869999647140503,50.27583,0.3759288,0.2948178
21.87999987602234,50.287827,0.3759288,0.29603857
21.890000104904175,50.23583,0.37599614,0.29603857
21.90000033378601,50.159832,0.37599614,0.29725936
21.910000562667847,50.10383,0.37599614,0.29848012
21.920000791549683,50.07183,0.37599614,0.29970092
21.929999113082886,50.05583,0.37606353,0.30092168
21.93999934196472,50.09983,0.37606353,0.30214247
21.949999570846558,50.179832,0.37606353,0.30214247
21.959999799728394,50.23583,0.37606353,0.30458403
21.97000002861023,50.25583,0.3761309,0.30458403
21.980000257492065,50.227825,0.3761309,0.3058048
21.9900004863739,50.203827,0.3761983,0.30702558
22.000000715255737,50.155827,0.37633303,0.30702558
22.010000944137573,50.10783,0.37646776,0.30702558
22.019999265670776,50.10383,0.3766025,0.30702558
22.029999494552612,50.159832,0.37666988,0.30824634
22.03999972343445,50.18383,0.37673724,0.30824634
22.049999952316284,50.25183,0.37687197,0.30824634
22.06000018119812,50.335827,0.3770741,0.30824634
22.070000410079956,50.43183,0.37741095,0.30702558
22.080000638961792,50.49183,0.37794992,0.30458403
22.090000867843628,50.539825,0.37842152,0.30214247
22.09999918937683,50.611828,0.37896046,0.29970092
22.109999418258667,50.68383,0.3796342,0.29725936
22.119999647140503,50.771824,0.38037527,0.29237625
22.12999987602234,50.911823,0.38111633,0.2887139
22.140000104904175,51.063824,0.3817227,0.28505158
22.15000033378601,51.131824,0.38192478,0.28505158
22.160000562667847,51.139828,0.38192478,0.28627235
22.170000791549683,51.143826,0.38192478,0.28749314
22.179999113082886,51.155827,0.38192478,0.2887139
22.18999934196472,51.147827,0.38192478,0.2899347
22.199999570846558,51.143826,0.38199216,0.29115546
22.209999799728394,51.167828,0.38199216,0.29115546
22.22000002861023,51.135826,0.38199216,0.29237625
22.230000257492065,51.123825,0.38199216,0.293597
22.2400004863739,51.111824,0.3820595,0.2948178
22.250000715255737,51.135826,0.3821269,0.2948178
22.260000944137573,51.143826,0.38219428,0.29603857
22.269999265670776,51.151825,0.38219428,0.29725936
22.279999494552612,51.155827,0.38219428,0.29848012
22.28999972343445,51.175827,0.38226166,0.29848012
22.299999952316284,51.163826,0.382329,0.29970092
22.31000018119812,51.159824,0.382329,0.30092168
22.320000410079956,51.175827,0.38239637,0.30214247
22.330000638961792,51.187828,0.38246375,0.30214247
22.340000867843628,51.151825,0.38253114,0.30336323
22.34999918937683,51.147827,0.3825985,0.30336323
22.359999418258667,51.159824,0.38266587,0.30458403
22.369999647140503,51.167828,0.38273323,0.30458403
22.37999987602234,51.171825,0.3828006,0.3058048
22.390000104904175,51.183823,0.38286796,0.30702558
22.40000033378601,51.211826,0.38293535,0.30702558
22.410000562667847,51.235825,0.38300273,0.30824634
22.420000791549683,51.223824,0.38313746,0.30824634
22.429999113082886,51.279827,0.3832722,0.30824634
22.43999934196472,51.307827,0.38340694,0.30824634
22.449999570846558,51.303825,0.3835417,0.30824634
22.459999799728394,51.351826,0.3837438,0.30824634
22.47000002861023,51.379826,0.38401327,0.30824634
22.480000257492065,51.431824,0.38435015,0.30702558
22.4900004863739,51.483826,0.38468698,0.3058048
22.500000715255737,51.571827,0.38502383,0.30458403
22.510000944137573,51.631824,0.3853607,0.30336323
22.519999265670776,51.675823,0.3857649,0.30092168
22.529999494552612,51.72782,0.38623652,0.29970092
22.53999972343445,51.851826,0.3867755,0.29725936
22.549999952316284,51.971825,0.38738182,0.2948178
22.56000018119812,52.035824,0.38778606,0.29237625
22.570000410079956,52.06782,0.3878534,0.29237625
22.580000638961792,52.075825,0.38792077,0.293597
22.590000867843628,52.059822,0.38792077,0.2948178
22.59999918937683,52.063824,0.38792077,0.29603857
22.609999418258667,52.07182,0.38798815,0.29603857
22.619999647140503,52.123825,0.38798815,0.29725936
22.62999987602234,52.103825,0.38805553,0.29848012
22.640000104904175,52.11182,0.38805553,0.29970092
22.65000033378601,52.11982,0.38805553,0.30092168
22.660000562667847,52.11182,0.38805553,0.30214247
22.670000791549683,52.07182,0.38812292,0.30214247
22.679999113082886,52.059822,0.38812292,0.30336323
22.68999934196472,52.059822,0.38812292,0.30458403
22.699999570846558,52.07182,0.38819027,0.3058048
22.709999799728394,52.079823,0.38825762,0.3058048
22.72000002861023,52.079823,0.388325,0.30702558
22.730000257492065,52.127823,0.388325,0.30824634
22.7400004863739,52.09182,0.388325,0.30946714
22.750000715255737,52.059822,0.3883924,0.30946714
22.760000944137573,52.07182,0.38845974,0.3106879
22.769999265670776,52.06782,0.38845974,0.3119087
22.779999494552612,52.055824,0.38845974,0.31312945
22.78999972343445,52.06782,0.38852713,0.31312945
22.799999952316284,52.09182,0.3885945,0.31435025
22.81000018119812,52.11982,0.3887292,0.31435025
22.820000410079956,52.17182,0.38893133,0.31435025
22.830000638961792,52.215824,0.38913345,0.31435025
22.840000867843628,52.263824,0.38933557,0.31312945
22.84999918937683,52.279823,0.38953766,0.31312945
22.859999418258667,52.27182,0.38973978,0.31312945
22.869999647140503,52.33182,0.39007664,0.31312945
22.87999987602234,52.39182,0.3904135,0.3106879
22.890000104904175,52.45982,0.3908177,0.30946714
22.90000033378601,52.52782,0.39122197,0.30702558
22.910000562667847,52.647823,0.39162618,0.3058048
22.920000791549683,52.72382,0.39196303,0.30458403
22.929999113082886,52.77182,0.3922999,0.30336323
22.93999934196472,52.79982,0.39263672,0.30214247
22.949999570846558,52.85982,0.39297357,0.30092168
22.959999799728394,52.895817,0.39324307,0.30092168
22.97000002861023,52.91182,0.39344516,0.29970092
22.980000257492065,52.95982,0.39351255,0.30092168
22.9900004863739,52.983818,0.39357993,0.30092168
23.000000715255737,53.00382,0.3936473,0.30214247
23.010000944137573,53.01582,0.39371467,0.30214247
23.019999265670776,53.05582,0.3938494,0.30336323
23.029999494552612,53.075817,0.3939168,0.30336323
23.03999972343445,53.06382,0.39398414,0.30458403
23.049999952316284,53.03582,0.39398414,0.3058048
23.06000018119812,53.05582,0.39398414,0.30702558
23.070000410079956,53.02382,0.39398414,0.30824634
23.080000638961792,53.01182,0.39398414,0.30946714
23.090000867843628,53.01582,0.39405152,0.30946714
23.09999918937683,53.04382,0.39405152,0.3106879
23.109999418258667,53.04382,0.39405152,0.3119087
23.119999647140503,53.031822,0.39405152,0.31312945
23.12999987602234,53.03582,0.39405152,0.31435025
23.140000104904175,53.01982,0.3941189,0.315571
23.15000033378601,52.983818,0.3941189,0.3167918
23.160000562667847,52.96782,0.3941189,0.3167918
23.170000791549683,52.97582,0.3941189,0.31801257
23.179999113082886,52.97582,0.3941189,0.31923336
23.18999934196472,52.97982,0.3941863,0.32045412
23.199999570846558,52.97182,0.3941863,0.3216749
23.209999799728394,52.99982,0.3941863,0.32289568
23.22000002861023,52.99182,0.3941863,0.32411647
23.230000257492065,52.99582,0.3941863,0.32533723
23.2400004863739,52.983818,0.3941863,0.32655802
23.250000715255737,52.96782,0.3941863,0.3277788
23.260000944137573,52.95982,0.3942536,0.3277788
23.269999265670776,52.95182,0.3942536,0.32899958
23.279999494552612,52.97582,0.394321,0.33022034
23.28999972343445,52.983818,0.39438838,0.33022034
23.299999952316284,52.97182,0.39445576,0.33144113
23.31000018119812,52.99582,0.39445576,0.3326619
23.320000410079956,53.01982,0.39445576,0.3338827
23.330000638961792,52.99582,0.3945231,0.3338827
23.340000867843628,52.987816,0.39465785,0.3338827
23.34999918937683,53.007816,0.39472523,0.33510345
23.359999418258667,53.007816,0.39472523,0.33632424
23.369999647140503,53.007816,0.3947926,0.33632424
23.37999987602234,53.01182,0.3947926,0.337545
23.390000104904175,53.01982,0.39485997,0.3387658
23.40000033378601,53.059822,0.39492735,0.33998656
23.410000562667847,53.07182,0.39499474,0.33998656
23.420000791549683,53.08782,0.39512944,0.33998656
23.429999113082886,53.11182,0.39533156,0.33998656
23.43999934196472,53.139816,0.39560103,0.33998656
23.449999570846558,53.199818,0.39600527,0.337545
23.459999799728394,53.31582,0.39654425,0.33510345
23.47000002861023,53.459816,0.39721793,0.3326619
23.480000257492065,53.575817,0.3978243,0.32899958
23.4900004863739,53.69582,0.39856535,0.32533723
23.500000715255737,53.87582,0.3993738,0.32045412
23.510000944137573,54.035812,0.400317,0.31435025
23.519999265670776,54.179817,0.40105808,0.3106879
23.529999494552612,54.283813,0.40159705,0.30824634
23.53999972343445,54.343815,0.40206864,0.30702558
23.549999952316284,54.443813,0.40260762,0.30336323
23.56000018119812,54.595814,0.40341607,0.29848012
23.570000410079956,54.80781,0.40422451,0.2948178
23.580000638961792,55.01181,0.40496558,0.29115546
23.590000867843628,55.139812,0.40570664,0.28749314
23.59999918937683,55.267815,0.4063804,0.28261003
23.609999418258667,55.35181,0.40691936,0.28138924
23.619999647140503,55.39981,0.40712145,0.28016847
23.62999987602234,55.367813,0.40718883,0.28138924
23.640000104904175,55.367813,0.4072562,0.28138924
23.65000033378601,55.39581,0.4072562,0.28261003
23.660000562667847,55.41581,0.40732357,0.2838308
23.670000791549683,55.43981,0.40732357,0.28505158
23.679999113082886,55.46381,0.40732357,0.28627235
23.68999934196472,55.49181,0.40732357,0.28749314
23.699999570846558,55.43981,0.40739092,0.2887139
23.709999799728394,55.379814,0.40739092,0.2887139
23.72000002861023,55.387814,0.4074583,0.2899347
23.730000257492065,55.37581,0.40752566,0.2899347
23.7400004863739,55.34381,0.40752566,0.29115546
23.750000715255737,55.367813,0.40759304,0.29237625
23.760000944137573,55.431812,0.40766042,0.29237625
23.769999265670776,55.46381,0.40779516,0.29237625
23.779999494552612,55.499813,0.4079299,0.293597
23.78999972343445,55.53581,0.40813202,0.293597
23.799999952316284,55.55181,0.4083341,0.29237625
23.81000018119812,55.54781,0.4086036,0.29237625
23.820000410079956,55.54781,0.40887308,0.29115546
23.830000638961792,55.63581,0.40927732,0.2899347
23.840000867843628,55.73181,0.4097489,0.28749314
23.84999918937683,55.81181,0.41008577,0.28627235
23.859999418258667,55.89581,0.4104226,0.28627235
23.869999647140503,55.97981,0.41062474,0.28505158
23.87999987602234,56.019806,0.41075948,0.28505158
23.890000104904175,56.03581,0.41102895,0.28505158
23.90000033378601,56.05581,0.41129842,0.28505158
23.910000562667847,56.10381,0.41156793,0.28261003
23.920000791549683,56.147808,0.41190478,0.28138924
23.929999113082886,56.16781,0.41217425,0.28138924
23.93999934196472,56.22781,0.412309,0.28138924
23.949999570846558,56.239807,0.412309,0.28261003
23.959999799728394,56.239807,0.412309,0.2838308
23.97000002861023,56.231808,0.41237637,0.28505158
23.980000257492065,56.28381,0.41237637,0.28505158
23.9900004863739,56.267807,0.41237637,0.28749314
24.000000715255737,56.23581,0.41244376,0.28749314
24.010000944137573,56.22781,0.41244376,0.2887139
24.019999265670776,56.231808,0.41244376,0.2899347
24.029999494552612,56.211807,0.41244376,0.29115546
24.03999972343445,56.20381,0.4125111,0.29115546
24.049999952316284,56.21581,0.4125111,0.29237625
24.06000018119812,56.223812,0.4125111,0.293597
24.070000410079956,56.20781,0.4125111,0.2948178
24.080000638961792,56.19581,0.4125111,0.29603857
24.090000867843628,56.21581,0.4125111,0.29725936
24.09999918937683,56.191807,0.41257846,0.29848012
24.109999418258667,56.171806,0.41257846,0.29848012
24.119999647140503,56.147808,0.41257846,0.30092168
24.12999987602234,56.171806,0.41257846,0.30092168
24.140000104904175,56.15581,0.41264585,0.30214247
24.15000033378601,56.15581,0.41264585,0.30336323
24.160000562667847,56.16781,0.41264585,0.30458403
24.170000791549683,56.191807,0.41271323,0.30458403
24.179999113082886,56.18381,0.41271323,0.30702558
24.18999934196472,56.16381,0.41278058,0.30702558
24.199999570846558,56.20381,0.41284797,0.30824634
24.209999799728394,56.231808,0.4129827,0.30824634
24.22000002861023,56.21581,0.41311744,0.30824634
24.230000257492065,56.24381,0.4132522,0.30824634
24.2400004863739,56.27581,0.4133869,0.30824634
24.250000715255737,56.311806,0.41352168,0.30824634
24.260000944137573,56.311806,0.4136564,0.30946714
24.269999265670776,56.32781,0.41379115,0.30946714
24.279999494552612,56.351807,0.4139259,0.30946714
24.28999972343445,56.36781,0.41406065,0.30946714
24.299999952316284,56.383804,0.41419536,0.30946714
24.31000018119812,56.411808,0.41439748,0.30946714
24.320000410079956,56.45581,0.41459963,0.30946714
24.330000638961792,56.49581,0.4148691,0.30824634
24.340000867843628,56.543804,0.4150712,0.30824634
24.34999918937683,56.607807,0.4152733,0.30824634
24.359999418258667,56.635803,0.41540807,0.30824634
24.369999647140503,56.635803,0.41554278,0.30824634
24.37999987602234,56.643806,0.41567755,0.30824634
24.390000104904175,56.671806,0.41587964,0.30824634
24.40000033378601,56.723804,0.41614914,0.30824634
24.410000562667847,56.75181,0.41635123,0.30824634
24.420000791549683,56.815804,0.4166881,0.30702558
24.429999113082886,56.907803,0.4169576,0.3058048
24.43999934196472,56.947803,0.4172944,0.30458403
24.449999570846558,56.97981,0.41763127,0.30458403
24.459999799728394,57.059807,0.4180355,0.30214247
24.47000002861023,57.163807,0.41843972,0.30092168
24.480000257492065,57.227802,0.4187766,0.29848012
24.4900004863739,57.239803,0.4189113,0.29848012
24.500000715255737,57.27181,0.4189787,0.29970092
24.510000944137573,57.279804,0.41911346,0.29970092
24.519999265670776,57.275806,0.4191808,0.30092168
24.529999494552612,57.299805,0.4192482,0.30092168
24.53999972343445,57.327805,0.4192482,0.30214247
24.549999952316284,57.327805,0.41931555,0.30336323
24.56000018119812,57.299805,0.41931555,0.30458403
24.570000410079956,57.323807,0.41938293,0.30458403
24.580000638961792,57.343807,0.41945028,0.3058048
24.590000867843628,57.307804,0.41945028,0.30702558
24.59999918937683,57.303806,0.41945028,0.30824634
24.609999418258667,57.299805,0.41945028,0.30946714
24.619999647140503,57.295807,0.41951767,0.3106879
24.62999987602234,57.307804,0.41951767,0.3106879
24.640000104904175,57.295807,0.41951767,0.31312945
24.65000033378601,57.307804,0.41958505,0.31312945
24.660000562667847,57.299805,0.41958505,0.31435025
24.670000791549683,57.275806,0.41958505,0.315571
24.679999113082886,57.279804,0.41965243,0.315571
24.68999934196472,57.283806,0.41965243,0.3167918
24.699999570846558,57.263805,0.41965243,0.31801257
24.709999799728394,57.287804,0.41971976,0.31923336
24.72000002861023,57.299805,0.41978714,0.31923336
24.730000257492065,57.303806,0.41978714,0.32045412
24.7400004863739,57.287804,0.41978714,0.3216749
24.750000715255737,57.299805,0.41985452,0.32289568
24.760000944137573,57.315804,0.4199219,0.32411647
24.769999265670776,57.315804,0.41998926,0.32411647
24.779999494552612,57.303806,0.42005664,0.32411647
24.78999972343445,57.311806,0.42012402,0.32533723
24.799999952316284,57.327805,0.42019138,0.32655802
24.81000018119812,57.347805,0.42025873,0.32655802
24.820000410079956,57.363808,0.4203935,0.32655802
24.830000638961792,57.415806,0.42052823,0.3277788
24.840000867843628,57.443806,0.42073032,0.32655802
24.84999918937683,57.491802,0.4209998,0.32655802
24.859999418258667,57.535805,0.42140403,0.32411647
24.869999647140503,57.615807,0.42187563,0.32289568
24.87999987602234,57.755806,0.42248198,0.32045412
24.890000104904175,57.827805,0.42302096,0.3167918
24.90000033378601,57.919804,0.4235599,0.31435025
24.910000562667847,58.051804,0.42409888,0.3119087
24.920000791549683,58.1558,0.4247726,0.30824634
24.929999113082886,58.259804,0.42524415,0.3058048
24.93999934196472,58.3158,0.42551365,0.3058048
24.949999570846558,58.371803,0.42564842,0.3058048
24.959999799728394,58.367798,0.42564842,0.30702558
24.97000002861023,58.3558,0.42564842,0.30824634
24.980000257492065,58.3838,0.42564842,0.30946714
24.9900004863739,58.4078,0.42564842,0.3106879
25.000000715255737,58.367798,0.42564842,0.3119087
25.010000944137573,58.3438,0.42564842,0.31312945
25.019999265670776,58.351803,0.42564842,0.31435025
25.029999494552612,58.331802,0.42564842,0.31435025
25.03999972343445,58.299805,0.42564842,0.3167918
25.049999952316284,58.2958,0.42564842,0.3167918
25.06000018119812,58.303802,0.42564842,0.31801257
25.070000410079956,58.2918,0.42571577,0.31923336
25.080000638961792,58.303802,0.42571577,0.32045412
25.090000867843628,58.3198,0.42571577,0.3216749
25.09999918937683,58.3358,0.42571577,0.32289568
25.109999418258667,58.323803,0.42571577,0.32411647
25.119999647140503,58.299805,0.42578313,0.32411647
25.12999987602234,58.323803,0.42578313,0.32533723
25.140000104904175,58.2958,0.4258505,0.32655802
25.15000033378601,58.279804,0.4258505,0.3277788
25.160000562667847,58.2918,0.4259179,0.3277788
25.170000791549683,58.311802,0.42598528,0.32899958
25.179999113082886,58.323803,0.42605263,0.32899958
25.18999934196472,58.3358,0.42611998,0.33022034
25.199999570846558,58.359802,0.42618737,0.33022034
25.209999799728394,58.3638,0.42618737,0.3326619
25.22000002861023,58.3198,0.42618737,0.3326619
25.230000257492065,58.3078,0.42625475,0.3338827
25.2400004863739,58.323803,0.42625475,0.33510345
25.250000715255737,58.3158,0.4263221,0.33510345
25.260000944137573,58.3358,0.42645687,0.33632424
25.269999265670776,58.367798,0.42659158,0.33632424
25.279999494552612,58.439804,0.42679372,0.33632424
25.28999972343445,58.4518,0.42692843,0.33632424
25.299999952316284,58.4678,0.4270632,0.33632424
25.31000018119812,58.5078,0.4273327,0.33510345
25.320000410079956,58.5638,0.42766953,0.3338827
25.330000638961792,58.623802,0.42814115,0.3326619
25.340000867843628,58.7478,0.42881483,0.32899958
25.34999918937683,58.9278,0.4294885,0.32533723
25.359999418258667,59.0998,0.43036434,0.32045412
25.369999647140503,59.2598,0.43124017,0.315571
25.37999987602234,59.4398,0.43191388,0.3119087
25.390000104904175,59.5118,0.432116,0.3119087
25.40000033378601,59.4678,0.43218336,0.31312945
25.410000562667847,59.415794,0.43218336,0.31312945
25.420000791549683,59.431797,0.43218336,0.31435025
25.429999113082886,59.471798,0.43218336,0.315571
25.43999934196472,59.4878,0.43218336,0.3167918
25.449999570846558,59.4878,0.43218336,0.31801257
25.459999799728394,59.515797,0.43225074,0.31801257
25.47000002861023,59.5318,0.43231812,0.31923336
25.480000257492065,59.499798,0.4323855,0.32045412
25.4900004863739,59.455795,0.4323855,0.3216749
25.500000715255737,59.4398,0.43245283,0.3216749
25.510000944137573,59.443798,0.4325876,0.32289568
25.519999265670776,59.459797,0.4325876,0.32289568
25.529999494552612,59.5078,0.43265495,0.32411647
25.53999972343445,59.563797,0.43272233,0.32411647
25.549999952316284,59.5598,0.4327897,0.32533723
25.56000018119812,59.571796,0.43292442,0.32533723
25.570000410079956,59.587795,0.4330592,0.32655802
25.580000638961792,59.603798,0.43312657,0.32655802
25.590000867843628,59.567795,0.4332613,0.32655802
25.59999918937683,59.587795,0.43366554,0.32533723
25.609999418258667,59.715797,0.43427184,0.32289568
25.619999647140503,59.935795,0.43514767,0.31801257
25.62999987602234,60.171795,0.43622562,0.3106879
25.640000104904175,60.451794,0.4376404,0.30214247
25.65000033378601,60.77579,0.43898782,0.2948178
25.660000562667847,60.91579,0.4397289,0.2899347
25.670000791549683,60.947792,0.4401331,0.2887139
25.679999113082886,60.979794,0.44060472,0.28749314
25.68999934196472,61.05579,0.44114366,0.2838308
25.699999570846558,61.20779,0.44181737,0.28016847
25.709999799728394,61.43979,0.4426932,0.27528536
25.72000002861023,61.719788,0.44377115,0.26918146
25.730000257492065,61.95579,0.44464695,0.26429835
25.7400004863739,62.05179,0.44491643,0.2630776
25.750000715255737,61.995785,0.44491643,0.26429835
25.760000944137573,61.95979,0.44491643,0.26551914
25.769999265670776,61.84379,0.44491643,0.2667399
25.779999494552612,61.803787,0.44491643,0.2679607
25.78999972343445,61.84779,0.44491643,0.26918146
25.799999952316284,61.91179,0.44491643,0.27040225
25.81000018119812,61.947792,0.44491643,0.27162302
25.820000410079956,61.96779,0.44491643,0.2728438
25.830000638961792,61.98779,0.44491643,0.27406457
25.840000867843628,61.963787,0.44491643,0.27528536
25.84999918937683,61.86379,0.44491643,0.27650613
25.859999418258667,61.77579,0.44491643,0.27772692
25.869999647140503,61.739788,0.44491643,0.27894768
25.87999987602234,61.743786,0.44491643,0.27894768
25.890000104904175,61.787792,0.44491643,0.28138924
25.90000033378601,61.84779,0.44491643,0.28138924
25.910000562667847,61.903786,0.44491643,0.28261003
25.920000791549683,61.899788,0.44491643,0.2838308
25.929999113082886,61.84779,0.44491643,0.28505158
25.93999934196472,61.811787,0.44491643,0.28627235
25.949999570846558,61.73179,0.44491643,0.28749314
25.959999799728394,61.671787,0.44491643,0.2887139
25.97000002861023,61.64379,0.44491643,0.2899347
25.980000257492065,61.683792,0.44491643,0.29115546
25.9900004863739,61.72379,0.44491643,0.29237625
26.000000715255737,61.77179,0.44491643,0.293597
26.010000944137573,61.787792,0.44491643,0.2948178
26.019999265670776,61.783787,0.44491643,0.29603857
26.029999494552612,61.74779,0.44491643,0.29725936
26.03999972343445,61.65979,0.44491643,0.29848012
26.049999952316284,61.59979,0.44491643,0.29848012
26.06000018119812,61.59579,0.44491643,0.30092168
26.070000410079956,61.59179,0.44491643,0.30092168
26.080000638961792,61.64379,0.44491643,0.30214247
26.090000867843628,61.68779,0.44491643,0.30336323
26.09999918937683,61.74779,0.44491643,0.30458403
26.109999418258667,61.739788,0.44491643,0.3058048
26.119999647140503,61.695793,0.44491643,0.30702558
26.12999987602234,61.64779,0.44491643,0.30824634
26.140000104904175,61.58779,0.44491643,0.30946714
26.15000033378601,61.531788,0.44491643,0.3106879
26.160000562667847,61.52779,0.44491643,0.3119087
26.170000791549683,61.55179,0.44491643,0.31312945
26.179999113082886,61.59579,0.44491643,0.31435025
26.18999934196472,61.61979,0.44491643,0.315571
26.199999570846558,61.651787,0.44491643,0.3167918
26.209999799728394,61.64379,0.44491643,0.31801257
26.22000002861023,61.57979,0.44491643,0.31801257
26.230000257492065,61.53579,0.44491643,0.32045412
26.2400004863739,61.50779,0.44491643,0.32045412
26.250000715255737,61.48379,0.44491643,0.32289568
26.260000944137573,61.475792,0.44491643,0.32289568
26.269999265670776,61.511787,0.44491643,0.32411647
26.279999494552612,61.583794,0.44491643,0.32533723
26.28999972343445,61.59579,0.44491643,0.32655802
26.299999952316284,61.563793,0.44491643,0.3277788
26.31000018119812,61.559788,0.44491643,0.32899958
26.320000410079956,61.50379,0.44491643,0.33022034
26.330000638961792,61.45579,0.44491643,0.33144113
26.340000867843628,61.41579,0.44491643,0.3326619
26.34999918937683,61.447792,0.44491643,0.3338827
26.359999418258667,61.46779,0.44491643,0.33510345
26.369999647140503,61.48379,0.44491643,0.33632424
26.37999987602234,61.515793,0.44491643,0.337545
26.390000104904175,61.531788,0.44491643,0.3387658
26.40000033378601,61.51979,0.44491643,0.33998656
26.410000562667847,61.45179,0.4449838,0.33998656
26.420000791549683,61.40779,0.4450512,0.34120736
26.429999113082886,61.403793,0.44511855,0.34120736
26.43999934196472,61.403793,0.44518593,0.34242812
26.449999570846558,61.43979,0.44525328,0.34242812
26.459999799728394,61.50779,0.44532067,0.3436489
26.47000002861023,61.559788,0.44538802,0.3436489
26.480000257492065,61.563793,0.4454554,0.34486967
26.4900004863739,61.58779,0.4456575,0.34486967
26.500000715255737,61.62779,0.445927,0.3436489
26.510000944137573,61.651787,0.44626385,0.34242812
26.519999265670776,61.70779,0.44680282,0.34120736
26.529999494552612,61.823788,0.4475439,0.33632424
26.53999972343445,62.02779,0.44855446,0.33022034
26.549999952316284,62.311787,0.44990185,0.32289568
26.56000018119812,62.623787,0.45124927,0.31435025
26.570000410079956,62.823788,0.4519904,0.3106879
26.580000638961792,62.879784,0.45225987,0.30946714
26.590000867843628,62.81579,0.45232722,0.3106879
26.59999918937683,62.755787,0.4523946,0.3106879
26.609999418258667,62.803787,0.4523946,0.3119087
26.619999647140503,62.847786,0.45246196,0.31312945
26.62999987602234,62.923786,0.45252934,0.31312945
26.640000104904175,62.979786,0.45266408,0.31312945
26.65000033378601,63.04379,0.4527988,0.31435025
26.660000562667847,63.059784,0.45293355,0.31435025
26.670000791549683,63.047787,0.45313567,0.31435025
26.679999113082886,63.051785,0.4535399,0.3119087
26.68999934196472,63.099785,0.4540115,0.3106879
26.699999570846558,63.183784,0.45461783,0.30702558
26.709999799728394,63.343784,0.45535892,0.30336323
26.72000002861023,63.571785,0.45616737,0.29848012
26.730000257492065,63.739784,0.45670632,0.29603857
26.7400004863739,63.803783,0.45684105,0.29603857
26.750000715255737,63.79578,0.45684105,0.29725936
26.760000944137573,63.763783,0.45684105,0.29848012
26.769999265670776,63.711784,0.45684105,0.29970092
26.779999494552612,63.683784,0.45684105,0.30092168
26.78999972343445,63.66778,0.45690843,0.30092168
26.799999952316284,63.731785,0.45690843,0.30214247
26.81000018119812,63.72778,0.45690843,0.30336323
26.820000410079956,63.731785,0.45690843,0.30458403
26.830000638961792,63.755783,0.45697582,0.3058048
26.840000867843628,63.76778,0.45704317,0.30702558
26.84999918937683,63.72778,0.45711052,0.30702558
26.859999418258667,63.707783,0.45711052,0.30824634
26.869999647140503,63.70378,0.4571779,0.30824634
26.87999987602234,63.711784,0.4571779,0.3106879
26.890000104904175,63.683784,0.4571779,0.3106879
26.90000033378601,63.70378,0.4572453,0.3119087
26.910000562667847,63.759785,0.45731264,0.31312945
26.920000791549683,63.759785,0.45731264,0.31435025
26.929999113082886,63.735783,0.45731264,0.31435025
26.93999934196472,63.739784,0.45738003,0.315571
26.949999570846558,63.735783,0.4574474,0.3167918
26.959999799728394,63.69578,0.4575148,0.3167918
26.97000002861023,63.659786,0.45758212,0.31801257
26.980000257492065,63.70378,0.4576495,0.31801257
26.9900004863739,63.751785,0.45778427,0.31801257
27.000000715255737,63.775784,0.457919,0.31801257
27.010000944137573,63.83578,0.45818847,0.31801257
27.019999265670776,63.915783,0.45845795,0.3167918
27.029999494552612,63.97578,0.45879483,0.3167918
27.03999972343445,64.015785,0.4591317,0.31435025
27.049999952316284,64.083786,0.45967063,0.31312945
27.06000018119812,64.20778,0.4602096,0.3106879
27.070000410079956,64.30378,0.46081594,0.30702558
27.080000638961792,64.47178,0.461557,0.30214247
27.090000867843628,64.66378,0.4625002,0.29725936
27.09999918937683,64.86378,0.46330866,0.29237625
27.109999418258667,64.95978,0.46371287,0.29115546
27.119999647140503,64.98778,0.46378025,0.29237625
27.12999987602234,64.99578,0.46378025,0.293597
27.140000104904175,64.97978,0.46378025,0.2948178
27.15000033378601,64.95178,0.46378025,0.29603857
27.160000562667847,64.95178,0.46378025,0.29725936
27.170000791549683,64.963776,0.46384764,0.29725936
27.179999113082886,64.96777,0.46384764,0.29848012
27.18999934196472,64.963776,0.463915,0.29970092
27.199999570846558,64.94378,0.463915,0.30092168
27.209999799728394,64.95178,0.463915,0.30092168
27.22000002861023,64.923775,0.463915,0.30214247
27.230000257492065,64.88378,0.46398234,0.30336323
27.2400004863739,64.91978,0.46398234,0.30458403
27.250000715255737,64.91978,0.46404973,0.30458403
27.260000944137573,64.93978,0.4641171,0.3058048
27.269999265670776,64.963776,0.4641845,0.30702558
27.279999494552612,64.98378,0.4641845,0.30824634
27.28999972343445,64.98778,0.46425185,0.30824634
27.299999952316284,64.95178,0.46438658,0.30824634
27.31000018119812,64.95978,0.46452132,0.30824634
27.320000410079956,64.98378,0.46465608,0.30946714
27.330000638961792,64.99178,0.46485817,0.30824634
27.340000867843628,65.02778,0.4650603,0.30824634
27.34999918937683,65.09978,0.46532977,0.30824634
27.359999418258667,65.15578,0.46559927,0.30702558
27.369999647140503,65.23578,0.46593612,0.3058048
27.37999987602234,65.29178,0.4662056,0.30458403
27.390000104904175,65.351776,0.46640772,0.30458403
27.40000033378601,65.41578,0.46681195,0.30336323
27.410000562667847,65.46777,0.46728355,0.30092168
27.420000791549683,65.56778,0.4678225,0.29848012
27.429999113082886,65.71977,0.46842885,0.29603857
27.43999934196472,65.83578,0.46903515,0.29237625
27.449999570846558,65.907776,0.46930465,0.29237625
27.459999799728394,65.97177,0.4694394,0.29237625
27.47000002861023,65.95578,0.4694394,0.293597
27.480000257492065,65.94778,0.4694394,0.2948178
27.4900004863739,65.94377,0.4694394,0.29603857
27.500000715255737,65.93178,0.4694394,0.29725936
27.510000944137573,65.94377,0.4694394,0.29848012
27.519999265670776,65.91578,0.4694394,0.29848012
27.529999494552612,65.89178,0.4694394,0.30092168
27.53999972343445,65.907776,0.4694394,0.30092168
27.549999952316284,65.88778,0.4694394,0.30214247
27.56000018119812,65.851776,0.4694394,0.30336323
27.570000410079956,65.827774,0.4694394,0.30458403
27.580000638961792,65.84377,0.4694394,0.3058048
27.590000867843628,65.84778,0.4694394,0.30702558
27.59999918937683,65.839775,0.4694394,0.30824634
27.609999418258667,65.84377,0.4694394,0.30946714
27.619999647140503,65.851776,0.4694394,0.3106879
27.62999987602234,65.83177,0.4694394,0.3119087
27.640000104904175,65.799774,0.4694394,0.31312945
27.65000033378601,65.80778,0.4694394,0.31435025
27.660000562667847,65.79578,0.4694394,0.315571
27.670000791549683,65.77978,0.4694394,0.3167918
27.679999113082886,65.76778,0.4694394,0.31801257
27.68999934196472,65.76778,0.4694394,0.31801257
27.699999570846558,65.74778,0.4694394,0.32045412
27.709999799728394,65.73978,0.4694394,0.32045412
27.72000002861023,65.74378,0.4694394,0.32289568
27.730000257492065,65.75178,0.4694394,0.32289568
27.7400004863739,65.70778,0.4694394,0.32411647
27.750000715255737,65.70778,0.4694394,0.32533723
27.760000944137573,65.727776,0.4694394,0.32655802
27.769999265670776,65.70378,0.4694394,0.3277788
27.779999494552612,65.68378,0.46950674,0.32899958
27.78999972343445,65.699776,0.46950674,0.33022034
27.799999952316284,65.69578,0.46950674,0.33022034
27.81000018119812,65.687775,0.46950674,0.3326619
27.820000410079956,65.671776,0.46957412,0.3326619
27.830000638961792,65.68378,0.46957412,0.3338827
27.840000867843628,65.699776,0.4696415,0.3338827
27.84999918937683,65.67978,0.4696415,0.33632424
27.859999418258667,65.65578,0.4697089,0.33632424
27.869999647140503,65.69177,0.4697089,0.337545
27.87999987602234,65.72378,0.46984363,0.337545
27.890000104904175,65.727776,0.46997836,0.337545
27.90000033378601,65.75178,0.4701131,0.337545
27.910000562667847,65.77578,0.47024786,0.3387658
27.920000791549683,65.78777,0.47038257,0.3387658
27.929999113082886,65.799774,0.4705847,0.337545
27.93999934196472,65.855774,0.47085416,0.337545
27.949999570846558,65.97578,0.47139314,0.33510345
27.959999799728394,66.115776,0.4722016,0.33022034
27.97000002861023,66.339775,0.4733469,0.32411647
27.980000257492065,66.687775,0.4746943,0.315571
27.9900004863739,66.963776,0.47604173,0.30702558
28.000000715255737,67.19577,0.4770523,0.30214247
28.010000944137573,67.35177,0.47799546,0.29725936
28.019999265670776,67.547775,0.4790734,0.29115546
28.029999494552612,67.787766,0.48015133,0.2838308
28.03999972343445,67.995766,0.4811619,0.27772692
28.049999952316284,68.24377,0.48197034,0.2728438
28.06000018119812,68.39577,0.4822398,0.2728438
28.070000410079956,68.399765,0.4822398,0.27406457
28.080000638961792,68.371765,0.4822398,0.27528536
28.090000867843628,68.36377,0.4822398,0.27650613
28.09999918937683,68.34377,0.4822398,0.27772692
28.109999418258667,68.29176,0.4822398,0.27894768
28.119999647140503,68.28377,0.4822398,0.27894768
28.12999987602234,68.29577,0.4822398,0.28138924
28.140000104904175,68.29176,0.4822398,0.28138924
28.15000033378601,68.28377,0.4822398,0.28261003
28.160000562667847,68.27977,0.4822398,0.2838308
28.170000791549683,68.27577,0.4822398,0.28505158
28.179999113082886,68.247765,0.4822398,0.28627235
28.18999934196472,68.21177,0.4822398,0.28749314
28.199999570846558,68.219765,0.4822398,0.2887139
28.209999799728394,68.21177,0.4822398,0.2899347
28.22000002861023,68.19577,0.4822398,0.29115546
28.230000257492065,68.18377,0.4822398,0.29237625
28.2400004863739,68.219765,0.4822398,0.293597
28.250000715255737,68.219765,0.4822398,0.2948178
28.260000944137573,68.18377,0.4822398,0.29603857
28.269999265670776,68.16377,0.4822398,0.29725936
28.279999494552612,68.13976,0.4822398,0.29848012
28.28999972343445,68.11577,0.4822398,0.29970092
28.299999952316284,68.091774,0.4822398,0.30092168
28.31000018119812,68.08777,0.4822398,0.30092168
28.320000410079956,68.11177,0.4822398,0.30214247
28.330000638961792,68.09577,0.4822398,0.30336323
28.340000867843628,68.08777,0.4822398,0.30458403
28.34999918937683,68.08777,0.4822398,0.3058048
28.359999418258667,68.08777,0.4822398,0.30702558
28.369999647140503,68.04777,0.4822398,0.30824634
28.37999987602234,68.01977,0.4822398,0.30946714
28.390000104904175,68.039764,0.4822398,0.3106879
28.40000033378601,68.03177,0.4822398,0.3119087
28.410000562667847,68.01577,0.4822398,0.31312945
28.420000791549683,68.02777,0.4822398,0.31435025
28.429999113082886,68.05177,0.4822398,0.315571
28.43999934196472,68.02777,0.4822398,0.3167918
28.449999570846558,67.97977,0.4822398,0.31801257
28.459999799728394,67.97577,0.4823072,0.31801257
28.47000002861023,67.95977,0.4823072,0.31923336
28.480000257492065,67.94777,0.4823072,0.32045412
28.4900004863739,67.94377,0.4823072,0.3216749
28.500000715255737,67.96377,0.4823072,0.32289568
28.510000944137573,67.97177,0.4823072,0.32411647
28.519999265670776,67.93577,0.4823072,0.32533723
28.529999494552612,67.927765,0.4823072,0.32655802
28.53999972343445,67.95177,0.48237458,0.32655802
28.549999952316284,67.91177,0.48237458,0.3277788
28.56000018119812,67.899765,0.48244196,0.32899958
28.570000410079956,67.89177,0.48244196,0.33022034
28.580000638961792,67.927765,0.48244196,0.33144113
28.590000867843628,67.91977,0.48250932,0.3326619
28.59999918937683,67.927765,0.4825767,0.3326619
28.609999418258667,67.97177,0.48264405,0.3338827
28.619999647140503,67.97577,0.48271143,0.3338827
28.62999987602234,67.955765,0.4827788,0.33510345
28.640000104904175,67.94777,0.48284617,0.33510345
28.65000033378601,67.97977,0.48304826,0.33510345
28.660000562667847,68.02777,0.48331776,0.3338827
28.670000791549683,68.11177,0.48378938,0.3326619
28.679999113082886,68.23977,0.48446307,0.32899958
28.68999934196472,68.46377,0.4853389,0.32411647
28.699999570846558,68.635765,0.4862147,0.31923336
28.709999799728394,68.81177,0.48702314,0.31435025
28.72000002861023,68.97576,0.4878316,0.3106879
28.730000257492065,69.10377,0.4883705,0.30824634
28.7400004863739,69.11176,0.4885727,0.30702558
28.750000715255737,69.123764,0.48870742,0.30702558
28.760000944137573,69.15576,0.48877478,0.30824634
28.769999265670776,69.191765,0.48877478,0.30946714
28.779999494552612,69.219765,0.48877478,0.3106879
28.78999972343445,69.247765,0.48884213,0.3106879
28.799999952316284,69.259766,0.48884213,0.31312945
28.81000018119812,69.25176,0.4889095,0.31312945
28.820000410079956,69.19576,0.48897687,0.31435025
28.830000638961792,69.17976,0.48897687,0.31435025
28.840000867843628,69.163765,0.48904428,0.315571
28.84999918937683,69.175766,0.48917902,0.315571
28.859999418258667,69.18776,0.48924637,0.3167918
28.869999647140503,69.247765,0.48931372,0.3167918
28.87999987602234,69.29576,0.4893811,0.31801257
28.890000104904175,69.315765,0.48958322,0.31801257
28.90000033378601,69.331764,0.4897853,0.3167918
28.910000562667847,69.39177,0.49018955,0.315571
28.920000791549683,69.45177,0.4907285,0.31312945
28.929999113082886,69.55176,0.49133486,0.3106879
28.93999934196472,69.67176,0.4919412,0.30702558
28.949999570846558,69.82376,0.49254757,0.30458403
28.959999799728394,69.99176,0.4932886,0.29970092
28.97000002861023,70.11976,0.4938276,0.29725936
28.980000257492065,70.21176,0.49409705,0.29725936
28.9900004863739,70.235756,0.49416444,0.29725936
29.000000715255737,70.219765,0.49416444,0.29848012
29.010000944137573,70.19976,0.4942318,0.29970092
29.019999265670776,70.21176,0.4942318,0.30092168
29.029999494552612,70.20376,0.4942318,0.30214247
29.03999972343445,70.20376,0.49429914,0.30214247
29.049999952316284,70.20776,0.49436656,0.30336323
29.06000018119812,70.21176,0.49436656,0.30458403
29.070000410079956,70.20776,0.49436656,0.3058048
29.080000638961792,70.191765,0.49443388,0.3058048
29.090000867843628,70.18376,0.4945013,0.30702558
29.09999918937683,70.17176,0.4945013,0.30824634
29.109999418258667,70.15576,0.49456865,0.30824634
29.119999647140503,70.17576,0.49463606,0.30946714
29.12999987602234,70.20376,0.49463606,0.3106879
29.140000104904175,70.21176,0.49470338,0.3106879
29.15000033378601,70.21176,0.49470338,0.3119087
29.160000562667847,70.20376,0.49477074,0.31312945
29.170000791549683,70.20376,0.49477074,0.31435025
29.179999113082886,70.18376,0.49483815,0.31435025
29.18999934196472,70.17176,0.4949055,0.315571
29.199999570846558,70.17576,0.49497288,0.3167918
29.209999799728394,70.21176,0.49504024,0.3167918
29.22000002861023,70.19576,0.49510765,0.31801257
29.230000257492065,70.20376,0.49524233,0.31801257
29.2400004863739,70.247765,0.4953771,0.31801257
29.250000715255737,70.287766,0.49551183,0.31801257
29.260000944137573,70.33576,0.49578133,0.31801257
29.269999265670776,70.347755,0.49598345,0.3167918
29.279999494552612,70.41576,0.49632028,0.315571
29.28999972343445,70.50376,0.4967919,0.31435025
29.299999952316284,70.599754,0.49733084,0.3106879
29.31000018119812,70.72376,0.49793717,0.30824634
29.320000410079956,70.86776,0.49847618,0.3058048
29.330000638961792,70.95576,0.49908248,0.30214247
29.340000867843628,71.05976,0.49955407,0.30092168
29.34999918937683,71.13176,0.49989092,0.29970092
29.359999418258667,71.19176,0.49995834,0.29970092
29.369999647140503,71.15176,0.5000257,0.30092168
29.37999987602234,71.14776,0.5000257,0.30214247
29.390000104904175,71.16376,0.5000257,0.30336323
29.40000033378601,71.19176,0.5000257,0.30458403
29.410000562667847,71.17576,0.5000931,0.30458403
29.420000791549683,71.183754,0.5000931,0.3058048
29.429999113082886,71.183754,0.5000931,0.30702558
29.43999934196472,71.15176,0.5001604,0.30824634
29.449999570846558,71.10376,0.5001604,0.30946714
29.459999799728394,71.10776,0.5001604,0.3106879
29.47000002861023,71.099754,0.5001604,0.3106879
29.480000257492065,71.10776,0.5001604,0.31312945
29.4900004863739,71.099754,0.5001604,0.31312945
29.500000715255737,71.13176,0.5002278,0.31435025
29.510000944137573,71.14375,0.5002278,0.315571
29.519999265670776,71.10376,0.5002278,0.3167918
29.529999494552612,71.09576,0.5002278,0.31801257
29.53999972343445,71.10376,0.50029516,0.31801257
29.549999952316284,71.055756,0.50029516,0.31923336
29.56000018119812,71.04376,0.50029516,0.32045412
29.570000410079956,71.03175,0.50029516,0.3216749
29.580000638961792,71.06776,0.5003625,0.32289568
29.590000867843628,71.071754,0.5003625,0.32411647
29.59999918937683,71.06376,0.5004299,0.32411647
29.609999418258667,71.09176,0.5004973,0.32533723
29.619999647140503,71.07576,0.5004973,0.32655802
29.62999987602234,71.05976,0.50063205,0.32655802
29.640000104904175,71.055756,0.50069934,0.3277788
29.65000033378601,71.08376,0.50076675,0.3277788
29.660000562667847,71.09176,0.5008341,0.3277788
29.670000791549683,71.09176,0.5009015,0.32899958
29.679999113082886,71.111755,0.5009689,0.33022034
29.68999934196472,71.13576,0.5009689,0.33144113
29.699999570846558,71.13176,0.5010363,0.33144113
29.709999799728394,71.12376,0.501171,0.3326619
29.72000002861023,71.12776,0.50123835,0.3326619
29.730000257492065,71.14776,0.5013057,0.3338827
29.7400004863739,71.14776,0.50144047,0.3338827
29.750000715255737,71.17175,0.5016426,0.3338827
29.760000944137573,71.235756,0.5018447,0.3326619
29.769999265670776,71.319756,0.5021816,0.3326619
29.779999494552612,71.40776,0.50272053,0.32899958
29.78999972343445,71.55976,0.5034616,0.32655802
29.799999952316284,71.763756,0.50447214,0.32045412
29.81000018119812,71.999756,0.5057522,0.31312945
29.820000410079956,72.28775,0.507167,0.30336323
29.830000638961792,72.515755,0.50824493,0.29725936
29.840000867843628,72.695755,0.508986,0.29237625
29.84999918937683,72.80375,0.50972706,0.2887139
29.859999418258667,72.93575,0.5103334,0.28627235
29.869999647140503,73.111755,0.5109397,0.28261003
29.87999987602234,73.30375,0.5116135,0.27894768
29.890000104904175,73.47975,0.5123545,0.27528536
29.90000033378601,73.65975,0.5130956,0.27162302
29.910000562667847,73.79575,0.5135672,0.26918146
29.920000791549683,73.811745,0.513702,0.26918146
29.929999113082886,73.75975,0.513702,0.27040225
29.93999934196472,73.70375,0.513702,0.27162302
29.949999570846558,73.70375,0.513702,0.2728438
29.959999799728394,73.70375,0.513702,0.27406457
29.97000002861023,73.73175,0.513702,0.27528536
29.980000257492065,73.77975,0.513702,0.27650613
29.9900004863739,73.79575,0.513702,0.27772692
30.000000715255737,73.75175,0.5137693,0.27894768
30.010000944137573,73.69575,0.5137693,0.27894768
30.019999265670776,73.65575,0.51383674,0.28016847
30.029999494552612,73.62775,0.51383674,0.28138924
30.03999972343445,73.61575,0.51383674,0.28261003
30.049999952316284,73.61175,0.51383674,0.2838308
30.06000018119812,73.67575,0.51383674,0.28505158
30.070000410079956,73.683754,0.51390404,0.28505158
30.080000638961792,73.68775,0.51390404,0.28627235
30.090000867843628,73.66775,0.51390404,0.28749314
30.09999918937683,73.62775,0.5139714,0.2887139
30.109999418258667,73.57575,0.5139714,0.2899347
30.119999647140503,73.52775,0.5139714,0.29115546
30.12999987602234,73.53975,0.5139714,0.29237625
30.140000104904175,73.57575,0.5140388,0.29237625
30.15000033378601,73.59575,0.5140388,0.293597
30.160000562667847,73.61975,0.51410615,0.2948178
30.170000791549683,73.65575,0.51410615,0.29603857
30.179999113082886,73.63575,0.51417357,0.29725936
30.18999934196472,73.587746,0.51417357,0.29725936
30.199999570846558,73.559746,0.5143083,0.29725936
30.209999799728394,73.559746,0.514443,0.29848012
30.22000002861023,73.56775,0.51457775,0.29848012
30.230000257492065,73.59174,0.51464516,0.29848012
30.2400004863739,73.65975,0.51477987,0.29848012
30.250000715255737,73.72775,0.51491463,0.29848012
30.260000944137573,73.76375,0.5151841,0.29848012
30.269999265670776,73.80775,0.51545364,0.29725936
30.279999494552612,73.85975,0.51579046,0.29725936
30.28999972343445,73.90375,0.5161273,0.2948178
30.299999952316284,73.94375,0.5165315,0.293597
30.31000018119812,74.05575,0.5170031,0.29115546
30.320000410079956,74.19175,0.5176094,0.2887139
30.330000638961792,74.367744,0.51835054,0.28505158
30.340000867843628,74.53975,0.519159,0.28138924
30.34999918937683,74.70374,0.51969796,0.27772692
30.359999418258667,74.77975,0.5199,0.27772692
30.369999647140503,74.739746,0.5199,0.27894768
30.37999987602234,74.69175,0.5199,0.28016847
30.390000104904175,74.67574,0.5199,0.28138924
30.40000033378601,74.69175,0.5199,0.28261003
30.410000562667847,74.68375,0.5199,0.28261003
30.420000791549683,74.699745,0.5199,0.2838308
30.429999113082886,74.715744,0.5199,0.28505158
30.43999934196472,74.70374,0.5199,0.28627235
30.449999570846558,74.671745,0.5199,0.28749314
30.459999799728394,74.63574,0.51996744,0.2887139
30.47000002861023,74.615746,0.51996744,0.2899347
30.480000257492065,74.57975,0.51996744,0.29115546
30.4900004863739,74.55575,0.51996744,0.29237625
30.500000715255737,74.59575,0.51996744,0.29237625
30.510000944137573,74.643745,0.5200348,0.293597
30.519999265670776,74.659744,0.5201022,0.2948178
30.529999494552612,74.659744,0.52016956,0.2948178
30.53999972343445,74.65575,0.52016956,0.29603857
30.549999952316284,74.60774,0.52016956,0.29725936
30.56000018119812,74.56374,0.5202369,0.29848012
30.570000410079956,74.55575,0.5202369,0.29970092
30.580000638961792,74.559746,0.5202369,0.30092168
30.590000867843628,74.56374,0.52030426,0.30092168
30.59999918937683,74.575745,0.52030426,0.30214247
30.609999418258667,74.61974,0.5203716,0.30214247
30.619999647140503,74.63974,0.520439,0.30336323
30.62999987602234,74.62775,0.5205064,0.30458403
30.640000104904175,74.603745,0.5205738,0.30458403
30.65000033378601,74.59175,0.52064115,0.3058048
30.660000562667847,74.59975,0.5207759,0.3058048
30.670000791549683,74.615746,0.5209106,0.3058048
30.679999113082886,74.643745,0.5210454,0.30702558
30.68999934196472,74.72375,0.5212475,0.3058048
30.699999570846558,74.75974,0.52144957,0.3058048
30.709999799728394,74.78774,0.5216517,0.3058048
30.72000002861023,74.84775,0.52192116,0.30458403
30.730000257492065,74.91975,0.52232546,0.30336323
30.7400004863739,74.97174,0.5226623,0.30214247
30.750000715255737,74.99574,0.5229317,0.30092168
30.760000944137573,75.03974,0.5232012,0.30092168
30.769999265670776,75.11974,0.5234707,0.29970092
30.779999494552612,75.187744,0.5238076,0.29848012
30.78999972343445,75.29174,0.5242792,0.29725936
30.799999952316284,75.42774,0.5248181,0.2948178
30.81000018119812,75.54374,0.5252897,0.29237625
30.820000410079956,75.559746,0.52562654,0.29115546
30.830000638961792,75.59574,0.52569395,0.29115546
30.840000867843628,75.59574,0.52569395,0.29237625
30.84999918937683,75.547745,0.52569395,0.293597
30.859999418258667,75.53574,0.52569395,0.2948178
30.869999647140503,75.559746,0.5257613,0.29603857
30.87999987602234,75.59975,0.5257613,0.29725936
30.890000104904175,75.59574,0.5257613,0.29848012
30.90000033378601,75.603745,0.52582866,0.29848012
30.910000562667847,75.59574,0.52582866,0.29970092
30.920000791549683,75.54374,0.52582866,0.30092168
30.929999113082886,75.49574,0.5258961,0.30214247
30.93999934196472,75.48775,0.5258961,0.30214247
30.949999570846558,75.51174,0.5259634,0.30336323
30.959999799728394,75.507744,0.5259634,0.30458403
30.97000002861023,75.52775,0.52603084,0.3058048
30.980000257492065,75.55174,0.52603084,0.30702558
30.9900004863739,75.55574,0.52603084,0.30702558
31.000000715255737,75.51174,0.52603084,0.30824634
31.010000944137573,75.48775,0.52609813,0.30946714
31.019999265670776,75.47574,0.52609813,0.3106879
31.029999494552612,75.451744,0.5261655,0.3106879
31.03999972343445,75.451744,0.5261655,0.31312945
31.049999952316284,75.45574,0.5261655,0.31312945
31.06000018119812,75.519745,0.5262329,0.31435025
31.070000410079956,75.51174,0.52630025,0.31435025
31.080000638961792,75.50374,0.52636766,0.315571
31.090000867843628,75.52374,0.526435,0.3167918
31.09999918937683,75.48775,0.526435,0.31801257
31.109999418258667,75.47574,0.52650243,0.31801257
31.119999647140503,75.43174,0.52650243,0.31923336
31.12999987602234,75.45975,0.5265698,0.32045412
31.140000104904175,75.52775,0.5267045,0.32045412
31.15000033378601,75.55174,0.5269066,0.32045412
31.160000562667847,75.60774,0.5271087,0.32045412
31.170000791549683,75.671745,0.52731085,0.31923336
31.179999113082886,75.715744,0.52764773,0.31801257
31.18999934196472,75.75974,0.5280519,0.3167918
31.199999570846558,75.81574,0.5285235,0.31435025
31.209999799728394,75.93974,0.5290625,0.3119087
31.22000002861023,76.04374,0.5296688,0.30946714
31.230000257492065,76.171745,0.5302078,0.30702558
31.2400004863739,76.33974,0.53088146,0.30336323
31.250000715255737,76.49574,0.5314204,0.30092168
31.260000944137573,76.58774,0.5318247,0.29848012
31.269999265670776,76.61574,0.53202677,0.29848012
31.279999494552612,76.62774,0.53202677,0.29970092
31.28999972343445,76.60374,0.53202677,0.30092168
31.299999952316284,76.57174,0.53202677,0.30214247
31.31000018119812,76.56774,0.5320942,0.30214247
31.320000410079956,76.60774,0.5320942,0.30336323
31.330000638961792,76.619736,0.5320942,0.30458403
31.340000867843628,76.61174,0.5320942,0.3058048
31.34999918937683,76.59974,0.5320942,0.30702558
31.359999418258667,76.57974,0.53216153,0.30824634
31.369999647140503,76.54774,0.53216153,0.30946714
31.37999987602234,76.49974,0.53216153,0.3106879
31.390000104904175,76.49974,0.53216153,0.3106879
31.40000033378601,76.51174,0.53216153,0.31312945
31.410000562667847,76.51974,0.53216153,0.31312945
31.420000791549683,76.53974,0.53216153,0.31435025
31.429999113082886,76.53574,0.53216153,0.315571
31.43999934196472,76.51574,0.53216153,0.3167918
31.449999570846558,76.47574,0.53216153,0.31801257
31.459999799728394,76.45574,0.53216153,0.31923336
31.47000002861023,76.43174,0.53216153,0.32045412
31.480000257492065,76.41574,0.53216153,0.3216749
31.4900004863739,76.40774,0.53216153,0.32289568
31.500000715255737,76.45174,0.5322289,0.32411647
31.510000944137573,76.45174,0.5322289,0.32411647
31.519999265670776,76.45574,0.5322963,0.32533723
31.529999494552612,76.45574,0.5322963,0.32655802
31.53999972343445,76.43174,0.5322963,0.3277788
31.549999952316284,76.40774,0.5322963,0.32899958
31.56000018119812,76.37974,0.53236365,0.33022034
31.570000410079956,76.38374,0.53243107,0.33022034
31.580000638961792,76.39974,0.53249836,0.33022034
31.590000867843628,76.42774,0.5325657,0.33144113
31.59999918937683,76.44774,0.5327005,0.33144113
31.609999418258667,76.47174,0.5327005,0.3326619
31.619999647140503,76.47974,0.5327679,0.3338827
31.62999987602234,76.45974,0.5327679,0.33510345
31.640000104904175,76.44374,0.53283525,0.33510345
31.65000033378601,76.44374,0.53290266,0.33632424
31.660000562667847,76.47174,0.53297,0.33632424
31.670000791549683,76.45174,0.5331721,0.337545
31.679999113082886,76.50774,0.5332395,0.337545
31.68999934196472,76.55974,0.53337425,0.337545
31.699999570846558,76.591736,0.53364366,0.33632424
31.709999799728394,76.65174,0.5340479,0.33510345
31.72000002861023,76.73974,0.53451955,0.3326619
31.730000257492065,76.85974,0.5350585,0.33022034
31.7400004863739,76.95174,0.53559744,0.3277788
31.750000715255737,77.04774,0.53613645,0.32533723
31.760000944137573,77.22774,0.5368101,0.32289568
31.769999265670776,77.40774,0.53768593,0.3167918
31.779999494552612,77.58374,0.5386291,0.3119087
31.78999972343445,77.775734,0.5393029,0.30824634
31.799999952316284,77.85973,0.5396397,0.30702558
31.81000018119812,77.91573,0.5400439,0.30458403
31.820000410079956,78.00373,0.5405829,0.30214247
31.830000638961792,78.13973,0.54132396,0.29848012
31.840000867843628,78.33974,0.542065,0.2948178
31.84999918937683,78.48773,0.54273874,0.29115546
31.859999418258667,78.61973,0.5433451,0.2887139
31.870001554489136,78.775734,0.54395145,0.28505158
31.87999987602234,78.89173,0.5444904,0.28261003
31.889998197555542,78.955734,0.5448272,0.28138924
31.90000033378601,78.96373,0.5448946,0.28261003
31.909998655319214,78.94373,0.5448946,0.28261003
31.920000791549683,78.92373,0.544962,0.2838308
31.929999113082886,78.927734,0.544962,0.28505158
31.940001249313354,78.94373,0.54502934,0.28627235
31.949999570846558,78.97173,0.54502934,0.28749314
31.960001707077026,78.93573,0.54502934,0.28749314
31.97000002861023,78.90373,0.54502934,0.2887139
31.979998350143433,78.88373,0.54502934,0.2899347
31.9900004863739,78.84773,0.54509676,0.29115546
31.999998807907104,78.81573,0.54509676,0.29237625
32.01000094413757,78.83974,0.54509676,0.293597
32.019999265670776,78.85173,0.54509676,0.2948178
32.030001401901245,78.86373,0.54509676,0.29603857
32.03999972343445,78.85573,0.54509676,0.29725936
32.05000185966492,78.83974,0.54509676,0.29848012
32.06000018119812,78.83974,0.54509676,0.29848012
32.06999850273132,78.787735,0.5451641,0.29970092
32.08000063896179,78.747734,0.5451641,0.30092168
32.089998960494995,78.74374,0.5451641,0.30214247
32.100001096725464,78.763725,0.5451641,0.30336323
32.10999941825867,78.76773,0.5451641,0.30458403
32.120001554489136,78.76773,0.5451641,0.3058048
32.12999987602234,78.791725,0.5451641,0.30702558
32.13999819755554,78.77973,0.5451641,0.30824634
32.15000033378601,78.719734,0.54523146,0.30824634
32.159998655319214,78.723724,0.5452988,0.30946714
32.17000079154968,78.71573,0.54536617,0.30946714
32.179999113082886,78.69973,0.54536617,0.3106879
32.190001249313354,78.69574,0.5454336,0.3119087
32.19999957084656,78.723724,0.54550093,0.31312945
32.210001707077026,78.76773,0.5456357,0.31312945
32.22000002861023,78.775734,0.5457704,0.31312945
32.22999835014343,78.791725,0.5459052,0.31312945
32.2400004863739,78.87573,0.54617465,0.31312945
32.249998807907104,78.93173,0.5465789,0.3106879
32.26000094413757,78.99973,0.5471178,0.30824634
32.269999265670776,79.13174,0.5477242,0.30458403
32.280001401901245,79.275734,0.54833055,0.30214247
32.28999972343445,79.39573,0.54880214,0.29970092
32.30000185966492,79.47573,0.5493411,0.29725936
32.31000018119812,79.60773,0.5499474,0.2948178
32.31999850273132,79.75573,0.5504863,0.29237625
32.33000063896179,79.81573,0.5508906,0.29115546
32.339998960494995,79.86773,0.55102533,0.2899347
32.350001096725464,79.89573,0.5511601,0.29115546
32.35999941825867,79.91173,0.5512948,0.29115546
32.370001554489136,79.91173,0.5512948,0.29237625
32.37999987602234,79.90772,0.5513622,0.29237625
32.38999819755554,79.93573,0.55142957,0.293597
32.40000033378601,79.959724,0.55142957,0.2948178
32.409998655319214,79.93973,0.55142957,0.29603857
32.42000079154968,79.89973,0.551497,0.29603857
32.429999113082886,79.89573,0.551497,0.29725936
32.440001249313354,79.86773,0.5515643,0.29848012
32.44999957084656,79.87173,0.55169904,0.29848012
32.460001707077026,79.90772,0.5517664,0.29848012
32.47000002861023,79.95173,0.5517664,0.30092168
32.47999835014343,79.943726,0.5518338,0.30092168
32.4900004863739,79.93973,0.55190116,0.30214247
32.499998807907104,79.955734,0.5519686,0.30214247
32.51000094413757,79.96773,0.5520359,0.30336323
32.519999265670776,79.943726,0.55217063,0.30336323
32.530001401901245,79.94772,0.5523054,0.30336323
32.53999972343445,79.98373,0.55237275,0.30458403
32.55000185966492,79.97973,0.5525075,0.30458403
32.56000018119812,80.00773,0.5526422,0.30458403
32.56999850273132,80.04773,0.552777,0.30458403
32.58000063896179,80.07173,0.55291176,0.30458403
32.589998960494995,80.07573,0.5529791,0.3058048
32.600001096725464,80.09172,0.5531812,0.3058048
32.60999941825867,80.13973,0.55331594,0.3058048
32.620001554489136,80.15572,0.55351806,0.3058048
32.62999987602234,80.18372,0.5537202,0.30458403
32.63999819755554,80.25573,0.55398965,0.30458403
32.65000033378601,80.30373,0.5542591,0.30336323
32.659998655319214,80.35572,0.55446124,0.30336323
32.67000079154968,80.37173,0.5547307,0.30214247
32.679999113082886,80.42773,0.55500025,0.30214247
32.690001249313354,80.47973,0.55520236,0.30214247
32.69999957084656,80.51173,0.55547184,0.30092168
32.710001707077026,80.55972,0.55580866,0.29970092
32.72000002861023,80.68373,0.5562803,0.29725936
32.72999835014343,80.75973,0.5565497,0.29725936
32.7400004863739,80.78773,0.55661714,0.29725936
32.749998807907104,80.763725,0.55661714,0.29848012
32.76000094413757,80.75973,0.55661714,0.29970092
32.769999265670776,80.73972,0.55661714,0.30092168
32.780001401901245,80.73972,0.55661714,0.30214247
32.78999972343445,80.71173,0.55661714,0.30336323
32.80000185966492,80.723724,0.55661714,0.30458403
32.81000018119812,80.707726,0.55661714,0.3058048
32.81999850273132,80.68373,0.55661714,0.30702558
32.83000063896179,80.69173,0.55661714,0.30824634
32.839998960494995,80.68373,0.55661714,0.30946714
32.850001096725464,80.65973,0.55661714,0.3106879
32.85999941825867,80.64772,0.55661714,0.3119087
32.870001554489136,80.651726,0.5566845,0.31312945
32.87999987602234,80.64373,0.5566845,0.31312945
32.88999819755554,80.62772,0.5566845,0.31435025
32.90000033378601,80.59173,0.5566845,0.315571
32.909998655319214,80.611725,0.5566845,0.3167918
32.92000079154968,80.583725,0.5566845,0.31801257
32.929999113082886,80.56772,0.5566845,0.31923336
32.940001249313354,80.55173,0.5566845,0.32045412
32.94999957084656,80.543724,0.5566845,0.3216749
32.960001707077026,80.53573,0.5566845,0.32289568
32.97000002861023,80.527725,0.5566845,0.32411647
32.97999835014343,80.53973,0.5566845,0.32533723
32.9900004863739,80.53573,0.5566845,0.32655802
32.999998807907104,80.47973,0.5566845,0.3277788
33.01000094413757,80.487724,0.5566845,0.3277788
33.019999265670776,80.48373,0.5566845,0.33022034
33.030001401901245,80.48373,0.5566845,0.33022034
33.03999972343445,80.471725,0.5566845,0.3326619
33.05000185966492,80.45172,0.5566845,0.3326619
33.06000018119812,80.471725,0.5566845,0.3338827
33.06999850273132,80.44772,0.5566845,0.33510345
33.08000063896179,80.415726,0.5566845,0.33632424
33.089998960494995,80.443726,0.5567519,0.337545
33.100001096725464,80.45573,0.55681926,0.337545
33.10999941825867,80.45573,0.55695397,0.337545
33.120001554489136,80.45172,0.5570213,0.3387658
33.12999987602234,80.49573,0.5571561,0.3387658
33.13999819755554,80.50773,0.55729085,0.3387658
33.15000033378601,80.487724,0.5573582,0.33998656
33.159998655319214,80.515724,0.55742556,0.33998656
33.17000079154968,80.53973,0.5575603,0.34120736
33.179999113082886,80.515724,0.5575603,0.34242812
33.190001249313354,80.51173,0.5576277,0.34242812
33.19999957084656,80.53573,0.5576277,0.3436489
33.210001707077026,80.55972,0.55769503,0.34486967
33.22000002861023,80.571724,0.5578298,0.34486967
33.22999835014343,80.571724,0.55789715,0.34609047
33.2400004863739,80.599724,0.5580319,0.34609047
33.249998807907104,80.623726,0.55823404,0.34609047
33.26000094413757,80.66373,0.5584361,0.34486967
33.269999265670776,80.71173,0.558773,0.34486967
33.280001401901245,80.78773,0.5591098,0.34242812
33.28999972343445,80.89573,0.55971617,0.33998656
33.30000185966492,81.02372,0.5603899,0.33632424
33.31000018119812,81.20373,0.56113094,0.3326619
33.31999850273132,81.37972,0.56180465,0.32899958
33.33000063896179,81.51972,0.5625458,0.32411647
33.339998960494995,81.667725,0.5632868,0.32045412
33.350001096725464,81.80372,0.5637584,0.31801257
33.35999941825867,81.83972,0.5638258,0.31923336
33.370001554489136,81.84372,0.5638258,0.32045412
33.37999987602234,81.82772,0.5638258,0.3216749
33.38999819755554,81.85572,0.5638258,0.32289568
33.40000033378601,81.86372,0.5638258,0.32411647
33.409998655319214,81.82772,0.5638258,0.32533723
33.42000079154968,81.835724,0.5638258,0.32655802
33.429999113082886,81.82372,0.56389314,0.32655802
33.440001249313354,81.779724,0.56396055,0.3277788
33.44999957084656,81.75572,0.5640279,0.3277788
33.460001707077026,81.77572,0.5640279,0.33022034
33.47000002861023,81.80372,0.5640279,0.33022034
33.47999835014343,81.79172,0.56409526,0.33144113
33.4900004863739,81.80372,0.56409526,0.3326619
33.499998807907104,81.82772,0.5641627,0.3326619
33.51000094413757,81.80372,0.5641627,0.3338827
33.519999265670776,81.76372,0.5641627,0.33510345
33.530001401901245,81.73173,0.56423,0.33632424
33.53999972343445,81.76372,0.56423,0.337545
33.55000185966492,81.72372,0.5642974,0.337545
33.56000018119812,81.73173,0.56436473,0.3387658
33.56999850273132,81.78772,0.56456685,0.3387658
33.58000063896179,81.85172,0.5647016,0.3387658
33.589998960494995,81.86372,0.5648363,0.3387658
33.600001096725464,81.875725,0.5649711,0.3387658
33.60999941825867,81.907715,0.5651732,0.3387658
33.620001554489136,81.959724,0.56551003,0.337545
33.62999987602234,82.02372,0.5659816,0.33632424
33.63999819755554,82.15971,0.56665534,0.3326619
33.65000033378601,82.35172,0.56739646,0.3277788
33.659998655319214,82.53572,0.56827223,0.32289568
33.67000079154968,82.72372,0.5692154,0.31801257
33.679999113082886,82.92372,0.56995654,0.31435025
33.690001249313354,82.99972,0.570226,0.31312945
33.69999957084656,82.98371,0.57029337,0.31435025
33.710001707077026,82.95172,0.57029337,0.31435025
33.72000002861023,82.97972,0.57029337,0.3167918
33.72999835014343,83.00772,0.5703608,0.3167918
33.7400004863739,83.01172,0.5703608,0.31801257
33.749998807907104,83.01972,0.5703608,0.31923336
33.76000094413757,83.03571,0.57042813,0.32045412
33.769999265670776,82.99172,0.5704955,0.32045412
33.780001401901245,82.95571,0.5705629,0.3216749
33.78999972343445,82.94372,0.5706302,0.3216749
33.80000185966492,82.95972,0.5706302,0.32289568
33.81000018119812,82.947716,0.5706302,0.32411647
33.81999850273132,82.95571,0.5706976,0.32533723
33.83000063896179,83.01172,0.5708323,0.32533723
33.839998960494995,83.07972,0.5710345,0.32533723
33.850001096725464,83.09572,0.57123655,0.32411647
33.85999941825867,83.13972,0.57157344,0.32289568
33.870001554489136,83.211716,0.5721798,0.32045412
33.87999987602234,83.35972,0.57305557,0.315571
33.88999819755554,83.58372,0.57406616,0.30946714
33.90000033378601,83.867714,0.5754135,0.30214247
33.909998655319214,84.199715,0.5766936,0.2948178
33.92000079154968,84.43171,0.5774347,0.2899347
33.929999113082886,84.49571,0.57770413,0.2887139
33.940001249313354,84.535706,0.57797366,0.2887139
33.94999957084656,84.59972,0.5783105,0.28749314
33.960001707077026,84.65172,0.57857996,0.28627235
33.97000002861023,84.73571,0.5789842,0.28505158
33.97999835014343,84.87572,0.5795232,0.28261003
33.9900004863739,84.99971,0.5802642,0.27894768
33.999998807907104,85.21971,0.58120745,0.2728438
34.01000094413757,85.41571,0.58221805,0.2679607
34.019999265670776,85.57171,0.5826896,0.26551914
34.030001401901245,85.5837,0.582757,0.26551914
34.03999972343445,85.5157,0.582757,0.2667399
34.05000185966492,85.507706,0.582757,0.2679607
34.06000018119812,85.54771,0.582757,0.26918146
34.06999850273132,85.55971,0.582757,0.27040225
34.08000063896179,85.56771,0.582757,0.27162302
34.089998960494995,85.55971,0.582757,0.2728438
34.100001096725464,85.52371,0.582757,0.27406457
34.10999941825867,85.447716,0.582757,0.27528536
34.120001554489136,85.41971,0.582757,0.27650613
34.12999987602234,85.399704,0.582757,0.27772692
34.13999819755554,85.39171,0.582757,0.27894768
34.15000033378601,85.37571,0.582757,0.27894768
34.159998655319214,85.423706,0.582757,0.28138924
34.17000079154968,85.447716,0.582757,0.28138924
34.179999113082886,85.41571,0.582757,0.28261003
34.190001249313354,85.383705,0.582757,0.2838308
34.19999957084656,85.33571,0.582757,0.28505158
34.210001707077026,85.27971,0.582757,0.28627235
34.22000002861023,85.23971,0.582757,0.28749314
34.22999835014343,85.25571,0.582757,0.2887139
34.2400004863739,85.2917,0.582757,0.2899347
34.249998807907104,85.3037,0.582757,0.29115546
34.26000094413757,85.28771,0.582757,0.29237625
34.269999265670776,85.27171,0.582757,0.293597
34.280001401901245,85.25171,0.582757,0.2948178
34.28999972343445,85.19971,0.582757,0.29603857
34.30000185966492,85.147705,0.582757,0.29725936
34.31000018119812,85.17571,0.582757,0.29848012
34.31999850273132,85.159706,0.582757,0.29848012
34.33000063896179,85.17971,0.582757,0.30092168
34.339998960494995,85.187706,0.582757,0.30092168
34.350001096725464,85.20371,0.582757,0.30214247
34.35999941825867,85.16371,0.582757,0.30336323
34.370001554489136,85.119705,0.582757,0.30458403
34.37999987602234,85.047714,0.582757,0.3058048
34.38999819755554,85.06371,0.582757,0.30702558
34.40000033378601,85.04371,0.582757,0.30824634
34.409998655319214,85.047714,0.5828243,0.30946714
34.42000079154968,85.091705,0.5828243,0.3106879
34.429999113082886,85.103714,0.5828243,0.3119087
34.440001249313354,85.08371,0.5828243,0.31312945
34.44999957084656,85.0397,0.5828243,0.31312945
34.460001707077026,85.01571,0.5828243,0.31435025
34.47000002861023,84.97971,0.5828243,0.315571
34.47999835014343,84.94771,0.5828243,0.3167918
34.4900004863739,84.93172,0.5828243,0.31801257
34.499998807907104,84.96771,0.5828243,0.31923336
34.51000094413757,84.991714,0.5828243,0.32045412
34.519999265670776,84.97571,0.5828243,0.3216749
34.530001401901245,84.97971,0.5828243,0.32289568
34.53999972343445,84.95171,0.5828243,0.32411647
34.55000185966492,84.89971,0.5828243,0.32533723
34.56000018119812,84.87572,0.5828243,0.32655802
34.56999850273132,84.88371,0.5828917,0.32655802
34.58000063896179,84.90771,0.5828917,0.3277788
34.589998960494995,84.90372,0.5828917,0.32899958
34.600001096725464,84.91571,0.5828917,0.33022034
34.60999941825867,84.93571,0.5828917,0.33144113
34.620001554489136,84.86771,0.5828917,0.3326619
34.62999987602234,84.823715,0.5828917,0.3338827
34.63999819755554,84.83171,0.58295906,0.3338827
34.65000033378601,84.84771,0.5830938,0.33510345
34.659998655319214,84.83572,0.5831612,0.33510345
34.67000079154968,84.87171,0.5832286,0.33632424
34.679999113082886,84.923706,0.58329594,0.33632424
34.690001249313354,84.9717,0.58343065,0.337545
34.69999957084656,84.97571,0.5835654,0.337545
34.710001707077026,84.98771,0.58383495,0.337545
34.72000002861023,85.04371,0.58410436,0.33632424
34.72999835014343,85.107704,0.58457595,0.3338827
34.7400004863739,85.22771,0.5853844,0.33022034
34.749998807907104,85.467705,0.586395,0.32411647
34.76000094413757,85.79171,0.58780974,0.315571
34.769999265670776,86.147705,0.5890898,0.30702558
34.780001401901245,86.3317,0.5898309,0.30336323
34.78999972343445,86.399704,0.58996564,0.30336323
34.80000185966492,86.38771,0.58996564,0.30458403
34.81000018119812,86.343704,0.58996564,0.3058048
34.81999850273132,86.355705,0.58996564,0.30702558
34.83000063896179,86.371704,0.58996564,0.30824634
34.839998960494995,86.411705,0.58996564,0.30946714
34.850001096725464,86.38771,0.590033,0.30946714
34.85999941825867,86.3797,0.590033,0.3106879
34.870001554489136,86.38771,0.5901004,0.3119087
34.87999987602234,86.34771,0.59016776,0.31312945
34.88999819755554,86.28371,0.5902351,0.31312945
34.90000033378601,86.30771,0.5903698,0.31312945
34.909998655319214,86.343704,0.5905046,0.31312945
34.92000079154968,86.395706,0.59063935,0.31435025
34.929999113082886,86.47571,0.5909088,0.31312945
34.940001249313354,86.57571,0.5912457,0.3119087
34.94999957084656,86.6437,0.5917173,0.30946714
34.960001707077026,86.7517,0.59232366,0.30702558
34.97000002861023,86.85171,0.5931321,0.30214247
34.97999835014343,87.04771,0.5939405,0.29848012
34.9900004863739,87.1797,0.5946142,0.2948178
34.999998807907104,87.231705,0.594749,0.2948178
35.01000094413757,87.2717,0.594749,0.29603857
35.019999265670776,87.29171,0.594749,0.29725936
35.030001401901245,87.2837,0.594749,0.29848012
35.03999972343445,87.287704,0.5948163,0.29848012
35.05000185966492,87.2717,0.5948163,0.29970092
35.06000018119812,87.2557,0.5948163,0.30092168
35.06999850273132,87.1797,0.5948163,0.30214247
35.08000063896179,87.1557,0.5948163,0.30336323
35.089998960494995,87.17171,0.5948163,0.30458403
35.100001096725464,87.159706,0.5948163,0.3058048
35.10999941825867,87.1557,0.5948163,0.30702558
35.120001554489136,87.1797,0.5948163,0.30824634
35.12999987602234,87.1877,0.59488374,0.30824634
35.13999819755554,87.1757,0.59488374,0.30946714
35.15000033378601,87.1397,0.5949511,0.3106879
35.159998655319214,87.1357,0.5949511,0.3119087
35.17000079154968,87.10771,0.5950184,0.31312945
35.179999113082886,87.10771,0.5950184,0.31312945
35.190001249313354,87.10371,0.5950184,0.31435025
35.19999957084656,87.1237,0.5950184,0.315571
35.210001707077026,87.1397,0.5950858,0.3167918
35.22000002861023,87.1277,0.59515315,0.3167918
35.22999835014343,87.0957,0.59515315,0.31801257
35.2400004863739,87.091705,0.59522057,0.31923336
35.249998807907104,87.07571,0.5952879,0.31923336
35.26000094413757,87.06771,0.5952879,0.32045412
35.269999265670776,87.0717,0.59535533,0.3216749
35.280001401901245,87.091705,0.59535533,0.32289568
35.28999972343445,87.10371,0.59549004,0.32289568
35.30000185966492,87.1237,0.5955574,0.32411647
35.31000018119812,87.1557,0.59569216,0.32411647
35.31999850273132,87.1677,0.5958943,0.32411647
35.33000063896179,87.17171,0.59609634,0.32289568
35.339998960494995,87.2197,0.5964332,0.32289568
35.350001096725464,87.2717,0.5967027,0.3216749
35.35999941825867,87.3517,0.5970396,0.32045412
35.370001554489136,87.4397,0.5974438,0.31801257
35.37999987602234,87.5477,0.59798276,0.3167918
35.38999819755554,87.7237,0.5985217,0.31435025
35.40000033378601,87.843704,0.5991955,0.30946714
35.409998655319214,87.9877,0.6000039,0.3058048
35.42000079154968,88.2077,0.60087967,0.30092168
35.429999113082886,88.3157,0.601486,0.29848012
35.440001249313354,88.3837,0.6016208,0.29725936
35.44999957084656,88.3797,0.6016208,0.29848012
35.460001707077026,88.387695,0.6016208,0.29970092
35.47000002861023,88.387695,0.6016208,0.30092168
35.47999835014343,88.3917,0.6016208,0.30214247
35.4900004863739,88.40771,0.6016208,0.30336323
35.499998807907104,88.3917,0.6016208,0.30458403
35.51000094413757,88.3397,0.6016208,0.3058048
35.519999265670776,88.2957,0.6016208,0.30702558
35.530001401901245,88.275696,0.60168815,0.30824634
35.53999972343445,88.2837,0.60168815,0.30824634
35.55000185966492,88.2677,0.60168815,0.3106879
35.56000018119812,88.275696,0.60168815,0.3106879
35.56999850273132,88.2957,0.60168815,0.31312945
35.58000063896179,88.287704,0.60175556,0.31312945
35.589998960494995,88.259705,0.60175556,0.31435025
35.600001096725464,88.2277,0.60175556,0.315571
35.60999941825867,88.2397,0.6018229,0.315571
35.620001554489136,88.2117,0.6018902,0.3167918
35.62999987602234,88.1917,0.6018902,0.31801257
35.63999819755554,88.223694,0.6019576,0.31801257
35.65000033378601,88.263695,0.6020924,0.31801257
35.659998655319214,88.2797,0.60215974,0.32045412
35.67000079154968,88.287704,0.60215974,0.32045412
35.679999113082886,88.2797,0.60222715,0.3216749
35.690001249313354,88.25169,0.6022945,0.3216749
35.69999957084656,88.2277,0.60249656,0.32289568
35.710001707077026,88.2557,0.60263133,0.3216749
35.72000002861023,88.3357,0.60290086,0.3216749
35.72999835014343,88.4037,0.6032377,0.32045412
35.7400004863739,88.4957,0.6035745,0.31923336
35.749998807907104,88.591705,0.60397875,0.31801257
35.76000094413757,88.6557,0.6041809,0.3167918
35.769999265670776,88.6837,0.60451776,0.315571
35.780001401901245,88.76769,0.6050567,0.31312945
35.78999972343445,88.915695,0.605663,0.3106879
35.80000185966492,89.0437,0.6063367,0.30702558
35.81000018119812,89.19169,0.6070104,0.30336323
35.81999850273132,89.319695,0.607482,0.30092168
35.83000063896179,89.41969,0.6076842,0.30092168
35.839998960494995,89.3997,0.6076842,0.30214247
35.850001096725464,89.387695,0.6077515,0.30214247
35.85999941825867,89.3957,0.6077515,0.30336323
35.870001554489136,89.3837,0.6077515,0.30458403
35.87999987602234,89.35169,0.6077515,0.3058048
35.88999819755554,89.3477,0.6077515,0.30702558
35.90000033378601,89.36369,0.6077515,0.30824634
35.909998655319214,89.3477,0.60781884,0.30946714
35.92000079154968,89.3277,0.60781884,0.3106879
35.929999113082886,89.29969,0.60781884,0.3119087
35.940001249313354,89.303696,0.60788625,0.3119087
35.94999957084656,89.2877,0.60788625,0.31312945
35.960001707077026,89.2677,0.60788625,0.31435025
35.97000002861023,89.2797,0.60788625,0.315571
35.97999835014343,89.28369,0.60788625,0.3167918
35.9900004863739,89.2797,0.60788625,0.31801257
35.999998807907104,89.2597,0.60788625,0.31923336
36.01000094413757,89.247696,0.60788625,0.32045412
36.019999265670776,89.223694,0.6079536,0.32045412
36.030001401901245,89.195694,0.6079536,0.3216749
36.03999972343445,89.19169,0.6079536,0.32289568
36.05000185966492,89.2037,0.608021,0.32411647
36.06000018119812,89.19169,0.608021,0.32533723
36.06999850273132,89.179695,0.608021,0.32655802
36.08000063896179,89.1877,0.608021,0.3277788
36.089998960494995,89.18369,0.608021,0.3277788
36.100001096725464,89.15569,0.6080884,0.32899958
36.10999941825867,89.151695,0.6080884,0.33022034
36.120001554489136,89.151695,0.6081558,0.33144113
36.12999987602234,89.163704,0.6081558,0.3326619
36.13999819755554,89.15569,0.60822314,0.3326619
36.15000033378601,89.1437,0.60829043,0.3338827
36.159998655319214,89.19169,0.60835785,0.3338827
36.17000079154968,89.18369,0.6084252,0.33510345
36.179999113082886,89.1877,0.6086273,0.3338827
36.190001249313354,89.2397,0.6088968,0.3338827
36.19999957084656,89.319695,0.6093684,0.33144113
36.210001707077026,89.4397,0.6101095,0.3277788
36.22000002861023,89.6757,0.61112005,0.32289568
36.22999835014343,89.95169,0.6124001,0.31435025
36.2400004863739,90.2877,0.6136801,0.30702558
36.249998807907104,90.539696,0.61469066,0.30092168
36.26000094413757,90.68369,0.6154318,0.29725936
36.269999265670776,90.87169,0.6162402,0.29237625
36.280001401901245,91.04369,0.61718345,0.28749314
36.28999972343445,91.24769,0.61812663,0.28261003
36.30000185966492,91.515686,0.6190024,0.27772692
36.31000018119812,91.70769,0.6197435,0.2728438
36.31999850273132,91.81169,0.62008035,0.27162302
36.33000063896179,91.823685,0.62008035,0.2728438
36.339998960494995,91.80369,0.62008035,0.27406457
36.350001096725464,91.795685,0.62008035,0.27528536
36.35999941825867,91.74769,0.62008035,0.27650613
36.370001554489136,91.727684,0.62008035,0.27772692
36.37999987602234,91.74369,0.62008035,0.27894768
36.38999819755554,91.739685,0.62008035,0.27894768
36.40000033378601,91.727684,0.62008035,0.28138924
36.409998655319214,91.70769,0.62008035,0.28138924
36.42000079154968,91.66769,0.62008035,0.28261003
36.429999113082886,91.63969,0.62008035,0.2838308
36.440001249313354,91.60369,0.62008035,0.28505158
36.44999957084656,91.60768,0.62008035,0.28627235
36.460001707077026,91.60768,0.62008035,0.28749314
36.47000002861023,91.58369,0.62008035,0.2887139
36.47999835014343,91.57968,0.62008035,0.2899347
36.4900004863739,91.58769,0.62008035,0.29115546
36.499998807907104,91.56769,0.62008035,0.29237625
36.51000094413757,91.515686,0.62008035,0.293597
36.519999265670776,91.48369,0.62008035,0.2948178
36.530001401901245,91.46769,0.62008035,0.29603857
36.53999972343445,91.47969,0.62008035,0.29725936
36.55000185966492,91.475685,0.62008035,0.29848012
36.56000018119812,91.491684,0.62008035,0.29848012
36.56999850273132,91.503685,0.62008035,0.30092168
36.58000063896179,91.447685,0.62008035,0.30092168
36.589998960494995,91.407684,0.62008035,0.30214247
36.600001096725464,91.403694,0.62008035,0.30336323
36.60999941825867,91.36369,0.62008035,0.30458403
36.620001554489136,91.35169,0.62008035,0.3058048
36.62999987602234,91.33969,0.62008035,0.30702558
36.63999819755554,91.35568,0.62008035,0.30824634
36.65000033378601,91.33569,0.62008035,0.30946714
36.659998655319214,91.32369,0.62008035,0.3106879
36.67000079154968,91.31569,0.62008035,0.3119087
36.679999113082886,91.29569,0.62008035,0.31312945
36.690001249313354,91.2597,0.62008035,0.31435025
36.69999957084656,91.23569,0.62008035,0.315571
36.710001707077026,91.24369,0.62008035,0.3167918
36.72000002861023,91.23569,0.62008035,0.31801257
36.72999835014343,91.22769,0.62008035,0.31801257
36.7400004863739,91.22769,0.62008035,0.32045412
36.749998807907104,91.23169,0.62008035,0.32045412
36.76000094413757,91.18769,0.62008035,0.32289568
36.769999265670776,91.171684,0.62008035,0.32289568
36.780001401901245,91.155685,0.62008035,0.32411647
36.78999972343445,91.139694,0.62008035,0.32533723
36.80000185966492,91.13169,0.62008035,0.32655802
36.81000018119812,91.151695,0.62008035,0.3277788
36.81999850273132,91.14769,0.62008035,0.32899958
36.83000063896179,91.13569,0.62008035,0.33022034
36.839998960494995,91.111694,0.62008035,0.33144113
36.850001096725464,91.07969,0.62008035,0.3326619
36.85999941825867,91.06769,0.62008035,0.3338827
36.870001554489136,91.04769,0.62008035,0.33510345
36.87999987602234,91.03568,0.62008035,0.33632424
36.88999819755554,91.03568,0.62008035,0.337545
36.90000033378601,91.04769,0.62008035,0.3387658
36.909998655319214,91.03969,0.62008035,0.33998656
36.92000079154968,91.02769,0.62008035,0.34120736
36.929999113082886,91.02769,0.62008035,0.34242812
36.940001249313354,91.01169,0.62008035,0.34242812
36.94999957084656,90.97169,0.6201477,0.3436489
36.960001707077026,90.96369,0.6201477,0.34486967
36.97000002861023,90.95969,0.6201477,0.34609047
36.97999835014343,90.97569,0.6201477,0.34731123
36.9900004863739,90.9677,0.6202151,0.34731123
36.999998807907104,90.97169,0.6202151,0.34853202
37.01000094413757,90.97169,0.6202825,0.34975278
37.019999265670776,90.93969,0.6202825,0.35097358
37.030001401901245,90.919685,0.6203499,0.35219434
37.03999972343445,90.94369,0.6203499,0.35219434
37.05000185966492,90.95569,0.62041724,0.35341513
37.06000018119812,90.96369,0.6206193,0.35341513
37.06999850273132,90.99169,0.62075406,0.35341513
37.08000063896179,91.07568,0.62102354,0.35219434
37.089998960494995,91.139694,0.6214278,0.35097358
37.100001096725464,91.27169,0.6222362,0.34731123
37.10999941825867,91.487686,0.62331414,0.34120736
37.120001554489136,91.77569,0.6243921,0.3338827
37.12999987602234,91.987686,0.62547004,0.3277788
37.13999819755554,92.20769,0.6264806,0.32289568
37.15000033378601,92.37568,0.62708694,0.31801257
37.159998655319214,92.49969,0.62742376,0.31801257
37.17000079154968,92.52769,0.6276259,0.3167918
37.179999113082886,92.54768,0.6276933,0.31801257
37.190001249313354,92.60368,0.62776065,0.31801257
37.19999957084656,92.60768,0.627828,0.31923336
37.210001707077026,92.61169,0.6279627,0.31923336
37.22000002861023,92.63569,0.6281648,0.31923336
37.22999835014343,92.66768,0.6284343,0.31801257
37.2400004863739,92.69169,0.62870383,0.31801257
37.249998807907104,92.739685,0.6289733,0.3167918
37.26000094413757,92.81169,0.6293102,0.3167918
37.269999265670776,92.90768,0.6295796,0.315571
37.280001401901245,92.975685,0.6299165,0.31435025
37.28999972343445,93.03968,0.6303207,0.31312945
37.30000185966492,93.131676,0.63065755,0.3119087
37.31000018119812,93.227684,0.6310618,0.30946714
37.31999850273132,93.27968,0.6313987,0.30824634
37.33000063896179,93.28368,0.63153344,0.30824634
37.339998960494995,93.295685,0.63160074,0.30946714
37.350001096725464,93.27168,0.63160074,0.3106879
37.35999941825867,93.27968,0.63160074,0.3119087
37.370001554489136,93.29168,0.63160074,0.31312945
37.37999987602234,93.29968,0.6316681,0.31312945
37.38999819755554,93.28368,0.6316681,0.31435025
37.40000033378601,93.23968,0.6317355,0.315571
37.409998655319214,93.22369,0.6317355,0.3167918
37.42000079154968,93.227684,0.6317355,0.31801257
37.429999113082886,93.21568,0.63180286,0.31801257
37.440001249313354,93.21168,0.63187027,0.31923336
37.44999957084656,93.23968,0.6319376,0.32045412
37.460001707077026,93.27168,0.632005,0.32045412
37.47000002861023,93.25968,0.632005,0.3216749
37.47999835014343,93.24769,0.6320724,0.32289568
37.4900004863739,93.26768,0.6322071,0.32289568
37.499998807907104,93.255684,0.63227445,0.32289568
37.51000094413757,93.21568,0.63234186,0.32411647
37.519999265670776,93.23968,0.6324092,0.32411647
37.530001401901245,93.27569,0.632544,0.32411647
37.53999972343445,93.30768,0.6326787,0.32533723
37.55000185966492,93.31168,0.6326787,0.32655802
37.56000018119812,93.31968,0.63274604,0.32655802
37.56999850273132,93.30768,0.63281345,0.3277788
37.58000063896179,93.27569,0.6328808,0.3277788
37.589998960494995,93.27569,0.63294816,0.32899958
37.600001096725464,93.28768,0.6330156,0.33022034
37.60999941825867,93.29168,0.6330829,0.33022034
37.620001554489136,93.28768,0.6331503,0.33144113
37.62999987602234,93.33168,0.633285,0.33144113
37.63999819755554,93.36768,0.63341975,0.33144113
37.65000033378601,93.379684,0.63362193,0.33144113
37.659998655319214,93.40368,0.633824,0.33144113
37.67000079154968,93.46768,0.6342956,0.32899958
37.679999113082886,93.59568,0.63490194,0.32655802
37.690001249313354,93.75568,0.63557565,0.32289568
37.69999957084656,93.89968,0.63624936,0.31801257
37.710001707077026,94.08768,0.6369904,0.315571
37.72000002861023,94.23568,0.6375967,0.3119087
37.72999835014343,94.327675,0.6380683,0.30946714
37.7400004863739,94.35968,0.6382031,0.30946714
37.749998807907104,94.35968,0.6382031,0.3106879
37.76000094413757,94.34768,0.6382031,0.3119087
37.769999265670776,94.33568,0.6382031,0.31312945
37.780001401901245,94.34368,0.6382031,0.31435025
37.78999972343445,94.367676,0.6382705,0.315571
37.80000185966492,94.34368,0.6382705,0.3167918
37.81000018119812,94.31168,0.6382705,0.31801257
37.81999850273132,94.30768,0.6382705,0.31801257
37.83000063896179,94.295685,0.63833785,0.31923336
37.839998960494995,94.27168,0.63833785,0.32045412
37.850001096725464,94.26368,0.6384052,0.3216749
37.85999941825867,94.287674,0.6384052,0.32289568
37.870001554489136,94.287674,0.63847256,0.32289568
37.87999987602234,94.287674,0.63847256,0.32411647
37.88999819755554,94.295685,0.6386073,0.32411647
37.90000033378601,94.28368,0.6386747,0.32533723
37.909998655319214,94.27568,0.6387421,0.32533723
37.92000079154968,94.25168,0.63880944,0.32655802
37.929999113082886,94.259674,0.6388768,0.32655802
37.940001249313354,94.28368,0.6389442,0.3277788
37.94999957084656,94.30368,0.6390115,0.3277788
37.960001707077026,94.323685,0.6390789,0.32899958
37.97000002861023,94.34768,0.63914627,0.33022034
37.97999835014343,94.327675,0.6392136,0.33144113
37.9900004863739,94.30368,0.63928103,0.33144113
37.999998807907104,94.295685,0.6393484,0.3326619
38.01000094413757,94.299675,0.6394158,0.3326619
38.019999265670776,94.327675,0.63961786,0.3326619
38.030001401901245,94.37968,0.63995475,0.33144113
38.03999972343445,94.48768,0.64042634,0.32899958
38.05000185966492,94.66768,0.6411674,0.32533723
38.06000018119812,94.87968,0.64217794,0.32045412
38.06999850273132,95.131676,0.64339066,0.3119087
38.08000063896179,95.44367,0.6448728,0.30336323
38.089998960494995,95.73567,0.64608544,0.29603857
38.100001096725464,95.89967,0.64682657,0.29115546
38.10999941825867,96.05567,0.6475002,0.2887139
38.120001554489136,96.22767,0.6481739,0.28505158
38.12999987602234,96.371666,0.6486455,0.28261003
38.13999819755554,96.48367,0.6491845,0.28016847
38.15000033378601,96.595665,0.6496561,0.27772692
38.159998655319214,96.73167,0.65019506,0.27528536
38.17000079154968,96.81167,0.650734,0.2728438
38.179999113082886,96.855675,0.65107095,0.27162302
38.190001249313354,96.90367,0.6511383,0.2728438
38.19999957084656,96.87967,0.6511383,0.2728438
38.210001707077026,96.86367,0.6512056,0.27406457
38.22000002861023,96.86767,0.6512056,0.27528536
38.22999835014343,96.87967,0.6512056,0.27650613
38.2400004863739,96.883675,0.6512056,0.27772692
38.249998807907104,96.859665,0.6512056,0.27894768
38.26000094413757,96.80367,0.6512056,0.28016847
38.269999265670776,96.77167,0.6512056,0.28138924
38.280001401901245,96.72767,0.6512056,0.28261003
38.28999972343445,96.70367,0.651273,0.28261003
38.30000185966492,96.72767,0.651273,0.2838308
38.31000018119812,96.75167,0.651273,0.28505158
38.31999850273132,96.75167,0.651273,0.28627235
38.33000063896179,96.72767,0.651273,0.28749314
38.339998960494995,96.70367,0.651273,0.2887139
38.350001096725464,96.663666,0.651273,0.2899347
38.35999941825867,96.607666,0.651273,0.29115546
38.370001554489136,96.57967,0.651273,0.29237625
38.37999987602234,96.603676,0.65134037,0.29237625
38.38999819755554,96.58367,0.65134037,0.293597
38.40000033378601,96.591675,0.65134037,0.2948178
38.409998655319214,96.631676,0.65134037,0.29603857
38.42000079154968,96.619675,0.6514078,0.29725936
38.429999113082886,96.55967,0.6514078,0.29848012
38.440001249313354,96.523674,0.6514078,0.29970092
38.44999957084656,96.50767,0.6514078,0.30092168
38.460001707077026,96.51167,0.6514078,0.30092168
38.47000002861023,96.49967,0.65147513,0.30214247
38.47999835014343,96.51967,0.65147513,0.30336323
38.4900004863739,96.535675,0.6515425,0.30458403
38.499998807907104,96.53167,0.6516099,0.30458403
38.51000094413757,96.50367,0.65167725,0.3058048
38.519999265670776,96.495674,0.65167725,0.30702558
38.530001401901245,96.47567,0.6517446,0.30702558
38.53999972343445,96.45968,0.6517446,0.30824634
38.55000185966492,96.47567,0.6518794,0.30824634
38.56000018119812,96.51567,0.6520141,0.30824634
38.56999850273132,96.55967,0.6520141,0.3106879
38.58000063896179,96.53167,0.6520815,0.3106879
38.589998960494995,96.53167,0.65214884,0.3119087
38.600001096725464,96.53167,0.65221626,0.3119087
38.60999941825867,96.523674,0.6524183,0.31312945
38.620001554489136,96.50367,0.6525531,0.3119087
38.62999987602234,96.52768,0.65262043,0.31312945
38.63999819755554,96.59967,0.6527552,0.31312945
38.65000033378601,96.65167,0.6530247,0.3119087
38.659998655319214,96.67967,0.6533615,0.3119087
38.67000079154968,96.79967,0.65376574,0.30946714
38.679999113082886,96.899666,0.65423733,0.30702558
38.690001249313354,96.96368,0.6547089,0.30458403
38.69999957084656,97.06767,0.6553153,0.30214247
38.710001707077026,97.22767,0.65605634,0.29848012
38.72000002861023,97.42367,0.6569322,0.293597
38.72999835014343,97.59967,0.65767324,0.2899347
38.7400004863739,97.69967,0.6579427,0.2887139
38.749998807907104,97.75567,0.6579427,0.2899347
38.76000094413757,97.71967,0.6580101,0.29115546
38.769999265670776,97.68366,0.6580101,0.29115546
38.780001401901245,97.67166,0.6580101,0.29237625
38.78999972343445,97.69566,0.6580101,0.293597
38.80000185966492,97.663666,0.6580774,0.2948178
38.81000018119812,97.65566,0.6580774,0.29603857
38.81999850273132,97.67967,0.6580774,0.29725936
38.83000063896179,97.65167,0.65814483,0.29725936
38.839998960494995,97.62767,0.65814483,0.29848012
38.850001096725464,97.61566,0.65814483,0.29970092
38.85999941825867,97.61967,0.6582122,0.30092168
38.870001554489136,97.595665,0.6582122,0.30214247
38.87999987602234,97.57167,0.6582796,0.30214247
38.88999819755554,97.59167,0.6582796,0.30336323
38.90000033378601,97.58767,0.65834695,0.30458403
38.909998655319214,97.58367,0.65834695,0.3058048
38.92000079154968,97.58767,0.6584143,0.3058048
38.929999113082886,97.575676,0.6584817,0.30702558
38.940001249313354,97.575676,0.6584817,0.30824634
38.94999957084656,97.555664,0.6585491,0.30824634
38.960001707077026,97.555664,0.6586164,0.30946714
38.97000002861023,97.57167,0.6586164,0.3106879
38.97999835014343,97.56367,0.6586838,0.3106879
38.9900004863739,97.555664,0.65881854,0.3119087
38.999998807907104,97.56367,0.6588859,0.3119087
39.01000094413757,97.595665,0.6589533,0.31312945
39.019999265670776,97.58367,0.65902066,0.31312945
39.030001401901245,97.579666,0.65915537,0.31312945
39.03999972343445,97.62767,0.6593575,0.31312945
39.05000185966492,97.67567,0.65955967,0.31312945
39.06000018119812,97.69566,0.6596943,0.31312945
39.06999850273132,97.74767,0.65996385,0.31312945
39.08000063896179,97.819664,0.6603681,0.3119087
39.089998960494995,97.91167,0.660705,0.30946714
39.100001096725464,97.95167,0.6610418,0.30824634
39.10999941825867,98.027664,0.661446,0.30702558
39.120001554489136,98.13167,0.66191757,0.30458403
39.12999987602234,98.27167,0.6625913,0.30214247
39.13999819755554,98.38367,0.66326505,0.29848012
39.15000033378601,98.53566,0.66373664,0.29603857
39.159998655319214,98.60366,0.66387135,0.29603857
39.17000079154968,98.57566,0.66387135,0.29725936
39.179999113082886,98.56367,0.6639387,0.29848012
39.190001249313354,98.57166,0.6639387,0.29848012
39.19999957084656,98.55966,0.6639387,0.30092168
39.210001707077026,98.55966,0.6639387,0.30092168
39.22000002861023,98.555664,0.66400605,0.30214247
39.22999835014343,98.54367,0.66400605,0.30336323
39.2400004863739,98.527664,0.66400605,0.30458403
39.249998807907104,98.483665,0.66400605,0.3058048
39.26000094413757,98.46367,0.66400605,0.30702558
39.269999265670776,98.46766,0.66400605,0.30824634
39.280001401901245,98.45166,0.66400605,0.30824634
39.28999972343445,98.44767,0.66400605,0.3106879
39.30000185966492,98.46367,0.66400605,0.3106879
39.31000018119812,98.443665,0.66400605,0.31312945
39.31999850273132,98.415665,0.66400605,0.31312945
39.33000063896179,98.387665,0.66400605,0.31435025
39.339998960494995,98.37967,0.66407347,0.315571
39.350001096725464,98.359665,0.66407347,0.3167918
39.35999941825867,98.359665,0.6641408,0.3167918
39.370001554489136,98.37566,0.6641408,0.31801257
39.37999987602234,98.36767,0.66420823,0.31923336
39.38999819755554,98.37566,0.6642756,0.32045412
39.40000033378601,98.371666,0.66434294,0.32045412
39.409998655319214,98.38367,0.66441035,0.32045412
39.42000079154968,98.387665,0.66441035,0.32289568
39.429999113082886,98.33967,0.66447765,0.32289568
39.440001249313354,98.35567,0.66454506,0.32411647
39.44999957084656,98.38367,0.6646798,0.32411647
39.460001707077026,98.40767,0.66488194,0.32411647
39.47000002861023,98.45166,0.66501665,0.32411647
39.47999835014343,98.47567,0.6652188,0.32411647
39.4900004863739,98.52367,0.6654209,0.32289568
39.499998807907104,98.55966,0.6657577,0.32289568
39.51000094413757,98.611664,0.6662293,0.32045412
39.519999265670776,98.73966,0.66663355,0.31801257
39.530001401901245,98.859665,0.6671725,0.315571
39.53999972343445,98.98366,0.66777885,0.31312945
39.55000185966492,99.111664,0.6683178,0.3106879
39.56000018119812,99.27566,0.66892415,0.30702558
39.56999850273132,99.38366,0.66939574,0.30458403
39.58000063896179,99.455666,0.6697326,0.30458403
39.589998960494995,99.47566,0.6699347,0.30336323
39.600001096725464,99.49166,0.6700021,0.30458403
39.60999941825867,99.46366,0.6700021,0.3058048
39.620001554489136,99.46766,0.6700021,0.30702558
39.62999987602234,99.471664,0.6700021,0.30824634
39.63999819755554,99.49567,0.6700021,0.30824634
39.65000033378601,99.45166,0.67006946,0.30946714
39.659998655319214,99.43566,0.67006946,0.3106879
39.67000079154968,99.427666,0.67006946,0.3119087
39.679999113082886,99.40765,0.67013687,0.31312945
39.690001249313354,99.387665,0.67013687,0.31435025
39.69999957084656,99.38366,0.67013687,0.31435025
39.710001707077026,99.39566,0.67013687,0.3167918
39.72000002861023,99.38366,0.67013687,0.3167918
39.72999835014343,99.37566,0.67013687,0.31801257
39.7400004863739,99.347664,0.67013687,0.31923336
39.749998807907104,99.34366,0.67013687,0.32045412
39.76000094413757,99.31167,0.67013687,0.3216749
39.769999265670776,99.27566,0.67013687,0.32289568
39.780001401901245,99.28766,0.67013687,0.32411647
39.78999972343445,99.28766,0.67013687,0.32533723
39.80000185966492,99.28366,0.67013687,0.32655802
39.81000018119812,99.26766,0.6702042,0.32655802
39.81999850273132,99.26366,0.6702042,0.3277788
39.83000063896179,99.24367,0.6702715,0.32899958
39.839998960494995,99.19966,0.6702715,0.33022034
39.850001096725464,99.18366,0.6702715,0.33144113
39.85999941825867,99.191666,0.6703389,0.3326619
39.870001554489136,99.207664,0.6704063,0.3326619
39.87999987602234,99.19966,0.6704063,0.3338827
39.88999819755554,99.24367,0.6704737,0.3338827
39.90000033378601,99.25166,0.67060846,0.33510345
39.909998655319214,99.25166,0.6706758,0.33510345
39.92000079154968,99.22766,0.6706758,0.33632424
39.929999113082886,99.23566,0.67074317,0.337545
39.940001249313354,99.21566,0.67074317,0.3387658
39.94999957084656,99.21566,0.6708105,0.3387658
39.960001707077026,99.22766,0.6708779,0.33998656
39.97000002861023,99.26766,0.6709453,0.33998656
39.97999835014343,99.24766,0.67101264,0.34120736
39.9900004863739,99.26766,0.6711474,0.34120736
39.999998807907104,99.27966,0.6712822,0.34120736
40.01000094413757,99.32766,0.67148423,0.34120736
40.019999265670776,99.37566,0.6718885,0.33998656
40.030001401901245,99.47966,0.6724274,0.337545
40.03999972343445,99.63566,0.6730338,0.3338827
40.05000185966492,99.79166,0.6736401,0.33144113
40.06000018119812,99.91166,0.67424643,0.3277788
40.06999850273132,100.08366,0.67498755,0.32411647
40.08000063896179,100.26366,0.67593074,0.31801257
40.089998960494995,100.459656,0.67673916,0.31435025
40.100001096725464,100.57565,0.6772781,0.3119087
40.10999941825867,100.65966,0.67754763,0.3106879
40.120001554489136,100.71966,0.6777497,0.3106879
40.12999987602234,100.75966,0.6780192,0.3106879
40.13999819755554,100.835655,0.6784234,0.30824634
40.15000033378601,100.975655,0.6789624,0.3058048
40.159998655319214,101.14765,0.6797035,0.30214247
40.17000079154968,101.29966,0.6805119,0.29848012
40.179999113082886,101.419655,0.68118566,0.293597
40.190001249313354,101.599655,0.6818594,0.2899347
40.19999957084656,101.71965,0.6824657,0.28749314
40.210001707077026,101.807655,0.6828699,0.28627235
40.22000002861023,101.851654,0.6830046,0.28627235
40.22999835014343,101.88365,0.683072,0.28627235
40.2400004863739,101.879654,0.683072,0.28749314
40.249998807907104,101.851654,0.683072,0.2887139
40.26000094413757,101.83965,0.683072,0.2899347
40.269999265670776,101.83565,0.683072,0.29115546
40.280001401901245,101.78765,0.683072,0.29237625
40.28999972343445,101.751656,0.6831394,0.29237625
40.30000185966492,101.755646,0.6831394,0.2948178
40.31000018119812,101.74765,0.6831394,0.2948178
40.31999850273132,101.70765,0.6831394,0.29725936
40.33000063896179,101.70765,0.6831394,0.29725936
40.339998960494995,101.71965,0.6831394,0.29848012
40.350001096725464,101.67565,0.6831394,0.29970092
40.35999941825867,101.64766,0.6831394,0.30092168
40.370001554489136,101.63566,0.6831394,0.30214247
40.37999987602234,101.62365,0.6831394,0.30336323
40.38999819755554,101.60766,0.6831394,0.30458403
40.40000033378601,101.60365,0.6831394,0.3058048
40.409998655319214,101.599655,0.68320674,0.30702558
40.42000079154968,101.587654,0.68320674,0.30702558
40.429999113082886,101.58365,0.68327415,0.30824634
40.440001249313354,101.57565,0.68327415,0.30946714
40.44999957084656,101.56365,0.6833415,0.3106879
40.460001707077026,101.54765,0.6834089,0.3106879
40.47000002861023,101.53565,0.6834089,0.3119087
40.47999835014343,101.55566,0.68347627,0.31312945
40.4900004863739,101.57165,0.68354356,0.31312945
40.499998807907104,101.55166,0.683611,0.31435025
40.51000094413757,101.57966,0.6836783,0.31435025
40.519999265670776,101.57165,0.6838131,0.31435025
40.530001401901245,101.62365,0.6840152,0.31435025
40.53999972343445,101.64766,0.68435204,0.31312945
40.55000185966492,101.73566,0.68482363,0.3119087
40.56000018119812,101.85565,0.68536264,0.30824634
40.56999850273132,101.97966,0.68596894,0.3058048
40.58000063896179,102.099655,0.68650794,0.30336323
40.589998960494995,102.27165,0.6870469,0.30092168
40.600123167037964,102.38365,0.68765324,0.29725936
40.60999941825867,102.51965,0.6882596,0.2948178
40.620001554489136,102.619644,0.68879855,0.29237625
40.62999987602234,102.69165,0.689068,0.29115546
40.63999819755554,102.71965,0.6892028,0.29115546
40.65000033378601,102.72365,0.6893375,0.29115546
40.659998655319214,102.75165,0.68940485,0.29237625
40.67000079154968,102.78765,0.6894722,0.29237625
40.679999113082886,102.755646,0.6895396,0.293597
40.690001249313354,102.727646,0.68960696,0.2948178
40.69999957084656,102.74765,0.6896744,0.2948178
40.710001707077026,102.75165,0.68974173,0.29603857
40.72000002861023,102.72365,0.68974173,0.29725936
40.72999835014343,102.71165,0.6898091,0.29725936
40.7400004863739,102.71165,0.6898091,0.29848012
40.749998807907104,102.727646,0.6898091,0.29970092
40.76000094413757,102.69165,0.68987644,0.30092168
40.769999265670776,102.71565,0.6899438,0.30092168
40.780001401901245,102.71565,0.6899438,0.30214247
40.78999972343445,102.67965,0.6900112,0.30336323
40.80000185966492,102.643654,0.69007856,0.30336323
40.81000018119812,102.643654,0.69007856,0.30458403
40.81999850273132,102.687645,0.6902133,0.30458403
40.83000063896179,102.687645,0.6903481,0.3058048
40.839998960494995,102.73566,0.6904828,0.3058048
40.850001096725464,102.75165,0.69055015,0.30702558
40.85999941825867,102.78365,0.6906849,0.30702558
40.870001554489136,102.75165,0.69075227,0.30702558
40.87999987602234,102.73566,0.6908197,0.30824634
40.88999819755554,102.76765,0.6909544,0.30824634
40.90000033378601,102.77165,0.6910891,0.30824634
40.909998655319214,102.77566,0.6912913,0.30824634
40.92000079154968,102.81565,0.69142604,0.30824634
40.929999113082886,102.86365,0.6915607,0.30824634
40.940001249313354,102.88765,0.69176286,0.30824634
40.94999957084656,102.89965,0.691965,0.30824634
40.960001707077026,102.975655,0.69216704,0.30824634
40.97000002861023,103.00365,0.69236916,0.30702558
40.97999835014343,103.007645,0.6925039,0.30824634
40.9900004863739,103.04365,0.69270605,0.30702558
40.999998807907104,103.10765,0.6929755,0.30702558
41.01000094413757,103.15965,0.693245,0.3058048
41.019999265670776,103.19164,0.6935145,0.3058048
41.030001401901245,103.255646,0.69385135,0.30458403
41.03999972343445,103.35165,0.69425553,0.30214247
41.05000185966492,103.36365,0.6944577,0.30214247
41.06000018119812,103.37165,0.69452506,0.30336323
41.06999850273132,103.37564,0.69452506,0.30458403
41.08000063896179,103.39165,0.6945924,0.30458403
41.089998960494995,103.37965,0.6945924,0.3058048
41.100001096725464,103.35965,0.6945924,0.30702558
41.10999941825867,103.36365,0.6945924,0.30824634
41.120001554489136,103.36365,0.6945924,0.30946714
41.12999987602234,103.33165,0.6945924,0.3106879
41.13999819755554,103.29565,0.6945924,0.3119087
41.15000033378601,103.283646,0.6945924,0.31312945
41.159998655319214,103.255646,0.6945924,0.31435025
41.17000079154968,103.23565,0.6945924,0.315571
41.179999113082886,103.243645,0.6945924,0.3167918
41.190001249313354,103.26765,0.6945924,0.31801257
41.19999957084656,103.22365,0.6945924,0.31801257
41.210001707077026,103.20364,0.69465977,0.31923336
41.22000002861023,103.19965,0.69465977,0.32045412
41.22999835014343,103.18365,0.69465977,0.3216749
41.2400004863739,103.15965,0.69465977,0.32289568
41.249998807907104,103.13564,0.69465977,0.32411647
41.26000094413757,103.15165,0.69465977,0.32533723
41.269999265670776,103.13965,0.6947271,0.32655802
41.280001401901245,103.12364,0.6947271,0.32655802
41.28999972343445,103.15165,0.6948619,0.3277788
41.30000185966492,103.14765,0.69492924,0.3277788
41.31000018119812,103.143654,0.695064,0.3277788
41.31999850273132,103.15165,0.6951987,0.32899958
41.33000063896179,103.19164,0.6952661,0.32899958
41.339998960494995,103.21965,0.69540083,0.32899958
41.350001096725464,103.215645,0.69546825,0.33022034
41.35999941825867,103.211655,0.69546825,0.33144113
41.370001554489136,103.211655,0.69546825,0.3326619
41.37999987602234,103.19965,0.6955356,0.3326619
41.38999819755554,103.18765,0.695603,0.3338827
41.40000033378601,103.175644,0.695603,0.33510345
41.409998655319214,103.18365,0.69567037,0.33510345
41.42000079154968,103.18365,0.69573766,0.33632424
41.429999113082886,103.18765,0.6958051,0.33632424
41.440001249313354,103.19965,0.6958724,0.337545
41.44999957084656,103.21965,0.6960072,0.337545
41.460001707077026,103.239655,0.6962093,0.337545
41.47000002861023,103.26365,0.696344,0.337545
41.47999835014343,103.29565,0.6965462,0.337545
41.4900004863739,103.35565,0.6968156,0.33632424
41.499998807907104,103.41165,0.6971525,0.33632424
41.51000094413757,103.51165,0.6976241,0.3338827
41.519999265670776,103.631645,0.6981631,0.33022034
41.530001401901245,103.77564,0.6988368,0.3277788
41.53999972343445,103.87965,0.6994431,0.32411647
41.55000185966492,104.03964,0.7001168,0.32045412
41.56000018119812,104.199646,0.7007905,0.31801257
41.56999850273132,104.31565,0.7012621,0.315571
41.58000063896179,104.383644,0.7015316,0.31435025
41.589998960494995,104.44765,0.70159894,0.315571
41.600001096725464,104.45965,0.70166636,0.315571
41.60999941825867,104.41965,0.70166636,0.3167918
41.620001554489136,104.39964,0.70166636,0.31801257
41.62999987602234,104.407646,0.70166636,0.31923336
41.63999819755554,104.383644,0.70166636,0.32045412
41.65000033378601,104.339645,0.70166636,0.3216749
41.659998655319214,104.31565,0.70166636,0.32289568
41.67000079154968,104.31964,0.70166636,0.32411647
41.679999113082886,104.29565,0.70166636,0.32533723
41.690001249313354,104.283646,0.70166636,0.32655802
41.69999957084656,104.30764,0.70166636,0.3277788
41.710001707077026,104.299644,0.70166636,0.3277788
41.72000002861023,104.271645,0.70166636,0.33022034
41.72999835014343,104.23964,0.7017337,0.33022034
41.7400004863739,104.23964,0.7017337,0.33144113
41.749998807907104,104.23565,0.70180106,0.3326619
41.76000094413757,104.22364,0.70180106,0.3338827
41.769999265670776,104.227646,0.7018685,0.3338827
41.780001401901245,104.26765,0.70200324,0.3338827
41.78999972343445,104.283646,0.7021379,0.3338827
41.80000185966492,104.271645,0.7021379,0.33632424
41.81000018119812,104.28765,0.7022053,0.33632424
41.81999850273132,104.27964,0.7022053,0.337545
41.83000063896179,104.23964,0.70227265,0.337545
41.839998960494995,104.25965,0.70234007,0.3387658
41.850001096725464,104.29565,0.70247483,0.3387658
41.85999941825867,104.29565,0.7026095,0.33998656
41.870001554489136,104.33164,0.7026769,0.33998656
41.87999987602234,104.33164,0.70281166,0.33998656
41.88999819755554,104.36365,0.7029464,0.33998656
41.90000033378601,104.367645,0.7031485,0.33998656
41.909998655319214,104.407646,0.70348537,0.3387658
41.92000079154968,104.49965,0.70388955,0.337545
41.929999113082886,104.62364,0.7045633,0.3338827
41.940001249313354,104.799644,0.70523703,0.33022034
41.94999957084656,104.97164,0.70604545,0.32655802
41.960001707077026,105.187645,0.70698863,0.32045412
41.97000002861023,105.38764,0.7077297,0.3167918
41.97999835014343,105.47564,0.70799917,0.315571
41.9900004863739,105.49564,0.70799917,0.3167918
41.999998807907104,105.46764,0.70799917,0.31801257
42.01000094413757,105.443634,0.7080665,0.31923336
42.019999265670776,105.44764,0.7080665,0.32045412
42.030001401901245,105.46364,0.7080665,0.3216749
42.03999972343445,105.47564,0.7080665,0.32289568
42.05000185966492,105.43164,0.7080665,0.32411647
42.06000018119812,105.40365,0.70813394,0.32411647
42.06999850273132,105.40365,0.70813394,0.32533723
42.08000063896179,105.39564,0.70833606,0.32533723
42.089998960494995,105.43564,0.7085381,0.32411647
42.100001096725464,105.479645,0.7086729,0.32533723
42.10999941825867,105.539635,0.70880765,0.32533723
42.120001554489136,105.56364,0.7090097,0.32533723
42.12999987602234,105.58364,0.70927924,0.32411647
42.13999819755554,105.64764,0.70961607,0.32289568
42.15000033378601,105.73964,0.7102224,0.32045412
42.159998655319214,105.91964,0.7111656,0.315571
42.17000079154968,106.12764,0.71224356,0.30824634
42.179999113082886,106.43964,0.7134562,0.30092168
42.190001249313354,106.75164,0.7146015,0.2948178
42.19999957084656,106.92364,0.7152079,0.29115546
42.210001707077026,106.983635,0.71547735,0.29115546
42.22000002861023,107.00364,0.7156121,0.29115546
42.22999835014343,107.02363,0.7157468,0.29115546
42.2400004863739,107.02763,0.7158815,0.29115546
42.249998807907104,107.05563,0.7160837,0.29115546
42.26000094413757,107.11964,0.7163532,0.29115546
42.269999265670776,107.16764,0.71669,0.2899347
42.280001401901245,107.22363,0.7171616,0.28749314
42.28999972343445,107.343636,0.7177006,0.28505158
42.30000185966492,107.49964,0.718509,0.28016847
42.31000018119812,107.691635,0.71945226,0.27528536
42.31999850273132,107.89163,0.7203954,0.26918146
42.33000063896179,108.03163,0.7207996,0.2679607
42.339998960494995,108.067635,0.7207996,0.26918146
42.350001096725464,108.03563,0.7207996,0.27040225
42.35999941825867,108.011635,0.7207996,0.27162302
42.370001554489136,108.03563,0.7207996,0.2728438
42.37999987602234,108.00763,0.7207996,0.2728438
42.38999819755554,107.95963,0.7207996,0.27528536
42.40000033378601,107.915634,0.7207996,0.27528536
42.409998655319214,107.88763,0.7207996,0.27772692
42.42000079154968,107.86764,0.7207996,0.27772692
42.429999113082886,107.83963,0.7207996,0.27894768
42.440001249313354,107.85564,0.7207996,0.28016847
42.44999957084656,107.83963,0.7207996,0.28138924
42.460001707077026,107.79563,0.7207996,0.28261003
42.47000002861023,107.80763,0.7207996,0.2838308
42.47999835014343,107.787636,0.7207996,0.28505158
42.4900004863739,107.76763,0.7207996,0.28627235
42.499998807907104,107.719635,0.7207996,0.28749314
42.51000094413757,107.70363,0.7207996,0.2887139
42.519999265670776,107.71164,0.7207996,0.2899347
42.530001401901245,107.679634,0.7207996,0.29115546
42.53999972343445,107.67563,0.7207996,0.29237625
42.55000185966492,107.679634,0.7207996,0.29237625
42.56000018119812,107.651634,0.7207996,0.2948178
42.56999850273132,107.63164,0.7207996,0.2948178
42.58000063896179,107.595634,0.7207996,0.29725936
42.589998960494995,107.60364,0.7207996,0.29725936
42.600001096725464,107.57963,0.7207996,0.29848012
42.60999941825867,107.54363,0.7207996,0.29970092
42.620001554489136,107.53163,0.7207996,0.30092168
42.62999987602234,107.539635,0.7207996,0.30214247
42.63999819755554,107.511635,0.7207996,0.30336323
42.65000033378601,107.49964,0.7207996,0.30458403
42.659998655319214,107.483635,0.7207996,0.3058048
42.67000079154968,107.47964,0.7207996,0.30702558
42.679999113082886,107.44763,0.7207996,0.30824634
42.690001249313354,107.427635,0.7207996,0.30946714
42.69999957084656,107.43964,0.7207996,0.3106879
42.710001707077026,107.42363,0.7207996,0.3119087
42.72000002861023,107.40363,0.7207996,0.31312945
42.72999835014343,107.359634,0.7207996,0.31435025
42.7400004863739,107.359634,0.7207996,0.31435025
42.749998807907104,107.35164,0.7207996,0.3167918
42.76000094413757,107.31164,0.7207996,0.3167918
42.769999265670776,107.32364,0.7207996,0.31801257
42.780001401901245,107.30763,0.7207996,0.31923336
42.78999972343445,107.303635,0.7207996,0.32045412
42.80000185966492,107.25564,0.7207996,0.3216749
42.81000018119812,107.27164,0.7207996,0.32289568
42.81999850273132,107.26363,0.7207996,0.32411647
42.83000063896179,107.21564,0.720867,0.32533723
42.839998960494995,107.21564,0.720867,0.32655802
42.850001096725464,107.21163,0.720867,0.3277788
42.85999941825867,107.19963,0.720867,0.3277788
42.870001554489136,107.17964,0.7209344,0.32899958
42.87999987602234,107.19563,0.72100174,0.33022034
42.88999819755554,107.19563,0.72100174,0.33022034
42.90000033378601,107.19963,0.72106916,0.33144113
42.909998655319214,107.18363,0.72120386,0.33144113
42.92000079154968,107.203636,0.72120386,0.3326619
42.929999113082886,107.203636,0.7212712,0.3338827
42.940001249313354,107.19963,0.7212712,0.33510345
42.94999957084656,107.19963,0.72133857,0.33510345
42.960001707077026,107.20764,0.72147334,0.33632424
42.97000002861023,107.235634,0.72167546,0.33510345
42.97999835014343,107.26363,0.7218776,0.33510345
42.9900004863739,107.32364,0.7222144,0.3338827
42.999998807907104,107.43964,0.72282076,0.33144113
43.01000094413757,107.60364,0.7236966,0.32655802
43.019999265670776,107.88364,0.7248419,0.32045412
43.030001401901245,108.17163,0.7261219,0.3119087
43.03999972343445,108.48363,0.72719985,0.3058048
43.05000185966492,108.58763,0.7276041,0.30336323
43.06000018119812,108.58363,0.7276041,0.30458403
43.06999850273132,108.58763,0.7276041,0.3058048
43.08000063896179,108.55963,0.7276041,0.30702558
43.089998960494995,108.54764,0.7276041,0.30824634
43.100001096725464,108.56763,0.7276041,0.30946714
43.10999941825867,108.57963,0.7276041,0.3106879
43.120001554489136,108.55163,0.7276041,0.3119087
43.12999987602234,108.49563,0.7276041,0.31312945
43.13999819755554,108.48363,0.7276041,0.31435025
43.15000033378601,108.45163,0.7276041,0.315571
43.159998655319214,108.41563,0.72767144,0.315571
43.17000079154968,108.41963,0.72767144,0.3167918
43.179999113082886,108.43563,0.72767144,0.31801257
43.190001249313354,108.45963,0.72767144,0.31923336
43.19999957084656,108.42363,0.72767144,0.32045412
43.210001707077026,108.387634,0.72767144,0.3216749
43.22000002861023,108.375626,0.72767144,0.32289568
43.22999835014343,108.31563,0.7277388,0.32411647
43.2400004863739,108.29163,0.7277388,0.32411647
43.249998807907104,108.33963,0.7278062,0.32533723
43.26000094413757,108.363625,0.72787356,0.32655802
43.269999265670776,108.371635,0.72787356,0.32655802
43.280001401901245,108.359634,0.727941,0.3277788
43.28999972343445,108.39563,0.72814304,0.3277788
43.30000185966492,108.403625,0.72834516,0.3277788
43.31000018119812,108.43964,0.7287494,0.32533723
43.31999850273132,108.52363,0.729221,0.32411647
43.33000063896179,108.679634,0.7298947,0.32045412
43.339998960494995,108.85163,0.73077047,0.315571
43.350001096725464,109.06363,0.73178107,0.30946714
43.35999941825867,109.32763,0.7326569,0.30458403
43.370001554489136,109.47563,0.7331285,0.30214247
43.37999987602234,109.47962,0.73319584,0.30336323
43.38999819755554,109.43962,0.73319584,0.30458403
43.40000033378601,109.44763,0.73319584,0.3058048
43.409998655319214,109.43962,0.73319584,0.30702558
43.42000079154968,109.45162,0.73319584,0.30824634
43.429999113082886,109.43962,0.73319584,0.30824634
43.440001249313354,109.45162,0.73319584,0.30946714
43.44999957084656,109.41162,0.73319584,0.3106879
43.460001707077026,109.35963,0.73319584,0.3119087
43.47000002861023,109.33963,0.73319584,0.31312945
43.47999835014343,109.303635,0.73319584,0.31435025
43.4900004863739,109.275635,0.73319584,0.315571
43.499998807907104,109.275635,0.73326325,0.3167918
43.51000094413757,109.319626,0.73326325,0.31801257
43.519999265670776,109.33163,0.73326325,0.31801257
43.530001401901245,109.291626,0.73326325,0.32045412
43.53999972343445,109.24363,0.73326325,0.32045412
43.55000185966492,109.239624,0.7333306,0.3216749
43.56000018119812,109.19962,0.7333306,0.32289568
43.56999850273132,109.16763,0.7333306,0.32411647
43.58000063896179,109.17162,0.7333306,0.32533723
43.589998960494995,109.21563,0.7333306,0.32655802
43.600001096725464,109.22363,0.73339796,0.32655802
43.60999941825867,109.19563,0.73339796,0.3277788
43.620001554489136,109.19563,0.7334653,0.32899958
43.62999987602234,109.19563,0.7336001,0.32899958
43.63999819755554,109.20363,0.73386955,0.3277788
43.65000033378601,109.27163,0.7342738,0.32655802
43.659998655319214,109.41162,0.7347454,0.32533723
43.67000079154968,109.51563,0.7351496,0.32289568
43.679999113082886,109.611626,0.73568857,0.32045412
43.690001249313354,109.72763,0.7362275,0.31801257
43.69999957084656,109.87962,0.7369013,0.31435025
43.710001707077026,110.03163,0.7377097,0.3106879
43.72000002861023,110.195625,0.7386529,0.30458403
43.72999835014343,110.37962,0.7393266,0.30092168
43.7400004863739,110.50762,0.7396635,0.29970092
43.749998807907104,110.51962,0.7396635,0.30092168
43.76000094413757,110.50762,0.7397308,0.30214247
43.769999265670776,110.54762,0.7397308,0.30214247
43.780001401901245,110.515625,0.7397308,0.30458403
43.78999972343445,110.49962,0.7397308,0.30458403
43.80000185966492,110.45563,0.7397308,0.30702558
43.81000018119812,110.43962,0.7397308,0.30702558
43.81999850273132,110.39963,0.7397308,0.30824634
43.83000063896179,110.35963,0.7397308,0.30946714
43.839998960494995,110.39562,0.7397308,0.3106879
43.850001096725464,110.39562,0.7397308,0.3119087
43.85999941825867,110.38362,0.7397308,0.31312945
43.870001554489136,110.347626,0.7397308,0.31435025
43.87999987602234,110.347626,0.7397982,0.31435025
43.88999819755554,110.35562,0.73993295,0.315571
43.90000033378601,110.33163,0.74006766,0.315571
43.909998655319214,110.35163,0.7402024,0.315571
43.92000079154968,110.36762,0.7402698,0.3167918
43.929999113082886,110.37962,0.74033713,0.3167918
43.940001249313354,110.403625,0.74053925,0.3167918
43.94999957084656,110.447624,0.74074143,0.3167918
43.960001707077026,110.52762,0.74107826,0.315571
43.97000002861023,110.57962,0.7413477,0.31435025
43.97999835014343,110.61962,0.74168456,0.31312945
43.9900004863739,110.671616,0.7418867,0.31312945
43.999998807907104,110.723625,0.7420888,0.31312945
44.01000094413757,110.73162,0.7422909,0.31312945
44.019999265670776,110.81162,0.74262774,0.3119087
44.030001401901245,110.923615,0.74316674,0.30824634
44.03999972343445,111.06763,0.74384046,0.3058048
44.05000185966492,111.195625,0.7445815,0.30092168
44.06000018119812,111.319626,0.74525523,0.29848012
44.06999850273132,111.43962,0.74559206,0.29725936
44.08000063896179,111.45162,0.7456594,0.29725936
44.089998960494995,111.42362,0.7456594,0.29848012
44.100001096725464,111.45962,0.7456594,0.29970092
44.10999941825867,111.46362,0.7456594,0.30092168
44.120001554489136,111.45162,0.7456594,0.30214247
44.12999987602234,111.41162,0.7456594,0.30336323
44.13999819755554,111.41962,0.7456594,0.30458403
44.15000033378601,111.37162,0.7457268,0.30458403
44.159998655319214,111.323616,0.7457268,0.30702558
44.17000079154968,111.31162,0.7457268,0.30702558
44.179999113082886,111.323616,0.7457268,0.30824634
44.190001249313354,111.31562,0.7457268,0.30946714
44.19999957084656,111.31162,0.7457942,0.3106879
44.210001707077026,111.31162,0.7457942,0.3119087
44.22000002861023,111.31562,0.7457942,0.31312945
44.22999835014343,111.28762,0.7458616,0.31312945
44.2400004863739,111.251625,0.7458616,0.31435025
44.249998807907104,111.23162,0.7458616,0.315571
44.26000094413757,111.19962,0.7458616,0.3167918
44.269999265670776,111.211624,0.7458616,0.31801257
44.280001401901245,111.211624,0.74592894,0.31801257
44.28999972343445,111.24362,0.74592894,0.32045412
44.30000185966492,111.21962,0.7459963,0.32045412
44.31000018119812,111.183624,0.7459963,0.3216749
44.31999850273132,111.16762,0.7459963,0.32289568
44.33000063896179,111.15962,0.74606365,0.32411647
44.339998960494995,111.14362,0.74606365,0.32411647
44.350001096725464,111.14362,0.74606365,0.32655802
44.35999941825867,111.13162,0.746131,0.32655802
44.370001554489136,111.14763,0.7461984,0.3277788
44.37999987602234,111.13962,0.74626577,0.3277788
44.38999819755554,111.13562,0.74626577,0.32899958
44.40000033378601,111.13562,0.7463331,0.33022034
44.409998655319214,111.09962,0.7463331,0.33022034
44.42000079154968,111.07562,0.74640054,0.33144113
44.429999113082886,111.10763,0.7464679,0.3326619
44.440001249313354,111.12362,0.7465353,0.3326619
44.44999957084656,111.15162,0.74673736,0.3326619
44.460001707077026,111.215614,0.7470069,0.3326619
44.47000002861023,111.30362,0.74754584,0.32899958
44.47999835014343,111.45962,0.748489,0.32411647
44.4900004863739,111.71961,0.74970174,0.3167918
44.499998807907104,112.00362,0.75098175,0.30946714
44.51000094413757,112.33161,0.7521944,0.30214247
44.519999265670776,112.52362,0.7530028,0.29725936
44.530001401901245,112.66762,0.75367653,0.293597
44.53999972343445,112.85561,0.754485,0.2899347
44.55000185966492,113.06762,0.75536084,0.28505158
44.56000018119812,113.27561,0.7562366,0.28016847
44.56999850273132,113.451614,0.7570451,0.27528536
44.58000063896179,113.615616,0.75765145,0.27162302
44.589998960494995,113.69562,0.7579209,0.27162302
44.600001096725464,113.67161,0.7579883,0.27162302
44.60999941825867,113.65161,0.7579883,0.2728438
44.620001554489136,113.67561,0.7579883,0.27406457
44.62999987602234,113.63161,0.7579883,0.27528536
44.63999819755554,113.61162,0.7579883,0.27650613
44.65000033378601,113.61162,0.7579883,0.27772692
44.659998655319214,113.59962,0.7579883,0.27894768
44.67000079154968,113.559616,0.7579883,0.28016847
44.679999113082886,113.535614,0.7579883,0.28138924
44.690001249313354,113.49562,0.7579883,0.28261003
44.69999957084656,113.48761,0.7579883,0.2838308
44.710001707077026,113.44362,0.7579883,0.28505158
44.72000002861023,113.451614,0.7579883,0.28627235
44.72999835014343,113.45562,0.7579883,0.28749314
44.7400004863739,113.423615,0.7579883,0.2887139
44.749998807907104,113.37562,0.7579883,0.2899347
44.76000094413757,113.35161,0.7579883,0.29115546
44.769999265670776,113.33562,0.7579883,0.29115546
44.780001401901245,113.30361,0.7579883,0.29237625
44.78999972343445,113.30762,0.7579883,0.293597
44.80000185966492,113.327614,0.7579883,0.2948178
44.81000018119812,113.31161,0.7579883,0.29603857
44.81999850273132,113.26762,0.7579883,0.29725936
44.83000063896179,113.22361,0.7579883,0.29848012
44.839998960494995,113.23962,0.7579883,0.29970092
44.850001096725464,113.20362,0.7579883,0.30092168
44.85999941825867,113.15162,0.7579883,0.30214247
44.870001554489136,113.159615,0.7579883,0.30336323
44.87999987602234,113.17562,0.7579883,0.30458403
44.88999819755554,113.16761,0.7579883,0.3058048
44.90000033378601,113.14761,0.7579883,0.30702558
44.909998655319214,113.131615,0.7579883,0.30824634
44.92000079154968,113.115616,0.7579883,0.30946714
44.929999113082886,113.05562,0.7579883,0.3106879
44.940001249313354,113.007614,0.7579883,0.3119087
44.94999957084656,113.04362,0.7579883,0.31312945
44.960001707077026,113.02361,0.7579883,0.31312945
44.97000002861023,113.007614,0.7579883,0.31435025
44.97999835014343,112.99162,0.7579883,0.315571
44.9900004863739,112.99962,0.7579883,0.3167918
44.999998807907104,112.96761,0.7579883,0.31801257
45.01000094413757,112.94361,0.7580557,0.31923336
45.019999265670776,112.923615,0.7580557,0.32045412
45.030001401901245,112.92761,0.7580557,0.3216749
45.03999972343445,112.89962,0.7580557,0.32289568
45.05000185966492,112.907616,0.7580557,0.32411647
45.06000018119812,112.923615,0.7580557,0.32411647
45.06999850273132,112.89962,0.7580557,0.32655802
45.08000063896179,112.867615,0.75812304,0.32655802
45.089998960494995,112.84761,0.75812304,0.3277788
45.100001096725464,112.839615,0.75812304,0.32899958
45.10999941825867,112.81562,0.75812304,0.33022034
45.120001554489136,112.811615,0.75812304,0.33144113
45.12999987602234,112.823616,0.75819045,0.3326619
45.13999819755554,112.83162,0.75819045,0.3326619
45.15000033378601,112.81962,0.75825775,0.3338827
45.159998655319214,112.799614,0.75825775,0.33510345
45.17000079154968,112.795616,0.7583251,0.33510345
45.179999113082886,112.77562,0.7583925,0.33632424
45.190001249313354,112.771614,0.75845987,0.33632424
45.19999957084656,112.77962,0.7585273,0.337545
45.210001707077026,112.799614,0.75859463,0.337545
45.22000002861023,112.81962,0.7587294,0.3387658
45.22999835014343,112.827614,0.7587967,0.3387658
45.2400004863739,112.879616,0.7590662,0.3387658
45.249998807907104,112.963615,0.7595378,0.33632424
45.26000094413757,113.09961,0.7603463,0.3326619
45.269999265670776,113.33161,0.76149154,0.32533723
45.280001401901245,113.61961,0.7625695,0.31923336
45.28999972343445,113.87561,0.76364744,0.31312945
45.30000185966492,114.063614,0.76452327,0.30824634
45.31000018119812,114.203606,0.7650622,0.3058048
45.31999850273132,114.27161,0.7651969,0.3058048
45.33000063896179,114.26761,0.7651969,0.30702558
45.339998960494995,114.25162,0.7651969,0.30824634
45.350001096725464,114.26761,0.7651969,0.30824634
45.35999941825867,114.25561,0.7651969,0.30946714
45.370001554489136,114.24761,0.7651969,0.3106879
45.37999987602234,114.21561,0.7651969,0.3119087
45.38999819755554,114.199615,0.7651969,0.31312945
45.40000033378601,114.171616,0.76526433,0.31435025
45.409998655319214,114.115616,0.76526433,0.315571
45.42000079154968,114.12361,0.7653317,0.315571
45.429999113082886,114.15161,0.7653991,0.3167918
45.440001249313354,114.135605,0.7653991,0.31801257
45.44999957084656,114.131615,0.76546645,0.31801257
45.460001707077026,114.16761,0.7656012,0.31801257
45.47000002861023,114.18362,0.7658033,0.31801257
45.47999835014343,114.22361,0.7660728,0.31801257
45.4900004863739,114.29561,0.7665444,0.315571
45.499998807907104,114.41961,0.767016,0.31435025
45.51000094413757,114.467606,0.7674202,0.3119087
45.519999265670776,114.56361,0.7678244,0.3106879
45.530001401901245,114.63561,0.76822865,0.30946714
45.53999972343445,114.76361,0.7685655,0.30702558
45.55000185966492,114.79961,0.7689023,0.3058048
45.56000018119812,114.84361,0.76917183,0.3058048
45.56999850273132,114.85961,0.76923925,0.3058048
45.58000063896179,114.84361,0.76923925,0.30702558
45.589998960494995,114.8236,0.76923925,0.30824634
45.600001096725464,114.8236,0.76923925,0.30946714
45.60999941825867,114.8236,0.7693066,0.3106879
45.620001554489136,114.83161,0.7693066,0.3119087
45.62999987602234,114.783615,0.7693066,0.31312945
45.63999819755554,114.76361,0.7693066,0.31435025
45.65000033378601,114.76761,0.7693066,0.31435025
45.659998655319214,114.73561,0.7693066,0.3167918
45.67000079154968,114.7076,0.76937395,0.3167918
45.679999113082886,114.719604,0.76937395,0.31801257
45.690001249313354,114.719604,0.76937395,0.31923336
45.69999957084656,114.691605,0.7694413,0.32045412
45.710001707077026,114.7076,0.7694413,0.32045412
45.72000002861023,114.7076,0.76950866,0.3216749
45.72999835014343,114.691605,0.76950866,0.32289568
45.7400004863739,114.66761,0.7695761,0.32289568
45.749998807907104,114.64361,0.7696434,0.32411647
45.76000094413757,114.65561,0.7697108,0.32411647
45.769999265670776,114.67161,0.7697782,0.32533723
45.780001401901245,114.65561,0.76984555,0.32655802
45.78999972343445,114.68361,0.76998025,0.32655802
45.80000185966492,114.72361,0.770115,0.32655802
45.81000018119812,114.719604,0.7701824,0.3277788
45.81999850273132,114.69561,0.7702498,0.3277788
45.83000063896179,114.715614,0.77031714,0.32899958
45.839998960494995,114.69561,0.77031714,0.33022034
45.850001096725464,114.6796,0.77038455,0.33022034
45.85999941825867,114.691605,0.77051926,0.33022034
45.870001554489136,114.755615,0.7707214,0.33022034
45.87999987602234,114.75161,0.7707887,0.33144113
45.88999819755554,114.719604,0.7707887,0.3326619
45.90000033378601,114.73561,0.77085614,0.3326619
45.909998655319214,114.743614,0.7709235,0.3338827
45.92000079154968,114.73561,0.7709908,0.3338827
45.929999113082886,114.747604,0.77112556,0.3338827
45.940001249313354,114.795616,0.77132773,0.3338827
45.94999957084656,114.83561,0.7715298,0.3338827
45.960001707077026,114.8636,0.7717993,0.3338827
45.97000002861023,114.9036,0.77206874,0.3326619
45.97999835014343,115.01961,0.7726751,0.33022034
45.9900004863739,115.16761,0.7734836,0.32533723
45.999998807907104,115.37561,0.774292,0.32045412
46.01000094413757,115.56361,0.7751679,0.315571
46.019999265670776,115.74361,0.77584153,0.31312945
46.030001401901245,115.8476,0.7761784,0.3106879
46.03999972343445,115.883606,0.7763131,0.3119087
46.05000185966492,115.8876,0.7763131,0.31312945
46.06000018119812,115.87961,0.7763805,0.31312945
46.06999850273132,115.8476,0.7763805,0.31435025
46.08000063896179,115.82761,0.7763805,0.315571
46.089998960494995,115.84361,0.7764479,0.3167918
46.100001096725464,115.8236,0.7764479,0.31801257
46.10999941825867,115.81161,0.77651525,0.31801257
46.120001554489136,115.815605,0.7765826,0.31801257
46.12999987602234,115.8076,0.77665,0.31923336
46.13999819755554,115.80361,0.7767848,0.32045412
46.15000033378601,115.8196,0.7769194,0.32045412
46.159998655319214,115.84361,0.77698684,0.32045412
46.17000079154968,115.87161,0.7771216,0.3216749
46.179999113082886,115.87161,0.77718896,0.3216749
46.190001249313354,115.84361,0.77718896,0.32289568
46.19999957084656,115.84361,0.77725637,0.32289568
46.210001707077026,115.82761,0.777391,0.32411647
46.22000002861023,115.83961,0.7775258,0.32411647
46.22999835014343,115.9036,0.77772796,0.32411647
46.2400004863739,115.9716,0.7780648,0.32289568
46.249998807907104,116.0716,0.7786711,0.31923336
46.26000094413757,116.2356,0.7795469,0.31435025
46.269999265670776,116.50761,0.7807596,0.30824634
46.280001401901245,116.81161,0.78217435,0.29848012
46.28999972343445,117.1356,0.7835892,0.2899347
46.30000185966492,117.3756,0.7845997,0.28505158
46.31000018119812,117.5516,0.78527343,0.28016847
46.31999850273132,117.7036,0.7860145,0.27772692
46.33000063896179,117.8196,0.78662086,0.27406457
46.339998960494995,117.9836,0.7871598,0.27162302
46.350001096725464,118.1476,0.7878336,0.2679607
46.35999941825867,118.2956,0.788642,0.2630776
46.370001554489136,118.42359,0.78918093,0.26063603
46.37999987602234,118.49159,0.78945047,0.25941524
46.38999819755554,118.4716,0.78945047,0.26063603
46.40000033378601,118.415596,0.7895178,0.2618568
46.409998655319214,118.3916,0.7895178,0.2630776
46.42000079154968,118.4036,0.7895178,0.26429835
46.429999113082886,118.39559,0.7895178,0.26551914
46.440001249313354,118.3756,0.7895178,0.2667399
46.44999957084656,118.3716,0.7895178,0.2679607
46.460001707077026,118.307594,0.7895178,0.26918146
46.47000002861023,118.2676,0.7895178,0.26918146
46.47999835014343,118.223595,0.7895178,0.27162302
46.4900004863739,118.21159,0.7895178,0.27162302
46.499998807907104,118.191605,0.7895178,0.2728438
46.51000094413757,118.2036,0.7895178,0.27406457
46.519999265670776,118.18359,0.7895178,0.27528536
46.530001401901245,118.1796,0.7895178,0.27650613
46.53999972343445,118.1396,0.7895178,0.27772692
46.55000185966492,118.08759,0.7895178,0.27894768
46.56000018119812,118.0636,0.7895178,0.28016847
46.56999850273132,118.0516,0.7895178,0.28138924
46.58000063896179,118.0116,0.7895178,0.28261003
46.589998960494995,118.0236,0.7895178,0.2838308
46.600001096725464,118.0316,0.7895178,0.28505158
46.60999941825867,118.0196,0.7895178,0.28627235
46.620001554489136,117.967606,0.7895178,0.28749314
46.62999987602234,117.9396,0.7895178,0.2887139
46.63999819755554,117.903595,0.7895178,0.2887139
46.65000033378601,117.8716,0.7895178,0.29115546
46.659998655319214,117.863594,0.7895178,0.29115546
46.67000079154968,117.899605,0.7895178,0.29237625
46.679999113082886,117.891594,0.7895178,0.293597
46.690001249313354,117.8716,0.7895178,0.2948178
46.69999957084656,117.8436,0.7895178,0.29603857
46.710001707077026,117.8276,0.7895178,0.29725936
46.72000002861023,117.7676,0.7895852,0.29848012
46.72999835014343,117.735596,0.7895852,0.29848012
46.7400004863739,117.7236,0.7895852,0.30092168
46.749998807907104,117.7476,0.7895852,0.30092168
46.76000094413757,117.7516,0.7895852,0.30214247
46.769999265670776,117.7196,0.7895852,0.30336323
46.780001401901245,117.7276,0.7895852,0.30458403
46.78999972343445,117.707596,0.7896525,0.3058048
46.80000185966492,117.667595,0.7896525,0.30702558
46.81000018119812,117.635605,0.7896525,0.30824634
46.81999850273132,117.6316,0.7896525,0.30946714
46.83000063896179,117.6276,0.7896525,0.3106879
46.839998960494995,117.6276,0.7897199,0.3106879
46.850001096725464,117.6236,0.7897199,0.3119087
46.85999941825867,117.667595,0.78985465,0.31312945
46.870001554489136,117.6276,0.78992206,0.31312945
46.87999987602234,117.5876,0.78992206,0.31435025
46.88999819755554,117.571594,0.78992206,0.315571
46.90000033378601,117.595604,0.7899894,0.315571
46.909998655319214,117.583595,0.7899894,0.3167918
46.92000079154968,117.6036,0.79005677,0.31801257
46.929999113082886,117.6036,0.79005677,0.31923336
46.940001249313354,117.611595,0.7901241,0.31923336
46.94999957084656,117.5596,0.7901915,0.32045412
46.960001707077026,117.543594,0.7902589,0.32045412
46.97000002861023,117.5756,0.79039365,0.3216749
46.97999835014343,117.579605,0.79052836,0.3216749
46.9900004863739,117.567604,0.7905957,0.32289568
46.999998807907104,117.6236,0.7907305,0.32289568
47.01000094413757,117.667595,0.7909326,0.32289568
47.019999265670776,117.7396,0.79133683,0.32045412
47.030001401901245,117.8156,0.79180837,0.31801257
47.03999972343445,117.9396,0.79248214,0.31435025
47.05000185966492,118.0796,0.79315585,0.3119087
47.06000018119812,118.2436,0.7940316,0.30702558
47.06999850273132,118.4556,0.79510957,0.30092168
47.08000063896179,118.69959,0.795918,0.29603857
47.089998960494995,118.8156,0.7963223,0.293597
47.100001096725464,118.8396,0.796457,0.2948178
47.10999941825867,118.847595,0.796457,0.2948178
47.120001554489136,118.8556,0.796457,0.29725936
47.12999987602234,118.83159,0.796457,0.29725936
47.13999819755554,118.8116,0.796457,0.29848012
47.15000033378601,118.8156,0.796457,0.29970092
47.159998655319214,118.779594,0.796457,0.30092168
47.17000079154968,118.73959,0.79652435,0.30214247
47.179999113082886,118.72759,0.79652435,0.30336323
47.190001249313354,118.73959,0.79652435,0.30458403
47.19999957084656,118.6916,0.7965917,0.30458403
47.210001707077026,118.67159,0.7965917,0.3058048
47.22000002861023,118.67159,0.7965917,0.30702558
47.22999835014343,118.65959,0.7966591,0.30824634
47.2400004863739,118.67159,0.79672647,0.30824634
47.249998807907104,118.65959,0.7967939,0.30946714
47.26000094413757,118.6836,0.79686123,0.30946714
47.269999265670776,118.667595,0.7969286,0.3106879
47.280001401901245,118.651596,0.79699594,0.3106879
47.28999972343445,118.65959,0.7971307,0.3119087
47.30000185966492,118.6916,0.7973328,0.3106879
47.31000018119812,118.71159,0.7975349,0.3106879
47.31999850273132,118.75559,0.797737,0.3106879
47.33000063896179,118.79559,0.7980065,0.3106879
47.339998960494995,118.8556,0.798276,0.30946714
47.350001096725464,118.903595,0.7985455,0.30824634
47.35999941825867,118.95159,0.7987476,0.30824634
47.370001554489136,119.0156,0.7990844,0.30824634
47.37999987602234,119.0676,0.7994213,0.30702558
47.38999819755554,119.12359,0.79975814,0.30458403
47.40000033378601,119.207596,0.8002297,0.30336323
47.409998655319214,119.35159,0.8007687,0.30092168
47.42000079154968,119.44359,0.8013077,0.29725936
47.429999113082886,119.499596,0.80164456,0.29725936
47.440001249313354,119.55159,0.8017119,0.29725936
47.44999957084656,119.5676,0.80177927,0.29725936
47.460001707077026,119.52359,0.80177927,0.29848012
47.47000002861023,119.527596,0.80177927,0.29970092
47.47999835014343,119.515594,0.8018466,0.30092168
47.4900004863739,119.52359,0.8018466,0.30214247
47.499998807907104,119.4796,0.8018466,0.30336323
47.51000094413757,119.47159,0.80191404,0.30336323
47.519999265670776,119.459595,0.80191404,0.30458403
47.530001401901245,119.4396,0.8019814,0.3058048
47.53999972343445,119.4116,0.8019814,0.30702558
47.55000185966492,119.41959,0.80204874,0.30702558
47.56000018119812,119.41559,0.80204874,0.30824634
47.56999850273132,119.40359,0.80211616,0.30946714
47.58000063896179,119.41959,0.80211616,0.3106879
47.589998960494995,119.42759,0.8021835,0.3106879
47.600001096725464,119.42759,0.80225086,0.3119087
47.60999941825867,119.391594,0.8023182,0.31312945
47.620001554489136,119.36759,0.8023182,0.31435025
47.62999987602234,119.40359,0.8023856,0.31435025
47.63999819755554,119.3716,0.8023856,0.315571
47.65000033378601,119.36759,0.802453,0.3167918
47.659998655319214,119.3836,0.80258775,0.3167918
47.67000079154968,119.40359,0.8027225,0.3167918
47.679999113082886,119.387596,0.80285716,0.3167918
47.690001249313354,119.41559,0.80305934,0.3167918
47.69999957084656,119.46359,0.8031941,0.3167918
47.710001707077026,119.51159,0.80353093,0.315571
47.72000002861023,119.5596,0.8039351,0.31435025
47.72999835014343,119.65559,0.8043394,0.31312945
47.7400004863739,119.79559,0.80487835,0.30946714
47.749998807907104,119.88359,0.80548465,0.30702558
47.76000094413757,119.9836,0.806091,0.30336323
47.769999265670776,120.14359,0.8067647,0.30092168
47.780001401901245,120.29159,0.8073711,0.29725936
47.78999972343445,120.40359,0.8078427,0.2948178
47.80000185966492,120.46759,0.8081795,0.293597
47.81000018119812,120.50759,0.80824685,0.2948178
47.81999850273132,120.54359,0.80824685,0.29603857
47.83000063896179,120.487595,0.80824685,0.29725936
47.839998960494995,120.46759,0.80824685,0.29848012
47.850001096725464,120.47159,0.80824685,0.29848012
47.85999941825867,120.40759,0.80824685,0.30092168
47.870001554489136,120.36759,0.80824685,0.30092168
47.87999987602234,120.35559,0.80824685,0.30214247
47.88999819755554,120.38358,0.80831426,0.30336323
47.90000033378601,120.34759,0.80831426,0.30458403
47.909998655319214,120.34359,0.80831426,0.3058048
47.92000079154968,120.33559,0.80831426,0.30702558
47.929999113082886,120.32359,0.80831426,0.30824634
47.940001249313354,120.27959,0.80831426,0.30946714
47.94999957084656,120.26359,0.80831426,0.3106879
47.960001707077026,120.24359,0.80831426,0.3119087
47.97000002861023,120.22759,0.80831426,0.31312945
47.97999835014343,120.207596,0.80831426,0.31435025
47.9900004863739,120.199585,0.80831426,0.31435025
47.999998807907104,120.211586,0.8083816,0.315571
48.01000094413757,120.179596,0.8083816,0.3167918
48.019999265670776,120.155594,0.8083816,0.31801257
48.030001401901245,120.14759,0.8083816,0.31923336
48.03999972343445,120.13559,0.8083816,0.32045412
48.05000185966492,120.10759,0.8083816,0.3216749
48.06000018119812,120.099594,0.808449,0.3216749
48.06999850273132,120.11559,0.808449,0.32289568
48.08000063896179,120.099594,0.80858374,0.32289568
48.089998960494995,120.08359,0.80858374,0.32411647
48.100001096725464,120.09158,0.80858374,0.32533723
48.10999941825867,120.07959,0.8086511,0.32655802
48.120001554489136,120.05159,0.8086511,0.3277788
48.12999987602234,120.03959,0.80871844,0.3277788
48.13999819755554,120.03959,0.80871844,0.32899958
48.15000033378601,120.043594,0.80871844,0.33022034
48.159998655319214,120.043594,0.8087858,0.33144113
48.17000079154968,120.03559,0.8088532,0.3326619
48.179999113082886,120.03959,0.80892056,0.3326619
48.190001249313354,120.0236,0.80892056,0.3338827
48.19999957084656,120.00759,0.8090553,0.3338827
48.210001707077026,120.02759,0.80919003,0.3338827
48.22000002861023,120.0636,0.8093248,0.3338827
48.22999835014343,120.111595,0.80959433,0.3338827
48.2400004863739,120.18759,0.8101333,0.33144113
48.249998807907104,120.35959,0.81087434,0.3277788
48.26000094413757,120.527596,0.8116154,0.32411647
48.269999265670776,120.68359,0.8122891,0.31923336
48.280001401901245,120.84759,0.81309754,0.315571
48.28999972343445,121.05159,0.8140407,0.30946714
48.30000185966492,121.23559,0.8149166,0.30458403
48.31000018119812,121.35558,0.81545556,0.30214247
48.31999850273132,121.45559,0.8158598,0.30092168
48.33000063896179,121.559586,0.816264,0.29848012
48.339998960494995,121.66359,0.816803,0.29725936
48.350001096725464,121.81958,0.81754404,0.29237625
48.35999941825867,121.991585,0.8182851,0.2887139
48.370001554489136,122.16358,0.8190936,0.28505158
48.37999987602234,122.29558,0.81983465,0.28016847
48.38999819755554,122.419586,0.8205757,0.27650613
48.40000033378601,122.58359,0.82097995,0.27528536
48.409998655319214,122.61958,0.8211821,0.27406457
48.42000079154968,122.61558,0.8212494,0.27528536
48.429999113082886,122.61159,0.82131684,0.27528536
48.440001249313354,122.603584,0.82131684,0.27650613
48.44999957084656,122.58359,0.82131684,0.27772692
48.460001707077026,122.54359,0.82131684,0.27894768
48.47000002861023,122.54359,0.82131684,0.28016847
48.47999835014343,122.49558,0.82131684,0.28138924
48.4900004863739,122.45558,0.82131684,0.28261003
48.499998807907104,122.451584,0.82131684,0.2838308
48.51000094413757,122.45959,0.82131684,0.28505158
48.519999265670776,122.435585,0.82138413,0.28505158
48.530001401901245,122.395584,0.82138413,0.28749314
48.53999972343445,122.39958,0.82138413,0.28749314
48.55000185966492,122.37558,0.82138413,0.2887139
48.56000018119812,122.31959,0.82145154,0.2899347
48.56999850273132,122.31959,0.82145154,0.29115546
48.58000063896179,122.311584,0.82145154,0.29237625
48.589998960494995,122.30758,0.8215189,0.29237625
48.600001096725464,122.29159,0.8215189,0.293597
48.60999941825867,122.29159,0.8215189,0.2948178
48.620001554489136,122.30359,0.82158625,0.29603857
48.62999987602234,122.24358,0.82165366,0.29603857
48.63999819755554,122.22758,0.821721,0.29725936
48.65000033378601,122.22758,0.821721,0.29848012
48.659998655319214,122.22758,0.82178843,0.29848012
48.67000079154968,122.22758,0.82192314,0.29848012
48.679999113082886,122.26359,0.82212526,0.29848012
48.690001249313354,122.30758,0.82239467,0.29848012
48.69999957084656,122.36358,0.8226642,0.29725936
48.710001707077026,122.423584,0.82306844,0.29603857
48.72000002861023,122.51559,0.82354003,0.293597
48.72999835014343,122.60758,0.824079,0.29115546
48.7400004863739,122.69558,0.8244833,0.2899347
48.749998807907104,122.74758,0.8248201,0.2887139
48.76000094413757,122.80759,0.8250895,0.28749314
48.769999265670776,122.91958,0.8254938,0.28627235
48.780001401901245,122.98758,0.8259654,0.2838308
48.78999972343445,123.07158,0.8263696,0.28261003
48.80000185966492,123.12358,0.82657176,0.28138924
48.81000018119812,123.15958,0.8267738,0.28138924
48.81999850273132,123.16358,0.8269086,0.28138924
48.83000063896179,123.17958,0.82704335,0.28261003
48.839998960494995,123.19158,0.8271107,0.28261003
48.850001096725464,123.17558,0.827178,0.2838308
48.85999941825867,123.13558,0.8272454,0.2838308
48.870001554489136,123.13558,0.8272454,0.28505158
48.87999987602234,123.13958,0.8272454,0.28627235
48.88999819755554,123.09558,0.82731277,0.28749314
48.90000033378601,123.075584,0.8273802,0.28749314
48.909998655319214,123.08358,0.8273802,0.2887139
48.92000079154968,123.07158,0.82744753,0.2899347
48.929999113082886,123.06758,0.82744753,0.29115546
48.940001249313354,123.03958,0.82744753,0.29237625
48.94999957084656,123.06758,0.8275823,0.29237625
48.960001707077026,123.051575,0.82764965,0.29237625
48.97000002861023,123.03558,0.82778436,0.293597
48.97999835014343,123.04358,0.8278518,0.293597
48.9900004863739,123.03958,0.8278518,0.2948178
48.999998807907104,123.023575,0.8278518,0.29603857
49.01000094413757,122.99958,0.8279191,0.29725936
49.019999265670776,122.99958,0.8279191,0.29848012
49.030001401901245,122.99958,0.8279191,0.29848012
49.03999972343445,122.95958,0.8279865,0.29970092
49.05000185966492,122.951584,0.8280539,0.30092168
49.06000018119812,122.94358,0.8280539,0.30214247
49.06999850273132,122.93958,0.82812124,0.30214247
49.08000063896179,122.91958,0.82825595,0.30214247
49.089998960494995,122.92758,0.82832336,0.30336323
49.100001096725464,122.96758,0.8284581,0.30336323
49.10999941825867,122.97558,0.82859284,0.30336323
49.120001554489136,122.96758,0.82859284,0.30458403
49.12999987602234,122.96758,0.82866025,0.3058048
49.13999819755554,122.963585,0.82866025,0.30702558
49.15000033378601,122.97558,0.8287949,0.30702558
49.159998655319214,122.97158,0.82892966,0.30702558
49.17000079154968,122.99958,0.82913184,0.30702558
49.179999113082886,123.01158,0.82926655,0.30702558
49.190001249313354,123.03958,0.82946867,0.30702558
49.19999957084656,123.059586,0.8296708,0.30702558
49.210001707077026,123.10358,0.82987285,0.30702558
49.22000002861023,123.14758,0.8301424,0.3058048
49.22999835014343,123.15958,0.83041185,0.30458403
49.2400004863739,123.20759,0.830614,0.30458403
49.249998807907104,123.25558,0.83074874,0.30458403
49.26000094413757,123.27557,0.83088344,0.30458403
49.269999265670776,123.25958,0.83101815,0.3058048
49.280001401901245,123.315575,0.8311529,0.3058048
49.28999972343445,123.343575,0.8314224,0.30458403
49.30000185966492,123.38758,0.8317593,0.30336323
49.31000018119812,123.43558,0.8320961,0.30336323
49.31999850273132,123.50358,0.83236563,0.30214247
49.33000063896179,123.51958,0.83250034,0.30214247
49.339998960494995,123.52358,0.83263505,0.30214247
49.350001096725464,123.55958,0.8327698,0.30214247
49.35999941825867,123.57158,0.8328372,0.30336323
49.370001554489136,123.59158,0.8330393,0.30214247
49.37999987602234,123.59958,0.8332414,0.30336323
49.38999819755554,123.631584,0.83337617,0.30214247
49.40000033378601,123.635574,0.8334435,0.30336323
49.409998655319214,123.61558,0.8334435,0.30458403
49.42000079154968,123.59958,0.8334435,0.3058048
49.429999113082886,123.58758,0.8334435,0.30702558
49.440001249313354,123.56358,0.8335109,0.30824634
49.44999957084656,123.53958,0.8335109,0.30824634
49.460001707077026,123.53558,0.8335109,0.3106879
49.47000002861023,123.52757,0.8335109,0.3106879
49.47999835014343,123.50358,0.8335782,0.3119087
49.4900004863739,123.49158,0.8335782,0.31312945
49.499998807907104,123.49558,0.83364564,0.31435025
49.51000094413757,123.49958,0.83364564,0.31435025
49.519999265670776,123.47158,0.833713,0.315571
49.530001401901245,123.46758,0.833713,0.3167918
49.53999972343445,123.479576,0.83384776,0.31801257
49.55000185966492,123.45158,0.83384776,0.31801257
49.56000018119812,123.43158,0.8339151,0.31801257
49.56999850273132,123.439575,0.8339825,0.31923336
49.58000063896179,123.44358,0.8339825,0.32045412
49.589998960494995,123.43558,0.8340498,0.3216749
49.600001096725464,123.411575,0.8341846,0.3216749
49.60999941825867,123.44358,0.83431935,0.3216749
49.620001554489136,123.479576,0.8343867,0.32289568
49.62999987602234,123.48757,0.8345215,0.32289568
49.63999819755554,123.48757,0.83472353,0.32289568
49.65000033378601,123.53558,0.83499306,0.3216749
49.659998655319214,123.59158,0.8353299,0.32045412
49.67000079154968,123.65158,0.8357341,0.31923336
49.679999113082886,123.73957,0.83613837,0.31801257
49.690001249313354,123.83158,0.8364752,0.3167918
49.69999957084656,123.91557,0.8369468,0.31435025
49.710001707077026,123.99157,0.8374184,0.3119087
49.72000002861023,124.11157,0.83788997,0.30946714
49.72999835014343,124.20358,0.83836156,0.30824634
49.7400004863739,124.28357,0.83876586,0.30702558
49.749998807907104,124.31958,0.8390353,0.3058048
49.76000094413757,124.37958,0.83917004,0.3058048
49.769999265670776,124.39558,0.83923745,0.3058048
49.780001401901245,124.37558,0.83937216,0.30702558
49.78999972343445,124.371574,0.83937216,0.30702558
49.80000185966492,124.38758,0.8394395,0.30824634
49.81000018119812,124.343575,0.83950686,0.30824634
49.81999850273132,124.33158,0.8395743,0.30946714
49.83000063896179,124.327576,0.8395743,0.3106879
49.839998960494995,124.32357,0.8395743,0.3119087
49.850001096725464,124.29558,0.8395743,0.31312945
49.85999941825867,124.30357,0.8395743,0.31435025
49.870001554489136,124.27958,0.8395743,0.315571
49.87999987602234,124.26758,0.8395743,0.3167918
49.88999819755554,124.22358,0.8395743,0.31801257
49.90000033378601,124.20757,0.8395743,0.31923336
49.909998655319214,124.20757,0.8395743,0.32045412
49.92000079154968,124.17558,0.8395743,0.3216749
49.929999113082886,124.13957,0.83964163,0.3216749
49.940001249313354,124.16358,0.83964163,0.32289568
49.94999957084656,124.17158,0.83964163,0.32411647
49.960001707077026,124.15157,0.83970904,0.32411647
49.97000002861023,124.119576,0.83970904,0.32655802
49.97999835014343,124.13158,0.8397764,0.32655802
49.9900004863739,124.10758,0.8397764,0.3277788
49.999998807907104,124.091576,0.83984375,0.3277788
50.01000094413757,124.08358,0.8399111,0.32899958
50.019999265670776,124.09957,0.83997846,0.33022034
50.030001401901245,124.09558,0.84004587,0.33022034
50.03999972343445,124.08758,0.8401132,0.33144113
50.05000185966492,124.08758,0.8401132,0.3326619
50.06000018119812,124.07958,0.84018064,0.3326619
50.06999850273132,124.07558,0.84018064,0.3338827
50.08000063896179,124.05558,0.84018064,0.33510345
50.089998960494995,124.05558,0.84031534,0.33632424
50.100001096725464,124.05958,0.84038275,0.33632424
50.10999941825867,124.05958,0.84045005,0.337545
50.120001554489136,124.04358,0.84051746,0.337545
50.12999987602234,124.08758,0.8405848,0.337545
50.13999819755554,124.05558,0.8407196,0.3387658
50.15000033378601,124.04358,0.84078693,0.3387658
50.159998655319214,124.05958,0.84085435,0.33998656
50.17000079154968,124.091576,0.84098905,0.33998656
50.179999113082886,124.11157,0.8411912,0.33998656
50.190001249313354,124.15157,0.841528,0.3387658
50.19999957084656,124.27557,0.84206694,0.33632424
50.210001707077026,124.42758,0.8428754,0.3326619
50.22000002861023,124.619576,0.84375125,0.32655802
50.22999835014343,124.82358,0.8447618,0.3216749
50.2400004863739,125.05557,0.8456377,0.3167918
50.249998807907104,125.15558,0.84604186,0.31435025
50.26000094413757,125.15957,0.8461093,0.315571
50.269999265670776,125.175575,0.8461766,0.315571
50.280001401901245,125.175575,0.8462439,0.3167918
50.28999972343445,125.175575,0.8462439,0.31801257
50.30000185966492,125.15558,0.8462439,0.31923336
50.31000018119812,125.15957,0.84631133,0.31923336
50.31999850273132,125.14757,0.84631133,0.32045412
50.33000063896179,125.10757,0.8463787,0.3216749
50.339998960494995,125.09557,0.84651345,0.3216749
50.350001096725464,125.13158,0.84658086,0.32289568
50.35999941825867,125.10358,0.84658086,0.32289568
50.370001554489136,125.09557,0.84671557,0.32411647
50.37999987602234,125.11157,0.8467829,0.32411647
50.38999819755554,125.13158,0.8469177,0.32411647
50.40000033378601,125.14358,0.84718716,0.32411647
50.409998655319214,125.21557,0.8475914,0.32289568
50.42000079154968,125.33557,0.8482651,0.31801257
50.429999113082886,125.55957,0.84934306,0.31312945
50.440001249313354,125.83558,0.8506904,0.30458403
50.44999957084656,126.175575,0.85223997,0.2948178
50.460001707077026,126.487564,0.85338527,0.2887139
50.47000002861023,126.651566,0.8539916,0.28505158
50.47999835014343,126.76357,0.854598,0.28138924
50.4900004863739,126.915565,0.855339,0.27772692
50.499998807907104,127.07557,0.85628223,0.2728438
50.51000094413757,127.34357,0.8573602,0.26551914
50.519999265670776,127.57957,0.8585054,0.25941524
50.530001401901245,127.779564,0.8591118,0.25575292
50.53999972343445,127.819565,0.8591118,0.25697368
50.55000185966492,127.74756,0.85917914,0.25819448
50.56000018119812,127.70357,0.85917914,0.25941524
50.56999850273132,127.695564,0.85917914,0.26063603
50.58000063896179,127.65957,0.85917914,0.2618568
50.589998960494995,127.62756,0.85917914,0.2630776
50.600001096725464,127.623566,0.85917914,0.26429835
50.60999941825867,127.595566,0.85917914,0.26551914
50.620001554489136,127.56356,0.85917914,0.2667399
50.62999987602234,127.515564,0.85917914,0.2679607
50.63999819755554,127.49157,0.85917914,0.26918146
50.65000033378601,127.46357,0.85917914,0.26918146
50.659998655319214,127.39957,0.85917914,0.27162302
50.67000079154968,127.40756,0.85917914,0.27162302
50.679999113082886,127.40756,0.85917914,0.2728438
50.690001249313354,127.38357,0.85917914,0.27406457
50.69999957084656,127.31957,0.85917914,0.27528536
50.710001707077026,127.29556,0.85917914,0.27650613
50.72000002861023,127.26757,0.85917914,0.27772692
50.72999835014343,127.23157,0.85917914,0.27894768
50.7400004863739,127.21556,0.85917914,0.28016847
50.749998807907104,127.22757,0.85917914,0.28138924
50.76000094413757,127.21957,0.85917914,0.28261003
50.769999265670776,127.167564,0.85917914,0.2838308
50.780001401901245,127.12756,0.85917914,0.28505158
50.78999972343445,127.10357,0.85917914,0.28627235
50.80000185966492,127.06757,0.85917914,0.28749314
50.81000018119812,127.01956,0.85917914,0.2887139
50.81999850273132,127.01956,0.85917914,0.2887139
50.83000063896179,127.01557,0.85917914,0.29115546
50.839998960494995,127.00757,0.85917914,0.29115546
50.850001096725464,126.971565,0.85917914,0.29237625
50.85999941825867,126.97557,0.85917914,0.293597
50.870001554489136,126.94757,0.85917914,0.2948178
50.87999987602234,126.883575,0.85917914,0.29603857
50.88999819755554,126.847565,0.85917914,0.29725936
50.90000033378601,126.83957,0.85917914,0.29848012
50.909998655319214,126.815575,0.85917914,0.29970092
50.92000079154968,126.81157,0.85917914,0.30092168
50.929999113082886,126.791565,0.85917914,0.30214247
50.940001249313354,126.79557,0.85917914,0.30336323
50.94999957084656,126.76357,0.85917914,0.30458403
50.960001707077026,126.71557,0.85917914,0.3058048
50.97000002861023,126.69956,0.85917914,0.30702558
50.97999835014343,126.69157,0.85917914,0.30824634
50.9900004863739,126.66757,0.85917914,0.30824634
50.999998807907104,126.66357,0.85917914,0.3106879
51.01000094413757,126.65557,0.85917914,0.3106879
51.019999265670776,126.62757,0.85917914,0.31312945
51.030001401901245,126.595566,0.85917914,0.31312945
51.03999972343445,126.567566,0.85917914,0.31435025
51.05000185966492,126.54357,0.85917914,0.315571
51.06000018119812,126.50357,0.85917914,0.3167918
51.06999850273132,126.50757,0.85917914,0.31801257
51.08000063896179,126.50757,0.85917914,0.31923336
51.089998960494995,126.523575,0.85917914,0.32045412
51.100001096725464,126.46357,0.85917914,0.3216749
51.10999941825867,126.427574,0.85917914,0.32289568
51.120001554489136,126.42357,0.85924655,0.32289568
51.12999987602234,126.40357,0.85924655,0.32411647
51.13999819755554,126.37557,0.8593139,0.32533723
51.15000033378601,126.37958,0.8593139,0.32655802
51.159998655319214,126.39957,0.85938126,0.32655802
51.17000079154968,126.39957,0.8595834,0.32655802
51.179999113082886,126.40756,0.85971814,0.32655802
51.190001249313354,126.43557,0.85985285,0.3277788
51.19999957084656,126.515564,0.8601223,0.32655802
51.210001707077026,126.563576,0.86066127,0.32411647
51.22000002861023,126.69557,0.8614698,0.31923336
51.22999835014343,126.943565,0.8625477,0.31435025
51.2400004863739,127.19957,0.86376035,0.30702558
51.249998807907104,127.46756,0.86490566,0.29970092
51.26000094413757,127.64757,0.86557937,0.29603857
51.269999265670776,127.71557,0.86571413,0.29603857
51.280001401901245,127.68757,0.86571413,0.29725936
51.28999972343445,127.667564,0.86571413,0.29848012
51.30000185966492,127.67957,0.86571413,0.29970092
51.31000018119812,127.67156,0.86571413,0.30092168
51.31999850273132,127.651566,0.86571413,0.30214247
51.33000063896179,127.63957,0.8657815,0.30214247
51.339998960494995,127.61556,0.8657815,0.30336323
51.350001096725464,127.58756,0.8657815,0.30458403
51.35999941825867,127.51957,0.8657815,0.3058048
51.370001554489136,127.49157,0.8657815,0.30702558
51.37999987602234,127.49157,0.8657815,0.30824634
51.38999819755554,127.471565,0.8657815,0.30946714
51.40000033378601,127.46756,0.8657815,0.3106879
51.409998655319214,127.45556,0.8657815,0.3119087
51.42000079154968,127.45556,0.8657815,0.31312945
51.429999113082886,127.39957,0.8657815,0.31435025
51.440001249313354,127.36356,0.8657815,0.315571
51.44999957084656,127.35156,0.8657815,0.3167918
51.460001707077026,127.31557,0.86584884,0.3167918
51.47000002861023,127.32757,0.86584884,0.31801257
51.47999835014343,127.31957,0.86584884,0.31923336
51.4900004863739,127.31957,0.86584884,0.32045412
51.499998807907104,127.303566,0.86584884,0.3216749
51.51000094413757,127.24356,0.8659162,0.32289568
51.519999265670776,127.25556,0.8659836,0.32289568
51.530001401901245,127.27156,0.8661184,0.32289568
51.53999972343445,127.275566,0.8663878,0.32289568
51.55000185966492,127.35957,0.8667921,0.32045412
51.56000018119812,127.47557,0.867331,0.31801257
51.56999850273132,127.61957,0.8680047,0.31435025
51.58000063896179,127.77157,0.86888057,0.3106879
51.589998960494995,127.98357,0.8698911,0.30458403
51.600001096725464,128.17957,0.87076694,0.29970092
51.60999941825867,128.27956,0.8712385,0.29725936
51.620001554489136,128.32356,0.87137324,0.29725936
51.62999987602234,128.33957,0.87137324,0.29848012
51.63999819755554,128.34756,0.87137324,0.29970092
51.65000033378601,128.34355,0.87137324,0.30092168
51.659998655319214,128.32756,0.87137324,0.30214247
51.67000079154968,128.31557,0.87144065,0.30214247
51.679999113082886,128.26756,0.87144065,0.30336323
51.690001249313354,128.21556,0.87144065,0.30458403
51.69999957084656,128.17155,0.87144065,0.3058048
51.710001707077026,128.15956,0.87144065,0.30702558
51.72000002861023,128.16757,0.871508,0.30824634
51.72999835014343,128.13957,0.8715754,0.30824634
51.7400004863739,128.16356,0.87164277,0.30946714
51.749998807907104,128.18356,0.87164277,0.3106879
51.76000094413757,128.13556,0.87171006,0.3106879
51.769999265670776,128.12357,0.8718448,0.3106879
51.780001401901245,128.12357,0.8719796,0.3119087
51.78999972343445,128.12756,0.87211436,0.3119087
51.80000185966492,128.15556,0.87224907,0.3119087
51.81000018119812,128.19955,0.8724512,0.3119087
51.81999850273132,128.25557,0.872788,0.3106879
51.83000063896179,128.31157,0.87325966,0.30824634
51.839998960494995,128.39557,0.87373126,0.30702558
51.850001096725464,128.51157,0.87420285,0.30458403
51.85999941825867,128.61156,0.8748092,0.30092168
51.870001554489136,128.74756,0.8755502,0.29725936
51.87999987602234,128.92357,0.87635875,0.29237625
51.88999819755554,129.09155,0.87709975,0.2887139
51.90000033378601,129.19556,0.8773693,0.28749314
51.909998655319214,129.20357,0.87743664,0.2887139
51.92000079154968,129.17557,0.87743664,0.2899347
51.929999113082886,129.15556,0.87743664,0.29115546
51.940001249313354,129.11555,0.87743664,0.29237625
51.94999957084656,129.07556,0.87743664,0.293597
51.960001707077026,129.07556,0.87743664,0.2948178
51.97000002861023,129.07556,0.87743664,0.29603857
51.97999835014343,129.04356,0.87743664,0.29725936
51.9900004863739,129.00755,0.877504,0.29725936
51.999998807907104,128.99956,0.877504,0.29848012
52.01000094413757,128.96356,0.877504,0.29970092
52.019999265670776,128.91156,0.877504,0.30092168
52.030001401901245,128.89557,0.877504,0.30214247
52.03999972343445,128.90756,0.87757134,0.30214247
52.05000185966492,128.86757,0.87757134,0.30336323
52.06000018119812,128.83955,0.87757134,0.30458403
52.06999850273132,128.86356,0.87757134,0.3058048
52.08000063896179,128.83556,0.8776387,0.30702558
52.089998960494995,128.79156,0.8777061,0.30702558
52.100001096725464,128.78757,0.87777346,0.30824634
52.10999941825867,128.79156,0.8778409,0.30824634
52.120001554489136,128.79156,0.87797564,0.30946714
52.12999987602234,128.78355,0.8781777,0.30946714
52.13999819755554,128.79556,0.87824506,0.30946714
52.15000033378601,128.82756,0.87831247,0.3106879
52.159998655319214,128.80356,0.8783798,0.3106879
52.17000079154968,128.79156,0.8783798,0.3119087
52.179999113082886,128.78757,0.87844723,0.31312945
52.190001249313354,128.79156,0.8786493,0.31312945
52.19999957084656,128.81956,0.87891877,0.3119087
52.210001707077026,128.89156,0.879323,0.3106879
52.22000002861023,128.97957,0.87972724,0.30824634
52.22999835014343,129.04356,0.8799967,0.30824634
52.2400004863739,129.06757,0.8802662,0.30702558
52.249998807907104,129.11156,0.8806704,0.3058048
52.26000094413757,129.22755,0.8812767,0.30214247
52.269999265670776,129.38356,0.8820852,0.29848012
52.280001401901245,129.55156,0.88296103,0.29237625
52.28999972343445,129.73155,0.8835674,0.2899347
52.30000185966492,129.81955,0.8839042,0.2887139
52.31000018119812,129.81155,0.8839042,0.2899347
52.31999850273132,129.79556,0.8839042,0.29115546
52.33000063896179,129.76756,0.8839716,0.29237625
52.339998960494995,129.74756,0.8839716,0.29237625
52.350001096725464,129.70355,0.8839716,0.2948178
52.35999941825867,129.66356,0.8839716,0.2948178
52.370001554489136,129.66356,0.8839716,0.29725936
52.37999987602234,129.63156,0.8839716,0.29725936
52.38999819755554,129.61955,0.8839716,0.29848012
52.40000033378601,129.59555,0.8839716,0.29970092
52.409998655319214,129.56357,0.8839716,0.30092168
52.42000079154968,129.51956,0.8839716,0.30214247
52.429999113082886,129.49556,0.8839716,0.30336323
52.440001249313354,129.48756,0.8839716,0.30458403
52.44999957084656,129.47556,0.8839716,0.3058048
52.460001707077026,129.43556,0.8839716,0.30702558
52.47000002861023,129.39156,0.8839716,0.30824634
52.47999835014343,129.38756,0.8839716,0.30946714
52.4900004863739,129.34355,0.8839716,0.3106879
52.499998807907104,129.32756,0.8839716,0.3119087
52.51000094413757,129.33156,0.8839716,0.31312945
52.519999265670776,129.31956,0.8839716,0.31435025
52.530001401901245,129.27556,0.8839716,0.31435025
52.53999972343445,129.24356,0.8839716,0.3167918
52.55000185966492,129.23557,0.8839716,0.3167918
52.56000018119812,129.18756,0.8839716,0.31801257
52.56999850273132,129.15956,0.8839716,0.31923336
52.58000063896179,129.13556,0.8839716,0.32045412
52.589998960494995,129.11957,0.8839716,0.3216749
52.600001096725464,129.08356,0.8839716,0.32289568
52.60999941825867,129.05957,0.8839716,0.32411647
52.620001554489136,129.06355,0.8839716,0.32533723
52.62999987602234,129.03555,0.8839716,0.32655802
52.63999819755554,128.99556,0.8840389,0.32655802
52.65000033378601,128.98756,0.8840389,0.3277788
52.659998655319214,128.94756,0.8840389,0.32899958
52.67000079154968,128.92755,0.8840389,0.33022034
52.679999113082886,128.91156,0.8840389,0.33144113
52.690001249313354,128.90356,0.88410634,0.3326619
52.69999957084656,128.89957,0.88410634,0.3338827
52.710001707077026,128.86757,0.8841737,0.3338827
52.72000002861023,128.84755,0.8842411,0.33510345
52.72999835014343,128.85956,0.8842411,0.33632424
52.7400004863739,128.84357,0.88430846,0.33632424
52.749998807907104,128.80356,0.8843759,0.337545
52.76000094413757,128.82356,0.88444316,0.337545
52.769999265670776,128.85556,0.88457793,0.3387658
52.780001401901245,128.88356,0.88484746,0.337545
52.78999972343445,128.92357,0.885319,0.33632424
52.80000185966492,129.09557,0.8861948,0.33022034
52.81000018119812,129.32756,0.8874749,0.32289568
52.81999850273132,129.60356,0.8888897,0.31435025
52.83000063896179,129.94356,0.8903718,0.3058048
52.839998960494995,130.24356,0.8915171,0.29848012
52.850001096725464,130.48355,0.89259505,0.29237625
52.85999941825867,130.71556,0.89374036,0.28505158
52.870001554489136,130.94356,0.8948183,0.27894768
52.87999987602234,131.19955,0.89582884,0.27406457
52.88999819755554,131.34355,0.8964352,0.27040225
52.90000033378601,131.35956,0.89656997,0.27040225
52.909998655319214,131.34755,0.89656997,0.27162302
52.92000079154968,131.33556,0.89656997,0.2728438
52.929999113082886,131.25955,0.89656997,0.27406457
52.940001249313354,131.22755,0.89656997,0.27528536
52.94999957084656,131.21155,0.89656997,0.27650613
52.960001707077026,131.18755,0.89656997,0.27772692
52.97000002861023,131.14355,0.89656997,0.27894768
52.97999835014343,131.08755,0.89656997,0.28016847
52.9900004863739,131.05956,0.89656997,0.28138924
52.999998807907104,131.02354,0.89656997,0.28138924
53.01000094413757,130.94756,0.89656997,0.28261003
53.019999265670776,130.92355,0.89656997,0.2838308
53.030001401901245,130.91156,0.89656997,0.28505158
53.03999972343445,130.87556,0.89656997,0.28627235
53.05000185966492,130.83156,0.89656997,0.28749314
53.06000018119812,130.82755,0.89656997,0.2887139
53.06999850273132,130.77956,0.89656997,0.2899347
53.08000063896179,130.74756,0.89656997,0.29115546
53.089998960494995,130.69556,0.89656997,0.29237625
53.100001096725464,130.67955,0.89656997,0.293597
53.10999941825867,130.63556,0.89656997,0.2948178
53.120001554489136,130.58755,0.89656997,0.29603857
53.12999987602234,130.55956,0.89656997,0.29725936
53.13999819755554,130.54356,0.89663726,0.29725936
53.15000033378601,130.50755,0.89663726,0.29848012
53.159998655319214,130.44756,0.89663726,0.29970092
53.17000079154968,130.42355,0.89663726,0.30092168
53.179999113082886,130.39957,0.89663726,0.30214247
53.190001249313354,130.37555,0.89663726,0.30336323
53.19999957084656,130.33556,0.89663726,0.30458403
53.210001707077026,130.31956,0.89663726,0.3058048
53.22000002861023,130.29555,0.89663726,0.30702558
53.22999835014343,130.24356,0.89663726,0.30824634
53.2400004863739,130.17155,0.89663726,0.30946714
53.249998807907104,130.17555,0.89663726,0.3106879
53.26000094413757,130.16356,0.89663726,0.3119087
53.269999265670776,130.10756,0.89663726,0.31312945
53.280001401901245,130.07556,0.89663726,0.31435025
53.28999972343445,130.07155,0.89663726,0.31435025
53.30000185966492,130.02756,0.89663726,0.3167918
53.31000018119812,129.97955,0.89663726,0.3167918
53.31999850273132,129.99156,0.89663726,0.31801257
53.33000063896179,129.95155,0.8967047,0.31923336
53.339998960494995,129.89156,0.8967047,0.32045412
53.350001096725464,129.87556,0.8967047,0.3216749
53.35999941825867,129.85556,0.8967047,0.32289568
53.370001554489136,129.80756,0.8967047,0.32411647
53.37999987602234,129.78757,0.8967047,0.32411647
53.38999819755554,129.79155,0.896772,0.32533723
53.40000033378601,129.78757,0.8968394,0.32655802
53.409998655319214,129.74356,0.89697415,0.32655802
53.42000079154968,129.76355,0.89717627,0.32655802
53.429999113082886,129.80756,0.89751315,0.32533723
53.440001249313354,129.91556,0.8980521,0.32289568
53.44999957084656,130.05956,0.8988605,0.31801257
53.460001707077026,130.20355,0.8998037,0.31312945
53.47000002861023,130.39555,0.9006122,0.30824634
53.47999835014343,130.53955,0.9014206,0.30458403
53.4900004863739,130.67555,0.9020943,0.30092168
53.499998807907104,130.77155,0.9025659,0.29848012
53.51000094413757,130.79556,0.9026333,0.29848012
53.519999265670776,130.77556,0.9026333,0.29970092
53.530001401901245,130.72356,0.90270066,0.30092168
53.53999972343445,130.71556,0.90270066,0.30214247
53.55000185966492,130.67555,0.90270066,0.30336323
53.56000018119812,130.62755,0.90270066,0.30458403
53.56999850273132,130.57956,0.90270066,0.30458403
53.58000063896179,130.53156,0.90270066,0.30702558
53.589998960494995,130.47556,0.90270066,0.30702558
53.600001096725464,130.41156,0.90270066,0.30824634
53.60999941825867,130.39957,0.902768,0.30946714
53.620001554489136,130.38356,0.902768,0.3106879
53.62999987602234,130.33955,0.9028354,0.3106879
53.63999819755554,130.30356,0.9028354,0.31312945
53.65000033378601,130.27956,0.9028354,0.31312945
53.659998655319214,130.22356,0.9028354,0.31435025
53.67000079154968,130.15556,0.9028354,0.315571
53.679999113082886,130.12355,0.9029028,0.3167918
53.690001249313354,130.10756,0.90297014,0.3167918
53.69999957084656,130.07556,0.9030375,0.31801257
53.710001707077026,130.02356,0.9031049,0.31801257
53.72000002861023,130.01157,0.90317225,0.31923336
53.72999835014343,129.96756,0.9032396,0.32045412
53.7400004863739,129.91556,0.9032396,0.3216749
53.749998807907104,129.86356,0.903307,0.3216749
53.76000094413757,129.85156,0.9033744,0.32289568
53.769999265670776,129.83955,0.90357643,0.32289568
53.780001401901245,129.81955,0.90384597,0.3216749
53.78999972343445,129.85156,0.9042502,0.32045412
53.80000185966492,129.92755,0.90478915,0.3167918
53.81000018119812,129.97156,0.9053955,0.31435025
53.81999850273132,130.01555,0.90593445,0.3119087
53.83000063896179,130.07155,0.90647346,0.30946714
53.839998960494995,130.12355,0.90707976,0.30702558
53.850001096725464,130.11555,0.90755135,0.30458403
53.85999941825867,130.09155,0.90775347,0.30336323
53.870001554489136,129.99556,0.9078208,0.30458403
53.87999987602234,129.85556,0.9078882,0.30458403
53.88999819755554,129.65956,0.9078882,0.30702558
53.90000033378601,129.39957,0.9079556,0.30702558
53.909998655319214,129.09155,0.9079556,0.30824634
53.92000079154968,128.55556,0.9079556,0.30946714
53.929999113082886,104.35564,0.9079556,0.3106879
53.940001249313354,54.73181,0.90802294,0.3106879
53.94999957084656,51.947823,0.9081577,0.3119087
53.960001707077026,50.195827,0.9082251,0.3119087
53.97000002861023,50.839825,0.9082924,0.31312945
53.97999835014343,50.215828,0.90835977,0.31312945
53.9900004863739,50.899826,0.90849453,0.31312945
53.999998807907104,50.179832,0.90856194,0.31435025
54.01000094413757,50.771824,0.90856194,0.315571
54.019999265670776,50.36783,0.9086293,0.3167918
54.030001401901245,50.75583,0.9086293,0.3167918
54.03999972343445,50.42383,0.9086293,0.31801257
54.05000185966492,50.611828,0.90869665,0.31923336
54.06000018119812,50.47183,0.90869665,0.32045412
54.06999850273132,50.699825,0.90876406,0.32045412
54.08000063896179,50.42383,0.90876406,0.32289568
54.089998960494995,50.60383,0.90876406,0.32289568
54.100001096725464,50.539825,0.90883136,0.32411647
54.10999941825867,50.59183,0.90883136,0.32533723
54.120001554489136,50.52383,0.9088988,0.32655802
54.12999987602234,50.611828,0.9088988,0.32655802
54.13999819755554,50.66383,0.9089661,0.3277788
54.15000033378601,50.587826,0.90903354,0.3277788
54.159998655319214,50.599827,0.90916824,0.3277788
54.17000079154968,50.44383,0.909303,0.32899958
54.179999113082886,50.579826,0.9094377,0.32899958
54.190001249313354,50.54783,0.9095725,0.32899958
54.19999957084656,50.695827,0.9097746,0.32899958
54.210001707077026,50.487827,0.9101114,0.3277788
54.22000002861023,50.599827,0.910583,0.32533723
54.22999835014343,50.47183,0.91125673,0.32289568
54.2400004863739,50.647827,0.9119978,0.31801257
54.249998807907104,50.46383,0.9128063,0.31435025
54.26000094413757,50.62383,0.9136147,0.30946714
54.269999265670776,50.48383,0.91422105,0.30702558
54.280001401901245,50.567825,0.9143558,0.30702558
54.28999972343445,50.407825,0.9143558,0.30824634
54.30000185966492,50.579826,0.91442317,0.30824634
54.31000018119812,50.543827,0.91442317,0.30946714
54.31999850273132,50.599827,0.91442317,0.3106879
54.33000063896179,50.499825,0.9144906,0.3119087
54.339998960494995,50.50383,0.9144906,0.31312945
54.350001096725464,50.46383,0.9144906,0.31312945
54.35999941825867,50.55583,0.91455793,0.31435025
54.370001554489136,50.53183,0.91455793,0.315571
54.37999987602234,50.60383,0.9146252,0.3167918
54.38999819755554,50.49183,0.9146252,0.3167918
54.40000033378601,50.479828,0.91469264,0.31801257
54.409998655319214,50.45583,0.91469264,0.31923336
54.42000079154968,50.55583,0.91476,0.32045412
54.429999113082886,50.611828,0.9148274,0.32045412
54.440001249313354,50.55583,0.9148274,0.3216749
54.44999957084656,50.52783,0.9148274,0.32289568
54.460001707077026,50.49183,0.9148274,0.32411647
54.47000002861023,50.50383,0.91489476,0.32411647
54.47999835014343,50.535828,0.9149622,0.32533723
54.4900004863739,50.57183,0.9150295,0.32655802
54.499998807907104,50.55583,0.91516423,0.32655802
54.51000094413757,50.519825,0.91516423,0.3277788
54.519999265670776,50.447826,0.91516423,0.32899958
54.530001401901245,50.53183,0.91516423,0.33022034
54.53999972343445,50.55583,0.9152316,0.33022034
54.55000185966492,50.59183,0.915299,0.33144113
54.56000018119812,50.507828,0.9155011,0.33022034
54.56999850273132,50.57183,0.9157706,0.33022034
54.58000063896179,50.46383,0.9161748,0.32899958
54.589998960494995,50.507828,0.9166464,0.32655802
54.600001096725464,50.475826,0.9173875,0.32289568
54.60999941825867,50.607826,0.918398,0.3167918
54.620001554489136,50.55583,0.9196781,0.30946714
54.62999987602234,50.535828,0.92102545,0.30092168
54.63999819755554,50.42383,0.9221034,0.2948178
54.65000033378601,50.519825,0.9227771,0.29115546
54.659998655319214,50.495827,0.9233835,0.2887139
54.67000079154968,50.57183,0.92398983,0.28505158
54.679999113082886,50.50383,0.9245288,0.28261003
54.690001249313354,50.567825,0.9250678,0.28016847
54.69999957084656,50.487827,0.92574143,0.27650613
54.710001707077026,50.475826,0.92641515,0.2728438
54.72000002861023,50.47183,0.92688674,0.27040225
54.72999835014343,50.55583,0.92715627,0.27040225
54.7400004863739,50.52383,0.92715627,0.27162302
54.749998807907104,50.54783,0.9272236,0.27162302
54.76000094413757,50.495827,0.9272236,0.2728438
54.769999265670776,50.47183,0.9272236,0.27406457
54.780001401901245,50.495827,0.9272236,0.27528536
54.78999972343445,50.60383,0.9272236,0.27650613
54.80000185966492,50.559826,0.9272236,0.27772692
54.81000018119812,50.52783,0.9272236,0.27894768
54.81999850273132,50.46383,0.9272236,0.28016847
54.83000063896179,50.48383,0.9272236,0.28138924
54.839998960494995,50.475826,0.9272236,0.28261003
54.850001096725464,50.53183,0.9272236,0.28261003
54.85999941825867,50.543827,0.9272236,0.28505158
54.870001554489136,50.559826,0.9272236,0.28505158
54.87999987602234,50.451828,0.9272236,0.28749314
54.88999819755554,50.479828,0.92729104,0.28749314
54.90000033378601,50.499825,0.92729104,0.2887139
54.909998655319214,50.583828,0.92729104,0.2899347
54.92000079154968,50.52783,0.92729104,0.29115546
54.929999113082886,50.52783,0.92729104,0.29237625
54.940001249313354,50.447826,0.92729104,0.29237625
54.94999957084656,50.467827,0.92729104,0.2948178
54.960001707077026,50.459827,0.92729104,0.2948178
54.97000002861023,50.57183,0.92729104,0.29725936
54.97999835014343,50.543827,0.92729104,0.29725936
54.9900004863739,50.515827,0.9273583,0.29848012
54.999998807907104,50.44383,0.9273583,0.29970092
55.01000094413757,50.45583,0.9273583,0.30092168
55.019999265670776,50.515827,0.9273583,0.30214247
55.030001401901245,50.59583,0.9273583,0.30336323
55.03999972343445,50.563828,0.9273583,0.30458403
55.05000185966492,50.52783,0.9273583,0.3058048
55.06000018119812,50.47183,0.9274257,0.3058048
55.06999850273132,50.48383,0.9274257,0.30702558
55.08000063896179,50.515827,0.9274931,0.30824634
55.089998960494995,50.57183,0.92756045,0.30824634
55.100001096725464,50.515827,0.92756045,0.30946714
55.10999941825867,50.51183,0.92756045,0.3106879
55.120001554489136,50.46383,0.92762786,0.3119087
55.12999987602234,50.479828,0.92762786,0.31312945
55.13999819755554,50.48383,0.92762786,0.31435025
55.15000033378601,50.567825,0.9276952,0.31435025
55.159998655319214,50.543827,0.9276952,0.315571
55.17000079154968,50.49183,0.92783,0.315571
55.179999113082886,50.439827,0.9279647,0.3167918
55.190001249313354,50.495827,0.9279647,0.3167918
55.19999957084656,50.515827,0.92803204,0.31801257
55.210001707077026,50.52383,0.92809945,0.31801257
55.22000002861023,50.50383,0.9281668,0.31923336
55.22999835014343,50.52783,0.9283016,0.32045412
55.2400004863739,50.48383,0.9283689,0.32045412
55.249998807907104,50.475826,0.92850363,0.32045412
55.26000094413757,50.48383,0.92857105,0.3216749
55.269999265670776,50.52783,0.92870575,0.3216749
55.280001401901245,50.515827,0.92890793,0.3216749
55.28999972343445,50.499825,0.92924476,0.32045412
55.30000185966492,50.495827,0.92971635,0.31801257
55.31000018119812,50.519825,0.93039006,0.31435025
55.31999850273132,50.507828,0.9311985,0.30946714
55.33000063896179,50.51183,0.93214166,0.30458403
55.339998960494995,50.51183,0.9332196,0.29848012
55.350001096725464,50.50383,0.9339607,0.2948178
55.35999941825867,50.475826,0.9342975,0.29237625
55.370001554489136,50.459827,0.9343649,0.293597
55.37999987602234,50.45583,0.9343649,0.2948178
55.38999819755554,50.479828,0.9343649,0.29603857
55.40000033378601,50.519825,0.9343649,0.29725936
55.409998655319214,50.539825,0.9343649,0.29848012
55.42000079154968,50.51183,0.9343649,0.29970092
55.429999113082886,50.47183,0.93443227,0.30092168
55.440001249313354,50.459827,0.93443227,0.30092168
55.44999957084656,50.519825,0.93443227,0.30214247
55.460001707077026,50.54783,0.93443227,0.30336323
55.47000002861023,50.519825,0.9344997,0.30458403
55.47999835014343,50.507828,0.9344997,0.3058048
55.4900004863739,50.495827,0.9344997,0.30702558
55.499998807907104,50.47183,0.9344997,0.30824634
55.51000094413757,50.479828,0.9344997,0.30824634
55.519999265670776,50.519825,0.93456703,0.30946714
55.530001401901245,50.543827,0.93456703,0.3106879
55.53999972343445,50.507828,0.93456703,0.3119087
55.55000185966492,50.47183,0.9346344,0.31312945
55.56000018119812,50.49183,0.9346344,0.31435025
55.56999850273132,50.519825,0.9347018,0.31435025
55.58000063896179,50.52383,0.9347691,0.315571
55.589998960494995,50.519825,0.9348365,0.315571
55.600001096725464,50.495827,0.9349713,0.3167918
55.60999941825867,50.467827,0.9350386,0.3167918
55.620001554489136,50.451828,0.9351734,0.3167918
55.62999987602234,50.475826,0.93524075,0.31801257
55.63999819755554,50.52783,0.9353081,0.31801257
55.65000033378601,50.53183,0.9354428,0.31801257
55.659998655319214,50.499825,0.9355776,0.31923336
55.67000079154968,50.51183,0.93571234,0.31923336
55.679999113082886,50.48383,0.9359818,0.31801257
55.690001249313354,50.487827,0.936386,0.3167918
55.69999957084656,50.507828,0.9367229,0.315571
55.710001707077026,50.53183,0.93705976,0.31435025
55.72000002861023,50.50383,0.93753135,0.3119087
55.72999835014343,50.475826,0.9380703,0.30946714
55.7400004863739,50.47183,0.938744,0.3058048
55.749998807907104,50.479828,0.93935037,0.30336323
55.76000094413757,50.487827,0.9396872,0.30214247
55.769999265670776,50.499825,0.93975455,0.30214247
55.780001401901245,50.51183,0.93982196,0.30336323
55.78999972343445,50.515827,0.93982196,0.30458403
55.80000185966492,50.479828,0.93982196,0.3058048
55.81000018119812,50.475826,0.9398893,0.30702558
55.81999850273132,50.495827,0.9398893,0.30702558
55.83000063896179,50.507828,0.9398893,0.30824634
55.839998960494995,50.50383,0.9399567,0.30946714
55.850001096725464,50.49183,0.9399567,0.3106879
55.85999941825867,50.50383,0.9399567,0.3119087
55.870001554489136,50.479828,0.9400241,0.3119087
55.87999987602234,50.475826,0.9400241,0.31312945
55.88999819755554,50.52383,0.94009143,0.31435025
55.90000033378601,50.543827,0.94009143,0.315571
55.909998655319214,50.51183,0.94009143,0.3167918
55.92000079154968,50.479828,0.9401588,0.3167918
55.929999113082886,50.467827,0.94022614,0.31801257
55.940001249313354,50.49183,0.94022614,0.31923336
55.94999957084656,50.495827,0.94029355,0.31923336
55.960001707077026,50.499825,0.9403609,0.32045412
55.97000002861023,50.51183,0.9404283,0.32045412
55.97999835014343,50.487827,0.9404283,0.32289568
55.9900004863739,50.44383,0.94049567,0.32289568
55.999998807907104,50.50383,0.9406304,0.32289568
56.01000094413757,50.52783,0.94076514,0.32289568
56.019999265670776,50.52383,0.9408999,0.32411647
56.030001401901245,50.519825,0.94096726,0.32411647
56.03999972343445,50.50383,0.9411693,0.32411647
56.05000185966492,50.487827,0.94143885,0.32411647
56.06000018119812,50.49183,0.9417757,0.32289568
56.06999850273132,50.51183,0.94211257,0.32045412
56.08000063896179,50.535828,0.94258416,0.31923336
56.089998960494995,50.495827,0.94305575,0.3167918
56.100001096725464,50.479828,0.9436621,0.31312945
56.10999941825867,50.48383,0.94426847,0.3106879
56.120001554489136,50.507828,0.9448747,0.30824634
56.12999987602234,50.49183,0.945279,0.3058048
56.13999819755554,50.51183,0.9455485,0.30458403
56.15000033378601,50.519825,0.9457506,0.30458403
56.159998655319214,50.515827,0.94581795,0.3058048
56.17000079154968,50.475826,0.9458853,0.30702558
56.179999113082886,50.49183,0.9458853,0.30702558
56.190001249313354,50.50383,0.94595265,0.30824634
56.19999957084656,50.51183,0.94595265,0.30946714
56.210001707077026,50.48383,0.94602007,0.3106879
56.22000002861023,50.495827,0.9460874,0.3106879
56.22999835014343,50.507828,0.9460874,0.3119087
56.2400004863739,50.487827,0.9460874,0.31312945
56.249998807907104,50.487827,0.9460874,0.31435025
56.26000094413757,50.495827,0.9460874,0.315571
56.269999265670776,50.507828,0.9460874,0.3167918
56.280001401901245,50.507828,0.9460874,0.31801257
56.28999972343445,50.487827,0.9461548,0.31801257
56.30000185966492,50.507828,0.9461548,0.31923336
56.31000018119812,50.50383,0.9461548,0.32045412
56.31999850273132,50.48383,0.9461548,0.3216749
56.33000063896179,50.507828,0.9461548,0.32289568
56.339998960494995,50.52383,0.9462222,0.32411647
56.350001096725464,50.507828,0.9462222,0.32411647
56.35999941825867,50.47183,0.9462222,0.32655802
56.370001554489136,50.487827,0.9462222,0.32655802
56.37999987602234,50.51183,0.94628954,0.3277788
56.38999819755554,50.499825,0.94635695,0.3277788
56.40000033378601,50.50383,0.94635695,0.33022034
56.409998655319214,50.515827,0.94642425,0.33022034
56.42000079154968,50.50383,0.9464916,0.33144113
56.429999113082886,50.46383,0.94662637,0.33144113
56.440001249313354,50.49183,0.94662637,0.3326619
56.44999957084656,50.539825,0.9466938,0.3326619
56.460001707077026,50.52783,0.94676113,0.3338827
56.47000002861023,50.50383,0.94682854,0.3338827
56.47999835014343,50.499825,0.9468959,0.33510345
56.4900004863739,50.495827,0.9470306,0.33510345
56.499998807907104,50.499825,0.94709796,0.33632424
56.51000094413757,50.495827,0.9472327,0.33632424
56.519999265670776,50.507828,0.94743484,0.33632424
56.530001401901245,50.499825,0.9477043,0.33510345
56.53999972343445,50.467827,0.94810855,0.3338827
56.55000185966492,50.499825,0.9486475,0.33144113
56.56000018119812,50.519825,0.94925386,0.3277788
56.56999850273132,50.507828,0.9498602,0.32533723
56.58000063896179,50.519825,0.95039916,0.32289568
56.589998960494995,50.519825,0.9511403,0.31923336
56.600001096725464,50.51183,0.95201606,0.31435025
56.60999941825867,50.459827,0.9527572,0.30946714
56.620001554489136,50.475826,0.95316136,0.30824634
56.62999987602234,50.50383,0.9533634,0.30702558
56.63999819755554,50.499825,0.95343083,0.30824634
56.65000033378601,50.48383,0.9535656,0.30824634
56.659998655319214,50.499825,0.95370036,0.30824634
56.67000079154968,50.507828,0.95383507,0.30824634
56.679999113082886,50.52383,0.95410454,0.30824634
56.690001249313354,50.50383,0.9545088,0.30702558
56.69999957084656,50.52783,0.9550477,0.30458403
56.710001707077026,50.507828,0.95578885,0.30092168
56.72000002861023,50.519825,0.95652986,0.29725936
56.72999835014343,50.50383,0.95720357,0.29237625
56.7400004863739,50.49183,0.95787734,0.2887139
56.749998807907104,50.487827,0.95848364,0.28627235
56.76000094413757,50.479828,0.9587531,0.28505158
56.769999265670776,50.495827,0.9588879,0.28505158
56.780001401901245,50.515827,0.9588879,0.28749314
56.78999972343445,50.487827,0.9589552,0.28749314
56.80000185966492,50.50383,0.9589552,0.2887139
56.81000018119812,50.507828,0.9589552,0.2899347
56.81999850273132,50.519825,0.9589552,0.29115546
56.83000063896179,50.495827,0.9589552,0.29237625
56.839998960494995,50.495827,0.9589552,0.29237625
56.850001096725464,50.51183,0.9589552,0.2948178
56.85999941825867,50.495827,0.9589552,0.2948178
56.870001554489136,50.48383,0.95902264,0.29603857
56.87999987602234,50.515827,0.95902264,0.29725936
56.88999819755554,50.519825,0.95902264,0.29848012
56.90000033378601,50.519825,0.95902264,0.29970092
56.909998655319214,50.495827,0.95902264,0.30092168
56.92000079154968,50.507828,0.95902264,0.30214247
56.929999113082886,50.53183,0.95909,0.30214247
56.940001249313354,50.50383,0.95909,0.30336323
56.94999957084656,50.495827,0.95909,0.30458403
56.960001707077026,50.515827,0.95909,0.3058048
56.97000002861023,50.487827,0.95909,0.30702558
56.97999835014343,50.47183,0.95909,0.30824634
56.9900004863739,50.499825,0.95909,0.30946714
56.999998807907104,50.515827,0.95909,0.3106879
57.01000094413757,50.50383,0.95909,0.3119087
57.019999265670776,50.495827,0.95909,0.31312945
57.030001401901245,50.49183,0.95915735,0.31312945
57.03999972343445,50.499825,0.95915735,0.31435025
57.05000185966492,50.49183,0.9592247,0.315571
57.06000018119812,50.499825,0.9592247,0.3167918
57.06999850273132,50.519825,0.95929205,0.3167918
57.08000063896179,50.487827,0.95935947,0.31801257
57.089998960494995,50.479828,0.9594268,0.31801257
57.100001096725464,50.48383,0.95949423,0.31923336
57.10999941825867,50.50383,0.9595616,0.32045412
57.120001554489136,50.50383,0.9596963,0.32045412
57.12999987602234,50.507828,0.9598984,0.32045412
57.13999819755554,50.50383,0.96023524,0.31923336
57.15000033378601,50.52383,0.96077424,0.3167918
57.159998655319214,50.49183,0.96138054,0.31435025
57.17000079154968,50.499825,0.9620543,0.3106879
57.179999113082886,50.519825,0.9626606,0.30702558
57.190001249313354,50.507828,0.96326697,0.30336323
57.19999957084656,50.475826,0.9639406,0.30092168
57.210001707077026,50.48383,0.964547,0.29725936
57.22000002861023,50.52383,0.9650186,0.2948178
57.22999835014343,50.499825,0.96535546,0.293597
57.2400004863739,50.487827,0.9655576,0.293597
57.249998807907104,50.50383,0.9656923,0.293597
57.26000094413757,50.51183,0.96582705,0.293597
57.269999265670776,50.499825,0.96589446,0.2948178
57.280001401901245,50.49183,0.96589446,0.29603857
57.28999972343445,50.51183,0.9659618,0.29725936
57.30000185966492,50.495827,0.9659618,0.29725936
57.31000018119812,50.487827,0.96602917,0.29848012
57.31999850273132,50.50383,0.96602917,0.29970092
57.33000063896179,50.519825,0.96602917,0.30092168
57.339998960494995,50.487827,0.9660965,0.30092168
57.350001096725464,50.479828,0.9662313,0.30214247
57.35999941825867,50.495827,0.9662313,0.30214247
57.370001554489136,50.499825,0.9662313,0.30458403
57.37999987602234,50.49183,0.96629864,0.30458403
57.38999819755554,50.495827,0.9664334,0.30458403
57.40000033378601,50.51183,0.96650076,0.3058048
57.409998655319214,50.499825,0.9665681,0.3058048
57.42000079154968,50.47183,0.96663547,0.30702558
57.429999113082886,50.495827,0.96663547,0.30824634
57.440001249313354,50.51183,0.96677023,0.30824634
57.44999957084656,50.495827,0.96683764,0.30824634
57.460001707077026,50.48383,0.96697235,0.30946714
57.47000002861023,50.495827,0.96710706,0.30946714
57.47999835014343,50.499825,0.9671745,0.3106879
57.4900004863739,50.49183,0.9672418,0.3106879
57.499998807907104,50.495827,0.9672418,0.3119087
57.51000094413757,50.49183,0.9673092,0.31312945
57.519999265670776,50.487827,0.9673092,0.31435025
57.530001401901245,50.49183,0.9673766,0.31435025
57.53999972343445,50.499825,0.96744394,0.315571
57.55000185966492,50.51183,0.9675787,0.315571
57.56000018119812,50.499825,0.96778077,0.315571
57.56999850273132,50.495827,0.96798295,0.315571
57.58000063896179,50.507828,0.968185,0.31435025
57.589998960494995,50.51183,0.96845454,0.31435025
57.600001096725464,50.507828,0.96879137,0.31312945
57.60999941825867,50.479828,0.96906084,0.3119087
57.620001554489136,50.52383,0.9693303,0.3106879
57.62999987602234,50.515827,0.96973455,0.30946714
57.63999819755554,50.49183,0.9702062,0.30702558
57.65000033378601,50.48383,0.9704756,0.30702558
57.659998655319214,50.51183,0.9706104,0.30702558
57.67000079154968,50.51183,0.9706104,0.30824634
57.679999113082886,50.49183,0.9706778,0.30946714
57.690001249313354,50.49183,0.9706778,0.3106879
57.69999957084656,50.515827,0.9706778,0.3106879
57.710001707077026,50.495827,0.97074515,0.3119087
57.72000002861023,50.49183,0.97081244,0.31312945
57.72999835014343,50.515827,0.97081244,0.31435025
57.7400004863739,50.49183,0.97087985,0.31435025
57.749998807907104,50.50383,0.9709472,0.315571
57.76000094413757,50.49183,0.9710146,0.315571
57.769999265670776,50.519825,0.971082,0.3167918
57.780001401901245,50.479828,0.9711493,0.3167918
57.78999972343445,50.49183,0.9711493,0.31801257
57.80000185966492,50.51183,0.97121674,0.31923336
57.81000018119812,50.52383,0.97121674,0.32045412
57.81999850273132,50.51183,0.9712841,0.32045412
57.83000063896179,50.50383,0.97135144,0.3216749
57.839998960494995,50.51183,0.97135144,0.32289568
57.850001096725464,50.50383,0.97135144,0.32411647
57.85999941825867,50.49183,0.9714188,0.32533723
57.870001554489136,50.50383,0.9714862,0.32533723
57.87999987602234,50.51183,0.9714862,0.32655802
57.88999819755554,50.50383,0.9714862,0.3277788
57.90000033378601,50.507828,0.97155356,0.3277788
57.909998655319214,50.507828,0.9716209,0.32899958
57.92000079154968,50.499825,0.97168833,0.33022034
57.929999113082886,50.479828,0.97168833,0.33022034
57.940001249313354,50.51183,0.9718231,0.33144113
57.94999957084656,50.507828,0.9718904,0.33144113
57.960001707077026,50.519825,0.97202516,0.3326619
57.97000002861023,50.48383,0.9720925,0.3326619
57.97999835014343,50.499825,0.9721599,0.3326619
57.9900004863739,50.50383,0.9722273,0.3338827
57.999998807907104,50.499825,0.9722947,0.3338827
58.01000094413757,50.479828,0.97236204,0.33510345
58.019999265670776,50.51183,0.97249675,0.33510345
58.030001401901245,50.507828,0.9726315,0.33632424
58.03999972343445,50.519825,0.9727663,0.33632424
58.05000185966492,50.507828,0.9731031,0.33510345
58.06000018119812,50.51183,0.9735073,0.3338827
58.06999850273132,50.50383,0.9739789,0.33144113
58.08000063896179,50.499825,0.9744505,0.32899958
58.089998960494995,50.479828,0.9750568,0.32655802
58.100001096725464,50.515827,0.97579795,0.32289568
58.10999941825867,50.49183,0.976539,0.31801257
58.120001554489136,50.479828,0.9772127,0.31435025
58.12999987602234,50.475826,0.97761697,0.31312945
58.13999819755554,50.495827,0.97781914,0.31312945
