"TEST_HEADER_START","Data source","Date","Time","Start Timestamp","End Timestamp","Specimen identifier","TEST_HEADER_END","SPECIMEN_HEADER_START","Specimen type","Thickness (mm)","Area (sq mm)","Axial Gauge Length (mm)","Transverse Gauge Length (mm)","Grip Separation (mm)","SPECIMEN_HEADER_END","RESULTS_HEADER_START","Displacement at 0.000 N (%) ","Displacement at Maximum Load (%) ","Extension at Max Load (mm) ","Load at Break (N) ","Load at Max Position (N) ","RESULTS_HEADER_END"
"TEST_INFO_START","L168-180-1L-2026-04-14-11-22-23.mtwData","2026-04-14","11:22:23","2026-04-14 11:22:23.724","2026-04-14 11:22:23.767","35","TEST_INFO_END","SPECIMEN_INFO_START","Thickness",10.2,999999.9,7.6199994,7.6199994,25.0,"SPECIMEN_INFO_END","RESULTS_INFO_START","0.00","N/A","N/A","N/A","N/A","N/A","N/A","N/A","N/A","N/A","9.05","0.690","44.964","RESULTS_INFO_END"

"Time","Load (N)","Position (mm)","Control Out (V)"
0.0,0.13999952,0.0,0.39980468
0.01000000536441803,0.3239989,8.08449E-4,0.39614233
0.019999995827674866,0.53599817,0.001886381,0.39003846
0.030000001192092896,0.8279972,0.0031664255,0.381493
0.03999999165534973,1.1079962,0.004581211,0.37294757
0.04999999701976776,1.3519953,0.0059959968,0.36440212
0.06000000238418579,1.4719949,0.0070739286,0.35829824
0.06999999284744263,1.5399947,0.007815006,0.3546359
0.07999999821186066,1.6039946,0.008556086,0.34975278
0.09000000357627869,1.7159941,0.009297163,0.34609047
0.09999999403953552,1.9279935,0.010038242,0.34242812
0.10999999940395355,2.2119925,0.010914061,0.337545
0.12000000476837158,2.4999914,0.011857252,0.3326619
0.12999999523162842,2.6599908,0.01259833,0.32899958
0.13999998569488525,2.7399905,0.013204668,0.32533723
0.15000000596046448,2.7959905,0.013945745,0.32045412
0.1599999964237213,2.8159904,0.014821565,0.3167918
0.16999998688697815,2.9119902,0.015697384,0.3106879
0.18000000715255737,3.0439897,0.016573204,0.30702558
0.1899999976158142,3.2159889,0.017314283,0.30214247
0.19999998807907104,3.4359884,0.01798799,0.29970092
0.21000000834465027,3.5719879,0.018392216,0.29725936
0.2199999988079071,3.7159872,0.018661696,0.29603857
0.22999998927116394,3.783987,0.018998552,0.2948178
0.24000000953674316,3.7919872,0.019335406,0.2948178
0.25,3.799987,0.01973963,0.29237625
0.25999999046325684,3.847987,0.020345967,0.2899347
0.27000001072883606,3.9719865,0.021019675,0.28505158
0.2800000011920929,4.059986,0.02162601,0.2838308
0.28999999165534973,4.1439857,0.022030236,0.28138924
0.30000001192092896,4.2439857,0.02236709,0.28016847
0.3100000023841858,4.3279853,0.022636572,0.27894768
0.3199999928474426,4.387985,0.022973426,0.27772692
0.32999998331069946,4.4479847,0.023175538,0.27772692
0.3400000035762787,4.471985,0.02331028,0.27772692
0.3499999940395355,4.459985,0.023445021,0.27772692
0.35999998450279236,4.443985,0.023512393,0.27894768
0.3700000047683716,4.451985,0.023579761,0.28016847
0.3799999952316284,4.4959846,0.023647133,0.28016847
0.38999998569488525,4.5159845,0.023647133,0.28138924
0.3999999761581421,4.523985,0.023647133,0.28261003
0.4100000262260437,4.5719843,0.023714503,0.2838308
0.42000001668930054,4.587984,0.023714503,0.2838308
0.4300000071525574,4.5919843,0.023781875,0.28505158
0.4399999976158142,4.5759845,0.023849245,0.28505158
0.44999998807907104,4.579984,0.023849245,0.28749314
0.4599999785423279,4.5199847,0.023916617,0.28749314
0.4699999690055847,4.5279846,0.023983987,0.2887139
0.48000001907348633,4.5559845,0.024118729,0.2887139
0.49000000953674316,4.6239843,0.02432084,0.2887139
0.5,4.679984,0.024522955,0.28749314
0.5099999904632568,4.727984,0.024725065,0.28749314
0.5199999809265137,4.767984,0.024859807,0.28749314
0.5299999713897705,4.7919836,0.025061918,0.28749314
0.5400000214576721,4.787984,0.025398774,0.28627235
0.550000011920929,4.8519835,0.025735626,0.28505158
0.5600000023841858,4.9199834,0.026207222,0.2838308
0.5699999928474426,4.995983,0.026678817,0.28138924
0.5799999833106995,5.1119823,0.027217783,0.27894768
0.5899999737739563,5.207982,0.027622007,0.27650613
0.6000000238418579,5.2839823,0.027824119,0.27650613
0.6100000143051147,5.287982,0.02795886,0.27650613
0.6200000047683716,5.275982,0.028093603,0.27772692
0.6299999952316284,5.3039823,0.028295716,0.27650613
0.6399999856948853,5.347982,0.028430458,0.27772692
0.6499999761581421,5.395982,0.028565198,0.27772692
0.6600000262260437,5.4279814,0.028699938,0.27772692
0.6700000166893005,5.4719815,0.02876731,0.27772692
0.6800000071525574,5.5079813,0.028902052,0.27894768
0.6899999976158142,5.499981,0.029036794,0.27894768
0.699999988079071,5.5079813,0.029104164,0.28016847
0.7099999785423279,5.5079813,0.029104164,0.28016847
0.7199999690055847,5.4919815,0.029238906,0.28138924
0.7300000190734863,5.499981,0.029306278,0.28138924
0.7400000095367432,5.535981,0.029373648,0.28261003
0.75,5.5799813,0.02944102,0.28261003
0.7599999904632568,5.591981,0.02950839,0.2838308
0.7699999809265137,5.595981,0.02964313,0.2838308
0.7799999713897705,5.623981,0.0297105,0.2838308
0.7900000214576721,5.6199813,0.029777871,0.28505158
0.800000011920929,5.6199813,0.029845241,0.28505158
0.8100000023841858,5.603981,0.029979983,0.28627235
0.8199999928474426,5.6559806,0.030114725,0.28627235
0.8299999833106995,5.6999807,0.030249467,0.28627235
0.8399999737739563,5.7439804,0.03038421,0.28627235
0.8500000238418579,5.7639804,0.030586323,0.28627235
0.8600000143051147,5.8279805,0.030721063,0.28627235
0.8700000047683716,5.83598,0.030855807,0.28749314
0.8799999952316284,5.83198,0.030990547,0.28749314
0.8899999856948853,5.85198,0.031192658,0.28749314
0.8999999761581421,5.88398,0.03139477,0.28627235
0.9099999666213989,5.91598,0.031664252,0.28627235
0.9199999570846558,5.95998,0.031933736,0.28505158
0.9299999475479126,6.02798,0.03220322,0.28505158
0.940000057220459,6.1079793,0.032540075,0.2838308
0.9500000476837158,6.179979,0.0329443,0.28138924
0.9600000381469727,6.255979,0.033348523,0.28016847
0.9700000286102295,6.3279786,0.033618007,0.27894768
0.9800000190734863,6.343978,0.033752747,0.28016847
0.9900000095367432,6.303979,0.03382012,0.28016847
1.0,6.319978,0.03388749,0.28138924
1.0099999904632568,6.3519783,0.03395486,0.28138924
1.0199999809265137,6.363978,0.03395486,0.28261003
1.0299999713897705,6.387978,0.03402223,0.2838308
1.0399999618530273,6.4519777,0.034089603,0.2838308
1.0499999523162842,6.455978,0.034156974,0.28505158
1.059999942779541,6.467978,0.034291714,0.28505158
1.0700000524520874,6.467978,0.034493826,0.28505158
1.0800000429153442,6.503978,0.03462857,0.28505158
1.090000033378601,6.511978,0.034830682,0.28505158
1.100000023841858,6.511978,0.034965422,0.28505158
1.1100000143051147,6.5399776,0.03516753,0.28505158
1.1200000047683716,6.6039777,0.035234902,0.28505158
1.1299999952316284,6.6559772,0.035302274,0.28627235
1.1399999856948853,6.6679773,0.035369646,0.28749314
1.149999976158142,6.679977,0.035437014,0.28749314
1.159999966621399,6.699977,0.035504386,0.28749314
1.1699999570846558,6.679977,0.035571758,0.2887139
1.1799999475479126,6.6639776,0.03563913,0.2899347
1.190000057220459,6.6679773,0.035706498,0.2899347
1.2000000476837158,6.703977,0.03577387,0.29115546
1.2100000381469727,6.723977,0.035908613,0.29115546
1.2200000286102295,6.747977,0.035908613,0.29237625
1.2300000190734863,6.7799773,0.035908613,0.293597
1.2400000095367432,6.7799773,0.03597598,0.293597
1.25,6.783977,0.036043353,0.2948178
1.2599999904632568,6.7759767,0.036110725,0.2948178
1.2699999809265137,6.7999773,0.036110725,0.29725936
1.2799999713897705,6.7959766,0.036178093,0.29725936
1.2899999618530273,6.771977,0.036312837,0.29725936
1.2999999523162842,6.791977,0.03638021,0.29848012
1.309999942779541,6.8479767,0.036447577,0.29970092
1.3200000524520874,6.871977,0.03658232,0.29970092
1.3300000429153442,6.891977,0.036784433,0.29970092
1.340000033378601,6.9359765,0.036986545,0.29848012
1.350000023841858,6.995976,0.037188653,0.29848012
1.3600000143051147,6.987976,0.037323397,0.29970092
1.3700000047683716,6.999976,0.037458137,0.29848012
1.3799999952316284,7.023976,0.037660252,0.29848012
1.3899999856948853,7.0919757,0.037929732,0.29725936
1.399999976158142,7.1319757,0.038199216,0.29725936
1.409999966621399,7.2159753,0.038670816,0.2948178
1.4199999570846558,7.371975,0.039209776,0.293597
1.4299999475479126,7.4999743,0.039816115,0.2899347
1.440000057220459,7.579974,0.040355083,0.28749314
1.4500000476837158,7.655974,0.04089405,0.28505158
1.4600000381469727,7.6999736,0.04129827,0.28261003
1.4700000286102295,7.707974,0.041635126,0.28138924
1.4800000190734863,7.683974,0.041769866,0.28138924
1.4900000095367432,7.715974,0.041769866,0.28261003
1.5,7.755974,0.041769866,0.2838308
1.5099999904632568,7.811973,0.041837238,0.28505158
1.5199999809265137,7.8559732,0.041837238,0.28627235
1.5299999713897705,7.923973,0.041837238,0.28749314
1.5399999618530273,7.935973,0.04190461,0.28749314
1.5499999523162842,7.907973,0.04190461,0.2887139
1.559999942779541,7.8239737,0.041971978,0.2899347
1.5700000524520874,7.8079734,0.041971978,0.29115546
1.5800000429153442,7.7959733,0.04210672,0.29115546
1.590000033378601,7.811973,0.04224146,0.29115546
1.600000023841858,7.863973,0.042308833,0.29115546
1.6100000143051147,7.943973,0.042376205,0.29237625
1.6200000047683716,7.9999723,0.042443577,0.293597
1.6299999952316284,8.019973,0.042510945,0.293597
1.6399999856948853,8.035973,0.042578317,0.2948178
1.649999976158142,8.007973,0.04264569,0.2948178
1.659999966621399,7.939973,0.042713057,0.29603857
1.6699999570846558,7.9119735,0.0428478,0.29603857
1.6799999475479126,7.935973,0.042915173,0.29725936
1.690000057220459,7.9759727,0.04298254,0.29848012
1.7000000476837158,8.0239725,0.04304991,0.29848012
1.7100000381469727,8.091972,0.043184653,0.29848012
1.7200000286102295,8.167973,0.04325202,0.29970092
1.7300000190734863,8.159972,0.043319393,0.29970092
1.7400000095367432,8.131972,0.043454133,0.29970092
1.75,8.127973,0.04365625,0.29970092
1.7599999904632568,8.151972,0.04385836,0.29970092
1.7699999809265137,8.163973,0.044060472,0.29970092
1.7799999713897705,8.195972,0.044262584,0.29970092
1.7899999618530273,8.2879715,0.04466681,0.29725936
1.7999999523162842,8.475971,0.045340516,0.2948178
1.809999942779541,8.651971,0.046148967,0.2899347
1.8200000524520874,8.855969,0.047092155,0.28505158
1.8300000429153442,9.043969,0.048102718,0.27772692
1.840000033378601,9.191969,0.04931539,0.27162302
1.850000023841858,9.311968,0.05025858,0.26551914
1.8600000143051147,9.371968,0.05099966,0.2618568
1.869999885559082,9.455968,0.051673368,0.25819448
1.880000114440918,9.591968,0.052279703,0.25575292
1.8900001049041748,9.711967,0.05268393,0.25331137
1.9000000953674316,9.851966,0.052886043,0.25331137
1.9100000858306885,9.967967,0.052886043,0.25453213
1.9200000762939453,10.011966,0.052953415,0.25453213
1.9300000667572021,9.983966,0.053020783,0.25575292
1.940000057220459,9.967967,0.053020783,0.25697368
1.9500000476837158,9.927966,0.053020783,0.25819448
1.9600000381469727,9.855967,0.05308815,0.25819448
1.9700000286102295,9.799967,0.05308815,0.25941524
1.9800000190734863,9.851966,0.05308815,0.26063603
1.9900000095367432,9.899967,0.05308815,0.2618568
2.0,9.947967,0.05308815,0.2630776
2.009999990463257,9.991966,0.053155523,0.26429835
2.0199999809265137,10.027966,0.053155523,0.26551914
2.0299999713897705,9.999966,0.053155523,0.2667399
2.0399999618530273,9.923966,0.053155523,0.2679607
2.049999952316284,9.883966,0.053155523,0.26918146
2.059999942779541,9.835966,0.053155523,0.27040225
2.069999933242798,9.827967,0.053155523,0.27162302
2.0799999237060547,9.839967,0.053155523,0.27162302
2.0899999141693115,9.907967,0.053155523,0.27406457
2.0999999046325684,9.967967,0.053155523,0.27406457
2.109999895095825,9.991966,0.053155523,0.27528536
2.119999885559082,9.971966,0.053155523,0.27650613
2.130000114440918,9.959966,0.053155523,0.27772692
2.140000104904175,9.903966,0.053222895,0.27894768
2.1500000953674316,9.831967,0.053222895,0.28016847
2.1600000858306885,9.815967,0.053222895,0.28138924
2.1700000762939453,9.847966,0.053290263,0.28138924
2.180000066757202,9.903966,0.053357635,0.28261003
2.190000057220459,9.959966,0.053425007,0.28261003
2.200000047683716,10.027966,0.05349238,0.2838308
2.2100000381469727,10.0679655,0.053559747,0.28505158
2.2200000286102295,10.039966,0.05362712,0.28505158
2.2300000190734863,10.015966,0.05376186,0.28505158
2.240000009536743,10.007965,0.053896602,0.28505158
2.25,10.011966,0.054031342,0.28505158
2.259999990463257,9.971966,0.054098714,0.28627235
2.2699999809265137,10.007965,0.054166086,0.28749314
2.2799999713897705,10.087965,0.054300826,0.28749314
2.2899999618530273,10.155965,0.05450294,0.28749314
2.299999952316284,10.219966,0.05457031,0.28749314
2.309999942779541,10.239965,0.05463768,0.2887139
2.319999933242798,10.247966,0.05477242,0.2887139
2.3299999237060547,10.191965,0.054839794,0.2899347
2.3399999141693115,10.147965,0.054907165,0.2899347
2.3499999046325684,10.167966,0.055041905,0.2899347
2.359999895095825,10.1999655,0.055109274,0.29115546
2.369999885559082,10.247966,0.055244017,0.29115546
2.380000114440918,10.303965,0.055311386,0.29115546
2.390000104904175,10.367965,0.055378757,0.29237625
2.4000000953674316,10.387964,0.05544613,0.293597
2.4100000858306885,10.403965,0.05564824,0.293597
2.4200000762939453,10.391965,0.05578298,0.293597
2.430000066757202,10.387964,0.055850353,0.293597
2.440000057220459,10.343965,0.055850353,0.2948178
2.450000047683716,10.327964,0.055985097,0.29603857
2.4600000381469727,10.367965,0.056052465,0.29603857
2.4700000286102295,10.411964,0.056119837,0.29725936
2.4800000190734863,10.471965,0.05618721,0.29725936
2.490000009536743,10.511965,0.05632195,0.29725936
2.5,10.575964,0.05652406,0.29725936
2.509999990463257,10.599963,0.056658804,0.29725936
2.5199999809265137,10.579965,0.056793544,0.29725936
2.5299999713897705,10.587964,0.057130396,0.29603857
2.5399999618530273,10.6479645,0.057601992,0.2948178
2.549999952316284,10.763964,0.05814096,0.29115546
2.559999942779541,10.883963,0.058814667,0.2887139
2.569999933242798,11.107962,0.059623115,0.2838308
2.5799999237060547,11.271961,0.060364194,0.28016847
2.5899999141693115,11.411962,0.061240006,0.27528536
2.5999999046325684,11.5319605,0.061913718,0.27162302
2.609999895095825,11.579961,0.062250573,0.27040225
2.619999885559082,11.559961,0.06231794,0.27162302
2.630000114440918,11.503961,0.062385317,0.27162302
2.640000104904175,11.507961,0.062385317,0.2728438
2.6500000953674316,11.59196,0.062452685,0.27406457
2.6600000858306885,11.66796,0.062452685,0.27528536
2.6700000762939453,11.70796,0.06252005,0.27528536
2.680000066757202,11.77196,0.06252005,0.27650613
2.690000057220459,11.7559595,0.06252005,0.27772692
2.700000047683716,11.70796,0.062587425,0.27772692
2.7100000381469727,11.61996,0.06265479,0.27894768
2.7200000286102295,11.579961,0.06278954,0.27894768
2.7300000190734863,11.615961,0.062856905,0.28016847
2.740000009536743,11.63196,0.06292427,0.28016847
2.75,11.67996,0.06299165,0.28138924
2.759999990463257,11.78396,0.06312639,0.28138924
2.7699999809265137,11.89596,0.063328505,0.28138924
2.7799999713897705,11.959959,0.063597985,0.28016847
2.7899999618530273,11.97596,0.06393484,0.28016847
2.799999952316284,11.999959,0.064271696,0.27772692
2.809999942779541,12.007958,0.06474329,0.27650613
2.819999933242798,12.023959,0.06508014,0.27528536
2.8299999237060547,12.047958,0.06534963,0.27406457
2.8399999141693115,12.095959,0.06548437,0.27406457
2.8499999046325684,12.159959,0.06555174,0.27528536
2.859999895095825,12.219959,0.06568648,0.27528536
2.869999885559082,12.307959,0.06582122,0.27528536
2.880000114440918,12.375958,0.066023335,0.27528536
2.890000104904175,12.391958,0.06615807,0.27528536
2.9000000953674316,12.375958,0.066292815,0.27528536
2.9100000858306885,12.347958,0.06642756,0.27528536
2.9200000762939453,12.311958,0.06649493,0.27650613
2.930000066757202,12.303958,0.066562295,0.27772692
2.940000057220459,12.311958,0.06669704,0.27772692
2.950000047683716,12.399958,0.06676441,0.27772692
2.9600000381469727,12.487957,0.06683178,0.28016847
2.9700000286102295,12.507957,0.06683178,0.28016847
2.9800000190734863,12.543957,0.06689915,0.28138924
2.990000009536743,12.547957,0.06696652,0.28138924
3.0,12.491958,0.067033894,0.28261003
3.009999990463257,12.407957,0.067033894,0.2838308
3.0199999809265137,12.387958,0.06710126,0.2838308
3.0299999713897705,12.403958,0.06710126,0.28505158
3.0399999618530273,12.407957,0.06710126,0.28627235
3.049999952316284,12.451958,0.06716864,0.28749314
3.059999942779541,12.535957,0.06716864,0.28749314
3.069999933242798,12.5599575,0.06716864,0.2899347
3.0799999237060547,12.555957,0.067236006,0.2899347
3.0899999141693115,12.555957,0.067303374,0.29115546
3.0999999046325684,12.527957,0.06737075,0.29115546
3.109999895095825,12.499958,0.06737075,0.29237625
3.119999885559082,12.443958,0.06743812,0.293597
3.130000114440918,12.455957,0.06750549,0.293597
3.140000104904175,12.515957,0.06757286,0.2948178
3.1500000953674316,12.567958,0.06764023,0.2948178
3.1600000858306885,12.631957,0.067774974,0.2948178
3.1700000762939453,12.707956,0.06784234,0.29603857
3.180000066757202,12.711957,0.067977086,0.29603857
3.190000057220459,12.675958,0.068044454,0.29725936
3.200000047683716,12.627957,0.06811183,0.29725936
3.2100000381469727,12.635957,0.068246566,0.29848012
3.2200000286102295,12.647958,0.068448685,0.29725936
3.2300000190734863,12.663957,0.06851605,0.29848012
3.240000009536743,12.6919565,0.06858342,0.29970092
3.25,12.779957,0.0686508,0.29970092
3.259999990463257,12.827956,0.06885291,0.29970092
3.2699999809265137,12.867956,0.06905502,0.29970092
3.2799999713897705,12.891955,0.069189765,0.29970092
3.2899999618530273,12.911956,0.06939188,0.29970092
3.299999952316284,12.899957,0.06959399,0.29970092
3.309999942779541,12.9159565,0.069930844,0.29725936
3.319999933242798,13.011955,0.07040243,0.29603857
3.3299999237060547,13.111956,0.07087403,0.293597
3.3399999141693115,13.215955,0.07134562,0.29237625
3.3499999046325684,13.319954,0.07161511,0.29115546
3.359999895095825,13.367954,0.07188459,0.2899347
3.369999885559082,13.411955,0.0720867,0.2899347
3.380000114440918,13.399954,0.07222144,0.2899347
3.390000104904175,13.4039545,0.072423555,0.2899347
3.4000000953674316,13.471954,0.07276041,0.2887139
3.4100000858306885,13.555954,0.073232,0.28749314
3.4200000762939453,13.627954,0.07356886,0.28505158
3.430000066757202,13.727953,0.073905714,0.2838308
3.440000057220459,13.823953,0.074175194,0.2838308
3.450000047683716,13.815952,0.07430993,0.2838308
3.4600000381469727,13.783954,0.07430993,0.28505158
3.4700000286102295,13.767953,0.07430993,0.28627235
3.4800000190734863,13.779953,0.074377306,0.28627235
3.490000009536743,13.791953,0.074444674,0.28749314
3.5,13.815952,0.074444674,0.2887139
3.509999990463257,13.847953,0.074444674,0.2899347
3.5199999809265137,13.879953,0.07451204,0.2899347
3.5299999713897705,13.879953,0.07457942,0.29115546
3.5399999618530273,13.879953,0.074646786,0.29115546
3.549999952316284,13.895952,0.07471416,0.29237625
3.559999942779541,13.859953,0.07471416,0.293597
3.569999933242798,13.843952,0.07478153,0.2948178
3.5799999237060547,13.839953,0.0748489,0.2948178
3.5899999141693115,13.867953,0.07491627,0.29603857
3.5999999046325684,13.899953,0.07498364,0.29603857
3.609999895095825,13.915953,0.07498364,0.29725936
3.619999885559082,13.955953,0.075118385,0.29725936
3.630000114440918,13.987953,0.07518575,0.29848012
3.640000104904175,13.979952,0.07525312,0.29970092
3.6500000953674316,13.963952,0.0753205,0.29970092
3.6600000858306885,13.975952,0.07545524,0.29970092
3.6700000762939453,13.991952,0.07565735,0.29970092
3.680000066757202,14.0239525,0.07592683,0.29970092
3.690000057220459,14.083952,0.07626369,0.29725936
3.700000047683716,14.239952,0.07673529,0.29603857
3.7100000381469727,14.311951,0.07713951,0.293597
3.7200000286102295,14.395951,0.077543736,0.29237625
3.7300000190734863,14.467951,0.07788059,0.29115546
3.740000009536743,14.50395,0.0780827,0.29115546
3.75,14.491951,0.07828481,0.29115546
3.759999990463257,14.483952,0.07855429,0.2899347
3.7699999809265137,14.57995,0.078823775,0.2899347
3.7799999713897705,14.6959505,0.07936274,0.28749314
3.7899999618530273,14.85995,0.08010382,0.2838308
3.799999952316284,15.083949,0.0808449,0.28016847
3.809999942779541,15.199948,0.08145124,0.27528536
3.819999933242798,15.291947,0.081990205,0.27406457
3.8299999237060547,15.351948,0.08266391,0.27040225
3.8399999141693115,15.435946,0.08340499,0.26551914
3.8499999046325684,15.571946,0.08414607,0.2618568
3.859999895095825,15.679946,0.0847524,0.25941524
3.870000123977661,15.755947,0.08508926,0.25819448
3.879999876022339,15.831946,0.08535874,0.25697368
3.890000104904175,15.967946,0.08562823,0.25575292
3.8999998569488525,16.035946,0.08583034,0.25575292
3.9100000858306885,16.067945,0.08589771,0.25697368
3.919999837875366,16.075945,0.08596508,0.25697368
3.930000066757202,16.063946,0.08603245,0.25819448
3.93999981880188,16.027946,0.08603245,0.25941524
3.950000047683716,16.003946,0.08603245,0.26063603
3.9599997997283936,16.003946,0.08603245,0.2618568
3.9700000286102295,16.011946,0.08609982,0.2618568
3.9799997806549072,16.023945,0.08609982,0.2630776
3.990000009536743,16.043945,0.08609982,0.26429835
3.999999761581421,16.095945,0.08609982,0.26551914
4.009999990463257,16.087944,0.08609982,0.2667399
4.020000219345093,16.067945,0.08609982,0.2679607
4.0299999713897705,16.031946,0.08609982,0.26918146
4.0400002002716064,16.007946,0.08609982,0.27040225
4.049999952316284,15.987946,0.08609982,0.27162302
4.06000018119812,15.963945,0.08609982,0.2728438
4.069999933242798,16.003946,0.08609982,0.27406457
4.080000162124634,16.023945,0.08609982,0.27528536
4.0899999141693115,16.047945,0.08609982,0.27528536
4.1000001430511475,16.051945,0.08609982,0.27772692
4.109999895095825,16.059944,0.08609982,0.27772692
4.120000123977661,16.047945,0.08609982,0.28016847
4.129999876022339,15.999945,0.08609982,0.28016847
4.140000104904175,15.991945,0.08609982,0.28138924
4.1499998569488525,15.979945,0.08609982,0.28261003
4.1600000858306885,15.951945,0.08609982,0.2838308
4.169999837875366,15.971946,0.08609982,0.28505158
4.180000066757202,16.011946,0.08609982,0.28627235
4.18999981880188,16.031946,0.08609982,0.28749314
4.200000047683716,16.027946,0.08609982,0.2887139
4.2099997997283936,16.019945,0.08609982,0.2899347
4.2200000286102295,16.003946,0.08609982,0.29115546
4.229999780654907,15.979945,0.08609982,0.29237625
4.240000009536743,15.955946,0.08616719,0.29237625
4.249999761581421,15.939946,0.08616719,0.293597
4.259999990463257,15.951945,0.08616719,0.2948178
4.270000219345093,15.971946,0.08616719,0.29603857
4.2799999713897705,15.995946,0.08616719,0.29725936
4.2900002002716064,16.015945,0.086234555,0.29848012
4.299999952316284,16.047945,0.086234555,0.29970092
4.31000018119812,16.027946,0.08630192,0.29970092
4.319999933242798,16.003946,0.08630192,0.30092168
4.330000162124634,15.991945,0.0863693,0.30214247
4.3399999141693115,15.983946,0.0863693,0.30336323
4.3500001430511475,15.975945,0.0863693,0.30458403
4.359999895095825,15.999945,0.08643667,0.30458403
4.370000123977661,16.039946,0.08650404,0.3058048
4.379999876022339,16.079945,0.08663878,0.3058048
4.390000104904175,16.107944,0.08684089,0.3058048
4.3999998569488525,16.163946,0.087043,0.30458403
4.4100000858306885,16.215944,0.08731249,0.30458403
4.419999837875366,16.211945,0.0875146,0.30458403
4.430000066757202,16.211945,0.08771671,0.30336323
4.43999981880188,16.235945,0.0879862,0.30336323
4.450000047683716,16.323944,0.08825568,0.30214247
4.4599997997283936,16.391945,0.088659905,0.30092168
4.4700000286102295,16.527945,0.08919887,0.29848012
4.479999780654907,16.695944,0.08980521,0.2948178
4.490000009536743,16.871943,0.09047891,0.29237625
4.499999761581421,16.947943,0.09095051,0.2899347
4.509999990463257,16.971941,0.091354735,0.2887139
4.520000219345093,17.019941,0.09175896,0.28627235
4.5299999713897705,17.059942,0.09223056,0.2838308
4.5400002002716064,17.123941,0.09263478,0.28261003
4.549999952316284,17.23594,0.09297164,0.28138924
4.56000018119812,17.327942,0.09317375,0.28138924
4.569999933242798,17.40794,0.09330849,0.28138924
4.580000162124634,17.44794,0.09330849,0.28261003
4.5899999141693115,17.463942,0.09337586,0.2838308
4.6000001430511475,17.463942,0.09337586,0.2838308
4.609999895095825,17.415941,0.09344323,0.28505158
4.620000123977661,17.355942,0.09344323,0.28627235
4.629999876022339,17.363941,0.093510605,0.28749314
4.640000104904175,17.363941,0.093510605,0.28749314
4.6499998569488525,17.391941,0.09357797,0.2887139
4.6600000858306885,17.43194,0.09364534,0.2899347
4.669999837875366,17.50394,0.093780085,0.2899347
4.680000066757202,17.547941,0.09391483,0.2899347
4.68999981880188,17.55994,0.0939822,0.29115546
4.700000047683716,17.55194,0.09411694,0.29115546
4.7099997997283936,17.55994,0.09418431,0.29115546
4.7200000286102295,17.53594,0.09438641,0.29115546
4.729999780654907,17.547941,0.0946559,0.29115546
4.740000009536743,17.61994,0.09492538,0.2899347
4.749999761581421,17.73194,0.09519487,0.2899347
4.759999990463257,17.819939,0.09546435,0.2887139
4.770000219345093,17.883938,0.09573384,0.28749314
4.7799999713897705,17.951939,0.09593595,0.28749314
4.7900002002716064,17.983938,0.09607069,0.28749314
4.799999952316284,17.96794,0.09613806,0.2887139
4.81000018119812,17.923939,0.09620543,0.2887139
4.819999933242798,17.93994,0.096272804,0.2899347
4.830000162124634,17.947939,0.09640754,0.2899347
4.8399999141693115,17.963938,0.09640754,0.29115546
4.8500001430511475,17.983938,0.09640754,0.29237625
4.859999895095825,18.035938,0.09640754,0.293597
4.870000123977661,18.04794,0.096474916,0.293597
4.879999876022339,18.031939,0.096542284,0.2948178
4.890000104904175,18.039938,0.096542284,0.29603857
4.8999998569488525,18.031939,0.096542284,0.29725936
4.9100000858306885,17.983938,0.09660965,0.29725936
4.919999837875366,17.97194,0.09660965,0.29970092
4.930000066757202,17.98794,0.09660965,0.29970092
4.93999981880188,18.01594,0.09667703,0.30092168
4.950000047683716,18.031939,0.096744396,0.30092168
4.9599997997283936,18.055939,0.09681177,0.30214247
4.9700000286102295,18.115938,0.09687914,0.30336323
4.979999780654907,18.143938,0.09708125,0.30214247
4.990000009536743,18.159939,0.09735073,0.30214247
4.999999761581421,18.223938,0.09768759,0.30092168
5.009999990463257,18.287937,0.09822655,0.29848012
5.020000219345093,18.383938,0.098765515,0.2948178
5.0299999713897705,18.475937,0.099237114,0.293597
5.0400002002716064,18.571938,0.099506594,0.29237625
5.049999952316284,18.639936,0.099708706,0.293597
5.06000018119812,18.639936,0.099708706,0.293597
5.069999933242798,18.643936,0.099708706,0.2948178
5.080000162124634,18.647938,0.09977608,0.2948178
5.0899999141693115,18.667936,0.09984345,0.29603857
5.1000001430511475,18.675936,0.09991082,0.29725936
5.109999895095825,18.683937,0.09991082,0.29848012
5.120000123977661,18.703936,0.09991082,0.29970092
5.129999876022339,18.707937,0.09997819,0.29970092
5.140000104904175,18.683937,0.10004556,0.30092168
5.1499998569488525,18.707937,0.10011293,0.30092168
5.1600000858306885,18.711937,0.10024767,0.30092168
5.169999837875366,18.763937,0.100449786,0.30092168
5.180000066757202,18.779936,0.1006519,0.30092168
5.18999981880188,18.839935,0.10078664,0.30092168
5.200000047683716,18.867935,0.100921385,0.30092168
5.2099997997283936,18.899937,0.10105613,0.30092168
5.2200000286102295,18.911936,0.101190865,0.30214247
5.229999780654907,18.975935,0.10146035,0.30092168
5.240000009536743,19.035936,0.10172983,0.30092168
5.249999761581421,19.071936,0.10199932,0.29970092
5.259999990463257,19.147934,0.10233617,0.29970092
5.270000219345093,19.215935,0.10260565,0.29725936
5.2799999713897705,19.263933,0.10287513,0.29725936
5.2900002002716064,19.275934,0.10307725,0.29725936
5.299999952316284,19.291933,0.103211984,0.29725936
5.31000018119812,19.335934,0.103414096,0.29725936
5.319999933242798,19.411934,0.10375095,0.29603857
5.330000162124634,19.495934,0.10422255,0.293597
5.3399999141693115,19.647932,0.10476152,0.29115546
5.3500001430511475,19.779934,0.105300486,0.2887139
5.359999895095825,19.859932,0.10570471,0.28627235
5.370000123977661,19.891933,0.10590682,0.28627235
5.379999876022339,19.87993,0.10597419,0.28749314
5.390000104904175,19.855932,0.10597419,0.2887139
5.3999998569488525,19.835934,0.10597419,0.2899347
5.4100000858306885,19.847933,0.10597419,0.29115546
5.419999837875366,19.895933,0.10597419,0.29115546
5.430000066757202,19.943932,0.10597419,0.293597
5.43999981880188,19.963932,0.106041566,0.293597
5.450000047683716,19.971933,0.106041566,0.2948178
5.4599997997283936,19.963932,0.10610893,0.2948178
5.4700000286102295,19.911932,0.10610893,0.29725936
5.479999780654907,19.867931,0.10624367,0.29725936
5.490000009536743,19.863932,0.10631104,0.29725936
5.499999761581421,19.907932,0.106378414,0.29848012
5.509999990463257,19.939932,0.10644578,0.29970092
5.520000219345093,19.97993,0.10651315,0.29970092
5.5299999713897705,20.039932,0.106580526,0.30092168
5.5400002002716064,20.063932,0.106580526,0.30092168
5.549999952316284,20.047932,0.106647894,0.30214247
5.56000018119812,20.027933,0.106647894,0.30336323
5.569999933242798,20.031933,0.10671526,0.30336323
5.580000162124634,20.011932,0.106850006,0.30458403
5.5899999141693115,20.01593,0.10705212,0.30336323
5.6000001430511475,20.075932,0.10725423,0.30336323
5.609999895095825,20.17593,0.107591085,0.30214247
5.620000123977661,20.27193,0.10799531,0.30092168
5.629999876022339,20.37993,0.10846691,0.29848012
5.640000104904175,20.51993,0.109073244,0.29603857
5.6499998569488525,20.65993,0.10967958,0.29237625
5.6600000858306885,20.743929,0.11035328,0.2899347
5.669999837875366,20.855928,0.111026995,0.28505158
5.680000066757202,20.959929,0.11163333,0.28261003
5.68999981880188,21.035929,0.112037554,0.28138924
5.700000047683716,21.059929,0.1121723,0.28138924
5.7099997997283936,21.051928,0.1121723,0.28261003
5.7200000286102295,21.107927,0.11223967,0.2838308
5.729999780654907,21.163927,0.11223967,0.2838308
5.740000009536743,21.195929,0.11223967,0.28505158
5.749999761581421,21.239927,0.11223967,0.28627235
5.759999990463257,21.23593,0.11230704,0.28749314
5.770000219345093,21.187927,0.11230704,0.2887139
5.7799999713897705,21.151928,0.11230704,0.2899347
5.7900002002716064,21.107927,0.11237441,0.2899347
5.799999952316284,21.115929,0.11244178,0.29115546
5.81000018119812,21.123928,0.112509154,0.29115546
5.819999933242798,21.15993,0.112509154,0.29237625
5.830000162124634,21.211927,0.11257652,0.293597
5.8399999141693115,21.255928,0.11257652,0.2948178
5.8500001430511475,21.271929,0.112711266,0.2948178
5.859999895095825,21.291927,0.11284601,0.2948178
5.870000123977661,21.271929,0.11284601,0.29603857
5.879999876022339,21.239927,0.11284601,0.29725936
5.890000104904175,21.183928,0.11291338,0.29848012
5.8999998569488525,21.179926,0.11304812,0.29848012
5.9100000858306885,21.239927,0.11311549,0.29970092
5.919999837875366,21.295929,0.11325023,0.29970092
5.930000066757202,21.351929,0.11338498,0.29970092
5.93999981880188,21.435926,0.11365446,0.29848012
5.950000047683716,21.559927,0.11412606,0.29603857
5.9599997997283936,21.691925,0.11486713,0.29237625
5.9700000286102295,21.847925,0.11581032,0.28749314
5.979999780654907,22.075924,0.11695562,0.28016847
5.990000009536743,22.303925,0.11837041,0.27162302
5.999999761581421,22.495924,0.11951571,0.26551914
6.009999990463257,22.615925,0.12018942,0.2618568
6.020000219345093,22.703922,0.12072838,0.25941524
6.0299999713897705,22.771923,0.12113261,0.25697368
6.0400002002716064,22.875921,0.121536836,0.25575292
6.049999952316284,23.027922,0.12187369,0.25453213
6.06000018119812,23.139923,0.12214318,0.25453213
6.069999933242798,23.247921,0.12248003,0.25331137
6.080000162124634,23.351921,0.12288425,0.2508698
6.0899999141693115,23.46792,0.123423226,0.24842826
6.1000001430511475,23.511919,0.12382745,0.24720748
6.109999895095825,23.511919,0.1241643,0.2459867
6.120000123977661,23.451921,0.124299034,0.2459867
6.129999876022339,23.41192,0.124299034,0.24720748
6.140000104904175,23.403921,0.124299034,0.24842826
6.1499998569488525,23.459919,0.124299034,0.24964903
6.1600000858306885,23.527922,0.124299034,0.24964903
6.169999837875366,23.61592,0.124299034,0.25209057
6.180000066757202,23.647919,0.124299034,0.25209057
6.18999981880188,23.63192,0.124299034,0.25453213
6.200000047683716,23.595919,0.124299034,0.25453213
6.2099997997283936,23.515919,0.124299034,0.25575292
6.2200000286102295,23.41592,0.124299034,0.25697368
6.229999780654907,23.371922,0.124299034,0.25819448
6.240000009536743,23.39992,0.124299034,0.25941524
6.249999761581421,23.451921,0.124299034,0.26063603
6.259999990463257,23.491919,0.124299034,0.2618568
6.270000219345093,23.57992,0.124299034,0.2630776
6.2799999713897705,23.607918,0.124299034,0.26429835
6.2900002002716064,23.57992,0.124299034,0.26551914
6.299999952316284,23.507921,0.124299034,0.2667399
6.31000018119812,23.44392,0.124299034,0.2679607
6.319999933242798,23.39592,0.124299034,0.26918146
6.330000162124634,23.36392,0.124299034,0.27040225
6.3399999141693115,23.36392,0.124299034,0.27162302
6.3500001430511475,23.431921,0.124299034,0.27162302
6.359999895095825,23.511919,0.124299034,0.27406457
6.370000123977661,23.54392,0.124299034,0.27406457
6.379999876022339,23.55592,0.124299034,0.27528536
6.390000104904175,23.55992,0.124299034,0.27650613
6.3999998569488525,23.47992,0.124299034,0.27772692
6.4100000858306885,23.403921,0.124299034,0.27894768
6.419999837875366,23.35992,0.12436641,0.28016847
6.430000066757202,23.347921,0.12436641,0.28138924
6.43999981880188,23.351921,0.12436641,0.28261003
6.450000047683716,23.39992,0.12436641,0.2838308
6.4599997997283936,23.483921,0.12436641,0.28505158
6.4700000286102295,23.54392,0.124433786,0.28505158
6.479999780654907,23.53992,0.124433786,0.28627235
6.490000009536743,23.50392,0.124433786,0.28749314
6.499999761581421,23.471918,0.124433786,0.2887139
6.509999990463257,23.40792,0.124433786,0.2899347
6.520000219345093,23.347921,0.12450115,0.2899347
6.5299999713897705,23.33592,0.12450115,0.29115546
6.5400002002716064,23.391922,0.12450115,0.29237625
6.549999952316284,23.43992,0.12456852,0.293597
6.56000018119812,23.50392,0.12456852,0.2948178
6.569999933242798,23.54392,0.1246359,0.2948178
6.580000162124634,23.571918,0.12470327,0.29603857
6.5899999141693115,23.54392,0.124770634,0.29725936
6.6000001430511475,23.491919,0.124770634,0.29725936
6.609999895095825,23.44392,0.124770634,0.29970092
6.620000123977661,23.40792,0.12483801,0.29970092
6.629999876022339,23.41592,0.124905385,0.30092168
6.640000104904175,23.46792,0.124972746,0.30092168
6.6499998569488525,23.55992,0.1251075,0.30092168
6.6600000858306885,23.62392,0.12517485,0.30214247
6.669999837875366,23.64392,0.12517485,0.30336323
6.680000066757202,23.64392,0.12524223,0.30336323
6.68999981880188,23.65992,0.12537697,0.30458403
6.700000047683716,23.61192,0.12544434,0.30458403
6.7099997997283936,23.55992,0.12551172,0.30458403
6.7200000286102295,23.55992,0.12564646,0.3058048
6.729999780654907,23.595919,0.12584856,0.3058048
6.740000009536743,23.66792,0.12611805,0.30458403
6.749999761581421,23.79992,0.1264549,0.30336323
6.759999990463257,23.947918,0.12699388,0.30092168
6.770000219345093,24.123919,0.12760021,0.29725936
6.7799999713897705,24.243917,0.12834127,0.293597
6.7900002002716064,24.375917,0.12928447,0.2887139
6.799999952316284,24.579916,0.13029504,0.28261003
6.81000018119812,24.687916,0.13117085,0.27772692
6.819999933242798,24.707916,0.13150771,0.27650613
6.830000162124634,24.683916,0.13150771,0.27772692
6.8399999141693115,24.671917,0.13150771,0.27894768
6.8500001430511475,24.715916,0.13150771,0.28016847
6.859999895095825,24.799915,0.13150771,0.28138924
6.870000123977661,24.911915,0.13150771,0.28261003
6.879999876022339,24.987913,0.13157508,0.2838308
6.890000104904175,24.971914,0.13157508,0.2838308
6.8999998569488525,24.919916,0.13157508,0.28505158
6.9100000858306885,24.847916,0.13157508,0.28627235
6.919999837875366,24.743916,0.13157508,0.28749314
6.930000066757202,24.675915,0.13164246,0.2887139
6.93999981880188,24.663916,0.13164246,0.2899347
6.950000047683716,24.751917,0.13170983,0.2899347
6.9599997997283936,24.819916,0.13170983,0.29115546
6.9700000286102295,24.915915,0.1317772,0.29237625
6.979999780654907,24.979916,0.1317772,0.293597
6.990000009536743,24.999916,0.1317772,0.2948178
6.999999761581421,24.947914,0.13184457,0.2948178
7.009999990463257,24.855915,0.13191195,0.29603857
7.020000219345093,24.795916,0.13204668,0.29603857
7.0299999713897705,24.759914,0.13211405,0.29725936
7.0400002002716064,24.771917,0.13224879,0.29725936
7.049999952316284,24.843916,0.1324509,0.29725936
7.06000018119812,24.975914,0.13265301,0.29603857
7.069999933242798,25.131914,0.1329225,0.29603857
7.080000162124634,25.251915,0.13325934,0.2948178
7.0899999141693115,25.307915,0.13373095,0.29237625
7.1000001430511475,25.411915,0.13426991,0.2899347
7.109999895095825,25.463913,0.13494362,0.28627235
7.120000123977661,25.551912,0.13581944,0.28138924
7.129999876022339,25.687912,0.13662788,0.27772692
7.140000104904175,25.787912,0.13703212,0.27528536
7.1499998569488525,25.803911,0.13709947,0.27528536
7.1600000858306885,25.799913,0.13709947,0.27772692
7.169999837875366,25.855913,0.13709947,0.27772692
7.180000066757202,25.96791,0.13709947,0.28016847
7.18999981880188,25.995913,0.13709947,0.28016847
7.200000047683716,26.01991,0.13709947,0.28138924
7.2099997997283936,26.027912,0.13709947,0.28261003
7.2200000286102295,25.971912,0.13716686,0.2838308
7.229999780654907,25.871912,0.13716686,0.28505158
7.240000009536743,25.831913,0.13716686,0.28627235
7.249999761581421,25.815912,0.13723423,0.28627235
7.259999990463257,25.815912,0.13723423,0.28749314
7.270000219345093,25.847912,0.1373016,0.2887139
7.2799999713897705,25.91991,0.1373016,0.2899347
7.2900002002716064,25.995913,0.1373016,0.29115546
7.299999952316284,26.02391,0.13736896,0.29115546
7.31000018119812,26.003912,0.13743635,0.29237625
7.319999933242798,26.003912,0.1375037,0.29237625
7.330000162124634,25.959911,0.13757108,0.293597
7.3399999141693115,25.895912,0.13757108,0.2948178
7.3500001430511475,25.867912,0.13763845,0.2948178
7.359999895095825,25.903912,0.13763845,0.29603857
7.370000123977661,25.955912,0.13770582,0.29725936
7.379999876022339,26.01991,0.13784057,0.29725936
7.390000104904175,26.07591,0.1379753,0.29725936
7.3999998569488525,26.15991,0.13811004,0.29725936
7.4100000858306885,26.167912,0.1382448,0.29848012
7.419999837875366,26.13591,0.1384469,0.29725936
7.430000066757202,26.139912,0.13864902,0.29725936
7.43999981880188,26.143911,0.13885112,0.29725936
7.450000047683716,26.17191,0.13912061,0.29725936
7.4599997997283936,26.243912,0.13952483,0.2948178
7.4700000286102295,26.403912,0.14006379,0.29237625
7.479999780654907,26.595911,0.14067012,0.2899347
7.490000009536743,26.74791,0.14134383,0.28627235
7.499999761581421,26.90791,0.14201754,0.28261003
7.509999990463257,27.083908,0.14269125,0.27894768
7.520000219345093,27.127907,0.14323021,0.27650613
7.5299999713897705,27.091908,0.14343233,0.27528536
7.5400002002716064,27.035908,0.1434997,0.27650613
7.549999952316284,27.023909,0.1434997,0.27772692
7.56000018119812,27.023909,0.1434997,0.27894768
7.569999933242798,27.087908,0.1434997,0.28016847
7.580000162124634,27.159908,0.1434997,0.28138924
7.5899999141693115,27.267906,0.14356709,0.28138924
7.6000001430511475,27.287907,0.14356709,0.2838308
7.609999895095825,27.267906,0.14356709,0.2838308
7.620000123977661,27.219908,0.14356709,0.28505158
7.629999876022339,27.151907,0.14356709,0.28627235
7.640000104904175,27.047907,0.14356709,0.28749314
7.6499998569488525,26.991907,0.14363444,0.2887139
7.6600000858306885,27.047907,0.14370182,0.2887139
7.669999837875366,27.115908,0.14376919,0.2899347
7.680000066757202,27.183907,0.14383656,0.2899347
7.68999981880188,27.291908,0.14397131,0.29115546
7.700000047683716,27.347908,0.14403868,0.29115546
7.7099997997283936,27.347908,0.14410605,0.29237625
7.7200000286102295,27.287907,0.14417341,0.29237625
7.729999780654907,27.247908,0.14430815,0.293597
7.740000009536743,27.195908,0.14437552,0.293597
7.749999761581421,27.187906,0.14451025,0.293597
7.759999990463257,27.207907,0.14471237,0.293597
7.770000219345093,27.315908,0.14491448,0.293597
7.7799999713897705,27.447906,0.14518397,0.29237625
7.7900002002716064,27.547907,0.14552084,0.29115546
7.799999952316284,27.687904,0.14592506,0.2899347
7.81000018119812,27.775906,0.14632928,0.2887139
7.819999933242798,27.787905,0.14673351,0.28627235
7.830000162124634,27.775906,0.14707035,0.28627235
7.8399999141693115,27.775906,0.14733984,0.28505158
7.8500001430511475,27.819906,0.14781144,0.28261003
7.859999895095825,27.935905,0.14835039,0.28016847
7.869999647140503,28.103905,0.14895673,0.27650613
7.879999876022339,28.299904,0.1494957,0.27406457
7.890000104904175,28.415903,0.1497652,0.27406457
7.900000333786011,28.467903,0.14983255,0.27406457
7.90999960899353,28.431904,0.14983255,0.27528536
7.919999837875366,28.407902,0.14983255,0.27650613
7.930000066757202,28.347902,0.14989993,0.27772692
7.940000295639038,28.307903,0.14989993,0.27894768
7.949999570846558,28.295904,0.14989993,0.28016847
7.9599997997283936,28.331903,0.14989993,0.28138924
7.9700000286102295,28.355904,0.14989993,0.28138924
7.980000257492065,28.375904,0.1499673,0.28261003
7.989999532699585,28.395903,0.1499673,0.2838308
7.999999761581421,28.419905,0.1499673,0.28505158
8.009999990463257,28.391903,0.1499673,0.28627235
8.020000219345093,28.363905,0.1499673,0.28749314
8.030000448226929,28.327902,0.1499673,0.2887139
8.039999723434448,28.311903,0.15003467,0.2887139
8.049999952316284,28.295904,0.15003467,0.2899347
8.06000018119812,28.295904,0.15003467,0.29115546
8.070000410079956,28.367903,0.15016942,0.29115546
8.079999685287476,28.427902,0.15023677,0.29237625
8.089999914169312,28.459904,0.15030415,0.293597
8.100000143051147,28.475903,0.15043889,0.293597
8.110000371932983,28.495903,0.15050626,0.293597
8.119999647140503,28.491903,0.15070838,0.293597
8.129999876022339,28.487902,0.15097786,0.293597
8.140000104904175,28.511904,0.15117997,0.29237625
8.15000033378601,28.595903,0.1515842,0.29115546
8.15999960899353,28.695904,0.15219052,0.2887139
8.169999837875366,28.903902,0.15293162,0.28505158
8.180000066757202,29.0919,0.15360533,0.28016847
8.190000295639038,29.2599,0.15427902,0.27772692
8.199999570846558,29.3519,0.15488535,0.27406457
8.209999799728394,29.4239,0.15549171,0.27162302
8.22000002861023,29.5039,0.15596329,0.26918146
8.230000257492065,29.5199,0.15623277,0.2679607
8.239999532699585,29.4879,0.15630014,0.26918146
8.249999761581421,29.5039,0.15630014,0.27040225
8.259999990463257,29.5439,0.15636753,0.27040225
8.270000219345093,29.6199,0.15643488,0.27162302
8.280000448226929,29.691898,0.15650226,0.27162302
8.289999723434448,29.7599,0.15650226,0.2728438
8.299999952316284,29.763899,0.15656963,0.27406457
8.31000018119812,29.7439,0.15670437,0.27406457
8.320000410079956,29.695898,0.1568391,0.27528536
8.329999685287476,29.6799,0.15690649,0.27528536
8.339999914169312,29.647898,0.15697385,0.27528536
8.350000143051147,29.6399,0.15710859,0.27528536
8.360000371932983,29.691898,0.15737808,0.27528536
8.369999647140503,29.8359,0.15771493,0.27406457
8.379999876022339,29.991898,0.15818653,0.27162302
8.390000104904175,30.147898,0.15865813,0.27040225
8.40000033378601,30.259897,0.15912972,0.2679607
8.40999960899353,30.315897,0.1593992,0.2667399
8.419999837875366,30.275896,0.15953395,0.2667399
8.430000066757202,30.199898,0.15960132,0.2679607
8.440000295639038,30.175896,0.15966868,0.26918146
8.449999570846558,30.191896,0.15966868,0.27040225
8.459999799728394,30.199898,0.15980342,0.27040225
8.47000002861023,30.303898,0.15993817,0.27040225
8.480000257492065,30.395897,0.16000554,0.27040225
8.489999532699585,30.455896,0.16007291,0.27162302
8.499999761581421,30.479897,0.16007291,0.2728438
8.509999990463257,30.455896,0.16014028,0.27406457
8.520000219345093,30.431896,0.16027501,0.27406457
8.530000448226929,30.395897,0.1605445,0.27406457
8.539999723434448,30.359898,0.16067924,0.2728438
8.549999952316284,30.399897,0.16081399,0.27406457
8.56000018119812,30.411896,0.16081399,0.27406457
8.570000410079956,30.447895,0.16088136,0.27528536
8.579999685287476,30.519897,0.1610161,0.27528536
8.589999914169312,30.587896,0.16108346,0.27650613
8.600000143051147,30.639894,0.16121821,0.27650613
8.610000371932983,30.643896,0.16128558,0.27650613
8.619999647140503,30.627895,0.16135295,0.27772692
8.629999876022339,30.615896,0.16155507,0.27772692
8.640000104904175,30.595896,0.1616898,0.27772692
8.65000033378601,30.559896,0.1616898,0.27894768
8.65999960899353,30.547895,0.1616898,0.28016847
8.669999837875366,30.599895,0.16175717,0.28016847
8.680000066757202,30.635897,0.16182455,0.28138924
8.690000295639038,30.699894,0.16189192,0.28138924
8.699999570846558,30.767895,0.16195929,0.28261003
8.709999799728394,30.799894,0.16202666,0.2838308
8.72000002861023,30.771896,0.16202666,0.28505158
8.730000257492065,30.727896,0.16209404,0.28505158
8.739999532699585,30.703896,0.1621614,0.28627235
8.749999761581421,30.695896,0.16222878,0.28627235
8.759999990463257,30.667896,0.16229615,0.28749314
8.770000219345093,30.691896,0.16243088,0.28749314
8.780000448226929,30.759895,0.16249827,0.2887139
8.789999723434448,30.819895,0.16256562,0.2887139
8.799999952316284,30.843895,0.162633,0.2899347
8.81000018119812,30.891893,0.16276774,0.2899347
8.820000410079956,30.927896,0.16296984,0.2899347
8.829999685287476,30.931894,0.16317196,0.2899347
8.839999914169312,30.923895,0.16344145,0.2887139
8.850000143051147,30.991894,0.16384567,0.28749314
8.860000371932983,31.107893,0.16438463,0.2838308
8.869999647140503,31.255894,0.16512571,0.28138924
8.879999876022339,31.415892,0.16579942,0.27772692
8.890000104904175,31.575891,0.16627102,0.27528536
8.90000033378601,31.627893,0.1665405,0.27406457
8.90999960899353,31.651892,0.16687736,0.2728438
8.919999837875366,31.695892,0.16714685,0.27162302
8.930000066757202,31.751892,0.16741633,0.27162302
8.940000295639038,31.743893,0.16748369,0.27162302
8.949999570846558,31.755892,0.16748369,0.27406457
8.959999799728394,31.77189,0.16748369,0.27406457
8.97000002861023,31.815891,0.16755107,0.27528536
8.980000257492065,31.82789,0.16755107,0.27650613
8.989999532699585,31.831892,0.16755107,0.27772692
8.999999761581421,31.84789,0.16755107,0.27894768
9.009999990463257,31.819893,0.16755107,0.28016847
9.020000219345093,31.799892,0.16761844,0.28016847
9.030000448226929,31.77189,0.1676858,0.28138924
9.039999723434448,31.799892,0.16775317,0.28138924
9.049999952316284,31.82389,0.16775317,0.28261003
9.06000018119812,31.807892,0.16775317,0.2838308
9.070000410079956,31.811892,0.16782056,0.28505158
9.079999685287476,31.875893,0.1679553,0.28505158
9.089999914169312,31.899893,0.16802266,0.28505158
9.100000143051147,31.899893,0.16802266,0.28749314
9.110000371932983,31.875893,0.16809003,0.28749314
9.119999647140503,31.887892,0.1681574,0.2887139
9.129999876022339,31.879892,0.16829214,0.2887139
9.140000104904175,31.867891,0.16829214,0.2899347
9.15000033378601,31.899893,0.1683595,0.2899347
9.15999960899353,31.92789,0.16842689,0.29115546
9.169999837875366,31.935892,0.16849424,0.29115546
9.180000066757202,31.93989,0.16856162,0.29237625
9.190000295639038,31.971891,0.16862899,0.293597
9.199999570846558,32.01989,0.16869636,0.293597
9.209999799728394,32.015892,0.16876373,0.2948178
9.22000002861023,32.01189,0.16889848,0.2948178
9.230000257492065,32.03189,0.16896585,0.2948178
9.239999532699585,32.01989,0.16903321,0.29603857
9.249999761581421,31.995892,0.1691006,0.29725936
9.259999990463257,32.03989,0.16916795,0.29725936
9.270000219345093,32.09589,0.1693027,0.29725936
9.280000448226929,32.11589,0.16950482,0.29725936
9.289999723434448,32.15189,0.16963956,0.29725936
9.299999952316284,32.21589,0.16984166,0.29725936
9.31000018119812,32.25589,0.17011115,0.29725936
9.320000410079956,32.33189,0.170448,0.2948178
9.329999685287476,32.41189,0.1709196,0.293597
9.339999914169312,32.51189,0.1713912,0.29115546
9.350000143051147,32.57589,0.17179543,0.2899347
9.360000371932983,32.62389,0.17213227,0.2887139
9.369999647140503,32.683887,0.17240176,0.28749314
9.379999876022339,32.74389,0.17267124,0.28749314
9.390000104904175,32.79189,0.17300808,0.28505158
9.40000033378601,32.86789,0.17327757,0.28505158
9.40999960899353,32.915886,0.17341231,0.28505158
9.419999837875366,32.967888,0.17347969,0.28627235
9.430000066757202,32.97989,0.17354706,0.28627235
9.440000295639038,32.967888,0.17354706,0.28749314
9.449999570846558,32.97989,0.17361443,0.2887139
9.459999799728394,32.98789,0.1736818,0.2899347
9.47000002861023,32.971886,0.17374918,0.2899347
9.480000257492065,32.97989,0.17381653,0.29115546
9.489999532699585,33.003887,0.17388391,0.29115546
9.499999761581421,33.019886,0.17388391,0.29237625
9.509999990463257,33.007885,0.17388391,0.293597
9.520000219345093,33.003887,0.17395128,0.2948178
9.530000448226929,33.023888,0.17395128,0.2948178
9.539999723434448,33.011887,0.17401865,0.29603857
9.549999952316284,33.019886,0.17401865,0.29725936
9.56000018119812,33.027885,0.17408602,0.29848012
9.570000410079956,33.043888,0.1741534,0.29848012
9.579999685287476,33.027885,0.1741534,0.29970092
9.589999914169312,33.027885,0.17422076,0.30092168
9.600000143051147,33.051888,0.17422076,0.30092168
9.610000371932983,33.05589,0.17428814,0.30214247
9.619999647140503,33.06389,0.1743555,0.30336323
9.629999876022339,33.075886,0.1743555,0.30458403
9.640000104904175,33.095886,0.17449024,0.30458403
9.65000033378601,33.099888,0.17455763,0.30458403
9.65999960899353,33.107887,0.174625,0.3058048
9.669999837875366,33.111885,0.17469236,0.30702558
9.680000066757202,33.14789,0.17475973,0.30702558
9.690000295639038,33.151886,0.17482711,0.30824634
9.699999570846558,33.151886,0.17489447,0.30824634
9.709999799728394,33.167885,0.17502922,0.30946714
9.72000002861023,33.219887,0.17516395,0.30946714
9.730000257492065,33.231888,0.17523134,0.30946714
9.739999532699585,33.247887,0.17536607,0.30946714
9.749999761581421,33.283886,0.17550081,0.3106879
9.759999990463257,33.335888,0.1757703,0.30946714
9.770000219345093,33.387886,0.17610715,0.30824634
9.780000448226929,33.483887,0.17651138,0.30702558
9.789999723434448,33.635883,0.17718509,0.30336323
9.799999952316284,33.795887,0.17792615,0.29970092
9.81000018119812,33.927883,0.17859986,0.2948178
9.820000410079956,34.039883,0.17913882,0.293597
9.829999685287476,34.131886,0.17961043,0.29115546
9.839999914169312,34.163883,0.17987992,0.2899347
9.850000143051147,34.179882,0.18001465,0.2899347
9.860000371932983,34.191883,0.18014939,0.29115546
9.869999647140503,34.239883,0.18021676,0.29115546
9.879999876022339,34.259884,0.18021676,0.29237625
9.890000104904175,34.327885,0.18035151,0.29237625
9.90000033378601,34.391884,0.18041886,0.293597
9.90999960899353,34.399883,0.18048625,0.293597
9.919999837875366,34.379883,0.18055362,0.2948178
9.930000066757202,34.355885,0.18062098,0.2948178
9.940000295639038,34.331882,0.18062098,0.29725936
9.949999570846558,34.303883,0.18068835,0.29725936
9.959999799728394,34.27188,0.18068835,0.29848012
9.97000002861023,34.315884,0.18075573,0.29970092
9.980000257492065,34.37588,0.18082309,0.29970092
9.989999532699585,34.419884,0.18095784,0.29970092
9.999999761581421,34.455883,0.1810252,0.30092168
10.009999990463257,34.48788,0.1810252,0.30214247
10.020000219345093,34.47188,0.18109258,0.30214247
10.030000448226929,34.459885,0.18122733,0.30336323
10.039999723434448,34.435883,0.1812947,0.30336323
10.049999952316284,34.419884,0.1812947,0.30458403
10.06000018119812,34.399883,0.18136206,0.30458403
10.070000410079956,34.419884,0.18142945,0.3058048
10.079999685287476,34.47188,0.18156418,0.3058048
10.089999914169312,34.539883,0.18169892,0.30702558
10.100000143051147,34.59188,0.18190102,0.3058048
10.110000371932983,34.663883,0.18217051,0.3058048
10.119999647140503,34.75988,0.18257473,0.30336323
10.129999876022339,34.83988,0.18318108,0.30092168
10.140000104904175,34.99188,0.18398954,0.29603857
10.15000033378601,35.179882,0.18500009,0.29115546
10.15999960899353,35.38788,0.18601064,0.28505158
10.169999837875366,35.631878,0.18715596,0.27772692
10.180000066757202,35.847878,0.18809915,0.2728438
10.190000295639038,35.99188,0.18884023,0.26918146
10.199999570846558,36.139877,0.18944655,0.26551914
10.209999799728394,36.251877,0.18998551,0.2630776
10.22000002861023,36.387875,0.19052449,0.26063603
10.230000257492065,36.499878,0.19086134,0.25941524
10.239999532699585,36.571877,0.19113083,0.25819448
10.249999761581421,36.643875,0.19133294,0.25819448
10.259999990463257,36.651875,0.19153506,0.25819448
10.270000219345093,36.711876,0.19180454,0.25697368
10.280000448226929,36.803875,0.19214138,0.25575292
10.289999723434448,36.815872,0.19234349,0.25575292
10.299999952316284,36.815872,0.19247824,0.25575292
10.31000018119812,36.843876,0.19247824,0.25697368
10.320000410079956,36.851875,0.19254561,0.25819448
10.329999685287476,36.855873,0.19254561,0.25941524
10.339999914169312,36.875874,0.19261298,0.25941524
10.350000143051147,36.895874,0.19261298,0.26063603
10.360000371932983,36.891876,0.19261298,0.2618568
10.369999647140503,36.883873,0.19261298,0.2630776
10.379999876022339,36.887875,0.19261298,0.26429835
10.390000104904175,36.895874,0.19261298,0.26551914
10.40000033378601,36.851875,0.19261298,0.2667399
10.40999960899353,36.807877,0.19261298,0.2679607
10.419999837875366,36.831875,0.19261298,0.26918146
10.430000066757202,36.819874,0.19261298,0.27040225
10.440000295639038,36.847874,0.19261298,0.27162302
10.449999570846558,36.839874,0.19261298,0.2728438
10.459999799728394,36.851875,0.19261298,0.27406457
10.47000002861023,36.855873,0.19261298,0.27528536
10.480000257492065,36.831875,0.19261298,0.27528536
10.489999532699585,36.807877,0.19261298,0.27772692
10.499999761581421,36.815872,0.19268036,0.27772692
10.509999990463257,36.787876,0.19268036,0.27894768
10.520000219345093,36.779873,0.19268036,0.28016847
10.530000448226929,36.783875,0.19268036,0.28138924
10.539999723434448,36.807877,0.19268036,0.28261003
10.549999952316284,36.803875,0.19268036,0.2838308
10.56000018119812,36.803875,0.19268036,0.28505158
10.570000410079956,36.815872,0.19268036,0.28505158
10.579999685287476,36.811874,0.19268036,0.28749314
10.589999914169312,36.779873,0.19268036,0.28749314
10.600000143051147,36.771877,0.19268036,0.2899347
10.610000371932983,36.779873,0.19268036,0.2899347
10.619999647140503,36.775875,0.19274771,0.29115546
10.629999876022339,36.755875,0.19274771,0.29237625
10.640000104904175,36.771877,0.19274771,0.293597
10.65000033378601,36.787876,0.1928151,0.293597
10.65999960899353,36.803875,0.1928151,0.2948178
10.669999837875366,36.763874,0.1928151,0.29603857
10.680000066757202,36.791874,0.19288246,0.29725936
10.690000295639038,36.807877,0.19288246,0.29848012
10.699999570846558,36.791874,0.19294983,0.29970092
10.709999799728394,36.755875,0.1930172,0.29970092
10.72000002861023,36.815872,0.19308458,0.29970092
10.730000257492065,36.823875,0.19308458,0.30092168
10.739999532699585,36.791874,0.19308458,0.30214247
10.749999761581421,36.823875,0.19315194,0.30336323
10.759999990463257,36.843876,0.19321932,0.30336323
10.770000219345093,36.867874,0.19328669,0.30458403
10.780000448226929,36.891876,0.1934888,0.30458403
10.789999723434448,36.907875,0.19362354,0.30458403
10.799999952316284,36.955875,0.19369091,0.30458403
10.81000018119812,36.943874,0.19382565,0.3058048
10.820000410079956,36.959873,0.19389303,0.3058048
10.829999685287476,36.995872,0.1939604,0.30702558
10.839999914169312,36.995872,0.19402777,0.30702558
10.850000143051147,37.01187,0.19416252,0.30824634
10.860000371932983,37.051872,0.19429725,0.30824634
10.869999647140503,37.095875,0.19443199,0.30824634
10.879999876022339,37.13587,0.19456674,0.30824634
10.890000104904175,37.147873,0.19476885,0.30946714
10.90000033378601,37.203873,0.19497097,0.30824634
10.90999960899353,37.275875,0.19537519,0.3058048
10.919999837875366,37.40787,0.1960489,0.30336323
10.930000066757202,37.563873,0.19678997,0.29970092
10.940000295639038,37.743874,0.19759841,0.2948178
10.949999570846558,37.947872,0.19840688,0.2899347
10.959999799728394,38.08387,0.19914794,0.28627235
10.97000002861023,38.21587,0.19975428,0.28261003
10.980000257492065,38.287872,0.2001585,0.28138924
10.989999532699585,38.295868,0.20029324,0.28138924
10.999999761581421,38.287872,0.20029324,0.28261003
11.009999990463257,38.29187,0.20029324,0.2838308
11.020000219345093,38.36787,0.20036061,0.28505158
11.030000448226929,38.42387,0.20036061,0.28505158
11.039999723434448,38.455868,0.20042798,0.28627235
11.049999952316284,38.47587,0.20056273,0.28627235
11.06000018119812,38.49987,0.2006301,0.28749314
11.070000410079956,38.47587,0.20069747,0.28749314
11.079999685287476,38.43987,0.20076485,0.2887139
11.089999914169312,38.42387,0.2008322,0.2899347
11.100000143051147,38.45187,0.20096695,0.2899347
11.110000371932983,38.45987,0.20116907,0.2899347
11.119999647140503,38.531868,0.20143855,0.2887139
11.129999876022339,38.66787,0.2017754,0.28749314
11.140000104904175,38.795868,0.20217963,0.28627235
11.15000033378601,38.903866,0.20265123,0.2838308
11.15999960899353,39.019867,0.20325756,0.28138924
11.169999837875366,39.123867,0.20372917,0.27894768
11.180000066757202,39.207867,0.20420074,0.27650613
11.190000295639038,39.219868,0.20467234,0.27528536
11.199999570846558,39.275864,0.2050092,0.2728438
11.209999799728394,39.323864,0.20521131,0.2728438
11.22000002861023,39.343864,0.20521131,0.27406457
11.230000257492065,39.379868,0.20527868,0.27528536
11.239999532699585,39.415863,0.20527868,0.27528536
11.249999761581421,39.463867,0.20527868,0.27772692
11.259999990463257,39.495865,0.20527868,0.27772692
11.270000219345093,39.483864,0.20534605,0.27894768
11.280000448226929,39.455864,0.20534605,0.28016847
11.289999723434448,39.423866,0.20534605,0.28138924
11.299999952316284,39.367867,0.20534605,0.28261003
11.31000018119812,39.32787,0.20534605,0.2838308
11.320000410079956,39.339867,0.20534605,0.28505158
11.329999685287476,39.375866,0.20534605,0.28505158
11.339999914169312,39.395863,0.20534605,0.28749314
11.350000143051147,39.435863,0.20534605,0.28749314
11.360000371932983,39.479866,0.20534605,0.2899347
11.369999647140503,39.455864,0.20534605,0.2899347
11.379999876022339,39.415863,0.20541343,0.29115546
11.390000104904175,39.363865,0.20541343,0.29237625
11.40000033378601,39.363865,0.20541343,0.293597
11.40999960899353,39.311867,0.20541343,0.2948178
11.419999837875366,39.299866,0.20541343,0.29603857
11.430000066757202,39.343864,0.20541343,0.29725936
11.440000295639038,39.391865,0.20541343,0.29848012
11.449999570846558,39.395863,0.20548078,0.29848012
11.459999799728394,39.41987,0.20554817,0.29970092
11.47000002861023,39.463867,0.2056829,0.29970092
11.480000257492065,39.503864,0.20581765,0.29970092
11.489999532699585,39.475864,0.20588501,0.30092168
11.499999761581421,39.455864,0.20601976,0.30092168
11.509999990463257,39.467865,0.2061545,0.30092168
11.520000219345093,39.499866,0.20628925,0.30092168
11.530000448226929,39.543865,0.20642398,0.30092168
11.539999723434448,39.57987,0.20649137,0.30214247
11.549999952316284,39.619865,0.20655872,0.30336323
11.56000018119812,39.635864,0.20669347,0.30336323
11.570000410079956,39.655865,0.20669347,0.30458403
11.579999685287476,39.655865,0.20676084,0.30458403
11.589999914169312,39.655865,0.2068282,0.3058048
11.600000143051147,39.647865,0.20696294,0.3058048
11.610000371932983,39.635864,0.2070977,0.3058048
11.619999647140503,39.663864,0.20723243,0.3058048
11.629999876022339,39.723866,0.20743455,0.3058048
11.640000104904175,39.803864,0.2077714,0.30458403
11.65000033378601,39.911865,0.20810826,0.30336323
11.65999960899353,40.035866,0.20857985,0.30214247
11.669999837875366,40.143864,0.20905145,0.29970092
11.680000066757202,40.20386,0.20945567,0.29725936
11.690000295639038,40.275864,0.20972514,0.29725936
11.699999570846558,40.311863,0.21006201,0.29603857
11.709999799728394,40.347862,0.21039885,0.2948178
11.72000002861023,40.39186,0.21073572,0.293597
11.730000257492065,40.499863,0.21113995,0.29115546
11.739999532699585,40.659863,0.21161154,0.2899347
11.749999761581421,40.787857,0.21208313,0.28749314
11.759999990463257,40.87186,0.2123526,0.28749314
11.770000219345093,40.93586,0.21248734,0.28749314
11.780000448226929,40.91186,0.21248734,0.2887139
11.789999723434448,40.859863,0.21248734,0.2899347
11.799999952316284,40.84386,0.21255472,0.2899347
11.81000018119812,40.84386,0.21255472,0.29115546
11.820000410079956,40.83586,0.21262209,0.29237625
11.829999685287476,40.839863,0.21268946,0.29237625
11.839999914169312,40.89186,0.21275683,0.293597
11.850000143051147,40.94786,0.21275683,0.2948178
11.860000371932983,40.96386,0.21275683,0.2948178
11.869999647140503,40.95986,0.21282421,0.29603857
11.879999876022339,40.93586,0.21289158,0.29725936
11.890000104904175,40.923862,0.21295895,0.29725936
11.90000033378601,40.91186,0.21302631,0.29848012
11.90999960899353,40.90786,0.21302631,0.29970092
11.919999837875366,40.90786,0.21302631,0.30092168
11.930000066757202,40.91186,0.2130937,0.30092168
11.940000295639038,40.94386,0.21316105,0.30214247
11.949999570846558,40.99586,0.21316105,0.30336323
11.959999799728394,41.02386,0.2132958,0.30336323
11.97000002861023,41.05186,0.21349792,0.30336323
11.980000257492065,41.05586,0.21363266,0.30336323
11.989999532699585,41.07186,0.21383476,0.30336323
11.999999761581421,41.09186,0.21403688,0.30336323
12.009999990463257,41.13586,0.21437374,0.30214247
12.020000219345093,41.22786,0.21477796,0.29970092
12.030000448226929,41.35586,0.21518219,0.29848012
12.039999723434448,41.49586,0.21558641,0.29725936
12.049999952316284,41.571857,0.21592326,0.29603857
12.06000018119812,41.61586,0.21619275,0.2948178
12.070000410079956,41.711857,0.2165296,0.293597
12.079999685287476,41.76786,0.21700118,0.29115546
12.089999914169312,41.883858,0.21760753,0.2887139
12.100000143051147,42.035854,0.21841599,0.28505158
12.110000371932983,42.19986,0.21908969,0.28016847
12.119999647140503,42.363857,0.21969602,0.27772692
12.129999876022339,42.491856,0.22016762,0.27528536
12.140000104904175,42.607853,0.22070658,0.2728438
12.15000033378601,42.767853,0.2213803,0.26918146
12.15999960899353,42.879852,0.22205399,0.26551914
12.169999837875366,43.039852,0.22259296,0.2630776
12.180000066757202,43.139854,0.22292982,0.2618568
12.190000295639038,43.187855,0.22313192,0.2618568
12.199999570846558,43.199852,0.22340141,0.2618568
12.209999799728394,43.247856,0.22360353,0.2618568
12.22000002861023,43.307854,0.22373827,0.2618568
12.230000257492065,43.31585,0.22380564,0.2618568
12.239999532699585,43.307854,0.22380564,0.2630776
12.249999761581421,43.35985,0.22387302,0.26429835
12.259999990463257,43.38385,0.22394039,0.26429835
12.270000219345093,43.37585,0.22394039,0.26551914
12.280000448226929,43.351852,0.22400776,0.26551914
12.289999723434448,43.363853,0.22400776,0.2679607
12.299999952316284,43.35985,0.22400776,0.2679607
12.31000018119812,43.323853,0.22400776,0.27040225
12.320000410079956,43.33585,0.22400776,0.27040225
12.329999685287476,43.343853,0.22400776,0.27162302
12.339999914169312,43.323853,0.22400776,0.2728438
12.350000143051147,43.319855,0.22400776,0.27406457
12.360000371932983,43.307854,0.22400776,0.27528536
12.369999647140503,43.343853,0.22400776,0.27650613
12.379999876022339,43.31585,0.22400776,0.27772692
12.390000104904175,43.29585,0.22400776,0.27894768
12.40000033378601,43.279854,0.22400776,0.28016847
12.40999960899353,43.275852,0.22400776,0.28138924
12.419999837875366,43.267853,0.22400776,0.28261003
12.430000066757202,43.259853,0.22400776,0.2838308
12.440000295639038,43.299854,0.22407512,0.2838308
12.449999570846558,43.303852,0.22407512,0.28505158
12.459999799728394,43.287853,0.22407512,0.28627235
12.47000002861023,43.287853,0.22407512,0.28749314
12.480000257492065,43.29185,0.22407512,0.2887139
12.489999532699585,43.28385,0.22407512,0.2899347
12.499999761581421,43.259853,0.22407512,0.29115546
12.509999990463257,43.23585,0.22407512,0.29237625
12.520000219345093,43.26385,0.22407512,0.293597
12.530000448226929,43.251854,0.22407512,0.2948178
12.539999723434448,43.227856,0.22407512,0.29603857
12.549999952316284,43.25585,0.22407512,0.29725936
12.56000018119812,43.26385,0.22407512,0.29848012
12.570000410079956,43.239853,0.22407512,0.29970092
12.579999685287476,43.219852,0.2241425,0.29970092
12.589999914169312,43.23585,0.2241425,0.30092168
12.600000143051147,43.23585,0.2241425,0.30214247
12.610000371932983,43.211853,0.22420986,0.30336323
12.619999647140503,43.227856,0.22420986,0.30458403
12.629999876022339,43.259853,0.22427723,0.30458403
12.640000104904175,43.279854,0.22434461,0.30458403
12.65000033378601,43.28385,0.22447935,0.3058048
12.65999960899353,43.31585,0.22454672,0.3058048
12.669999837875366,43.327854,0.22461408,0.30702558
12.680000066757202,43.319855,0.22468145,0.30702558
12.690000295639038,43.31185,0.22481619,0.30824634
12.699999570846558,43.35585,0.22488357,0.30824634
12.709999799728394,43.39585,0.22501831,0.30946714
12.72000002861023,43.42385,0.22522041,0.30824634
12.730000257492065,43.44785,0.22535516,0.30946714
12.739999532699585,43.463852,0.22535516,0.30946714
12.749999761581421,43.483852,0.22542255,0.3106879
12.759999990463257,43.479855,0.22555728,0.3106879
12.770000219345093,43.52785,0.22575939,0.3106879
12.780000448226929,43.62385,0.22602887,0.30946714
12.789999723434448,43.67585,0.22636573,0.30946714
12.799999952316284,43.73985,0.22676995,0.30702558
12.81000018119812,43.843853,0.22730893,0.30458403
12.820000410079956,44.01185,0.22784789,0.30214247
12.829999685287476,44.12785,0.22838685,0.29970092
12.839999914169312,44.19985,0.22879107,0.29848012
12.850000143051147,44.26785,0.22906055,0.29725936
12.860000371932983,44.33185,0.22939742,0.29603857
12.869999647140503,44.38785,0.22980164,0.293597
12.879999876022339,44.51185,0.23027323,0.29237625
12.890000104904175,44.67185,0.23081219,0.2899347
12.90000033378601,44.787846,0.23121642,0.2887139
12.90999960899353,44.827847,0.23141854,0.28749314
12.919999837875366,44.863846,0.2314859,0.2887139
12.930000066757202,44.863846,0.23155329,0.2887139
12.940000295639038,44.83185,0.23162064,0.2899347
12.949999570846558,44.82385,0.23168802,0.2899347
12.959999799728394,44.82385,0.23168802,0.29115546
12.97000002861023,44.839848,0.23168802,0.29237625
12.980000257492065,44.855846,0.23168802,0.293597
12.989999532699585,44.843845,0.23175539,0.2948178
12.999999761581421,44.895847,0.23175539,0.29603857
13.009999990463257,44.911846,0.23175539,0.29725936
13.020000219345093,44.89985,0.23182276,0.29725936
13.030000448226929,44.863846,0.23182276,0.29848012
13.039999723434448,44.85185,0.23182276,0.29970092
13.049999952316284,44.847847,0.23189013,0.30092168
13.06000018119812,44.827847,0.23189013,0.30092168
13.070000410079956,44.843845,0.23189013,0.30336323
13.079999685287476,44.87985,0.23195751,0.30336323
13.089999914169312,44.915848,0.23209225,0.30336323
13.100000143051147,44.943848,0.23229435,0.30336323
13.110000371932983,45.01185,0.23256384,0.30336323
13.119999647140503,45.07185,0.23276594,0.30336323
13.129999876022339,45.067844,0.23290068,0.30336323
13.140000104904175,45.07185,0.23317017,0.30214247
13.15000033378601,45.115845,0.2333049,0.30214247
13.15999960899353,45.167847,0.23350702,0.30214247
13.169999837875366,45.203846,0.23370914,0.30214247
13.180000066757202,45.271847,0.23391126,0.30092168
13.190000295639038,45.355846,0.234046,0.30214247
13.199999570846558,45.387844,0.23418073,0.30214247
13.209999799728394,45.379845,0.2342481,0.30214247
13.22000002861023,45.39184,0.23431548,0.30336323
13.230000257492065,45.407845,0.23438284,0.30336323
13.239999532699585,45.39184,0.23445022,0.30458403
13.249999761581421,45.363846,0.23445022,0.3058048
13.259999990463257,45.355846,0.23451759,0.30702558
13.270000219345093,45.399845,0.23458496,0.30702558
13.280000448226929,45.431843,0.23465233,0.30824634
13.289999723434448,45.471844,0.23471971,0.30824634
13.299999952316284,45.487846,0.23478706,0.30946714
13.31000018119812,45.491844,0.23492181,0.30946714
13.320000410079956,45.50385,0.23505655,0.30946714
13.329999685287476,45.539845,0.23532604,0.30946714
13.339999914169312,45.639843,0.23573026,0.30702558
13.350000143051147,45.759846,0.23626922,0.30458403
13.360000371932983,45.851845,0.2368082,0.30214247
13.369999647140503,45.97584,0.23727979,0.29970092
13.379999876022339,46.07584,0.23761664,0.29970092
13.390000104904175,46.103844,0.2377514,0.29970092
13.40000033378601,46.111843,0.2377514,0.29970092
13.40999960899353,46.111843,0.23781875,0.30092168
13.419999837875366,46.11584,0.23781875,0.30214247
13.430000066757202,46.107845,0.23781875,0.30336323
13.440000295639038,46.09584,0.23781875,0.30458403
13.449999570846558,46.127842,0.23781875,0.3058048
13.459999799728394,46.15584,0.23788613,0.3058048
13.47000002861023,46.151844,0.23788613,0.30702558
13.480000257492065,46.13584,0.2379535,0.30824634
13.489999532699585,46.127842,0.2379535,0.30946714
13.499999761581421,46.131844,0.23802087,0.30946714
13.509999990463257,46.13584,0.23808824,0.3106879
13.520000219345093,46.159843,0.23829035,0.3106879
13.530000448226929,46.199844,0.23842509,0.3106879
13.539999723434448,46.231842,0.23855984,0.3106879
13.549999952316284,46.259846,0.23869458,0.3119087
13.56000018119812,46.291843,0.23876195,0.3119087
13.570000410079956,46.351845,0.23889668,0.3119087
13.579999685287476,46.371845,0.2390988,0.3119087
13.589999914169312,46.379845,0.2393009,0.3106879
13.600000143051147,46.43584,0.2395704,0.3106879
13.610000371932983,46.53984,0.23990725,0.30946714
13.619999647140503,46.61984,0.24037884,0.30824634
13.629999876022339,46.743843,0.24078307,0.3058048
13.640000104904175,46.883842,0.24125466,0.30336323
13.65000033378601,46.983837,0.24165888,0.30214247
13.65999960899353,47.051838,0.24213049,0.29970092
13.669999837875366,47.15184,0.24260208,0.29725936
13.680000066757202,47.26384,0.24307367,0.29603857
13.690000295639038,47.33984,0.24341053,0.2948178
13.699999570846558,47.35984,0.24361265,0.2948178
13.709999799728394,47.36384,0.24368002,0.2948178
13.72000002861023,47.391838,0.24368002,0.29603857
13.730000257492065,47.395836,0.24368002,0.29725936
13.739999532699585,47.42384,0.24374738,0.29848012
13.749999761581421,47.45984,0.24381475,0.29848012
13.759999990463257,47.47184,0.24381475,0.29970092
13.770000219345093,47.45984,0.24381475,0.30092168
13.780000448226929,47.435837,0.24388213,0.30092168
13.789999723434448,47.435837,0.24394949,0.30214247
13.799999952316284,47.44784,0.24394949,0.30336323
13.81000018119812,47.42784,0.24401689,0.30458403
13.820000410079956,47.419838,0.24401689,0.30458403
13.829999685287476,47.443836,0.24408422,0.3058048
13.839999914169312,47.467834,0.24408422,0.30702558
13.850000143051147,47.47984,0.24408422,0.30824634
13.860000371932983,47.487835,0.24415159,0.30946714
13.869999647140503,47.49584,0.24421896,0.30946714
13.879999876022339,47.487835,0.24428634,0.3106879
13.890000104904175,47.475838,0.24442108,0.3106879
13.90000033378601,47.507835,0.24448843,0.3106879
13.90999960899353,47.523838,0.24455582,0.3119087
13.919999837875366,47.527836,0.24462318,0.31312945
13.930000066757202,47.535835,0.24469055,0.31312945
13.940000295639038,47.57984,0.24475794,0.31435025
13.949999570846558,47.635838,0.24496002,0.31435025
13.959999799728394,47.647835,0.24509478,0.31435025
13.97000002861023,47.67984,0.24529691,0.31312945
13.980000257492065,47.755836,0.24563375,0.31312945
13.989999532699585,47.83184,0.24603797,0.3106879
13.999999761581421,47.93184,0.24657692,0.30824634
14.009999990463257,48.091835,0.24725065,0.30458403
14.020000219345093,48.279835,0.24799173,0.30092168
14.030000448226929,48.451836,0.24880016,0.29725936
14.039999723434448,48.647835,0.24954127,0.29237625
14.049999952316284,48.779835,0.2500802,0.2899347
14.06000018119812,48.843834,0.25028235,0.2899347
14.070000410079956,48.851833,0.2503497,0.2899347
14.079999685287476,48.82783,0.2503497,0.29115546
14.089999914169312,48.84783,0.2503497,0.29237625
14.100000143051147,48.867832,0.2503497,0.293597
14.110000371932983,48.87583,0.2503497,0.2948178
14.119999647140503,48.911835,0.25041705,0.29603857
14.129999876022339,48.919834,0.25048444,0.29603857
14.140000104904175,48.899834,0.25048444,0.29725936
14.15000033378601,48.867832,0.25055182,0.29848012
14.15999960899353,48.871834,0.25061917,0.29848012
14.169999837875366,48.871834,0.25075394,0.29970092
14.180000066757202,48.895832,0.25082132,0.29970092
14.190000295639038,48.883835,0.25082132,0.30092168
14.199999570846558,48.939835,0.25088865,0.30092168
14.209999799728394,48.971836,0.2510234,0.30214247
14.22000002861023,49.00783,0.2510908,0.30214247
14.230000257492065,49.01583,0.25115815,0.30336323
14.239999532699585,49.055832,0.25129288,0.30336323
14.249999761581421,49.075832,0.2515624,0.30336323
14.259999990463257,49.103832,0.25189924,0.30092168
14.270000219345093,49.18783,0.25237083,0.29970092
14.280000448226929,49.37583,0.25304452,0.29603857
14.289999723434448,49.567833,0.25405508,0.29115546
14.299999952316284,49.87183,0.25526777,0.28261003
14.31000018119812,50.26383,0.25674993,0.27406457
14.320000410079956,50.563828,0.25782785,0.2679607
14.329999685287476,50.719826,0.25836682,0.26551914
14.339999914169312,50.73583,0.25870368,0.26429835
14.350000143051147,50.75583,0.25890577,0.2630776
14.360000371932983,50.79583,0.25917527,0.2630776
14.369999647140503,50.879826,0.25944474,0.2618568
14.379999876022339,50.987827,0.25971425,0.2618568
14.390000104904175,51.131824,0.25998372,0.26063603
14.40000033378601,51.227825,0.2602532,0.25941524
14.40999960899353,51.267826,0.2605227,0.25941524
14.419999837875366,51.343822,0.26085955,0.25819448
14.430000066757202,51.379826,0.26126376,0.25575292
14.440000295639038,51.403824,0.26173535,0.25453213
14.449999570846558,51.463825,0.2620722,0.25331137
14.459999799728394,51.511826,0.26220697,0.25331137
14.47000002861023,51.54782,0.26227432,0.25453213
14.480000257492065,51.579826,0.26227432,0.25575292
14.489999532699585,51.619827,0.26227432,0.25575292
14.499999761581421,51.663826,0.26227432,0.25819448
14.509999990463257,51.635822,0.26227432,0.25819448
14.520000219345093,51.603825,0.26227432,0.25941524
14.530000448226929,51.56782,0.26227432,0.26063603
14.539999723434448,51.54782,0.26227432,0.2618568
14.549999952316284,51.503822,0.26234168,0.2630776
14.56000018119812,51.483826,0.26234168,0.26429835
14.570000410079956,51.495823,0.26234168,0.26551914
14.579999685287476,51.523823,0.26234168,0.26551914
14.589999914169312,51.555824,0.26234168,0.2679607
14.600000143051147,51.579826,0.26234168,0.2679607
14.610000371932983,51.591824,0.26234168,0.27040225
14.619999647140503,51.563824,0.26234168,0.27040225
14.629999876022339,51.483826,0.26234168,0.27162302
14.640000104904175,51.439827,0.26234168,0.2728438
14.65000033378601,51.447826,0.26234168,0.27406457
14.65999960899353,51.451824,0.26240906,0.27528536
14.669999837875366,51.463825,0.26240906,0.27650613
14.680000066757202,51.487827,0.26240906,0.27772692
14.690000295639038,51.543823,0.26240906,0.27894768
14.699999570846558,51.52782,0.26240906,0.28016847
14.709999799728394,51.471825,0.26240906,0.28138924
14.72000002861023,51.463825,0.26240906,0.28138924
14.730000257492065,51.459827,0.26240906,0.2838308
14.739999532699585,51.403824,0.26240906,0.2838308
14.749999761581421,51.383823,0.26240906,0.28505158
14.759999990463257,51.415825,0.26240906,0.28627235
14.770000219345093,51.463825,0.26247644,0.28749314
14.780000448226929,51.479828,0.26247644,0.2887139
14.789999723434448,51.507824,0.26247644,0.2899347
14.799999952316284,51.511826,0.26247644,0.29115546
14.81000018119812,51.467827,0.2625438,0.29115546
14.820000410079956,51.427826,0.26261118,0.29237625
14.829999685287476,51.431824,0.26267856,0.29237625
14.839999914169312,51.447826,0.26274592,0.293597
14.850000143051147,51.455822,0.26281327,0.293597
14.860000371932983,51.459827,0.26281327,0.2948178
14.869999647140503,51.511826,0.26288065,0.29603857
14.879999876022339,51.543823,0.26294804,0.29725936
14.890000104904175,51.54782,0.26294804,0.29725936
14.90000033378601,51.539825,0.26301542,0.29848012
14.90999960899353,51.54782,0.26308277,0.29970092
14.919999837875366,51.531826,0.26315013,0.29970092
14.930000066757202,51.479828,0.26315013,0.30092168
14.940000295639038,51.495823,0.26315013,0.30214247
14.949999570846558,51.531826,0.2632849,0.30214247
14.959999799728394,51.551826,0.26335225,0.30336323
14.97000002861023,51.571827,0.26335225,0.30458403
14.980000257492065,51.603825,0.26335225,0.30458403
14.989999532699585,51.623825,0.26341963,0.3058048
14.999999761581421,51.635822,0.263487,0.30702558
15.009999990463257,51.591824,0.2635544,0.30702558
15.020000219345093,51.599827,0.26362172,0.30824634
15.030000448226929,51.619827,0.26375648,0.30824634
15.039999723434448,51.639828,0.2639586,0.30824634
15.049999952316284,51.703823,0.26409334,0.30824634
15.06000018119812,51.779823,0.26443017,0.30702558
15.070000410079956,51.891827,0.26483443,0.3058048
15.079999685287476,52.007824,0.26537338,0.30336323
15.089999914169312,52.147823,0.2660471,0.29970092
15.100000143051147,52.37982,0.26685554,0.2948178
15.110000371932983,52.575817,0.26786608,0.2899347
15.119999647140503,52.78382,0.26887664,0.2838308
15.129999876022339,52.95582,0.269483,0.28016847
15.140000104904175,52.95982,0.26955035,0.28138924
15.15000033378601,52.94382,0.26955035,0.28138924
15.15999960899353,52.935818,0.26955035,0.2838308
15.169999837875366,52.99982,0.26955035,0.2838308
15.180000066757202,53.05582,0.26955035,0.28505158
15.190000295639038,53.079823,0.26955035,0.28627235
15.199999570846558,53.08382,0.26955035,0.28749314
15.209999799728394,53.07182,0.26955035,0.2887139
15.22000002861023,53.031822,0.26961774,0.2899347
15.230000257492065,52.96382,0.26961774,0.29115546
15.239999532699585,52.91182,0.26961774,0.29237625
15.249999761581421,52.919823,0.26961774,0.293597
15.259999990463257,52.935818,0.26961774,0.2948178
15.270000219345093,52.96382,0.26961774,0.2948178
15.280000448226929,52.99182,0.26961774,0.29725936
15.289999723434448,53.03582,0.26961774,0.29725936
15.299999952316284,53.03982,0.2696851,0.29848012
15.31000018119812,52.97982,0.2696851,0.29970092
15.320000410079956,52.939823,0.2696851,0.30092168
15.329999685287476,52.92782,0.26975247,0.30092168
15.339999914169312,52.87982,0.26975247,0.30214247
15.350000143051147,52.895817,0.26975247,0.30336323
15.360000371932983,52.95182,0.26981986,0.30458403
15.369999647140503,53.01182,0.26988724,0.30458403
15.379999876022339,53.05182,0.27002195,0.30458403
15.390000104904175,53.08382,0.27008933,0.3058048
15.40000033378601,53.12782,0.27029145,0.3058048
15.40999960899353,53.10782,0.27042618,0.3058048
15.419999837875366,53.067818,0.27056092,0.3058048
15.430000066757202,53.099823,0.27076304,0.3058048
15.440000295639038,53.16382,0.2710999,0.30458403
15.449999570846558,53.26782,0.27150413,0.30336323
15.459999799728394,53.419815,0.27211043,0.30092168
15.47000002861023,53.659817,0.27285153,0.29725936
15.480000257492065,53.903816,0.2737947,0.29115546
15.489999532699585,54.115814,0.27467054,0.28627235
15.499999761581421,54.247814,0.27520952,0.2838308
15.509999990463257,54.255814,0.27527687,0.2838308
15.520000219345093,54.199818,0.27527687,0.28505158
15.530000448226929,54.131817,0.27527687,0.28627235
15.539999723434448,54.12782,0.27527687,0.28749314
15.549999952316284,54.207813,0.27527687,0.2887139
15.56000018119812,54.255814,0.27527687,0.2899347
15.570000410079956,54.315815,0.27534425,0.2899347
15.579999685287476,54.343815,0.27534425,0.29115546
15.589999914169312,54.335815,0.27541164,0.29237625
15.600000143051147,54.283813,0.27541164,0.293597
15.610000371932983,54.179817,0.27541164,0.2948178
15.619999647140503,54.139816,0.27541164,0.29603857
15.629999876022339,54.167816,0.27541164,0.29725936
15.640000104904175,54.151817,0.275479,0.29725936
15.65000033378601,54.223816,0.27554634,0.29848012
15.65999960899353,54.30781,0.27554634,0.29970092
15.669999837875366,54.335815,0.27554634,0.30092168
15.680000066757202,54.323814,0.27561373,0.30092168
15.690000295639038,54.279816,0.27561373,0.30214247
15.699999570846558,54.231815,0.27561373,0.30336323
15.709999799728394,54.187813,0.2756811,0.30458403
15.72000002861023,54.139816,0.2757485,0.30458403
15.730000257492065,54.171818,0.27581584,0.3058048
15.739999532699585,54.251816,0.27595058,0.3058048
15.749999761581421,54.327812,0.27601796,0.30702558
15.759999990463257,54.391815,0.27622008,0.30702558
15.770000219345093,54.46781,0.27642217,0.3058048
15.780000448226929,54.495815,0.2766243,0.3058048
15.789999723434448,54.511814,0.27689376,0.30458403
15.799999952316284,54.547813,0.27723062,0.30336323
15.81000018119812,54.615814,0.2777022,0.30214247
15.820000410079956,54.743816,0.27830857,0.29970092
15.829999685287476,54.89181,0.2789149,0.29603857
15.839999914169312,55.09981,0.2795886,0.29237625
15.850000143051147,55.33181,0.28039706,0.2887139
15.860000371932983,55.519814,0.28113812,0.2838308
15.869999647140503,55.65181,0.28154236,0.28261003
15.879999876022339,55.67181,0.2816771,0.28261003
15.890000104904175,55.647808,0.28174448,0.28261003
15.90000033378601,55.59581,0.28174448,0.2838308
15.910000562667847,55.563812,0.28174448,0.28505158
15.920000791549683,55.619812,0.28174448,0.28627235
15.929999113082886,55.679813,0.28174448,0.28749314
15.939999341964722,55.70381,0.28181186,0.2887139
15.949999570846558,55.73181,0.2818792,0.2887139
15.959999799728394,55.74381,0.2818792,0.2899347
15.97000002861023,55.723812,0.2818792,0.29115546
15.980000257492065,55.65181,0.28194657,0.29237625
15.990000486373901,55.60381,0.28194657,0.293597
16.000000715255737,55.607807,0.28208134,0.293597
16.010000944137573,55.619812,0.2821487,0.293597
16.019999265670776,55.66381,0.28221607,0.2948178
16.029999494552612,55.723812,0.28228343,0.2948178
16.03999972343445,55.791813,0.2823508,0.29603857
16.049999952316284,55.81981,0.28241816,0.29725936
16.06000018119812,55.77581,0.28248554,0.29725936
16.070000410079956,55.791813,0.2826203,0.29725936
16.080000638961792,55.77581,0.28275502,0.29725936
16.090000867843628,55.787807,0.28302452,0.29725936
16.09999918937683,55.85181,0.28336138,0.29603857
16.109999418258667,55.971813,0.28369823,0.2948178
16.119999647140503,56.08381,0.28410244,0.293597
16.12999987602234,56.199806,0.28450668,0.29115546
16.140000104904175,56.31981,0.2848435,0.2899347
16.15000033378601,56.403805,0.2851804,0.2899347
16.160000562667847,56.451805,0.28551725,0.28749314
16.170000791549683,56.511806,0.28605622,0.28505158
16.179999113082886,56.635803,0.28666252,0.28261003
16.18999934196472,56.779808,0.28733626,0.28016847
16.199999570846558,56.919807,0.28780782,0.27650613
16.209999799728394,57.023808,0.28800994,0.27650613
16.22000002861023,57.071808,0.28807732,0.27772692
16.230000257492065,57.075806,0.28807732,0.27894768
16.2400004863739,57.055805,0.28807732,0.28016847
16.250000715255737,57.059807,0.28807732,0.28138924
16.260000944137573,57.075806,0.2881447,0.28138924
16.269999265670776,57.051807,0.2881447,0.28261003
16.279999494552612,57.015804,0.2881447,0.2838308
16.28999972343445,57.007805,0.2881447,0.28505158
16.299999952316284,57.023808,0.2882121,0.28505158
16.31000018119812,57.031807,0.2882121,0.28627235
16.320000410079956,57.023808,0.2882121,0.28749314
16.330000638961792,57.023808,0.2882121,0.2887139
16.340000867843628,57.031807,0.2882121,0.2899347
16.34999918937683,57.027805,0.2882794,0.29115546
16.359999418258667,57.023808,0.2883468,0.29115546
16.369999647140503,57.019806,0.2883468,0.29237625
16.37999987602234,57.015804,0.2883468,0.293597
16.390000104904175,56.99981,0.28841418,0.2948178
16.40000033378601,57.027805,0.28854892,0.2948178
16.410000562667847,57.075806,0.2886163,0.2948178
16.420000791549683,57.099808,0.288751,0.29603857
16.429999113082886,57.115807,0.28888577,0.29603857
16.43999934196472,57.163807,0.28908786,0.29603857
16.449999570846558,57.211807,0.28935736,0.2948178
16.459999799728394,57.267803,0.28969422,0.293597
16.47000002861023,57.375805,0.2902332,0.29115546
16.480000257492065,57.531803,0.29083952,0.28749314
16.4900004863739,57.711803,0.29144585,0.28505158
16.500000715255737,57.8198,0.29191747,0.28261003
16.510000944137573,57.9318,0.29238907,0.28138924
16.519999265670776,58.071804,0.29299536,0.27772692
16.529999494552612,58.179802,0.293467,0.27528536
16.53999972343445,58.283802,0.2938712,0.27406457
16.549999952316284,58.3438,0.2940733,0.27406457
16.56000018119812,58.367798,0.2941407,0.27406457
16.570000410079956,58.3438,0.2941407,0.27528536
16.580000638961792,58.3638,0.29420805,0.27650613
16.590000867843628,58.399803,0.29420805,0.27772692
16.59999918937683,58.399803,0.29420805,0.27894768
16.609999418258667,58.3838,0.29420805,0.28016847
16.619999647140503,58.3638,0.29427543,0.28016847
16.62999987602234,58.379803,0.2943428,0.28138924
16.640000104904175,58.3958,0.29441017,0.28138924
16.65000033378601,58.3878,0.29447755,0.28261003
16.660000562667847,58.3878,0.29454494,0.2838308
16.670000791549683,58.4038,0.29461226,0.2838308
16.679999113082886,58.4238,0.29474702,0.2838308
16.68999934196472,58.4558,0.29488176,0.2838308
16.699999570846558,58.4958,0.29494914,0.28505158
16.709999799728394,58.527798,0.29515123,0.28505158
16.72000002861023,58.5758,0.29542074,0.2838308
16.730000257492065,58.6078,0.2957576,0.28261003
16.7400004863739,58.7398,0.29629657,0.28016847
16.750000715255737,58.8998,0.2969029,0.27772692
16.760000944137573,59.0558,0.29744187,0.27528536
16.769999265670776,59.139797,0.29784608,0.2728438
16.779999494552612,59.1958,0.29804817,0.2728438
16.78999972343445,59.2278,0.29825032,0.2728438
16.799999952316284,59.255802,0.2984524,0.2728438
16.81000018119812,59.3478,0.2987893,0.27162302
16.820000410079956,59.451797,0.29899138,0.27162302
16.830000638961792,59.451797,0.29912612,0.27162302
16.840000867843628,59.4478,0.2991935,0.27162302
16.84999918937683,59.479797,0.29932824,0.27162302
16.859999418258667,59.5478,0.29953036,0.27162302
16.869999647140503,59.551796,0.29959774,0.2728438
16.87999987602234,59.535797,0.2996651,0.2728438
16.890000104904175,59.535797,0.2996651,0.27406457
16.90000033378601,59.527798,0.2996651,0.27528536
16.910000562667847,59.5198,0.2996651,0.27650613
16.920000791549683,59.5318,0.2996651,0.27772692
16.929999113082886,59.5598,0.29973245,0.27894768
16.93999934196472,59.5398,0.29979983,0.28016847
16.949999570846558,59.535797,0.29979983,0.28016847
16.959999799728394,59.5318,0.2998672,0.28138924
16.97000002861023,59.5598,0.2998672,0.28261003
16.980000257492065,59.543797,0.29993457,0.28261003
16.9900004863739,59.5398,0.30000195,0.2838308
17.000000715255737,59.535797,0.30006933,0.2838308
17.010000944137573,59.567795,0.30006933,0.28505158
17.019999265670776,59.551796,0.30006933,0.28627235
17.029999494552612,59.571796,0.3001367,0.28749314
17.03999972343445,59.583797,0.3001367,0.2887139
17.049999952316284,59.5798,0.3001367,0.2899347
17.06000018119812,59.551796,0.30020404,0.2899347
17.070000410079956,59.5398,0.30020404,0.29115546
17.080000638961792,59.5598,0.30027142,0.29237625
17.090000867843628,59.583797,0.3003388,0.29237625
17.09999918937683,59.587795,0.3004062,0.293597
17.109999418258667,59.5998,0.30047354,0.2948178
17.119999647140503,59.619797,0.30054092,0.2948178
17.12999987602234,59.627796,0.30054092,0.29603857
17.140000104904175,59.595795,0.30054092,0.29725936
17.15000033378601,59.603798,0.30067563,0.29725936
17.160000562667847,59.631798,0.300743,0.29848012
17.170000791549683,59.659798,0.30087778,0.29848012
17.179999113082886,59.655796,0.30094513,0.29970092
17.18999934196472,59.707794,0.30107987,0.29970092
17.199999570846558,59.7838,0.30134937,0.29848012
17.209999799728394,59.8518,0.30175358,0.29725936
17.22000002861023,59.955795,0.3022252,0.2948178
17.230000257492065,60.083797,0.3028315,0.29237625
17.2400004863739,60.291794,0.30350524,0.28749314
17.250000715255737,60.411793,0.30411157,0.28505158
17.260000944137573,60.519794,0.30458316,0.28261003
17.269999265670776,60.627796,0.30505475,0.28138924
17.279999494552612,60.723793,0.30552635,0.27894768
17.28999972343445,60.791794,0.30579582,0.27772692
17.299999952316284,60.867794,0.30593058,0.27772692
17.31000018119812,60.899796,0.30599794,0.27894768
17.320000410079956,60.911793,0.30599794,0.28016847
17.330000638961792,60.91579,0.30606532,0.28138924
17.340000867843628,60.931793,0.30613267,0.28138924
17.34999918937683,60.939793,0.30620006,0.28261003
17.359999418258667,60.919792,0.30620006,0.2838308
17.369999647140503,60.911793,0.30620006,0.28505158
17.37999987602234,60.919792,0.3062674,0.28505158
17.390000104904175,60.91579,0.3063348,0.28627235
17.40000033378601,60.923794,0.3063348,0.28749314
17.410000562667847,60.931793,0.3063348,0.28749314
17.420000791549683,60.951794,0.3063348,0.2899347
17.429999113082886,60.92779,0.30640218,0.2899347
17.43999934196472,60.91579,0.30640218,0.29115546
17.449999570846558,60.92779,0.30646956,0.29115546
17.459999799728394,60.94379,0.30653688,0.29237625
17.47000002861023,60.939793,0.30660427,0.293597
17.480000257492065,60.919792,0.30667165,0.293597
17.4900004863739,60.96779,0.3068064,0.293597
17.500000715255737,61.015793,0.30687377,0.2948178
17.510000944137573,61.02779,0.30694112,0.2948178
17.519999265670776,61.04779,0.3070085,0.29603857
17.529999494552612,61.03179,0.30707586,0.29725936
17.53999972343445,61.023792,0.30714324,0.29725936
17.549999952316284,61.051792,0.307278,0.29725936
17.56000018119812,61.059795,0.3074127,0.29848012
17.570000410079956,61.10779,0.3074127,0.29970092
17.580000638961792,61.10779,0.30754748,0.29970092
17.590000867843628,61.131794,0.30768222,0.29970092
17.59999918937683,61.19979,0.3079517,0.29970092
17.609999418258667,61.25979,0.3081538,0.29848012
17.619999647140503,61.311794,0.30842328,0.29725936
17.62999987602234,61.37579,0.30876014,0.29725936
17.640000104904175,61.48779,0.30916435,0.2948178
17.65000033378601,61.57579,0.30963597,0.293597
17.660000562667847,61.65979,0.31004018,0.29115546
17.670000791549683,61.76779,0.31037703,0.2899347
17.679999113082886,61.86379,0.31078124,0.2887139
17.68999934196472,61.96779,0.31118548,0.28749314
17.699999570846558,62.01979,0.31145498,0.28627235
17.709999799728394,62.059788,0.31152236,0.28749314
17.72000002861023,62.08779,0.31165707,0.28749314
17.730000257492065,62.083786,0.31172445,0.28749314
17.7400004863739,62.083786,0.31172445,0.2887139
17.750000715255737,62.10779,0.31179184,0.2899347
17.760000944137573,62.11179,0.31179184,0.29115546
17.769999265670776,62.10779,0.3118592,0.29115546
17.779999494552612,62.095787,0.3118592,0.29237625
17.78999972343445,62.10779,0.3118592,0.293597
17.799999952316284,62.115788,0.31192657,0.2948178
17.81000018119812,62.103786,0.31192657,0.2948178
17.820000410079956,62.095787,0.31192657,0.29725936
17.830000638961792,62.095787,0.31199396,0.29725936
17.840000867843628,62.103786,0.3120613,0.29848012
17.84999918937683,62.10779,0.31212866,0.29848012
17.859999418258667,62.11179,0.31212866,0.29970092
17.869999647140503,62.11979,0.31212866,0.30092168
17.87999987602234,62.08779,0.31212866,0.30214247
17.890000104904175,62.083786,0.31212866,0.30336323
17.90000033378601,62.083786,0.31212866,0.30458403
17.910000562667847,62.09979,0.31219605,0.30458403
17.920000791549683,62.083786,0.31226343,0.30702558
17.929999113082886,62.09979,0.3123308,0.30702558
17.93999934196472,62.11979,0.31239817,0.30702558
17.949999570846558,62.151787,0.3125329,0.30702558
17.959999799728394,62.15979,0.31260028,0.30824634
17.97000002861023,62.18779,0.31266764,0.30946714
17.980000257492065,62.20379,0.31273502,0.30946714
17.9900004863739,62.20379,0.31286976,0.30946714
18.000000715255737,62.195786,0.31286976,0.3106879
18.010000944137573,62.20379,0.3129371,0.3119087
18.019999265670776,62.243786,0.3130045,0.3119087
18.029999494552612,62.22779,0.3130045,0.31312945
18.03999972343445,62.23179,0.31307188,0.31435025
18.049999952316284,62.25979,0.3132066,0.315571
18.06000018119812,62.29179,0.31334135,0.315571
18.070000410079956,62.303787,0.3134761,0.315571
18.080000638961792,62.367786,0.3136782,0.31435025
18.090000867843628,62.41179,0.31394768,0.31435025
18.09999918937683,62.519783,0.31435192,0.3119087
18.109999418258667,62.639786,0.3150256,0.30946714
18.119999647140503,62.855785,0.31583408,0.30458403
18.12999987602234,63.075787,0.31670988,0.29970092
18.140000104904175,63.247787,0.3173836,0.29603857
18.15000033378601,63.375782,0.31792256,0.293597
18.160000562667847,63.435783,0.31819203,0.29237625
18.170000791549683,63.467785,0.3183268,0.293597
18.179999113082886,63.47578,0.3183268,0.293597
18.18999934196472,63.487785,0.31839418,0.2948178
18.199999570846558,63.551785,0.3184615,0.2948178
18.209999799728394,63.583782,0.3185289,0.29603857
18.22000002861023,63.599785,0.31859627,0.29725936
18.230000257492065,63.599785,0.31859627,0.29725936
18.2400004863739,63.583782,0.31866366,0.29848012
18.250000715255737,63.547787,0.318731,0.29970092
18.260000944137573,63.51578,0.3187984,0.29970092
18.269999265670776,63.555782,0.31886575,0.30092168
18.279999494552612,63.579784,0.31893313,0.30092168
18.28999972343445,63.579784,0.31893313,0.30214247
18.299999952316284,63.591785,0.31900048,0.30336323
18.31000018119812,63.619785,0.31900048,0.30458403
18.320000410079956,63.643784,0.31906787,0.30458403
18.330000638961792,63.623783,0.31913525,0.3058048
18.340000867843628,63.603783,0.31920263,0.30702558
18.34999918937683,63.623783,0.31926996,0.30702558
18.359999418258667,63.619785,0.31933734,0.30824634
18.369999647140503,63.60778,0.31940472,0.30824634
18.37999987602234,63.643784,0.31953946,0.30946714
18.390000104904175,63.72778,0.3196742,0.30946714
18.40000033378601,63.771786,0.3198763,0.30824634
18.410000562667847,63.791782,0.32007843,0.30824634
18.420000791549683,63.871784,0.3204153,0.30702558
18.429999113082886,63.979782,0.32095423,0.30458403
18.43999934196472,64.11578,0.32162794,0.30092168
18.449999570846558,64.31578,0.32257116,0.29603857
18.459999799728394,64.57178,0.3235817,0.2899347
18.47000002861023,64.89178,0.32479435,0.2838308
18.480000257492065,65.13178,0.3258723,0.27650613
18.4900004863739,65.379776,0.32668075,0.27162302
18.500000715255737,65.55978,0.3272871,0.26918146
18.510000944137573,65.69177,0.32789344,0.26551914
18.519999265670776,65.81578,0.32849976,0.2630776
18.529999494552612,65.93977,0.3291061,0.26063603
18.53999972343445,66.103775,0.32957768,0.25819448
18.549999952316284,66.23177,0.33018404,0.25575292
18.56000018119812,66.37177,0.33065563,0.25209057
18.570000410079956,66.463776,0.3309925,0.2508698
18.580000638961792,66.507774,0.33105987,0.25209057
18.590000867843628,66.479774,0.33112726,0.25209057
18.59999918937683,66.463776,0.33112726,0.25453213
18.609999418258667,66.47177,0.33112726,0.25453213
18.619999647140503,66.47578,0.33112726,0.25575292
18.62999987602234,66.46777,0.33112726,0.25697368
18.640000104904175,66.45978,0.33112726,0.25819448
18.65000033378601,66.479774,0.33112726,0.25941524
18.660000562667847,66.45978,0.33112726,0.26063603
18.670000791549683,66.43178,0.33112726,0.2618568
18.679999113082886,66.395775,0.33112726,0.2630776
18.68999934196472,66.40377,0.33112726,0.26429835
18.699999570846558,66.37177,0.33112726,0.26551914
18.709999799728394,66.351776,0.33112726,0.2667399
18.72000002861023,66.38377,0.33112726,0.2679607
18.730000257492065,66.40377,0.33112726,0.26918146
18.7400004863739,66.36378,0.33112726,0.27040225
18.750000715255737,66.367775,0.33112726,0.27162302
18.760000944137573,66.35978,0.33112726,0.27162302
18.769999265670776,66.33577,0.33112726,0.27406457
18.779999494552612,66.30777,0.33112726,0.27406457
18.78999972343445,66.283775,0.33112726,0.27528536
18.799999952316284,66.31577,0.33112726,0.27650613
18.81000018119812,66.31577,0.33112726,0.27772692
18.820000410079956,66.31577,0.33112726,0.27894768
18.830000638961792,66.31577,0.33112726,0.28016847
18.840000867843628,66.31577,0.33112726,0.28138924
18.84999918937683,66.29578,0.33112726,0.28261003
18.859999418258667,66.26377,0.33112726,0.2838308
18.869999647140503,66.25977,0.33112726,0.28505158
18.87999987602234,66.26778,0.33119458,0.28505158
18.890000104904175,66.24778,0.33119458,0.28749314
18.90000033378601,66.25178,0.33126196,0.28749314
18.910000562667847,66.27577,0.33126196,0.2887139
18.920000791549683,66.28777,0.33126196,0.2899347
18.929999113082886,66.26377,0.33132935,0.29115546
18.93999934196472,66.25977,0.33139673,0.29115546
18.949999570846558,66.26778,0.33139673,0.29237625
18.959999799728394,66.25977,0.33146408,0.293597
18.97000002861023,66.24778,0.33146408,0.293597
18.980000257492065,66.26377,0.33153147,0.2948178
18.9900004863739,66.299774,0.33159882,0.2948178
19.000000715255737,66.30377,0.33159882,0.29725936
19.010000944137573,66.299774,0.3316662,0.29725936
19.019999265670776,66.339775,0.33180094,0.29725936
19.029999494552612,66.339775,0.33180094,0.29848012
19.03999972343445,66.311775,0.33186832,0.29970092
19.049999952316284,66.311775,0.33186832,0.30092168
19.06000018119812,66.339775,0.33200303,0.30092168
19.070000410079956,66.34377,0.3320704,0.30092168
19.080000638961792,66.37177,0.3321378,0.30214247
19.090000867843628,66.38377,0.33220518,0.30336323
19.09999918937683,66.423775,0.3323399,0.30336323
19.109999418258667,66.43178,0.33247465,0.30336323
19.119999647140503,66.43977,0.3326094,0.30336323
19.12999987602234,66.48377,0.33274412,0.30336323
19.140000104904175,66.56777,0.33308098,0.30214247
19.15000033378601,66.63577,0.33355257,0.30092168
19.160000562667847,66.78777,0.33422628,0.29725936
19.170000791549683,67.01177,0.33496737,0.293597
19.179999113082886,67.215775,0.33577582,0.2887139
19.18999934196472,67.42377,0.33665165,0.2838308
19.199999570846558,67.61577,0.33752742,0.27894768
19.209999799728394,67.799774,0.3380664,0.27650613
19.22000002861023,67.83177,0.33826855,0.27528536
19.230000257492065,67.81177,0.33826855,0.27772692
19.2400004863739,67.81177,0.33826855,0.27772692
19.250000715255737,67.85977,0.33826855,0.28016847
19.260000944137573,67.883766,0.33826855,0.28016847
19.269999265670776,67.887764,0.3383359,0.28138924
19.279999494552612,67.91177,0.3383359,0.28261003
19.28999972343445,67.90377,0.33840325,0.2838308
19.299999952316284,67.85577,0.33840325,0.2838308
19.31000018119812,67.82777,0.33847064,0.28505158
19.320000410079956,67.81177,0.33847064,0.28627235
19.330000638961792,67.815765,0.33847064,0.28749314
19.340000867843628,67.81977,0.33853802,0.28749314
19.34999918937683,67.87177,0.33867276,0.28749314
19.359999418258667,67.93577,0.33874014,0.2887139
19.369999647140503,67.94377,0.3388075,0.2899347
19.37999987602234,67.93177,0.33887485,0.2899347
19.390000104904175,67.91977,0.33894223,0.29115546
19.40000033378601,67.91977,0.3390096,0.29115546
19.410000562667847,67.90777,0.339077,0.29237625
19.420000791549683,67.91577,0.3392791,0.29237625
19.429999113082886,67.99976,0.3394812,0.29115546
19.43999934196472,68.091774,0.3396833,0.29115546
19.449999570846558,68.175766,0.34002018,0.29115546
19.459999799728394,68.25176,0.34042442,0.2899347
19.47000002861023,68.371765,0.34082863,0.28749314
19.480000257492065,68.45977,0.34130022,0.28505158
19.4900004863739,68.53177,0.34183916,0.28261003
19.500000715255737,68.63976,0.34231076,0.28138924
19.510000944137573,68.76777,0.34278238,0.27894768
19.519999265670776,68.871765,0.3431192,0.27650613
19.529999494552612,68.927765,0.34332135,0.27650613
19.53999972343445,68.97576,0.34332135,0.27772692
19.549999952316284,68.99976,0.34332135,0.27894768
19.56000018119812,68.98776,0.3433887,0.28016847
19.570000410079956,68.99177,0.3433887,0.28138924
19.580000638961792,68.967766,0.3433887,0.28138924
19.590000867843628,68.94376,0.3433887,0.2838308
19.59999918937683,68.927765,0.3434561,0.2838308
19.609999418258667,68.915764,0.34352344,0.28505158
19.619999647140503,68.96377,0.34352344,0.28505158
19.62999987602234,68.967766,0.34359083,0.28627235
19.640000104904175,68.967766,0.34359083,0.28749314
19.65000033378601,68.97176,0.34365818,0.2887139
19.660000562667847,68.97977,0.34365818,0.2899347
19.670000791549683,68.955765,0.34372556,0.2899347
19.679999113082886,68.95177,0.34379295,0.29115546
19.68999934196472,68.96377,0.34386033,0.29115546
19.699999570846558,68.97977,0.34386033,0.29237625
19.709999799728394,68.967766,0.34386033,0.293597
19.72000002861023,68.97176,0.34392765,0.2948178
19.730000257492065,68.99976,0.34399503,0.2948178
19.7400004863739,69.039764,0.3441298,0.2948178
19.750000715255737,69.051765,0.34426454,0.2948178
19.760000944137573,69.05977,0.34439927,0.29603857
19.769999265670776,69.079765,0.34446663,0.29603857
19.779999494552612,69.05576,0.34446663,0.29725936
19.78999972343445,69.04376,0.344534,0.29848012
19.799999952316284,69.07577,0.3446014,0.29970092
19.81000018119812,69.11176,0.34466875,0.29970092
19.820000410079956,69.13177,0.34466875,0.30092168
19.830000638961792,69.107765,0.34473613,0.30092168
19.840000867843628,69.14377,0.34487087,0.30214247
19.84999918937683,69.15977,0.34493822,0.30214247
19.859999418258667,69.14377,0.3450056,0.30336323
19.869999647140503,69.15576,0.34507298,0.30336323
19.87999987602234,69.16776,0.34514037,0.30458403
19.890000104904175,69.203766,0.34527507,0.30458403
19.90000033378601,69.24377,0.3454772,0.30458403
19.910000562667847,69.32777,0.34581405,0.30336323
19.920000791549683,69.43976,0.34628564,0.30092168
19.929999113082886,69.55976,0.34682462,0.29848012
19.93999934196472,69.68376,0.34743094,0.29603857
19.949999570846558,69.79976,0.34790254,0.293597
19.959999799728394,69.89577,0.34837416,0.29115546
19.97000002861023,70.00376,0.34884575,0.2899347
19.980000257492065,70.11976,0.34931734,0.28749314
19.9900004863739,70.27176,0.34978893,0.28505158
20.000000715255737,70.39576,0.35026053,0.2838308
20.010000944137573,70.45576,0.35039526,0.2838308
20.019999265670776,70.48376,0.35046265,0.2838308
20.029999494552612,70.47976,0.35046265,0.28505158
20.03999972343445,70.44376,0.35046265,0.28627235
20.049999952316284,70.45176,0.35053,0.28749314
20.06000018119812,70.44376,0.35053,0.28749314
20.070000410079956,70.44776,0.35053,0.2899347
20.080000638961792,70.45176,0.35059738,0.2899347
20.090000867843628,70.44376,0.35059738,0.29115546
20.09999918937683,70.47176,0.35066476,0.29115546
20.109999418258667,70.47976,0.35066476,0.29237625
20.119999647140503,70.45576,0.35066476,0.293597
20.12999987602234,70.42776,0.35073212,0.2948178
20.140000104904175,70.43176,0.35079947,0.2948178
20.15000033378601,70.44776,0.35079947,0.29603857
20.160000562667847,70.44376,0.35086685,0.29725936
20.170000791549683,70.46776,0.35093424,0.29725936
20.179999113082886,70.49576,0.35100162,0.29848012
20.18999934196472,70.48376,0.35100162,0.29970092
20.199999570846558,70.47176,0.35106897,0.30092168
20.209999799728394,70.45976,0.35106897,0.30092168
20.22000002861023,70.47976,0.35113633,0.30214247
20.230000257492065,70.45576,0.35113633,0.30336323
20.2400004863739,70.46376,0.3512711,0.30336323
20.250000715255737,70.527756,0.35140583,0.30336323
20.260000944137573,70.56376,0.3515406,0.30458403
20.269999265670776,70.59176,0.3516753,0.30458403
20.279999494552612,70.63576,0.35187742,0.30336323
20.28999972343445,70.707756,0.35221428,0.30336323
20.299999952316284,70.77576,0.35255113,0.30092168
20.31000018119812,70.85576,0.35295534,0.29970092
20.320000410079956,70.95176,0.35335958,0.29848012
20.330000638961792,71.07976,0.3537638,0.29725936
20.340000867843628,71.14375,0.35410064,0.29603857
20.34999918937683,71.207756,0.35443753,0.2948178
20.359999418258667,71.31176,0.35484174,0.29237625
20.369999647140503,71.45176,0.35538068,0.2899347
20.37999987602234,71.60375,0.35612178,0.28627235
20.390000104904175,71.76775,0.35686284,0.28261003
20.40000033378601,71.92776,0.35740182,0.28016847
20.410000562667847,72.06376,0.35780606,0.27772692
20.420000791549683,72.10375,0.3581429,0.27772692
20.429999113082886,72.183754,0.35847974,0.27528536
20.43999934196472,72.307755,0.35895136,0.27406457
20.449999570846558,72.45175,0.3595577,0.27040225
20.459999799728394,72.59576,0.36016402,0.2679607
20.47000002861023,72.75575,0.3606356,0.26551914
20.480000257492065,72.86775,0.36103985,0.26429835
20.4900004863739,72.91175,0.36137667,0.2630776
20.500000715255737,72.96375,0.36171356,0.2618568
20.510000944137573,73.03175,0.36198303,0.26063603
20.519999265670776,73.11575,0.3621178,0.26063603
20.529999494552612,73.10375,0.3621178,0.2618568
20.53999972343445,73.10775,0.36218512,0.2630776
20.549999952316284,73.139755,0.36218512,0.26429835
20.56000018119812,73.139755,0.36218512,0.26551914
20.570000410079956,73.10375,0.36218512,0.26551914
20.580000638961792,73.07575,0.36218512,0.2679607
20.590000867843628,73.04775,0.36218512,0.2679607
20.59999918937683,73.05175,0.36218512,0.27040225
20.609999418258667,73.01175,0.36218512,0.27040225
20.619999647140503,73.00775,0.36218512,0.27162302
20.62999987602234,73.03175,0.36218512,0.2728438
20.640000104904175,73.02775,0.36218512,0.27406457
20.65000033378601,73.01575,0.36218512,0.27528536
20.660000562667847,73.01975,0.36218512,0.27650613
20.670000791549683,73.01175,0.36218512,0.27772692
20.679999113082886,72.97575,0.36218512,0.27894768
20.68999934196472,72.94375,0.36218512,0.28016847
20.699999570846558,72.947754,0.36218512,0.28138924
20.709999799728394,72.96775,0.36218512,0.28261003
20.72000002861023,72.959755,0.36218512,0.2838308
20.730000257492065,72.96775,0.36218512,0.28505158
20.7400004863739,72.97975,0.3622525,0.28505158
20.750000715255737,72.95575,0.3622525,0.28627235
20.760000944137573,72.92375,0.3622525,0.28749314
20.769999265670776,72.919754,0.3622525,0.2887139
20.779999494552612,72.919754,0.3623199,0.2899347
20.78999972343445,72.919754,0.3623199,0.29115546
20.799999952316284,72.90775,0.3623199,0.29115546
20.81000018119812,72.93575,0.36238727,0.29237625
20.820000410079956,72.97575,0.36245462,0.293597
20.830000638961792,72.96775,0.3625894,0.293597
20.840000867843628,73.00775,0.36265674,0.293597
20.84999918937683,73.01575,0.36279148,0.2948178
20.859999418258667,73.01175,0.36285886,0.2948178
20.869999647140503,72.987755,0.36292624,0.2948178
20.87999987602234,72.999756,0.3629936,0.29603857
20.890000104904175,73.03975,0.36306095,0.29725936
20.90000033378601,73.05975,0.36312833,0.29725936
20.910000562667847,73.071754,0.36312833,0.29848012
20.920000791549683,73.08375,0.36312833,0.29970092
20.929999113082886,73.08375,0.36319572,0.30092168
20.93999934196472,73.05575,0.36319572,0.30214247
20.949999570846558,73.03975,0.36326307,0.30214247
20.959999799728394,73.05975,0.36326307,0.30336323
20.97000002861023,73.06775,0.36326307,0.30458403
20.980000257492065,73.04775,0.36333045,0.3058048
20.9900004863739,73.06375,0.3634652,0.3058048
21.000000715255737,73.111755,0.36353254,0.30702558
21.010000944137573,73.13175,0.3636673,0.30702558
21.019999265670776,73.15175,0.36380205,0.30702558
21.029999494552612,73.20775,0.36407152,0.3058048
21.03999972343445,73.27575,0.364341,0.3058048
21.049999952316284,73.31575,0.36467788,0.30458403
21.06000018119812,73.40375,0.36521682,0.30214247
21.070000410079956,73.58375,0.3657558,0.29970092
21.080000638961792,73.75175,0.36636215,0.29603857
21.090000867843628,73.87175,0.36683375,0.293597
21.09999918937683,73.97975,0.3673053,0.29115546
21.109999418258667,74.09575,0.36784428,0.2899347
21.119999647140503,74.25175,0.368518,0.28627235
21.12999987602234,74.407745,0.36905694,0.2838308
21.140000104904175,74.51175,0.36946118,0.28138924
21.15000033378601,74.57175,0.3696633,0.28138924
21.160000562667847,74.59175,0.36973068,0.28138924
21.170000791549683,74.59175,0.3698654,0.28261003
21.179999113082886,74.62375,0.36993277,0.28261003
21.18999934196472,74.659744,0.37000015,0.2838308
21.199999570846558,74.67574,0.37006754,0.2838308
21.209999799728394,74.65175,0.3701349,0.28505158
21.22000002861023,74.64774,0.37020227,0.28505158
21.230000257492065,74.69175,0.37026963,0.28627235
21.2400004863739,74.69175,0.37040436,0.28749314
21.250000715255737,74.70374,0.37053913,0.28627235
21.260000944137573,74.75175,0.37067384,0.28749314
21.269999265670776,74.79974,0.3708086,0.28749314
21.279999494552612,74.80775,0.37094334,0.28749314
21.28999972343445,74.83175,0.37101072,0.28749314
21.299999952316284,74.84375,0.3710781,0.2887139
21.31000018119812,74.81974,0.3710781,0.2899347
21.320000410079956,74.79175,0.3710781,0.29115546
21.330000638961792,74.80375,0.3710781,0.29237625
21.340000867843628,74.823746,0.37114546,0.293597
21.34999918937683,74.81574,0.37114546,0.293597
21.359999418258667,74.81974,0.37114546,0.2948178
21.369999647140503,74.83175,0.37114546,0.29603857
21.37999987602234,74.81574,0.37114546,0.29725936
21.390000104904175,74.795746,0.3712128,0.29848012
21.40000033378601,74.78774,0.3712128,0.29970092
21.410000562667847,74.79175,0.3712128,0.30092168
21.420000791549683,74.795746,0.3712802,0.30092168
21.429999113082886,74.75974,0.3712802,0.30214247
21.43999934196472,74.767746,0.3712802,0.30336323
21.449999570846558,74.79175,0.37134758,0.30458403
21.459999799728394,74.783745,0.37134758,0.30458403
21.47000002861023,74.77174,0.37134758,0.30702558
21.480000257492065,74.77575,0.37141496,0.30702558
21.4900004863739,74.78774,0.37141496,0.30824634
21.500000715255737,74.77174,0.3714823,0.30946714
21.510000944137573,74.77575,0.3714823,0.3106879
21.519999265670776,74.78774,0.3714823,0.3106879
21.529999494552612,74.79974,0.37154967,0.3119087
21.53999972343445,74.80375,0.37168443,0.3119087
21.549999952316284,74.82774,0.37181917,0.31312945
21.56000018119812,74.88374,0.3719539,0.31312945
21.570000410079956,74.89974,0.37208864,0.31312945
21.580000638961792,74.895744,0.37215602,0.31312945
21.590000867843628,74.93174,0.37229076,0.31435025
21.59999918937683,74.97174,0.37249288,0.31312945
21.609999418258667,74.991745,0.37262762,0.31435025
21.619999647140503,75.01174,0.37276235,0.31435025
21.62999987602234,75.075745,0.37296447,0.31312945
21.640000104904175,75.16374,0.37323394,0.31312945
21.65000033378601,75.25174,0.37370554,0.3106879
21.660000562667847,75.36374,0.3742445,0.30824634
21.670000791549683,75.519745,0.3747835,0.3058048
21.679999113082886,75.643745,0.37525508,0.30336323
21.68999934196472,75.70774,0.37559193,0.30214247
21.699999570846558,75.743744,0.37572667,0.30336323
21.709999799728394,75.75974,0.37572667,0.30336323
21.72000002861023,75.743744,0.37572667,0.30458403
21.730000257492065,75.72374,0.37579402,0.3058048
21.7400004863739,75.76774,0.3758614,0.30702558
21.750000715255737,75.80374,0.3758614,0.30702558
21.760000944137573,75.80774,0.3759288,0.30824634
21.769999265670776,75.77574,0.3759288,0.30946714
21.779999494552612,75.77975,0.37599614,0.3106879
21.78999972343445,75.76374,0.37606353,0.3106879
21.799999952316284,75.76374,0.3761309,0.3119087
21.81000018119812,75.78774,0.3761309,0.31312945
21.820000410079956,75.84374,0.37626562,0.31312945
21.830000638961792,75.851746,0.376333,0.31312945
21.840000867843628,75.84774,0.37640038,0.31435025
21.84999918937683,75.87174,0.37646776,0.315571
21.859999418258667,75.89974,0.3766025,0.315571
21.869999647140503,75.895744,0.37673724,0.315571
21.87999987602234,75.90374,0.37687197,0.315571
21.890000104904175,75.93174,0.3770067,0.3167918
21.90000033378601,75.96774,0.37720883,0.315571
21.910000562667847,76.03574,0.3774783,0.315571
21.920000791549683,76.12374,0.37781516,0.31312945
21.929999113082886,76.25174,0.378152,0.31312945
21.93999934196472,76.35574,0.3786236,0.3106879
21.949999570846558,76.45574,0.37902784,0.30946714
21.959999799728394,76.53174,0.37949944,0.30702558
21.97000002861023,76.65974,0.37997103,0.30458403
21.980000257492065,76.79174,0.38057736,0.30092168
21.9900004863739,76.96374,0.38131842,0.29848012
22.000000715255737,77.107735,0.38179,0.2948178
22.010000944137573,77.20773,0.3820595,0.2948178
22.019999265670776,77.22774,0.3820595,0.29603857
22.029999494552612,77.20773,0.3820595,0.29725936
22.03999972343445,77.22774,0.3820595,0.29848012
22.049999952316284,77.22774,0.3820595,0.29970092
22.06000018119812,77.19974,0.3820595,0.30092168
22.070000410079956,77.18774,0.3820595,0.30092168
22.080000638961792,77.203735,0.3821269,0.30214247
22.090000867843628,77.20773,0.3821269,0.30336323
22.09999918937683,77.175735,0.3821269,0.30458403
22.109999418258667,77.15574,0.3821269,0.3058048
22.119999647140503,77.18774,0.38219425,0.30702558
22.12999987602234,77.15574,0.38219425,0.30702558
22.140000104904175,77.15574,0.38226163,0.30824634
22.15000033378601,77.163734,0.382329,0.30946714
22.160000562667847,77.19574,0.382329,0.3106879
22.170000791549683,77.18774,0.382329,0.3106879
22.179999113082886,77.15974,0.382329,0.31312945
22.18999934196472,77.17974,0.38239637,0.31312945
22.199999570846558,77.18774,0.38246375,0.31312945
22.209999799728394,77.19974,0.38259846,0.31435025
22.22000002861023,77.20773,0.38266584,0.31435025
22.230000257492065,77.22774,0.38273323,0.315571
22.2400004863739,77.247734,0.38286796,0.315571
22.250000715255737,77.275734,0.3830027,0.315571
22.260000944137573,77.315735,0.3832722,0.315571
22.269999265670776,77.40374,0.38360906,0.31435025
22.279999494552612,77.50774,0.38401327,0.3119087
22.28999972343445,77.60374,0.38461962,0.30946714
22.299999952316284,77.775734,0.3852933,0.3058048
22.31000018119812,77.96373,0.38596705,0.30214247
22.320000410079956,78.15173,0.3867755,0.29848012
22.330000638961792,78.327736,0.38751656,0.293597
22.340000867843628,78.495735,0.38805553,0.29115546
22.34999918937683,78.58774,0.38825762,0.29115546
22.359999418258667,78.55974,0.38825762,0.29237625
22.369999647140503,78.55573,0.388325,0.293597
22.37999987602234,78.57574,0.388325,0.293597
22.390000104904175,78.58373,0.388325,0.2948178
22.40000033378601,78.57973,0.388325,0.29603857
22.410000562667847,78.57173,0.388325,0.29725936
22.420000791549683,78.57973,0.388325,0.29848012
22.429999113082886,78.54774,0.3883924,0.29970092
22.43999934196472,78.52773,0.38845974,0.29970092
22.449999570846558,78.535736,0.38845974,0.30092168
22.459999799728394,78.55974,0.3885271,0.30214247
22.47000002861023,78.57574,0.38859448,0.30214247
22.480000257492065,78.58774,0.3887292,0.30336323
22.4900004863739,78.64373,0.3887292,0.30336323
22.500000715255737,78.64373,0.3887292,0.30458403
22.510000944137573,78.60773,0.3887966,0.3058048
22.519999265670776,78.59173,0.38886398,0.30702558
22.529999494552612,78.59173,0.38893133,0.30702558
22.53999972343445,78.57973,0.38893133,0.30824634
22.549999952316284,78.59573,0.38906607,0.30824634
22.56000018119812,78.635735,0.38913345,0.30946714
22.570000410079956,78.68373,0.38933557,0.30946714
22.580000638961792,78.73973,0.38960505,0.30824634
22.590000867843628,78.83974,0.39007664,0.3058048
22.59999918937683,79.011734,0.39075035,0.30214247
22.609999418258667,79.20773,0.39176092,0.29725936
22.619999647140503,79.46773,0.39297357,0.2899347
22.62999987602234,79.84773,0.39445576,0.28016847
22.640000104904175,80.18773,0.3957358,0.2728438
22.65000033378601,80.43572,0.39654425,0.2679607
22.660000562667847,80.59173,0.39715055,0.26551914
22.670000791549683,80.71173,0.39768952,0.2630776
22.679999113082886,80.87173,0.39829588,0.25941524
22.68999934196472,81.05972,0.39903694,0.25575292
22.699999570846558,81.25573,0.39991277,0.2508698
22.709999799728394,81.47973,0.4005191,0.24842826
22.72000002861023,81.575714,0.4007886,0.24720748
22.730000257492065,81.571724,0.4007886,0.24842826
22.7400004863739,81.53172,0.4007886,0.24964903
22.750000715255737,81.527725,0.4007886,0.2508698
22.760000944137573,81.51172,0.4007886,0.25209057
22.769999265670776,81.50773,0.4007886,0.25209057
22.779999494552612,81.51172,0.4007886,0.25453213
22.78999972343445,81.53972,0.4007886,0.25453213
22.799999952316284,81.52372,0.4007886,0.25575292
22.81000018119812,81.47572,0.4007886,0.25697368
22.820000410079956,81.45172,0.4007886,0.25819448
22.830000638961792,81.415726,0.4007886,0.25941524
22.840000867843628,81.40772,0.4007886,0.26063603
22.84999918937683,81.40372,0.4007886,0.2618568
22.859999418258667,81.43572,0.4007886,0.2630776
22.869999647140503,81.44372,0.4007886,0.26429835
22.87999987602234,81.41173,0.4007886,0.26551914
22.890000104904175,81.38372,0.4007886,0.2667399
22.90000033378601,81.391716,0.4007886,0.2679607
22.910000562667847,81.347725,0.4007886,0.26918146
22.920000791549683,81.307724,0.4007886,0.27040225
22.929999113082886,81.279724,0.4007886,0.27162302
22.93999934196472,81.31572,0.4007886,0.2728438
22.949999570846558,81.323715,0.4007886,0.27406457
22.959999799728394,81.34373,0.4007886,0.27406457
22.97000002861023,81.35172,0.4007886,0.27528536
22.980000257492065,81.319725,0.4007886,0.27650613
22.9900004863739,81.279724,0.4007886,0.27772692
23.000000715255737,81.23972,0.4007886,0.27894768
23.010000944137573,81.235725,0.4007886,0.28016847
23.019999265670776,81.235725,0.40085596,0.28138924
23.029999494552612,81.23972,0.40085596,0.28261003
23.03999972343445,81.24372,0.40085596,0.2838308
23.049999952316284,81.251724,0.40085596,0.28505158
23.06000018119812,81.24372,0.40085596,0.28505158
23.070000410079956,81.21972,0.40085596,0.28749314
23.080000638961792,81.19972,0.40085596,0.28749314
23.090000867843628,81.18773,0.40085596,0.2899347
23.09999918937683,81.17172,0.40085596,0.2899347
23.109999418258667,81.15572,0.4009233,0.29115546
23.119999647140503,81.19172,0.4009233,0.29237625
23.12999987602234,81.21172,0.4009233,0.293597
23.140000104904175,81.19972,0.4009233,0.2948178
23.15000033378601,81.195724,0.4009907,0.2948178
23.160000562667847,81.167725,0.4009907,0.29603857
23.170000791549683,81.15172,0.40105808,0.29725936
23.179999113082886,81.15973,0.40112543,0.29725936
23.18999934196472,81.14773,0.40112543,0.29848012
23.199999570846558,81.17573,0.4011928,0.29970092
23.209999799728394,81.18372,0.4012602,0.29970092
23.22000002861023,81.195724,0.40132755,0.30092168
23.230000257492065,81.235725,0.40132755,0.30214247
23.2400004863739,81.23172,0.40132755,0.30336323
23.250000715255737,81.19972,0.4013949,0.30336323
23.260000944137573,81.18773,0.4014623,0.30458403
23.269999265670776,81.17972,0.4014623,0.3058048
23.279999494552612,81.18372,0.40152967,0.30702558
23.28999972343445,81.21573,0.4016644,0.30702558
23.299999952316284,81.27573,0.40179914,0.30702558
23.31000018119812,81.32772,0.40200126,0.30702558
23.320000410079956,81.35172,0.40220335,0.30702558
23.330000638961792,81.39572,0.40247285,0.3058048
23.340000867843628,81.49572,0.4028771,0.30458403
23.34999918937683,81.611725,0.40341604,0.30092168
23.359999418258667,81.75572,0.40415713,0.29725936
23.369999647140503,82.00772,0.40516767,0.29237625
23.37999987602234,82.31572,0.406313,0.28505158
23.390000104904175,82.555725,0.40718883,0.28016847
23.40000033378601,82.71172,0.40759304,0.27772692
23.410000562667847,82.72372,0.40759304,0.28016847
23.420000791549683,82.70772,0.40759304,0.28016847
23.429999113082886,82.683716,0.40759304,0.28138924
23.43999934196472,82.67572,0.40759304,0.28261003
23.449999570846558,82.70772,0.40759304,0.2838308
23.459999799728394,82.72772,0.40759304,0.28505158
23.47000002861023,82.71572,0.40759304,0.28627235
23.480000257492065,82.68772,0.40759304,0.28749314
23.4900004863739,82.67972,0.40759304,0.2887139
23.500000715255737,82.655716,0.40759304,0.2899347
23.510000944137573,82.61172,0.40759304,0.29115546
23.519999265670776,82.59972,0.40759304,0.29237625
23.529999494552612,82.627716,0.40759304,0.293597
23.53999972343445,82.64772,0.40759304,0.2948178
23.549999952316284,82.63972,0.40759304,0.2948178
23.56000018119812,82.62371,0.40759304,0.29725936
23.570000410079956,82.62371,0.4076604,0.29725936
23.580000638961792,82.59172,0.4076604,0.29848012
23.590000867843628,82.555725,0.4076604,0.29970092
23.59999918937683,82.531715,0.4076604,0.30092168
23.609999418258667,82.57572,0.4076604,0.30214247
23.619999647140503,82.57172,0.4076604,0.30336323
23.62999987602234,82.547714,0.4076604,0.30458403
23.640000104904175,82.595726,0.40772778,0.30458403
23.65000033378601,82.587715,0.40772778,0.3058048
23.660000562667847,82.555725,0.40772778,0.30702558
23.670000791549683,82.53572,0.40779513,0.30824634
23.679999113082886,82.52372,0.40779513,0.30946714
23.68999934196472,82.53972,0.4078625,0.30946714
23.699999570846558,82.55172,0.40799728,0.3106879
23.709999799728394,82.57972,0.40806463,0.3106879
23.72000002861023,82.63972,0.408132,0.3119087
23.730000257492065,82.63972,0.40819937,0.3119087
23.7400004863739,82.61972,0.4083341,0.3119087
23.750000715255737,82.64372,0.40846887,0.31312945
23.760000944137573,82.67972,0.40867096,0.3119087
23.769999265670776,82.73572,0.40900782,0.3106879
23.779999494552612,82.823715,0.4094794,0.30946714
23.78999972343445,83.01172,0.41008577,0.3058048
23.799999952316284,83.21572,0.41096157,0.30092168
23.81000018119812,83.475716,0.4120395,0.2948178
23.820000410079956,83.77171,0.41305006,0.2899347
23.830000638961792,83.95972,0.41358903,0.28627235
23.840000867843628,83.98772,0.41365638,0.28749314
23.84999918937683,83.93971,0.41365638,0.2887139
23.859999418258667,83.919716,0.41365638,0.2899347
23.869999647140503,83.96371,0.41365638,0.29115546
23.87999987602234,83.97971,0.41365638,0.29115546
23.890000104904175,83.975716,0.41365638,0.293597
23.90000033378601,83.99571,0.41365638,0.293597
23.910000562667847,83.99571,0.41365638,0.2948178
23.920000791549683,83.93971,0.41365638,0.29603857
23.929999113082886,83.89971,0.41365638,0.29725936
23.93999934196472,83.891716,0.41365638,0.29848012
23.949999570846558,83.85971,0.41365638,0.29970092
23.959999799728394,83.863716,0.41372377,0.30092168
23.97000002861023,83.91171,0.41372377,0.30092168
23.980000257492065,83.947716,0.41379115,0.30214247
23.9900004863739,83.95571,0.41379115,0.30336323
24.000000715255737,83.93172,0.41379115,0.30458403
24.010000944137573,83.87171,0.41379115,0.3058048
24.019999265670776,83.87572,0.4138585,0.30702558
24.029999494552612,83.81971,0.4138585,0.30702558
24.03999972343445,83.839714,0.4139259,0.30824634
24.049999952316284,83.89971,0.41399327,0.30946714
24.06000018119812,83.95972,0.41419536,0.30946714
24.070000410079956,83.97971,0.41433012,0.30946714
24.080000638961792,84.02371,0.4145322,0.30946714
24.090000867843628,84.06772,0.41473433,0.30824634
24.09999918937683,84.09971,0.4150038,0.30824634
24.109999418258667,84.127716,0.41520593,0.30702558
24.119999647140503,84.199715,0.41561016,0.3058048
24.12999987602234,84.339714,0.4161491,0.30336323
24.140000104904175,84.49571,0.41675544,0.29970092
24.15000033378601,84.68771,0.41742915,0.29725936
24.160000562667847,84.90372,0.41817024,0.29237625
24.170000791549683,85.09971,0.4189113,0.2887139
24.179999113082886,85.19572,0.41938293,0.28627235
24.18999934196472,85.25171,0.41958502,0.28627235
24.199999570846558,85.23971,0.41958502,0.28749314
24.209999799728394,85.24371,0.41958502,0.2887139
24.22000002861023,85.23971,0.41958502,0.2899347
24.230000257492065,85.24371,0.41958502,0.29115546
24.2400004863739,85.27971,0.4196524,0.29115546
24.250000715255737,85.27571,0.4196524,0.293597
24.260000944137573,85.25171,0.41971976,0.293597
24.269999265670776,85.23571,0.41978714,0.2948178
24.279999494552612,85.23171,0.41985452,0.2948178
24.28999972343445,85.21171,0.41985452,0.29603857
24.299999952316284,85.21971,0.4199219,0.29725936
24.31000018119812,85.23171,0.41998923,0.29725936
24.320000410079956,85.28771,0.4200566,0.29848012
24.330000638961792,85.3317,0.4200566,0.29970092
24.340000867843628,85.32371,0.420124,0.29970092
24.34999918937683,85.339714,0.42019138,0.30092168
24.359999418258667,85.29571,0.42025873,0.30092168
24.369999647140503,85.26771,0.4203261,0.30214247
24.37999987602234,85.27571,0.42046085,0.30214247
24.390000104904175,85.32771,0.42066297,0.30214247
24.40000033378601,85.39571,0.42086506,0.30214247
24.410000562667847,85.475716,0.42120194,0.30092168
24.420000791549683,85.58771,0.42147142,0.29970092
24.429999113082886,85.65971,0.42180824,0.29848012
24.43999934196472,85.73971,0.42221248,0.29725936
24.449999570846558,85.799706,0.4226167,0.29603857
24.459999799728394,85.85171,0.4228862,0.2948178
24.47000002861023,85.923706,0.42322305,0.293597
24.480000257492065,85.991714,0.4236273,0.29237625
24.4900004863739,86.17171,0.4242336,0.2899347
24.500000715255737,86.355705,0.42490733,0.28505158
24.510000944137573,86.54771,0.425581,0.28261003
24.519999265670776,86.659706,0.42598525,0.28016847
24.529999494552612,86.6997,0.42618737,0.28016847
24.53999972343445,86.6917,0.42618737,0.28138924
24.549999952316284,86.6517,0.42618737,0.28261003
24.56000018119812,86.663704,0.42618737,0.2838308
24.570000410079956,86.675705,0.42618737,0.28505158
24.580000638961792,86.687706,0.42618737,0.28505158
24.590000867843628,86.687706,0.42618737,0.28749314
24.59999918937683,86.687706,0.42618737,0.28749314
24.609999418258667,86.67971,0.42625475,0.2887139
24.619999647140503,86.65571,0.42625475,0.2899347
24.62999987602234,86.59971,0.42625475,0.29115546
24.640000104904175,86.5837,0.42625475,0.29237625
24.65000033378601,86.57171,0.42625475,0.293597
24.660000562667847,86.59971,0.4263221,0.293597
24.670000791549683,86.6317,0.42638946,0.2948178
24.679999113082886,86.6717,0.42638946,0.29603857
24.68999934196472,86.6917,0.42645684,0.29603857
24.699999570846558,86.65571,0.42645684,0.29725936
24.709999799728394,86.59971,0.42652422,0.29848012
24.72000002861023,86.5957,0.42659158,0.29970092
24.730000257492065,86.6037,0.42665896,0.29970092
24.7400004863739,86.607704,0.42672634,0.30092168
24.750000715255737,86.635704,0.4267937,0.30092168
24.760000944137573,86.687706,0.42692843,0.30092168
24.769999265670776,86.7117,0.4270632,0.30092168
24.779999494552612,86.75571,0.42740002,0.30092168
24.78999972343445,86.8477,0.42773688,0.29970092
24.799999952316284,86.9557,0.42820847,0.29725936
24.81000018119812,87.051704,0.42881483,0.293597
24.820000410079956,87.2077,0.4294885,0.29115546
24.830000638961792,87.383705,0.43009487,0.28749314
24.840000867843628,87.5957,0.4307012,0.28505158
24.84999918937683,87.72771,0.43124017,0.28138924
24.859999418258667,87.871704,0.43177915,0.28016847
24.869999647140503,87.9557,0.432116,0.27772692
24.87999987602234,87.9557,0.43225074,0.27772692
24.890000104904175,87.939705,0.4323181,0.27894768
24.90000033378601,87.971695,0.4323181,0.28016847
24.910000562667847,87.9877,0.43238547,0.28138924
24.920000791549683,87.9917,0.43245283,0.28138924
24.929999113082886,87.983696,0.43245283,0.28261003
24.93999934196472,88.007706,0.43245283,0.2838308
24.949999570846558,88.0197,0.4325202,0.28505158
24.959999799728394,87.983696,0.4325876,0.28505158
24.97000002861023,87.995705,0.4327223,0.28505158
24.980000257492065,87.999695,0.43278968,0.28627235
24.9900004863739,87.9917,0.43285707,0.28749314
25.000000715255737,88.0037,0.4329918,0.28749314
25.010000944137573,88.035706,0.4330592,0.28749314
25.019999265670776,88.1197,0.43326128,0.28749314
25.029999494552612,88.163704,0.4334634,0.28749314
25.03999972343445,88.2037,0.43380025,0.28627235
25.049999952316284,88.299706,0.43427184,0.2838308
25.06000018119812,88.4517,0.43487817,0.28138924
25.070000410079956,88.555695,0.43534976,0.27894768
25.080000638961792,88.651695,0.435754,0.27772692
25.090000867843628,88.75569,0.4360909,0.27528536
25.09999918937683,88.819695,0.4364277,0.27528536
25.109999418258667,88.8957,0.43669719,0.27406457
25.119999647140503,88.971695,0.4369667,0.27406457
25.12999987602234,89.04769,0.43716878,0.2728438
25.140000104904175,89.0557,0.43737093,0.2728438
25.15000033378601,89.0757,0.43750563,0.2728438
25.160000562667847,89.0917,0.43757302,0.27406457
25.170000791549683,89.09969,0.4376404,0.27406457
25.179999113082886,89.0757,0.4376404,0.27528536
25.18999934196472,89.07169,0.4376404,0.27650613
25.199999570846558,89.067696,0.4376404,0.27772692
25.209999799728394,89.0837,0.4376404,0.27894768
25.22000002861023,89.0517,0.4376404,0.28016847
25.230000257492065,89.0237,0.4376404,0.28138924
25.2400004863739,89.03169,0.4376404,0.28261003
25.250000715255737,89.011696,0.4376404,0.2838308
25.260000944137573,88.97969,0.43770775,0.2838308
25.269999265670776,88.9877,0.43770775,0.28505158
25.279999494552612,89.0277,0.43777514,0.28627235
25.28999972343445,89.039696,0.4378425,0.28749314
25.299999952316284,89.0277,0.43790987,0.28749314
25.31000018119812,89.0437,0.43797722,0.2887139
25.320000410079956,89.05969,0.4380446,0.2887139
25.330000638961792,89.03169,0.4380446,0.2899347
25.340000867843628,89.03169,0.438112,0.29115546
25.34999918937683,89.039696,0.438112,0.29237625
25.359999418258667,89.039696,0.438112,0.293597
25.369999647140503,89.03169,0.43817937,0.293597
25.37999987602234,89.0237,0.43817937,0.2948178
25.390000104904175,89.0517,0.43824673,0.29603857
25.40000033378601,89.039696,0.43831408,0.29603857
25.410000562667847,89.03169,0.43838146,0.29725936
25.420000791549683,89.04769,0.43844885,0.29725936
25.429999113082886,89.0517,0.4385162,0.29848012
25.43999934196472,89.0517,0.4385162,0.29970092
25.449999570846558,89.0557,0.43858358,0.29970092
25.459999799728394,89.0757,0.43858358,0.30092168
25.47000002861023,89.0957,0.43865097,0.30214247
25.480000257492065,89.09969,0.43871832,0.30336323
25.4900004863739,89.0957,0.43878567,0.30336323
25.500000715255737,89.1197,0.43892044,0.30336323
25.510000944137573,89.1317,0.43905517,0.30336323
25.519999265670776,89.139694,0.4392573,0.30336323
25.529999494552612,89.2037,0.43952677,0.30336323
25.53999972343445,89.29969,0.43986362,0.30214247
25.549999952316284,89.3957,0.44026786,0.29970092
25.56000018119812,89.50369,0.4408068,0.29725936
25.570000410079956,89.69969,0.44148052,0.293597
25.580000638961792,89.82369,0.44208685,0.29115546
25.590000867843628,89.9677,0.44262582,0.2887139
25.59999918937683,90.07969,0.44323218,0.28627235
25.609999418258667,90.2117,0.4436364,0.2838308
25.619999647140503,90.29969,0.44390586,0.2838308
25.62999987602234,90.32369,0.44404063,0.2838308
25.640000104904175,90.35169,0.44410798,0.2838308
25.65000033378601,90.39169,0.44417536,0.28505158
25.660000562667847,90.37969,0.44417536,0.28505158
25.670000791549683,90.35969,0.44424272,0.28627235
25.679999113082886,90.34769,0.44424272,0.28749314
25.68999934196472,90.3437,0.4443101,0.2887139
25.699999570846558,90.34769,0.4443101,0.2899347
25.709999799728394,90.331696,0.4443101,0.29115546
25.72000002861023,90.33569,0.4443101,0.29115546
25.730000257492065,90.331696,0.4443101,0.293597
25.7400004863739,90.32369,0.44437745,0.293597
25.750000715255737,90.32369,0.44437745,0.2948178
25.760000944137573,90.33969,0.44451222,0.2948178
25.769999265670776,90.33969,0.4445796,0.29603857
25.779999494552612,90.33969,0.44464692,0.29603857
25.78999972343445,90.3277,0.4447143,0.29725936
25.799999952316284,90.34769,0.4447143,0.29848012
25.81000018119812,90.35969,0.44484904,0.29848012
25.820000410079956,90.39169,0.44491643,0.29970092
25.830000638961792,90.3957,0.44491643,0.29970092
25.840000867843628,90.39169,0.44491643,0.30092168
25.84999918937683,90.3837,0.4449838,0.30214247
25.859999418258667,90.3837,0.44511852,0.30214247
25.869999647140503,90.42769,0.44532067,0.30214247
25.87999987602234,90.459694,0.44538802,0.30336323
25.890000104904175,90.47569,0.4454554,0.30336323
25.90000033378601,90.4637,0.44559014,0.30336323
25.910000562667847,90.52369,0.44579226,0.30336323
25.920000791549683,90.567696,0.44599435,0.30336323
25.929999113082886,90.63169,0.4463312,0.30214247
25.93999934196472,90.71969,0.4466681,0.30092168
25.949999570846558,90.83569,0.44713968,0.29970092
25.959999799728394,90.91169,0.44761124,0.29725936
25.97000002861023,91.05169,0.44808283,0.2948178
25.980000257492065,91.16369,0.44848707,0.293597
25.9900004863739,91.26369,0.44889128,0.29115546
26.000000715255737,91.35169,0.44922817,0.2899347
26.010000944137573,91.41169,0.44943026,0.2899347
26.019999265670776,91.42368,0.44943026,0.29115546
26.029999494552612,91.39568,0.44949764,0.29115546
26.03999972343445,91.39568,0.44949764,0.29237625
26.049999952316284,91.41969,0.44949764,0.293597
26.06000018119812,91.42769,0.44949764,0.2948178
26.070000410079956,91.42368,0.44956502,0.29603857
26.080000638961792,91.41569,0.44963238,0.29603857
26.090000867843628,91.41969,0.44969976,0.29725936
26.09999918937683,91.42769,0.44969976,0.29848012
26.109999418258667,91.403694,0.4497671,0.29970092
26.119999647140503,91.41169,0.4498345,0.29970092
26.12999987602234,91.407684,0.4498345,0.30092168
26.140000104904175,91.41169,0.4498345,0.30214247
26.15000033378601,91.38769,0.4498345,0.30336323
26.160000562667847,91.403694,0.44990185,0.30336323
26.170000791549683,91.41969,0.44990185,0.30458403
26.179999113082886,91.39568,0.44990185,0.3058048
26.18999934196472,91.375694,0.44990185,0.30702558
26.199999570846558,91.36768,0.44990185,0.30824634
26.209999799728394,91.36369,0.44996923,0.30946714
26.22000002861023,91.37169,0.45003662,0.30946714
26.230000257492065,91.39169,0.450104,0.3106879
26.2400004863739,91.43969,0.4502387,0.3106879
26.250000715255737,91.443695,0.4502387,0.3119087
26.260000944137573,91.435684,0.45037347,0.3119087
26.269999265670776,91.443695,0.4505082,0.3119087
26.279999494552612,91.48369,0.45057556,0.31312945
26.28999972343445,91.447685,0.45064294,0.31312945
26.299999952316284,91.463684,0.4507103,0.31435025
26.31000018119812,91.49969,0.45084506,0.31435025
26.320000410079956,91.57569,0.4509798,0.315571
26.330000638961792,91.58769,0.45111454,0.315571
26.340000867843628,91.599686,0.45118192,0.315571
26.34999918937683,91.63569,0.45131665,0.315571
26.359999418258667,91.64369,0.4514514,0.3167918
26.369999647140503,91.67169,0.4516535,0.315571
26.37999987602234,91.727684,0.45192298,0.315571
26.390000104904175,91.823685,0.45239457,0.31312945
26.40000033378601,91.94769,0.45300093,0.3106879
26.410000562667847,92.12368,0.4536746,0.30702558
26.420000791549683,92.30769,0.45434836,0.30336323
26.429999113082886,92.475685,0.45495465,0.29970092
26.43999934196472,92.58768,0.45549363,0.29725936
26.449999570846558,92.643684,0.45569575,0.29725936
26.459999799728394,92.67569,0.45569575,0.29848012
26.47000002861023,92.69169,0.45569575,0.29970092
26.480000257492065,92.68768,0.45569575,0.30092168
26.4900004863739,92.69568,0.4557631,0.30092168
26.500000715255737,92.71969,0.4557631,0.30214247
26.510000944137573,92.699684,0.4557631,0.30336323
26.519999265670776,92.683685,0.4557631,0.30458403
26.529999494552612,92.62768,0.4557631,0.3058048
26.53999972343445,92.62369,0.4557631,0.30702558
26.549999952316284,92.59168,0.4557631,0.30824634
26.56000018119812,92.58768,0.4557631,0.30946714
26.570000410079956,92.63168,0.45583048,0.3106879
26.580000638961792,92.643684,0.45583048,0.3106879
26.590000867843628,92.63168,0.45583048,0.31312945
26.59999918937683,92.599686,0.45583048,0.31312945
26.609999418258667,92.60768,0.45589787,0.31435025
26.619999647140503,92.61968,0.45596525,0.315571
26.62999987602234,92.59168,0.4560326,0.315571
26.640000104904175,92.58369,0.45609996,0.3167918
26.65000033378601,92.61169,0.45609996,0.3167918
26.660000562667847,92.63168,0.45609996,0.31923336
26.670000791549683,92.62369,0.45616734,0.31923336
26.679999113082886,92.61169,0.45616734,0.32045412
26.68999934196472,92.62768,0.45623472,0.32045412
26.699999570846558,92.60368,0.45630208,0.3216749
26.709999799728394,92.59168,0.45636946,0.32289568
26.72000002861023,92.643684,0.45657155,0.32289568
26.730000257492065,92.71969,0.45684105,0.3216749
26.7400004863739,92.77568,0.4569758,0.3216749
26.750000715255737,92.80368,0.45711052,0.3216749
26.760000944137573,92.851685,0.4572453,0.32289568
26.769999265670776,92.863686,0.45738,0.32289568
26.779999494552612,92.87168,0.45758212,0.32289568
26.78999972343445,92.90369,0.45778427,0.3216749
26.799999952316284,92.98768,0.4581211,0.32045412
26.81000018119812,93.087685,0.45866004,0.31801257
26.820000410079956,93.26369,0.4594685,0.31312945
26.830000638961792,93.51968,0.46047908,0.30824634
26.840000867843628,93.87168,0.46169174,0.30092168
26.84999918937683,94.14768,0.46297178,0.293597
26.859999418258667,94.45568,0.4641171,0.28627235
26.869999647140503,94.68367,0.4649929,0.28138924
26.87999987602234,94.88767,0.46586874,0.27650613
26.890000104904175,95.09968,0.4666772,0.27162302
26.90000033378601,95.311676,0.46741825,0.2679607
26.910000562667847,95.55568,0.46815935,0.26429835
26.920000791549683,95.71168,0.46883306,0.26063603
26.929999113082886,95.84768,0.469372,0.25819448
26.93999934196472,95.939674,0.46970886,0.25697368
26.949999570846558,95.97167,0.4698436,0.25697368
26.959999799728394,95.93567,0.4698436,0.25819448
26.97000002861023,95.93567,0.46991098,0.25941524
26.980000257492065,95.91568,0.46991098,0.25941524
26.9900004863739,95.939674,0.46991098,0.26063603
27.000000715255737,95.93167,0.46991098,0.2618568
27.010000944137573,95.93567,0.46991098,0.2630776
27.019999265670776,95.923676,0.46991098,0.26429835
27.029999494552612,95.87967,0.46991098,0.26551914
27.03999972343445,95.83568,0.46991098,0.2667399
27.049999952316284,95.79568,0.46991098,0.2679607
27.06000018119812,95.815674,0.46991098,0.26918146
27.070000410079956,95.79967,0.46991098,0.27040225
27.080000638961792,95.81167,0.46991098,0.27162302
27.090000867843628,95.81967,0.46991098,0.2728438
27.09999918937683,95.83568,0.46991098,0.27406457
27.109999418258667,95.79167,0.46997836,0.27406457
27.119999647140503,95.74767,0.46997836,0.27528536
27.12999987602234,95.73167,0.46997836,0.27650613
27.140000104904175,95.72768,0.46997836,0.27772692
27.15000033378601,95.73167,0.46997836,0.27894768
27.160000562667847,95.70767,0.46997836,0.28016847
27.170000791549683,95.743675,0.46997836,0.28138924
27.179999113082886,95.71967,0.46997836,0.28261003
27.18999934196472,95.70767,0.46997836,0.2838308
27.199999570846558,95.67967,0.46997836,0.28505158
27.209999799728394,95.66767,0.47004572,0.28505158
27.22000002861023,95.63567,0.47004572,0.28627235
27.230000257492065,95.631676,0.4701131,0.28749314
27.2400004863739,95.66767,0.4701131,0.2887139
27.250000715255737,95.69968,0.4701131,0.2899347
27.260000944137573,95.687675,0.47018045,0.2899347
27.269999265670776,95.66767,0.47024783,0.29115546
27.279999494552612,95.67168,0.4703152,0.29115546
27.28999972343445,95.65168,0.47038257,0.29237625
27.299999952316284,95.64368,0.47044995,0.293597
27.31000018119812,95.66368,0.47058466,0.293597
27.320000410079956,95.73167,0.47071943,0.293597
27.330000638961792,95.74767,0.47085416,0.293597
27.340000867843628,95.81967,0.47112364,0.293597
27.34999918937683,95.91568,0.47159526,0.29115546
27.359999418258667,96.035675,0.47213423,0.2887139
27.369999647140503,96.17967,0.4728079,0.28505158
27.37999987602234,96.32367,0.47348163,0.28138924
27.390000104904175,96.51567,0.47415534,0.27772692
27.40000033378601,96.663666,0.47482902,0.27528536
27.410000562667847,96.81167,0.475368,0.27162302
27.420000791549683,96.93967,0.47570485,0.27040225
27.429999113082886,96.99567,0.47570485,0.27162302
27.43999934196472,96.97567,0.47577223,0.2728438
27.449999570846558,96.94767,0.47577223,0.27406457
27.459999799728394,96.93167,0.47577223,0.27528536
27.47000002861023,96.94367,0.47577223,0.27528536
27.480000257492065,96.911674,0.4758396,0.27650613
27.4900004863739,96.911674,0.4758396,0.27772692
27.500000715255737,96.915665,0.4758396,0.27894768
27.510000944137573,96.915665,0.47590697,0.28016847
27.519999265670776,96.90767,0.47590697,0.28138924
27.529999494552612,96.90767,0.47590697,0.28138924
27.53999972343445,96.895676,0.47597435,0.28261003
27.549999952316284,96.887665,0.47597435,0.2838308
27.56000018119812,96.86367,0.47597435,0.28505158
27.570000410079956,96.87567,0.47604173,0.28505158
27.580000638961792,96.899666,0.47604173,0.28627235
27.590000867843628,96.86367,0.47604173,0.28749314
27.59999918937683,96.85167,0.4761091,0.2887139
27.609999418258667,96.87167,0.47617644,0.2899347
27.619999647140503,96.895676,0.47624382,0.2899347
27.62999987602234,96.883675,0.47624382,0.29115546
27.640000104904175,96.87167,0.47624382,0.29237625
27.65000033378601,96.86767,0.4763112,0.293597
27.660000562667847,96.86367,0.4763786,0.293597
27.670000791549683,96.883675,0.47644594,0.2948178
27.679999113082886,96.899666,0.47658068,0.2948178
27.68999934196472,96.94767,0.47664806,0.2948178
27.699999570846558,96.93167,0.47671542,0.29603857
27.709999799728394,96.91967,0.4767828,0.29725936
27.72000002861023,96.93167,0.47691754,0.29725936
27.730000257492065,96.96368,0.47705227,0.29725936
27.7400004863739,96.99168,0.47711965,0.29725936
27.750000715255737,97.01567,0.47732177,0.29725936
27.760000944137573,97.07567,0.47752386,0.29725936
27.769999265670776,97.13966,0.47772598,0.29725936
27.779999494552612,97.175674,0.47799546,0.29725936
27.78999972343445,97.215675,0.4783323,0.2948178
27.799999952316284,97.33967,0.47873655,0.293597
27.81000018119812,97.43166,0.47914076,0.29115546
27.820000410079956,97.49167,0.4794776,0.29115546
27.830000638961792,97.55967,0.4798145,0.2899347
27.840000867843628,97.68366,0.4802187,0.2887139
27.84999918937683,97.759674,0.48062295,0.28627235
27.859999418258667,97.83967,0.48102716,0.28505158
27.869999647140503,97.95967,0.48122925,0.2838308
27.87999987602234,97.99967,0.481364,0.28505158
27.890000104904175,97.98766,0.48143137,0.28505158
27.90000033378601,97.97566,0.48149875,0.28627235
27.910000562667847,98.01167,0.48149875,0.28749314
27.920000791549683,97.99967,0.48156613,0.28749314
27.929999113082886,97.97167,0.48156613,0.2887139
27.93999934196472,97.96767,0.48163348,0.2899347
27.949999570846558,97.983665,0.48163348,0.29115546
27.959999799728394,97.96767,0.48170084,0.29115546
27.97000002861023,97.97566,0.48176822,0.29237625
27.980000257492065,97.99166,0.4818356,0.29237625
27.9900004863739,97.99967,0.4818356,0.293597
28.000000715255737,97.97566,0.481903,0.2948178
28.010000944137573,97.96767,0.48197034,0.2948178
28.019999265670776,97.99967,0.4820377,0.29603857
28.029999494552612,98.027664,0.48217246,0.29603857
28.03999972343445,98.01167,0.4822398,0.29725936
28.049999952316284,98.027664,0.4822398,0.29848012
28.06000018119812,98.027664,0.4822398,0.29970092
28.070000410079956,98.027664,0.4822398,0.30092168
28.080000638961792,97.99567,0.4823072,0.30092168
28.090000867843628,98.00767,0.4823072,0.30214247
28.09999918937683,98.01167,0.48237458,0.30336323
28.109999418258667,98.00767,0.4825093,0.30336323
28.119999647140503,98.01167,0.48257667,0.30336323
28.12999987602234,98.03967,0.48264405,0.30458403
28.140000104904175,98.055664,0.48264405,0.3058048
28.15000033378601,98.03967,0.48271143,0.3058048
28.160000562667847,98.03967,0.4827788,0.30702558
28.170000791549683,98.07567,0.48291352,0.30702558
28.179999113082886,98.08767,0.4829809,0.30824634
28.18999934196472,98.09167,0.4829809,0.30946714
28.199999570846558,98.09966,0.48311564,0.30946714
28.209999799728394,98.11967,0.48318303,0.30946714
28.22000002861023,98.14367,0.48338512,0.30946714
28.230000257492065,98.17567,0.48365462,0.30946714
28.2400004863739,98.275665,0.48405886,0.30702558
28.250000715255737,98.37967,0.48453045,0.3058048
28.260000944137573,98.511665,0.485002,0.30336323
28.269999265670776,98.611664,0.4854736,0.30092168
28.279999494552612,98.73966,0.48587784,0.29970092
28.28999972343445,98.82766,0.48628205,0.29848012
28.299999952316284,98.927666,0.48668632,0.29603857
28.31000018119812,99.027664,0.48715788,0.293597
28.320000410079956,99.163666,0.48762947,0.29115546
28.330000638961792,99.27966,0.48810107,0.2899347
28.340000867843628,99.359665,0.48830318,0.2899347
28.34999918937683,99.35566,0.48837057,0.2899347
28.359999418258667,99.387665,0.48837057,0.29115546
28.369999647140503,99.359665,0.48837057,0.29237625
28.37999987602234,99.319664,0.48837057,0.293597
28.390000104904175,99.32766,0.48837057,0.2948178
28.40000033378601,99.33967,0.48843792,0.29603857
28.410000562667847,99.31167,0.48843792,0.29725936
28.420000791549683,99.30766,0.48843792,0.29725936
28.429999113082886,99.32766,0.48850533,0.29848012
28.43999934196472,99.32366,0.48850533,0.29970092
28.449999570846558,99.28366,0.4885727,0.30092168
28.459999799728394,99.27966,0.4885727,0.30092168
28.47000002861023,99.29967,0.48864,0.30214247
28.480000257492065,99.31167,0.48864,0.30336323
28.4900004863739,99.29566,0.48870742,0.30458403
28.500000715255737,99.29967,0.48870742,0.30458403
28.510000944137573,99.29967,0.48870742,0.3058048
28.519999265670776,99.28366,0.48877478,0.30702558
28.529999494552612,99.26366,0.48884216,0.30702558
28.53999972343445,99.29967,0.48897693,0.30824634
28.549999952316284,99.33166,0.48897693,0.30946714
28.56000018119812,99.31167,0.48904428,0.30946714
28.570000410079956,99.31167,0.48904428,0.3106879
28.580000638961792,99.33166,0.48911163,0.3119087
28.590000867843628,99.347664,0.48924637,0.3119087
28.59999918937683,99.359665,0.4893811,0.3119087
28.609999418258667,99.36766,0.48951587,0.3119087
28.619999647140503,99.40765,0.4896506,0.31312945
28.62999987602234,99.43966,0.48985273,0.3119087
28.640000104904175,99.511665,0.49018955,0.3119087
28.65000033378601,99.59966,0.4905264,0.30946714
28.660000562667847,99.71166,0.49093068,0.30824634
28.670000791549683,99.82366,0.49140227,0.30702558
28.679999113082886,99.90766,0.49180645,0.30458403
28.68999934196472,100.031654,0.49227807,0.30214247
28.699999570846558,100.13166,0.49274966,0.29970092
28.709999799728394,100.26766,0.493356,0.29725936
28.72000002861023,100.43966,0.4940971,0.293597
28.730000257492065,100.655655,0.49483815,0.2899347
28.7400004863739,100.80366,0.49537715,0.28627235
28.750000715255737,100.879654,0.49578133,0.28505158
28.760000944137573,100.975655,0.4961182,0.2838308
28.769999265670776,101.05566,0.49645504,0.28261003
28.779999494552612,101.14366,0.49699405,0.28016847
28.78999972343445,101.29165,0.49766773,0.27772692
28.799999952316284,101.46765,0.49834144,0.27406457
28.81000018119812,101.63165,0.4988804,0.27040225
28.820000410079956,101.74365,0.49935198,0.2679607
28.830000638961792,101.84766,0.49982357,0.2667399
28.840000867843628,101.96365,0.50029516,0.26429835
28.84999918937683,102.02766,0.50063205,0.26429835
28.859999418258667,102.059654,0.50076675,0.2630776
28.869999647140503,102.07965,0.50076675,0.26429835
28.87999987602234,102.07965,0.50083417,0.26551914
28.890000104904175,102.07965,0.50083417,0.26551914
28.90000033378601,102.059654,0.50083417,0.2679607
28.910000562667847,102.059654,0.50083417,0.2679607
28.920000791549683,102.03565,0.50083417,0.27040225
28.929999113082886,101.99165,0.50083417,0.27040225
28.93999934196472,101.97966,0.50083417,0.27162302
28.949999570846558,101.987656,0.5009015,0.2728438
28.959999799728394,101.98365,0.5009015,0.27406457
28.97000002861023,101.97966,0.5009015,0.27528536
28.980000257492065,101.96765,0.5009015,0.27650613
28.9900004863739,101.97165,0.5009015,0.27772692
29.000000715255737,101.93565,0.5009015,0.27894768
29.010000944137573,101.90365,0.5009015,0.28016847
29.019999265670776,101.90765,0.5009015,0.28138924
29.029999494552612,101.90765,0.5009689,0.28138924
29.03999972343445,101.87565,0.5009689,0.28261003
29.049999952316284,101.87565,0.5009689,0.2838308
29.06000018119812,101.90765,0.5009689,0.28505158
29.070000410079956,101.919655,0.5009689,0.28627235
29.080000638961792,101.87565,0.5010363,0.28749314
29.090000867843628,101.851654,0.5010363,0.28749314
29.09999918937683,101.85565,0.5010363,0.2887139
29.109999418258667,101.82765,0.5010363,0.2899347
29.119999647140503,101.82365,0.5010363,0.29115546
29.12999987602234,101.81165,0.50110364,0.29237625
29.140000104904175,101.83166,0.50110364,0.293597
29.15000033378601,101.80366,0.50110364,0.2948178
29.160000562667847,101.779655,0.50110364,0.2948178
29.170000791549683,101.78365,0.501171,0.29603857
29.179999113082886,101.78765,0.501171,0.29725936
29.18999934196472,101.74765,0.501171,0.29848012
29.199999570846558,101.755646,0.501171,0.29970092
29.209999799728394,101.75965,0.50123835,0.30092168
29.22000002861023,101.79166,0.50123835,0.30092168
29.230000257492065,101.74765,0.50123835,0.30336323
29.2400004863739,101.76366,0.50123835,0.30336323
29.250000715255737,101.75965,0.50130576,0.30458403
29.260000944137573,101.74365,0.50130576,0.3058048
29.269999265670776,101.70765,0.5013731,0.30702558
29.279999494552612,101.72766,0.5013731,0.30702558
29.28999972343445,101.75965,0.50144047,0.30824634
29.299999952316284,101.77165,0.50157523,0.30824634
29.31000018119812,101.78765,0.50177735,0.30824634
29.320000410079956,101.85565,0.5019795,0.30824634
29.330000638961792,101.92365,0.5021816,0.30702558
29.340000867843628,101.947655,0.5025184,0.30702558
29.34999918937683,102.02766,0.50299,0.30458403
29.359999418258667,102.16366,0.5034616,0.30214247
29.369999647140503,102.29165,0.50400054,0.29970092
29.37999987602234,102.41165,0.50447214,0.29725936
29.390000104904175,102.51965,0.5049437,0.2948178
29.40000033378601,102.66365,0.5054153,0.293597
29.410000562667847,102.74365,0.5059543,0.29115546
29.420000791549683,102.89565,0.50662804,0.28749314
29.429999113082886,103.07565,0.5072344,0.28505158
29.43999934196472,103.175644,0.50750387,0.2838308
29.449999570846558,103.19965,0.5075712,0.2838308
29.459999799728394,103.18765,0.5076386,0.28505158
29.47000002861023,103.21965,0.50777334,0.28505158
29.480000257492065,103.255646,0.50777334,0.28627235
29.4900004863739,103.23164,0.5078407,0.28749314
29.500000715255737,103.211655,0.5078407,0.28749314
29.510000944137573,103.22365,0.5079081,0.2887139
29.519999265670776,103.215645,0.50797546,0.2899347
29.529999494552612,103.18765,0.50797546,0.29115546
29.53999972343445,103.20364,0.5080429,0.29115546
29.549999952316284,103.215645,0.50811017,0.29237625
29.56000018119812,103.21965,0.5081775,0.29237625
29.570000410079956,103.215645,0.50824493,0.293597
29.580000638961792,103.239655,0.5083123,0.293597
29.590000867843628,103.26765,0.5083797,0.2948178
29.59999918937683,103.25965,0.50851446,0.2948178
29.609999418258667,103.279655,0.5086491,0.2948178
29.619999647140503,103.31565,0.5087839,0.2948178
29.62999987602234,103.31965,0.50891864,0.29603857
29.640000104904175,103.35165,0.5090534,0.29603857
29.65000033378601,103.37564,0.5091881,0.29603857
29.660000562667847,103.42365,0.50925547,0.29725936
29.670000791549683,103.41564,0.50939023,0.29725936
29.679999113082886,103.41965,0.509525,0.29725936
29.68999934196472,103.46365,0.5096597,0.29725936
29.699999570846558,103.48364,0.5097945,0.29725936
29.709999799728394,103.507645,0.5099966,0.29725936
29.72000002861023,103.53965,0.51006395,0.29848012
29.730000257492065,103.563644,0.51019865,0.29848012
29.7400004863739,103.619644,0.5103334,0.29848012
29.750000715255737,103.619644,0.5104682,0.29848012
29.760000944137573,103.62765,0.5104682,0.29970092
29.769999265670776,103.64365,0.51053554,0.30092168
29.779999494552612,103.63964,0.51060295,0.30092168
29.78999972343445,103.619644,0.5106703,0.30214247
29.799999952316284,103.63565,0.5107376,0.30336323
29.81000018119812,103.66365,0.51087236,0.30336323
29.820000410079956,103.70764,0.51100713,0.30336323
29.830000638961792,103.71964,0.5112766,0.30336323
29.840000867843628,103.78764,0.51154613,0.30214247
29.84999918937683,103.867645,0.51181555,0.30092168
29.859999418258667,103.951645,0.5122872,0.29970092
29.869999647140503,104.05164,0.51269144,0.29725936
29.87999987602234,104.187645,0.51316303,0.2948178
29.890000104904175,104.23964,0.51349986,0.293597
29.90000033378601,104.283646,0.5136346,0.293597
29.910000562667847,104.299644,0.5136346,0.2948178
29.920000791549683,104.29565,0.5136346,0.29603857
29.929999113082886,104.29565,0.5136346,0.29725936
29.93999934196472,104.283646,0.513702,0.29848012
29.949999570846558,104.271645,0.513702,0.29970092
29.959999799728394,104.27964,0.513702,0.30092168
29.97000002861023,104.26364,0.5137693,0.30092168
29.980000257492065,104.227646,0.5137693,0.30214247
29.9900004863739,104.227646,0.5137693,0.30336323
30.000000715255737,104.243645,0.5137693,0.30458403
30.010000944137573,104.21164,0.51383674,0.3058048
30.019999265670776,104.227646,0.51390404,0.3058048
30.029999494552612,104.24765,0.51390404,0.30702558
30.03999972343445,104.26765,0.51397145,0.30824634
30.049999952316284,104.255646,0.5140388,0.30824634
30.06000018119812,104.227646,0.5140388,0.30946714
30.070000410079956,104.243645,0.5141062,0.3106879
30.080000638961792,104.21965,0.51417357,0.3106879
30.090000867843628,104.24765,0.5142409,0.3119087
30.09999918937683,104.24765,0.5142409,0.31312945
30.109999418258667,104.25965,0.5142409,0.31435025
30.119999647140503,104.22364,0.51430833,0.315571
30.12999987602234,104.215645,0.51430833,0.315571
30.140000104904175,104.25164,0.5143757,0.3167918
30.15000033378601,104.26364,0.5145104,0.3167918
30.160000562667847,104.26765,0.51457775,0.31801257
30.170000791549683,104.283646,0.5147125,0.31801257
30.179999113082886,104.31565,0.5147799,0.31923336
30.18999934196472,104.35165,0.5149147,0.31923336
30.199999570846558,104.35165,0.51504934,0.31923336
30.209999799728394,104.38764,0.5153189,0.31801257
30.22000002861023,104.519646,0.5157231,0.3167918
30.230000257492065,104.59964,0.5161947,0.31435025
30.2400004863739,104.70364,0.51673365,0.3119087
30.250000715255737,104.84764,0.5172726,0.30946714
30.260000944137573,104.99564,0.5178116,0.30702558
30.269999265670776,105.131645,0.5184179,0.30336323
30.279999494552612,105.29565,0.519159,0.29970092
30.28999972343445,105.45564,0.5196306,0.29725936
30.299999952316284,105.54364,0.5198327,0.29725936
30.31000018119812,105.54364,0.5198327,0.29848012
30.320000410079956,105.53164,0.5198327,0.29970092
30.330000638961792,105.535645,0.5198327,0.30092168
30.340000867843628,105.54364,0.5199001,0.30092168
30.34999918937683,105.52764,0.5199001,0.30336323
30.359999418258667,105.51564,0.5199001,0.30336323
30.369999647140503,105.50364,0.5199001,0.30458403
30.37999987602234,105.471634,0.51996744,0.3058048
30.390000104904175,105.46764,0.51996744,0.30702558
30.40000033378601,105.45964,0.51996744,0.30824634
30.410000562667847,105.46364,0.51996744,0.30946714
30.420000791549683,105.44764,0.51996744,0.3106879
30.429999113082886,105.44764,0.52003485,0.3106879
30.43999934196472,105.471634,0.52003485,0.3119087
30.449999570846558,105.47564,0.5201022,0.31312945
30.459999799728394,105.443634,0.52016956,0.31312945
30.47000002861023,105.45564,0.52016956,0.31435025
30.480000257492065,105.43164,0.52023697,0.315571
30.4900004863739,105.45964,0.52030426,0.315571
30.500000715255737,105.443634,0.5203717,0.3167918
30.510000944137573,105.46364,0.520439,0.3167918
30.519999265670776,105.491646,0.52064115,0.31801257
30.529999494552612,105.51564,0.52070856,0.31801257
30.53999972343445,105.51564,0.52084327,0.31801257
30.549999952316284,105.55564,0.520978,0.31801257
30.56000018119812,105.607635,0.52118015,0.31801257
30.570000410079956,105.65164,0.52144957,0.3167918
30.580000638961792,105.72764,0.5218538,0.315571
30.590000867843628,105.85564,0.52239275,0.31312945
30.59999918937683,106.01164,0.5229991,0.3106879
30.609999418258667,106.159645,0.52374023,0.3058048
30.619999647140503,106.359634,0.52454865,0.30092168
30.62999987602234,106.61163,0.5253571,0.29725936
30.640000104904175,106.72764,0.5259635,0.293597
30.65000033378601,106.82363,0.5263003,0.293597
30.660000562667847,106.86764,0.5263003,0.293597
30.670000791549683,106.87963,0.5263003,0.2948178
30.679999113082886,106.87564,0.52636766,0.29603857
30.68999934196472,106.86363,0.52636766,0.29725936
30.699999570846558,106.85564,0.52636766,0.29848012
30.709999799728394,106.843636,0.52636766,0.29970092
30.72000002861023,106.82363,0.52636766,0.30092168
30.730000257492065,106.79164,0.526435,0.30092168
30.7400004863739,106.81163,0.526435,0.30214247
30.750000715255737,106.77964,0.526435,0.30336323
30.760000944137573,106.77964,0.52650243,0.30458403
30.769999265670776,106.79164,0.52663714,0.30458403
30.779999494552612,106.86764,0.5267719,0.30458403
30.78999972343445,106.88364,0.5269066,0.30458403
30.799999952316284,106.87564,0.526974,0.3058048
30.81000018119812,106.85964,0.5270414,0.3058048
30.820000410079956,106.85964,0.5271088,0.30702558
30.830000638961792,106.871635,0.52731085,0.30702558
30.840000867843628,106.97564,0.52764773,0.3058048
30.84999918937683,107.09964,0.5281193,0.30336323
30.859999418258667,107.27563,0.5288604,0.29970092
30.869999647140503,107.47964,0.5298709,0.293597
30.87999987602234,107.759636,0.531151,0.28627235
30.890000104904175,108.15563,0.5325658,0.27772692
30.90000033378601,108.41963,0.5336437,0.27162302
30.910000562667847,108.57963,0.53431743,0.2679607
30.920000791549683,108.691635,0.5347216,0.26551914
30.929999113082886,108.791626,0.5350585,0.26429835
30.93999934196472,108.89563,0.53546274,0.26429835
30.949999570846558,108.983635,0.5358669,0.2618568
30.959999799728394,109.13163,0.5363385,0.25941524
30.97000002861023,109.275635,0.53694487,0.25575292
30.980000257492065,109.39163,0.537686,0.25209057
30.9900004863739,109.52363,0.53822494,0.24964903
31.000000715255737,109.595634,0.538427,0.24964903
31.010000944137573,109.60763,0.5384944,0.24964903
31.019999265670776,109.57963,0.5384944,0.2508698
31.029999494552612,109.57963,0.5384944,0.25209057
31.03999972343445,109.62362,0.5384944,0.25331137
31.049999952316284,109.60763,0.5384944,0.25453213
31.06000018119812,109.55962,0.5384944,0.25575292
31.070000410079956,109.51563,0.5384944,0.25697368
31.080000638961792,109.48763,0.5384944,0.25819448
31.090000867843628,109.431625,0.5384944,0.25941524
31.09999918937683,109.44363,0.5384944,0.26063603
31.109999418258667,109.45563,0.5384944,0.2618568
31.119999647140503,109.47563,0.5384944,0.2630776
31.12999987602234,109.43962,0.5384944,0.26429835
31.140000104904175,109.43962,0.5384944,0.26551914
31.15000033378601,109.41563,0.5384944,0.2667399
31.160000562667847,109.37963,0.5384944,0.2679607
31.170000791549683,109.32763,0.5384944,0.26918146
31.179999113082886,109.31163,0.5384944,0.27040225
31.18999934196472,109.33163,0.5384944,0.27040225
31.199999570846558,109.33163,0.5384944,0.27162302
31.209999799728394,109.32362,0.5384944,0.2728438
31.22000002861023,109.33163,0.5384944,0.27406457
31.230000257492065,109.307625,0.5384944,0.27528536
31.2400004863739,109.26363,0.53856176,0.27650613
31.250000715255737,109.21563,0.53856176,0.27772692
31.260000944137573,109.22363,0.53856176,0.27894768
31.269999265670776,109.23163,0.53856176,0.28016847
31.279999494552612,109.235634,0.53856176,0.28138924
31.28999972343445,109.239624,0.53856176,0.28138924
31.299999952316284,109.23163,0.53856176,0.2838308
31.31000018119812,109.17963,0.53856176,0.2838308
31.320000410079956,109.12763,0.53856176,0.28505158
31.330000638961792,109.14363,0.5386292,0.28627235
31.340000867843628,109.15563,0.5386292,0.28749314
31.34999918937683,109.15563,0.5386292,0.2887139
31.359999418258667,109.13563,0.5386965,0.2899347
31.369999647140503,109.17963,0.5386965,0.2899347
31.37999987602234,109.17563,0.5386965,0.29115546
31.390000104904175,109.14763,0.5386965,0.29237625
31.40000033378601,109.10363,0.5386965,0.293597
31.410000562667847,109.09563,0.5386965,0.2948178
31.420000791549683,109.06363,0.5387639,0.2948178
31.429999113082886,109.071625,0.5387639,0.29725936
31.43999934196472,109.10363,0.5387639,0.29725936
31.449999570846558,109.12763,0.5387639,0.29970092
31.459999799728394,109.10763,0.53883123,0.29970092
31.47000002861023,109.07563,0.53883123,0.30092168
31.480000257492065,109.06363,0.53883123,0.30214247
31.4900004863739,109.055626,0.53883123,0.30336323
31.500000715255737,109.01963,0.5388986,0.30336323
31.510000944137573,109.04763,0.538966,0.30458403
31.519999265670776,109.043625,0.538966,0.3058048
31.529999494552612,109.09963,0.53903335,0.30702558
31.53999972343445,109.09963,0.53910077,0.30702558
31.549999952316284,109.09563,0.5391681,0.30824634
31.56000018119812,109.08763,0.5392355,0.30824634
31.570000410079956,109.06363,0.5392355,0.30946714
31.580000638961792,109.01963,0.5393029,0.3106879
31.590000867843628,109.051636,0.5393702,0.3106879
31.59999918937683,109.08763,0.5394376,0.3119087
31.609999418258667,109.12363,0.53950495,0.3119087
31.619999647140503,109.13163,0.5396397,0.31312945
31.62999987602234,109.16763,0.53984183,0.31312945
31.640000104904175,109.211624,0.5400439,0.3119087
31.65000033378601,109.25963,0.54038084,0.3106879
31.660000562667847,109.35163,0.5409197,0.30946714
31.670000791549683,109.49162,0.5415261,0.3058048
31.679999113082886,109.69162,0.54233456,0.30092168
31.68999934196472,109.96363,0.5434125,0.2948178
31.699999570846558,110.263626,0.54462516,0.28749314
31.709999799728394,110.531624,0.5454336,0.28261003
31.72000002861023,110.61962,0.54570305,0.28261003
31.730000257492065,110.583626,0.54570305,0.2838308
31.7400004863739,110.56762,0.54570305,0.28505158
31.750000715255737,110.583626,0.54570305,0.28505158
31.760000944137573,110.583626,0.54570305,0.28749314
31.769999265670776,110.59562,0.54570305,0.28749314
31.779999494552612,110.60363,0.54570305,0.2887139
31.78999972343445,110.571625,0.54570305,0.2899347
31.799999952316284,110.51962,0.54570305,0.29115546
31.81000018119812,110.475624,0.54570305,0.29237625
31.820000410079956,110.46763,0.54570305,0.293597
31.830000638961792,110.43962,0.54570305,0.2948178
31.840000867843628,110.43962,0.54570305,0.29603857
31.84999918937683,110.475624,0.54570305,0.29725936
31.859999418258667,110.48762,0.54570305,0.29848012
31.870001554489136,110.47962,0.54570305,0.29970092
31.87999987602234,110.42362,0.54570305,0.30092168
31.889998197555542,110.40762,0.54570305,0.30214247
31.90000033378601,110.37162,0.54570305,0.30336323
31.909998655319214,110.363625,0.54570305,0.30458403
31.920000791549683,110.38362,0.5457704,0.30458403
31.929999113082886,110.403625,0.5457704,0.3058048
31.940001249313354,110.42362,0.5457704,0.30702558
31.949999570846558,110.41162,0.5458378,0.30824634
31.960001707077026,110.375626,0.5458378,0.30946714
31.97000002861023,110.37162,0.5459052,0.30946714
31.979998350143433,110.34362,0.5459726,0.3106879
31.9900004863739,110.35163,0.5461073,0.3106879
31.999998807907104,110.38362,0.5461747,0.3106879
32.01000094413757,110.41162,0.5461747,0.3119087
32.019999265670776,110.431625,0.5463094,0.31312945
32.030001401901245,110.475624,0.5464441,0.31312945
32.03999972343445,110.50762,0.5466463,0.31312945
32.05000185966492,110.55962,0.54684836,0.3119087
32.06000018119812,110.571625,0.54725266,0.3106879
32.06999850273132,110.667625,0.5477916,0.30824634
32.08000063896179,110.863625,0.5486,0.30458403
32.089998960494995,111.13962,0.5495432,0.29848012
32.100001096725464,111.37562,0.55062115,0.29237625
32.10999941825867,111.615616,0.5513622,0.2887139
32.120001554489136,111.70762,0.5515643,0.28749314
32.12999987602234,111.68362,0.5515643,0.2887139
32.13999819755554,111.643616,0.5515643,0.2899347
32.15000033378601,111.66762,0.5515643,0.29115546
32.159998655319214,111.69163,0.5515643,0.29237625
32.17000079154968,111.67962,0.5515643,0.293597
32.179999113082886,111.65163,0.5515643,0.2948178
32.190001249313354,111.68362,0.5515643,0.29603857
32.19999957084656,111.643616,0.5515643,0.29725936
32.210001707077026,111.57962,0.5515643,0.29848012
32.22000002861023,111.547615,0.5515643,0.29970092
32.22999835014343,111.51962,0.5515643,0.30092168
32.2400004863739,111.515625,0.5515643,0.30092168
32.249998807907104,111.52762,0.5515643,0.30336323
32.26000094413757,111.56362,0.5515643,0.30336323
32.269999265670776,111.583626,0.5515643,0.30458403
32.280001401901245,111.531624,0.5515643,0.3058048
32.28999972343445,111.475624,0.5515643,0.30702558
32.30000185966492,111.46761,0.5515643,0.30824634
32.31000018119812,111.45962,0.5515643,0.30946714
32.31999850273132,111.45962,0.5515643,0.3106879
32.33000063896179,111.45562,0.5515643,0.3119087
32.339998960494995,111.48762,0.5515643,0.31312945
32.350001096725464,111.45962,0.5515643,0.31435025
32.35999941825867,111.42362,0.5515643,0.315571
32.370001554489136,111.39162,0.5515643,0.3167918
32.37999987602234,111.38362,0.5516317,0.3167918
32.38999819755554,111.351616,0.5516317,0.31801257
32.40000033378601,111.34762,0.5516317,0.31923336
32.409998655319214,111.37562,0.55169904,0.32045412
32.42000079154968,111.43162,0.55176646,0.32045412
32.429999113082886,111.45162,0.5518338,0.3216749
32.440001249313354,111.43562,0.5519012,0.32289568
32.44999957084656,111.43162,0.5520359,0.32289568
32.460001707077026,111.45562,0.5523054,0.3216749
32.47000002861023,111.48362,0.5525075,0.3216749
32.47999835014343,111.53962,0.552777,0.3216749
32.4900004863739,111.63962,0.5529791,0.32045412
32.499998807907104,111.71162,0.55331594,0.31923336
32.51000094413757,111.81562,0.5537875,0.3167918
32.519999265670776,111.97562,0.5544613,0.31435025
32.530001401901245,112.17562,0.5553371,0.30946714
32.53999972343445,112.34762,0.5562803,0.30336323
32.55000185966492,112.57162,0.5571561,0.29848012
32.56000018119812,112.75961,0.55776244,0.29603857
32.56999850273132,112.85962,0.5579645,0.2948178
32.58000063896179,112.85561,0.5579645,0.29603857
32.589998960494995,112.87561,0.5579645,0.29725936
32.600001096725464,112.90361,0.5579645,0.29848012
32.60999941825867,112.88362,0.5579645,0.29970092
32.620001554489136,112.827614,0.5579645,0.30092168
32.62999987602234,112.80362,0.5580319,0.30214247
32.63999819755554,112.78761,0.5580319,0.30336323
32.65000033378601,112.76362,0.5580319,0.30458403
32.659998655319214,112.771614,0.5580319,0.30458403
32.67000079154968,112.795616,0.5580319,0.30702558
32.679999113082886,112.811615,0.55809927,0.30702558
32.690001249313354,112.795616,0.5581667,0.30824634
32.69999957084656,112.783615,0.55823404,0.30824634
32.710001707077026,112.80761,0.55830145,0.30946714
32.72000002861023,112.80362,0.5584361,0.30946714
32.72999835014343,112.79162,0.55857086,0.30946714
32.7400004863739,112.81562,0.5587056,0.30946714
32.749998807907104,112.89162,0.55890775,0.30946714
32.76000094413757,112.95561,0.5592446,0.30824634
32.769999265670776,113.01562,0.55958146,0.30702558
32.780001401901245,113.13562,0.5601204,0.30458403
32.78999972343445,113.27161,0.56065935,0.30214247
32.80000185966492,113.37562,0.56119835,0.29970092
32.81000018119812,113.48761,0.5617373,0.29725936
32.81999850273132,113.66361,0.562411,0.293597
32.83000063896179,113.839615,0.56315213,0.2899347
32.839998960494995,114.02361,0.56375843,0.28627235
32.850001096725464,114.147606,0.5641627,0.28505158
32.85999941825867,114.21162,0.5642974,0.28505158
32.870001554489136,114.203606,0.56436473,0.28505158
32.87999987602234,114.16761,0.56443214,0.28627235
32.88999819755554,114.15161,0.56443214,0.28749314
32.90000033378601,114.16761,0.56443214,0.2887139
32.909998655319214,114.147606,0.56443214,0.2899347
32.92000079154968,114.143616,0.5644995,0.2899347
32.929999113082886,114.16361,0.5644995,0.29115546
32.940001249313354,114.17961,0.5645669,0.29237625
32.94999957084656,114.107605,0.5645669,0.293597
32.960001707077026,114.09161,0.56463426,0.293597
32.97000002861023,114.11161,0.5647016,0.2948178
32.97999835014343,114.13961,0.5648363,0.2948178
32.9900004863739,114.16361,0.5650385,0.2948178
32.999998807907104,114.19561,0.5651732,0.2948178
33.01000094413757,114.26361,0.5654427,0.2948178
33.019999265670776,114.31561,0.5657122,0.293597
33.030001401901245,114.367615,0.5661838,0.29115546
33.03999972343445,114.495605,0.56679016,0.2887139
33.05000185966492,114.659615,0.56739646,0.28505158
33.06000018119812,114.80361,0.56800276,0.28261003
33.06999850273132,114.92361,0.5685417,0.28016847
33.08000063896179,115.08361,0.5690807,0.27772692
33.089998960494995,115.21961,0.56948495,0.27528536
33.100001096725464,115.28361,0.5698218,0.27406457
33.10999941825867,115.303604,0.56995654,0.27406457
33.120001554489136,115.3196,0.56995654,0.27528536
33.12999987602234,115.27961,0.56995654,0.27650613
33.13999819755554,115.25561,0.57002395,0.27772692
33.15000033378601,115.2516,0.57002395,0.27894768
33.159998655319214,115.26761,0.57002395,0.28016847
33.17000079154968,115.2636,0.57002395,0.28138924
33.179999113082886,115.22761,0.57002395,0.28261003
33.190001249313354,115.21561,0.57002395,0.2838308
33.19999957084656,115.1956,0.57002395,0.28505158
33.210001707077026,115.16761,0.57009125,0.28505158
33.22000002861023,115.15161,0.57015866,0.28627235
33.22999835014343,115.175606,0.57015866,0.28749314
33.2400004863739,115.1836,0.57015866,0.2887139
33.249998807907104,115.16361,0.57029337,0.2887139
33.26000094413757,115.17961,0.5703608,0.2899347
33.269999265670776,115.22761,0.57049555,0.2899347
33.280001401901245,115.20761,0.57063025,0.2899347
33.28999972343445,115.21961,0.5708324,0.2899347
33.30000185966492,115.275604,0.5710345,0.2887139
33.31000018119812,115.343605,0.57130396,0.2887139
33.31999850273132,115.45161,0.57177556,0.28627235
33.33000063896179,115.55961,0.57238185,0.2838308
33.339998960494995,115.71561,0.5729882,0.28016847
33.350001096725464,115.89561,0.5736619,0.27650613
33.35999941825867,115.98761,0.5742009,0.27406457
33.370001554489136,116.1276,0.5746725,0.27162302
33.37999987602234,116.247604,0.5751441,0.27040225
33.38999819755554,116.303604,0.5755483,0.2679607
33.40000033378601,116.371605,0.5758178,0.2679607
33.409998655319214,116.4196,0.5758178,0.26918146
33.42000079154968,116.4196,0.5758852,0.26918146
33.429999113082886,116.4196,0.57595253,0.27040225
33.440001249313354,116.3916,0.57595253,0.27162302
33.44999957084656,116.399605,0.57595253,0.2728438
33.460001707077026,116.3916,0.57595253,0.27406457
33.47000002861023,116.34761,0.57595253,0.27528536
33.47999835014343,116.32761,0.57595253,0.27528536
33.4900004863739,116.34761,0.57595253,0.27650613
33.499998807907104,116.32761,0.5760199,0.27772692
33.51000094413757,116.2996,0.5760199,0.27894768
33.519999265670776,116.275604,0.5760199,0.28016847
33.530001401901245,116.2636,0.5760199,0.28138924
33.53999972343445,116.219604,0.5760199,0.28261003
33.55000185966492,116.2076,0.5760199,0.2838308
33.56000018119812,116.19961,0.5760199,0.28505158
33.56999850273132,116.22761,0.5760199,0.28505158
33.58000063896179,116.1916,0.5760199,0.28749314
33.589998960494995,116.1916,0.5760199,0.28749314
33.600001096725464,116.1796,0.5760199,0.2899347
33.60999941825867,116.15961,0.5760199,0.2899347
33.620001554489136,116.1396,0.5760199,0.29115546
33.62999987602234,116.1156,0.5760199,0.29237625
33.63999819755554,116.1116,0.5760199,0.293597
33.65000033378601,116.10361,0.5760199,0.2948178
33.659998655319214,116.079605,0.5760199,0.29603857
33.67000079154968,116.08361,0.5760873,0.29725936
33.679999113082886,116.08361,0.5760873,0.29725936
33.690001249313354,116.06361,0.5760873,0.29970092
33.69999957084656,116.0316,0.5760873,0.29970092
33.710001707077026,116.04361,0.57615465,0.30092168
33.72000002861023,116.06361,0.576222,0.30092168
33.72999835014343,116.04361,0.5762894,0.30214247
33.7400004863739,116.051605,0.5762894,0.30336323
33.749998807907104,116.091606,0.5764242,0.30336323
33.76000094413757,116.0996,0.5764915,0.30458403
33.769999265670776,116.0596,0.5764915,0.3058048
33.780001401901245,116.0596,0.5765589,0.3058048
33.78999972343445,116.051605,0.57662624,0.30702558
33.80000185966492,116.067604,0.5766936,0.30702558
33.81000018119812,116.0716,0.57682836,0.30824634
33.81999850273132,116.09561,0.5768958,0.30824634
33.83000063896179,116.107605,0.5768958,0.30946714
33.839998960494995,116.107605,0.5770304,0.30946714
33.850001096725464,116.147606,0.5772326,0.30946714
33.85999941825867,116.2236,0.577502,0.30946714
33.870001554489136,116.303604,0.5779063,0.30702558
33.87999987602234,116.383606,0.57851267,0.30458403
33.88999819755554,116.5636,0.5792537,0.30092168
33.90000033378601,116.7796,0.5799948,0.29603857
33.909998655319214,116.9516,0.5806685,0.29237625
33.92000079154968,117.0996,0.58134216,0.2899347
33.929999113082886,117.2156,0.58188117,0.28627235
33.940001249313354,117.3236,0.58221805,0.28505158
33.94999957084656,117.3676,0.5824201,0.28505158
33.960001707077026,117.387596,0.5824201,0.28627235
33.97000002861023,117.4036,0.5824201,0.28749314
33.97999835014343,117.4116,0.5824201,0.2887139
33.9900004863739,117.3756,0.5824201,0.2899347
33.999998807907104,117.347595,0.5824875,0.29115546
34.01000094413757,117.355606,0.5824875,0.29115546
34.019999265670776,117.3356,0.5824875,0.293597
34.030001401901245,117.291595,0.5825549,0.293597
34.03999972343445,117.307594,0.58262223,0.2948178
34.05000185966492,117.3316,0.58262223,0.2948178
34.06000018119812,117.307594,0.58268964,0.29603857
34.06999850273132,117.315605,0.582757,0.29725936
34.08000063896179,117.3396,0.58282435,0.29725936
34.089998960494995,117.3396,0.5828917,0.29848012
34.100001096725464,117.3316,0.5828917,0.29970092
34.10999941825867,117.2956,0.5828917,0.30092168
34.120001554489136,117.3116,0.58295906,0.30092168
34.12999987602234,117.3236,0.58302647,0.30214247
34.13999819755554,117.3236,0.58316123,0.30214247
34.15000033378601,117.355606,0.5832286,0.30336323
34.159998655319214,117.347595,0.5832286,0.30336323
34.17000079154968,117.315605,0.583296,0.30458403
34.179999113082886,117.291595,0.5833633,0.30458403
34.190001249313354,117.3236,0.58343065,0.3058048
34.19999957084656,117.355606,0.58349806,0.30702558
34.210001707077026,117.355606,0.5836328,0.30702558
34.22000002861023,117.3756,0.5837002,0.30702558
34.22999835014343,117.3796,0.58383495,0.30824634
34.2400004863739,117.42361,0.58390224,0.30824634
34.249998807907104,117.4356,0.584037,0.30824634
34.26000094413757,117.4596,0.5842391,0.30824634
34.269999265670776,117.49159,0.58444124,0.30824634
34.280001401901245,117.53159,0.58477813,0.30702558
34.28999972343445,117.611595,0.5851823,0.30458403
34.30000185966492,117.7436,0.58558655,0.30336323
34.31000018119812,117.863594,0.5859907,0.30214247
34.31999850273132,117.9356,0.5863277,0.30092168
34.33000063896179,117.9836,0.58673185,0.29970092
34.339998960494995,118.0636,0.5870687,0.29848012
34.350001096725464,118.11559,0.58720344,0.29848012
34.35999941825867,118.1316,0.5872708,0.29970092
34.370001554489136,118.127594,0.5872708,0.29970092
34.37999987602234,118.1316,0.5872708,0.30092168
34.38999819755554,118.1236,0.5872708,0.30214247
34.40000033378601,118.0796,0.5872708,0.30336323
34.409998655319214,118.08759,0.5872708,0.30458403
34.42000079154968,118.08759,0.5872708,0.3058048
34.429999113082886,118.0436,0.5872708,0.30702558
34.440001249313354,118.00761,0.5872708,0.30824634
34.44999957084656,117.999596,0.5873382,0.30946714
34.460001707077026,118.0116,0.5873382,0.30946714
34.47000002861023,118.027596,0.5873382,0.3106879
34.47999835014343,118.0036,0.58740556,0.3119087
34.4900004863739,118.0236,0.58740556,0.31312945
34.499998807907104,118.00761,0.58740556,0.31435025
34.51000094413757,117.9836,0.587473,0.315571
34.519999265670776,117.987595,0.5876077,0.315571
34.530001401901245,118.0236,0.5877424,0.315571
34.53999972343445,118.0636,0.5878098,0.315571
34.55000185966492,118.0436,0.5878098,0.3167918
34.56000018119812,118.0396,0.58787715,0.31801257
34.56999850273132,118.0396,0.58787715,0.31923336
34.58000063896179,118.03559,0.58794457,0.31923336
34.589998960494995,118.0036,0.5880119,0.32045412
34.600001096725464,118.027596,0.5881466,0.32045412
34.60999941825867,118.0516,0.588214,0.3216749
34.620001554489136,118.0636,0.5882814,0.3216749
34.62999987602234,118.0636,0.58834875,0.32289568
34.63999819755554,118.11559,0.5884835,0.32289568
34.65000033378601,118.1236,0.58855087,0.32289568
34.659998655319214,118.11559,0.5886183,0.32411647
34.67000079154968,118.1116,0.588753,0.32411647
34.679999113082886,118.1356,0.58882034,0.32533723
34.690001249313354,118.1476,0.58888775,0.32533723
34.69999957084656,118.14359,0.5889551,0.32655802
34.710001707077026,118.1756,0.58902246,0.32655802
34.72000002861023,118.207596,0.58915716,0.3277788
34.72999835014343,118.1996,0.5892246,0.3277788
34.7400004863739,118.191605,0.5893593,0.32899958
34.749998807907104,118.2276,0.58956146,0.3277788
34.76000094413757,118.3036,0.5898309,0.3277788
34.769999265670776,118.40759,0.5903699,0.32533723
34.780001401901245,118.5876,0.5912457,0.32045412
34.78999972343445,118.835594,0.59212154,0.315571
34.80000185966492,119.0396,0.59292996,0.3106879
34.81000018119812,119.2276,0.5936037,0.30702558
34.81999850273132,119.3316,0.59400785,0.3058048
34.83000063896179,119.387596,0.59421,0.30458403
34.839998960494995,119.40759,0.5942774,0.3058048
34.850001096725464,119.3836,0.5943448,0.30702558
34.85999941825867,119.41559,0.59441215,0.30702558
34.870001554489136,119.44359,0.59447944,0.30824634
34.87999987602234,119.431595,0.59447944,0.30946714
34.88999819755554,119.42359,0.5946142,0.30946714
34.90000033378601,119.41559,0.5946142,0.3106879
34.909998655319214,119.40759,0.5946816,0.3106879
34.92000079154968,119.3836,0.5948164,0.3106879
34.929999113082886,119.42359,0.59501845,0.3119087
34.940001249313354,119.49559,0.5951532,0.3106879
34.94999957084656,119.51159,0.5952879,0.3119087
34.960001707077026,119.50359,0.5952879,0.31312945
34.97000002861023,119.5196,0.5954227,0.31312945
34.97999835014343,119.527596,0.5956248,0.31312945
34.9900004863739,119.5596,0.5958269,0.31312945
34.999998807907104,119.59159,0.5960964,0.3119087
35.01000094413757,119.7036,0.59650064,0.3106879
35.019999265670776,119.85159,0.59710693,0.30702558
35.030001401901245,120.03159,0.5979154,0.30336323
35.03999972343445,120.27159,0.5988586,0.29725936
35.05000185966492,120.56359,0.60007125,0.2899347
35.06000018119812,120.83159,0.60128397,0.28261003
35.06999850273132,121.08359,0.6022945,0.27650613
35.08000063896179,121.267586,0.60303557,0.2728438
35.089998960494995,121.451584,0.6037093,0.26918146
35.100001096725464,121.61559,0.604383,0.26551914
35.10999941825867,121.75959,0.60498935,0.2630776
35.120001554489136,121.91158,0.6055283,0.26063603
35.12999987602234,122.03959,0.6060673,0.25819448
35.13999819755554,122.14758,0.60660625,0.25575292
35.15000033378601,122.20358,0.6070105,0.25331137
35.159998655319214,122.27158,0.60714525,0.25453213
35.17000079154968,122.27559,0.60721254,0.25453213
35.179999113082886,122.24758,0.6072799,0.25575292
35.190001249313354,122.239586,0.6072799,0.25575292
35.19999957084656,122.24358,0.6072799,0.25819448
35.210001707077026,122.23559,0.6072799,0.25819448
35.22000002861023,122.20758,0.6072799,0.25941524
35.22999835014343,122.183586,0.6072799,0.26063603
35.2400004863739,122.13558,0.6072799,0.2618568
35.249998807907104,122.10758,0.6072799,0.2630776
35.26000094413757,122.09159,0.6073473,0.26429835
35.269999265670776,122.09558,0.6073473,0.26551914
35.280001401901245,122.09558,0.6073473,0.26551914
35.28999972343445,122.07959,0.6073473,0.2679607
35.30000185966492,122.05558,0.6073473,0.2679607
35.31000018119812,122.03959,0.6073473,0.27040225
35.31999850273132,122.00358,0.6073473,0.27040225
35.33000063896179,121.951584,0.6073473,0.27162302
35.339998960494995,121.93958,0.6073473,0.2728438
35.350001096725464,121.96758,0.6073473,0.27406457
35.35999941825867,121.947586,0.6073473,0.27528536
35.370001554489136,121.93558,0.60741466,0.27650613
35.37999987602234,121.923584,0.60741466,0.27772692
35.38999819755554,121.90759,0.60741466,0.27894768
35.40000033378601,121.85958,0.60741466,0.28016847
35.409998655319214,121.84358,0.60741466,0.28016847
35.42000079154968,121.839584,0.60741466,0.28138924
35.429999113082886,121.84759,0.60741466,0.28261003
35.440001249313354,121.82759,0.60741466,0.2838308
35.44999957084656,121.81958,0.6074821,0.28505158
35.460001707077026,121.82759,0.6074821,0.28627235
35.47000002861023,121.795586,0.6075494,0.28627235
35.47999835014343,121.75959,0.6076168,0.28749314
35.4900004863739,121.77559,0.6076168,0.2887139
35.499998807907104,121.77158,0.6076842,0.2899347
35.51000094413757,121.76358,0.6076842,0.2899347
35.52012515068054,121.78759,0.6077515,0.29115546
35.530001401901245,121.80759,0.6078189,0.29115546
35.53999972343445,121.83559,0.60788625,0.29237625
35.55000185966492,121.79158,0.60795367,0.293597
35.56000018119812,121.767586,0.60795367,0.2948178
35.56999850273132,121.74759,0.608021,0.2948178
35.58000063896179,121.74759,0.608021,0.29603857
35.589998960494995,121.739586,0.6080884,0.29725936
35.600001096725464,121.76358,0.6081558,0.29725936
35.60999941825867,121.79959,0.60822314,0.29848012
35.620001554489136,121.79158,0.60822314,0.29970092
35.62999987602234,121.74358,0.6082905,0.29970092
35.63999819755554,121.75158,0.60842526,0.30092168
35.65000033378601,121.783585,0.60855997,0.30092168
35.659998655319214,121.795586,0.60869473,0.30092168
35.67000079154968,121.83559,0.6088968,0.30092168
35.679999113082886,121.919586,0.60930103,0.29848012
35.690001249313354,122.06759,0.6097727,0.29725936
35.69999957084656,122.17958,0.610379,0.293597
35.710001707077026,122.31558,0.6110527,0.29115546
35.72000002861023,122.49958,0.6117938,0.28627235
35.72999835014343,122.62758,0.6125348,0.28261003
35.7400004863739,122.795586,0.61327595,0.27894768
35.749998807907104,122.91559,0.6136801,0.27650613
35.76000094413757,123.01158,0.61374754,0.27772692
35.769999265670776,122.99558,0.6138149,0.27772692
35.780001401901245,122.97958,0.6138149,0.27894768
35.78999972343445,122.98758,0.6138149,0.28016847
35.80000185966492,122.96758,0.6138149,0.28138924
35.81000018119812,122.92758,0.6138149,0.28261003
35.81999850273132,122.91958,0.6138823,0.2838308
35.83000063896179,122.91958,0.61394966,0.2838308
35.839998960494995,122.91559,0.61394966,0.28505158
35.850001096725464,122.89958,0.614017,0.28505158
35.85999941825867,122.90358,0.614017,0.28749314
35.870001554489136,122.91158,0.614017,0.28749314
35.87999987602234,122.87559,0.61408436,0.2887139
35.88999819755554,122.84759,0.6141517,0.2899347
35.90000033378601,122.84759,0.6141517,0.29115546
35.909998655319214,122.87158,0.6142191,0.29115546
35.92000079154968,122.84759,0.6142865,0.29237625
35.929999113082886,122.85158,0.6142865,0.293597
35.940001249313354,122.88358,0.61442125,0.293597
35.94999957084656,122.88358,0.6144886,0.293597
35.960001707077026,122.87958,0.6146233,0.2948178
35.97000002861023,122.86359,0.6146233,0.2948178
35.97999835014343,122.88358,0.6146907,0.29603857
35.9900004863739,122.85958,0.6146907,0.29725936
35.999998807907104,122.84358,0.6147581,0.29725936
36.01000094413757,122.86758,0.61489284,0.29848012
36.019999265670776,122.89958,0.6149602,0.29848012
36.030001401901245,122.895584,0.6150276,0.29970092
36.03999972343445,122.90358,0.6151623,0.29970092
36.05000185966492,122.94358,0.61536443,0.29970092
36.06000018119812,122.97558,0.6154992,0.29970092
36.06999850273132,122.96758,0.61563396,0.29970092
36.08000063896179,123.00758,0.6159034,0.29970092
36.089998960494995,123.09558,0.6161729,0.29848012
36.100001096725464,123.16759,0.6165771,0.29725936
36.10999941825867,123.25958,0.6169813,0.2948178
36.120001554489136,123.355576,0.6173855,0.293597
36.12999987602234,123.44358,0.61772245,0.29237625
36.13999819755554,123.49958,0.61812663,0.29115546
36.15000033378601,123.57958,0.61846346,0.2899347
36.159998655319214,123.66758,0.6188677,0.28749314
36.17000079154968,123.75558,0.61913717,0.28749314
36.179999113082886,123.77558,0.61927193,0.28749314
36.190001249313354,123.77957,0.61933935,0.28749314
36.19999957084656,123.78758,0.61933935,0.2899347
36.210001707077026,123.771576,0.61933935,0.2899347
36.22000002861023,123.743576,0.61940664,0.29115546
36.22999835014343,123.715576,0.61940664,0.29237625
36.2400004863739,123.73957,0.61947405,0.293597
36.249998807907104,123.72758,0.6195414,0.293597
36.26000094413757,123.731575,0.61960876,0.2948178
36.269999265670776,123.75558,0.6196762,0.2948178
36.280001401901245,123.75958,0.6197435,0.29603857
36.28999972343445,123.73957,0.61981094,0.29603857
36.30000185966492,123.70758,0.61981094,0.29725936
36.31000018119812,123.731575,0.6198783,0.29848012
36.31999850273132,123.743576,0.6199456,0.29970092
36.33000063896179,123.743576,0.620013,0.29970092
36.339998960494995,123.71958,0.620013,0.30092168
36.350001096725464,123.75158,0.62014776,0.30092168
36.35999941825867,123.75158,0.6202151,0.30092168
36.370001554489136,123.72358,0.6202151,0.30336323
36.37999987602234,123.71958,0.6202151,0.30336323
36.38999819755554,123.72358,0.62028253,0.30458403
36.40000033378601,123.691574,0.62028253,0.3058048
36.409998655319214,123.675575,0.6203499,0.30702558
36.42000079154968,123.703575,0.62041724,0.30702558
36.429999113082886,123.73558,0.62041724,0.30824634
36.440001249313354,123.69958,0.6204846,0.30946714
36.44999957084656,123.69558,0.6204846,0.3106879
36.460001707077026,123.703575,0.62055194,0.3106879
36.47000002861023,123.69958,0.6206867,0.3106879
36.47999835014343,123.703575,0.6207541,0.3119087
36.4900004863739,123.715576,0.6208215,0.31312945
36.499998807907104,123.75158,0.6208888,0.31312945
36.51000094413757,123.73558,0.6209562,0.31435025
36.519999265670776,123.70758,0.62102354,0.31435025
36.530001401901245,123.711586,0.62102354,0.315571
36.53999972343445,123.731575,0.6211583,0.315571
36.55000185966492,123.75558,0.6213604,0.315571
36.56000018119812,123.77957,0.62156254,0.315571
36.56999850273132,123.86358,0.6218994,0.31435025
36.58000063896179,123.94358,0.62223625,0.31312945
36.589998960494995,124.023575,0.62270784,0.3106879
36.600001096725464,124.16757,0.6232468,0.30824634
36.60999941825867,124.32357,0.62385315,0.3058048
36.620001554489136,124.439575,0.6243921,0.30336323
36.62999987602234,124.55557,0.6250658,0.29970092
36.63999819755554,124.69557,0.62580687,0.29603857
36.65000033378601,124.883575,0.6264132,0.29237625
36.659998655319214,124.99958,0.62668276,0.29115546
36.67000079154968,125.02757,0.6267501,0.29237625
36.679999113082886,125.035576,0.6268174,0.293597
36.690001249313354,125.02757,0.6268174,0.293597
36.69999957084656,124.97557,0.6268174,0.2948178
36.710001707077026,124.97158,0.6268174,0.29603857
36.72000002861023,124.967575,0.6268174,0.29725936
36.72999835014343,124.955574,0.6268174,0.29848012
36.7400004863739,124.90358,0.6268848,0.29970092
36.749998807907104,124.88757,0.6268848,0.30092168
36.76000094413757,124.911575,0.6268848,0.30092168
36.769999265670776,124.883575,0.6268848,0.30336323
36.780001401901245,124.85557,0.6269522,0.30336323
36.78999972343445,124.871574,0.6269522,0.30458403
36.80000185966492,124.85557,0.6269522,0.3058048
36.81000018119812,124.85158,0.6270196,0.30702558
36.81999850273132,124.83558,0.6270196,0.30702558
36.83000063896179,124.83558,0.6270196,0.30946714
36.839998960494995,124.85158,0.62708694,0.30946714
36.850001096725464,124.80357,0.62715435,0.3106879
36.85999941825867,124.815575,0.62728906,0.3106879
36.870001554489136,124.87558,0.62742376,0.3106879
36.87999987602234,124.89158,0.6276259,0.3106879
36.88999819755554,124.911575,0.62782806,0.3106879
36.90000033378601,124.955574,0.6280301,0.30946714
36.909998655319214,125.01958,0.628367,0.30946714
36.92000079154968,125.09957,0.62877125,0.30702558
36.929999113082886,125.17158,0.6291754,0.30458403
36.940001249313354,125.29557,0.62957966,0.30336323
36.94999957084656,125.39558,0.62998384,0.30214247
36.960001707077026,125.44758,0.6303207,0.30092168
36.97000002861023,125.54757,0.6307923,0.29848012
36.97999835014343,125.68758,0.6313987,0.29603857
36.9900004863739,125.85557,0.63213974,0.29115546
36.999998807907104,126.011566,0.6328808,0.2887139
37.01000094413757,126.15157,0.6334198,0.28505158
37.019999265670776,126.271576,0.63375664,0.2838308
37.030001401901245,126.303566,0.6340935,0.28261003
37.03999972343445,126.36357,0.63443035,0.28138924
37.05000185966492,126.46757,0.63490194,0.28016847
37.06000018119812,126.623566,0.6355083,0.27650613
37.06999850273132,126.75557,0.636182,0.2728438
37.08000063896179,126.87957,0.6366536,0.27162302
37.089998960494995,126.99156,0.6370578,0.26918146
37.100001096725464,127.06357,0.6375294,0.2679607
37.10999941825867,127.167564,0.63800097,0.26551914
37.120001554489136,127.24757,0.63833785,0.26429835
37.12999987602234,127.29556,0.63853997,0.26429835
37.13999819755554,127.31957,0.6386073,0.26429835
37.15000033378601,127.29556,0.6386073,0.26551914
37.159998655319214,127.26757,0.6386747,0.26551914
37.17000079154968,127.28356,0.6386747,0.2679607
37.179999113082886,127.223564,0.6386747,0.2679607
37.190001249313354,127.207565,0.6386747,0.27040225
37.19999957084656,127.19157,0.6386747,0.27040225
37.210001707077026,127.18757,0.6387421,0.27162302
37.22000002861023,127.179565,0.6387421,0.2728438
37.22999835014343,127.15957,0.6387421,0.27406457
37.2400004863739,127.16357,0.6387421,0.27528536
37.249998807907104,127.11557,0.6387421,0.27650613
37.26000094413757,127.07957,0.6387421,0.27772692
37.269999265670776,127.05956,0.6387421,0.27894768
37.280001401901245,127.06757,0.6387421,0.28016847
37.28999972343445,127.04757,0.63880944,0.28016847
37.30000185966492,127.011566,0.63880944,0.28138924
37.31000018119812,127.01557,0.63880944,0.28261003
37.31999850273132,127.02357,0.63880944,0.2838308
37.33000063896179,126.99156,0.63880944,0.28505158
37.339998960494995,126.96757,0.63880944,0.28627235
37.350001096725464,126.95156,0.63880944,0.28749314
37.35999941825867,126.91957,0.63880944,0.2887139
37.370001554489136,126.89957,0.63887686,0.2887139
37.37999987602234,126.89557,0.63887686,0.2899347
37.38999819755554,126.90757,0.63887686,0.29115546
37.40000033378601,126.883575,0.6389442,0.29237625
37.409998655319214,126.89157,0.63901156,0.29237625
37.42000079154968,126.89157,0.6390789,0.293597
37.429999113082886,126.883575,0.6390789,0.2948178
37.440001249313354,126.85157,0.6390789,0.29603857
37.44999957084656,126.82757,0.6390789,0.29725936
37.460001707077026,126.85157,0.63914627,0.29848012
37.47000002861023,126.847565,0.63914627,0.29848012
37.47999835014343,126.82357,0.63914627,0.29970092
37.4900004863739,126.79957,0.6392137,0.30092168
37.499998807907104,126.80756,0.6392137,0.30214247
37.51000094413757,126.79957,0.6392137,0.30336323
37.519999265670776,126.76357,0.63928103,0.30336323
37.530001401901245,126.75557,0.63928103,0.30458403
37.53999972343445,126.76357,0.63934845,0.30458403
37.55000185966492,126.75557,0.6394158,0.3058048
37.56000018119812,126.75557,0.6395505,0.3058048
37.56999850273132,126.819565,0.6396853,0.30702558
37.58000063896179,126.85557,0.63982004,0.30702558
37.589998960494995,126.85557,0.64002216,0.30702558
37.600001096725464,126.87957,0.64029163,0.3058048
37.60999941825867,126.95957,0.64062846,0.30458403
37.620001554489136,127.05157,0.6410327,0.30336323
37.62999987602234,127.139565,0.6415043,0.30092168
37.63999819755554,127.27156,0.64204323,0.29848012
37.65000033378601,127.39957,0.64258224,0.29603857
37.659998655319214,127.499565,0.6430538,0.293597
37.67000079154968,127.57957,0.6435254,0.29115546
37.679999113082886,127.71957,0.6441318,0.2887139
37.690001249313354,127.91157,0.6448055,0.28505158
37.69999957084656,128.01556,0.6452771,0.2838308
37.710001707077026,128.06757,0.6453444,0.2838308
37.72000002861023,128.05156,0.6453444,0.28505158
37.72999835014343,128.04756,0.6453444,0.28505158
37.7400004863739,128.03157,0.6453444,0.28749314
37.749998807907104,127.987564,0.6454118,0.28749314
37.76000094413757,127.98357,0.6454118,0.2887139
37.769999265670776,127.97957,0.6454118,0.2899347
37.780001401901245,127.93157,0.6454118,0.29115546
37.78999972343445,127.93556,0.64547914,0.29115546
37.80000185966492,127.93556,0.64547914,0.293597
37.81000018119812,127.91956,0.64547914,0.293597
37.81999850273132,127.89157,0.6455465,0.2948178
37.83000063896179,127.89157,0.6456139,0.2948178
37.839998960494995,127.903564,0.6456139,0.29725936
37.850001096725464,127.887566,0.64568126,0.29725936
37.85999941825867,127.887566,0.64568126,0.29848012
37.870001554489136,127.87157,0.6457487,0.29970092
37.87999987602234,127.88356,0.645816,0.29970092
37.88999819755554,127.859566,0.6458833,0.30092168
37.90000033378601,127.859566,0.64595073,0.30092168
37.909998655319214,127.89157,0.6460855,0.30092168
37.92000079154968,127.89556,0.64615285,0.30214247
37.929999113082886,127.87157,0.6462876,0.30214247
37.940001249313354,127.89556,0.6464223,0.30214247
37.94999957084656,127.94756,0.6465571,0.30336323
37.960001707077026,127.96356,0.64669186,0.30336323
37.97000002861023,127.971565,0.64682657,0.30336323
37.97999835014343,127.99557,0.6469613,0.30336323
37.9900004863739,128.03157,0.64709604,0.30336323
37.999998807907104,128.00757,0.6471634,0.30458403
38.01000094413757,128.00757,0.6471634,0.3058048
38.019999265670776,128.01157,0.6471634,0.30702558
38.030001401901245,127.99557,0.6472308,0.30702558
38.03999972343445,127.97556,0.64729816,0.30824634
38.05000185966492,127.987564,0.64736557,0.30946714
38.06000018119812,128.00357,0.6475003,0.30946714
38.06999850273132,128.02357,0.6477024,0.30946714
38.08000063896179,128.05957,0.6479719,0.30824634
38.089998960494995,128.16356,0.64824134,0.30702558
38.100001096725464,128.19557,0.64844346,0.30702558
38.10999941825867,128.21956,0.6486456,0.30702558
38.120001554489136,128.25156,0.6488477,0.30702558
38.12999987602234,128.30356,0.6490498,0.3058048
38.13999819755554,128.37556,0.64938664,0.30458403
38.15000033378601,128.45557,0.64985824,0.30336323
38.159998655319214,128.54356,0.6503298,0.30092168
38.17000079154968,128.65556,0.6508014,0.29848012
38.179999113082886,128.73557,0.65120566,0.29725936
38.190001249313354,128.79156,0.65147513,0.29603857
38.19999957084656,128.81557,0.65154254,0.29725936
38.210001707077026,128.83955,0.65154254,0.29848012
38.22000002861023,128.80756,0.65154254,0.29970092
38.22999835014343,128.78757,0.65154254,0.30092168
38.2400004863739,128.79556,0.6516099,0.30092168
38.249998807907104,128.79156,0.6516099,0.30214247
38.26000094413757,128.75157,0.6516099,0.30336323
38.269999265670776,128.74356,0.6516099,0.30458403
38.280001401901245,128.72356,0.6516099,0.3058048
38.28999972343445,128.69556,0.6516099,0.30702558
38.30000185966492,128.68356,0.6516099,0.30824634
38.31000018119812,128.68356,0.6516773,0.30946714
38.31999850273132,128.67555,0.6516773,0.30946714
38.33000063896179,128.64757,0.6516773,0.3106879
38.339998960494995,128.63956,0.6516773,0.3119087
38.350001096725464,128.63956,0.6517446,0.31312945
38.35999941825867,128.63556,0.65181196,0.31312945
38.370001554489136,128.62357,0.65181196,0.315571
38.37999987602234,128.60356,0.6518794,0.315571
38.38999819755554,128.62357,0.6519467,0.3167918
38.40000033378601,128.63156,0.65201414,0.3167918
38.409998655319214,128.61555,0.6520815,0.31801257
38.42000079154968,128.60356,0.6521489,0.31801257
38.429999113082886,128.64357,0.65221626,0.31923336
38.440001249313354,128.61555,0.65228355,0.31923336
38.44999957084656,128.59555,0.65228355,0.32045412
38.460001707077026,128.61555,0.6524183,0.3216749
38.47000002861023,128.62357,0.6524857,0.3216749
38.47999835014343,128.64757,0.6526205,0.3216749
38.4900004863739,128.67957,0.6527552,0.3216749
38.499998807907104,128.70757,0.6530247,0.3216749
38.51000094413757,128.78355,0.65329415,0.32045412
38.519999265670776,128.83556,0.6537658,0.31923336
38.530001401901245,128.94756,0.6542374,0.3167918
38.53999972343445,129.09557,0.65491104,0.31312945
38.55000185966492,129.26357,0.65558475,0.30946714
38.56000018119812,129.41956,0.65625846,0.3058048
38.56999850273132,129.59155,0.6569995,0.30214247
38.58000063896179,129.72755,0.6576059,0.29970092
38.589998960494995,129.82356,0.65787536,0.29848012
38.600001096725464,129.81955,0.65787536,0.29970092
38.60999941825867,129.79956,0.65787536,0.30092168
38.620001554489136,129.81557,0.65787536,0.30214247
38.62999987602234,129.78355,0.65787536,0.30336323
38.63999819755554,129.75957,0.65787536,0.30458403
38.65000033378601,129.75156,0.65787536,0.30458403
38.659998655319214,129.74756,0.65787536,0.3058048
38.67000079154968,129.70757,0.65787536,0.30702558
38.679999113082886,129.67155,0.6579428,0.30824634
38.690001249313354,129.67555,0.6579428,0.30946714
38.69999957084656,129.66356,0.6579428,0.3106879
38.710001707077026,129.61156,0.6579428,0.3119087
38.72000002861023,129.61955,0.6579428,0.31312945
38.72999835014343,129.62756,0.6580101,0.31312945
38.7400004863739,129.61555,0.6580101,0.31435025
38.749998807907104,129.56357,0.6580101,0.315571
38.76000094413757,129.59155,0.6580775,0.3167918
38.769999265670776,129.60356,0.6582122,0.3167918
38.780001401901245,129.58356,0.6582796,0.3167918
38.78999972343445,129.59155,0.6582796,0.31923336
38.80000185966492,129.59155,0.65834695,0.31923336
38.81000018119812,129.60356,0.65841436,0.32045412
38.81999850273132,129.59956,0.65854913,0.32045412
38.83000063896179,129.59155,0.6586838,0.32045412
38.839998960494995,129.61555,0.65881854,0.32045412
38.850001096725464,129.63156,0.6589533,0.32045412
38.85999941825867,129.64355,0.65915537,0.32045412
38.870001554489136,129.71155,0.65935755,0.32045412
38.87999987602234,129.78355,0.6596944,0.31923336
38.88999819755554,129.86356,0.660166,0.3167918
38.90000033378601,129.97955,0.66090703,0.31312945
38.909998655319214,130.20355,0.6617155,0.30946714
38.92000079154968,130.39555,0.6625239,0.30458403
38.929999113082886,130.55556,0.66339976,0.29970092
38.940001249313354,130.72356,0.6640061,0.29603857
38.94999957084656,130.82755,0.66420823,0.29603857
38.960001707077026,130.83955,0.6642756,0.29725936
38.97000002861023,130.79955,0.6642756,0.29725936
38.97999835014343,130.80356,0.6642756,0.29970092
38.9900004863739,130.79556,0.6642756,0.29970092
38.999998807907104,130.75955,0.6642756,0.30092168
39.01000094413757,130.73555,0.6642756,0.30214247
39.019999265670776,130.71956,0.664343,0.30336323
39.030001401901245,130.73155,0.66441035,0.30336323
39.03999972343445,130.72356,0.66454506,0.30336323
39.05000185966492,130.72356,0.6646798,0.30458403
39.06000018119812,130.74756,0.6647472,0.30458403
39.06999850273132,130.73956,0.6647472,0.3058048
39.08000063896179,130.71155,0.6648146,0.30702558
39.089998960494995,130.71956,0.66488194,0.30824634
39.100001096725464,130.73956,0.66501665,0.30824634
39.10999941825867,130.74356,0.6651514,0.30824634
39.120001554489136,130.77556,0.6654209,0.30702558
39.12999987602234,130.81955,0.6657578,0.3058048
39.13999819755554,130.94756,0.6663641,0.30336323
39.15000033378601,131.14355,0.6671725,0.29848012
39.159998655319214,131.37155,0.6683852,0.29115546
39.17000079154968,131.71555,0.6698,0.2838308
39.179999113082886,132.05154,0.67108005,0.27528536
39.190001249313354,132.25555,0.6719558,0.27040225
39.19999957084656,132.35555,0.6724274,0.2679607
39.210001707077026,132.45555,0.67269695,0.2679607
39.22000002861023,132.49556,0.6729664,0.2667399
39.22999835014343,132.54755,0.6732359,0.26551914
39.2400004863739,132.61156,0.6735727,0.26551914
39.249998807907104,132.67955,0.6739096,0.2630776
39.26000094413757,132.77554,0.6743812,0.2618568
39.269999265670776,132.87555,0.67512226,0.25819448
39.280001401901245,133.05554,0.6758634,0.25331137
39.28999972343445,133.17955,0.67640233,0.2508698
39.30000185966492,133.21954,0.6765371,0.2508698
39.31000018119812,133.21954,0.6765371,0.25209057
39.31999850273132,133.21555,0.6765371,0.25331137
39.33000063896179,133.19154,0.6765371,0.25453213
39.339998960494995,133.16354,0.6765371,0.25575292
39.350001096725464,133.11954,0.6765371,0.25697368
39.35999941825867,133.05954,0.6765371,0.25819448
39.370001554489136,133.02754,0.6765371,0.25941524
39.37999987602234,132.97955,0.6765371,0.26063603
39.38999819755554,132.99956,0.67660445,0.26063603
39.40000033378601,132.98755,0.67660445,0.2618568
39.409998655319214,132.93954,0.67660445,0.2630776
39.42000079154968,132.90755,0.67660445,0.26429835
39.429999113082886,132.87155,0.67660445,0.26551914
39.440001249313354,132.84355,0.67660445,0.2667399
39.44999957084656,132.80354,0.67660445,0.2679607
39.460001707077026,132.76755,0.67660445,0.26918146
39.47000002861023,132.76755,0.67660445,0.27040225
39.47999835014343,132.72755,0.67660445,0.27162302
39.4900004863739,132.71155,0.67660445,0.2728438
39.499998807907104,132.72354,0.67660445,0.27406457
39.51000094413757,132.70755,0.67660445,0.27528536
39.519999265670776,132.65555,0.67660445,0.27528536
39.530001401901245,132.59955,0.67660445,0.27772692
39.53999972343445,132.57155,0.67660445,0.27772692
39.55000185966492,132.55554,0.67660445,0.28016847
39.56000018119812,132.54755,0.67660445,0.28016847
39.56999850273132,132.54355,0.67660445,0.28138924
39.58000063896179,132.51955,0.67660445,0.28261003
39.589998960494995,132.47154,0.67660445,0.2838308
39.600001096725464,132.41154,0.67660445,0.28505158
39.60999941825867,132.39555,0.67660445,0.28627235
39.620001554489136,132.39555,0.67660445,0.28749314
39.62999987602234,132.35155,0.67660445,0.2887139
39.63999819755554,132.35956,0.67660445,0.2899347
39.65000033378601,132.34355,0.67660445,0.29115546
39.659998655319214,132.32355,0.67660445,0.29237625
39.67000079154968,132.27554,0.67660445,0.293597
39.679999113082886,132.25955,0.67660445,0.2948178
39.690001249313354,132.26355,0.6766718,0.2948178
39.69999957084656,132.20355,0.6766718,0.29603857
39.710001707077026,132.15955,0.6766718,0.29725936
39.72000002861023,132.17555,0.6766718,0.29848012
39.72999835014343,132.18355,0.67673916,0.29970092
39.7400004863739,132.16754,0.67673916,0.30092168
39.749998807907104,132.12355,0.67680657,0.30092168
39.76000094413757,132.08755,0.67680657,0.30214247
39.769999265670776,132.06355,0.67680657,0.30336323
39.780001401901245,132.05954,0.67680657,0.30458403
39.78999972343445,132.05154,0.6768739,0.30458403
39.80000185966492,132.06755,0.6768739,0.3058048
39.81000018119812,132.05954,0.6769413,0.30702558
39.81999850273132,132.02756,0.6770087,0.30702558
39.83000063896179,132.03154,0.67707604,0.30824634
39.839998960494995,132.03154,0.6771434,0.30946714
39.850001096725464,132.02354,0.67721075,0.30946714
39.85999941825867,132.01155,0.67727816,0.3106879
39.870001554489136,132.01155,0.67741287,0.3106879
39.87999987602234,132.03154,0.6774803,0.3106879
39.88999819755554,132.05154,0.67754763,0.3119087
39.90000033378601,132.04755,0.67768234,0.3119087
39.909998655319214,132.08356,0.6778171,0.31312945
39.92000079154968,132.08755,0.6779519,0.31312945
39.929999113082886,132.06755,0.678154,0.31312945
39.940001249313354,132.13155,0.6784908,0.3119087
39.94999957084656,132.19955,0.67882764,0.3106879
39.960001707077026,132.32355,0.67923194,0.30824634
39.97000002861023,132.44354,0.6799056,0.30458403
39.97999835014343,132.61955,0.68091613,0.29970092
39.9900004863739,132.92755,0.68212885,0.29237625
39.999998807907104,133.13155,0.68307203,0.28627235
40.01000094413757,133.24355,0.68347627,0.28505158
40.019999265670776,133.27554,0.68347627,0.28627235
40.030001401901245,133.26355,0.68347627,0.28749314
40.03999972343445,133.23555,0.68347627,0.2887139
40.05000185966492,133.23155,0.68347627,0.2899347
40.06000018119812,133.23555,0.68347627,0.29115546
40.06999850273132,133.21555,0.68347627,0.29115546
40.08000063896179,133.16754,0.68347627,0.293597
40.089998960494995,133.10754,0.68347627,0.293597
40.100001096725464,133.06755,0.68347627,0.2948178
40.10999941825867,133.03955,0.68347627,0.29603857
40.120001554489136,133.01555,0.68347627,0.29725936
40.12999987602234,133.01155,0.68347627,0.29848012
40.13999819755554,133.01155,0.68347627,0.29970092
40.15000033378601,132.97156,0.6835436,0.30092168
40.159998655319214,132.91154,0.6835436,0.30214247
40.17000079154968,132.89554,0.6835436,0.30336323
40.179999113082886,132.87555,0.6835436,0.30336323
40.190001249313354,132.84355,0.6835436,0.30458403
40.19999957084656,132.81955,0.6835436,0.3058048
40.210001707077026,132.84355,0.683611,0.30702558
40.22000002861023,132.83955,0.683611,0.30824634
40.22999835014343,132.79955,0.683611,0.30946714
40.2400004863739,132.76755,0.6836784,0.30946714
40.249998807907104,132.74756,0.6836784,0.3106879
40.26000094413757,132.71555,0.68374574,0.3119087
40.269999265670776,132.69554,0.6838131,0.31312945
40.280001401901245,132.68355,0.6838131,0.31312945
40.28999972343445,132.73155,0.68394786,0.31435025
40.30000185966492,132.71555,0.68394786,0.315571
40.31000018119812,132.68755,0.6840153,0.315571
40.31999850273132,132.68355,0.68408257,0.3167918
40.33000063896179,132.67555,0.6841499,0.3167918
40.339998960494995,132.63155,0.68421733,0.31801257
40.350001096725464,132.63155,0.6843521,0.31801257
40.35999941825867,132.68355,0.6845542,0.31801257
40.370001554489136,132.73955,0.68489105,0.3167918
40.37999987602234,132.81155,0.6852953,0.315571
40.38999819755554,132.93155,0.685969,0.3106879
40.40000033378601,133.11954,0.6869122,0.3058048
40.409998655319214,133.35155,0.6880575,0.29970092
40.42000079154968,133.56755,0.68913543,0.293597
40.429999113082886,133.75555,0.6896744,0.2899347
40.440001249313354,133.80754,0.68974173,0.29115546
40.44999957084656,133.77554,0.68974173,0.29237625
40.460001707077026,133.76755,0.68974173,0.293597
40.47000002861023,133.74355,0.68974173,0.2948178
40.47999835014343,133.70755,0.68974173,0.29603857
40.4900004863739,133.67154,0.68974173,0.29725936
40.499998807907104,133.61154,0.68974173,0.29848012
40.51000094413757,133.58356,0.68974173,0.29970092
40.519999265670776,133.51955,0.68974173,0.30092168
40.530001401901245,133.48755,0.68974173,0.30092168
40.53999972343445,133.48355,0.68974173,0.30336323
40.55000185966492,133.46355,0.68974173,0.30336323
40.56000018119812,133.43555,0.68974173,0.30458403
40.56999850273132,133.37955,0.68974173,0.3058048
40.58000063896179,133.32355,0.68974173,0.30702558
40.589998960494995,133.29155,0.68974173,0.30824634
40.600001096725464,133.23555,0.68974173,0.30946714
40.60999941825867,133.19154,0.68974173,0.3106879
40.620001554489136,133.18355,0.68980914,0.3106879
40.62999987602234,133.15955,0.68980914,0.31312945
40.63999819755554,133.10355,0.68987644,0.31312945
40.65000033378601,133.04755,0.68987644,0.31435025
40.659998655319214,133.01955,0.68994385,0.315571
40.67000079154968,132.99554,0.69007856,0.315571
40.679999113082886,132.94754,0.6902133,0.315571
40.690001249313354,132.95955,0.6903481,0.315571
40.69999957084656,132.94754,0.6904828,0.315571
40.710001707077026,132.91554,0.6907523,0.315571
40.72000002861023,132.90355,0.6909544,0.315571
40.72999835014343,132.88754,0.6912913,0.31435025
40.7400004863739,132.87955,0.69176286,0.3119087
40.749998807907104,115.13161,0.6923692,0.30946714
40.76000094413757,46.583843,0.69317764,0.30458403
40.769999265670776,45.295845,0.6941882,0.29848012
40.780001401901245,44.895847,0.6951314,0.293597
40.78999972343445,45.687847,0.6958051,0.2899347
40.80000185966492,44.791847,0.6960072,0.2899347
40.81000018119812,45.46385,0.6960072,0.2899347
40.81999850273132,44.883846,0.6960072,0.29115546
40.83000063896179,45.083847,0.6960072,0.29237625
40.839998960494995,44.95985,0.6960072,0.293597
40.850001096725464,45.139843,0.6960072,0.2948178
40.85999941825867,45.01185,0.6960746,0.29603857
40.870001554489136,45.007847,0.6960746,0.29725936
40.87999987602234,45.067844,0.6960746,0.29848012
40.88999819755554,45.107845,0.6960746,0.29970092
40.90000033378601,44.955845,0.6960746,0.30092168
40.909998655319214,45.019848,0.6960746,0.30092168
40.92000079154968,45.083847,0.69614196,0.30214247
40.929999113082886,45.019848,0.69614196,0.30336323
40.940001249313354,45.147846,0.6962094,0.30458403
40.94999957084656,44.97985,0.6962094,0.30458403
40.960001707077026,45.099846,0.69627666,0.3058048
40.97000002861023,45.087845,0.6963441,0.30702558
40.97999835014343,45.015846,0.69641143,0.30702558
40.9900004863739,44.883846,0.6964788,0.30824634
40.999998807907104,45.067844,0.69661355,0.30824634
41.01000094413757,45.003845,0.6967483,0.30824634
41.019999265670776,45.07185,0.6970178,0.30702558
41.030001401901245,44.971848,0.69728726,0.30702558
41.03999972343445,45.055847,0.69775885,0.30458403
41.05000185966492,44.93985,0.69829786,0.30214247
41.06000018119812,45.01185,0.69876945,0.29970092
41.06999850273132,44.97985,0.69924104,0.29848012
41.08000063896179,45.131847,0.69984734,0.2948178
41.089998960494995,44.91985,0.7005884,0.29115546
41.100001096725464,44.987846,0.7013295,0.28749314
41.10999941825867,44.907845,0.7019359,0.28505158
41.120001554489136,45.043846,0.7022053,0.2838308
41.12999987602234,44.999847,0.7022727,0.2838308
41.13999819755554,45.135845,0.7022727,0.28505158
41.15000033378601,44.95985,0.70234007,0.28505158
41.159998655319214,44.951847,0.70234007,0.28749314
41.17000079154968,44.89185,0.70234007,0.28749314
41.179999113082886,45.039845,0.7024074,0.2887139
41.190001249313354,44.98385,0.7024074,0.2899347
41.19999957084656,45.067844,0.7024074,0.29115546
41.210001707077026,44.95985,0.7024074,0.29237625
41.22000002861023,44.975845,0.70247483,0.293597
41.22999835014343,44.91985,0.7025422,0.293597
41.2400004863739,45.075848,0.7025422,0.2948178
41.249998807907104,44.995846,0.7026769,0.2948178
41.26000094413757,45.01185,0.7027443,0.29603857
41.269999265670776,44.91985,0.70281166,0.29603857
41.280001401901245,45.023846,0.70281166,0.29725936
41.28999972343445,44.89185,0.7029464,0.29725936
41.30000185966492,45.023846,0.7031485,0.29848012
41.31000018119812,44.947845,0.7033506,0.29725936
41.31999850273132,45.075848,0.70362014,0.29725936
41.33000063896179,44.895847,0.7040917,0.2948178
41.339998960494995,44.95985,0.7047654,0.29115546
41.350001096725464,44.87985,0.7055065,0.28749314
41.35999941825867,45.095844,0.7061802,0.2838308
41.370001554489136,44.967846,0.70685387,0.28016847
41.37999987602234,45.043846,0.7075276,0.27650613
41.38999819755554,44.915848,0.70799917,0.27528536
41.40000033378601,44.975845,0.70820135,0.27406457
41.409998655319214,44.911846,0.70820135,0.27528536
41.42000079154968,45.003845,0.7082687,0.27528536
41.429999113082886,44.915848,0.7082687,0.27772692
41.440001249313354,45.07185,0.70833606,0.27772692
41.44999957084656,44.935844,0.70833606,0.27894768
41.460001707077026,44.943848,0.70833606,0.28016847
41.47000002861023,44.943848,0.70833606,0.28138924
41.47999835014343,45.063847,0.70833606,0.28261003
41.4900004863739,44.995846,0.70840347,0.2838308
41.499998807907104,45.019848,0.70840347,0.2838308
41.51000094413757,44.943848,0.70847076,0.28505158
41.519999265670776,44.975845,0.7085382,0.28505158
41.530001401901245,44.89185,0.7086055,0.28627235
41.53999972343445,44.96385,0.7086055,0.28749314
41.55000185966492,44.991848,0.70867294,0.28749314
41.56000018119812,45.039845,0.7087403,0.2887139
41.56999850273132,44.943848,0.70880765,0.2899347
41.58000063896179,44.947845,0.70887506,0.2899347
41.589998960494995,44.951847,0.7089424,0.29115546
41.600001096725464,44.999847,0.70900977,0.29115546
41.60999941825867,45.015846,0.7092119,0.29115546
41.620001554489136,44.98385,0.70948136,0.29115546
41.62999987602234,44.995846,0.7098856,0.2887139
41.63999819755554,44.927845,0.71049196,0.28627235
41.65000033378601,44.93985,0.7111656,0.28261003
41.659998655319214,44.943848,0.7118393,0.28016847
41.67000079154968,44.987846,0.7123109,0.27650613
41.679999113082886,44.991848,0.7127825,0.27528536
41.690001249313354,44.955845,0.71318674,0.27406457
41.69999957084656,44.89185,0.7135236,0.2728438
41.710001707077026,44.951847,0.7137257,0.27162302
41.72000002861023,44.999847,0.7137257,0.2728438
41.72999835014343,45.05185,0.7137931,0.27406457
41.7400004863739,45.007847,0.7137931,0.27406457
41.749998807907104,44.971848,0.7137931,0.27528536
41.76000094413757,44.91985,0.7137931,0.27650613
41.769999265670776,44.975845,0.7137931,0.27772692
41.780001401901245,44.951847,0.7137931,0.27894768
41.78999972343445,44.97985,0.7137931,0.28016847
41.80000185966492,44.975845,0.7137931,0.28138924
41.81000018119812,44.97985,0.7137931,0.28261003
41.81999850273132,44.89985,0.7137931,0.2838308
41.83000063896179,44.947845,0.71386045,0.28505158
41.839998960494995,44.991848,0.71386045,0.28505158
41.850001096725464,45.055847,0.7139278,0.28627235
41.85999941825867,44.971848,0.7139952,0.28749314
41.870001554489136,44.967846,0.7139952,0.2887139
41.87999987602234,44.93985,0.7139952,0.2899347
41.88999819755554,44.971848,0.7139952,0.29115546
41.90000033378601,44.975845,0.7139952,0.29115546
41.909998655319214,45.01185,0.7139952,0.29237625
41.92000079154968,44.999847,0.7139952,0.293597
41.929999113082886,44.98385,0.7139952,0.2948178
41.940001249313354,44.89985,0.7139952,0.29603857
41.94999957084656,44.96385,0.7139952,0.29725936
41.960001707077026,45.007847,0.7139952,0.29848012
41.97000002861023,45.027843,0.7139952,0.29970092
41.97999835014343,44.975845,0.7139952,0.30092168
41.9900004863739,45.003845,0.7139952,0.30214247
41.999998807907104,44.93985,0.7140626,0.30336323
42.01000094413757,44.971848,0.7140626,0.30336323
42.019999265670776,44.975845,0.7140626,0.30458403
42.030001401901245,45.023846,0.7140626,0.3058048
42.03999972343445,44.97985,0.7140626,0.30702558
42.05000185966492,44.96385,0.7140626,0.30824634
42.06000018119812,44.895847,0.7140626,0.30946714
42.06999850273132,44.951847,0.71413,0.3106879
42.08000063896179,44.95985,0.71413,0.3119087
42.089998960494995,45.023846,0.71419734,0.3119087
42.100001096725464,45.003845,0.7142647,0.31312945
42.10999941825867,44.97985,0.7142647,0.31435025
42.120001554489136,44.931847,0.7143994,0.31435025
42.12999987602234,44.951847,0.7144668,0.315571
42.13999819755554,44.95985,0.71453416,0.315571
42.15000033378601,45.015846,0.7146689,0.315571
42.159998655319214,44.96385,0.7147363,0.3167918
42.17000079154968,44.967846,0.71480364,0.3167918
42.179999113082886,44.935844,0.714871,0.31801257
42.190001249313354,44.943848,0.71500576,0.31801257
42.19999957084656,44.943848,0.7152753,0.3167918
42.210001707077026,45.023846,0.71567947,0.3167918
42.22000002861023,45.007847,0.71615106,0.31435025
42.22999835014343,44.97985,0.7168248,0.3106879
42.2400004863739,44.93985,0.71763325,0.3058048
42.249998807907104,44.98385,0.718509,0.30092168
42.26000094413757,44.987846,0.71925014,0.29725936
42.269999265670776,45.015846,0.7199912,0.293597
42.280001401901245,44.955845,0.7204628,0.29115546
42.28999972343445,44.967846,0.72059757,0.29115546
42.30000185966492,44.927845,0.72059757,0.29237625
42.31000018119812,44.923847,0.72066486,0.29237625
42.31999850273132,44.947845,0.72066486,0.293597
42.33000063896179,45.003845,0.72066486,0.2948178
42.339998960494995,45.003845,0.7207323,0.29603857
42.350001096725464,44.955845,0.7207323,0.29725936
42.35999941825867,44.951847,0.7207323,0.29848012
42.370001554489136,44.987846,0.7207996,0.29848012
42.37999987602234,44.96385,0.7207996,0.29970092
42.38999819755554,44.95985,0.7207996,0.30092168
42.40000033378601,44.991848,0.7207996,0.30214247
42.409998655319214,44.987846,0.72086704,0.30336323
42.42000079154968,44.951847,0.72086704,0.30458403
42.429999113082886,44.93985,0.72086704,0.30458403
42.440001249313354,44.95985,0.72086704,0.30702558
42.44999957084656,44.98385,0.7209344,0.30702558
42.460001707077026,44.971848,0.7209344,0.30824634
42.47000002861023,44.967846,0.72106916,0.30824634
42.47999835014343,44.943848,0.7211365,0.30946714
42.4900004863739,44.931847,0.72120386,0.30946714
42.499998807907104,44.96385,0.7212712,0.3106879
42.51000094413757,45.01185,0.7213386,0.3106879
42.519999265670776,44.999847,0.7214734,0.3106879
42.530001401901245,44.971848,0.72154075,0.3119087
42.53999972343445,44.951847,0.72167546,0.3119087
42.55000185966492,44.943848,0.7218102,0.31312945
42.56000018119812,44.943848,0.72201234,0.3119087
42.56999850273132,44.951847,0.7222818,0.3119087
42.58000063896179,44.991848,0.7226187,0.3106879
42.589998960494995,45.023846,0.72315764,0.30824634
42.600001096725464,44.971848,0.7236966,0.30458403
42.60999941825867,44.931847,0.7242356,0.30336323
42.620001554489136,44.955845,0.7247072,0.30092168
42.62999987602234,44.98385,0.72511137,0.29970092
42.63999819755554,44.95985,0.72538084,0.29848012
42.65000033378601,44.955845,0.72538084,0.29970092
42.659998655319214,44.971848,0.7254482,0.30092168
42.67000079154968,44.93985,0.7254482,0.30092168
42.679999113082886,44.923847,0.7254482,0.30214247
42.690001249313354,44.96385,0.7255156,0.30336323
42.69999957084656,45.003845,0.72558296,0.30336323
42.710001707077026,44.991848,0.72565037,0.30458403
42.72000002861023,44.95985,0.7257177,0.30458403
42.72999835014343,44.935844,0.7257177,0.3058048
42.7400004863739,44.943848,0.7257851,0.30702558
42.749998807907104,44.93985,0.7257851,0.30824634
42.76000094413757,44.95985,0.7257851,0.30946714
42.769999265670776,44.999847,0.7257851,0.3106879
42.780001401901245,44.987846,0.7258525,0.3106879
42.78999972343445,44.935844,0.7259198,0.3119087
42.80000185966492,44.907845,0.7259198,0.31312945
42.81000018119812,44.955845,0.7259872,0.31312945
42.81999850273132,44.95985,0.72612196,0.31435025
42.83000063896179,44.96385,0.72612196,0.315571
42.839998960494995,44.967846,0.72612196,0.3167918
42.850001096725464,44.943848,0.7261893,0.3167918
42.85999941825867,44.923847,0.72625667,0.3167918
42.870001554489136,44.931847,0.7263241,0.31801257
42.87999987602234,44.951847,0.7263241,0.31923336
42.88999819755554,44.98385,0.72639143,0.32045412
42.90000033378601,44.955845,0.72639143,0.32045412
42.909998655319214,44.915848,0.7264588,0.3216749
42.92000079154968,44.927845,0.72652614,0.32289568
42.929999113082886,44.951847,0.72659355,0.32289568
42.940001249313354,44.95985,0.7266609,0.32411647
42.94999957084656,44.975845,0.72672826,0.32533723
42.960001707077026,44.967846,0.7267957,0.32533723
42.97000002861023,44.955845,0.726863,0.32655802
42.97999835014343,44.923847,0.72693044,0.32655802
42.9900004863739,44.91985,0.7270651,0.3277788
42.999998807907104,44.967846,0.7271325,0.3277788
43.01000094413757,44.95985,0.72719985,0.32899958
43.019999265670776,44.935844,0.7273346,0.32899958
43.030001401901245,44.95985,0.7274694,0.32899958
43.03999972343445,44.98385,0.72773886,0.3277788
43.05000185966492,44.931847,0.72814304,0.32655802
43.06000018119812,44.951847,0.72868204,0.32411647
43.06999850273132,44.987846,0.7294905,0.31923336
43.08000063896179,44.971848,0.7303663,0.31435025
43.089998960494995,44.931847,0.7312421,0.30946714
43.100001096725464,44.911846,0.73178107,0.30702558
43.10999941825867,44.943848,0.73211795,0.3058048
43.120001554489136,44.93985,0.7322527,0.3058048
43.12999987602234,44.943848,0.7322527,0.30702558
43.13999819755554,44.975845,0.73232,0.30824634
43.15000033378601,44.97985,0.7323874,0.30824634
43.159998655319214,44.927845,0.7324548,0.30946714
43.17000079154968,44.931847,0.7324548,0.3106879
43.179999113082886,44.955845,0.7325222,0.3106879
43.190001249313354,44.987846,0.73258954,0.3119087
43.19999957084656,44.97985,0.7326569,0.31312945
43.210001707077026,44.98385,0.7327243,0.31312945
43.22000002861023,44.991848,0.73279166,0.31435025
43.22999835014343,44.971848,0.73292637,0.31435025
43.2400004863739,44.943848,0.7329937,0.315571
43.249998807907104,44.947845,0.7329937,0.315571
43.26000094413757,44.98385,0.73306113,0.3167918
43.269999265670776,44.96385,0.7331285,0.3167918
43.280001401901245,44.935844,0.7331285,0.31801257
43.28999972343445,44.955845,0.7331959,0.31923336
43.30000185966492,44.98385,0.7331959,0.32045412
43.31000018119812,44.975845,0.73326325,0.32045412
43.31999850273132,44.967846,0.73339796,0.32045412
43.33000063896179,44.991848,0.7336001,0.32045412
43.339998960494995,44.97985,0.7340043,0.31923336
43.350001096725464,44.951847,0.7344759,0.3167918
43.35999941825867,44.955845,0.735217,0.31312945
43.370001554489136,44.96385,0.73616016,0.30824634
43.37999987602234,44.971848,0.7373729,0.30092168
43.38999819755554,44.95985,0.73872024,0.293597
43.40000033378601,44.93985,0.73993295,0.28505158
43.409998655319214,44.96385,0.7408087,0.28016847
43.42000079154968,44.955845,0.7416846,0.27528536
43.429999113082886,44.935844,0.7425604,0.27162302
43.440001249313354,44.971848,0.7434362,0.26551914
43.44999957084656,44.975845,0.7442447,0.26063603
43.460001707077026,44.95985,0.7450531,0.25697368
43.47000002861023,44.947845,0.7455247,0.25453213
43.47999835014343,44.951847,0.74559206,0.25575292
43.4900004863739,44.955845,0.74559206,0.25575292
43.499998807907104,44.955845,0.7456595,0.25697368
43.51000094413757,44.971848,0.7456595,0.25819448
43.519999265670776,44.97985,0.7456595,0.25941524
43.530001401901245,44.947845,0.7456595,0.26063603
43.53999972343445,44.931847,0.7456595,0.2618568
43.55000185966492,44.955845,0.7456595,0.2630776
43.56000018119812,44.987846,0.7456595,0.26429835
43.56999850273132,44.987846,0.7456595,0.26551914
43.58000063896179,44.967846,0.7456595,0.2667399
43.589998960494995,44.95985,0.7456595,0.2679607
43.600001096725464,44.955845,0.7456595,0.26918146
43.60999941825867,44.947845,0.7457268,0.26918146
43.620001554489136,44.96385,0.7457268,0.27040225
43.62999987602234,44.987846,0.7457268,0.27162302
43.63999819755554,44.971848,0.7457268,0.2728438
43.65000033378601,44.943848,0.7457268,0.27406457
43.659998655319214,44.947845,0.7457268,0.27528536
43.67000079154968,44.96385,0.7457268,0.27650613
43.679999113082886,44.97985,0.7457942,0.27650613
43.690001249313354,44.971848,0.7457942,0.27772692
43.69999957084656,44.987846,0.7457942,0.27894768
43.710001707077026,44.97985,0.7457942,0.28016847
43.72000002861023,44.955845,0.7457942,0.28138924
