"TEST_HEADER_START","Data source","Date","Time","Start Timestamp","End Timestamp","Specimen identifier","TEST_HEADER_END","SPECIMEN_HEADER_START","Specimen type","Thickness (mm)","Area (sq mm)","Axial Gauge Length (mm)","Transverse Gauge Length (mm)","Grip Separation (mm)","SPECIMEN_HEADER_END","RESULTS_HEADER_START","Displacement at 0.000 N (%) ","Displacement at Maximum Load (%) ","Extension at Max Load (mm) ","Load at Break (N) ","Load at Max Position (N) ","RESULTS_HEADER_END"
"TEST_INFO_START","L174-5L-2026-01-22-17-57-27.mtwData","2026-01-22","17:57:27","2026-01-22 17:57:27.504","2026-01-22 17:57:27.552","12","TEST_INFO_END","SPECIMEN_INFO_START","Thickness",10.2,999999.9,7.6199994,7.6199994,25.0,"SPECIMEN_INFO_END","RESULTS_INFO_START","0.00","N/A","N/A","N/A","N/A","N/A","N/A","N/A","N/A","N/A","10.41","0.793","70.640","RESULTS_INFO_END"

"Time","Load (N)","Position (mm)","Control Out (V)"
0.0,0.15999946,0.0,0.35707745
0.01000000536441803,0.3799987,9.431905E-4,0.35219434
0.019999995827674866,0.6759977,0.0022232349,0.3436489
0.030000001192092896,1.0319965,0.0035706495,0.33510345
0.03999999165534973,1.3359954,0.0048506944,0.3277788
0.04999999701976776,1.6079944,0.005726514,0.32289568
0.06000000238418579,1.8039938,0.0063328505,0.31923336
0.06999999284744263,1.9559934,0.0068718167,0.31801257
0.07999999821186066,2.067993,0.0072760414,0.315571
0.09000000357627869,2.1759925,0.007680265,0.31312945
0.09999999403953552,2.2759922,0.00808449,0.31312945
0.10999999940395355,2.335992,0.008353973,0.3106879
0.12000000476837158,2.4399917,0.008623456,0.3106879
0.12999999523162842,2.5239913,0.0088929385,0.3106879
0.13999998569488525,2.5839913,0.009297163,0.30946714
0.15000000596046448,2.7359908,0.009836129,0.3058048
0.1599999964237213,2.88399,0.010375095,0.30336323
0.16999998688697815,2.98399,0.010779319,0.30092168
0.18000000715255737,3.0239897,0.010981432,0.30092168
0.1899999976158142,3.0599897,0.011183544,0.30092168
0.19999998807907104,3.1559892,0.011453027,0.30092168
0.21000000834465027,3.1639893,0.011520398,0.30092168
0.2199999988079071,3.1839893,0.01165514,0.30092168
0.22999998927116394,3.2399888,0.011789881,0.30092168
0.24000000953674316,3.3079886,0.0120593645,0.30092168
0.25,3.3679886,0.012328846,0.29970092
0.25999999046325684,3.4479883,0.012665701,0.29970092
0.27000001072883606,3.559988,0.013137296,0.29725936
0.2800000011920929,3.6759875,0.013676262,0.2948178
0.28999999165534973,3.795987,0.014215228,0.29237625
0.30000001192092896,3.9479866,0.014754195,0.2887139
0.3100000023841858,4.1039863,0.01536053,0.28627235
0.3199999928474426,4.2719855,0.016034238,0.28261003
0.32999998331069946,4.435985,0.016842688,0.27772692
0.3400000035762787,4.6159844,0.017516395,0.27406457
0.3499999940395355,4.775984,0.01805536,0.2728438
0.35999998450279236,4.883983,0.018526956,0.27040225
0.3700000047683716,5.031983,0.019065922,0.2679607
0.3799999952316284,5.2039824,0.01973963,0.26429835
0.38999998569488525,5.3999815,0.02048071,0.26063603
0.3999999761581421,5.5279813,0.021087045,0.25697368
0.4100000262260437,5.687981,0.02149127,0.25575292
0.42000001668930054,5.8039804,0.021828122,0.25453213
0.4300000071525574,5.88398,0.022164976,0.25331137
0.4399999976158142,5.9519796,0.022501832,0.25209057
0.44999998807907104,6.0359797,0.022771312,0.25209057
0.4599999785423279,6.0359797,0.022906054,0.2508698
0.4699999690055847,6.0399795,0.023040796,0.25209057
0.48000001907348633,6.111979,0.023175538,0.25209057
0.49000000953674316,6.139979,0.02324291,0.25209057
0.5,6.171979,0.02331028,0.25331137
0.5099999904632568,6.1479793,0.02331028,0.25453213
0.5199999809265137,6.163979,0.02331028,0.25575292
0.5299999713897705,6.1679792,0.023377651,0.25575292
0.5400000214576721,6.1679792,0.023377651,0.25697368
0.550000011920929,6.155979,0.023377651,0.25819448
0.5600000023841858,6.191979,0.023445021,0.25941524
0.5699999928474426,6.175979,0.023445021,0.26063603
0.5799999833106995,6.163979,0.023512393,0.26063603
0.5899999737739563,6.171979,0.023579761,0.2618568
0.6000000238418579,6.199979,0.023714503,0.2618568
0.6100000143051147,6.219979,0.023916615,0.2618568
0.6200000047683716,6.2679787,0.023983987,0.2618568
0.6299999952316284,6.2759786,0.023983987,0.2630776
0.6399999856948853,6.2519784,0.023983987,0.26429835
0.6499999761581421,6.2719784,0.024051357,0.26551914
0.6600000262260437,6.3079786,0.024118729,0.26551914
0.6700000166893005,6.3479786,0.024118729,0.2667399
0.6800000071525574,6.3319783,0.024186099,0.2679607
0.6899999976158142,6.319978,0.02425347,0.2679607
0.699999988079071,6.387978,0.024455583,0.2679607
0.7099999785423279,6.4359784,0.024725065,0.2679607
0.7199999690055847,6.495978,0.025061918,0.26551914
0.7300000190734863,6.571977,0.025331402,0.26551914
0.7400000095367432,6.6319776,0.025600884,0.26429835
0.75,6.715977,0.025937738,0.26429835
0.7599999904632568,6.783977,0.026341964,0.2618568
0.7699999809265137,6.927976,0.026678815,0.2618568
0.7799999713897705,6.9919763,0.026813557,0.26063603
0.7900000214576721,7.023976,0.0269483,0.2618568
0.800000011920929,7.039976,0.027083041,0.2618568
0.8100000023841858,7.059976,0.027150413,0.2618568
0.8199999928474426,7.0679755,0.027217783,0.2630776
0.8299999833106995,7.0879755,0.027285155,0.26429835
0.8399999737739563,7.1239758,0.027352525,0.26429835
0.8500000238418579,7.1799755,0.027554637,0.26429835
0.8600000143051147,7.1919756,0.027756749,0.26429835
0.8700000047683716,7.251975,0.02795886,0.2630776
0.8799999952316284,7.319975,0.028295716,0.2618568
0.8899999856948853,7.4079747,0.028699938,0.26063603
0.8999999761581421,7.5279746,0.029238906,0.25819448
0.9099999666213989,7.675974,0.0297105,0.25575292
0.9199999570846558,7.811973,0.030047355,0.25575292
0.9299999475479126,7.8439736,0.030182095,0.25453213
0.940000057220459,7.8319736,0.030249467,0.25575292
0.9500000476837158,7.883973,0.030249467,0.25697368
0.9600000381469727,7.887973,0.030249467,0.25819448
0.9700000286102295,7.899973,0.030316839,0.25819448
0.9800000190734863,7.8919735,0.030316839,0.26063603
0.9900000095367432,7.8719735,0.030316839,0.26063603
1.0,7.8519735,0.030316839,0.2618568
1.0099999904632568,7.8319736,0.030384207,0.2630776
1.0199999809265137,7.895973,0.030384207,0.26429835
1.0299999713897705,7.903973,0.030451579,0.26429835
1.0399999618530273,7.875973,0.030451579,0.26551914
1.0499999523162842,7.879973,0.030451579,0.2667399
1.059999942779541,7.8919735,0.030586323,0.2667399
1.0700000524520874,7.943973,0.030721063,0.2679607
1.0800000429153442,7.935973,0.030855807,0.2679607
1.090000033378601,7.9559727,0.030855807,0.26918146
1.100000023841858,7.991973,0.030990547,0.26918146
1.1100000143051147,8.007973,0.031057918,0.27040225
1.1200000047683716,8.027973,0.031192658,0.27040225
1.1299999952316284,8.107972,0.03139477,0.27040225
1.1399999856948853,8.159972,0.031664252,0.26918146
1.149999976158142,8.179972,0.031933736,0.2679607
1.159999966621399,8.275972,0.03227059,0.2667399
1.1699999570846558,8.359971,0.032607447,0.26551914
1.1799999475479126,8.451971,0.03280956,0.26551914
1.190000057220459,8.4719715,0.03287693,0.2667399
1.2000000476837158,8.49997,0.03287693,0.2679607
1.2100000381469727,8.503971,0.0329443,0.2679607
1.2200000286102295,8.495971,0.03301167,0.26918146
1.2300000190734863,8.487971,0.03301167,0.27040225
1.2400000095367432,8.519971,0.03307904,0.27040225
1.25,8.515971,0.03307904,0.27162302
1.2599999904632568,8.511971,0.03307904,0.2728438
1.2699999809265137,8.523971,0.033146407,0.27406457
1.2799999713897705,8.531971,0.033146407,0.27528536
1.2899999618530273,8.503971,0.033146407,0.27528536
1.2999999523162842,8.491971,0.03321378,0.27650613
1.309999942779541,8.551971,0.03321378,0.27772692
1.3200000524520874,8.571971,0.03328115,0.27894768
1.3300000429153442,8.563971,0.033348523,0.27894768
1.340000033378601,8.543971,0.033483263,0.28016847
1.350000023841858,8.595971,0.033685375,0.27894768
1.3600000143051147,8.651971,0.03395486,0.27894768
1.3700000047683716,8.759971,0.034291714,0.27772692
1.3799999952316284,8.907969,0.034830682,0.27528536
1.3899999856948853,9.067969,0.035504386,0.27162302
1.399999976158142,9.195969,0.036043353,0.26918146
1.409999966621399,9.283968,0.036447577,0.2667399
1.4199999570846558,9.395968,0.036649693,0.2667399
1.4299999475479126,9.427968,0.03671706,0.2679607
1.440000057220459,9.439968,0.03671706,0.2679607
1.4500000476837158,9.439968,0.036784433,0.26918146
1.4600000381469727,9.443968,0.036784433,0.27040225
1.4700000286102295,9.407968,0.036784433,0.27162302
1.4800000190734863,9.431968,0.036784433,0.2728438
1.4900000095367432,9.467968,0.036851805,0.27406457
1.5,9.459968,0.036919173,0.27406457
1.5099999904632568,9.447968,0.036986545,0.27528536
1.5199999809265137,9.483968,0.037121285,0.27528536
1.5299999713897705,9.539968,0.037323397,0.27528536
1.5399999618530273,9.583967,0.03752551,0.27406457
1.5499999523162842,9.615968,0.03772762,0.27406457
1.559999942779541,9.691967,0.037997104,0.27406457
1.5700000524520874,9.775967,0.038266588,0.2728438
1.5800000429153442,9.855967,0.03867081,0.27162302
1.590000033378601,9.923966,0.039007667,0.27040225
1.600000023841858,10.023966,0.039277148,0.26918146
1.6100000143051147,10.079966,0.03941189,0.27040225
1.6200000047683716,10.127965,0.03968137,0.26918146
1.6299999952316284,10.1999655,0.039950855,0.2679607
1.6399999856948853,10.299965,0.040355083,0.2667399
1.649999976158142,10.411964,0.04089405,0.26429835
1.659999966621399,10.563964,0.04129827,0.2618568
1.6699999570846558,10.683964,0.041567754,0.2618568
1.6799999475479126,10.6879635,0.041567754,0.2630776
1.690000057220459,10.635964,0.041635126,0.2630776
1.7000000476837158,10.635964,0.041635126,0.26429835
1.7100000381469727,10.655964,0.041635126,0.26551914
1.7200000286102295,10.659964,0.041635126,0.2667399
1.7300000190734863,10.671964,0.041635126,0.2679607
1.7400000095367432,10.671964,0.041635126,0.26918146
1.75,10.643964,0.041635126,0.27040225
1.7599999904632568,10.623964,0.041635126,0.27162302
1.7699999809265137,10.611963,0.041635126,0.2728438
1.7799999713897705,10.663964,0.041635126,0.27406457
1.7899999618530273,10.655964,0.041635126,0.27528536
1.7999999523162842,10.603964,0.041635126,0.27650613
1.809999942779541,10.591964,0.041635126,0.27772692
1.8200000524520874,10.611963,0.041635126,0.27772692
1.8300000429153442,10.587964,0.041635126,0.28016847
1.840000033378601,10.595964,0.041635126,0.28016847
1.850000023841858,10.627964,0.041702494,0.28138924
1.8600000143051147,10.611963,0.041702494,0.28261003
1.869999885559082,10.587964,0.041702494,0.2838308
1.880000114440918,10.591964,0.041769866,0.2838308
1.8900001049041748,10.639963,0.04190461,0.28505158
1.9000000953674316,10.663964,0.04190461,0.28505158
1.9100000858306885,10.663964,0.041971978,0.28627235
1.9200000762939453,10.6879635,0.04203935,0.28749314
1.9300000667572021,10.707963,0.04210672,0.28749314
1.940000057220459,10.667963,0.042174093,0.2887139
1.9500000476837158,10.6879635,0.042174093,0.2899347
1.9600000381469727,10.707963,0.04224146,0.2899347
1.9700000286102295,10.707963,0.042308833,0.29115546
1.9800000190734863,10.715964,0.042308833,0.29237625
1.9900000095367432,10.751964,0.042376205,0.293597
2.0,10.743964,0.042443573,0.293597
2.009999990463257,10.755963,0.042510945,0.2948178
2.0199999809265137,10.771964,0.042578317,0.2948178
2.0299999713897705,10.815963,0.04264569,0.2948178
2.0399999618530273,10.783964,0.04264569,0.29725936
2.049999952316284,10.763964,0.042713057,0.29725936
2.059999942779541,10.835963,0.0428478,0.29725936
2.069999933242798,10.891962,0.042915173,0.29848012
2.0799999237060547,10.887963,0.04298254,0.29970092
2.0899999141693115,10.903963,0.04311728,0.29970092
2.0999999046325684,10.899963,0.04318465,0.29970092
2.109999895095825,10.935963,0.04325202,0.30092168
2.119999885559082,10.931962,0.043386765,0.30092168
2.130000114440918,10.991962,0.043521505,0.30092168
2.140000104904175,11.059962,0.04379099,0.30092168
2.1500000953674316,11.127962,0.0439931,0.29970092
2.1600000858306885,11.167962,0.044329956,0.29970092
2.1700000762939453,11.299961,0.044868924,0.29725936
2.180000066757202,11.45596,0.045475256,0.293597
2.190000057220459,11.63996,0.046283707,0.2887139
2.200000047683716,11.90796,0.047226895,0.2838308
2.2100000381469727,12.163959,0.048237458,0.27772692
2.2200000286102295,12.351958,0.048776425,0.27528536
2.2300000190734863,12.431958,0.048843797,0.27528536
2.240000009536743,12.463958,0.048843797,0.27650613
2.25,12.483957,0.04891117,0.27772692
2.259999990463257,12.499958,0.04891117,0.27894768
2.2699999809265137,12.479958,0.04891117,0.28016847
2.2799999713897705,12.4679575,0.04891117,0.28138924
2.2899999618530273,12.435957,0.048978537,0.28138924
2.299999952316284,12.411958,0.048978537,0.28261003
2.309999942779541,12.4679575,0.04904591,0.2838308
2.319999933242798,12.487957,0.04904591,0.28505158
2.3299999237060547,12.4679575,0.049113277,0.28505158
2.3399999141693115,12.443958,0.049113277,0.28627235
2.3499999046325684,12.475957,0.04918065,0.28749314
2.359999895095825,12.463958,0.04918065,0.2887139
2.369999885559082,12.475957,0.049248017,0.2899347
2.380000114440918,12.507957,0.04938276,0.2899347
2.390000104904175,12.547957,0.049450133,0.2899347
2.4000000953674316,12.539958,0.0495175,0.29115546
2.4100000858306885,12.523957,0.049584873,0.29115546
2.4200000762939453,12.575957,0.049652245,0.29237625
2.430000066757202,12.603957,0.049719613,0.29237625
2.440000057220459,12.611957,0.049854357,0.293597
2.450000047683716,12.635957,0.05005647,0.29237625
2.4600000381469727,12.715958,0.050325952,0.29237625
2.4700000286102295,12.807957,0.050730176,0.2899347
2.4800000190734863,12.947956,0.051403884,0.28749314
2.490000009536743,13.175955,0.052347075,0.28138924
2.5,13.483953,0.053492375,0.27528536
2.509999990463257,13.823953,0.054907165,0.2667399
2.5199999809265137,14.131952,0.055985097,0.26063603
2.5299999713897705,14.375952,0.056658804,0.25575292
2.5399999618530273,14.53995,0.057130396,0.25453213
2.549999952316284,14.67995,0.057601992,0.25209057
2.559999942779541,14.81995,0.058073588,0.24964903
2.569999933242798,14.959949,0.058612555,0.24720748
2.5799999237060547,15.055949,0.05928626,0.24476592
2.5899999141693115,15.259949,0.06002734,0.23988281
2.5999999046325684,15.523947,0.060768418,0.23622048
2.609999895095825,15.639946,0.061037906,0.2349997
2.619999885559082,15.639946,0.061037906,0.23622048
2.630000114440918,15.607947,0.061037906,0.23744126
2.640000104904175,15.607947,0.061037906,0.23866203
2.6500000953674316,15.607947,0.061037906,0.23988281
2.6600000858306885,15.623946,0.061037906,0.24110359
2.6700000762939453,15.623946,0.061037906,0.24232437
2.680000066757202,15.631947,0.061037906,0.24354514
2.690000057220459,15.555947,0.061037906,0.24476592
2.700000047683716,15.543946,0.061037906,0.2459867
2.7100000381469727,15.547947,0.061037906,0.24720748
2.7200000286102295,15.571946,0.061037906,0.24842826
2.7300000190734863,15.583946,0.061037906,0.24964903
2.740000009536743,15.571946,0.061037906,0.24964903
2.75,15.523947,0.061037906,0.25209057
2.759999990463257,15.495947,0.061037906,0.25209057
2.7699999809265137,15.507947,0.061037906,0.25331137
2.7799999713897705,15.531947,0.061037906,0.25453213
2.7899999618530273,15.495947,0.061037906,0.25575292
2.799999952316284,15.499948,0.061037906,0.25697368
2.809999942779541,15.499948,0.061037906,0.25819448
2.819999933242798,15.483948,0.061037906,0.25941524
2.8299999237060547,15.459948,0.061037906,0.26063603
2.8399999141693115,15.491947,0.061037906,0.2618568
2.8499999046325684,15.511948,0.061037906,0.2630776
2.859999895095825,15.495947,0.061037906,0.26429835
2.869999885559082,15.431948,0.061037906,0.26551914
2.880000114440918,15.419948,0.061037906,0.2667399
2.890000104904175,15.4479475,0.061037906,0.2679607
2.9000000953674316,15.459948,0.061037906,0.26918146
2.9100000858306885,15.443948,0.061037906,0.27040225
2.9200000762939453,15.443948,0.061037906,0.27162302
2.930000066757202,15.403948,0.061037906,0.27162302
2.940000057220459,15.395948,0.061037906,0.27406457
2.950000047683716,15.415948,0.061037906,0.27406457
2.9600000381469727,15.411947,0.061037906,0.27528536
2.9700000286102295,15.411947,0.061037906,0.27650613
2.9800000190734863,15.391948,0.061037906,0.27772692
2.990000009536743,15.359947,0.061037906,0.27894768
3.0,15.399947,0.061037906,0.28016847
3.009999990463257,15.371947,0.06110527,0.28138924
3.0199999809265137,15.395948,0.06110527,0.28138924
3.0299999713897705,15.399947,0.06110527,0.2838308
3.0399999618530273,15.335948,0.06110527,0.2838308
3.049999952316284,15.327949,0.06110527,0.28505158
3.059999942779541,15.339948,0.06110527,0.28627235
3.069999933242798,15.363948,0.06110527,0.28749314
3.0799999237060547,15.375948,0.06110527,0.2887139
3.0899999141693115,15.351948,0.06110527,0.2899347
3.0999999046325684,15.343947,0.06110527,0.29115546
3.109999895095825,15.335948,0.061172638,0.29237625
3.119999885559082,15.303947,0.061172638,0.293597
3.130000114440918,15.335948,0.061172638,0.2948178
3.140000104904175,15.367948,0.061172638,0.2948178
3.1500000953674316,15.359947,0.061240014,0.29603857
3.1600000858306885,15.331947,0.06130738,0.29725936
3.1700000762939453,15.347948,0.06130738,0.29725936
3.180000066757202,15.371947,0.061374757,0.29848012
3.190000057220459,15.395948,0.061442126,0.29970092
3.200000047683716,15.431948,0.06157687,0.29970092
3.2100000381469727,15.451947,0.061644237,0.29970092
3.2200000286102295,15.431948,0.061711606,0.30092168
3.2300000190734863,15.407948,0.06177898,0.30092168
3.240000009536743,15.443948,0.06184635,0.30214247
3.25,15.515947,0.061981093,0.30336323
3.259999990463257,15.567947,0.062183205,0.30214247
3.2699999809265137,15.615947,0.062452685,0.30092168
3.2799999713897705,15.703947,0.06278954,0.30092168
3.2899999618530273,15.787946,0.06326114,0.29848012
3.299999952316284,15.951945,0.06393484,0.2948178
3.309999942779541,16.203945,0.06494541,0.2899347
3.319999933242798,16.535944,0.06615808,0.28261003
3.3299999237060547,16.855942,0.06743812,0.27406457
3.3399999141693115,17.139942,0.06824657,0.27040225
3.3499999046325684,17.29194,0.0686508,0.2679607
3.359999895095825,17.383942,0.06878554,0.2679607
3.369999885559082,17.39594,0.06878554,0.26918146
3.380000114440918,17.38794,0.06878554,0.27040225
3.390000104904175,17.36794,0.06878554,0.27162302
3.4000000953674316,17.35994,0.06885291,0.27162302
3.4100000858306885,17.355942,0.06885291,0.27406457
3.4200000762939453,17.37994,0.06885291,0.27406457
3.430000066757202,17.38794,0.068920285,0.27528536
3.440000057220459,17.383942,0.06898765,0.27528536
3.450000047683716,17.38794,0.06905502,0.27650613
3.4600000381469727,17.40394,0.069189765,0.27650613
3.4700000286102295,17.45194,0.06939188,0.27650613
3.4800000190734863,17.47994,0.06952662,0.27650613
3.490000009536743,17.52394,0.069661364,0.27772692
3.5,17.57594,0.0697961,0.27772692
3.509999990463257,17.55994,0.069863476,0.27772692
3.5199999809265137,17.57594,0.06999821,0.27772692
3.5299999713897705,17.65194,0.07020032,0.27772692
3.5399999618530273,17.71594,0.070469804,0.27772692
3.549999952316284,17.83994,0.07087403,0.27528536
3.559999942779541,17.923939,0.071412995,0.27406457
3.569999933242798,18.059938,0.071884595,0.27040225
3.5799999237060547,18.195938,0.07249093,0.2679607
3.5899999141693115,18.299938,0.072827786,0.2667399
3.5999999046325684,18.399937,0.07296252,0.2667399
3.609999895095825,18.447937,0.07296252,0.2679607
3.619999885559082,18.411938,0.07296252,0.26918146
3.630000114440918,18.395937,0.07296252,0.27040225
3.640000104904175,18.339937,0.07296252,0.27162302
3.6500000953674316,18.315937,0.07296252,0.2728438
3.6600000858306885,18.355938,0.07296252,0.27406457
3.6700000762939453,18.391937,0.07296252,0.27528536
3.680000066757202,18.387938,0.07296252,0.27650613
3.690000057220459,18.347939,0.07296252,0.27772692
3.700000047683716,18.311937,0.07296252,0.27894768
3.7100000381469727,18.343937,0.07296252,0.28016847
3.7200000286102295,18.339937,0.07296252,0.28138924
3.7300000190734863,18.307938,0.07296252,0.28138924
3.740000009536743,18.311937,0.07296252,0.28261003
3.75,18.315937,0.07296252,0.2838308
3.759999990463257,18.267939,0.07296252,0.28505158
3.7699999809265137,18.247938,0.07296252,0.28627235
3.7799999713897705,18.267939,0.07296252,0.28749314
3.7899999618530273,18.315937,0.07296252,0.2887139
3.799999952316284,18.295938,0.0730299,0.2899347
3.809999942779541,18.271936,0.0730299,0.29115546
3.819999933242798,18.259937,0.0730299,0.29115546
3.8299999237060547,18.267939,0.0730299,0.293597
3.8399999141693115,18.259937,0.073097266,0.293597
3.8499999046325684,18.279938,0.07316464,0.2948178
3.859999895095825,18.299938,0.07329938,0.2948178
3.870000123977661,18.307938,0.07329938,0.29603857
3.879999876022339,18.315937,0.073366754,0.29603857
3.890000104904175,18.323938,0.073366754,0.29725936
3.8999998569488525,18.331938,0.07343412,0.29848012
3.9100000858306885,18.327938,0.073568866,0.29970092
3.919999837875366,18.359938,0.073636234,0.29970092
3.930000066757202,18.391937,0.07370361,0.29970092
3.93999981880188,18.399937,0.073838346,0.29970092
3.950000047683716,18.411938,0.07390572,0.30092168
3.9599997997283936,18.483938,0.07397309,0.30092168
3.9700000286102295,18.507936,0.074107826,0.30092168
3.9799997806549072,18.483938,0.07424256,0.30214247
3.990000009536743,18.499937,0.07430994,0.30214247
3.999999761581421,18.543936,0.07451205,0.30214247
4.009999990463257,18.635937,0.07471416,0.30214247
4.020000219345093,18.679935,0.07491627,0.30214247
4.0299999713897705,18.731936,0.075118385,0.30092168
4.0400002002716064,18.795935,0.07538787,0.30092168
4.049999952316284,18.851936,0.07565735,0.29970092
4.06000018119812,18.951935,0.07606158,0.29848012
4.069999933242798,19.099936,0.076533176,0.29603857
4.080000162124634,19.223934,0.07707214,0.293597
4.0899999141693115,19.347935,0.07761111,0.29115546
4.1000001430511475,19.507933,0.07828481,0.2887139
4.109999895095825,19.711933,0.07895852,0.2838308
4.120000123977661,19.891933,0.07949749,0.28138924
4.129999876022339,20.003931,0.07976697,0.28138924
4.140000104904175,20.047932,0.07976697,0.28138924
4.1499998569488525,20.055931,0.07976697,0.2838308
4.1600000858306885,20.023932,0.07983434,0.2838308
4.169999837875366,19.999931,0.07983434,0.28505158
4.180000066757202,20.01593,0.07983434,0.28627235
4.18999981880188,20.027933,0.07983434,0.28749314
4.200000047683716,20.019932,0.07983434,0.2887139
4.2099997997283936,20.019932,0.07983434,0.2899347
4.2200000286102295,20.01593,0.07990171,0.2899347
4.229999780654907,19.963932,0.07990171,0.29115546
4.240000009536743,19.963932,0.079969086,0.29237625
4.249999761581421,19.975931,0.079969086,0.293597
4.259999990463257,19.991932,0.080036454,0.293597
4.270000219345093,20.019932,0.080036454,0.2948178
4.2799999713897705,20.031933,0.08010382,0.29603857
4.2900002002716064,20.01593,0.0801712,0.29725936
4.299999952316284,20.023932,0.080238566,0.29725936
4.31000018119812,20.03593,0.080238566,0.29848012
4.319999933242798,20.063932,0.080305934,0.29970092
4.330000162124634,20.055931,0.08037331,0.29970092
4.3399999141693115,20.043932,0.080508046,0.29970092
4.3500001430511475,20.087933,0.08057542,0.30092168
4.359999895095825,20.135931,0.080710165,0.30092168
4.370000123977661,20.159931,0.08091228,0.30092168
4.379999876022339,20.207932,0.08104701,0.30092168
4.390000104904175,20.243933,0.081249125,0.30092168
4.3999998569488525,20.315931,0.081451245,0.30092168
4.4100000858306885,20.363932,0.08178809,0.29970092
4.419999837875366,20.46393,0.08219232,0.29848012
4.430000066757202,20.61593,0.08266391,0.29603857
4.43999981880188,20.74793,0.083202876,0.293597
4.450000047683716,20.88793,0.08380921,0.2899347
4.4599997997283936,21.09993,0.08455029,0.28627235
4.4700000286102295,21.331928,0.08549349,0.28138924
4.479999780654907,21.559927,0.08630193,0.27650613
4.490000009536743,21.759926,0.0868409,0.27406457
4.499999761581421,21.879925,0.08717775,0.27162302
4.509999990463257,21.935926,0.08744723,0.27162302
4.520000219345093,22.007925,0.08771672,0.27040225
4.5299999713897705,22.083925,0.0879862,0.27040225
4.5400002002716064,22.171923,0.08825569,0.26918146
4.549999952316284,22.255924,0.08872728,0.2679607
4.56000018119812,22.367924,0.08919888,0.26551914
4.569999933242798,22.515924,0.0896031,0.26429835
4.580000162124634,22.583923,0.09000733,0.2618568
4.5899999141693115,22.679922,0.09047892,0.26063603
4.6000001430511475,22.819921,0.09095051,0.25819448
4.609999895095825,22.971922,0.09142211,0.25575292
4.620000123977661,23.04792,0.09162422,0.25575292
4.629999876022339,23.059921,0.09162422,0.25697368
4.640000104904175,23.051922,0.09169159,0.25697368
4.6499998569488525,23.051922,0.09175897,0.25819448
4.6600000858306885,23.04792,0.09175897,0.25941524
4.669999837875366,23.039923,0.09175897,0.26063603
4.680000066757202,23.063921,0.09175897,0.2618568
4.68999981880188,23.035921,0.09175897,0.2618568
4.700000047683716,23.01192,0.09175897,0.26429835
4.7099997997283936,23.023922,0.09175897,0.26429835
4.7200000286102295,23.019922,0.091826335,0.26551914
4.729999780654907,23.01192,0.0918937,0.26551914
4.740000009536743,23.01192,0.0918937,0.2679607
4.749999761581421,23.023922,0.0918937,0.2679607
4.759999990463257,23.015923,0.0918937,0.27040225
4.770000219345093,22.971922,0.0918937,0.27040225
4.7799999713897705,23.007921,0.09196108,0.27162302
4.7900002002716064,23.035921,0.09196108,0.2728438
4.799999952316284,23.003923,0.09202845,0.27406457
4.81000018119812,23.003923,0.09202845,0.27406457
4.819999933242798,22.995922,0.09202845,0.27528536
4.830000162124634,22.98792,0.092095815,0.27650613
4.8399999141693115,22.96792,0.092095815,0.27772692
4.8500001430511475,22.999922,0.09216319,0.27772692
4.859999895095825,23.003923,0.09216319,0.28016847
4.870000123977661,23.015923,0.09216319,0.28016847
4.879999876022339,22.99192,0.09223056,0.28138924
4.890000104904175,23.023922,0.09229793,0.28138924
4.8999998569488525,23.027922,0.0923653,0.28261003
4.9100000858306885,23.007921,0.0923653,0.2838308
4.919999837875366,23.003923,0.0923653,0.28505158
4.930000066757202,23.035921,0.09243267,0.28505158
4.93999981880188,23.019922,0.09243267,0.28627235
4.950000047683716,23.023922,0.092500046,0.28749314
4.9599997997283936,23.035921,0.092500046,0.2887139
4.9700000286102295,23.035921,0.092567414,0.2899347
4.979999780654907,23.039923,0.09263478,0.2899347
4.990000009536743,23.043922,0.09270216,0.29115546
4.999999761581421,23.07192,0.092836894,0.29115546
5.009999990463257,23.107922,0.09297164,0.29115546
5.020000219345093,23.12392,0.09310638,0.29115546
5.0299999713897705,23.191921,0.093241125,0.29115546
5.0400002002716064,23.231922,0.09344324,0.29115546
5.049999952316284,23.25192,0.09357797,0.29115546
5.06000018119812,23.27592,0.09384746,0.29115546
5.069999933242798,23.39992,0.09418431,0.2899347
5.080000162124634,23.51992,0.0946559,0.28749314
5.0899999141693115,23.64392,0.095262244,0.2838308
5.1000001430511475,23.83992,0.09593595,0.28138924
5.109999895095825,24.043919,0.09654229,0.27772692
5.120000123977661,24.179918,0.09714863,0.27528536
5.129999876022339,24.339918,0.09775496,0.27162302
5.140000104904175,24.503916,0.098226555,0.27040225
5.1499998569488525,24.603916,0.098496035,0.26918146
5.1600000858306885,24.607916,0.09856341,0.27040225
5.169999837875366,24.623917,0.09863078,0.27040225
5.180000066757202,24.623917,0.09863078,0.27162302
5.18999981880188,24.619915,0.09863078,0.2728438
5.200000047683716,24.647917,0.09876552,0.2728438
5.2099997997283936,24.675915,0.09890026,0.2728438
5.2200000286102295,24.703917,0.098967634,0.27406457
5.229999780654907,24.691917,0.099035,0.27406457
5.240000009536743,24.679914,0.099035,0.27528536
5.249999761581421,24.703917,0.09910237,0.27650613
5.259999990463257,24.683916,0.099169746,0.27650613
5.270000219345093,24.703917,0.099237114,0.27772692
5.2799999713897705,24.731916,0.099237114,0.27894768
5.2900002002716064,24.739916,0.09930449,0.28016847
5.299999952316284,24.743916,0.099439226,0.28016847
5.31000018119812,24.747917,0.09957397,0.28016847
5.319999933242798,24.811914,0.09970871,0.28016847
5.330000162124634,24.867916,0.09997819,0.28016847
5.3399999141693115,24.939915,0.10031505,0.27772692
5.3500001430511475,25.031914,0.100651905,0.27772692
5.359999895095825,25.139915,0.10105613,0.27528536
5.370000123977661,25.247913,0.10146035,0.27406457
5.379999876022339,25.351915,0.10186458,0.2728438
5.390000104904175,25.459913,0.10213406,0.27162302
5.3999998569488525,25.511911,0.10240354,0.27162302
5.4100000858306885,25.535913,0.10260565,0.27040225
5.419999837875366,25.587914,0.10274039,0.27040225
5.430000066757202,25.659912,0.102942504,0.27040225
5.43999981880188,25.703913,0.10307725,0.27040225
5.450000047683716,25.719913,0.10327936,0.27040225
5.4599997997283936,25.767912,0.1034141,0.27040225
5.4700000286102295,25.78391,0.10354885,0.27040225
5.479999780654907,25.811913,0.103616215,0.27162302
5.490000009536743,25.835913,0.10375096,0.27162302
5.499999761581421,25.871912,0.10381833,0.2728438
5.509999990463257,25.867912,0.10381833,0.27406457
5.520000219345093,25.839912,0.10381833,0.27528536
5.5299999713897705,25.855913,0.103885695,0.27528536
5.5400002002716064,25.855913,0.103885695,0.27650613
5.549999952316284,25.851912,0.103885695,0.27772692
5.56000018119812,25.86391,0.10395307,0.27894768
5.569999933242798,25.86391,0.10395307,0.28016847
5.580000162124634,25.835913,0.10395307,0.28138924
5.5899999141693115,25.803911,0.10395307,0.28138924
5.6000001430511475,25.819914,0.10402044,0.28261003
5.609999895095825,25.859913,0.104087815,0.2838308
5.620000123977661,25.859913,0.10415518,0.2838308
5.629999876022339,25.86391,0.10415518,0.28505158
5.640000104904175,25.879913,0.10415518,0.28627235
5.6499998569488525,25.835913,0.10415518,0.28749314
5.6600000858306885,25.80791,0.10422255,0.28749314
5.669999837875366,25.827911,0.10428993,0.2887139
5.680000066757202,25.903912,0.104357295,0.2899347
5.68999981880188,25.915913,0.10449204,0.2899347
5.700000047683716,25.911913,0.104626775,0.2899347
5.7099997997283936,25.923912,0.10469415,0.29115546
5.7200000286102295,25.971912,0.10476152,0.29115546
5.729999780654907,25.963911,0.104828894,0.29237625
5.740000009536743,25.975912,0.10489626,0.29237625
5.749999761581421,26.011911,0.10496363,0.293597
5.759999990463257,26.011911,0.105031006,0.293597
5.770000219345093,25.99991,0.105098374,0.2948178
5.7799999713897705,26.015911,0.105098374,0.29603857
5.7900002002716064,26.031912,0.10516574,0.29725936
5.799999952316284,26.051912,0.10523312,0.29725936
5.81000018119812,26.063911,0.105300486,0.29848012
5.819999933242798,26.083912,0.105367854,0.29848012
5.830000162124634,26.05591,0.10543523,0.29970092
5.8399999141693115,26.05591,0.1055026,0.29970092
5.8500001430511475,26.091911,0.10563734,0.29970092
5.859999895095825,26.17991,0.10583945,0.29970092
5.870000123977661,26.207912,0.106041566,0.29970092
5.879999876022339,26.227911,0.1061763,0.29970092
5.890000104904175,26.29191,0.106311046,0.29970092
5.8999998569488525,26.33991,0.10651316,0.29970092
5.9100000858306885,26.379911,0.10685001,0.29848012
5.919999837875366,26.50791,0.10725424,0.29725936
5.930000066757202,26.65591,0.10772583,0.2948178
5.93999981880188,26.755907,0.10819743,0.293597
5.950000047683716,26.855907,0.10860165,0.29115546
5.9599997997283936,26.979908,0.10887114,0.29115546
5.9700000286102295,27.03991,0.109005876,0.29115546
5.979999780654907,27.087908,0.10927536,0.2899347
5.990000009536743,27.135908,0.10961222,0.2887139
5.999999761581421,27.223907,0.1098817,0.2887139
6.009999990463257,27.279905,0.11008381,0.28749314
6.020000219345093,27.303907,0.11015118,0.2887139
6.0299999713897705,27.339907,0.11015118,0.2899347
6.0400002002716064,27.347908,0.11021855,0.2899347
6.049999952316284,27.347908,0.110285915,0.29115546
6.06000018119812,27.311907,0.110285915,0.29237625
6.069999933242798,27.319906,0.11035329,0.293597
6.080000162124634,27.315908,0.11035329,0.293597
6.0899999141693115,27.347908,0.11048803,0.2948178
6.1000001430511475,27.375906,0.11048803,0.2948178
6.109999895095825,27.367907,0.11048803,0.29725936
6.120000123977661,27.339907,0.1105554,0.29725936
6.129999876022339,27.335909,0.11062277,0.29848012
6.140000104904175,27.371908,0.11062277,0.29970092
6.1499998569488525,27.387907,0.11069014,0.29970092
6.1600000858306885,27.379906,0.110757515,0.30092168
6.169999837875366,27.375906,0.110757515,0.30214247
6.180000066757202,27.387907,0.11089225,0.30214247
6.18999981880188,27.375906,0.11095963,0.30336323
6.200000047683716,27.411907,0.11109437,0.30336323
6.2099997997283936,27.499907,0.11129648,0.30336323
6.2200000286102295,27.551905,0.111498594,0.30214247
6.229999780654907,27.587908,0.111700706,0.30214247
6.240000009536743,27.607906,0.11190282,0.30214247
6.249999761581421,27.663906,0.11203756,0.30214247
6.259999990463257,27.695906,0.1121723,0.30214247
6.270000219345093,27.723907,0.11237442,0.30214247
6.2799999713897705,27.787905,0.112509154,0.30214247
6.2900002002716064,27.847904,0.112711266,0.30214247
6.299999952316284,27.899904,0.11298075,0.30092168
6.31000018119812,27.983904,0.11338498,0.29970092
6.319999933242798,28.131905,0.113923945,0.29725936
6.330000162124634,28.271902,0.11439554,0.2948178
6.3399999141693115,28.371902,0.11486713,0.293597
6.3500001430511475,28.507902,0.11527135,0.29115546
6.359999895095825,28.655903,0.11581032,0.2899347
6.370000123977661,28.783901,0.11634929,0.28627235
6.379999876022339,28.923903,0.11682089,0.2838308
6.390000104904175,28.9999,0.11695562,0.2838308
6.3999998569488525,29.023903,0.11695562,0.28505158
6.4100000858306885,29.019901,0.117023,0.28627235
6.419999837875366,29.003902,0.117023,0.28749314
6.430000066757202,29.019901,0.11709037,0.28749314
6.43999981880188,29.0079,0.11709037,0.2887139
6.450000047683716,28.995901,0.11715774,0.2899347
6.4599997997283936,29.0319,0.11715774,0.29115546
6.4700000286102295,28.9999,0.11715774,0.29237625
6.479999780654907,28.995901,0.11729248,0.29237625
6.490000009536743,29.023903,0.117359854,0.293597
6.499999761581421,29.0559,0.11742722,0.293597
6.509999990463257,29.0479,0.11742722,0.2948178
6.520000219345093,29.0079,0.117561966,0.2948178
6.5299999713897705,29.071901,0.117629334,0.29603857
6.5400002002716064,29.083902,0.117629334,0.29725936
6.549999952316284,29.0799,0.117629334,0.29848012
6.56000018119812,29.075901,0.1176967,0.29848012
6.569999933242798,29.103903,0.11776408,0.29970092
6.580000162124634,29.103903,0.11796619,0.29970092
6.5899999141693115,29.1479,0.118168294,0.29970092
6.6000001430511475,29.2159,0.118437774,0.29848012
6.609999895095825,29.3159,0.118842006,0.29725936
6.620000123977661,29.4519,0.11938097,0.2948178
6.629999876022339,29.647898,0.12012205,0.2899347
6.640000104904175,29.907898,0.12119998,0.2838308
6.6499998569488525,30.247898,0.12241265,0.27650613
6.6600000858306885,30.587896,0.1236927,0.26918146
6.669999837875366,30.875895,0.1246359,0.2630776
6.680000066757202,31.107893,0.12517485,0.26063603
6.68999981880188,31.179895,0.12544434,0.26063603
6.700000047683716,31.243893,0.12571381,0.26063603
6.7099997997283936,31.327894,0.1257812,0.26063603
6.7200000286102295,31.299892,0.12584856,0.26063603
6.729999780654907,31.283894,0.12591594,0.2618568
6.740000009536743,31.279892,0.1259833,0.2618568
6.749999761581421,31.323893,0.12611805,0.2618568
6.759999990463257,31.347893,0.12618542,0.2630776
6.770000219345093,31.327894,0.12625279,0.26429835
6.7799999713897705,31.371893,0.12638752,0.26429835
6.7900002002716064,31.415892,0.12658964,0.26429835
6.799999952316284,31.431894,0.12679175,0.2630776
6.81000018119812,31.443893,0.12685913,0.26429835
6.819999933242798,31.463892,0.12685913,0.26551914
6.830000162124634,31.463892,0.1269265,0.26551914
6.8399999141693115,31.471893,0.12706123,0.26551914
6.8500001430511475,31.491894,0.12719598,0.2667399
6.859999895095825,31.559893,0.12746546,0.26551914
6.870000123977661,31.647894,0.12786968,0.26429835
6.879999876022339,31.76789,0.12834127,0.2618568
6.890000104904175,31.92789,0.1287455,0.26063603
6.8999998569488525,32.02389,0.12914972,0.25819448
6.9100000858306885,32.06789,0.12935184,0.25819448
6.919999837875366,32.10389,0.12941921,0.25941524
6.930000066757202,32.08389,0.12941921,0.26063603
6.93999981880188,32.07989,0.12948659,0.26063603
6.950000047683716,32.091892,0.12948659,0.2618568
6.9599997997283936,32.10389,0.12948659,0.2630776
6.9700000286102295,32.09989,0.12948659,0.26429835
6.979999780654907,32.05989,0.12948659,0.26551914
6.990000009536743,32.02389,0.12948659,0.2667399
6.999999761581421,32.05189,0.12955394,0.2679607
7.009999990463257,32.055893,0.12955394,0.2679607
7.020000219345093,32.02789,0.12955394,0.27040225
7.0299999713897705,32.03989,0.12962133,0.27040225
7.0400002002716064,32.06789,0.12962133,0.27162302
7.049999952316284,32.035892,0.1296887,0.27162302
7.06000018119812,32.02789,0.1296887,0.27406457
7.069999933242798,32.04389,0.1296887,0.27406457
7.080000162124634,32.02789,0.1296887,0.27528536
7.0899999141693115,32.007893,0.1296887,0.27650613
7.1000001430511475,32.015892,0.12975606,0.27772692
7.109999895095825,32.01989,0.12975606,0.27894768
7.120000123977661,32.01189,0.12975606,0.28016847
7.129999876022339,32.007893,0.12975606,0.28138924
7.140000104904175,32.02789,0.12982343,0.28138924
7.1499998569488525,31.99989,0.12982343,0.28261003
7.1600000858306885,31.96389,0.12982343,0.2838308
7.169999837875366,31.967892,0.12982343,0.28505158
7.180000066757202,32.00389,0.12989081,0.28505158
7.18999981880188,31.991892,0.12989081,0.28749314
7.200000047683716,31.995892,0.13002555,0.28749314
7.2099997997283936,32.01189,0.13002555,0.2887139
7.2200000286102295,32.02789,0.13009292,0.2887139
7.229999780654907,32.02389,0.1301603,0.2899347
7.240000009536743,32.01189,0.13022766,0.2899347
7.249999761581421,32.06789,0.13022766,0.29115546
7.259999990463257,32.02389,0.13029504,0.29237625
7.270000219345093,32.007893,0.1303624,0.293597
7.2799999713897705,32.063892,0.1303624,0.293597
7.2900002002716064,32.07189,0.13042977,0.2948178
7.299999952316284,32.08389,0.13049714,0.2948178
7.31000018119812,32.111893,0.13063188,0.29603857
7.319999933242798,32.15589,0.13076663,0.29603857
7.330000162124634,32.175888,0.1310361,0.29603857
7.3399999141693115,32.21989,0.13130559,0.2948178
7.3500001430511475,32.34389,0.13170981,0.293597
7.359999895095825,32.51589,0.13224879,0.2899347
7.370000123977661,32.64789,0.13285512,0.28749314
7.379999876022339,32.81989,0.13352883,0.2838308
7.390000104904175,33.039886,0.13440466,0.27894768
7.3999998569488525,33.283886,0.13534784,0.27406457
7.4100000858306885,33.539886,0.13629103,0.2679607
7.419999837875366,33.751884,0.13676263,0.26551914
7.430000066757202,33.843884,0.13689737,0.26551914
7.43999981880188,33.831886,0.13689737,0.2679607
7.450000047683716,33.807884,0.13689737,0.2679607
7.4599997997283936,33.811886,0.13689737,0.27040225
7.4700000286102295,33.791885,0.13689737,0.27040225
7.479999780654907,33.779884,0.13689737,0.27162302
7.490000009536743,33.767883,0.13689737,0.2728438
7.499999761581421,33.767883,0.13689737,0.27406457
7.509999990463257,33.743885,0.13689737,0.27528536
7.520000219345093,33.715885,0.13689737,0.27650613
7.5299999713897705,33.723885,0.13689737,0.27772692
7.5400002002716064,33.719887,0.13689737,0.27894768
7.549999952316284,33.715885,0.13689737,0.28016847
7.56000018119812,33.703884,0.13689737,0.28138924
7.569999933242798,33.711884,0.13689737,0.28261003
7.580000162124634,33.679886,0.13689737,0.2838308
7.5899999141693115,33.659885,0.13689737,0.28505158
7.6000001430511475,33.663887,0.13689737,0.28505158
7.609999895095825,33.659885,0.13689737,0.28749314
7.620000123977661,33.639885,0.13689737,0.28749314
7.629999876022339,33.627888,0.13696474,0.2887139
7.640000104904175,33.64789,0.13696474,0.2899347
7.6499998569488525,33.663887,0.1370321,0.29115546
7.6600000858306885,33.635883,0.1370321,0.29115546
7.669999837875366,33.631886,0.1370321,0.293597
7.680000066757202,33.635883,0.13709947,0.293597
7.68999981880188,33.639885,0.13709947,0.2948178
7.700000047683716,33.615887,0.13709947,0.29603857
7.7099997997283936,33.639885,0.13709947,0.29725936
7.7200000286102295,33.655884,0.13716686,0.29725936
7.729999780654907,33.635883,0.13716686,0.29970092
7.740000009536743,33.615887,0.13723421,0.29970092
7.749999761581421,33.64789,0.13723421,0.30092168
7.759999990463257,33.619884,0.1373016,0.30092168
7.770000219345093,33.64789,0.13743633,0.30092168
7.7799999713897705,33.711884,0.13763843,0.30214247
7.7900002002716064,33.743885,0.13777319,0.30092168
7.799999952316284,33.787884,0.13804266,0.30092168
7.81000018119812,33.859886,0.13837953,0.29970092
7.819999933242798,34.015884,0.13885112,0.29725936
7.830000162124634,34.179882,0.13952483,0.2948178
7.8399999141693115,34.33988,0.14019853,0.29115546
7.8500001430511475,34.53588,0.14080486,0.28749314
7.859999895095825,34.711884,0.14147857,0.28505158
7.869999647140503,34.851883,0.14201754,0.28138924
7.879999876022339,34.963882,0.14228703,0.28138924
7.890000104904175,35.03588,0.14242177,0.28138924
7.900000333786011,35.075882,0.14248915,0.28138924
7.90999960899353,35.07188,0.1425565,0.28261003
7.919999837875366,35.04388,0.1425565,0.2838308
7.930000066757202,35.05188,0.1425565,0.28505158
7.940000295639038,35.027878,0.14262389,0.28505158
7.949999570846558,35.019882,0.14262389,0.28627235
7.9599997997283936,35.05188,0.14262389,0.28749314
7.9700000286102295,35.05988,0.14269125,0.2887139
7.980000257492065,35.03188,0.14269125,0.2899347
7.989999532699585,35.027878,0.14269125,0.29115546
7.999999761581421,35.03588,0.14269125,0.29115546
8.009999990463257,35.00788,0.14275862,0.29237625
8.020000219345093,35.00388,0.14275862,0.293597
8.030000448226929,35.01188,0.14282599,0.2948178
8.039999723434448,35.04388,0.14289337,0.2948178
8.049999952316284,35.019882,0.14289337,0.29603857
8.06000018119812,35.01588,0.14296073,0.29725936
8.070000410079956,35.05588,0.14302811,0.29725936
8.079999685287476,35.09988,0.14316285,0.29725936
8.089999914169312,35.07988,0.14323021,0.29848012
8.100000143051147,35.08388,0.1432976,0.29970092
8.110000371932983,35.11988,0.14343233,0.29970092
8.119999647140503,35.13988,0.1434997,0.29970092
8.129999876022339,35.16788,0.14370182,0.29970092
8.140000104904175,35.21988,0.14383656,0.29970092
8.15000033378601,35.28788,0.14403866,0.29970092
8.15999960899353,35.29588,0.14417341,0.29970092
8.169999837875366,35.34788,0.14437552,0.29970092
8.180000066757202,35.423878,0.14464499,0.29970092
8.190000295639038,35.47188,0.14498186,0.29725936
8.199999570846558,35.54788,0.14538608,0.29603857
8.209999799728394,35.68388,0.14572293,0.2948178
8.22000002861023,35.79588,0.14612715,0.293597
8.230000257492065,35.911877,0.14659876,0.29115546
8.239999532699585,36.015877,0.14700298,0.2899347
8.249999761581421,36.147877,0.14733984,0.2887139
8.259999990463257,36.259876,0.14781144,0.28627235
8.270000219345093,36.315876,0.14814828,0.28505158
8.280000448226929,36.371876,0.14835039,0.28505158
8.289999723434448,36.451874,0.14841777,0.28505158
8.299999952316284,36.459877,0.14848512,0.28627235
8.31000018119812,36.455875,0.14861988,0.28627235
8.320000410079956,36.491875,0.14868724,0.28749314
8.329999685287476,36.515877,0.148822,0.28749314
8.339999914169312,36.503876,0.14888935,0.28749314
8.350000143051147,36.511875,0.14895673,0.2887139
8.360000371932983,36.531876,0.14895673,0.2899347
8.369999647140503,36.507874,0.14895673,0.29115546
8.379999876022339,36.499878,0.1490241,0.29237625
8.390000104904175,36.507874,0.1490241,0.293597
8.40000033378601,36.531876,0.14909147,0.293597
8.40999960899353,36.515877,0.14909147,0.2948178
8.419999837875366,36.503876,0.14915884,0.2948178
8.430000066757202,36.571877,0.14929359,0.29603857
8.440000295639038,36.579876,0.14942832,0.29603857
8.449999570846558,36.547874,0.14942832,0.29725936
8.459999799728394,36.583874,0.14956306,0.29725936
8.47000002861023,36.639874,0.14976518,0.29725936
8.480000257492065,36.667873,0.14996728,0.29725936
8.489999532699585,36.687874,0.15010203,0.29725936
8.499999761581421,36.771877,0.1503715,0.29603857
8.509999990463257,36.871876,0.15070838,0.2948178
8.520000219345093,36.967876,0.1511126,0.293597
8.530000448226929,37.043873,0.15151682,0.29115546
8.539999723434448,37.183872,0.15198842,0.2899347
8.549999952316284,37.311874,0.15246001,0.28749314
8.56000018119812,37.451874,0.15299897,0.28505158
8.570000410079956,37.62387,0.15353794,0.28261003
8.579999685287476,37.79587,0.15414429,0.28016847
8.589999914169312,37.91587,0.154818,0.27528536
8.600000143051147,38.115868,0.15535696,0.27406457
8.610000371932983,38.22787,0.15576118,0.27162302
8.619999647140503,38.30387,0.15609804,0.27040225
8.629999876022339,38.36387,0.15636751,0.27040225
8.640000104904175,38.435867,0.15656962,0.27040225
8.65000033378601,38.527866,0.1568391,0.26918146
8.65999960899353,38.59187,0.15724333,0.2679607
8.669999837875366,38.671867,0.1575802,0.2667399
8.680000066757202,38.775867,0.15791704,0.26551914
8.690000295639038,38.859867,0.15818653,0.26429835
8.699999570846558,38.887867,0.15838864,0.26429835
8.709999799728394,38.903866,0.158456,0.26429835
8.72000002861023,38.93987,0.15852338,0.26551914
8.730000257492065,38.963867,0.15865812,0.26551914
8.739999532699585,38.963867,0.15879287,0.26551914
8.749999761581421,38.999866,0.15886024,0.2667399
8.759999990463257,38.995865,0.1589276,0.2667399
8.770000219345093,38.98787,0.1589276,0.2679607
8.780000448226929,38.983868,0.1589276,0.26918146
8.789999723434448,38.983868,0.1589276,0.27040225
8.799999952316284,38.963867,0.15899497,0.27162302
8.81000018119812,38.93987,0.15899497,0.2728438
8.820000410079956,38.97587,0.15899497,0.27406457
8.829999685287476,38.971867,0.15906236,0.27406457
8.839999914169312,38.959866,0.15906236,0.27528536
8.850000143051147,38.96787,0.15912971,0.27650613
8.860000371932983,38.98787,0.15919709,0.27650613
8.869999647140503,38.97587,0.15926446,0.27772692
8.879999876022339,38.971867,0.1593992,0.27772692
8.890000104904175,38.98787,0.15953393,0.27772692
8.90000033378601,39.055866,0.15966868,0.27772692
8.90999960899353,39.083866,0.1598708,0.27772692
8.919999837875366,39.171867,0.16020764,0.27772692
8.930000066757202,39.271866,0.1605445,0.27528536
8.940000295639038,39.32787,0.16081397,0.27528536
8.949999570846558,39.367867,0.16101609,0.27528536
8.959999799728394,39.399868,0.16108346,0.27528536
8.97000002861023,39.423866,0.16115084,0.27528536
8.980000257492065,39.467865,0.16128558,0.27650613
8.989999532699585,39.495865,0.16135295,0.27650613
8.999999761581421,39.511868,0.16135295,0.27772692
9.009999990463257,39.511868,0.16142032,0.27894768
9.020000219345093,39.463867,0.16148768,0.28016847
9.030000448226929,39.48786,0.16162243,0.28016847
9.039999723434448,39.547863,0.16182455,0.28016847
9.049999952316284,39.571865,0.16189191,0.28016847
9.06000018119812,39.567863,0.16202666,0.28016847
9.070000410079956,39.607864,0.16209403,0.28138924
9.079999685287476,39.643864,0.1621614,0.28138924
9.089999914169312,39.647865,0.16222878,0.28261003
9.100000143051147,39.655865,0.16236351,0.28261003
9.110000371932983,39.707863,0.16243088,0.2838308
9.119999647140503,39.691868,0.16256562,0.2838308
9.129999876022339,39.679863,0.162633,0.2838308
9.140000104904175,39.731865,0.16290247,0.2838308
9.15000033378601,39.807865,0.16317196,0.2838308
9.15999960899353,39.867863,0.16337407,0.28261003
9.169999837875366,39.943867,0.16364355,0.28138924
9.180000066757202,40.047863,0.16398041,0.28016847
9.190000295639038,40.103867,0.16431727,0.28016847
9.199999570846558,40.159863,0.16458675,0.27894768
9.209999799728394,40.23186,0.16478886,0.27894768
9.22000002861023,40.28386,0.1649236,0.27894768
9.230000257492065,40.339863,0.16512571,0.27894768
9.239999532699585,40.359863,0.16532782,0.27772692
9.249999761581421,40.41986,0.16546255,0.27894768
9.259999990463257,40.46386,0.16566467,0.27772692
9.270000219345093,40.507862,0.16593416,0.27772692
9.280000448226929,40.60386,0.16633838,0.27528536
9.289999723434448,40.743862,0.16680998,0.27406457
9.299999952316284,40.839863,0.16734895,0.27162302
9.31000018119812,40.95986,0.1676858,0.27040225
9.320000410079956,41.06786,0.1679553,0.26918146
9.329999685287476,41.099857,0.16809003,0.26918146
9.339999914169312,41.10386,0.16809003,0.27040225
9.350000143051147,41.07186,0.16809003,0.27162302
9.360000371932983,41.09586,0.16809003,0.2728438
9.369999647140503,41.06786,0.16809003,0.27406457
9.379999876022339,41.03186,0.16809003,0.27528536
9.390000104904175,41.03586,0.16809003,0.27650613
9.40000033378601,41.03186,0.16809003,0.27772692
9.40999960899353,41.04386,0.16809003,0.27894768
9.419999837875366,41.00386,0.16809003,0.28016847
9.430000066757202,41.01586,0.16809003,0.28138924
9.440000295639038,41.00786,0.1681574,0.28138924
9.449999570846558,40.99586,0.16822477,0.28261003
9.459999799728394,41.00786,0.16822477,0.2838308
9.47000002861023,40.99586,0.16822477,0.28505158
9.480000257492065,40.98386,0.16829214,0.28505158
9.489999532699585,40.96386,0.16829214,0.28627235
9.499999761581421,40.99586,0.16829214,0.28749314
9.509999990463257,41.02386,0.1683595,0.2887139
9.520000219345093,41.00386,0.1683595,0.2899347
9.530000448226929,41.01186,0.16842687,0.2899347
9.539999723434448,41.00786,0.16849424,0.29115546
9.549999952316284,40.991863,0.16856162,0.29115546
9.56000018119812,41.01186,0.16869636,0.29115546
9.570000410079956,41.05186,0.16876373,0.29237625
9.579999685287476,41.10786,0.16876373,0.293597
9.589999914169312,41.09186,0.16883111,0.2948178
9.600000143051147,41.09586,0.16896585,0.2948178
9.610000371932983,41.119858,0.16910058,0.2948178
9.619999647140503,41.131863,0.16916795,0.2948178
9.629999876022339,41.11586,0.16930269,0.29603857
9.640000104904175,41.19186,0.1695048,0.2948178
9.65000033378601,41.25586,0.16970691,0.2948178
9.65999960899353,41.29986,0.17004378,0.293597
9.669999837875366,41.40786,0.17038062,0.29237625
9.680000066757202,41.51986,0.17078485,0.29115546
9.690000295639038,41.627857,0.17112172,0.2899347
9.699999570846558,41.65986,0.17132382,0.2899347
9.709999799728394,41.73586,0.17152594,0.2899347
9.72000002861023,41.803856,0.17172804,0.2899347
9.730000257492065,41.855854,0.1720649,0.2887139
9.739999532699585,41.895855,0.17240176,0.28749314
9.749999761581421,42.063858,0.17287335,0.28505158
9.759999990463257,42.215855,0.17334494,0.28261003
9.770000219345093,42.279858,0.17361443,0.28261003
9.780000448226929,42.307854,0.1736818,0.28261003
9.789999723434448,42.331856,0.1736818,0.2838308
9.799999952316284,42.315857,0.17374916,0.28505158
9.81000018119812,42.295856,0.17374916,0.28505158
9.820000410079956,42.295856,0.17374916,0.28749314
9.829999685287476,42.315857,0.17381653,0.28749314
9.839999914169312,42.307854,0.17381653,0.2887139
9.850000143051147,42.275856,0.17381653,0.2899347
9.860000371932983,42.29986,0.17381653,0.29115546
9.869999647140503,42.267853,0.17381653,0.29237625
9.879999876022339,42.255856,0.17388391,0.29237625
9.890000104904175,42.27186,0.17388391,0.293597
9.90000033378601,42.279858,0.17395127,0.2948178
9.90999960899353,42.275856,0.17401865,0.2948178
9.919999837875366,42.275856,0.17401865,0.29603857
9.930000066757202,42.287853,0.17401865,0.29725936
9.940000295639038,42.287853,0.17408602,0.29848012
9.949999570846558,42.295856,0.17422076,0.29848012
9.959999799728394,42.311855,0.17442288,0.29848012
9.97000002861023,42.387856,0.17455763,0.29848012
9.980000257492065,42.395855,0.17462498,0.29970092
9.989999532699585,42.415855,0.17489447,0.29970092
9.999999761581421,42.499855,0.17516395,0.29848012
10.009999990463257,42.603855,0.17543344,0.29725936
10.020000219345093,42.65185,0.17570291,0.29603857
10.030000448226929,42.731853,0.17610714,0.2948178
10.039999723434448,42.847855,0.17657873,0.293597
10.049999952316284,43.003853,0.1771177,0.2899347
10.06000018119812,43.135857,0.17765667,0.28749314
10.070000410079956,43.287853,0.17806089,0.28505158
10.079999685287476,43.411854,0.17846511,0.2838308
10.089999914169312,43.48785,0.17886934,0.28261003
10.100000143051147,43.56385,0.1792062,0.28138924
10.110000371932983,43.659855,0.17934094,0.28138924
10.119999647140503,43.671852,0.17940831,0.28261003
10.129999876022339,43.65585,0.17940831,0.2838308
10.140000104904175,43.65185,0.17940831,0.28505158
10.15000033378601,43.65585,0.17947568,0.28505158
10.15999960899353,43.63185,0.17947568,0.28627235
10.169999837875366,43.62385,0.17947568,0.28749314
10.180000066757202,43.63185,0.17947568,0.2887139
10.190000295639038,43.659855,0.17954305,0.2899347
10.199999570846558,43.63585,0.17954305,0.29115546
10.209999799728394,43.62385,0.17954305,0.29115546
10.22000002861023,43.61185,0.17954305,0.293597
10.230000257492065,43.599854,0.17961043,0.293597
10.239999532699585,43.559853,0.17961043,0.2948178
10.249999761581421,43.60785,0.17961043,0.29603857
10.259999990463257,43.60385,0.17961043,0.29725936
10.270000219345093,43.58785,0.17961043,0.29848012
10.280000448226929,43.56785,0.1796778,0.29848012
10.289999723434448,43.58785,0.17974517,0.29970092
10.299999952316284,43.579853,0.17974517,0.30092168
10.31000018119812,43.591854,0.17981254,0.30092168
10.320000410079956,43.599854,0.17987992,0.30214247
10.329999685287476,43.63185,0.17994727,0.30336323
10.339999914169312,43.615852,0.18001465,0.30336323
10.350000143051147,43.62385,0.18001465,0.30458403
10.360000371932983,43.66785,0.18008202,0.3058048
10.369999647140503,43.64785,0.18014939,0.3058048
10.379999876022339,43.639854,0.18021676,0.30702558
10.390000104904175,43.643852,0.18021676,0.30824634
10.40000033378601,43.643852,0.18028413,0.30824634
10.40999960899353,43.67585,0.1803515,0.30946714
10.419999837875366,43.663853,0.1803515,0.3106879
10.430000066757202,43.69585,0.18041886,0.3106879
10.440000295639038,43.683853,0.18041886,0.3119087
10.449999570846558,43.659855,0.18048625,0.31312945
10.459999799728394,43.663853,0.18048625,0.31435025
10.47000002861023,43.683853,0.1805536,0.31435025
10.480000257492065,43.683853,0.18062098,0.315571
10.489999532699585,43.67585,0.18068835,0.315571
10.499999761581421,43.70785,0.18075572,0.3167918
10.509999990463257,43.731853,0.18089047,0.3167918
10.520000219345093,43.74785,0.18095784,0.31801257
10.530000448226929,43.771854,0.1810252,0.31801257
10.539999723434448,43.79985,0.18109258,0.31923336
10.549999952316284,43.819847,0.18122731,0.31923336
10.56000018119812,43.819847,0.18142943,0.31923336
10.570000410079956,43.87585,0.18169892,0.31801257
10.579999685287476,43.983852,0.18203576,0.3167918
10.589999914169312,44.06385,0.18244,0.315571
10.600000143051147,44.22385,0.18304634,0.31312945
10.610000371932983,44.431847,0.1837874,0.30946714
10.619999647140503,44.69185,0.1847306,0.30336323
10.629999876022339,44.96385,0.18594328,0.29603857
10.640000104904175,45.271847,0.18688647,0.29115546
10.65000033378601,45.439846,0.18722332,0.2899347
10.65999960899353,45.48385,0.18722332,0.2899347
10.669999837875366,45.479843,0.18722332,0.29115546
10.680000066757202,45.491844,0.18722332,0.29237625
10.690000295639038,45.48385,0.18722332,0.293597
10.699999570846558,45.451843,0.18722332,0.2948178
10.709999799728394,45.435844,0.1872907,0.29603857
10.72000002861023,45.447845,0.1872907,0.29725936
10.730000257492065,45.447845,0.1872907,0.29848012
10.739999532699585,45.403847,0.1872907,0.29970092
10.749999761581421,45.403847,0.18735805,0.29970092
10.759999990463257,45.423847,0.18742543,0.30092168
10.770000219345093,45.427845,0.1874928,0.30092168
10.780000448226929,45.435844,0.1874928,0.30214247
10.789999723434448,45.451843,0.18756017,0.30336323
10.799999952316284,45.46385,0.18762754,0.30336323
10.81000018119812,45.447845,0.18776228,0.30336323
10.820000410079956,45.46385,0.18782966,0.30458403
10.829999685287476,45.507847,0.18796441,0.30458403
10.839999914169312,45.531845,0.18816651,0.3058048
10.850000143051147,45.611843,0.18850335,0.30336323
10.860000371932983,45.751842,0.18904231,0.30092168
10.869999647140503,45.931843,0.18985078,0.29725936
10.879999876022339,46.199844,0.19086134,0.29115546
10.890000104904175,46.52784,0.19227612,0.28261003
10.90000033378601,46.91584,0.1934888,0.27528536
10.90999960899353,47.195835,0.19429725,0.27040225
10.919999837875366,47.351837,0.19483621,0.2679607
10.930000066757202,47.523838,0.19537519,0.26551914
10.940000295639038,47.67584,0.19591415,0.2630776
10.949999570846558,47.827835,0.19658785,0.25941524
10.959999799728394,48.01584,0.19746368,0.25453213
10.97000002861023,48.311832,0.19847423,0.24842826
10.980000257492065,48.51584,0.19914794,0.24476592
10.989999532699585,48.619835,0.19941743,0.24476592
10.999999761581421,48.627834,0.19941743,0.24476592
11.009999990463257,48.643833,0.19941743,0.2459867
11.020000219345093,48.611835,0.19941743,0.24720748
11.030000448226929,48.595833,0.19941743,0.24842826
11.039999723434448,48.587837,0.19941743,0.24964903
11.049999952316284,48.571835,0.19941743,0.2508698
11.06000018119812,48.531834,0.19941743,0.25209057
11.070000410079956,48.519836,0.19941743,0.25331137
11.079999685287476,48.511833,0.19941743,0.25453213
11.089999914169312,48.467834,0.19941743,0.25575292
11.100000143051147,48.479836,0.19941743,0.25697368
11.110000371932983,48.475838,0.19941743,0.25819448
11.119999647140503,48.463833,0.19941743,0.25941524
11.129999876022339,48.423832,0.19941743,0.26063603
11.140000104904175,48.415836,0.19941743,0.2618568
11.15000033378601,48.443832,0.19941743,0.2630776
11.15999960899353,48.399834,0.19941743,0.26429835
11.169999837875366,48.367836,0.19941743,0.26551914
11.180000066757202,48.383835,0.19941743,0.26551914
11.190000295639038,48.371834,0.19941743,0.2667399
11.199999570846558,48.351833,0.19941743,0.2679607
11.209999799728394,48.343834,0.19941743,0.26918146
11.22000002861023,48.347836,0.19941743,0.27040225
11.230000257492065,48.33584,0.19941743,0.27162302
11.239999532699585,48.287838,0.19941743,0.2728438
11.249999761581421,48.279835,0.19941743,0.27406457
11.259999990463257,48.295837,0.19941743,0.27528536
11.270000219345093,48.291836,0.19941743,0.27650613
11.280000448226929,48.279835,0.19941743,0.27772692
11.289999723434448,48.275837,0.19941743,0.27894768
11.299999952316284,48.247837,0.19941743,0.28016847
11.31000018119812,48.207836,0.19941743,0.28138924
11.320000410079956,48.191833,0.19941743,0.28261003
11.329999685287476,48.22384,0.19941743,0.2838308
11.339999914169312,48.19584,0.19941743,0.28505158
11.350000143051147,48.183838,0.19941743,0.28505158
11.360000371932983,48.20384,0.19941743,0.28749314
11.369999647140503,48.187836,0.19941743,0.28749314
11.379999876022339,48.179836,0.19941743,0.2887139
11.390000104904175,48.151833,0.19941743,0.2899347
11.40000033378601,48.17584,0.19941743,0.29115546
11.40999960899353,48.163837,0.19941743,0.29237625
11.419999837875366,48.091835,0.19941743,0.293597
11.430000066757202,48.095837,0.1994848,0.2948178
11.440000295639038,48.107838,0.1994848,0.2948178
11.449999570846558,48.111835,0.1994848,0.29725936
11.459999799728394,48.115837,0.1994848,0.29725936
11.47000002861023,48.111835,0.19955216,0.29848012
11.480000257492065,48.115837,0.19961955,0.29970092
11.489999532699585,48.099834,0.19961955,0.30092168
11.499999761581421,48.091835,0.19961955,0.30092168
11.509999990463257,48.091835,0.19961955,0.30336323
11.520000219345093,48.10384,0.1996869,0.30336323
11.530000448226929,48.091835,0.1996869,0.30458403
11.539999723434448,48.115837,0.19975428,0.3058048
11.549999952316284,48.099834,0.19982165,0.3058048
11.56000018119812,48.10384,0.19988902,0.30702558
11.570000410079956,48.123837,0.20002377,0.30702558
11.579999685287476,48.183838,0.2001585,0.30702558
11.589999914169312,48.20384,0.20042798,0.30702558
11.600000143051147,48.26384,0.20076483,0.3058048
11.610000371932983,48.459835,0.20130381,0.30214247
11.619999647140503,48.655834,0.20204487,0.29848012
11.629999876022339,48.883835,0.20312281,0.29237625
11.640000104904175,49.21583,0.20447023,0.28505158
11.65000033378601,49.61983,0.20575027,0.27650613
11.65999960899353,49.89583,0.20649135,0.2728438
11.669999837875366,49.995827,0.2068282,0.27162302
11.680000066757202,50.067833,0.20696294,0.27162302
11.690000295639038,50.10783,0.20703033,0.27162302
11.699999570846558,50.09183,0.20703033,0.27406457
11.709999799728394,50.05983,0.20703033,0.27406457
11.72000002861023,50.05983,0.20703033,0.27528536
11.730000257492065,50.05183,0.2070977,0.27650613
11.739999532699585,50.047832,0.20716506,0.27772692
11.749999761581421,50.05983,0.20723243,0.27772692
11.759999990463257,50.083828,0.20736717,0.27772692
11.770000219345093,50.07583,0.20743455,0.27894768
11.780000448226929,50.07183,0.20750192,0.27894768
11.789999723434448,50.111828,0.20750192,0.28016847
11.799999952316284,50.11983,0.20756929,0.28138924
11.81000018119812,50.11583,0.20763665,0.28138924
11.820000410079956,50.10783,0.20763665,0.28261003
11.829999685287476,50.111828,0.20763665,0.2838308
11.839999914169312,50.067833,0.20770404,0.28505158
11.850000143051147,50.043827,0.20777139,0.28627235
11.860000371932983,50.09583,0.20777139,0.28627235
11.869999647140503,50.12383,0.20783877,0.28749314
11.879999876022339,50.13983,0.20790614,0.28749314
11.890000104904175,50.14383,0.20804088,0.2887139
11.90000033378601,50.16383,0.20817561,0.2887139
11.90999960899353,50.17183,0.208243,0.2899347
11.919999837875366,50.19183,0.2084451,0.2887139
11.930000066757202,50.25183,0.2086472,0.2887139
11.940000295639038,50.327827,0.20898408,0.28749314
11.949999570846558,50.43183,0.20932092,0.28627235
11.959999799728394,50.535828,0.20979252,0.2838308
11.97000002861023,50.659824,0.21033148,0.28138924
11.980000257492065,50.787827,0.21073571,0.28016847
11.989999532699585,50.827827,0.21087046,0.28016847
11.999999761581421,50.871826,0.21087046,0.28138924
12.009999990463257,50.89583,0.21093781,0.28138924
12.020000219345093,50.859825,0.21093781,0.2838308
12.030000448226929,50.84383,0.21093781,0.2838308
12.039999723434448,50.839825,0.2110052,0.28505158
12.049999952316284,50.855827,0.2110052,0.28627235
12.06000018119812,50.855827,0.2110052,0.28749314
12.070000410079956,50.827827,0.2110052,0.2887139
12.079999685287476,50.835827,0.21107256,0.2899347
12.089999914169312,50.827827,0.21107256,0.2899347
12.100000143051147,50.799828,0.21113993,0.29115546
12.110000371932983,50.815826,0.21113993,0.29237625
12.119999647140503,50.82383,0.2112073,0.293597
12.129999876022339,50.819824,0.2112073,0.293597
12.140000104904175,50.82383,0.21127468,0.2948178
12.15000033378601,50.835827,0.21127468,0.29603857
12.15999960899353,50.82383,0.21134205,0.29603857
12.169999837875366,50.79583,0.21134205,0.29725936
12.180000066757202,50.811825,0.21140942,0.29848012
12.190000295639038,50.859825,0.21154417,0.29848012
12.199999570846558,50.839825,0.21161152,0.29970092
12.209999799728394,50.847828,0.2116789,0.29970092
12.22000002861023,50.907825,0.21181364,0.29970092
12.230000257492065,50.903828,0.21188101,0.30092168
12.239999532699585,50.91583,0.2119484,0.30092168
12.249999761581421,50.903828,0.2119484,0.30336323
12.259999990463257,50.931824,0.21201575,0.30336323
12.270000219345093,50.927826,0.21208313,0.30458403
12.280000448226929,50.94383,0.2121505,0.30458403
12.289999723434448,50.971825,0.21221787,0.3058048
12.299999952316284,50.995827,0.21241997,0.3058048
12.31000018119812,51.035828,0.21255472,0.3058048
12.320000410079956,51.043823,0.21268946,0.3058048
12.329999685287476,51.091824,0.21289156,0.3058048
12.339999914169312,51.131824,0.21302631,0.3058048
12.350000143051147,51.171825,0.21322843,0.3058048
12.360000371932983,51.27582,0.21356528,0.30458403
12.369999647140503,51.335823,0.2139695,0.30214247
12.379999876022339,51.467827,0.21450847,0.29970092
12.390000104904175,51.639828,0.21511482,0.29725936
12.40000033378601,51.831825,0.21578853,0.293597
12.40999960899353,52.055824,0.21659696,0.2899347
12.419999837875366,52.223824,0.21727067,0.28505158
12.430000066757202,52.36782,0.21760753,0.2838308
12.440000295639038,52.427822,0.2176749,0.28505158
12.449999570846558,52.395824,0.2176749,0.28627235
12.459999799728394,52.38782,0.2176749,0.28749314
12.47000002861023,52.42382,0.2176749,0.2887139
12.480000257492065,52.419823,0.2176749,0.2899347
12.489999532699585,52.38782,0.21774226,0.2899347
12.499999761581421,52.375824,0.21774226,0.29115546
12.509999990463257,52.355824,0.21774226,0.29237625
12.520000219345093,52.335823,0.21774226,0.293597
12.530000448226929,52.315823,0.21774226,0.2948178
12.539999723434448,52.33182,0.21774226,0.29603857
12.549999952316284,52.33182,0.21774226,0.29725936
12.56000018119812,52.307823,0.21774226,0.29848012
12.570000410079956,52.29182,0.21774226,0.29970092
12.579999685287476,52.295822,0.21780963,0.29970092
12.589999914169312,52.287823,0.21787702,0.30092168
12.600000143051147,52.27582,0.21787702,0.30214247
12.610000371932983,52.303818,0.21794437,0.30336323
12.619999647140503,52.29982,0.21794437,0.30336323
12.629999876022339,52.27182,0.21801175,0.30458403
12.640000104904175,52.29182,0.21807912,0.3058048
12.65000033378601,52.327824,0.2181465,0.3058048
12.65999960899353,52.347824,0.21821386,0.30702558
12.669999837875366,52.31982,0.21828124,0.30702558
12.680000066757202,52.33982,0.2183486,0.30824634
12.690000295639038,52.38382,0.21848334,0.30824634
12.699999570846558,52.37982,0.21855073,0.30946714
12.709999799728394,52.41182,0.21875283,0.30946714
12.72000002861023,52.455822,0.21895495,0.30824634
12.730000257492065,52.54782,0.21922442,0.30824634
12.739999532699585,52.607822,0.21949391,0.30702558
12.749999761581421,52.72382,0.2199655,0.30458403
12.759999990463257,52.87582,0.22050446,0.30214247
12.770000219345093,53.01182,0.22117817,0.29848012
12.780000448226929,53.18382,0.22191925,0.2948178
12.789999723434448,53.431816,0.22286244,0.2899347
12.799999952316284,53.731815,0.22380564,0.28505158
12.81000018119812,53.963814,0.22447935,0.28016847
12.820000410079956,54.08782,0.22495092,0.27894768
12.829999685287476,54.199818,0.22535516,0.27650613
12.839999914169312,54.295815,0.22582676,0.27528536
12.850000143051147,54.415813,0.22636573,0.2728438
12.860000371932983,54.563816,0.22690469,0.27040225
12.869999647140503,54.751812,0.22751102,0.2667399
12.879999876022339,54.903816,0.22818473,0.26429835
12.890000104904175,55.07981,0.22879106,0.26063603
12.90000033378601,55.25981,0.22939742,0.25819448
12.90999960899353,55.327812,0.22966689,0.25575292
12.919999837875366,55.33181,0.22966689,0.25697368
12.930000066757202,55.335808,0.22966689,0.25819448
12.940000295639038,55.359814,0.22973426,0.25941524
12.949999570846558,55.339813,0.22973426,0.26063603
12.959999799728394,55.31581,0.22973426,0.2618568
12.97000002861023,55.30381,0.22973426,0.2630776
12.980000257492065,55.299812,0.22980164,0.2630776
12.989999532699585,55.27581,0.22980164,0.26429835
12.999999761581421,55.251812,0.22980164,0.26551914
13.009999990463257,55.25981,0.22980164,0.2667399
13.020000219345093,55.247814,0.22980164,0.2679607
13.030000448226929,55.199814,0.22980164,0.26918146
13.039999723434448,55.21181,0.22980164,0.27040225
13.049999952316284,55.195816,0.22980164,0.27162302
13.06000018119812,55.195816,0.22980164,0.2728438
13.070000410079956,55.187813,0.22980164,0.27406457
13.079999685287476,55.199814,0.22980164,0.27528536
13.089999914169312,55.155815,0.22980164,0.27650613
13.100000143051147,55.119812,0.229869,0.27650613
13.110000371932983,55.12781,0.229869,0.27772692
13.119999647140503,55.107815,0.229869,0.27894768
13.129999876022339,55.115814,0.229869,0.28016847
13.140000104904175,55.111813,0.22993638,0.28138924
13.15000033378601,55.14381,0.22993638,0.28138924
13.15999960899353,55.14381,0.23000374,0.28261003
13.169999837875366,55.091812,0.23000374,0.2838308
13.180000066757202,55.075813,0.23000374,0.28505158
13.190000295639038,55.091812,0.23000374,0.28627235
13.199999570846558,55.075813,0.23007111,0.28749314
13.209999799728394,55.075813,0.23007111,0.28749314
13.22000002861023,55.08381,0.23013848,0.2887139
13.230000257492065,55.107815,0.23020586,0.2899347
13.239999532699585,55.12781,0.2303406,0.2899347
13.249999761581421,55.087814,0.2303406,0.29115546
13.259999990463257,55.12781,0.2303406,0.29237625
13.270000219345093,55.09981,0.2303406,0.293597
13.280000448226929,55.067814,0.23040797,0.293597
13.289999723434448,55.111813,0.23040797,0.2948178
13.299999952316284,55.115814,0.23040797,0.29603857
13.31000018119812,55.095814,0.23047534,0.29725936
13.320000410079956,55.10381,0.2305427,0.29725936
13.329999685287476,55.14381,0.23067746,0.29725936
13.339999914169312,55.179813,0.23081219,0.29725936
13.350000143051147,55.17181,0.23094693,0.29848012
13.360000371932983,55.187813,0.23101431,0.29848012
13.369999647140503,55.235813,0.23121642,0.29848012
13.379999876022339,55.27981,0.23141854,0.29848012
13.390000104904175,55.31581,0.23162064,0.29848012
13.40000033378601,55.387814,0.23189013,0.29725936
13.40999960899353,55.495808,0.23222698,0.29725936
13.419999837875366,55.55181,0.23269857,0.2948178
13.430000066757202,55.73181,0.23323753,0.29115546
13.440000295639038,55.89181,0.23391125,0.28749314
13.449999570846558,56.08381,0.23458496,0.28505158
13.459999799728394,56.239807,0.23512393,0.28138924
13.47000002861023,56.37581,0.23559551,0.28016847
13.480000257492065,56.51581,0.23593238,0.27894768
13.489999532699585,56.531807,0.23606712,0.27894768
13.499999761581421,56.54781,0.23606712,0.28016847
13.509999990463257,56.559807,0.23613448,0.28016847
13.520000219345093,56.53581,0.23626922,0.28138924
13.530000448226929,56.519806,0.23633659,0.28138924
13.539999723434448,56.571808,0.23633659,0.28261003
13.549999952316284,56.59581,0.23640397,0.2838308
13.56000018119812,56.58781,0.23640397,0.28505158
13.570000410079956,56.571808,0.23653871,0.28505158
13.579999685287476,56.579807,0.23653871,0.28627235
13.589999914169312,56.56781,0.23660608,0.28627235
13.600000143051147,56.559807,0.23674081,0.28749314
13.610000371932983,56.58781,0.2368082,0.28749314
13.619999647140503,56.603806,0.23687555,0.2887139
13.629999876022339,56.627808,0.2370103,0.2887139
13.640000104904175,56.615807,0.2370103,0.2899347
13.65000033378601,56.635803,0.2370103,0.29115546
13.65999960899353,56.615807,0.2370103,0.29237625
13.669999837875366,56.607807,0.2370103,0.293597
13.680000066757202,56.61981,0.2370103,0.293597
13.690000295639038,56.623806,0.23707767,0.2948178
13.699999570846558,56.59581,0.23707767,0.29603857
13.709999799728394,56.551807,0.23707767,0.29725936
13.72000002861023,56.57581,0.23707767,0.29848012
13.730000257492065,56.58781,0.23714504,0.29970092
13.739999532699585,56.59181,0.23714504,0.29970092
13.749999761581421,56.57581,0.23721242,0.30092168
13.759999990463257,56.627808,0.23734716,0.30092168
13.770000219345093,56.607807,0.23754926,0.30092168
13.780000448226929,56.635803,0.23775138,0.30092168
13.789999723434448,56.723804,0.23802087,0.30092168
13.799999952316284,56.82781,0.23842509,0.29848012
13.81000018119812,56.963806,0.23896407,0.29603857
13.820000410079956,57.131805,0.23963776,0.29237625
13.829999685287476,57.351807,0.24031147,0.2887139
13.839999914169312,57.523808,0.24098517,0.28505158
13.850000143051147,57.647804,0.24152413,0.28261003
13.860000371932983,57.783802,0.24199574,0.28016847
13.869999647140503,57.907803,0.24219784,0.28016847
13.879999876022339,57.907803,0.24226522,0.28138924
13.890000104904175,57.9118,0.24226522,0.28138924
13.90000033378601,57.9318,0.24239996,0.28261003
13.90999960899353,57.9318,0.24239996,0.2838308
13.919999837875366,57.899803,0.24246733,0.2838308
13.930000066757202,57.891804,0.24246733,0.28505158
13.940000295639038,57.899803,0.24253471,0.28627235
13.949999570846558,57.895805,0.24253471,0.28749314
13.959999799728394,57.879803,0.24253471,0.2887139
13.97000002861023,57.871803,0.24260207,0.2887139
13.980000257492065,57.899803,0.24266945,0.2899347
13.989999532699585,57.895805,0.24273682,0.2899347
13.999999761581421,57.879803,0.24273682,0.29115546
14.009999990463257,57.887806,0.24273682,0.29237625
14.020000219345093,57.871803,0.24273682,0.293597
14.030000448226929,57.847805,0.24280418,0.2948178
14.039999723434448,57.8638,0.24280418,0.29603857
14.049999952316284,57.867805,0.24287155,0.29603857
14.06000018119812,57.859802,0.24287155,0.29725936
14.070000410079956,57.8638,0.2430063,0.29725936
14.079999685287476,57.891804,0.2430063,0.29848012
14.089999914169312,57.9038,0.24307367,0.29970092
14.100000143051147,57.8838,0.24320842,0.29970092
14.110000371932983,57.927803,0.24327578,0.30092168
14.119999647140503,57.927803,0.24334316,0.30092168
14.129999876022339,57.915806,0.24334316,0.30214247
14.140000104904175,57.907803,0.2434779,0.30214247
14.15000033378601,57.959805,0.24361265,0.30336323
14.15999960899353,58.0158,0.24368,0.30336323
14.169999837875366,58.027805,0.24381474,0.30336323
14.180000066757202,58.0158,0.24388212,0.30458403
14.190000295639038,58.0558,0.24408424,0.30458403
14.199999570846558,58.0758,0.24421896,0.30458403
14.209999799728394,58.0958,0.24442108,0.30458403
14.22000002861023,58.1838,0.24475794,0.30336323
14.230000257492065,58.331802,0.24522953,0.30092168
14.239999532699585,58.4478,0.24583589,0.29848012
14.249999761581421,58.6038,0.2464422,0.2948178
14.259999990463257,58.771797,0.2469138,0.29237625
14.270000219345093,58.8798,0.2473854,0.29115546
14.280000448226929,59.0078,0.24772225,0.2899347
14.289999723434448,59.095802,0.24799176,0.2887139
14.299999952316284,59.143795,0.2480591,0.2899347
14.31000018119812,59.111797,0.2480591,0.2899347
14.320000410079956,59.083797,0.2480591,0.29115546
14.329999685287476,59.103798,0.2480591,0.29237625
14.339999914169312,59.091797,0.2480591,0.293597
14.350000143051147,59.071796,0.24812648,0.2948178
14.360000371932983,59.0678,0.24812648,0.29603857
14.369999647140503,59.051796,0.24812648,0.29725936
14.379999876022339,59.0478,0.24819385,0.29725936
14.390000104904175,59.0118,0.24826123,0.29848012
14.40000033378601,59.0478,0.24826123,0.29970092
14.40999960899353,59.0678,0.2483286,0.29970092
14.419999837875366,59.0758,0.24846332,0.30092168
14.430000066757202,59.0878,0.24853069,0.30092168
14.440000295639038,59.111797,0.24859807,0.30092168
14.449999570846558,59.1238,0.24873282,0.30214247
14.459999799728394,59.111797,0.24873282,0.30336323
14.47000002861023,59.1158,0.24880019,0.30336323
14.480000257492065,59.139797,0.24886754,0.30458403
14.489999532699585,59.159798,0.2490023,0.30458403
14.499999761581421,59.1958,0.24913704,0.30458403
14.509999990463257,59.2198,0.2492718,0.3058048
14.520000219345093,59.2358,0.24947388,0.30458403
14.530000448226929,59.291798,0.24960864,0.3058048
14.539999723434448,59.3118,0.24974336,0.3058048
14.549999952316284,59.355797,0.24981074,0.3058048
14.56000018119812,59.3478,0.24994549,0.30702558
14.570000410079956,59.355797,0.25001287,0.30702558
14.579999685287476,59.4398,0.25021496,0.30702558
14.589999914169312,59.4878,0.25041708,0.30702558
14.600000143051147,59.499798,0.25068656,0.3058048
14.610000371932983,59.583797,0.2510908,0.30458403
14.619999647140503,59.743797,0.25162977,0.30214247
14.629999876022339,59.891796,0.25210136,0.29970092
14.640000104904175,60.0118,0.25270766,0.29725936
14.65000033378601,60.19179,0.25324664,0.293597
14.65999960899353,60.367794,0.253853,0.29115546
14.669999837875366,60.519794,0.25445932,0.28749314
14.680000066757202,60.60379,0.2547962,0.28627235
14.690000295639038,60.655792,0.2547962,0.28749314
14.699999570846558,60.66379,0.25486353,0.2887139
14.709999799728394,60.651794,0.25486353,0.2899347
14.72000002861023,60.631794,0.25486353,0.29115546
14.730000257492065,60.627796,0.2549309,0.29115546
14.739999532699585,60.611794,0.2549309,0.29237625
14.749999761581421,60.611794,0.2549983,0.293597
14.759999990463257,60.655792,0.2549983,0.2948178
14.770000219345093,60.619793,0.2549983,0.2948178
14.780000448226929,60.595795,0.25506568,0.29603857
14.789999723434448,60.571793,0.25513303,0.29725936
14.799999952316284,60.60379,0.25520042,0.29725936
14.81000018119812,60.595795,0.25526777,0.29848012
14.820000410079956,60.611794,0.25533515,0.29970092
14.829999685287476,60.675793,0.2554699,0.29970092
14.839999914169312,60.683792,0.25553727,0.29970092
14.850000143051147,60.66379,0.25560465,0.30092168
14.860000371932983,60.647797,0.25567198,0.30092168
14.869999647140503,60.667793,0.25573936,0.30214247
14.879999876022339,60.699795,0.25587413,0.30214247
14.890000104904175,60.73579,0.25600886,0.30214247
14.90000033378601,60.763794,0.2561436,0.30214247
14.90999960899353,60.82379,0.25634572,0.30214247
14.919999837875366,60.867794,0.25668254,0.30092168
14.930000066757202,60.94379,0.25708678,0.29970092
14.940000295639038,61.14779,0.2577605,0.29603857
14.949999570846558,61.35979,0.25870368,0.29115546
14.959999799728394,61.63979,0.259849,0.2838308
14.97000002861023,62.003788,0.26119637,0.27650613
14.980000257492065,62.323788,0.26227432,0.26918146
14.989999532699585,62.54379,0.26288065,0.2667399
14.999999761581421,62.667786,0.26328492,0.26429835
15.009999990463257,62.775787,0.26362175,0.26429835
15.020000219345093,62.855785,0.2639586,0.2618568
15.030000448226929,62.915787,0.26436284,0.26063603
15.039999723434448,62.987785,0.26476705,0.25941524
15.049999952316284,63.123783,0.26517126,0.25697368
15.06000018119812,63.227787,0.26564288,0.25575292
15.070000410079956,63.371784,0.26631656,0.25209057
15.079999685287476,63.599785,0.26705766,0.24842826
15.089999914169312,63.72378,0.26752928,0.2459867
15.100000143051147,63.779785,0.267664,0.2459867
15.110000371932983,63.79578,0.267664,0.24720748
15.119999647140503,63.76778,0.267664,0.24842826
15.129999876022339,63.751785,0.267664,0.24964903
15.140000104904175,63.715782,0.267664,0.2508698
15.15000033378601,63.707783,0.267664,0.25209057
15.15999960899353,63.69578,0.267664,0.25331137
15.169999837875366,63.65578,0.267664,0.25453213
15.180000066757202,63.663784,0.267664,0.25575292
15.190000295639038,63.651783,0.267664,0.25575292
15.199999570846558,63.615784,0.267664,0.25819448
15.209999799728394,63.567787,0.267664,0.25819448
15.22000002861023,63.575783,0.267664,0.25941524
15.230000257492065,63.591785,0.267664,0.26063603
15.239999532699585,63.575783,0.267664,0.2618568
15.249999761581421,63.551785,0.267664,0.2630776
15.259999990463257,63.547787,0.267664,0.26429835
15.270000219345093,63.503784,0.267664,0.26551914
15.280000448226929,63.49578,0.267664,0.2667399
15.289999723434448,63.487785,0.267664,0.2679607
15.299999952316284,63.49578,0.267664,0.26918146
15.31000018119812,63.467785,0.267664,0.27040225
15.320000410079956,63.439785,0.267664,0.27162302
15.329999685287476,63.447784,0.267664,0.2728438
15.339999914169312,63.427784,0.267664,0.27406457
15.350000143051147,63.419785,0.267664,0.27528536
15.360000371932983,63.40378,0.267664,0.27528536
15.369999647140503,63.399784,0.267664,0.27772692
15.379999876022339,63.387787,0.267664,0.27772692
15.390000104904175,63.347786,0.267664,0.28016847
15.40000033378601,63.331783,0.267664,0.28016847
15.40999960899353,63.339787,0.267664,0.28138924
15.419999837875366,63.331783,0.267664,0.28261003
15.430000066757202,63.323784,0.267664,0.2838308
15.440000295639038,63.339787,0.267664,0.28505158
15.449999570846558,63.307785,0.267664,0.28627235
15.459999799728394,63.259785,0.267664,0.28749314
15.47000002861023,63.251785,0.267664,0.2887139
15.480000257492065,63.279785,0.267664,0.2899347
15.489999532699585,63.263783,0.267664,0.29115546
15.499999761581421,63.247787,0.267664,0.29237625
15.509999990463257,63.251785,0.267664,0.293597
15.520000219345093,63.239784,0.267664,0.2948178
15.530000448226929,63.215786,0.26773137,0.2948178
15.539999723434448,63.191784,0.26773137,0.29603857
15.549999952316284,63.219784,0.26779875,0.29725936
15.56000018119812,63.211784,0.26779875,0.29848012
15.570000410079956,63.195786,0.2678661,0.29848012
15.579999685287476,63.227787,0.2679335,0.29970092
15.589999914169312,63.251785,0.26800084,0.29970092
15.600000143051147,63.247787,0.26813558,0.29970092
15.610000371932983,63.271786,0.26820296,0.30092168
15.619999647140503,63.259785,0.26820296,0.30214247
15.629999876022339,63.255787,0.26827034,0.30336323
15.640000104904175,63.239784,0.2683377,0.30336323
15.65000033378601,63.291782,0.26840505,0.30458403
15.65999960899353,63.31579,0.26853982,0.30458403
15.669999837875366,63.307785,0.26860717,0.3058048
15.680000066757202,63.327785,0.26867455,0.3058048
15.690000295639038,63.391785,0.26887664,0.3058048
15.699999570846558,63.411785,0.2690788,0.3058048
15.709999799728394,63.463783,0.26941562,0.30458403
15.72000002861023,63.583782,0.26988724,0.30214247
15.730000257492065,63.76778,0.27056092,0.29970092
15.739999532699585,63.96778,0.27143675,0.293597
15.749999761581421,64.25178,0.2725147,0.28749314
15.759999990463257,64.56378,0.27365997,0.28138924
15.770000219345093,64.86778,0.2745358,0.27650613
15.780000448226929,65.01178,0.27494004,0.27406457
15.789999723434448,65.05578,0.27494004,0.27528536
15.799999952316284,65.04378,0.27494004,0.27650613
15.81000018119812,65.02378,0.27494004,0.27772692
15.820000410079956,64.99978,0.27494004,0.27894768
15.829999685287476,65.00378,0.27494004,0.28016847
15.839999914169312,65.00378,0.27494004,0.28138924
15.850000143051147,64.97978,0.27494004,0.28138924
15.860000371932983,64.97178,0.2750074,0.28261003
15.869999647140503,64.963776,0.2750074,0.2838308
15.879999876022339,64.93978,0.2750074,0.28505158
15.890000104904175,64.87578,0.2750074,0.28627235
15.90000033378601,64.91178,0.2750074,0.28749314
15.910000562667847,64.923775,0.2750074,0.2887139
15.920000791549683,64.895775,0.27507478,0.2899347
15.929999113082886,64.895775,0.27507478,0.2899347
15.939999341964722,64.87978,0.27507478,0.29115546
15.949999570846558,64.86378,0.27507478,0.29237625
15.959999799728394,64.83578,0.27507478,0.293597
15.97000002861023,64.84378,0.27507478,0.2948178
15.980000257492065,64.851776,0.27507478,0.29603857
15.990000486373901,64.85978,0.27514216,0.29725936
16.000000715255737,64.81978,0.27514216,0.29725936
16.010000944137573,64.80778,0.27514216,0.29970092
16.019999265670776,64.83178,0.27520952,0.29970092
16.029999494552612,64.82778,0.27527687,0.30092168
16.03999972343445,64.851776,0.27541164,0.30092168
16.049999952316284,64.89178,0.27554637,0.30092168
16.06000018119812,64.88378,0.2756811,0.30092168
16.070000410079956,64.91178,0.27588323,0.30092168
16.080000638961792,64.97578,0.2761527,0.29970092
16.090000867843628,65.09978,0.2765569,0.29970092
16.09999918937683,65.19578,0.27696115,0.29725936
16.109999418258667,65.31978,0.27743274,0.2948178
16.119999647140503,65.46777,0.2780391,0.29237625
16.12999987602234,65.615776,0.27864543,0.2887139
16.140000104904175,65.75178,0.27931914,0.28505158
16.15000033378601,65.91578,0.27972338,0.2838308
16.160000562667847,66.01577,0.27992547,0.2838308
16.170000791549683,66.02377,0.27992547,0.2838308
16.179999113082886,66.019775,0.27999285,0.28505158
16.18999934196472,66.007774,0.27999285,0.28627235
16.199999570846558,66.00378,0.27999285,0.28749314
16.209999799728394,65.991776,0.2800602,0.28749314
16.22000002861023,65.979774,0.2800602,0.2899347
16.230000257492065,65.98377,0.28012758,0.2899347
16.2400004863739,65.98377,0.28012758,0.29115546
16.250000715255737,65.95578,0.28019497,0.29115546
16.260000944137573,66.00378,0.28019497,0.293597
16.269999265670776,65.97578,0.28019497,0.293597
16.279999494552612,65.951775,0.28026232,0.2948178
16.28999972343445,65.94377,0.28026232,0.29603857
16.299999952316284,65.94377,0.28032967,0.29725936
16.31000018119812,65.93178,0.28032967,0.29725936
16.320000410079956,65.935776,0.28039706,0.29848012
16.330000638961792,65.963776,0.28046444,0.29970092
16.340000867843628,65.95578,0.28046444,0.30092168
16.34999918937683,65.951775,0.2805318,0.30092168
16.359999418258667,65.95978,0.28059918,0.30092168
16.369999647140503,65.97578,0.28059918,0.30336323
16.37999987602234,65.96777,0.28066656,0.30336323
16.390000104904175,65.935776,0.2807339,0.30458403
16.40000033378601,65.963776,0.2807339,0.3058048
16.410000562667847,65.963776,0.28080127,0.3058048
16.420000791549683,65.951775,0.28080127,0.30702558
16.429999113082886,65.94377,0.28086865,0.30824634
16.43999934196472,65.97177,0.28086865,0.30946714
16.449999570846558,65.991776,0.28093603,0.30946714
16.459999799728394,65.979774,0.28107077,0.3106879
16.47000002861023,65.97578,0.28113815,0.3106879
16.480000257492065,66.02377,0.2812729,0.3106879
16.4900004863739,66.035774,0.281475,0.3106879
16.500000715255737,66.091774,0.2816771,0.3106879
16.510000944137573,66.17978,0.28187922,0.3106879
16.519999265670776,66.227776,0.28208134,0.30946714
16.529999494552612,66.227776,0.28228346,0.30946714
16.53999972343445,66.31577,0.2826203,0.30824634
16.549999952316284,66.40777,0.28302452,0.30702558
16.56000018119812,66.54378,0.2834961,0.30458403
16.570000410079956,66.66777,0.2840351,0.30214247
16.580000638961792,66.827774,0.28457403,0.29970092
16.590000867843628,66.99977,0.285113,0.29725936
16.59999918937683,67.10777,0.28571936,0.2948178
16.609999418258667,67.23577,0.28619096,0.29115546
16.619999647140503,67.37177,0.28646043,0.29115546
16.62999987602234,67.41577,0.28666255,0.29115546
16.640000104904175,67.39977,0.2867299,0.29115546
16.65000033378601,67.42777,0.2867299,0.29237625
16.660000562667847,67.43177,0.28679729,0.293597
16.670000791549683,67.40777,0.28686467,0.293597
16.679999113082886,67.40777,0.28686467,0.2948178
16.68999934196472,67.43577,0.28693202,0.29603857
16.699999570846558,67.42777,0.2869994,0.29725936
16.709999799728394,67.41177,0.28713414,0.29725936
16.72000002861023,67.44777,0.28726888,0.29725936
16.730000257492065,67.48777,0.28740364,0.29725936
16.7400004863739,67.48377,0.28740364,0.29848012
16.750000715255737,67.48777,0.28753835,0.29848012
16.760000944137573,67.547775,0.28774047,0.29848012
16.769999265670776,67.59977,0.28787524,0.29848012
16.779999494552612,67.591774,0.28794262,0.29970092
16.78999972343445,67.591774,0.28807732,0.29970092
16.799999952316284,67.64377,0.28827944,0.29970092
16.81000018119812,67.70776,0.28854892,0.29848012
16.820000410079956,67.76777,0.28895316,0.29725936
16.830000638961792,67.91977,0.28942475,0.2948178
16.840000867843628,68.067764,0.28996372,0.29237625
16.84999918937683,68.203766,0.2905027,0.2899347
16.859999418258667,68.331764,0.29104164,0.28749314
16.869999647140503,68.483765,0.29158062,0.28505158
16.87999987602234,68.65577,0.2922543,0.28138924
16.890000104904175,68.79576,0.29286066,0.27772692
16.90000033378601,68.90777,0.29333225,0.27650613
16.910000562667847,69.039764,0.29360172,0.27528536
16.920000791549683,69.107765,0.29387122,0.27528536
16.929999113082886,69.147766,0.29400596,0.27406457
16.93999934196472,69.175766,0.2941407,0.27528536
16.949999570846558,69.151764,0.2941407,0.27528536
16.959999799728394,69.12776,0.2941407,0.27772692
16.97000002861023,69.163765,0.29427546,0.27772692
16.980000257492065,69.18376,0.2943428,0.27772692
16.9900004863739,69.163765,0.29441017,0.27894768
17.000000715255737,69.13976,0.29454494,0.27894768
17.010000944137573,69.21177,0.29474705,0.27894768
17.019999265670776,69.26776,0.29494914,0.27894768
17.029999494552612,69.29576,0.29515126,0.27772692
17.03999972343445,69.35177,0.29535338,0.27772692
17.049999952316284,69.44376,0.2956902,0.27650613
17.06000018119812,69.51976,0.29616183,0.27528536
17.070000410079956,69.579765,0.29649866,0.27406457
17.080000638961792,69.69176,0.2969029,0.2728438
17.090000867843628,69.80376,0.29723975,0.27162302
17.09999918937683,69.84376,0.2973745,0.27162302
17.109999418258667,69.87976,0.29744187,0.27162302
17.119999647140503,69.87176,0.29744187,0.2728438
17.12999987602234,69.86376,0.29750922,0.27406457
17.140000104904175,69.84376,0.29750922,0.27406457
17.15000033378601,69.831764,0.29750922,0.27528536
17.160000562667847,69.83976,0.2975766,0.27650613
17.170000791549683,69.80776,0.2975766,0.27772692
17.179999113082886,69.81176,0.29771137,0.27772692
17.18999934196472,69.86776,0.29784608,0.27772692
17.199999570846558,69.87976,0.29798084,0.27772692
17.209999799728394,69.899765,0.29818293,0.27772692
17.22000002861023,69.93976,0.29831767,0.27772692
17.230000257492065,69.96376,0.29838505,0.27894768
17.2400004863739,69.97176,0.29851982,0.27894768
17.250000715255737,69.98376,0.29865453,0.28016847
17.260000944137573,70.01576,0.2987219,0.28016847
17.269999265670776,70.039764,0.2987219,0.28138924
17.279999494552612,70.01576,0.2987219,0.28261003
17.28999972343445,69.967766,0.2987219,0.2838308
17.299999952316284,69.97976,0.2987219,0.28505158
17.31000018119812,69.967766,0.2987219,0.28627235
17.320000410079956,69.93176,0.2987219,0.28749314
17.330000638961792,69.94776,0.2987893,0.28749314
17.340000867843628,69.94776,0.2987893,0.2887139
17.34999918937683,69.91976,0.2987893,0.2899347
17.359999418258667,69.89577,0.2987893,0.29115546
17.369999647140503,69.91976,0.2987893,0.29237625
17.37999987602234,69.90776,0.29885665,0.293597
17.390000104904175,69.915764,0.29885665,0.293597
17.40000033378601,69.87976,0.2989914,0.2948178
17.410000562667847,69.92376,0.29905877,0.2948178
17.420000791549683,69.92376,0.2991935,0.2948178
17.429999113082886,69.93576,0.29939562,0.2948178
17.43999934196472,70.011765,0.29946297,0.29603857
17.449999570846558,70.06376,0.29959774,0.29603857
17.459999799728394,70.067764,0.29973248,0.29603857
17.47000002861023,70.04776,0.29979986,0.29725936
17.480000257492065,70.055756,0.2998672,0.29725936
17.4900004863739,70.07176,0.29993457,0.29848012
17.500000715255737,70.06376,0.30006933,0.29848012
17.510000944137573,70.12776,0.30020407,0.29848012
17.519999265670776,70.16376,0.3004062,0.29848012
17.529999494552612,70.20376,0.30054092,0.29848012
17.53999972343445,70.22376,0.300743,0.29848012
17.549999952316284,70.27576,0.30101252,0.29725936
17.56000018119812,70.37976,0.30141675,0.29603857
17.570000410079956,70.46376,0.30188835,0.293597
17.580000638961792,70.64776,0.3024273,0.29115546
17.590000867843628,70.78376,0.30303365,0.2887139
17.59999918937683,70.919754,0.30357262,0.28505158
17.609999418258667,71.06776,0.30417892,0.2838308
17.619999647140503,71.23176,0.3047179,0.28016847
17.62999987602234,71.403755,0.3051895,0.27772692
17.640000104904175,71.487755,0.30559373,0.27650613
17.65000033378601,71.56376,0.30579585,0.27650613
17.660000562667847,71.60776,0.30593058,0.27650613
17.670000791549683,71.583755,0.30593058,0.27772692
17.679999113082886,71.55176,0.30593058,0.27894768
17.68999934196472,71.555756,0.30599794,0.28016847
17.699999570846558,71.56376,0.30599794,0.28016847
17.709999799728394,71.53575,0.30599794,0.28138924
17.72000002861023,71.527756,0.30599794,0.28261003
17.730000257492065,71.53175,0.30599794,0.2838308
17.7400004863739,71.515755,0.30606532,0.28505158
17.750000715255737,71.471756,0.30606532,0.28505158
17.760000944137573,71.48376,0.30606532,0.28749314
17.769999265670776,71.45576,0.30606532,0.28749314
17.779999494552612,71.44776,0.30606532,0.2899347
17.78999972343445,71.45576,0.30606532,0.2899347
17.799999952316284,71.43575,0.30606532,0.29115546
17.81000018119812,71.431755,0.30606532,0.29237625
17.820000410079956,71.39976,0.30606532,0.293597
17.830000638961792,71.36776,0.30606532,0.2948178
17.840000867843628,71.38376,0.30606532,0.29603857
17.84999918937683,71.36776,0.3061327,0.29725936
17.859999418258667,71.37576,0.3061327,0.29848012
17.869999647140503,71.419754,0.3062674,0.29848012
17.87999987602234,71.43976,0.30646956,0.29848012
17.890000104904175,71.443756,0.30667165,0.29725936
17.90000033378601,71.471756,0.3068064,0.29725936
17.910000562667847,71.54776,0.30694115,0.29848012
17.920000791549683,71.555756,0.30700853,0.29848012
17.929999113082886,71.56376,0.30714324,0.29970092
17.93999934196472,71.611755,0.30734536,0.29848012
17.949999570846558,71.64776,0.30754748,0.29848012
17.959999799728394,71.70376,0.30781698,0.29725936
17.97000002861023,71.76775,0.3081538,0.29725936
17.980000257492065,71.93575,0.3086254,0.2948178
17.9900004863739,72.04775,0.30909702,0.293597
18.000000715255737,72.111755,0.3093665,0.29115546
18.010000944137573,72.155754,0.3095686,0.29237625
18.019999265670776,72.19975,0.3097707,0.29115546
18.029999494552612,72.25975,0.3100402,0.29115546
18.03999972343445,72.37975,0.31044444,0.2887139
18.049999952316284,72.47975,0.31084865,0.28749314
18.06000018119812,72.55975,0.31105074,0.28749314
18.070000410079956,72.56375,0.3111855,0.28749314
18.080000638961792,72.58375,0.3111855,0.2887139
18.090000867843628,72.58375,0.3111855,0.2899347
18.09999918937683,72.56776,0.3111855,0.29115546
18.109999418258667,72.555756,0.3112529,0.29115546
18.119999647140503,72.55975,0.3112529,0.29237625
18.12999987602234,72.555756,0.3112529,0.293597
18.140000104904175,72.50775,0.3112529,0.2948178
18.15000033378601,72.499756,0.3112529,0.29603857
18.160000562667847,72.527756,0.31132025,0.29725936
18.170000791549683,72.51975,0.3113876,0.29725936
18.179999113082886,72.47975,0.3113876,0.29848012
18.18999934196472,72.46775,0.3113876,0.29970092
18.199999570846558,72.47575,0.3113876,0.30092168
18.209999799728394,72.47575,0.3113876,0.30214247
18.22000002861023,72.459755,0.3113876,0.30336323
18.230000257492065,72.47175,0.3113876,0.30458403
18.2400004863739,72.43975,0.31145498,0.3058048
18.250000715255737,72.41175,0.31145498,0.3058048
18.260000944137573,72.419754,0.31145498,0.30702558
18.269999265670776,72.40775,0.31145498,0.30824634
18.279999494552612,72.39575,0.31145498,0.30946714
18.28999972343445,72.38376,0.31145498,0.3106879
18.299999952316284,72.37175,0.31145498,0.3119087
18.31000018119812,72.37975,0.31145498,0.31312945
18.320000410079956,72.347755,0.31152236,0.31312945
18.330000638961792,72.363754,0.31152236,0.315571
18.340000867843628,72.40775,0.3116571,0.315571
18.34999918937683,72.403755,0.31172448,0.315571
18.359999418258667,72.36775,0.3118592,0.315571
18.369999647140503,72.419754,0.31199396,0.3167918
18.37999987602234,72.49175,0.31219605,0.315571
18.390000104904175,72.53575,0.31239817,0.315571
18.40000033378601,72.58775,0.31260028,0.315571
18.410000562667847,72.655754,0.3128024,0.315571
18.420000791549683,72.68775,0.31313923,0.31435025
18.429999113082886,72.74375,0.31340873,0.31312945
18.43999934196472,72.82775,0.3137456,0.3119087
18.449999570846558,72.97575,0.31414983,0.3106879
18.459999799728394,73.11975,0.31475613,0.30702558
18.47000002861023,73.23175,0.31536248,0.30458403
18.480000257492065,73.40375,0.31590146,0.30214247
18.4900004863739,73.54775,0.3165078,0.29970092
18.500000715255737,73.68775,0.31704676,0.29603857
18.510000944137573,73.86375,0.31751835,0.293597
18.519999265670776,73.95575,0.31772044,0.293597
18.529999494552612,73.951744,0.31772044,0.2948178
18.53999972343445,73.90375,0.31772044,0.29603857
18.549999952316284,73.89975,0.31772044,0.29725936
18.56000018119812,73.91975,0.31772044,0.29848012
18.570000410079956,73.89175,0.31778783,0.29970092
18.580000638961792,73.86375,0.31778783,0.30092168
18.590000867843628,73.88775,0.31778783,0.30092168
18.59999918937683,73.85575,0.3178552,0.30336323
18.609999418258667,73.839745,0.3178552,0.30336323
18.619999647140503,73.823746,0.3178552,0.30458403
18.62999987602234,73.85975,0.31792256,0.3058048
18.640000104904175,73.851746,0.31792256,0.30702558
18.65000033378601,73.81975,0.31798995,0.30702558
18.660000562667847,73.823746,0.31798995,0.30824634
18.670000791549683,73.823746,0.31798995,0.30946714
18.679999113082886,73.77975,0.31798995,0.3106879
18.68999934196472,73.76375,0.31798995,0.3119087
18.699999570846558,73.79575,0.31805733,0.3119087
18.709999799728394,73.77975,0.31805733,0.31312945
18.72000002861023,73.77174,0.3181247,0.31435025
18.730000257492065,73.78375,0.31819203,0.315571
18.7400004863739,73.81975,0.3183268,0.315571
18.750000715255737,73.83575,0.31839418,0.315571
18.760000944137573,73.839745,0.31846154,0.3167918
18.769999265670776,73.83175,0.31852892,0.3167918
18.779999494552612,73.83575,0.31859627,0.31801257
18.78999972343445,73.81975,0.31859627,0.31923336
18.799999952316284,73.83175,0.31866366,0.31923336
18.81000018119812,73.90375,0.3187984,0.32045412
18.820000410079956,73.90375,0.31893316,0.32045412
18.830000638961792,73.89175,0.31900048,0.32045412
18.840000867843628,73.91175,0.31913525,0.32045412
18.84999918937683,73.94375,0.31926998,0.32045412
18.859999418258667,73.97975,0.3194721,0.32045412
18.869999647140503,74.05575,0.3197416,0.32045412
18.87999987602234,74.12775,0.32001108,0.31923336
18.890000104904175,74.18375,0.3203479,0.31801257
18.90000033378601,74.27174,0.3208195,0.3167918
18.910000562667847,74.41975,0.32135847,0.31435025
18.920000791549683,74.61175,0.3219648,0.3106879
18.929999113082886,74.81974,0.32284063,0.3058048
18.93999934196472,75.09174,0.32378381,0.30092168
18.949999570846558,75.27975,0.32445756,0.29725936
18.959999799728394,75.35574,0.32465965,0.29725936
18.97000002861023,75.35574,0.32465965,0.29725936
18.980000257492065,75.36374,0.32465965,0.29970092
18.9900004863739,75.39175,0.32465965,0.29970092
19.000000715255737,75.367744,0.32465965,0.30092168
19.010000944137573,75.32374,0.32465965,0.30214247
19.019999265670776,75.30775,0.32472703,0.30336323
19.029999494552612,75.32374,0.32479438,0.30336323
19.03999972343445,75.30374,0.32486176,0.30458403
19.049999952316284,75.29974,0.32486176,0.3058048
19.06000018119812,75.33575,0.32492912,0.3058048
19.070000410079956,75.31974,0.32492912,0.30702558
19.080000638961792,75.29974,0.32492912,0.30824634
19.090000867843628,75.30374,0.3249965,0.30946714
19.09999918937683,75.31574,0.32506385,0.30946714
19.109999418258667,75.33174,0.32513124,0.3106879
19.119999647140503,75.32774,0.32519862,0.3106879
19.12999987602234,75.31574,0.325266,0.3119087
19.140000104904175,75.33575,0.3254007,0.3119087
19.15000033378601,75.33575,0.3254681,0.31312945
19.160000562667847,75.38374,0.32560283,0.31312945
19.170000791549683,75.395744,0.3256702,0.31435025
19.179999113082886,75.41174,0.3258723,0.31312945
19.18999934196472,75.451744,0.32607445,0.31312945
19.199999570846558,75.53574,0.32641128,0.3119087
19.209999799728394,75.64774,0.32701764,0.30946714
19.22000002861023,75.84374,0.32789347,0.30458403
19.230000257492065,76.16774,0.32910612,0.29725936
19.2400004863739,76.56774,0.33058828,0.2887139
19.250000715255737,76.88774,0.33166623,0.28138924
19.260000944137573,77.119736,0.3324073,0.27772692
19.269999265670776,77.315735,0.33294627,0.27528536
19.279999494552612,77.47974,0.33348522,0.2728438
19.28999972343445,77.59573,0.33409154,0.27040225
19.299999952316284,77.68774,0.3346979,0.2667399
19.31000018119812,77.91573,0.3355737,0.2618568
19.320000410079956,78.163734,0.3365169,0.25697368
19.330000638961792,78.36373,0.33712325,0.25331137
19.340000867843628,78.471725,0.33725795,0.25331137
19.34999918937683,78.45174,0.33725795,0.25453213
19.359999418258667,78.43573,0.33725795,0.25575292
19.369999647140503,78.40373,0.33725795,0.25697368
19.37999987602234,78.37573,0.33725795,0.25819448
19.390000104904175,78.35973,0.33725795,0.25941524
19.40000033378601,78.31174,0.33725795,0.26063603
19.410000562667847,78.33974,0.33725795,0.2618568
19.420000791549683,78.327736,0.33725795,0.2618568
19.429999113082886,78.26373,0.33725795,0.26429835
19.43999934196472,78.25573,0.33725795,0.26429835
19.449999570846558,78.26774,0.33725795,0.26551914
19.459999799728394,78.247734,0.33725795,0.2667399
19.47000002861023,78.19573,0.33725795,0.2679607
19.480000257492065,78.175735,0.33725795,0.26918146
19.4900004863739,78.20773,0.33725795,0.27040225
19.500000715255737,78.15173,0.33725795,0.27162302
19.510000944137573,78.13174,0.33725795,0.2728438
19.519999265670776,78.135735,0.33725795,0.27406457
19.529999494552612,78.15173,0.33725795,0.27528536
19.53999972343445,78.10373,0.33725795,0.27650613
19.549999952316284,78.05974,0.33725795,0.27772692
19.56000018119812,78.05573,0.33725795,0.27894768
19.570000410079956,78.035736,0.33725795,0.28016847
19.580000638961792,78.035736,0.33725795,0.28138924
19.590000867843628,78.035736,0.33725795,0.28261003
19.59999918937683,78.01974,0.33725795,0.2838308
19.609999418258667,78.00774,0.33725795,0.2838308
19.619999647140503,77.967735,0.33725795,0.28505158
19.62999987602234,77.983734,0.33725795,0.28627235
19.640000104904175,77.93574,0.33725795,0.28749314
19.65000033378601,77.91573,0.33725795,0.2887139
19.660000562667847,77.93574,0.33725795,0.2899347
19.670000791549683,77.93173,0.33725795,0.29115546
19.679999113082886,77.90373,0.33725795,0.29237625
19.68999934196472,77.883736,0.33725795,0.293597
19.699999570846558,77.87574,0.33725795,0.2948178
19.709999799728394,77.855736,0.33725795,0.29603857
19.72000002861023,77.83974,0.33725795,0.29725936
19.730000257492065,77.81174,0.33725795,0.29848012
19.7400004863739,77.83574,0.33725795,0.29970092
19.750000715255737,77.83173,0.33725795,0.30092168
19.760000944137573,77.78374,0.33725795,0.30214247
19.769999265670776,77.79574,0.33725795,0.30336323
19.779999494552612,77.775734,0.33725795,0.30458403
19.78999972343445,77.747734,0.33725795,0.3058048
19.799999952316284,77.73573,0.33725795,0.3058048
19.81000018119812,77.759735,0.33732533,0.30702558
19.820000410079956,77.72374,0.33732533,0.30824634
19.830000638961792,77.731735,0.33732533,0.30946714
19.840000867843628,77.72774,0.33739272,0.30946714
19.84999918937683,77.72774,0.33739272,0.3106879
19.859999418258667,77.71173,0.3374601,0.3119087
19.869999647140503,77.731735,0.33759484,0.31312945
19.87999987602234,77.75173,0.33759484,0.31312945
19.890000104904175,77.74374,0.33766222,0.31435025
19.90000033378601,77.69574,0.33766222,0.315571
19.910000562667847,77.71574,0.33772957,0.315571
19.920000791549683,77.72774,0.33772957,0.3167918
19.929999113082886,77.74374,0.3378643,0.3167918
19.93999934196472,77.775734,0.33799908,0.3167918
19.949999570846558,77.82374,0.33820117,0.3167918
19.959999799728394,77.89574,0.33840328,0.3167918
19.97000002861023,77.927734,0.33880752,0.315571
19.980000257492065,78.06773,0.33941382,0.3119087
19.9900004863739,78.29173,0.34028965,0.30702558
20.000000715255737,78.55173,0.3413676,0.30092168
20.010000944137573,78.91173,0.34271502,0.293597
20.019999265670776,79.247734,0.34372556,0.28749314
20.029999494552612,79.443726,0.34426454,0.28505158
20.03999972343445,79.50373,0.34433192,0.28505158
20.049999952316284,79.51573,0.34439927,0.28505158
20.06000018119812,79.52373,0.34439927,0.28749314
20.070000410079956,79.49573,0.34446666,0.28749314
20.080000638961792,79.46773,0.34446666,0.2887139
20.090000867843628,79.47973,0.344534,0.2899347
20.09999918937683,79.471725,0.344534,0.29115546
20.109999418258667,79.45573,0.3446014,0.29115546
20.119999647140503,79.45174,0.3446014,0.29237625
20.12999987602234,79.47573,0.34466875,0.293597
20.140000104904175,79.46373,0.34473613,0.293597
20.15000033378601,79.42773,0.3448035,0.2948178
20.160000562667847,79.45174,0.3450056,0.2948178
20.170000791549683,79.51173,0.34514037,0.2948178
20.179999113082886,79.55173,0.34534246,0.2948178
20.18999934196472,79.599724,0.34554458,0.293597
20.199999570846558,79.64373,0.34588143,0.293597
20.209999799728394,79.74374,0.3462183,0.29237625
20.22000002861023,79.831726,0.3466225,0.2899347
20.230000257492065,79.955734,0.34716147,0.28749314
20.2400004863739,80.123726,0.3478352,0.2838308
20.250000715255737,80.279724,0.3485089,0.28016847
20.260000944137573,80.41973,0.34884575,0.27894768
20.269999265670776,80.49172,0.34884575,0.28016847
20.279999494552612,80.47572,0.34884575,0.28138924
20.28999972343445,80.44772,0.34884575,0.28261003
20.299999952316284,80.43572,0.34884575,0.2838308
20.31000018119812,80.42773,0.34884575,0.28505158
20.320000410079956,80.37973,0.34884575,0.28627235
20.330000638961792,80.35572,0.34884575,0.28749314
20.340000867843628,80.34373,0.34884575,0.2887139
20.34999918937683,80.375725,0.34884575,0.2899347
20.359999418258667,80.35572,0.3489131,0.2899347
20.369999647140503,80.31173,0.3489131,0.29115546
20.37999987602234,80.30373,0.3489131,0.29237625
20.390000104904175,80.291725,0.3489131,0.293597
20.40000033378601,80.27572,0.3489805,0.2948178
20.410000562667847,80.28373,0.3489805,0.2948178
20.420000791549683,80.29573,0.3489805,0.29725936
20.429999113082886,80.26772,0.3489805,0.29725936
20.43999934196472,80.23173,0.34904787,0.29848012
20.449999570846558,80.235725,0.34904787,0.29970092
20.459999799728394,80.23972,0.34911525,0.30092168
20.47000002861023,80.24373,0.34911525,0.30092168
20.480000257492065,80.247734,0.34911525,0.30336323
20.4900004863739,80.23972,0.34918258,0.30336323
20.500000715255737,80.21172,0.34918258,0.30458403
20.510000944137573,80.16773,0.34918258,0.3058048
20.519999265670776,80.19173,0.34924996,0.30702558
20.529999494552612,80.22773,0.34931734,0.30702558
20.53999972343445,80.20773,0.34931734,0.30824634
20.549999952316284,80.21172,0.34945208,0.30824634
20.56000018119812,80.23173,0.3495868,0.30946714
20.570000410079956,80.24373,0.3496542,0.30946714
20.580000638961792,80.235725,0.34978893,0.30946714
20.590000867843628,80.28373,0.34978893,0.3106879
20.59999918937683,80.30373,0.34985632,0.3106879
20.609999418258667,80.28773,0.34999105,0.3119087
20.619999647140503,80.28373,0.3500584,0.3119087
20.62999987602234,80.33973,0.3501258,0.31312945
20.640000104904175,80.331726,0.35019317,0.31312945
20.65000033378601,80.331726,0.3503279,0.31435025
20.660000562667847,80.37173,0.3503953,0.31435025
20.670000791549683,80.36773,0.35053,0.315571
20.679999113082886,80.39572,0.35066476,0.315571
20.68999934196472,80.42372,0.3507995,0.315571
20.699999570846558,80.49172,0.35100162,0.315571
20.709999799728394,80.55173,0.35127112,0.31435025
20.72000002861023,80.59173,0.3515406,0.31312945
20.730000257492065,80.66373,0.3520122,0.3119087
20.7400004863739,80.84373,0.35261852,0.30824634
20.750000715255737,81.015724,0.3533596,0.30458403
20.760000944137573,81.24372,0.3542354,0.29970092
20.769999265670776,81.487724,0.3551112,0.2948178
20.779999494552612,81.667725,0.3556502,0.29237625
20.78999972343445,81.71973,0.35578495,0.29237625
20.799999952316284,81.72772,0.35578495,0.293597
20.81000018119812,81.75172,0.35578495,0.2948178
20.820000410079956,81.75172,0.35578495,0.29603857
20.830000638961792,81.71973,0.3558523,0.29603857
20.840000867843628,81.68772,0.3558523,0.29725936
20.84999918937683,81.69173,0.3558523,0.29848012
20.859999418258667,81.651726,0.3558523,0.29970092
20.869999647140503,81.655716,0.3558523,0.30092168
20.87999987602234,81.67572,0.3559197,0.30214247
20.890000104904175,81.65972,0.3559197,0.30336323
20.90000033378601,81.615715,0.3559197,0.30458403
20.910000562667847,81.58772,0.3559197,0.3058048
20.920000791549683,81.59172,0.3559197,0.30702558
20.929999113082886,81.595726,0.35598704,0.30702558
20.93999934196472,81.599724,0.35598704,0.30824634
20.949999570846558,81.60772,0.35605443,0.30946714
20.959999799728394,81.611725,0.35612178,0.30946714
20.97000002861023,81.57972,0.35612178,0.3106879
20.980000257492065,81.575714,0.35618916,0.3106879
20.9900004863739,81.611725,0.35618916,0.31312945
21.000000715255737,81.59172,0.35625654,0.31312945
21.010000944137573,81.583725,0.35632393,0.31435025
21.019999265670776,81.615715,0.35645863,0.31435025
21.029999494552612,81.61972,0.35645863,0.315571
21.03999972343445,81.61972,0.35659337,0.315571
21.049999952316284,81.64372,0.35679552,0.315571
21.06000018119812,81.72372,0.3569976,0.315571
21.070000410079956,81.75973,0.35713235,0.315571
21.080000638961792,81.75973,0.35740182,0.315571
21.090000867843628,81.84372,0.3576713,0.31435025
21.09999918937683,81.959724,0.3581429,0.3119087
21.109999418258667,82.08772,0.3586819,0.30946714
21.119999647140503,82.239716,0.35935557,0.3058048
21.12999987602234,82.46372,0.3600293,0.30214247
21.140000104904175,82.64772,0.3609051,0.29725936
21.15000033378601,82.85972,0.36171356,0.29237625
21.160000562667847,83.05171,0.36231992,0.2899347
21.170000791549683,83.15971,0.3625894,0.2887139
21.179999113082886,83.20372,0.36272413,0.2899347
21.18999934196472,83.19572,0.36272413,0.2899347
21.199999570846558,83.20372,0.36279148,0.29115546
21.209999799728394,83.211716,0.36285886,0.29115546
21.22000002861023,83.17972,0.36292624,0.293597
21.230000257492065,83.17972,0.36292624,0.293597
21.2400004863739,83.19172,0.3629936,0.2948178
21.250000715255737,83.16372,0.3629936,0.2948178
21.260000944137573,83.13572,0.36312836,0.29603857
21.269999265670776,83.19172,0.36326307,0.29603857
21.279999494552612,83.239716,0.36339784,0.29603857
21.28999972343445,83.267715,0.36359996,0.29603857
21.299999952316284,83.32771,0.3639368,0.2948178
21.31000018119812,83.45171,0.3644084,0.29237625
21.320000410079956,83.559715,0.36487997,0.29115546
21.330000638961792,83.64372,0.36548632,0.28749314
21.340000867843628,83.83572,0.36609268,0.2838308
21.34999918937683,84.05572,0.36676636,0.28138924
21.359999418258667,84.211716,0.36737272,0.27772692
21.369999647140503,84.33172,0.36770958,0.27650613
21.37999987602234,84.40371,0.36797905,0.27528536
21.390000104904175,84.39972,0.3681138,0.27650613
21.40000033378601,84.407715,0.36818117,0.27650613
21.410000562667847,84.407715,0.36818117,0.27772692
21.420000791549683,84.43971,0.36824855,0.27894768
21.429999113082886,84.407715,0.36831588,0.28016847
21.43999934196472,84.37571,0.36838326,0.28016847
21.449999570846558,84.37171,0.36838326,0.28138924
21.459999799728394,84.37571,0.36845064,0.28138924
21.47000002861023,84.379715,0.368518,0.28261003
21.480000257492065,84.38772,0.36858538,0.2838308
21.4900004863739,84.407715,0.36865276,0.2838308
21.500000715255737,84.40371,0.36878747,0.2838308
21.510000944137573,84.39571,0.36885485,0.28505158
21.519999265670776,84.39972,0.36885485,0.28627235
21.529999494552612,84.42371,0.36892223,0.28627235
21.53999972343445,84.43171,0.36898962,0.28749314
21.549999952316284,84.41171,0.36898962,0.2887139
21.56000018119812,84.407715,0.36905697,0.2899347
21.570000410079956,84.379715,0.36905697,0.2899347
21.580000638961792,84.34371,0.36905697,0.29115546
21.590000867843628,84.37171,0.36912435,0.29237625
21.59999918937683,84.379715,0.3691917,0.293597
21.609999418258667,84.36371,0.3691917,0.293597
21.619999647140503,84.37171,0.3692591,0.2948178
21.62999987602234,84.39571,0.36932644,0.2948178
21.640000104904175,84.37171,0.36939383,0.29603857
21.65000033378601,84.34371,0.36939383,0.29725936
21.660000562667847,84.35171,0.3694612,0.29848012
21.670000791549683,84.38371,0.36959592,0.29848012
21.679999113082886,84.43171,0.36979806,0.29848012
21.68999934196472,84.47971,0.3701349,0.29725936
21.699999570846558,84.58372,0.37053913,0.29603857
21.709999799728394,84.7197,0.37101072,0.293597
21.72000002861023,84.83971,0.37161708,0.2899347
21.730000257492065,84.98771,0.3722234,0.28749314
21.7400004863739,85.159706,0.37282974,0.2838308
21.750000715255737,85.311714,0.3733687,0.28138924
21.760000944137573,85.43171,0.37384027,0.27894768
21.769999265670776,85.535706,0.37404242,0.27894768
21.779999494552612,85.5837,0.37417716,0.27894768
21.78999972343445,85.54771,0.3742445,0.28016847
21.799999952316284,85.55171,0.3743119,0.28016847
21.81000018119812,85.57971,0.3743119,0.28138924
21.820000410079956,85.55971,0.37437925,0.28261003
21.830000638961792,85.53971,0.37437925,0.2838308
21.840000867843628,85.55171,0.37444663,0.2838308
21.84999918937683,85.52371,0.37444663,0.28505158
21.859999418258667,85.51171,0.374514,0.28627235
21.869999647140503,85.50371,0.374514,0.28749314
21.87999987602234,85.51971,0.374514,0.2887139
21.890000104904175,85.49971,0.374514,0.2899347
21.90000033378601,85.45971,0.3745814,0.2899347
21.910000562667847,85.45571,0.3745814,0.29115546
21.920000791549683,85.49571,0.3747161,0.29237625
21.929999113082886,85.467705,0.3747161,0.29237625
21.93999934196472,85.475716,0.3747835,0.293597
21.949999570846558,85.49971,0.37485087,0.293597
21.959999799728394,85.51171,0.37485087,0.2948178
21.97000002861023,85.467705,0.37491822,0.29603857
21.980000257492065,85.46371,0.3749856,0.29725936
21.9900004863739,85.48771,0.375053,0.29725936
22.000000715255737,85.48371,0.375053,0.29848012
22.010000944137573,85.475716,0.37512034,0.29970092
22.019999265670776,85.475716,0.3751877,0.29970092
22.029999494552612,85.48371,0.37525508,0.30092168
22.03999972343445,85.51171,0.3754572,0.30092168
22.049999952316284,85.55171,0.37565932,0.29970092
22.06000018119812,85.635704,0.3759288,0.29970092
22.070000410079956,85.68771,0.37633303,0.29725936
22.080000638961792,85.77571,0.3768046,0.29603857
22.090000867843628,85.9557,0.37741095,0.293597
22.09999918937683,86.11571,0.37794992,0.2899347
22.109999418258667,86.25171,0.37855625,0.28749314
22.119999647140503,86.411705,0.37909523,0.2838308
22.12999987602234,86.5557,0.37956682,0.28261003
22.140000104904175,86.65571,0.37990367,0.28138924
22.15000033378601,86.663704,0.3801058,0.28138924
22.160000562667847,86.7117,0.3801058,0.28138924
22.170000791549683,86.7117,0.3801058,0.2838308
22.179999113082886,86.6917,0.38017318,0.2838308
22.18999934196472,86.675705,0.38017318,0.28505158
22.199999570846558,86.6837,0.38017318,0.28627235
22.209999799728394,86.65571,0.3802405,0.28749314
22.22000002861023,86.63971,0.3802405,0.28749314
22.230000257492065,86.61571,0.3802405,0.2899347
22.2400004863739,86.6437,0.3802405,0.2899347
22.250000715255737,86.619705,0.3802405,0.29115546
22.260000944137573,86.57571,0.38030788,0.29237625
22.269999265670776,86.57571,0.38030788,0.293597
22.279999494552612,86.56371,0.38030788,0.2948178
22.28999972343445,86.55971,0.38030788,0.2948178
22.299999952316284,86.5557,0.38030788,0.29725936
22.31000018119812,86.58771,0.38030788,0.29725936
22.320000410079956,86.52371,0.38037527,0.29848012
22.330000638961792,86.48371,0.38037527,0.29970092
22.340000867843628,86.48371,0.38037527,0.30092168
22.34999918937683,86.5157,0.38044265,0.30092168
22.359999418258667,86.5277,0.38051,0.30214247
22.369999647140503,86.5277,0.38051,0.30336323
22.37999987602234,86.507706,0.3805774,0.30458403
22.390000104904175,86.51971,0.38064474,0.30458403
22.40000033378601,86.47571,0.3807121,0.3058048
22.410000562667847,86.4877,0.3807121,0.30702558
22.420000791549683,86.54771,0.38077947,0.30702558
22.429999113082886,86.51971,0.38084686,0.30824634
22.43999934196472,86.507706,0.38091424,0.30946714
22.449999570846558,86.51971,0.38091424,0.30946714
22.459999799728394,86.535706,0.3809816,0.3106879
22.47000002861023,86.53171,0.38111633,0.3106879
22.480000257492065,86.535706,0.3811837,0.3106879
22.4900004863739,86.58771,0.38125107,0.3119087
22.500000715255737,86.5677,0.38131845,0.31312945
22.510000944137573,86.54771,0.38145322,0.31312945
22.519999265670776,86.57571,0.38158792,0.31312945
22.529999494552612,86.6437,0.3817227,0.31435025
22.53999972343445,86.659706,0.38185742,0.31435025
22.549999952316284,86.687706,0.38199216,0.31435025
22.56000018119812,86.7237,0.38219428,0.31312945
22.570000410079956,86.77571,0.38246375,0.31312945
22.580000638961792,86.827705,0.38286796,0.3106879
22.590000867843628,86.9837,0.38333958,0.30946714
22.59999918937683,87.1397,0.38387856,0.30702558
22.609999418258667,87.2717,0.38448486,0.30336323
22.619999647140503,87.4197,0.38509122,0.30092168
22.62999987602234,87.5837,0.3855628,0.29848012
22.640000104904175,87.72771,0.38596705,0.29725936
22.65000033378601,87.747696,0.38616914,0.29725936
22.660000562667847,87.7637,0.38623652,0.29725936
22.670000791549683,87.7797,0.38623652,0.29848012
22.679999113082886,87.72771,0.38623652,0.29970092
22.68999934196472,87.719696,0.38623652,0.30092168
22.699999570846558,87.747696,0.38630387,0.30092168
22.709999799728394,87.7677,0.38643864,0.30092168
22.72000002861023,87.7517,0.38650602,0.30214247
22.730000257492065,87.7357,0.38650602,0.30336323
22.7400004863739,87.75571,0.38664073,0.30336323
22.750000715255737,87.78371,0.3867081,0.30458403
22.760000944137573,87.747696,0.3867755,0.3058048
22.769999265670776,87.7877,0.38684285,0.3058048
22.779999494552612,87.7917,0.38691023,0.30702558
22.78999972343445,87.7677,0.38691023,0.30702558
22.799999952316284,87.7637,0.3869776,0.30824634
22.81000018119812,87.7917,0.38711232,0.30824634
22.820000410079956,87.8117,0.3872471,0.30946714
22.830000638961792,87.8277,0.38731447,0.30946714
22.840000867843628,87.8397,0.38744918,0.3106879
22.84999918937683,87.8477,0.38758394,0.30946714
22.859999418258667,87.8757,0.38771868,0.30946714
22.869999647140503,87.871704,0.3878534,0.3106879
22.87999987602234,87.931694,0.38792077,0.3106879
22.890000104904175,87.9557,0.38798815,0.3119087
22.90000033378601,87.9637,0.38819027,0.3119087
22.910000562667847,88.011696,0.3883924,0.3106879
22.920000791549683,88.0717,0.3887292,0.30946714
22.929999113082886,88.1397,0.38913345,0.30946714
22.93999934196472,88.263695,0.38960505,0.3058048
22.949999570846558,88.4437,0.3902114,0.30336323
22.959999799728394,88.6357,0.39088508,0.29970092
22.97000002861023,88.7917,0.39142406,0.29725936
22.980000257492065,88.8997,0.39203042,0.2948178
22.9900004863739,89.011696,0.39236727,0.293597
23.000000715255737,89.04769,0.39243463,0.293597
23.010000944137573,89.0277,0.392502,0.2948178
23.019999265670776,89.067696,0.392502,0.2948178
23.029999494552612,89.05969,0.392502,0.29725936
23.03999972343445,89.01969,0.392502,0.29725936
23.049999952316284,88.9957,0.39256936,0.29848012
23.06000018119812,89.01969,0.39263672,0.29970092
23.070000410079956,89.0157,0.39263672,0.29970092
23.080000638961792,88.971695,0.39263672,0.30092168
23.090000867843628,88.9517,0.39263672,0.30214247
23.09999918937683,88.9757,0.39263672,0.30336323
23.109999418258667,88.9637,0.3927041,0.30458403
23.119999647140503,88.9517,0.39277148,0.3058048
23.12999987602234,88.983696,0.39283887,0.3058048
23.140000104904175,88.9757,0.39283887,0.30702558
23.15000033378601,88.9597,0.39290622,0.30702558
23.160000562667847,88.971695,0.39297357,0.30824634
23.170000791549683,88.9597,0.39304096,0.30946714
23.179999113082886,88.9277,0.39304096,0.3106879
23.18999934196472,88.9477,0.39304096,0.3106879
23.199999570846558,88.971695,0.39310834,0.3119087
23.209999799728394,88.971695,0.3931757,0.31312945
23.22000002861023,88.943695,0.39331046,0.31312945
23.230000257492065,88.9757,0.39351255,0.31312945
23.2400004863739,89.0557,0.39371467,0.31312945
23.250000715255737,89.1037,0.39405152,0.3119087
23.260000944137573,89.179695,0.39445576,0.30946714
23.269999265670776,89.3277,0.39506206,0.30702558
23.279999494552612,89.4917,0.39580318,0.30336323
23.28999972343445,89.75169,0.39674637,0.29725936
23.299999952316284,90.0357,0.39789167,0.2899347
23.31000018119812,90.43969,0.3993738,0.28138924
23.320000410079956,90.78368,0.40045175,0.27528536
23.330000638961792,90.95969,0.4011928,0.27162302
23.340000867843628,91.115685,0.40179917,0.2679607
23.34999918937683,91.26769,0.40227076,0.26551914
23.359999418258667,91.403694,0.4028097,0.26429835
23.369999647140503,91.51969,0.4032813,0.2618568
23.37999987602234,91.67969,0.40388766,0.25819448
23.390000104904175,91.823685,0.40456137,0.25453213
23.40000033378601,91.97968,0.40523508,0.2508698
23.410000562667847,92.099686,0.40557194,0.24964903
23.420000791549683,92.12368,0.40557194,0.2508698
23.429999113082886,92.099686,0.40557194,0.25209057
23.43999934196472,92.07568,0.40557194,0.25331137
23.449999570846558,92.06369,0.40557194,0.25453213
23.459999799728394,92.043686,0.40557194,0.25575292
23.47000002861023,91.99569,0.40557194,0.25697368
23.480000257492065,91.96768,0.40557194,0.25819448
23.4900004863739,91.98369,0.40557194,0.25941524
23.500000715255737,91.94369,0.40557194,0.26063603
23.510000944137573,91.90369,0.40557194,0.2618568
23.519999265670776,91.89569,0.40557194,0.2630776
23.529999494552612,91.88769,0.40557194,0.26429835
23.53999972343445,91.88769,0.40557194,0.26551914
23.549999952316284,91.85569,0.40557194,0.26551914
23.56000018119812,91.86769,0.40557194,0.2679607
23.570000410079956,91.851685,0.40557194,0.2679607
23.580000638961792,91.78368,0.40557194,0.27040225
23.590000867843628,91.77569,0.40557194,0.27040225
23.59999918937683,91.795685,0.40557194,0.27162302
23.609999418258667,91.77169,0.40557194,0.2728438
23.619999647140503,91.73569,0.40557194,0.27406457
23.62999987602234,91.727684,0.40557194,0.27528536
23.640000104904175,91.70769,0.40557194,0.27650613
23.65000033378601,91.67169,0.40557194,0.27772692
23.660000562667847,91.68369,0.40557194,0.27894768
23.670000791549683,91.66369,0.40557194,0.28016847
23.679999113082886,91.64768,0.40557194,0.28138924
23.68999934196472,91.59569,0.40557194,0.28261003
23.699999570846558,91.60369,0.40557194,0.2838308
23.709999799728394,91.62769,0.40557194,0.28505158
23.72000002861023,91.58769,0.40557194,0.28505158
23.730000257492065,91.55169,0.40557194,0.28749314
23.7400004863739,91.56769,0.40557194,0.28749314
23.750000715255737,91.531685,0.40557194,0.2899347
23.760000944137573,91.511696,0.40557194,0.2899347
23.769999265670776,91.50769,0.40557194,0.29115546
23.779999494552612,91.51969,0.40557194,0.29237625
23.78999972343445,91.511696,0.40557194,0.293597
23.799999952316284,91.45569,0.40557194,0.2948178
23.81000018119812,91.43969,0.40557194,0.29603857
23.820000410079956,91.443695,0.40557194,0.29725936
23.830000638961792,91.403694,0.40557194,0.29848012
23.840000867843628,91.42368,0.40557194,0.29970092
23.84999918937683,91.447685,0.40557194,0.30092168
23.859999418258667,91.39969,0.40557194,0.30214247
23.869999647140503,91.34769,0.4056393,0.30214247
23.87999987602234,91.36768,0.4056393,0.30336323
23.890000104904175,91.35969,0.4056393,0.30458403
23.90000033378601,91.34769,0.4056393,0.3058048
23.910000562667847,91.32369,0.4056393,0.30702558
23.920000791549683,91.32768,0.4056393,0.30824634
23.929999113082886,91.28369,0.4056393,0.30946714
23.93999934196472,91.26369,0.4056393,0.3106879
23.949999570846558,91.28369,0.4056393,0.3119087
23.959999799728394,91.31569,0.40570664,0.31312945
23.97000002861023,91.28768,0.40577403,0.31312945
23.980000257492065,91.27569,0.4058414,0.31435025
23.9900004863739,91.29169,0.40590876,0.31435025
24.000000715255737,91.279686,0.40604353,0.315571
24.010000944137573,91.31169,0.40611088,0.315571
24.019999265670776,91.33169,0.40617824,0.315571
24.029999494552612,91.34369,0.40624562,0.3167918
24.03999972343445,91.35969,0.406313,0.3167918
24.049999952316284,91.35169,0.40644774,0.31801257
24.06000018119812,91.39969,0.40651512,0.31801257
24.070000410079956,91.39969,0.40664986,0.31923336
24.080000638961792,91.38769,0.4067846,0.31923336
24.090000867843628,91.43969,0.40691936,0.31923336
24.09999918937683,91.491684,0.40712145,0.31923336
24.109999418258667,91.54769,0.4074583,0.31801257
24.119999647140503,91.65169,0.4079299,0.315571
24.12999987602234,91.823685,0.40853623,0.31312945
24.140000104904175,92.02769,0.40941206,0.30702558
24.15000033378601,92.29968,0.41048998,0.30092168
24.160000562667847,92.58369,0.41170266,0.293597
24.170000791549683,92.91168,0.41264585,0.2887139
24.179999113082886,93.03968,0.4129827,0.28749314
24.18999934196472,93.059685,0.4129827,0.2887139
24.199999570846558,93.059685,0.41305006,0.2899347
24.209999799728394,93.06768,0.41305006,0.2899347
24.22000002861023,93.02369,0.41305006,0.29115546
24.230000257492065,93.00768,0.41305006,0.29237625
24.2400004863739,93.01169,0.41305006,0.293597
24.250000715255737,93.01169,0.41311744,0.2948178
24.260000944137573,92.975685,0.41311744,0.29603857
24.269999265670776,92.94768,0.41311744,0.29725936
24.279999494552612,92.93968,0.41311744,0.29848012
24.28999972343445,92.93968,0.41311744,0.29970092
24.299999952316284,92.91168,0.41318482,0.29970092
24.31000018119812,92.97968,0.41331956,0.29970092
24.320000410079956,92.98369,0.4133869,0.30092168
24.330000638961792,92.94768,0.41352168,0.30092168
24.340000867843628,92.97169,0.4136564,0.30092168
24.34999918937683,93.019684,0.4138585,0.30092168
24.359999418258667,93.059685,0.41406065,0.30092168
24.369999647140503,93.10768,0.41433012,0.29970092
24.37999987602234,93.21168,0.41459963,0.29970092
24.390000104904175,93.30768,0.41493645,0.29848012
24.40000033378601,93.37568,0.4153407,0.29603857
24.410000562667847,93.451675,0.41581228,0.2948178
24.420000791549683,93.59568,0.41628388,0.29237625
24.429999113082886,93.727684,0.41675544,0.2899347
24.43999934196472,93.83168,0.41715968,0.2887139
24.449999570846558,93.89168,0.41742918,0.28749314
24.459999799728394,93.92767,0.41742918,0.2887139
24.47000002861023,93.90768,0.41749656,0.2899347
24.480000257492065,93.89968,0.41749656,0.29115546
24.4900004863739,93.91568,0.41749656,0.29237625
24.500000715255737,93.88767,0.41749656,0.293597
24.510000944137573,93.87568,0.41756392,0.2948178
24.519999265670776,93.83168,0.41756392,0.2948178
24.529999494552612,93.839676,0.41756392,0.29603857
24.53999972343445,93.82768,0.41763127,0.29725936
24.549999952316284,93.81568,0.41763127,0.29848012
24.56000018119812,93.85568,0.41769865,0.29848012
24.570000410079956,93.85168,0.41769865,0.29970092
24.580000638961792,93.80368,0.41776603,0.30092168
24.590000867843628,93.79968,0.41776603,0.30092168
24.59999918937683,93.807686,0.4178334,0.30214247
24.609999418258667,93.79968,0.41790077,0.30336323
24.619999647140503,93.78768,0.41796815,0.30336323
24.62999987602234,93.811676,0.4180355,0.30458403
24.640000104904175,93.84768,0.41817024,0.30458403
24.65000033378601,93.82768,0.41823763,0.3058048
24.660000562667847,93.839676,0.41823763,0.30702558
24.670000791549683,93.85168,0.418305,0.30702558
24.679999113082886,93.85969,0.41837236,0.30824634
24.68999934196472,93.84368,0.41843972,0.30824634
24.699999570846558,93.82768,0.4185071,0.30946714
24.709999799728394,93.85969,0.41857448,0.30946714
24.72000002861023,93.87568,0.41864184,0.3106879
24.730000257492065,93.89168,0.4187766,0.3106879
24.7400004863739,93.89568,0.41884398,0.3119087
24.750000715255737,93.90768,0.41884398,0.31312945
24.760000944137573,93.87168,0.4189113,0.31312945
24.769999265670776,93.85969,0.4189787,0.31435025
24.779999494552612,93.93168,0.41904607,0.31435025
24.78999972343445,93.93168,0.4191808,0.315571
24.799999952316284,93.89968,0.4192482,0.315571
24.81000018119812,93.92368,0.41938293,0.315571
24.820000410079956,93.963684,0.41951767,0.315571
24.830000638961792,93.991684,0.41971976,0.315571
24.840000867843628,94.06768,0.4199219,0.315571
24.84999918937683,94.12768,0.42019138,0.315571
24.859999418258667,94.18368,0.42052823,0.31312945
24.869999647140503,94.259674,0.42106718,0.3119087
24.87999987602234,94.41168,0.42167354,0.30824634
24.890000104904175,94.63968,0.42248198,0.30458403
24.90000033378601,94.84768,0.42322305,0.29970092
24.910000562667847,95.035675,0.4238968,0.29603857
24.920000791549683,95.231674,0.4245031,0.293597
24.929999113082886,95.34767,0.42490733,0.29115546
24.93999934196472,95.38767,0.42510945,0.29115546
24.949999570846558,95.40367,0.42531154,0.29115546
24.959999799728394,95.451675,0.42537892,0.29115546
24.97000002861023,95.47568,0.42551365,0.29115546
24.980000257492065,95.45968,0.42558104,0.29237625
24.9900004863739,95.495674,0.42571577,0.29237625
25.000000715255737,95.523674,0.4258505,0.293597
25.010000944137573,95.523674,0.4259179,0.293597
25.019999265670776,95.51568,0.42598528,0.2948178
25.029999494552612,95.54368,0.42605263,0.2948178
25.03999972343445,95.53967,0.42625475,0.2948178
25.049999952316284,95.563675,0.42645687,0.2948178
25.06000018119812,95.631676,0.42679372,0.293597
25.070000410079956,95.72367,0.42719793,0.29237625
25.080000638961792,95.81967,0.4275348,0.29115546
25.090000867843628,95.91568,0.427939,0.2887139
25.09999918937683,96.03967,0.42841062,0.28749314
25.109999418258667,96.147675,0.42881483,0.28505158
25.119999647140503,96.22367,0.42928642,0.2838308
25.12999987602234,96.35567,0.4298254,0.28016847
25.140000104904175,96.54367,0.4304991,0.27772692
25.15000033378601,96.67168,0.43103808,0.27406457
25.160000562667847,96.76367,0.4313749,0.2728438
25.170000791549683,96.83167,0.43157706,0.2728438
25.179999113082886,96.86367,0.43164438,0.27406457
25.18999934196472,96.86367,0.43171176,0.27406457
25.199999570846558,96.83967,0.43177915,0.27528536
25.209999799728394,96.85167,0.43177915,0.27650613
25.22000002861023,96.827675,0.43184653,0.27650613
25.230000257492065,96.79567,0.43191388,0.27772692
25.2400004863739,96.84367,0.43198127,0.27772692
25.250000715255737,96.859665,0.43198127,0.28016847
25.260000944137573,96.81167,0.43198127,0.28016847
25.269999265670776,96.787674,0.43204862,0.28138924
25.279999494552612,96.79567,0.43204862,0.28261003
25.28999972343445,96.77167,0.43204862,0.2838308
25.299999952316284,96.74767,0.432116,0.2838308
25.31000018119812,96.77968,0.43225074,0.28505158
25.320000410079956,96.79967,0.43231812,0.28505158
25.330000638961792,96.80367,0.43245283,0.28627235
25.340000867843628,96.83167,0.4325202,0.28627235
25.34999918937683,96.85167,0.43272233,0.28505158
25.359999418258667,96.89167,0.4329918,0.28505158
25.369999647140503,96.915665,0.43312657,0.28505158
25.37999987602234,96.97167,0.43339604,0.28505158
25.390000104904175,97.05567,0.43366554,0.2838308
25.40000033378601,97.09966,0.43406975,0.28261003
25.410000562667847,97.21167,0.43454134,0.28016847
25.420000791549683,97.30767,0.4348782,0.27894768
25.429999113082886,97.42767,0.43521506,0.27772692
25.43999934196472,97.47567,0.43541718,0.27772692
25.449999570846558,97.51567,0.43561926,0.27772692
25.459999799728394,97.54367,0.43575403,0.27772692
25.47000002861023,97.55167,0.43595612,0.27772692
25.480000257492065,97.55167,0.43615824,0.27772692
25.4900004863739,97.61967,0.43622562,0.27772692
25.500000715255737,97.65566,0.43629298,0.27894768
25.510000944137573,97.635666,0.43636036,0.27894768
25.519999265670776,97.62767,0.4364277,0.28016847
25.529999494552612,97.63167,0.4364277,0.28138924
25.53999972343445,97.59167,0.4364951,0.28138924
25.549999952316284,97.595665,0.43656248,0.28261003
25.56000018119812,97.61566,0.4366972,0.28261003
25.570000410079956,97.62767,0.43676457,0.2838308
25.580000638961792,97.63967,0.43683195,0.2838308
25.590000867843628,97.61967,0.4368993,0.28505158
25.59999918937683,97.63967,0.4368993,0.28505158
25.609999418258667,97.663666,0.4369667,0.28627235
25.619999647140503,97.63967,0.43703407,0.28749314
25.62999987602234,97.64366,0.43723616,0.28749314
25.640000104904175,97.67967,0.43730354,0.28749314
25.65000033378601,97.65566,0.43737093,0.2887139
25.660000562667847,97.67567,0.43743828,0.2887139
25.670000791549683,97.71567,0.43750566,0.2899347
25.679999113082886,97.69167,0.43757302,0.2899347
25.68999934196472,97.69566,0.43757302,0.29115546
25.699999570846558,97.66767,0.4376404,0.29237625
25.709999799728394,97.69167,0.43770775,0.293597
25.72000002861023,97.68366,0.43770775,0.293597
25.730000257492065,97.67166,0.43777514,0.2948178
25.7400004863739,97.69566,0.43784252,0.2948178
25.750000715255737,97.71567,0.4379099,0.29603857
25.760000944137573,97.67567,0.4379099,0.29725936
25.769999265670776,97.67567,0.43797725,0.29725936
25.779999494552612,97.69967,0.438112,0.29848012
25.78999972343445,97.72767,0.43817937,0.29848012
25.799999952316284,97.71166,0.4383141,0.29970092
25.81000018119812,97.72366,0.43844885,0.29970092
25.820000410079956,97.74767,0.4385162,0.29970092
25.830000638961792,97.763664,0.43865097,0.29970092
25.840000867843628,97.787674,0.43885306,0.29970092
25.84999918937683,97.87567,0.43905517,0.29970092
25.859999418258667,97.93167,0.43939203,0.29970092
25.869999647140503,97.97967,0.4397289,0.29725936
25.87999987602234,98.095665,0.44020048,0.2948178
25.890000104904175,98.22766,0.44067207,0.293597
25.90000033378601,98.35166,0.44121104,0.29115546
25.910000562667847,98.47567,0.44175002,0.2887139
25.920000791549683,98.61967,0.44228896,0.28505158
25.929999113082886,98.78366,0.44282794,0.2838308
25.93999934196472,98.85166,0.4430974,0.28138924
25.949999570846558,98.87567,0.44323218,0.28261003
25.959999799728394,98.90766,0.44329953,0.28261003
25.97000002861023,98.927666,0.4434343,0.2838308
25.980000257492065,98.90766,0.44350168,0.2838308
25.9900004863739,98.927666,0.443569,0.28505158
26.000000715255737,98.93967,0.443569,0.28505158
26.010000944137573,98.903656,0.4436364,0.28627235
26.019999265670776,98.91966,0.44377115,0.28627235
26.029999494552612,98.94766,0.44377115,0.28749314
26.03999972343445,98.94366,0.4438385,0.2887139
26.049999952316284,98.89166,0.4438385,0.2899347
26.06000018119812,98.899666,0.4438385,0.29115546
26.070000410079956,98.90766,0.4439059,0.29115546
26.080000638961792,98.899666,0.4439059,0.29237625
26.090000867843628,98.86766,0.4439059,0.293597
26.09999918937683,98.887665,0.4439059,0.2948178
26.109999418258667,98.86766,0.4439059,0.29603857
26.119999647140503,98.83567,0.44397324,0.29725936
26.12999987602234,98.83567,0.44397324,0.29725936
26.140000104904175,98.83966,0.44397324,0.29970092
26.15000033378601,98.79966,0.44404063,0.29970092
26.160000562667847,98.78766,0.44410798,0.30092168
26.170000791549683,98.78766,0.44417536,0.30092168
26.179999113082886,98.83567,0.44431013,0.30092168
26.18999934196472,98.871666,0.44444484,0.30092168
26.199999570846558,98.89566,0.44464695,0.30092168
26.209999799728394,98.94366,0.4447817,0.30092168
26.22000002861023,98.95167,0.44491643,0.30214247
26.230000257492065,98.93566,0.4450512,0.30214247
26.2400004863739,98.98766,0.44525328,0.30214247
26.250000715255737,99.055664,0.4454554,0.30214247
26.260000944137573,99.09966,0.4456575,0.30214247
26.269999265670776,99.151665,0.445927,0.30092168
26.279999494552612,99.22766,0.44633123,0.29970092
26.28999972343445,99.32766,0.44673544,0.29725936
26.299999952316284,99.39166,0.4470723,0.29725936
26.31000018119812,99.45966,0.44734177,0.2948178
26.320000410079956,99.57166,0.44761127,0.2948178
26.330000638961792,99.61566,0.44781336,0.2948178
26.340000867843628,99.65966,0.44808286,0.293597
26.34999918937683,99.735664,0.44841972,0.29237625
26.359999418258667,99.82766,0.44875658,0.29115546
26.369999647140503,99.87166,0.4489587,0.29115546
26.37999987602234,99.903656,0.4490934,0.29115546
26.390000104904175,99.92366,0.4490934,0.29237625
26.40000033378601,99.89966,0.44916078,0.293597
26.410000562667847,99.87966,0.44916078,0.2948178
26.420000791549683,99.875656,0.44929555,0.2948178
26.429999113082886,99.89966,0.4493629,0.29603857
26.43999934196472,99.89566,0.4493629,0.29603857
26.449999570846558,99.89566,0.4494303,0.29725936
26.459999799728394,99.91166,0.4494303,0.29848012
26.47000002861023,99.875656,0.4494303,0.29970092
26.480000257492065,99.83966,0.44949764,0.29970092
26.4900004863739,99.86366,0.44956502,0.30092168
26.500000715255737,99.875656,0.44956502,0.30214247
26.510000944137573,99.85966,0.44963238,0.30214247
26.519999265670776,99.84766,0.44969976,0.30336323
26.529999494552612,99.87966,0.44969976,0.30458403
26.53999972343445,99.85966,0.44969976,0.3058048
26.549999952316284,99.843666,0.44976714,0.3058048
26.56000018119812,99.843666,0.44983453,0.30702558
26.570000410079956,99.85966,0.45003662,0.30702558
26.580000638961792,99.875656,0.45017135,0.30702558
26.590000867843628,99.91566,0.4503061,0.30702558
26.59999918937683,99.95566,0.45044082,0.30702558
26.609999418258667,99.95566,0.4505082,0.30824634
26.619999647140503,99.97566,0.45064297,0.30824634
26.62999987602234,100.01566,0.45091245,0.30702558
26.640000104904175,100.07966,0.45111457,0.30702558
26.65000033378601,100.11966,0.45131665,0.30702558
26.660000562667847,100.13166,0.45158613,0.30702558
26.670000791549683,100.21566,0.45178825,0.3058048
26.679999113082886,100.27966,0.4519904,0.3058048
26.68999934196472,100.32766,0.45232722,0.30458403
26.699999570846558,100.40765,0.45266408,0.30336323
26.709999799728394,100.50766,0.45300093,0.30214247
26.72000002861023,100.57966,0.45340514,0.30092168
26.730000257492065,100.69166,0.45394412,0.29848012
26.7400004863739,100.82765,0.4544157,0.29603857
26.750000715255737,100.959656,0.45481995,0.2948178
26.760000944137573,101.02766,0.45508942,0.293597
26.769999265670776,101.06366,0.45522416,0.293597
26.779999494552612,101.09166,0.45522416,0.2948178
26.78999972343445,101.09166,0.45522416,0.29603857
26.799999952316284,101.03566,0.45529154,0.29725936
26.81000018119812,101.02366,0.45529154,0.29848012
26.820000410079956,101.015656,0.45529154,0.29970092
26.830000638961792,100.99165,0.45529154,0.30092168
26.840000867843628,100.96766,0.45529154,0.30092168
26.84999918937683,100.98366,0.45529154,0.30336323
26.859999418258667,100.99566,0.45529154,0.30336323
26.869999647140503,100.96766,0.45529154,0.3058048
26.87999987602234,100.92766,0.45529154,0.3058048
26.890000104904175,100.92766,0.45529154,0.30702558
26.90000033378601,100.89966,0.45535892,0.30824634
26.910000562667847,100.875656,0.45535892,0.30946714
26.920000791549683,100.879654,0.45535892,0.3106879
26.929999113082886,100.903656,0.45535892,0.3106879
26.93999934196472,100.86366,0.45535892,0.31312945
26.949999570846558,100.86366,0.45535892,0.31312945
26.959999799728394,100.85166,0.45542628,0.31435025
26.97000002861023,100.84366,0.45542628,0.315571
26.980000257492065,100.81166,0.45542628,0.3167918
26.9900004863739,100.83166,0.45549363,0.3167918
27.000000715255737,100.81966,0.45549363,0.31923336
27.010000944137573,100.78765,0.45549363,0.31923336
27.019999265670776,100.77566,0.45549363,0.32045412
27.029999494552612,100.79566,0.455561,0.3216749
27.03999972343445,100.79166,0.455561,0.32289568
27.049999952316284,100.75566,0.4556284,0.32289568
27.06000018119812,100.779655,0.4556284,0.32533723
27.070000410079956,100.78765,0.45576313,0.32533723
27.080000638961792,100.80366,0.45589787,0.32533723
27.090000867843628,100.82366,0.45596525,0.32533723
27.09999918937683,100.81565,0.4560326,0.32655802
27.109999418258667,100.84766,0.4560326,0.3277788
27.119999647140503,100.82366,0.4561,0.3277788
27.12999987602234,100.81966,0.4561,0.32899958
27.140000104904175,100.86366,0.45616737,0.33022034
27.15000033378601,100.81565,0.45623475,0.33022034
27.160000562667847,100.78765,0.45630208,0.33144113
27.170000791549683,100.82765,0.45636946,0.3326619
27.179999113082886,100.86366,0.45650423,0.3326619
27.18999934196472,100.86765,0.45663896,0.3326619
27.199999570846558,100.88766,0.45670632,0.3326619
27.209999799728394,100.919655,0.45677367,0.3338827
27.22000002861023,100.919655,0.45684105,0.33510345
27.230000257492065,100.89966,0.45697582,0.33510345
27.2400004863739,100.93166,0.45711052,0.33510345
27.250000715255737,100.97966,0.45731264,0.33510345
27.260000944137573,101.06765,0.4576495,0.3338827
27.269999265670776,101.13165,0.45805374,0.33144113
27.279999494552612,101.27566,0.45852533,0.33022034
27.28999972343445,101.431656,0.4591317,0.32655802
27.299999952316284,101.55166,0.45980537,0.32289568
27.31000018119812,101.779655,0.4606812,0.31923336
27.320000410079956,102.06365,0.46162438,0.31312945
27.330000638961792,102.26365,0.46243283,0.30946714
27.340000867843628,102.39965,0.4627023,0.30824634
27.34999918937683,102.42365,0.4627697,0.30824634
27.359999418258667,102.431656,0.4627697,0.30946714
27.369999647140503,102.38765,0.4627697,0.3106879
27.37999987602234,102.363655,0.4627697,0.3119087
27.390000104904175,102.39965,0.4627697,0.31312945
27.40000033378601,102.37165,0.4627697,0.31435025
27.410000562667847,102.339645,0.46283707,0.315571
27.420000791549683,102.339645,0.4629718,0.315571
27.429999113082886,102.363655,0.4630392,0.315571
27.43999934196472,102.367645,0.46310654,0.3167918
27.449999570846558,102.37965,0.4631739,0.3167918
27.459999799728394,102.407646,0.46330866,0.3167918
27.47000002861023,102.42365,0.4634434,0.31801257
27.480000257492065,102.41566,0.46351075,0.31801257
27.4900004863739,102.42765,0.46357813,0.31923336
27.500000715255737,102.43965,0.46371287,0.31923336
27.510000944137573,102.48366,0.46384764,0.31923336
27.519999265670776,102.51165,0.4641845,0.31801257
27.529999494552612,102.65165,0.46472344,0.3167918
27.53999972343445,102.85965,0.46559927,0.3106879
27.549999952316284,103.10365,0.46694666,0.30336323
27.56000018119812,103.55965,0.4685636,0.293597
27.570000410079956,103.951645,0.46991098,0.28505158
27.580000638961792,104.27964,0.47085416,0.27894768
27.590000867843628,104.48364,0.47173,0.27528536
27.59999918937683,104.72764,0.47267318,0.26918146
27.609999418258667,105.063644,0.47381848,0.2618568
27.619999647140503,105.35564,0.47503117,0.25575292
27.62999987602234,105.551636,0.47570488,0.25209057
27.640000104904175,105.63964,0.47577226,0.25209057
27.65000033378601,105.59564,0.47577226,0.25331137
27.660000562667847,105.55564,0.47577226,0.25453213
27.670000791549683,105.55564,0.47577226,0.25575292
27.679999113082886,105.54364,0.47577226,0.25697368
27.68999934196472,105.50364,0.47577226,0.25819448
27.699999570846558,105.451645,0.47577226,0.25941524
27.709999799728394,105.45564,0.47577226,0.26063603
27.72000002861023,105.41964,0.47577226,0.2618568
27.730000257492065,105.36365,0.47577226,0.2618568
27.7400004863739,105.35564,0.47577226,0.26429835
27.750000715255737,105.37164,0.47577226,0.26429835
27.760000944137573,105.34364,0.47577226,0.26551914
27.769999265670776,105.29164,0.4758396,0.2667399
27.779999494552612,105.29565,0.4758396,0.2679607
27.78999972343445,105.283646,0.4758396,0.26918146
27.799999952316284,105.26364,0.4758396,0.27040225
27.81000018119812,105.255646,0.4758396,0.27162302
27.820000410079956,105.23564,0.4758396,0.2728438
27.830000638961792,105.18364,0.4758396,0.27406457
27.840000867843628,105.147644,0.4758396,0.27406457
27.84999918937683,105.151634,0.4758396,0.27528536
27.859999418258667,105.17164,0.4758396,0.27650613
27.869999647140503,105.14364,0.4758396,0.27772692
27.87999987602234,105.131645,0.4758396,0.27894768
27.890000104904175,105.12364,0.4758396,0.28016847
27.90000033378601,105.063644,0.4758396,0.28138924
27.910000562667847,105.03564,0.4758396,0.28261003
27.920000791549683,105.06764,0.4758396,0.2838308
27.929999113082886,105.07165,0.4758396,0.28505158
27.93999934196472,105.03564,0.47590697,0.28505158
27.949999570846558,104.99964,0.47590697,0.28749314
27.959999799728394,104.98764,0.47590697,0.28749314
27.97000002861023,104.98764,0.47597435,0.2887139
27.980000257492065,104.95564,0.47597435,0.2899347
27.9900004863739,104.97565,0.47597435,0.29115546
28.000000715255737,104.963646,0.47597435,0.29237625
28.010000944137573,104.94364,0.47604173,0.293597
28.019999265670776,104.95564,0.47610912,0.293597
28.029999494552612,104.963646,0.47617647,0.293597
28.03999972343445,104.97964,0.47624382,0.2948178
28.049999952316284,104.97565,0.4763786,0.2948178
28.06000018119812,105.01565,0.4765807,0.2948178
28.070000410079956,105.063644,0.47685018,0.293597
28.080000638961792,105.119644,0.477187,0.293597
28.090000867843628,105.22364,0.47765863,0.29115546
28.09999918937683,105.37964,0.47826496,0.28749314
28.109999418258667,105.61164,0.4791408,0.2838308
28.119999647140503,105.85164,0.4802187,0.27772692
28.12999987602234,106.09964,0.48122928,0.27162302
28.140000104904175,106.33164,0.48170087,0.26918146
28.15000033378601,106.35564,0.48170087,0.27040225
28.160000562667847,106.33164,0.48170087,0.27162302
28.170000791549683,106.31963,0.48176822,0.27162302
28.179999113082886,106.31164,0.48176822,0.2728438
28.18999934196472,106.30364,0.48176822,0.27406457
28.199999570846558,106.259636,0.48176822,0.27528536
28.209999799728394,106.27164,0.48176822,0.27650613
28.22000002861023,106.23564,0.48176822,0.27772692
28.230000257492065,106.199646,0.48176822,0.27894768
28.2400004863739,106.191635,0.48176822,0.28016847
28.250000715255737,106.191635,0.4818356,0.28016847
28.260000944137573,106.17164,0.4818356,0.28138924
28.269999265670776,106.159645,0.4818356,0.28261003
28.279999494552612,106.19564,0.4818356,0.2838308
28.28999972343445,106.159645,0.481903,0.28505158
28.299999952316284,106.10364,0.481903,0.28505158
28.31000018119812,106.091644,0.48197034,0.28627235
28.320000410079956,106.10364,0.48197034,0.28749314
28.330000638961792,106.119644,0.48197034,0.2887139
28.340000867843628,106.11164,0.48203772,0.2899347
28.34999918937683,106.131645,0.4821051,0.2899347
28.359999418258667,106.12764,0.4822398,0.29115546
28.369999647140503,106.107635,0.4823072,0.29115546
28.37999987602234,106.107635,0.4823072,0.29237625
28.390000104904175,106.123634,0.48237458,0.293597
28.40000033378601,106.123634,0.48250932,0.293597
28.410000562667847,106.151634,0.48264405,0.293597
28.420000791549683,106.191635,0.48284617,0.293597
28.429999113082886,106.22764,0.48311564,0.29237625
28.43999934196472,106.29164,0.4834525,0.29115546
28.449999570846558,106.387634,0.48385674,0.2899347
28.459999799728394,106.55963,0.48446307,0.28749314
28.47000002861023,106.72363,0.48513678,0.28261003
28.480000257492065,106.899635,0.48607996,0.27772692
28.4900004863739,107.191635,0.4869558,0.2728438
28.500000715255737,107.32364,0.48742738,0.27162302
28.510000944137573,107.36364,0.48742738,0.27162302
28.519999265670776,107.36364,0.48742738,0.2728438
28.529999494552612,107.36364,0.48742738,0.27406457
28.53999972343445,107.35164,0.48742738,0.27528536
28.549999952316284,107.28364,0.48749477,0.27528536
28.56000018119812,107.27563,0.48749477,0.27772692
28.570000410079956,107.27563,0.48749477,0.27772692
28.580000638961792,107.259636,0.48749477,0.28016847
28.590000867843628,107.231636,0.48749477,0.28016847
28.59999918937683,107.23963,0.48749477,0.28138924
28.609999418258667,107.21163,0.48749477,0.28261003
28.619999647140503,107.19963,0.48756212,0.2838308
28.62999987602234,107.18764,0.48756212,0.28505158
28.640000104904175,107.191635,0.48756212,0.28505158
28.65000033378601,107.14764,0.4876295,0.28627235
28.660000562667847,107.13964,0.4876295,0.28749314
28.670000791549683,107.15563,0.4876969,0.2887139
28.679999113082886,107.191635,0.4876969,0.2899347
28.68999934196472,107.15563,0.4876969,0.29115546
28.699999570846558,107.13163,0.48776424,0.29115546
28.709999799728394,107.11563,0.48776424,0.29237625
28.72000002861023,107.08764,0.48776424,0.293597
28.730000257492065,107.04764,0.48776424,0.2948178
28.7400004863739,107.09163,0.48776424,0.29603857
28.750000715255737,107.08363,0.4878316,0.29725936
28.760000944137573,107.09964,0.487899,0.29725936
28.769999265670776,107.09163,0.48796636,0.29848012
28.779999494552612,107.07563,0.4880337,0.29970092
28.78999972343445,107.06363,0.4880337,0.29970092
28.799999952316284,107.03563,0.4881011,0.30092168
28.81000018119812,107.07563,0.48816845,0.30092168
28.820000410079956,107.095634,0.48823586,0.30214247
28.830000638961792,107.07563,0.48830318,0.30214247
28.840000867843628,107.09163,0.48843792,0.30336323
28.84999918937683,107.11964,0.4885727,0.30336323
28.859999418258667,107.14363,0.48877478,0.30336323
28.869999647140503,107.203636,0.48897687,0.30214247
28.87999987602234,107.23963,0.48917902,0.30214247
28.890000104904175,107.31563,0.48951587,0.30092168
28.90000033378601,107.39563,0.48992005,0.29970092
28.910000562667847,107.50363,0.49045905,0.29725936
28.920000791549683,107.67164,0.490998,0.2948178
28.929999113082886,107.86363,0.4916717,0.29115546
28.93999934196472,108.03163,0.4924128,0.28749314
28.949999570846558,108.21163,0.4930865,0.2838308
28.959999799728394,108.28363,0.493356,0.28261003
28.97000002861023,108.30763,0.49342334,0.2838308
28.980000257492065,108.29163,0.49342334,0.28505158
28.9900004863739,108.331635,0.49342334,0.28505158
29.000000715255737,108.331635,0.49342334,0.28627235
29.010000944137573,108.29163,0.4934907,0.28749314
29.019999265670776,108.25963,0.4934907,0.2887139
29.029999494552612,108.25564,0.4934907,0.2899347
29.03999972343445,108.24763,0.4934907,0.29115546
29.049999952316284,108.18764,0.4934907,0.29237625
29.06000018119812,108.20363,0.4934907,0.293597
29.070000410079956,108.19163,0.4934907,0.2948178
29.080000638961792,108.16363,0.4934907,0.2948178
29.090000867843628,108.15563,0.4934907,0.29725936
29.09999918937683,108.17564,0.4935581,0.29725936
29.109999418258667,108.15163,0.4935581,0.29848012
29.119999647140503,108.11563,0.49362543,0.29970092
29.12999987602234,108.107635,0.49362543,0.30092168
29.140000104904175,108.135635,0.49362543,0.30092168
29.15000033378601,108.095634,0.49362543,0.30336323
29.160000562667847,108.08763,0.49369285,0.30336323
29.170000791549683,108.11964,0.49369285,0.30458403
29.179999113082886,108.095634,0.49369285,0.3058048
29.18999934196472,108.039635,0.49369285,0.30702558
29.199999570846558,108.04364,0.49369285,0.30824634
29.209999799728394,108.04763,0.4937602,0.30824634
29.22000002861023,108.051636,0.4938276,0.30946714
29.230000257492065,108.05563,0.49389493,0.30946714
29.2400004863739,108.05963,0.49389493,0.3106879
29.250000715255737,108.02763,0.49389493,0.3119087
29.260000944137573,108.01963,0.4939623,0.31312945
29.269999265670776,108.01963,0.4940297,0.31312945
29.279999494552612,108.05563,0.49409705,0.31435025
29.28999972343445,108.05563,0.49409705,0.315571
29.299999952316284,108.02763,0.49416444,0.3167918
29.31000018119812,108.01563,0.4942318,0.3167918
29.320000410079956,108.05563,0.49429914,0.31801257
29.330000638961792,108.05563,0.49443388,0.31801257
29.340000867843628,108.13163,0.49477074,0.3167918
29.34999918937683,108.22764,0.49510765,0.315571
29.359999418258667,108.303635,0.49551183,0.31435025
29.369999647140503,108.391624,0.49605078,0.3106879
29.37999987602234,108.55963,0.49672455,0.30702558
29.390000104904175,108.791626,0.497533,0.30336323
29.40000033378601,109.02363,0.49840876,0.29848012
29.410000562667847,109.26363,0.49935198,0.293597
29.420000791549683,109.50762,0.5000931,0.2887139
29.429999113082886,109.60763,0.5004973,0.28749314
29.43999934196472,109.64363,0.50069934,0.28749314
29.449999570846558,109.66362,0.5008341,0.28749314
29.459999799728394,109.70362,0.5009015,0.28749314
29.47000002861023,109.73563,0.5010363,0.2887139
29.480000257492065,109.73162,0.50110364,0.2887139
29.4900004863739,109.72763,0.50110364,0.2899347
29.500000715255737,109.69963,0.501171,0.29115546
29.510000944137573,109.68763,0.501171,0.29237625
29.519999265670776,109.68763,0.501171,0.293597
29.529999494552612,109.67963,0.50123835,0.293597
29.53999972343445,109.67963,0.5013057,0.2948178
29.549999952316284,109.639626,0.5013731,0.2948178
29.56000018119812,109.70763,0.5015079,0.2948178
29.570000410079956,109.723625,0.5017773,0.2948178
29.580000638961792,109.77963,0.5020468,0.2948178
29.590000867843628,109.84763,0.5023163,0.293597
29.59999918937683,109.95562,0.50272053,0.29115546
29.609999418258667,110.03562,0.5032595,0.2887139
29.619999647140503,110.17563,0.5038658,0.28627235
29.62999987602234,110.35163,0.5045395,0.28261003
29.640000104904175,110.58762,0.50521326,0.27894768
29.65000033378601,110.695625,0.50568485,0.27650613
29.660000562667847,110.723625,0.505887,0.27772692
29.670000791549683,110.75963,0.505887,0.27772692
29.679999113082886,110.73563,0.505887,0.27894768
29.68999934196472,110.71562,0.50595427,0.28016847
29.699999570846558,110.723625,0.50595427,0.28138924
29.709999799728394,110.71162,0.5060217,0.28138924
29.72000002861023,110.683624,0.5060217,0.28261003
29.730000257492065,110.655624,0.50608903,0.2838308
29.7400004863739,110.695625,0.50615644,0.2838308
29.750000715255737,110.695625,0.5062238,0.28505158
29.760000944137573,110.67963,0.50629115,0.28505158
29.769999265670776,110.67562,0.50629115,0.28627235
29.779999494552612,110.66362,0.50629115,0.28749314
29.78999972343445,110.61962,0.50629115,0.2887139
29.799999952316284,110.58762,0.50629115,0.2899347
29.81000018119812,110.62362,0.50629115,0.29115546
29.820000410079956,110.62362,0.50629115,0.29237625
29.830000638961792,110.59562,0.50635856,0.293597
29.840000867843628,110.53962,0.50635856,0.293597
29.84999918937683,110.53563,0.50635856,0.2948178
29.859999418258667,110.52363,0.50635856,0.29603857
29.869999647140503,110.515625,0.50635856,0.29725936
29.87999987602234,110.54762,0.50635856,0.29848012
29.890000104904175,110.53563,0.50635856,0.29970092
29.90000033378601,110.48363,0.50635856,0.30092168
29.910000562667847,110.447624,0.5064259,0.30214247
29.920000791549683,110.45162,0.5064259,0.30336323
29.929999113082886,110.43562,0.5064259,0.30458403
29.93999934196472,110.42362,0.5064259,0.3058048
29.949999570846558,110.45162,0.5065606,0.3058048
29.959999799728394,110.49563,0.50676274,0.3058048
29.97000002861023,110.52363,0.5070322,0.30458403
29.980000257492065,110.55162,0.50709957,0.3058048
29.9900004863739,110.59162,0.50723433,0.3058048
30.000000715255737,110.63162,0.5073691,0.3058048
30.010000944137573,110.62362,0.50757116,0.3058048
30.019999265670776,110.67562,0.5078407,0.30458403
30.029999494552612,110.77563,0.5083123,0.30336323
30.03999972343445,110.91162,0.50885123,0.29970092
30.049999952316284,111.07562,0.50959235,0.29603857
30.06000018119812,111.295616,0.5104008,0.29237625
30.070000410079956,111.52762,0.5112766,0.28749314
30.080000638961792,111.71162,0.5119503,0.2838308
30.090000867843628,111.827614,0.5122872,0.28138924
30.09999918937683,111.88362,0.5124219,0.28261003
30.109999418258667,111.85962,0.5124219,0.2838308
30.119999647140503,111.84362,0.51248926,0.2838308
30.12999987602234,111.863625,0.51248926,0.28505158
30.140000104904175,111.83162,0.51248926,0.28627235
30.15000033378601,111.79562,0.51248926,0.28749314
30.160000562667847,111.80362,0.51248926,0.2887139
30.170000791549683,111.81962,0.5125567,0.2899347
30.179999113082886,111.75562,0.5125567,0.2899347
30.18999934196472,111.74362,0.5125567,0.29115546
30.199999570846558,111.72362,0.5125567,0.29237625
30.209999799728394,111.72762,0.5125567,0.293597
30.22000002861023,111.72762,0.512624,0.2948178
30.230000257492065,111.72362,0.512624,0.29603857
30.2400004863739,111.71961,0.5126914,0.29603857
30.250000715255737,111.69562,0.5126914,0.29725936
30.260000944137573,111.66362,0.51282614,0.29725936
30.269999265670776,111.67962,0.5128935,0.29848012
30.279999494552612,111.72762,0.5128935,0.29970092
30.28999972343445,111.70362,0.51296085,0.30092168
30.299999952316284,111.69562,0.51296085,0.30092168
30.31000018119812,111.68762,0.5130282,0.30214247
30.320000410079956,111.66362,0.5130282,0.30336323
30.330000638961792,111.63962,0.5130956,0.30336323
30.340000867843628,111.65962,0.513163,0.30458403
30.34999918937683,111.69163,0.5132304,0.3058048
30.359999418258667,111.72762,0.51343244,0.3058048
30.369999647140503,111.75162,0.513702,0.30458403
30.37999987602234,111.82362,0.5139714,0.30336323
30.390000104904175,111.91162,0.5143757,0.30214247
30.40000033378601,112.00762,0.51491463,0.29970092
30.410000562667847,112.19162,0.51552093,0.29725936
30.420000791549683,112.36362,0.51619464,0.293597
30.429999113082886,112.47561,0.516801,0.2899347
30.43999934196472,112.63561,0.5174747,0.28749314
30.449999570846558,112.76362,0.5179463,0.2838308
30.459999799728394,112.89162,0.51814836,0.2838308
30.47000002861023,112.923615,0.51814836,0.28505158
30.480000257492065,112.87162,0.5182158,0.28627235
30.4900004863739,112.89162,0.5182158,0.28749314
30.500000715255737,112.867615,0.5182158,0.2887139
30.510000944137573,112.827614,0.5182158,0.2899347
30.519999265670776,112.811615,0.5182158,0.2899347
30.529999494552612,112.80761,0.5182158,0.29115546
30.53999972343445,112.79162,0.5182158,0.29237625
30.549999952316284,112.76362,0.5182158,0.293597
30.56000018119812,112.771614,0.5182158,0.2948178
30.570000410079956,112.73962,0.5182158,0.29603857
30.580000638961792,112.71961,0.5182158,0.29725936
30.590000867843628,112.71162,0.5182158,0.29848012
30.59999918937683,112.68362,0.5182831,0.29970092
30.609999418258667,112.65962,0.5182831,0.30092168
30.619999647140503,112.65161,0.5182831,0.30092168
30.62999987602234,112.68362,0.5182831,0.30336323
30.640000104904175,112.67561,0.5182831,0.30336323
30.65000033378601,112.62361,0.5182831,0.3058048
30.660000562667847,112.61162,0.5182831,0.3058048
30.670000791549683,112.59561,0.5182831,0.30702558
30.679999113082886,112.57162,0.51835054,0.30824634
30.68999934196472,112.57962,0.5184179,0.30946714
30.699999570846558,112.59561,0.5184853,0.30946714
30.709999799728394,112.62361,0.51855266,0.30946714
30.72000002861023,112.61162,0.51868737,0.3106879
30.730000257492065,112.59561,0.5187547,0.3106879
30.7400004863739,112.615616,0.51882213,0.3119087
30.750000715255737,112.62361,0.5188895,0.3119087
30.760000944137573,112.61962,0.5188895,0.31312945
30.769999265670776,112.65562,0.51895684,0.31435025
30.779999494552612,112.65161,0.5190916,0.31435025
30.78999972343445,112.63162,0.5192263,0.31435025
30.799999952316284,112.69161,0.5193611,0.315571
30.81000018119812,112.70361,0.51949584,0.315571
30.820000410079956,112.75961,0.5196306,0.315571
30.830000638961792,112.771614,0.51969796,0.315571
30.840000867843628,112.755615,0.5198327,0.3167918
30.84999918937683,112.771614,0.51996744,0.3167918
30.859999418258667,112.80362,0.52016956,0.3167918
30.869999647140503,112.867615,0.520439,0.315571
30.87999987602234,112.95962,0.5207085,0.315571
30.890000104904175,113.09562,0.5211801,0.31312945
30.90000033378601,113.17562,0.5217191,0.30946714
30.910000562667847,113.31561,0.52239275,0.30702558
30.920000791549683,113.48361,0.5229991,0.30336323
30.929999113082886,113.63561,0.52360547,0.30092168
30.93999934196472,113.76761,0.52400964,0.29970092
30.949999570846558,113.83161,0.5241444,0.29970092
30.959999799728394,113.855606,0.52421176,0.29970092
30.97000002861023,113.85961,0.5242792,0.30092168
30.980000257492065,113.839615,0.52434653,0.30092168
30.9900004863739,113.87161,0.52441394,0.30214247
31.000000715255737,113.85961,0.5245486,0.30214247
31.010000944137573,113.84761,0.52468336,0.30214247
31.019999265670776,113.90361,0.52475077,0.30336323
31.029999494552612,113.907616,0.5248181,0.30336323
31.03999972343445,113.90361,0.5248181,0.30458403
31.049999952316284,113.84761,0.5248181,0.3058048
31.06000018119812,113.87161,0.5248181,0.30702558
31.070000410079956,113.867615,0.52488554,0.30824634
31.080000638961792,113.81961,0.5249529,0.30824634
31.090000867843628,113.83161,0.5250876,0.30824634
31.09999918937683,113.87161,0.52515495,0.30946714
31.109999418258667,113.88761,0.5252897,0.30946714
31.119999647140503,113.87161,0.5252897,0.3106879
31.12999987602234,113.88761,0.52535707,0.3106879
31.140000104904175,113.89561,0.5254245,0.3119087
31.15000033378601,113.90361,0.5255592,0.3119087
31.160000562667847,113.93961,0.52569395,0.31312945
31.170000791549683,113.97561,0.52582866,0.31312945
31.179999113082886,113.98361,0.5259634,0.31312945
31.18999934196472,113.99561,0.5261655,0.31312945
31.199999570846558,114.02361,0.52636766,0.31312945
31.209999799728394,114.09561,0.5266371,0.3119087
31.22000002861023,114.19161,0.5271087,0.30946714
31.230000257492065,114.31161,0.52764773,0.30702558
31.2400004863739,114.50362,0.52838874,0.30336323
31.250000715255737,114.68361,0.52912986,0.29970092
31.260000944137573,114.82761,0.5298035,0.29603857
31.269999265670776,115.007614,0.5304099,0.293597
31.279999494552612,115.11161,0.5306794,0.29115546
31.28999972343445,115.1556,0.53074676,0.29237625
31.299999952316284,115.15961,0.5308142,0.293597
31.31000018119812,115.15961,0.5308142,0.2948178
31.320000410079956,115.147606,0.53088146,0.2948178
31.330000638961792,115.075615,0.53088146,0.29603857
31.340000867843628,115.075615,0.53088146,0.29725936
31.34999918937683,115.08361,0.5309488,0.29848012
31.359999418258667,115.08361,0.5309488,0.29970092
31.369999647140503,115.067604,0.5309488,0.30092168
31.37999987602234,115.06361,0.53101623,0.30092168
31.390000104904175,115.035614,0.53101623,0.30214247
31.40000033378601,115.02761,0.5310836,0.30336323
31.410000562667847,115.039604,0.531151,0.30336323
31.420000791549683,115.05561,0.5312857,0.30458403
31.429999113082886,115.05561,0.5313531,0.30458403
31.43999934196472,115.07161,0.5314878,0.30458403
31.449999570846558,115.08761,0.5316226,0.3058048
31.459999799728394,115.15961,0.53189206,0.30458403
31.47000002861023,115.23161,0.5322963,0.30336323
31.480000257492065,115.33961,0.5327679,0.30092168
31.4900004863739,115.50761,0.5335089,0.29603857
31.500000715255737,115.68361,0.5343848,0.29237625
31.510000944137573,115.9396,0.5353953,0.28627235
31.519999265670776,116.2636,0.5366754,0.27894768
31.529999494552612,116.59961,0.5379554,0.27040225
31.53999972343445,116.8716,0.5387639,0.26551914
31.549999952316284,117.011604,0.5393029,0.26429835
31.56000018119812,117.1516,0.53970706,0.2618568
31.570000410079956,117.219604,0.53997654,0.26063603
31.580000638961792,117.247604,0.5403134,0.26063603
31.590000867843628,117.319595,0.5407176,0.25819448
31.59999918937683,117.4516,0.5412566,0.25575292
31.609999418258667,117.583595,0.5419303,0.25209057
31.619999647140503,117.7716,0.54260397,0.24842826
31.62999987602234,117.91959,0.5432103,0.2459867
31.640000104904175,118.0316,0.54341245,0.2459867
31.65000033378601,118.0156,0.54347986,0.2459867
31.660000562667847,117.9916,0.54347986,0.24720748
31.670000791549683,117.967606,0.54347986,0.24842826
31.679999113082886,117.943596,0.5435472,0.24842826
31.68999934196472,117.903595,0.5435472,0.24964903
31.699999570846558,117.903595,0.5435472,0.2508698
31.709999799728394,117.915596,0.5435472,0.25209057
31.72000002861023,117.8836,0.5435472,0.25331137
31.730000257492065,117.8276,0.5435472,0.25453213
31.7400004863739,117.82359,0.5435472,0.25575292
31.750000715255737,117.7676,0.5435472,0.25697368
31.760000944137573,117.7636,0.5435472,0.25819448
31.769999265670776,117.7636,0.5435472,0.25941524
31.779999494552612,117.7556,0.5435472,0.26063603
31.78999972343445,117.7276,0.5435472,0.2618568
31.799999952316284,117.651596,0.5435472,0.2630776
31.81000018119812,117.6836,0.5435472,0.26429835
31.820000410079956,117.6556,0.5435472,0.26551914
31.830000638961792,117.6196,0.5435472,0.2667399
31.840000867843628,117.607605,0.5435472,0.2679607
31.84999918937683,117.599594,0.5435472,0.26918146
31.859999418258667,117.571594,0.5435472,0.27040225
31.870001554489136,117.5516,0.5435472,0.27040225
31.87999987602234,117.5516,0.5435472,0.27162302
31.889998197555542,117.539604,0.5435472,0.2728438
31.90000033378601,117.5156,0.5435472,0.27406457
31.909998655319214,117.4836,0.5435472,0.27528536
31.920000791549683,117.4676,0.5435472,0.27650613
31.929999113082886,117.4556,0.5435472,0.27772692
31.940001249313354,117.4436,0.5435472,0.27894768
31.949999570846558,117.4596,0.5435472,0.28016847
31.960001707077026,117.4436,0.5435472,0.28138924
31.97000002861023,117.3996,0.5435472,0.28261003
31.979998350143433,117.3796,0.5435472,0.2838308
31.9900004863739,117.3676,0.5435472,0.28505158
31.999998807907104,117.3396,0.5435472,0.28627235
32.01000094413757,117.3396,0.5435472,0.28749314
32.019999265670776,117.3356,0.5435472,0.2887139
32.030001401901245,117.307594,0.5435472,0.2899347
32.03999972343445,117.307594,0.5435472,0.29115546
32.05000185966492,117.2636,0.5435472,0.29115546
32.06000018119812,117.291595,0.5435472,0.29237625
32.06999850273132,117.2716,0.5435472,0.293597
32.08000063896179,117.191605,0.5435472,0.2948178
32.089998960494995,117.2036,0.5435472,0.29603857
32.100001096725464,117.219604,0.5435472,0.29725936
32.10999941825867,117.1956,0.5435472,0.29848012
32.120001554489136,117.2036,0.5435472,0.29970092
32.12999987602234,117.1836,0.5435472,0.30092168
32.13999819755554,117.1476,0.5435472,0.30214247
32.15000033378601,117.1076,0.5435472,0.30336323
32.159998655319214,117.0996,0.5435472,0.30458403
32.17000079154968,117.13161,0.5435472,0.3058048
32.179999113082886,117.1116,0.5435472,0.30702558
32.190001249313354,117.0956,0.5435472,0.30824634
32.19999957084656,117.055595,0.5435472,0.30946714
32.210001707077026,117.027596,0.5435472,0.3106879
32.22000002861023,117.0076,0.5435472,0.3106879
32.22999835014343,117.023605,0.5436145,0.31312945
32.2400004863739,117.0476,0.5436145,0.31312945
32.249998807907104,116.995605,0.5436145,0.31435025
32.26000094413757,116.983604,0.5436145,0.315571
32.269999265670776,116.9636,0.5436145,0.3167918
32.280001401901245,116.9796,0.5436819,0.3167918
32.28999972343445,116.9636,0.5437493,0.31801257
32.30000185966492,116.9916,0.5438167,0.31923336
32.31000018119812,117.0076,0.54388404,0.31923336
32.31999850273132,117.0076,0.5440188,0.32045412
32.33000063896179,116.9796,0.54408616,0.32045412
32.339998960494995,117.023605,0.54422086,0.32045412
32.350001096725464,117.0716,0.5442883,0.32045412
32.35999941825867,117.0956,0.54435563,0.3216749
32.370001554489136,117.091606,0.54442304,0.32289568
32.37999987602234,117.091606,0.54455775,0.32289568
32.38999819755554,117.0996,0.54469246,0.32289568
32.40000033378601,117.1276,0.5448946,0.32289568
32.409998655319214,117.1836,0.5451641,0.3216749
32.42000079154968,117.2836,0.54556835,0.32045412
32.429999113082886,117.4356,0.546242,0.3167918
32.440001249313354,117.611595,0.5470505,0.3119087
32.44999957084656,117.8956,0.5481958,0.3058048
32.460001707077026,118.251595,0.5494758,0.29848012
32.47000002861023,118.5356,0.55055374,0.29115546
32.47999835014343,118.73959,0.5510927,0.2887139
32.4900004863739,118.8116,0.55122745,0.2899347
32.499998807907104,118.79559,0.55122745,0.2899347
32.51000094413757,118.7876,0.55122745,0.29115546
32.519999265670776,118.7996,0.55122745,0.29237625
32.530001401901245,118.78359,0.5512948,0.293597
32.53999972343445,118.7436,0.5512948,0.2948178
32.55000185966492,118.7036,0.5512948,0.29603857
32.56000018119812,118.73959,0.55142957,0.29603857
32.56999850273132,118.73959,0.551497,0.29725936
32.58000063896179,118.7316,0.5516317,0.29725936
32.589998960494995,118.779594,0.55169904,0.29725936
32.600001096725464,118.79159,0.5518338,0.29725936
32.60999941825867,118.79159,0.5519686,0.29848012
32.620001554489136,118.79159,0.5521032,0.29848012
32.62999987602234,118.835594,0.55217063,0.29848012
32.63999819755554,118.8436,0.5523054,0.29970092
32.65000033378601,118.87159,0.5525075,0.29848012
32.659998655319214,118.91959,0.552777,0.29848012
32.67000079154968,119.027596,0.5531812,0.29603857
32.679999113082886,119.0916,0.55365276,0.2948178
32.690001249313354,119.195595,0.5541244,0.29237625
32.69999957084656,119.391594,0.55466336,0.2899347
32.710001707077026,119.50759,0.55513495,0.28749314
32.72000002861023,119.57959,0.5554044,0.28749314
32.72999835014343,119.57959,0.55547184,0.28749314
32.7400004863739,119.571594,0.55547184,0.2887139
32.749998807907104,119.543594,0.5555392,0.2899347
32.76000094413757,119.54759,0.5555392,0.29115546
32.769999265670776,119.57559,0.55560654,0.29115546
32.780001401901245,119.583595,0.55567396,0.29237625
32.78999972343445,119.543594,0.55567396,0.293597
32.80000185966492,119.50359,0.5557413,0.293597
32.81000018119812,119.5596,0.55580866,0.2948178
32.81999850273132,119.5196,0.55580866,0.2948178
32.83000063896179,119.515594,0.55580866,0.29725936
32.839998960494995,119.499596,0.555876,0.29725936
32.850001096725464,119.50359,0.555876,0.29848012
32.85999941825867,119.4796,0.55594337,0.29970092
32.870001554489136,119.49559,0.5560108,0.29970092
32.87999987602234,119.51159,0.55607814,0.30092168
32.88999819755554,119.50359,0.55607814,0.30214247
32.90000033378601,119.47559,0.5562129,0.30214247
32.909998655319214,119.499596,0.5563476,0.30336323
32.92000079154968,119.53559,0.55641496,0.30336323
32.929999113082886,119.555595,0.5565497,0.30336323
32.940001249313354,119.54759,0.5566845,0.30336323
32.94999957084656,119.587585,0.5567519,0.30458403
32.960001707077026,119.60359,0.55681926,0.30458403
32.97000002861023,119.587585,0.55688655,0.3058048
32.97999835014343,119.57559,0.55695397,0.3058048
32.9900004863739,119.61559,0.55708873,0.30702558
32.999998807907104,119.61959,0.55722344,0.30702558
33.01000094413757,119.611595,0.55729085,0.30702558
33.019999265670776,119.651596,0.5573582,0.30824634
33.030001401901245,119.6756,0.5574929,0.30824634
33.03999972343445,119.66759,0.5576277,0.30824634
33.05000185966492,119.7036,0.55776244,0.30824634
33.06000018119812,119.7436,0.5579645,0.30824634
33.06999850273132,119.77559,0.5581666,0.30824634
33.08000063896179,119.807594,0.55850345,0.30702558
33.089998960494995,119.919586,0.55897504,0.3058048
33.100001096725464,120.05159,0.5594467,0.30336323
33.10999941825867,120.207596,0.560053,0.29970092
33.120001554489136,120.35959,0.5607267,0.29725936
33.12999987602234,120.53559,0.56133306,0.293597
33.13999819755554,120.67159,0.56180465,0.29115546
33.15000033378601,120.72759,0.5622089,0.2899347
33.159998655319214,120.811584,0.56247836,0.2887139
33.17000079154968,120.879585,0.5626805,0.2887139
33.179999113082886,120.91559,0.5628152,0.2887139
33.190001249313354,120.91559,0.5628826,0.2899347
33.19999957084656,120.92359,0.5628826,0.2899347
33.210001707077026,120.89559,0.56294996,0.29115546
33.22000002861023,120.88359,0.5630847,0.29115546
33.22999835014343,120.89959,0.5631521,0.29237625
33.2400004863739,120.93559,0.5632868,0.29237625
33.249998807907104,120.94359,0.56342155,0.29237625
33.26000094413757,120.947586,0.5635563,0.29237625
33.269999265670776,120.99558,0.5637584,0.29237625
33.280001401901245,121.03558,0.56389314,0.29237625
33.28999972343445,121.02358,0.5640279,0.293597
33.30000185966492,121.043594,0.5641627,0.293597
33.31000018119812,121.10759,0.56436473,0.293597
33.31999850273132,121.16759,0.5647016,0.29115546
33.33000063896179,121.20359,0.56503844,0.29115546
33.339998960494995,121.27158,0.56537527,0.2899347
33.350001096725464,121.38358,0.56577957,0.28749314
33.35999941825867,121.48359,0.56625116,0.28627235
33.370001554489136,121.61958,0.56665534,0.28505158
33.37999987602234,121.727585,0.5670596,0.28261003
33.38999819755554,121.84759,0.5675985,0.28016847
33.40000033378601,121.93558,0.5682049,0.27772692
33.409998655319214,122.07959,0.5687438,0.27406457
33.42000079154968,122.21958,0.56914806,0.2728438
33.429999113082886,122.26359,0.5693502,0.27162302
33.440001249313354,122.283585,0.56948495,0.2728438
33.44999957084656,122.29958,0.56955224,0.2728438
33.460001707077026,122.29958,0.56955224,0.27406457
33.47000002861023,122.27158,0.56961966,0.27528536
33.47999835014343,122.25159,0.569687,0.27528536
33.4900004863739,122.27959,0.5697544,0.27650613
33.499998807907104,122.25558,0.5697544,0.27772692
33.51000094413757,122.22758,0.5698218,0.27772692
33.519999265670776,122.26758,0.56995654,0.27894768
33.530001401901245,122.27959,0.5700239,0.27894768
33.53999972343445,122.27158,0.57009125,0.28016847
33.55000185966492,122.25558,0.570226,0.28016847
33.56000018119812,122.30359,0.5703608,0.28016847
33.56999850273132,122.28758,0.5704955,0.28016847
33.58000063896179,122.339584,0.57076496,0.28016847
33.589998960494995,122.407585,0.5710345,0.27894768
33.600001096725464,122.503586,0.5713713,0.27772692
33.60999941825867,122.55958,0.57170814,0.27650613
33.620001554489136,122.643585,0.5721798,0.27406457
33.62999987602234,122.771576,0.572584,0.2728438
33.63999819755554,122.84358,0.5729208,0.27162302
33.65000033378601,122.923584,0.57332504,0.27040225
33.659998655319214,123.01558,0.57359457,0.26918146
33.67000079154968,123.07958,0.573864,0.26918146
33.679999113082886,123.09959,0.5741335,0.2679607
33.690001249313354,123.13958,0.574403,0.2679607
33.69999957084656,123.17558,0.57447034,0.2679607
33.710001707077026,123.21958,0.5746051,0.2679607
33.72000002861023,123.23958,0.5747399,0.2679607
33.72999835014343,123.21158,0.5748072,0.26918146
33.7400004863739,123.19558,0.5748072,0.27040225
33.749998807907104,123.16759,0.5748746,0.27162302
33.76000094413757,123.15958,0.5748746,0.27162302
33.769999265670776,123.20358,0.57494193,0.2728438
33.780001401901245,123.19558,0.57494193,0.27406457
33.78999972343445,123.18758,0.5750767,0.27406457
33.80000185966492,123.16358,0.57514405,0.27528536
33.81000018119812,123.17558,0.57521147,0.27528536
33.81999850273132,123.17558,0.5752788,0.27650613
33.83000063896179,123.15558,0.5752788,0.27772692
33.839998960494995,123.14358,0.5752788,0.27894768
33.850001096725464,123.15958,0.5752788,0.28016847
33.85999941825867,123.14358,0.57534623,0.28016847
33.870001554489136,123.12759,0.5754135,0.28138924
33.87999987602234,123.13958,0.5754809,0.28138924
33.88999819755554,123.13558,0.5755483,0.28261003
33.90000033378601,123.09558,0.5755483,0.2838308
33.909998655319214,123.11158,0.5755483,0.28505158
33.92000079154968,123.09558,0.57561564,0.28505158
33.929999113082886,123.087585,0.57568306,0.28627235
33.940001249313354,123.09558,0.57568306,0.28749314
33.94999957084656,123.09558,0.57568306,0.2887139
33.960001707077026,123.12358,0.5757504,0.2887139
33.97000002861023,123.051575,0.5758178,0.2899347
33.97999835014343,123.04358,0.5758852,0.2899347
33.9900004863739,123.07958,0.5758852,0.29115546
33.999998807907104,123.087585,0.5760199,0.29115546
34.01000094413757,123.09558,0.57615465,0.29237625
34.019999265670776,123.14758,0.57635677,0.29115546
34.030001401901245,123.15158,0.5764915,0.29237625
34.03999972343445,123.18358,0.5766936,0.29237625
34.05000185966492,123.22758,0.5768957,0.29237625
34.06000018119812,123.29158,0.57709783,0.29115546
34.06999850273132,123.355576,0.577502,0.2899347
34.08000063896179,123.411575,0.5779063,0.28749314
34.089998960494995,123.54758,0.5783779,0.28627235
34.100001096725464,123.68358,0.57891685,0.2838308
34.10999941825867,123.77957,0.57938844,0.28138924
34.120001554489136,123.91958,0.5799274,0.27894768
34.12999987602234,124.11558,0.58053374,0.27528536
34.13999819755554,124.243576,0.58120745,0.2728438
34.15000033378601,124.30758,0.5815443,0.27040225
34.159998655319214,124.39958,0.58167905,0.27162302
34.17000079154968,124.41957,0.5817464,0.27162302
34.179999113082886,124.40357,0.5817464,0.2728438
34.190001249313354,124.37958,0.58181375,0.27406457
34.19999957084656,124.39558,0.58181375,0.27528536
34.210001707077026,124.383575,0.5818811,0.27528536
34.22000002861023,124.327576,0.5818811,0.27650613
34.22999835014343,124.29558,0.5819485,0.27772692
34.2400004863739,124.343575,0.5819485,0.27894768
34.249998807907104,124.31158,0.5819485,0.28016847
34.26000094413757,124.30758,0.5820159,0.28016847
34.269999265670776,124.31158,0.5820159,0.28138924
34.280001401901245,124.26758,0.5820833,0.28261003
34.28999972343445,124.271576,0.58215064,0.28261003
34.30000185966492,124.287575,0.58221805,0.2838308
34.31000018119812,124.30758,0.58228534,0.2838308
34.31999850273132,124.29158,0.5823527,0.28505158
34.33000063896179,124.259575,0.5824201,0.28505158
34.339998960494995,124.299576,0.5825549,0.28627235
34.350001096725464,124.33158,0.5826896,0.28627235
34.35999941825867,124.33158,0.582757,0.28627235
34.370001554489136,124.33158,0.5828243,0.28749314
34.37999987602234,124.37958,0.58295906,0.28749314
34.38999819755554,124.39157,0.5830938,0.28749314
34.40000033378601,124.36758,0.5832286,0.28749314
34.409998655319214,124.411575,0.5833633,0.2887139
34.42000079154968,124.45158,0.58343065,0.2887139
34.429999113082886,124.42758,0.58343065,0.2899347
34.440001249313354,124.41957,0.5835654,0.2899347
34.44999957084656,124.44758,0.5837002,0.29115546
34.460001707077026,124.523575,0.5839696,0.2899347
34.47000002861023,124.54758,0.58430654,0.2887139
34.47999835014343,124.63958,0.58464336,0.28749314
34.4900004863739,124.731575,0.5849802,0.28627235
34.499998807907104,124.77557,0.58524966,0.28505158
34.51000094413757,124.82757,0.58551913,0.28505158
34.519999265670776,124.94757,0.585856,0.2838308
34.530001401901245,125.01557,0.58619285,0.28261003
34.53999972343445,125.09957,0.5865971,0.28138924
34.55000185966492,125.163574,0.586934,0.28016847
34.56000018119812,125.231575,0.58713603,0.28016847
34.56999850273132,125.21158,0.58713603,0.28016847
34.58000063896179,125.19957,0.58720344,0.28138924
34.589998960494995,125.23557,0.5873382,0.28138924
34.600001096725464,125.27957,0.58740556,0.28261003
34.60999941825867,125.259575,0.5875403,0.28261003
34.620001554489136,125.25158,0.5876076,0.2838308
34.62999987602234,125.25557,0.5876076,0.2838308
34.63999819755554,125.22358,0.58767503,0.28505158
34.65000033378601,125.203575,0.58767503,0.28627235
34.659998655319214,125.23557,0.58767503,0.28749314
34.67000079154968,125.22757,0.58767503,0.2887139
34.679999113082886,125.17158,0.58767503,0.2899347
34.690001249313354,125.14358,0.58767503,0.29115546
34.69999957084656,125.15558,0.58767503,0.29237625
34.710001707077026,125.14757,0.58767503,0.293597
34.72000002861023,125.09957,0.5877424,0.293597
34.72999835014343,125.11157,0.5877424,0.2948178
34.7400004863739,125.12357,0.5877424,0.29603857
34.749998807907104,125.06757,0.58780974,0.29725936
34.76000094413757,125.07558,0.5879445,0.29725936
34.769999265670776,125.12357,0.5880793,0.29725936
34.780001401901245,125.15558,0.5881466,0.29725936
34.78999972343445,125.17158,0.58828133,0.29848012
34.80000185966492,125.16757,0.58834875,0.29848012
34.81000018119812,125.16757,0.5884835,0.29970092
34.81999850273132,125.17158,0.58855087,0.29970092
34.83000063896179,125.17158,0.5886856,0.29970092
34.839998960494995,125.231575,0.58882034,0.29970092
34.850001096725464,125.27957,0.5889551,0.30092168
34.85999941825867,125.29158,0.58915716,0.30092168
34.870001554489136,125.327576,0.58929193,0.30092168
34.87999987602234,125.35157,0.5895614,0.29970092
34.88999819755554,125.40758,0.5897635,0.29970092
34.90000033378601,125.44357,0.590033,0.29970092
34.909998655319214,125.53557,0.59030247,0.29848012
34.92000079154968,125.61557,0.59063935,0.29725936
34.929999113082886,125.67157,0.5910436,0.2948178
34.940001249313354,125.73157,0.5913804,0.293597
34.94999957084656,125.911575,0.591852,0.29115546
34.960001707077026,126.04357,0.59245837,0.2899347
34.97000002861023,126.14357,0.5929973,0.28627235
34.97999835014343,126.22757,0.5933342,0.28505158
34.9900004863739,126.28357,0.59340155,0.28505158
34.999998807907104,126.275566,0.59340155,0.28749314
35.01000094413757,126.27957,0.5934689,0.28749314
35.019999265670776,126.275566,0.5934689,0.2887139
35.030001401901245,126.25157,0.59353626,0.2899347
35.03999972343445,126.219574,0.59353626,0.29115546
35.05000185966492,126.191574,0.59353626,0.29115546
35.06000018119812,126.207565,0.59353626,0.293597
35.06999850273132,126.21157,0.5936037,0.293597
35.08000063896179,126.15957,0.5936037,0.2948178
35.089998960494995,126.18757,0.593671,0.2948178
35.100001096725464,126.15957,0.5937384,0.29603857
35.10999941825867,126.14757,0.5937384,0.29725936
35.120001554489136,126.15957,0.5938058,0.29725936
35.12999987602234,126.175575,0.5938058,0.29970092
35.13999819755554,126.15957,0.5938058,0.29970092
35.15000033378601,126.12357,0.5938058,0.30092168
35.159998655319214,126.09557,0.5938058,0.30214247
35.17000079154968,126.10357,0.59387314,0.30336323
35.179999113082886,126.10357,0.5939405,0.30336323
35.190001249313354,126.10357,0.5939405,0.3058048
35.19999957084656,126.14357,0.59400785,0.3058048
35.210001707077026,126.11557,0.59400785,0.30702558
35.22000002861023,126.05557,0.59400785,0.30824634
35.22999835014343,126.039566,0.59407526,0.30946714
35.2400004863739,126.06757,0.5941426,0.30946714
35.249998807907104,126.05958,0.5941426,0.3106879
35.26000094413757,126.07557,0.5941426,0.3119087
35.269999265670776,126.07557,0.59420997,0.31312945
35.280001401901245,126.05958,0.5942774,0.31312945
35.28999972343445,126.03557,0.5942774,0.31435025
35.30000185966492,126.02357,0.59434474,0.315571
35.31000018119812,126.07957,0.59441215,0.315571
35.31999850273132,126.07557,0.59447944,0.3167918
35.33000063896179,126.04357,0.59454685,0.3167918
35.339998960494995,126.06357,0.5946142,0.31801257
35.350001096725464,126.07957,0.59468156,0.31801257
35.35999941825867,126.07157,0.594749,0.31923336
35.370001554489136,126.09157,0.5948163,0.31923336
35.37999987602234,126.07157,0.5948163,0.32045412
35.38999819755554,126.07157,0.5949511,0.32045412
35.40000033378601,126.05157,0.5950184,0.3216749
35.409998655319214,126.09557,0.59515315,0.3216749
35.42000079154968,126.163574,0.59535533,0.3216749
35.429999113082886,126.18757,0.59562474,0.32045412
35.440001249313354,126.243576,0.5958943,0.32045412
35.44999957084656,126.35157,0.59616375,0.31923336
35.460001707077026,126.41956,0.59663534,0.31801257
35.47000002861023,126.54757,0.5971743,0.315571
35.47999835014343,126.69956,0.597848,0.3119087
35.4900004863739,126.903564,0.5987238,0.30702558
35.499998807907104,127.15957,0.5997344,0.30092168
35.51000094413757,127.39957,0.6006102,0.29603857
35.519999265670776,127.55957,0.60101444,0.293597
35.530001401901245,127.60757,0.6010818,0.2948178
35.53999972343445,127.59957,0.6010818,0.29603857
35.55000185966492,127.583565,0.6010818,0.29725936
35.56000018119812,127.57957,0.6010818,0.29848012
35.56999850273132,127.53556,0.6010818,0.29970092
35.58000063896179,127.47957,0.6011492,0.29970092
35.589998960494995,127.52356,0.60121655,0.30092168
35.600001096725464,127.515564,0.60121655,0.30214247
35.60999941825867,127.515564,0.60128397,0.30336323
35.620001554489136,127.49556,0.60135126,0.30336323
35.62999987602234,127.47557,0.60135126,0.30458403
35.63999819755554,127.47957,0.6014186,0.3058048
35.65000033378601,127.48357,0.6015534,0.3058048
35.659998655319214,127.50756,0.6016208,0.3058048
35.67000079154968,127.54357,0.60168815,0.30702558
35.679999113082886,127.539566,0.6018229,0.30702558
35.690001249313354,127.52356,0.6019576,0.30702558
35.69999957084656,127.595566,0.60222715,0.30702558
35.710001707077026,127.67156,0.6026987,0.30458403
35.72000002861023,127.85556,0.6034398,0.30092168
35.72999835014343,128.07156,0.60445035,0.2948178
35.7400004863739,128.36757,0.60579777,0.28749314
35.749998807907104,128.72757,0.6071452,0.27772692
35.76000094413757,129.02356,0.6081558,0.2728438
35.769999265670776,129.23157,0.6087621,0.26918146
35.780001401901245,129.40356,0.60930103,0.2667399
35.78999972343445,129.50757,0.6097727,0.26551914
35.80000185966492,129.59956,0.61017686,0.2630776
35.81000018119812,129.71155,0.61071587,0.26063603
35.81999850273132,129.84355,0.6115243,0.25697368
35.83000063896179,130.03555,0.61246747,0.2508698
35.839998960494995,130.25955,0.61307377,0.24842826
35.850001096725464,130.37555,0.61320853,0.24842826
35.85999941825867,130.35956,0.61320853,0.24964903
35.870001554489136,130.29156,0.61320853,0.24964903
35.87999987602234,130.28755,0.61320853,0.2508698
35.88999819755554,130.24756,0.61320853,0.25209057
35.90000033378601,130.20755,0.61320853,0.25331137
35.909998655319214,130.19556,0.61320853,0.25453213
35.92000079154968,130.18356,0.61320853,0.25575292
35.929999113082886,130.11555,0.61320853,0.25697368
35.940001249313354,130.13956,0.61320853,0.25819448
35.94999957084656,130.12355,0.61320853,0.25941524
35.960001707077026,130.09555,0.61320853,0.26063603
35.97000002861023,130.05556,0.61320853,0.2618568
35.97999835014343,130.02356,0.61320853,0.2630776
35.9900004863739,130.01157,0.61320853,0.26429835
35.999998807907104,129.99956,0.61320853,0.26551914
36.01000094413757,129.96355,0.61320853,0.2667399
36.019999265670776,129.96355,0.61320853,0.2679607
36.030001401901245,129.96355,0.61320853,0.26918146
36.03999972343445,129.91156,0.61320853,0.27040225
36.05000185966492,129.87155,0.61320853,0.27162302
36.06000018119812,129.86757,0.61320853,0.27162302
36.06999850273132,129.84755,0.61320853,0.2728438
36.08000063896179,129.82356,0.61320853,0.27406457
36.089998960494995,129.83156,0.61320853,0.27528536
36.100001096725464,129.83156,0.61320853,0.27650613
36.10999941825867,129.78757,0.61320853,0.27772692
36.120001554489136,129.75957,0.61320853,0.27894768
36.12999987602234,129.76355,0.61320853,0.28016847
36.13999819755554,129.74756,0.61320853,0.28138924
36.15000033378601,129.71155,0.61320853,0.28261003
36.159998655319214,129.70757,0.61320853,0.2838308
36.17000079154968,129.67555,0.61320853,0.28505158
36.179999113082886,129.64355,0.61320853,0.28627235
36.190001249313354,129.64755,0.61320853,0.28749314
36.19999957084656,129.65556,0.61320853,0.2887139
36.210001707077026,129.64355,0.61320853,0.2899347
36.22000002861023,129.60756,0.61320853,0.29115546
36.22999835014343,129.57956,0.61320853,0.29115546
36.2400004863739,129.57956,0.61320853,0.293597
36.249998807907104,129.56357,0.61320853,0.293597
36.26000094413757,129.53156,0.61320853,0.2948178
36.269999265670776,129.54356,0.61320853,0.29603857
36.280001401901245,129.53557,0.61320853,0.29725936
36.28999972343445,129.49956,0.61320853,0.29848012
36.30000185966492,129.47556,0.61320853,0.29970092
36.31000018119812,129.48756,0.61320853,0.30092168
36.31999850273132,129.46356,0.61320853,0.30214247
36.33000063896179,129.43956,0.61320853,0.30336323
36.339998960494995,129.41956,0.61320853,0.30458403
36.350001096725464,129.44356,0.61320853,0.3058048
36.35999941825867,129.40356,0.61320853,0.30702558
36.370001554489136,129.39156,0.61320853,0.30824634
36.37999987602234,129.37956,0.61320853,0.30946714
36.38999819755554,129.35156,0.61320853,0.3106879
36.40000033378601,129.33156,0.61320853,0.3106879
36.409998655319214,129.31956,0.61320853,0.31312945
36.42000079154968,129.30756,0.61320853,0.31312945
36.429999113082886,129.27556,0.61327595,0.31435025
36.440001249313354,129.27956,0.6133433,0.315571
36.44999957084656,129.30356,0.6133433,0.315571
36.460001707077026,129.30756,0.61341065,0.3167918
36.47000002861023,129.29156,0.61341065,0.31801257
36.47999835014343,129.27556,0.61347806,0.31923336
36.4900004863739,129.29156,0.61354536,0.31923336
36.499998807907104,129.28755,0.6136128,0.32045412
36.51000094413757,129.27956,0.6136801,0.32045412
36.519999265670776,129.32756,0.6138149,0.32045412
36.530001401901245,129.36356,0.61394966,0.32045412
36.53999972343445,129.37556,0.6141517,0.32045412
36.55000185966492,129.45155,0.6144886,0.32045412
36.56000018119812,129.55156,0.61489284,0.31801257
36.56999850273132,129.67155,0.6154318,0.315571
36.58000063896179,129.80756,0.6162402,0.3106879
36.589998960494995,130.10756,0.6174529,0.30458403
36.600001096725464,130.47955,0.61886764,0.29603857
36.60999941825867,130.79955,0.620013,0.2887139
36.620001554489136,130.98355,0.62055194,0.28627235
36.62999987602234,131.09555,0.62075406,0.28505158
36.63999819755554,131.11555,0.6208215,0.28627235
36.65000033378601,131.10355,0.6208888,0.28749314
36.659998655319214,131.08755,0.6209562,0.28749314
36.67000079154968,131.09155,0.62102354,0.2887139
36.679999113082886,131.07954,0.6210909,0.2887139
36.690001249313354,131.09956,0.62122566,0.2899347
36.69999957084656,131.11955,0.6213604,0.2899347
36.710001707077026,131.13956,0.6214951,0.2899347
36.72000002861023,131.16356,0.62169725,0.2899347
36.72999835014343,131.19955,0.6219668,0.2899347
36.7400004863739,131.27554,0.62216884,0.2887139
36.749998807907104,131.30354,0.6225057,0.28749314
36.76000094413757,131.37956,0.6229773,0.28505158
36.769999265670776,131.53955,0.6235837,0.28261003
36.780001401901245,131.72356,0.62432474,0.27894768
36.78999972343445,131.83955,0.6247963,0.27650613
36.80000185966492,131.92755,0.62493104,0.27650613
36.81000018119812,131.93555,0.62493104,0.27772692
36.81999850273132,131.89955,0.62493104,0.27894768
36.83000063896179,131.86356,0.62493104,0.28016847
36.839998960494995,131.82355,0.62493104,0.28138924
36.850001096725464,131.84755,0.62493104,0.28138924
36.85999941825867,131.84755,0.62493104,0.2838308
36.870001554489136,131.80754,0.62493104,0.2838308
36.87999987602234,131.81155,0.62499845,0.28505158
36.88999819755554,131.79955,0.62499845,0.28627235
36.90000033378601,131.74756,0.62499845,0.28749314
36.909998655319214,131.72356,0.62499845,0.2887139
36.92000079154968,131.71555,0.62499845,0.2899347
36.929999113082886,131.69556,0.62499845,0.29115546
36.940001249313354,131.71555,0.6250658,0.29115546
36.94999957084656,131.69955,0.6250658,0.29237625
36.960001707077026,131.69955,0.6250658,0.293597
36.97000002861023,131.63156,0.6250658,0.2948178
36.97999835014343,131.62355,0.6250658,0.29603857
36.9900004863739,131.65956,0.6251332,0.29725936
36.999998807907104,131.63554,0.6251332,0.29848012
37.01000094413757,131.60356,0.6251332,0.29970092
37.019999265670776,131.57155,0.6251332,0.29970092
37.030001401901245,131.58354,0.6251332,0.30092168
37.03999972343445,131.55554,0.62520057,0.30214247
37.05000185966492,131.53156,0.62520057,0.30336323
37.06000018119812,131.55554,0.62520057,0.30458403
37.06999850273132,131.56355,0.62520057,0.3058048
37.08000063896179,131.52356,0.62526786,0.3058048
37.089998960494995,131.49556,0.62526786,0.30702558
37.100001096725464,131.50755,0.6254026,0.30702558
37.10999941825867,131.52356,0.6255374,0.30824634
37.120001554489136,131.55156,0.6256048,0.30824634
37.12999987602234,131.59555,0.62573946,0.30946714
37.13999819755554,131.61156,0.62580687,0.30946714
37.15000033378601,131.59555,0.6258742,0.3106879
37.159998655319214,131.58755,0.62594163,0.3106879
37.17000079154968,131.60754,0.626009,0.3119087
37.179999113082886,131.60754,0.62607634,0.3119087
37.190001249313354,131.57555,0.62614375,0.31312945
37.19999957084656,131.61156,0.62627846,0.31312945
37.210001707077026,131.67155,0.6264132,0.31312945
37.22000002861023,131.70755,0.62661535,0.31312945
37.22999835014343,131.73956,0.6268848,0.3119087
37.2400004863739,131.81155,0.6271543,0.3119087
37.249998807907104,131.83156,0.62735635,0.3106879
37.26000094413757,131.90755,0.62776065,0.30946714
37.269999265670776,132.02756,0.6282996,0.30702558
37.280001401901245,132.18755,0.6289733,0.30458403
37.28999972343445,132.39555,0.62971437,0.29970092
37.30000185966492,132.61955,0.63065755,0.2948178
37.31000018119812,132.82755,0.63146603,0.2899347
37.31999850273132,132.97955,0.63180286,0.2887139
37.33000063896179,132.96754,0.63187027,0.2899347
37.339998960494995,132.96754,0.63187027,0.29115546
37.350001096725464,132.98355,0.63187027,0.29115546
37.35999941825867,132.95555,0.63187027,0.293597
37.370001554489136,132.90355,0.63187027,0.293597
37.37999987602234,132.89955,0.63187027,0.2948178
37.38999819755554,132.88354,0.63187027,0.29603857
37.40000033378601,132.87955,0.63187027,0.29725936
37.409998655319214,132.85954,0.63187027,0.29848012
37.42000079154968,132.85954,0.63187027,0.29970092
37.429999113082886,132.83154,0.6319376,0.30092168
37.440001249313354,132.78755,0.6319376,0.30092168
37.44999957084656,132.78355,0.6319376,0.30336323
37.460001707077026,132.79955,0.632005,0.30336323
37.47000002861023,132.79955,0.6320724,0.30458403
37.47999835014343,132.77554,0.6320724,0.3058048
37.4900004863739,132.78355,0.6321397,0.3058048
37.499998807907104,132.77954,0.6321397,0.30702558
37.51000094413757,132.73555,0.6322071,0.30824634
37.519999265670776,132.75955,0.63227445,0.30824634
37.530001401901245,132.79155,0.6324092,0.30946714
37.53999972343445,132.80754,0.63247657,0.30946714
37.55000185966492,132.81155,0.63261133,0.30946714
37.56000018119812,132.83154,0.63274604,0.30946714
37.56999850273132,132.86754,0.6328808,0.3106879
37.58000063896179,132.85555,0.63294816,0.3106879
37.589998960494995,132.87155,0.6330829,0.3119087
37.600001096725464,132.89955,0.63321763,0.3106879
37.60999941825867,132.94354,0.63348716,0.3106879
37.620001554489136,132.99956,0.633824,0.30946714
37.62999987602234,133.11154,0.63422817,0.30702558
37.63999819755554,133.24754,0.6347672,0.3058048
37.65000033378601,133.37154,0.63550824,0.30092168
37.659998655319214,133.57155,0.6363167,0.29725936
37.67000079154968,133.81554,0.6372599,0.29115546
37.679999113082886,134.06755,0.6382031,0.28627235
37.690001249313354,134.23155,0.6388768,0.28261003
37.69999957084656,134.39154,0.6393484,0.28016847
37.710001707077026,134.53154,0.63982,0.27772692
37.72000002861023,134.61154,0.6402916,0.27650613
37.72999835014343,134.71155,0.64076316,0.27406457
37.7400004863739,134.85954,0.64130217,0.27162302
37.749998807907104,134.99153,0.6418411,0.26918146
37.76000094413757,135.11154,0.6424475,0.2667399
37.769999265670776,135.23553,0.6429864,0.26429835
37.780001401901245,135.31554,0.64332324,0.2618568
37.78999972343445,135.37953,0.64352536,0.2618568
37.80000185966492,135.36754,0.6435928,0.2618568
37.81000018119812,135.39154,0.6435928,0.26429835
37.81999850273132,135.38754,0.6435928,0.26429835
37.83000063896179,135.32353,0.6435928,0.26551914
37.839998960494995,135.29553,0.6435928,0.2667399
37.850001096725464,135.28354,0.6436601,0.2679607
37.85999941825867,135.24754,0.6436601,0.26918146
37.870001554489136,135.24353,0.6436601,0.27040225
37.87999987602234,135.24353,0.64372754,0.27040225
37.88999819755554,135.26353,0.64372754,0.27162302
37.90000033378601,135.22354,0.64372754,0.2728438
37.909998655319214,135.17154,0.64372754,0.27406457
37.92000079154968,135.16353,0.64372754,0.27528536
37.929999113082886,135.14354,0.64372754,0.27650613
37.940001249313354,135.13155,0.64372754,0.27772692
37.94999957084656,135.11554,0.64372754,0.27894768
37.960001707077026,135.10754,0.64379483,0.28016847
37.97000002861023,135.07555,0.64379483,0.28138924
37.97999835014343,135.06354,0.64379483,0.28138924
37.9900004863739,135.03554,0.64379483,0.28261003
37.999998807907104,135.03154,0.64379483,0.2838308
38.01000094413757,135.01555,0.64379483,0.28505158
38.019999265670776,134.99554,0.64379483,0.28627235
38.030001401901245,135.00754,0.64379483,0.28749314
38.03999972343445,134.96355,0.64379483,0.2887139
38.05000185966492,134.93954,0.64379483,0.2899347
38.06000018119812,134.94754,0.64379483,0.29115546
38.06999850273132,134.95154,0.64379483,0.29237625
38.08000063896179,134.90353,0.64386225,0.293597
38.089998960494995,134.90353,0.64386225,0.293597
38.100001096725464,134.89154,0.64386225,0.2948178
38.10999941825867,134.86754,0.6439296,0.29603857
38.120001554489136,134.84355,0.6439296,0.29725936
38.12999987602234,134.83554,0.64399695,0.29725936
38.13999819755554,134.87154,0.64406437,0.29848012
38.15000033378601,134.87553,0.64419913,0.29848012
38.159998655319214,134.89954,0.6443338,0.29970092
38.17000079154968,134.93153,0.6444012,0.29970092
38.179999113082886,134.91954,0.64446855,0.29970092
38.190001249313354,134.91554,0.6446033,0.30092168
38.19999957084656,134.95554,0.64480543,0.29970092
38.210001707077026,134.99554,0.6448728,0.30092168
38.22000002861023,134.99554,0.64500755,0.30092168
38.22999835014343,135.01555,0.6451423,0.30092168
38.2400004863739,135.06354,0.6453444,0.30092168
38.249998807907104,135.09154,0.6455465,0.30092168
38.26000094413757,135.11154,0.6457486,0.30092168
38.269999265670776,135.17953,0.64608544,0.29970092
38.280001401901245,135.28754,0.6464223,0.29848012
38.28999972343445,135.37154,0.6469613,0.29603857
38.30000185966492,135.47954,0.6475002,0.293597
38.31000018119812,135.66754,0.6481066,0.2899347
38.31999850273132,135.83954,0.6487803,0.28627235
38.33000063896179,135.97954,0.649454,0.2838308
38.339998960494995,136.12354,0.649993,0.28016847
38.350001096725464,136.23553,0.6502624,0.28016847
38.35999941825867,136.23553,0.6502624,0.28138924
38.370001554489136,136.21153,0.6503298,0.28138924
38.37999987602234,136.20753,0.6503972,0.28261003
38.38999819755554,136.22354,0.6503972,0.2838308
38.40000033378601,136.21153,0.6504646,0.2838308
38.409998655319214,136.17154,0.6504646,0.28505158
38.42000079154968,136.20753,0.6504646,0.28627235
38.429999113082886,136.13954,0.6504646,0.28749314
38.440001249313354,136.11554,0.6504646,0.2887139
38.44999957084656,136.10753,0.6504646,0.2899347
38.460001707077026,136.10355,0.6504646,0.29115546
38.47000002861023,136.06354,0.65053195,0.29115546
38.47999835014343,136.06354,0.65053195,0.293597
38.4900004863739,136.07555,0.65059936,0.293597
38.499998807907104,136.10355,0.65059936,0.2948178
38.51000094413757,136.05554,0.65066665,0.2948178
38.519999265670776,136.01154,0.650734,0.29603857
38.530001401901245,136.05154,0.6508014,0.29725936
38.53999972343445,136.05154,0.6508688,0.29725936
38.55000185966492,136.06754,0.65100354,0.29725936
38.56000018119812,136.08354,0.65107095,0.29848012
38.56999850273132,136.12354,0.6512056,0.29848012
38.58000063896179,136.13153,0.6514078,0.29848012
38.589998960494995,136.17554,0.65167725,0.29725936
38.600001096725464,136.23553,0.6520141,0.29603857
38.60999941825867,136.34354,0.65248567,0.2948178
38.620001554489136,136.47154,0.653092,0.29115546
38.62999987602234,136.63553,0.6536984,0.2887139
38.63999819755554,136.81154,0.65437204,0.28505158
38.65000033378601,136.92754,0.6549784,0.28261003
38.659998655319214,137.06754,0.65551734,0.27894768
38.67000079154968,137.21553,0.65592164,0.27772692
38.679999113082886,137.27953,0.6561911,0.27650613
38.690001249313354,137.28754,0.6561911,0.27772692
38.69999957084656,137.26753,0.6561911,0.27894768
38.710001707077026,137.24753,0.6561911,0.28016847
38.72000002861023,137.20753,0.6561911,0.28138924
38.72999835014343,137.16753,0.6561911,0.28261003
38.7400004863739,137.19154,0.6561911,0.2838308
38.749998807907104,137.20753,0.6561911,0.28505158
38.76000094413757,137.13953,0.6561911,0.28627235
38.769999265670776,137.12354,0.65625846,0.28627235
38.780001401901245,137.11552,0.65625846,0.28749314
38.78999972343445,137.07953,0.65625846,0.2887139
38.80000185966492,137.04353,0.65625846,0.2899347
38.81000018119812,137.04753,0.65625846,0.29115546
38.81999850273132,137.04353,0.65625846,0.29237625
38.83000063896179,137.03554,0.65625846,0.293597
38.839998960494995,137.00752,0.65625846,0.2948178
38.850001096725464,136.99553,0.65625846,0.29603857
38.85999941825867,136.99153,0.65625846,0.29725936
38.870001554489136,136.94754,0.65625846,0.29848012
38.87999987602234,136.94754,0.65625846,0.29970092
38.88999819755554,136.95554,0.65625846,0.30092168
38.90000033378601,136.91954,0.65625846,0.30214247
38.909998655319214,136.89554,0.6563258,0.30214247
38.92000079154968,136.91153,0.6563258,0.30336323
38.929999113082886,136.89554,0.6563258,0.30458403
38.940001249313354,136.87154,0.6563258,0.3058048
38.94999957084656,136.83954,0.65639323,0.30702558
38.960001707077026,136.87553,0.65639323,0.30702558
38.97000002861023,136.83954,0.65639323,0.30946714
38.97999835014343,136.81554,0.6564606,0.30946714
38.9900004863739,136.83553,0.65652794,0.3106879
38.999998807907104,136.85954,0.65666264,0.3106879
39.01000094413757,136.83553,0.65666264,0.3119087
39.019999265670776,136.83154,0.65666264,0.31312945
39.030001401901245,136.85553,0.6567974,0.31312945
39.03999972343445,136.85153,0.6567974,0.31435025
39.05000185966492,136.82753,0.6568648,0.315571
39.06000018119812,136.83154,0.6569322,0.315571
39.06999850273132,136.85153,0.6570669,0.315571
39.08000063896179,136.85954,0.65713423,0.3167918
39.089998960494995,136.88353,0.6573364,0.3167918
39.100001096725464,136.94754,0.6574712,0.3167918
39.10999941825867,136.95953,0.6576058,0.3167918
39.120001554489136,136.96753,0.657808,0.3167918
39.12999987602234,137.00752,0.6580101,0.315571
39.13999819755554,137.07553,0.6582796,0.315571
39.15000033378601,137.13553,0.6586164,0.31435025
39.159998655319214,137.21553,0.6590881,0.31312945
39.17000079154968,137.36354,0.65955967,0.30946714
39.179999113082886,137.52753,0.6602333,0.30702558
39.190001249313354,137.69952,0.6609744,0.30336323
39.19999957084656,137.85553,0.66158074,0.29970092
39.210001707077026,138.02353,0.66211975,0.29725936
39.22000002861023,138.09552,0.6624566,0.29603857
39.22999835014343,138.12352,0.6626587,0.2948178
39.2400004863739,138.14352,0.6626587,0.29725936
39.249998807907104,138.16353,0.66272604,0.29725936
39.26000094413757,138.14352,0.66279346,0.29848012
39.269999265670776,138.13153,0.66279346,0.29970092
39.280001401901245,138.11552,0.66279346,0.30092168
39.28999972343445,138.11153,0.66286075,0.30092168
39.30000185966492,138.08752,0.66286075,0.30214247
39.31000018119812,138.07953,0.66286075,0.30336323
39.31999850273132,138.03554,0.66286075,0.30458403
39.33000063896179,138.03554,0.66292816,0.3058048
39.339998960494995,138.03554,0.6629955,0.3058048
39.350001096725464,138.05553,0.6630629,0.30702558
39.35999941825867,138.07153,0.6631303,0.30702558
39.370001554489136,138.04753,0.66326505,0.30702558
39.37999987602234,138.03954,0.6633324,0.30824634
39.38999819755554,138.07153,0.66339976,0.30946714
39.40000033378601,138.06354,0.6634671,0.30946714
39.409998655319214,138.06354,0.6636019,0.30946714
39.42000079154968,138.11153,0.66373664,0.30946714
39.429999113082886,138.15154,0.66387135,0.3106879
39.440001249313354,138.15553,0.6639387,0.3106879
39.44999957084656,138.16753,0.6641408,0.3106879
39.460001707077026,138.20753,0.66434294,0.3106879
39.47000002861023,138.25153,0.66454506,0.3106879
39.47999835014343,138.27553,0.66488194,0.30946714
39.4900004863739,138.37552,0.6652861,0.30824634
39.499998807907104,138.48753,0.6657577,0.3058048
39.51000094413757,138.63953,0.6664314,0.30214247
39.519999265670776,138.79953,0.66710514,0.29848012
39.530001401901245,139.01552,0.66777885,0.2948178
39.53999972343445,139.12352,0.6683178,0.29237625
39.55000185966492,139.21553,0.6686547,0.29115546
39.56000018119812,139.23952,0.66872203,0.29115546
39.56999850273132,139.26352,0.66872203,0.29237625
39.58000063896179,139.22752,0.66872203,0.293597
39.589998960494995,139.17953,0.66872203,0.2948178
39.600001096725464,139.18352,0.6687894,0.29603857
39.60999941825867,139.19553,0.6687894,0.29725936
39.620001554489136,139.16353,0.6687894,0.29848012
39.62999987602234,139.12352,0.6687894,0.29970092
39.63999819755554,139.14752,0.6687894,0.30092168
39.65000033378601,139.12753,0.6687894,0.30092168
39.659998655319214,139.07153,0.6687894,0.30336323
39.67000079154968,139.05153,0.6687894,0.30336323
39.679999113082886,139.05553,0.6687894,0.3058048
39.690001249313354,139.04353,0.6687894,0.3058048
39.69999957084656,139.02753,0.6687894,0.30702558
39.710001707077026,139.03952,0.6687894,0.30824634
39.72000002861023,138.99553,0.6688568,0.30946714
39.72999835014343,138.95952,0.6688568,0.3106879
39.7400004863739,138.96753,0.6689915,0.3106879
39.749998807907104,138.98752,0.6689915,0.3119087
39.76000094413757,138.97952,0.6690589,0.3119087
39.769999265670776,138.99953,0.6691936,0.31312945
39.780001401901245,139.03952,0.6693284,0.31312945
39.78999972343445,139.04753,0.6694631,0.31312945
39.80000185966492,139.02753,0.6695305,0.31312945
39.81000018119812,139.04353,0.66959786,0.31435025
39.81999850273132,139.09552,0.6697326,0.31435025
39.83000063896179,139.11552,0.67013687,0.31312945
39.839998960494995,139.21553,0.67060846,0.3106879
39.850001096725464,139.34752,0.6711474,0.30824634
39.85999941825867,139.49553,0.6718211,0.30458403
39.870001554489136,139.72752,0.6727643,0.29970092
39.87999987602234,139.97552,0.6739096,0.293597
39.88999819755554,140.31952,0.6753244,0.2838308
39.90000033378601,140.64752,0.67640233,0.27772692
39.909998655319214,140.80351,0.6770087,0.27528536
39.92000079154968,140.94353,0.67741287,0.2728438
39.929999113082886,141.01152,0.6778171,0.27162302
39.940001249313354,141.09552,0.678154,0.27040225
39.94999957084656,141.15953,0.6784908,0.26918146
39.960001707077026,141.25552,0.67882764,0.2679607
39.97000002861023,141.32751,0.6793666,0.26551914
39.97999835014343,141.44351,0.67997295,0.2618568
39.9900004863739,141.60751,0.6807141,0.25819448
39.999998807907104,141.76752,0.68132037,0.25575292
40.01000094413757,141.83951,0.68158984,0.25453213
40.019999265670776,141.85551,0.68158984,0.25575292
40.030001401901245,141.83951,0.68165725,0.25575292
40.03999972343445,141.84352,0.68165725,0.25819448
40.05000185966492,141.79951,0.68165725,0.25819448
40.06000018119812,141.77151,0.68165725,0.26063603
40.06999850273132,141.75952,0.68165725,0.26063603
40.08000063896179,141.71951,0.68165725,0.2618568
40.089998960494995,141.67152,0.68165725,0.2630776
40.100001096725464,141.68752,0.68165725,0.26429835
40.10999941825867,141.68752,0.6817246,0.26551914
40.120001554489136,141.64352,0.6817246,0.26551914
40.12999987602234,141.60751,0.6817246,0.2679607
40.13999819755554,141.60751,0.6817246,0.2679607
40.15000033378601,141.58353,0.6817246,0.27040225
40.159998655319214,141.52753,0.6817246,0.27040225
40.17000079154968,141.54352,0.6817246,0.27162302
40.179999113082886,141.53952,0.6817246,0.2728438
40.190001249313354,141.51552,0.6817246,0.27406457
40.19999957084656,141.48752,0.6817246,0.27528536
40.210001707077026,141.47552,0.6817246,0.27650613
40.22000002861023,141.45552,0.68179196,0.27772692
40.22999835014343,141.43951,0.68179196,0.27894768
40.2400004863739,141.42752,0.68179196,0.28016847
40.249998807907104,141.42752,0.68179196,0.28138924
40.26000094413757,141.40352,0.6818594,0.28138924
40.269999265670776,141.34752,0.6818594,0.28261003
40.280001401901245,141.35951,0.6818594,0.2838308
40.28999972343445,141.38751,0.68192667,0.2838308
40.30000185966492,141.33952,0.68192667,0.28505158
40.31000018119812,141.31952,0.6819941,0.28627235
40.31999850273132,141.34752,0.6819941,0.28749314
40.33000063896179,141.31152,0.68206143,0.28749314
40.339998960494995,141.29552,0.68206143,0.2899347
40.350001096725464,141.29951,0.68206143,0.2899347
40.35999941825867,141.32751,0.68212885,0.29115546
40.370001554489136,141.28752,0.68212885,0.29237625
40.37999987602234,141.26752,0.68212885,0.293597
40.38999819755554,141.26752,0.68212885,0.2948178
40.40000033378601,141.24751,0.68212885,0.29603857
40.409998655319214,141.17952,0.6821962,0.29603857
40.42000079154968,141.18752,0.6821962,0.29725936
40.429999113082886,141.21152,0.68226355,0.29848012
40.440001249313354,141.19951,0.68226355,0.29970092
40.44999957084656,141.20752,0.68233097,0.29970092
40.460001707077026,141.20352,0.6823983,0.30092168
40.47000002861023,141.19151,0.6824657,0.30092168
40.47999835014343,141.19553,0.682533,0.30214247
40.4900004863739,141.22353,0.6826678,0.30214247
40.499998807907104,141.23952,0.68273515,0.30336323
40.51000094413757,141.24352,0.6828699,0.30336323
40.519999265670776,141.24751,0.683072,0.30336323
40.530001401901245,141.31952,0.6833415,0.30214247
40.53999972343445,141.41153,0.68374574,0.30092168
40.55000185966492,141.49551,0.68421733,0.29848012
40.56000018119812,141.63951,0.68489105,0.2948178
40.56999850273132,141.89952,0.6858342,0.2899347
40.58000063896179,142.13152,0.68697953,0.2838308
40.589998960494995,142.39551,0.68799007,0.27772692
40.600001096725464,142.57951,0.688529,0.27406457
40.60999941825867,142.65952,0.6885964,0.27528536
40.620001554489136,142.63152,0.6885964,0.27650613
40.62999987602234,142.61151,0.6885964,0.27772692
40.63999819755554,142.62752,0.6885964,0.27894768
40.65000033378601,142.58351,0.6885964,0.28016847
40.659998655319214,142.53151,0.6885964,0.28138924
40.67000079154968,142.51952,0.6885964,0.28138924
40.679999113082886,142.50752,0.6885964,0.2838308
40.690001249313354,142.49152,0.6885964,0.2838308
40.69999957084656,142.47151,0.6885964,0.28505158
40.710001707077026,142.46751,0.6885964,0.28627235
40.72000002861023,142.45952,0.6885964,0.28749314
40.72999835014343,142.43152,0.6885964,0.2887139
40.7400004863739,142.38351,0.6885964,0.2899347
40.749998807907104,142.39153,0.6885964,0.29115546
40.76000094413757,142.35551,0.6885964,0.29237625
40.769999265670776,142.32751,0.6885964,0.293597
40.780001401901245,142.33952,0.6886638,0.2948178
40.78999972343445,142.33151,0.6886638,0.2948178
40.80000185966492,142.29552,0.6886638,0.29725936
40.81000018119812,142.27551,0.6886638,0.29725936
40.81999850273132,142.26752,0.6886638,0.29970092
40.83000063896179,142.24751,0.6887312,0.29970092
40.839998960494995,142.23952,0.6887312,0.30092168
40.850001096725464,142.23552,0.6887312,0.30214247
40.85999941825867,142.23552,0.68879855,0.30214247
40.870001554489136,142.22351,0.68879855,0.30336323
40.87999987602234,142.19951,0.6888659,0.30458403
40.88999819755554,142.21951,0.6888659,0.3058048
40.90000033378601,142.20352,0.68893325,0.3058048
40.909998655319214,142.18352,0.6890006,0.30702558
40.92000079154968,142.19551,0.689068,0.30702558
40.929999113082886,142.21152,0.6891354,0.30824634
40.940001249313354,142.21552,0.68927014,0.30824634
40.94999957084656,142.21951,0.68940485,0.30946714
40.960001707077026,142.2875,0.6896744,0.30824634
40.97000002861023,142.35951,0.6899438,0.30702558
40.97999835014343,142.42351,0.6902133,0.30702558
40.9900004863739,142.48752,0.69055015,0.3058048
40.999998807907104,142.57951,0.69102174,0.30336323
41.01000094413757,142.71951,0.6916281,0.30092168
41.019999265670776,142.84352,0.6923018,0.29725936
41.030001401901245,143.0355,0.69304293,0.293597
41.03999972343445,143.23552,0.6936492,0.2899347
41.05000185966492,143.3235,0.6940535,0.28749314
41.06000018119812,143.3755,0.69425553,0.28749314
41.06999850273132,143.39952,0.69432294,0.2887139
41.08000063896179,143.36751,0.69432294,0.2899347
41.089998960494995,143.34752,0.6943903,0.2899347
41.100001096725464,143.34752,0.6943903,0.29115546
41.10999941825867,143.36351,0.6944577,0.29237625
41.120001554489136,143.34752,0.69452506,0.293597
41.12999987602234,143.3235,0.69452506,0.293597
41.13999819755554,143.3435,0.6945924,0.2948178
41.15000033378601,143.32751,0.69465977,0.2948178
41.159998655319214,143.31151,0.69479454,0.29603857
41.17000079154968,143.32751,0.69479454,0.29725936
41.179999113082886,143.33951,0.69479454,0.29848012
41.190001249313354,143.29552,0.6948619,0.29848012
41.19999957084656,143.2875,0.6948619,0.29970092
41.210001707077026,143.29152,0.69492924,0.30092168
41.22000002861023,143.31952,0.69499665,0.30214247
41.22999835014343,143.28351,0.695064,0.30214247
41.2400004863739,143.2595,0.695064,0.30336323
41.249998807907104,143.29951,0.6951987,0.30336323
41.26000094413757,143.27551,0.6952661,0.30336323
41.269999265670776,143.29552,0.69546825,0.30336323
41.280001401901245,143.33951,0.695603,0.30336323
41.28999972343445,143.37952,0.6958051,0.30336323
41.30000185966492,143.40752,0.69593984,0.30336323
41.31000018119812,143.44751,0.6962093,0.30336323
41.31999850273132,143.51952,0.6965462,0.30214247
41.33000063896179,143.61151,0.6969504,0.30092168
41.339998960494995,143.68752,0.69742197,0.29848012
41.350001096725464,143.80751,0.69789356,0.29603857
41.35999941825867,143.9555,0.6984325,0.293597
41.370001554489136,144.05551,0.6989715,0.29115546
41.37999987602234,144.19151,0.6994431,0.2887139
41.38999819755554,144.3155,0.69984734,0.28749314
41.40000033378601,144.38351,0.7001168,0.28627235
41.409998655319214,144.40752,0.70031893,0.28627235
41.42000079154968,144.4115,0.7004537,0.28627235
41.429999113082886,144.41951,0.700521,0.28749314
41.440001249313354,144.4275,0.7005884,0.28749314
41.44999957084656,144.40752,0.7005884,0.2887139
41.460001707077026,144.41551,0.70065576,0.2899347
41.47000002861023,144.4275,0.7007232,0.2899347
41.47999835014343,144.39151,0.7007905,0.29115546
41.4900004863739,144.39151,0.7008579,0.29115546
41.499998807907104,144.4035,0.7008579,0.293597
41.51000094413757,144.4035,0.70099264,0.293597
41.519999265670776,144.39151,0.70112735,0.293597
41.530001401901245,144.41951,0.70119476,0.293597
41.53999972343445,144.41551,0.7012621,0.2948178
41.55000185966492,144.4115,0.70132947,0.2948178
41.56000018119812,144.41551,0.70146424,0.29603857
41.56999850273132,144.4595,0.7015316,0.29603857
41.58000063896179,144.4795,0.7017337,0.29603857
41.589998960494995,144.4635,0.70180106,0.29725936
41.600001096725464,144.4595,0.7018685,0.29725936
41.60999941825867,144.47151,0.7019358,0.29848012
41.620001554489136,144.4635,0.70200324,0.29848012
41.62999987602234,144.47551,0.7021379,0.29970092
41.63999819755554,144.55551,0.70234007,0.29848012
41.65000033378601,144.60751,0.7026769,0.29725936
41.659998655319214,144.6515,0.7030138,0.29603857
41.67000079154968,144.69551,0.7033506,0.2948178
41.679999113082886,144.81151,0.7038222,0.293597
41.690001249313354,144.9435,0.7042938,0.29115546
41.69999957084656,145.0355,0.7047654,0.2887139
41.710001707077026,145.1515,0.7053043,0.28749314
41.72000002861023,145.3275,0.7058433,0.2838308
41.72999835014343,145.44351,0.7065844,0.28016847
41.7400004863739,145.60352,0.7071234,0.27772692
41.749998807907104,145.71951,0.7075276,0.27528536
41.76000094413757,145.7435,0.7077297,0.27528536
41.769999265670776,145.7795,0.7079318,0.27528536
41.780001401901245,145.8275,0.7080665,0.27528536
41.78999972343445,145.8435,0.70813394,0.27650613
41.80000185966492,145.8315,0.7082687,0.27650613
41.81000018119812,145.8315,0.70833606,0.27650613
41.81999850273132,145.8235,0.70840347,0.27772692
41.83000063896179,145.8235,0.7085381,0.27772692
41.839998960494995,145.8315,0.7086729,0.27772692
41.850001096725464,145.8475,0.70880765,0.27772692
41.85999941825867,145.86751,0.70887506,0.27894768
41.870001554489136,145.85551,0.7089424,0.28016847
41.87999987602234,145.83951,0.7090097,0.28016847
41.88999819755554,145.86751,0.7091445,0.28016847
41.90000033378601,145.8755,0.70927924,0.28138924
41.909998655319214,145.9235,0.70948136,0.28016847
41.92000079154968,145.9595,0.70975083,0.28016847
41.929999113082886,146.0035,0.7100203,0.27894768
41.940001249313354,146.0755,0.7103572,0.27772692
41.94999957084656,146.1315,0.7106266,0.27772692
41.960001707077026,146.2115,0.71096355,0.27650613
41.97000002861023,146.2635,0.7111656,0.27528536
41.97999835014343,146.3075,0.71143514,0.27528536
41.9900004863739,146.3475,0.7116372,0.27528536
41.999998807907104,146.3795,0.71177197,0.27528536
42.01000094413757,146.3715,0.7119741,0.27528536
42.019999265670776,146.3715,0.71204144,0.27528536
42.030001401901245,146.3915,0.71210885,0.27650613
42.03999972343445,146.3835,0.71217614,0.27772692
42.05000185966492,146.3995,0.71217614,0.27772692
42.06000018119812,146.3515,0.71224356,0.27894768
42.06999850273132,146.3795,0.71224356,0.28016847
42.08000063896179,146.3435,0.71224356,0.28138924
42.089998960494995,146.2915,0.71224356,0.28261003
42.100001096725464,146.3075,0.71224356,0.2838308
42.10999941825867,146.2955,0.71224356,0.28505158
42.120001554489136,146.2835,0.71224356,0.28505158
42.12999987602234,146.2555,0.7123109,0.28627235
42.13999819755554,146.2635,0.7123109,0.28749314
42.15000033378601,146.2195,0.7123109,0.2887139
42.159998655319214,146.1795,0.7123109,0.2899347
42.17000079154968,146.1795,0.7123109,0.29115546
42.179999113082886,146.1915,0.71237826,0.29115546
42.190001249313354,146.1835,0.71237826,0.29237625
42.19999957084656,146.1555,0.7124457,0.293597
42.210001707077026,146.1795,0.712513,0.293597
42.22000002861023,146.19951,0.7126478,0.2948178
42.22999835014343,146.1835,0.7127825,0.2948178
42.2400004863739,146.1875,0.7127825,0.29603857
42.249998807907104,146.2115,0.71284986,0.29603857
42.26000094413757,146.17549,0.71291727,0.29725936
42.269999265670776,146.1795,0.7129846,0.29725936
42.280001401901245,146.2035,0.7131194,0.29848012
42.28999972343445,146.2195,0.7132541,0.29848012
42.30000185966492,146.2555,0.71332145,0.29970092
42.31000018119812,146.2315,0.71338886,0.29970092
42.31999850273132,146.2755,0.7134562,0.30092168
42.33000063896179,146.2755,0.713591,0.30092168
42.339998960494995,146.2315,0.71365833,0.30214247
42.350001096725464,146.2475,0.71365833,0.30214247
42.35999941825867,146.25151,0.7137257,0.30336323
42.370001554489136,146.2675,0.71379304,0.30336323
42.37999987602234,146.2595,0.71386045,0.30458403
42.38999819755554,146.27951,0.7139952,0.30458403
42.40000033378601,146.2995,0.7141299,0.30458403
42.409998655319214,146.2675,0.71426463,0.3058048
42.42000079154968,146.3275,0.71446675,0.30458403
42.429999113082886,146.3995,0.7147363,0.30458403
42.440001249313354,146.4595,0.7150731,0.30336323
42.44999957084656,146.5235,0.71547735,0.30092168
42.460001707077026,146.6595,0.7158815,0.29970092
42.47000002861023,146.7715,0.71642053,0.29725936
42.47999835014343,146.8755,0.7169595,0.2948178
42.4900004863739,147.0195,0.7174984,0.29237625
42.499998807907104,147.1555,0.7181048,0.2887139
42.51000094413757,147.2995,0.7187785,0.28627235
42.519999265670776,147.4115,0.7191827,0.2838308
42.530001401901245,147.4995,0.71938485,0.2838308
42.53999972343445,147.5515,0.7195196,0.2838308
42.55000185966492,147.53549,0.7195869,0.28505158
42.56000018119812,147.50749,0.7197217,0.28505158
42.56999850273132,147.5195,0.7197891,0.28505158
42.58000063896179,147.5115,0.7197891,0.28627235
42.589998960494995,147.4955,0.71985644,0.28749314
42.600001096725464,147.4955,0.71985644,0.2887139
42.60999941825867,147.4995,0.71985644,0.2899347
42.620001554489136,147.4675,0.71985644,0.29115546
42.62999987602234,147.4395,0.71992385,0.29115546
42.63999819755554,147.4435,0.71992385,0.29237625
42.65000033378601,147.4315,0.71992385,0.293597
42.659998655319214,147.3955,0.71992385,0.2948178
42.67000079154968,147.3835,0.71992385,0.29603857
42.679999113082886,147.3755,0.7199912,0.29725936
42.690001249313354,147.34349,0.7199912,0.29725936
42.69999957084656,147.3155,0.7199912,0.29970092
42.710001707077026,147.3235,0.72005856,0.29970092
42.72000002861023,147.34349,0.7201259,0.30092168
42.72999835014343,147.34349,0.72019327,0.30092168
42.7400004863739,147.34349,0.7202607,0.30214247
42.749998807907104,147.3595,0.7203954,0.30214247
42.76000094413757,147.3755,0.72059757,0.30092168
42.769999265670776,147.4035,0.7207996,0.30092168
42.780001401901245,147.4435,0.7209344,0.30092168
42.78999972343445,147.5115,0.7211365,0.30092168
42.80000185966492,147.5315,0.721406,0.30092168
42.81000018119812,147.5715,0.7216081,0.30092168
42.81999850273132,147.6355,0.7218776,0.29970092
42.83000063896179,147.6835,0.72228175,0.29848012
42.839998960494995,147.7635,0.72261864,0.29725936
42.850001096725464,147.8435,0.72295547,0.29603857
42.85999941825867,147.92749,0.72329235,0.2948178
42.870001554489136,148.0035,0.7236966,0.293597
42.87999987602234,148.0755,0.7240334,0.29115546
42.88999819755554,148.2035,0.724505,0.2899347
42.90000033378601,148.29948,0.72490925,0.2887139
42.909998655319214,148.3275,0.72511137,0.28749314
42.92000079154968,148.3315,0.7251787,0.2887139
42.929999113082886,148.3475,0.7251787,0.2899347
42.940001249313354,148.3275,0.72524613,0.2899347
42.94999957084656,148.3235,0.7253135,0.29115546
42.960001707077026,148.3355,0.72538084,0.29115546
42.97000002861023,148.3315,0.72538084,0.29237625
42.97999835014343,148.3235,0.7254482,0.293597
42.9900004863739,148.3035,0.72551554,0.293597
42.999998807907104,148.3115,0.72551554,0.2948178
43.01000094413757,148.27148,0.72558296,0.29603857
43.019999265670776,148.2755,0.72558296,0.29725936
43.030001401901245,148.26349,0.72558296,0.29848012
43.03999972343445,148.25949,0.72558296,0.29970092
43.05000185966492,148.2395,0.7256503,0.29970092
43.06000018119812,148.2235,0.7256503,0.30092168
43.06999850273132,148.2475,0.7256503,0.30214247
43.08000063896179,148.2155,0.7256503,0.30336323
43.089998960494995,148.1715,0.7257177,0.30458403
43.100001096725464,148.1635,0.7257851,0.3058048
43.10999941825867,148.1915,0.7258525,0.3058048
43.120001554489136,148.1995,0.72598714,0.3058048
43.12999987602234,148.2035,0.72605455,0.30702558
43.13999819755554,148.23149,0.7261893,0.30702558
43.15000033378601,148.2475,0.72625667,0.30702558
43.159998655319214,148.2275,0.72639143,0.30702558
43.17000079154968,148.2395,0.72652614,0.30824634
43.179999113082886,148.29948,0.72672826,0.30702558
43.190001249313354,148.3355,0.72699773,0.30702558
43.19999957084656,148.3955,0.7272672,0.3058048
43.210001707077026,148.4435,0.7275367,0.3058048
43.22000002861023,148.4955,0.7277388,0.3058048
43.22999835014343,148.52348,0.72800833,0.30458403
43.2400004863739,148.60349,0.7282778,0.30336323
43.249998807907104,148.67549,0.7285473,0.30336323
43.26000094413757,148.73149,0.72888416,0.30214247
43.269999265670776,148.79149,0.72928834,0.30092168
43.280001401901245,148.8875,0.7296926,0.29848012
43.28999972343445,149.00749,0.7301641,0.29725936
43.30000185966492,149.12349,0.7307031,0.293597
43.31000018119812,149.23149,0.73124206,0.29237625
43.31999850273132,149.3635,0.7315116,0.29115546
43.33000063896179,149.37949,0.73157895,0.29115546
43.339998960494995,149.35149,0.73164636,0.29237625
43.350001096725464,149.3355,0.7317137,0.29237625
43.35999941825867,149.3355,0.73178107,0.293597
43.370001554489136,149.3395,0.73178107,0.2948178
43.37999987602234,149.29549,0.73178107,0.29603857
43.38999819755554,149.29948,0.7318484,0.29603857
43.40000033378601,149.31549,0.7319158,0.29725936
43.409998655319214,149.27948,0.7319158,0.29848012
43.42000079154968,149.27148,0.7319158,0.29970092
43.429999113082886,149.25949,0.7319832,0.29970092
43.440001249313354,149.2475,0.7319832,0.30092168
43.44999957084656,149.23149,0.7319832,0.30214247
43.460001707077026,149.2235,0.73205054,0.30336323
43.47000002861023,149.2195,0.73205054,0.30458403
43.47999835014343,149.1915,0.73205054,0.3058048
43.4900004863739,149.18748,0.73211795,0.3058048
43.499998807907104,149.1835,0.73211795,0.30702558
43.51000094413757,149.18748,0.73211795,0.30824634
43.519999265670776,149.1315,0.7321853,0.30946714
43.530001401901245,149.1595,0.7322527,0.30946714
43.53999972343445,149.16348,0.7322527,0.3106879
43.55000185966492,149.12349,0.73232,0.3119087
43.56000018119812,149.11949,0.73232,0.31312945
43.56999850273132,149.1395,0.73238736,0.31312945
43.58000063896179,149.1435,0.7324548,0.31435025
43.589998960494995,149.1035,0.7324548,0.315571
43.600001096725464,149.1115,0.73258954,0.315571
43.60999941825867,149.1395,0.73258954,0.3167918
43.620001554489136,149.1155,0.7326569,0.3167918
43.62999987602234,149.09149,0.73272425,0.31801257
43.63999819755554,149.13548,0.73279166,0.31923336
43.65000033378601,149.1435,0.73279166,0.32045412
43.659998655319214,149.12349,0.73292637,0.32045412
43.67000079154968,149.1155,0.7329937,0.32045412
43.679999113082886,149.13548,0.73306113,0.3216749
43.690001249313354,149.1595,0.73319584,0.3216749
43.69999957084656,149.14749,0.73339796,0.3216749
43.710001707077026,149.1955,0.73366743,0.32045412
43.72000002861023,149.27948,0.7339369,0.32045412
43.72999835014343,149.3675,0.7342738,0.31923336
43.7400004863739,149.48349,0.7348128,0.3167918
43.749998807907104,149.63948,0.7354191,0.31312945
43.76000094413757,149.75949,0.73616016,0.30946714
43.769999265670776,149.97949,0.73710334,0.30336323
43.780001401901245,150.22348,0.7381139,0.29848012
43.78999972343445,150.43549,0.73872024,0.2948178
43.80000185966492,150.48349,0.7387876,0.29603857
43.81000018119812,150.48749,0.7387876,0.29725936
43.81999850273132,150.4995,0.7387876,0.29848012
43.83000063896179,150.47949,0.7387876,0.29970092
43.839998960494995,150.4235,0.738855,0.29970092
43.850001096725464,150.37949,0.738855,0.30092168
43.85999941825867,150.40349,0.738855,0.30214247
43.870001554489136,150.39548,0.738855,0.30336323
43.87999987602234,150.3635,0.738855,0.30458403
43.88999819755554,150.34349,0.738855,0.3058048
43.90000033378601,150.33148,0.73892236,0.30702558
43.909998655319214,150.29549,0.73892236,0.30702558
43.92000079154968,150.29549,0.73892236,0.30824634
43.929999113082886,150.28749,0.7389898,0.30946714
43.940001249313354,150.3115,0.7391245,0.30946714
43.94999957084656,150.32748,0.7393266,0.30946714
43.960001707077026,150.30348,0.73939395,0.30946714
43.97000002861023,150.34749,0.7395287,0.3106879
43.97999835014343,150.34749,0.7395287,0.3106879
43.9900004863739,150.35948,0.7396635,0.3119087
43.999998807907104,150.39548,0.7397308,0.3119087
44.01000094413757,150.39548,0.73993295,0.3119087
44.019999265670776,150.41148,0.7402698,0.3106879
44.030001401901245,150.53949,0.7408761,0.30824634
44.03999972343445,150.73549,0.74168456,0.30336323
44.05000185966492,150.99548,0.7428972,0.29725936
44.06000018119812,151.3355,0.74431205,0.28749314
44.06999850273132,151.71149,0.74559206,0.28016847
44.08000063896179,151.95947,0.7463331,0.27528536
44.089998960494995,152.07948,0.7469395,0.27406457
44.100001096725464,152.18748,0.7474111,0.27040225
44.10999941825867,152.30348,0.7479501,0.2679607
44.120001554489136,152.45547,0.7486238,0.26551914
44.12999987602234,152.61548,0.74949956,0.26063603
44.13999819755554,152.88348,0.7505775,0.25453213
44.15000033378601,153.09547,0.75131863,0.24964903
44.159998655319214,153.15149,0.7515207,0.24964903
44.17000079154968,153.15149,0.7515207,0.24964903
44.179999113082886,153.13548,0.7515207,0.25209057
44.190001249313354,153.10347,0.7515207,0.25209057
44.19999957084656,153.05948,0.7515207,0.25453213
44.210001707077026,153.03148,0.7515207,0.25453213
44.22000002861023,153.04349,0.7515207,0.25575292
44.22999835014343,152.98347,0.7515207,0.25697368
44.2400004863739,152.93549,0.7515207,0.25819448
44.249998807907104,152.95148,0.7515207,0.25941524
44.26000094413757,152.89949,0.7515207,0.26063603
44.269999265670776,152.87947,0.7515207,0.2618568
44.280001401901245,152.85548,0.7515207,0.2630776
44.28999972343445,152.84749,0.7515207,0.26429835
44.30000185966492,152.81148,0.7515207,0.26551914
44.31000018119812,152.76347,0.7515207,0.2667399
44.31999850273132,152.76347,0.7515207,0.2679607
44.33000063896179,152.73949,0.7515207,0.26918146
44.339998960494995,152.68748,0.7515207,0.27040225
44.350001096725464,152.68748,0.7515207,0.27162302
44.35999941825867,152.68349,0.7515207,0.27162302
44.370001554489136,152.63948,0.7515207,0.27406457
44.37999987602234,152.58748,0.7515207,0.27406457
44.38999819755554,152.59148,0.7515207,0.27528536
44.40000033378601,152.60349,0.7515207,0.27650613
44.409998655319214,152.55548,0.7515207,0.27772692
44.42000079154968,152.53548,0.7515207,0.27894768
44.429999113082886,152.52348,0.7515207,0.28016847
44.440001249313354,152.47148,0.7515207,0.28138924
44.44999957084656,152.46748,0.7515207,0.28261003
44.460001707077026,152.45148,0.7515207,0.2838308
44.47000002861023,152.47548,0.7515207,0.28505158
44.47999835014343,152.43149,0.7515207,0.28627235
44.4900004863739,152.39948,0.75158805,0.28627235
44.499998807907104,152.39948,0.75158805,0.28749314
44.51000094413757,152.35149,0.75158805,0.2887139
44.519999265670776,152.33948,0.75158805,0.2899347
44.530001401901245,152.36348,0.75165546,0.29115546
44.53999972343445,152.34349,0.75165546,0.29237625
44.55000185966492,152.31148,0.75165546,0.293597
44.56000018119812,152.28348,0.75165546,0.2948178
44.56999850273132,152.28348,0.75165546,0.2948178
44.58000063896179,152.27548,0.7517228,0.29603857
44.589998960494995,152.23947,0.7517228,0.29725936
44.600001096725464,152.24348,0.7517228,0.29848012
44.60999941825867,152.25948,0.7517902,0.29970092
44.620001554489136,152.23947,0.7517902,0.30092168
44.62999987602234,152.21147,0.7517902,0.30092168
44.63999819755554,152.22748,0.7518576,0.30214247
44.65000033378601,152.21548,0.7519249,0.30336323
44.659998655319214,152.20749,0.7519923,0.30336323
44.67000079154968,152.19548,0.7519923,0.30458403
44.679999113082886,152.19148,0.75205964,0.3058048
44.690001249313354,152.21147,0.75212705,0.3058048
44.69999957084656,152.20749,0.7523292,0.3058048
44.710001707077026,152.27948,0.752666,0.30458403
44.72000002861023,152.36348,0.75307024,0.30336323
44.72999835014343,152.49147,0.75374395,0.29970092
44.7400004863739,152.65948,0.75455236,0.2948178
44.749998807907104,152.93948,0.75569767,0.2887139
44.76000094413757,153.25548,0.7570451,0.28016847
44.769999265670776,153.49548,0.7579209,0.27528536
44.780001401901245,153.66348,0.7583251,0.27406457
44.78999972343445,153.72748,0.75845987,0.27406457
44.80000185966492,153.71147,0.75845987,0.27528536
44.81000018119812,153.69148,0.75845987,0.27650613
44.81999850273132,153.69548,0.75845987,0.27772692
44.83000063896179,153.64348,0.7585273,0.27772692
44.839998960494995,153.60747,0.7585273,0.27894768
44.850001096725464,153.59947,0.7585273,0.28016847
44.85999941825867,153.59148,0.7585273,0.28138924
44.870001554489136,153.55147,0.7585273,0.28261003
44.87999987602234,153.55147,0.75859463,0.2838308
44.88999819755554,153.54749,0.75859463,0.2838308
44.90000033378601,153.52748,0.758662,0.28505158
44.909998655319214,153.49147,0.7587294,0.28505158
44.92000079154968,153.48747,0.7587967,0.28627235
44.929999113082886,153.51949,0.7588641,0.28749314
44.940001249313354,153.51147,0.7588641,0.2887139
44.94999957084656,153.48347,0.75893146,0.2887139
44.960001707077026,153.49548,0.7589989,0.2899347
44.97000002861023,153.51949,0.7591336,0.2899347
44.97999835014343,153.48347,0.75926834,0.2899347
44.9900004863739,153.51949,0.75947046,0.2899347
44.999998807907104,153.57947,0.7596726,0.2899347
45.01000094413757,153.61548,0.759942,0.2887139
45.019999265670776,153.66748,0.76027894,0.2887139
45.030001401901245,153.75148,0.76075053,0.28627235
45.03999972343445,153.93147,0.7614242,0.28261003
45.05000185966492,154.09947,0.76223266,0.27772692
45.06000018119812,154.26749,0.7629064,0.27406457
45.06999850273132,154.40347,0.76317585,0.27406457
45.08000063896179,154.39148,0.76317585,0.27406457
45.089998960494995,154.33546,0.76317585,0.27528536
45.100001096725464,154.35147,0.76317585,0.27650613
45.10999941825867,154.31548,0.76317585,0.27772692
45.120001554489136,154.29947,0.76317585,0.27894768
45.12999987602234,154.25548,0.76317585,0.28016847
45.13999819755554,154.28748,0.76317585,0.28138924
45.15000033378601,154.24747,0.76317585,0.28261003
45.159998655319214,154.18347,0.76317585,0.2838308
45.17000079154968,154.17148,0.76317585,0.28505158
45.179999113082886,154.17148,0.76317585,0.28627235
45.190001249313354,154.15147,0.76317585,0.28749314
45.19999957084656,154.09547,0.76317585,0.2887139
45.210001707077026,154.11548,0.76317585,0.2899347
45.22000002861023,154.10347,0.76317585,0.29115546
45.22999835014343,154.05148,0.7632432,0.29115546
45.2400004863739,154.02348,0.7632432,0.29237625
45.249998807907104,154.02748,0.7632432,0.293597
45.26000094413757,154.03148,0.7632432,0.2948178
45.269999265670776,153.99948,0.7632432,0.29603857
45.280001401901245,153.96747,0.7632432,0.29725936
45.28999972343445,153.95947,0.7633106,0.29725936
45.30000185966492,153.96747,0.76337796,0.29848012
45.31000018119812,153.95148,0.7634453,0.29970092
45.31999850273132,153.97148,0.7634453,0.30092168
45.33000063896179,153.94748,0.76358,0.30092168
45.339998960494995,153.94748,0.76364744,0.30092168
45.350001096725464,153.97548,0.7637148,0.30214247
45.35999941825867,153.96747,0.7637148,0.30336323
45.370001554489136,153.95148,0.76378214,0.30336323
45.37999987602234,153.93147,0.76378214,0.3058048
45.38999819755554,153.92348,0.76378214,0.3058048
45.40000033378601,153.93147,0.76384956,0.30702558
45.409998655319214,153.88748,0.76384956,0.30824634
45.42000079154968,153.89148,0.7639843,0.30824634
45.429999113082886,153.92747,0.7640517,0.30946714
45.440001249313354,153.89548,0.764119,0.30946714
45.44999957084656,153.89548,0.7641864,0.3106879
45.460001707077026,153.92747,0.7643885,0.30946714
45.47000002861023,153.99147,0.7645906,0.30946714
45.47999835014343,154.01947,0.7648601,0.30946714
45.4900004863739,154.06747,0.7651296,0.30824634
45.499998807907104,154.16748,0.7655338,0.30702558
45.51000094413757,154.25948,0.76593804,0.3058048
45.519999265670776,154.34348,0.7665444,0.30214247
45.530001401901245,154.49147,0.7672181,0.29970092
45.53999972343445,154.70747,0.76802653,0.2948178
45.55000185966492,154.91946,0.768835,0.2899347
45.56000018119812,155.07147,0.76937395,0.28749314
45.56999850273132,155.13547,0.76950866,0.28749314
45.58000063896179,155.11147,0.7695761,0.28749314
45.589998960494995,155.07147,0.7695761,0.2899347
45.600001096725464,155.08748,0.7695761,0.2899347
45.60999941825867,155.08748,0.7696434,0.29115546
45.620001554489136,155.06348,0.7696434,0.29237625
45.62999987602234,155.02348,0.7696434,0.293597
45.63999819755554,155.01147,0.7696434,0.2948178
45.65000033378601,154.99147,0.7696434,0.2948178
45.659998655319214,154.95148,0.7696434,0.29725936
45.67000079154968,154.95947,0.7696434,0.29725936
45.679999113082886,154.94746,0.7696434,0.29970092
45.690001249313354,154.91147,0.7696434,0.29970092
45.69999957084656,154.86748,0.7696434,0.30092168
45.710001707077026,154.85947,0.7696434,0.30214247
45.72000002861023,154.85547,0.7697108,0.30336323
45.72999835014343,154.83548,0.7697108,0.30458403
45.7400004863739,154.82347,0.7697782,0.3058048
45.749998807907104,154.83946,0.7697782,0.3058048
45.76000094413757,154.80748,0.7697782,0.30702558
45.769999265670776,154.77547,0.7697782,0.30824634
45.780001401901245,154.77948,0.7697782,0.30946714
45.78999972343445,154.77547,0.76984555,0.3106879
45.80000185966492,154.75548,0.76984555,0.3119087
45.81000018119812,154.74747,0.7699129,0.31312945
45.81999850273132,154.76347,0.7699129,0.31312945
45.83000063896179,154.71147,0.76998025,0.31435025
45.839998960494995,154.69948,0.76998025,0.315571
45.850001096725464,154.69948,0.770115,0.315571
45.85999941825867,154.71947,0.7701824,0.315571
45.870001554489136,154.73148,0.7702498,0.3167918
45.87999987602234,154.72346,0.77031714,0.3167918
45.88999819755554,154.73148,0.77045184,0.31801257
45.90000033378601,154.77148,0.7705866,0.31801257
45.909998655319214,154.77547,0.7707887,0.31801257
45.92000079154968,154.79547,0.7709908,0.3167918
45.929999113082886,154.85547,0.77112556,0.31801257
45.940001249313354,154.89146,0.77146244,0.3167918
45.94999957084656,154.95547,0.7717319,0.315571
45.960001707077026,155.04747,0.77213615,0.31435025
45.97000002861023,155.19548,0.77280986,0.3106879
45.97999835014343,155.33546,0.7735509,0.30702558
45.9900004863739,155.50748,0.7743594,0.30214247
45.999998807907104,155.73947,0.7753025,0.29725936
46.01000094413757,155.93147,0.776111,0.29237625
46.019999265670776,156.09547,0.77665,0.2899347
46.030001401901245,156.20746,0.77698684,0.2887139
46.03999972343445,156.30347,0.77725637,0.28749314
46.05000185966492,156.29947,0.7775932,0.28749314
46.06000018119812,156.36346,0.77793,0.28627235
46.06999850273132,156.44347,0.7782669,0.2838308
46.08000063896179,156.50346,0.7786711,0.28261003
46.089998960494995,156.59146,0.7791427,0.28016847
46.100001096725464,156.69547,0.77961427,0.27894768
46.10999941825867,156.79947,0.78008586,0.27650613
46.120001554489136,156.90747,0.7806922,0.27406457
46.12999987602234,157.01547,0.78109646,0.27162302
46.13999819755554,157.10747,0.78143334,0.27040225
46.15000033378601,157.15147,0.7815007,0.27162302
46.159998655319214,157.08347,0.7815007,0.2728438
46.17000079154968,157.09146,0.78156805,0.2728438
46.179999113082886,157.05946,0.78156805,0.27406457
46.190001249313354,157.03546,0.78156805,0.27528536
46.19999957084656,156.99545,0.7816354,0.27650613
46.210001707077026,157.01547,0.78170276,0.27650613
46.22000002861023,157.01947,0.78170276,0.27772692
46.22999835014343,156.96347,0.78170276,0.27894768
46.2400004863739,156.91545,0.78170276,0.28016847
46.249998807907104,156.93147,0.78170276,0.28138924
46.26000094413757,156.89546,0.78170276,0.28261003
46.269999265670776,156.86346,0.78170276,0.2838308
46.280001401901245,156.87947,0.78177017,0.2838308
46.28999972343445,156.84746,0.78177017,0.28505158
46.30000185966492,156.81946,0.78177017,0.28627235
46.31000018119812,156.76346,0.78177017,0.28749314
46.31999850273132,156.77946,0.78177017,0.2887139
46.33000063896179,156.73947,0.7818375,0.2899347
46.339998960494995,156.72346,0.7818375,0.29115546
46.350001096725464,156.71547,0.78190494,0.29115546
46.35999941825867,156.71547,0.78190494,0.29237625
46.370001554489136,156.69946,0.7819723,0.293597
46.37999987602234,156.68747,0.78203964,0.293597
46.38999819755554,156.69946,0.782107,0.2948178
46.40000033378601,156.69946,0.78224176,0.2948178
46.409998655319214,156.67947,0.7823091,0.2948178
46.42000079154968,156.70346,0.7823091,0.29725936
46.429999113082886,156.66747,0.7823765,0.29725936
46.440001249313354,156.63947,0.7823765,0.29848012
46.44999957084656,156.62747,0.7824439,0.29970092
46.460001707077026,156.64746,0.78251123,0.29970092
46.47000002861023,156.64346,0.78264594,0.29970092
46.47999835014343,156.66347,0.7828481,0.29970092
46.4900004863739,156.65547,0.7829155,0.30092168
46.499998807907104,156.68747,0.7829155,0.30214247
46.51000094413757,156.65147,0.7829155,0.30336323
46.519999265670776,156.59947,0.7829155,0.30458403
46.530001401901245,156.61946,0.7829828,0.30458403
46.53999972343445,156.61946,0.78305024,0.3058048
46.55000185966492,156.60347,0.7831176,0.3058048
46.56000018119812,156.60347,0.78318495,0.30702558
46.56999850273132,156.63547,0.78331965,0.30702558
46.58000063896179,156.63147,0.78352183,0.30702558
46.589998960494995,156.65147,0.78379124,0.3058048
46.600001096725464,156.75948,0.78426284,0.30458403
46.60999941825867,156.87146,0.78480184,0.30092168
46.620001554489136,157.05946,0.7855429,0.29725936
46.62999987602234,157.22346,0.7863513,0.293597
46.63999819755554,157.42346,0.7871598,0.2887139
46.65000033378601,157.59947,0.7879682,0.28505158
46.659998655319214,157.71947,0.7885072,0.28138924
46.67000079154968,157.82745,0.78877676,0.28138924
46.679999113082886,157.87946,0.78891146,0.28138924
46.690001249313354,157.86346,0.78904617,0.28138924
46.69999957084656,157.84346,0.78904617,0.28261003
46.710001707077026,157.82346,0.7891136,0.2838308
46.72000002861023,157.80347,0.78918093,0.2838308
46.72999835014343,157.78346,0.7893157,0.2838308
46.7400004863739,157.81946,0.78945047,0.2838308
46.749998807907104,157.84746,0.7896525,0.28505158
46.76000094413757,157.85547,0.78985465,0.2838308
46.769999265670776,157.86346,0.79005677,0.2838308
46.780001401901245,157.95546,0.790461,0.28261003
46.78999972343445,158.02747,0.79086524,0.28016847
46.80000185966492,158.09947,0.79133683,0.27772692
46.81000018119812,158.17946,0.791741,0.27650613
46.81999850273132,158.26747,0.7921453,0.27528536
46.83000063896179,158.31947,0.7924147,0.27406457
46.839998960494995,158.36346,0.79275155,0.2728438
46.850001096725464,158.43146,0.7930211,0.27162302
46.85999941825867,158.48346,0.79329056,0.27162302
46.870001554489136,158.48746,0.7934253,0.27162302
46.87999987602234,158.46346,0.7934927,0.2728438
46.88999819755554,158.45546,0.7934927,0.27406457
46.90000033378601,158.41145,0.79356,0.27406457
46.909998655319214,158.38747,0.79356,0.27528536
46.92000079154968,158.37148,0.79362744,0.27650613
46.929999113082886,158.35545,0.79362744,0.27772692
46.940001249313354,158.31146,0.79362744,0.27894768
46.94999957084656,158.25546,0.79362744,0.28016847
46.960001707077026,158.25146,0.79362744,0.28138924
46.97000002861023,158.24345,0.79362744,0.28138924
46.97999835014343,158.17146,0.79362744,0.28261003
46.9900004863739,158.12346,0.79362744,0.2838308
46.999998807907104,158.11145,0.79362744,0.28505158
47.01000094413757,158.07146,0.79362744,0.28627235
47.019999265670776,158.04747,0.79362744,0.28749314
47.030001401901245,158.03546,0.7936948,0.2887139
47.03999972343445,157.99947,0.7936948,0.2899347
47.05000185966492,157.93947,0.7936948,0.29115546
47.06000018119812,157.89946,0.7936948,0.29115546
47.06999850273132,157.87946,0.7936948,0.293597
47.08000063896179,157.83546,0.7936948,0.293597
47.089998960494995,157.81548,0.7936948,0.2948178
47.100001096725464,157.81146,0.7936948,0.29603857
47.10999941825867,157.77145,0.7936948,0.29725936
47.120001554489136,157.68745,0.79376215,0.29848012
47.12999987602234,157.65147,0.79376215,0.29970092
47.13999819755554,157.63145,0.79376215,0.30092168
47.15000033378601,157.58345,0.79376215,0.30214247
47.159998655319214,157.54747,0.79376215,0.30336323
47.17000079154968,157.52745,0.7938295,0.30336323
47.179999113082886,157.46747,0.7938969,0.30458403
47.190001249313354,157.44745,0.7938969,0.3058048
47.19999957084656,157.40747,0.7940316,0.3058048
47.210001707077026,157.41147,0.79409903,0.3058048
47.22000002861023,157.37146,0.7941664,0.30702558
47.22999835014343,157.30746,0.7942338,0.30702558
47.2400004863739,157.24747,0.7942338,0.30946714
47.249998807907104,157.20746,0.7942338,0.30946714
47.26000094413757,157.09547,0.7943011,0.3106879
47.269999265670776,157.03146,0.79436845,0.3106879
47.280001401901245,156.91545,0.7945032,0.3119087
47.28999972343445,102.76765,0.7945706,0.3119087
47.30000185966492,73.66375,0.79477274,0.3119087
47.31000018119812,71.38376,0.79490745,0.31312945
47.31999850273132,70.37176,0.7950422,0.31312945
47.33000063896179,71.139755,0.795177,0.31312945
47.339998960494995,70.24376,0.79537904,0.31312945
47.350001096725464,70.89976,0.79558116,0.3119087
47.35999941825867,70.29576,0.7956485,0.31312945
47.370001554489136,71.099754,0.7958507,0.31312945
47.37999987602234,70.66376,0.7959854,0.31312945
47.38999819755554,70.94376,0.7961875,0.31312945
47.40000033378601,70.64376,0.796457,0.3119087
47.409998655319214,70.667755,0.79686123,0.3106879
47.42000079154968,70.71176,0.7973328,0.30824634
47.429999113082886,70.69576,0.7979392,0.3058048
47.440001249313354,70.79576,0.7985455,0.30214247
47.44999957084656,70.62776,0.7991518,0.29970092
47.460001707077026,70.819756,0.79962337,0.29725936
47.47000002861023,70.43976,0.80002767,0.2948178
47.47999835014343,70.831764,0.8001624,0.2948178
47.4900004863739,70.49576,0.8002297,0.29603857
47.499998807907104,70.90376,0.8002971,0.29725936
47.51000094413757,70.56376,0.8003645,0.29725936
47.519999265670776,70.831764,0.80043185,0.29848012
47.530001401901245,70.579765,0.80049926,0.29970092
47.53999972343445,70.79176,0.800634,0.29970092
47.55000185966492,70.61976,0.8007013,0.29970092
47.56000018119812,70.639755,0.8007687,0.30092168
47.56999850273132,70.71576,0.8007687,0.30092168
47.58000063896179,70.639755,0.8007687,0.30336323
47.589998960494995,70.707756,0.8008361,0.30336323
47.600001096725464,70.61576,0.8008361,0.30458403
47.60999941825867,70.75576,0.80090344,0.3058048
47.620001554489136,70.60776,0.80090344,0.30702558
47.62999987602234,70.82776,0.80097085,0.30702558
47.63999819755554,70.61976,0.8010382,0.30824634
47.65000033378601,70.735756,0.801173,0.30824634
47.659998655319214,70.49576,0.8013077,0.30824634
47.67000079154968,70.74376,0.80137503,0.30946714
47.679999113082886,70.62776,0.8015098,0.30946714
47.690001249313354,70.69976,0.80164456,0.30946714
47.69999957084656,70.60376,0.80177927,0.30946714
47.710001707077026,70.691765,0.80191404,0.30946714
47.72000002861023,70.67576,0.80211616,0.30946714
47.72999835014343,70.65976,0.8023856,0.30946714
47.7400004863739,70.68376,0.8026551,0.30824634
47.749998807907104,70.651764,0.80305934,0.30702558
47.76000094413757,70.73176,0.8035983,0.30336323
47.769999265670776,70.61176,0.80420464,0.30092168
47.780001401901245,70.69976,0.804811,0.29725936
47.78999972343445,70.599754,0.8054173,0.2948178
47.80000185966492,70.68376,0.8060236,0.29237625
47.81000018119812,70.56776,0.8063605,0.29115546
47.81999850273132,70.71576,0.8064952,0.29115546
47.83000063896179,70.579765,0.8064952,0.29237625
47.839998960494995,70.707756,0.8064952,0.293597
47.850001096725464,70.66376,0.8064952,0.2948178
47.85999941825867,70.68376,0.8064952,0.2948178
47.870001554489136,70.60776,0.8064952,0.29725936
47.87999987602234,70.61576,0.8064952,0.29725936
47.88999819755554,70.63576,0.8064952,0.29970092
47.90000033378601,70.64376,0.8065626,0.29970092
47.909998655319214,70.63576,0.8065626,0.30092168
47.92000079154968,70.63176,0.8065626,0.30214247
47.929999113082886,70.68776,0.80662996,0.30214247
47.940001249313354,70.62376,0.8066973,0.30336323
47.94999957084656,70.67176,0.8067647,0.30336323
47.960001707077026,70.639755,0.8067647,0.3058048
47.97000002861023,70.69576,0.8068321,0.3058048
47.97999835014343,70.59176,0.8068321,0.30702558
47.9900004863739,70.64376,0.8068995,0.30702558
47.999998807907104,70.61176,0.80696684,0.30824634
48.01000094413757,70.66376,0.8070342,0.30946714
48.019999265670776,70.62776,0.8071689,0.30946714
48.030001401901245,70.67176,0.8072363,0.30946714
48.03999972343445,70.64776,0.80730367,0.3106879
48.05000185966492,70.64376,0.80743843,0.3106879
48.06000018119812,70.63176,0.80750585,0.3119087
48.06999850273132,70.65576,0.80750585,0.31312945
48.08000063896179,70.61576,0.80757314,0.31312945
48.089998960494995,70.60376,0.80757314,0.31435025
48.100001096725464,70.67176,0.8076405,0.315571
48.10999941825867,70.639755,0.8078427,0.315571
48.120001554489136,70.63576,0.80831426,0.31312945
48.12999987602234,70.60376,0.80892056,0.3106879
48.13999819755554,70.67176,0.8097964,0.3058048
48.15000033378601,70.651764,0.81087434,0.29970092
48.159998655319214,70.65576,0.81222177,0.29115546
48.17000079154968,70.62376,0.8137039,0.28138924
48.179999113082886,70.639755,0.81478184,0.27528536
48.190001249313354,70.61976,0.8155229,0.27162302
48.19999957084656,70.63176,0.81606185,0.2679607
48.210001707077026,70.639755,0.8166682,0.26551914
48.22000002861023,70.64376,0.81720716,0.2630776
48.22999835014343,70.62776,0.81788087,0.25941524
48.2400004863739,70.61976,0.8186893,0.25575292
48.249998807907104,70.639755,0.81936306,0.25209057
48.26000094413757,70.62376,0.81969994,0.24964903
48.269999265670776,70.651764,0.81969994,0.25209057
48.280001401901245,70.65576,0.81969994,0.25209057
48.28999972343445,70.64376,0.81969994,0.25453213
48.30000185966492,70.599754,0.81969994,0.25453213
48.31000018119812,70.62376,0.81969994,0.25575292
48.31999850273132,70.64776,0.81969994,0.25697368
48.33000063896179,70.63576,0.81969994,0.25819448
48.339998960494995,70.60376,0.81969994,0.25941524
48.350001096725464,70.63576,0.81969994,0.26063603
48.35999941825867,70.64376,0.81969994,0.2618568
48.370001554489136,70.639755,0.81969994,0.2630776
48.37999987602234,70.62776,0.81969994,0.26429835
48.38999819755554,70.64776,0.81969994,0.26551914
48.40000033378601,70.66376,0.81969994,0.2667399
48.409998655319214,70.61976,0.81969994,0.2679607
48.42000079154968,70.62776,0.81969994,0.26918146
48.429999113082886,70.61576,0.81969994,0.27040225
48.440001249313354,70.61976,0.81969994,0.27162302
48.44999957084656,70.63176,0.81969994,0.27162302
48.460001707077026,70.64776,0.81969994,0.27406457
48.47000002861023,70.61176,0.81969994,0.27406457
48.47999835014343,70.61976,0.81969994,0.27528536
48.4900004863739,70.63576,0.81969994,0.27650613
48.499998807907104,70.65976,0.81969994,0.27772692
48.51000094413757,70.64776,0.81969994,0.27894768
48.519999265670776,70.63576,0.81969994,0.28016847
48.530001401901245,70.63576,0.81969994,0.28138924
48.53999972343445,70.62376,0.81969994,0.28261003
48.55000185966492,70.59176,0.81969994,0.2838308
48.56000018119812,70.60376,0.81969994,0.28505158
48.56999850273132,70.66376,0.81969994,0.28627235
48.58000063896179,70.64776,0.81969994,0.28749314
48.589998960494995,70.64376,0.81969994,0.2887139
48.600001096725464,70.63576,0.81969994,0.2899347
48.60999941825867,70.639755,0.81969994,0.29115546
48.620001554489136,70.61976,0.81969994,0.29115546
48.62999987602234,70.63576,0.81969994,0.293597
48.63999819755554,70.62776,0.81969994,0.293597
48.65000033378601,70.63176,0.81969994,0.2948178
48.659998655319214,70.58776,0.81969994,0.29603857
48.67000079154968,70.62776,0.81969994,0.29725936
48.679999113082886,70.639755,0.81969994,0.29848012
48.690001249313354,70.64776,0.81969994,0.29970092
48.69999957084656,70.65576,0.81969994,0.30092168
48.710001707077026,70.67176,0.81969994,0.30214247
48.72000002861023,70.63576,0.81969994,0.30336323
48.72999835014343,70.60376,0.81969994,0.30458403
48.7400004863739,70.60776,0.81969994,0.3058048
48.749998807907104,70.63176,0.81969994,0.30702558
