"TEST_HEADER_START","Data source","Date","Time","Start Timestamp","End Timestamp","Specimen identifier","TEST_HEADER_END","SPECIMEN_HEADER_START","Specimen type","Thickness (mm)","Area (sq mm)","Axial Gauge Length (mm)","Transverse Gauge Length (mm)","Grip Separation (mm)","SPECIMEN_HEADER_END","RESULTS_HEADER_START","Displacement at 0.000 N (%) ","Displacement at Maximum Load (%) ","Extension at Max Load (mm) ","Load at Break (N) ","Load at Max Position (N) ","RESULTS_HEADER_END"
"TEST_INFO_START","L180-192-1L-2026-04-19-13-59-38.mtwData","2026-04-19","13:59:38","2026-04-19 13:59:38.311","2026-04-19 13:59:38.373","28","TEST_INFO_END","SPECIMEN_INFO_START","Thickness",10.2,999999.9,7.6199994,7.6199994,25.0,"SPECIMEN_INFO_END","RESULTS_INFO_START","0.00","N/A","N/A","N/A","N/A","N/A","N/A","N/A","N/A","N/A","12.76","0.973","44.512","RESULTS_INFO_END"

"Time","Load (N)","Position (mm)","Control Out (V)"
0.0,0.10799963,0.0,0.30458403
0.01000000536441803,0.12399958,6.737076E-5,0.3058048
0.02000001072883606,0.15199949,6.737076E-5,0.3058048
0.030000001192092896,0.17199941,1.347415E-4,0.30702558
0.040000006556510925,0.13999952,2.0211225E-4,0.30702558
0.050000011920928955,0.13599953,2.0211225E-4,0.30824634
0.06000000238418579,0.15199949,2.6948302E-4,0.30946714
0.07000000774860382,0.1479995,4.0422453E-4,0.30946714
0.08000001311302185,0.17199941,5.38966E-4,0.30946714
0.09000000357627869,0.21599926,8.08449E-4,0.30946714
0.09999999403953552,0.23999918,0.0010105614,0.30824634
0.11000001430511475,0.28399903,0.0012126736,0.30824634
0.12000000476837158,0.32799888,0.0014821565,0.30702558
0.12999999523162842,0.33999884,0.0017516396,0.30702558
0.14000001549720764,0.3479988,0.0019537518,0.30702558
0.15000000596046448,0.36399877,0.0022232349,0.3058048
0.1599999964237213,0.39199865,0.0025600886,0.30458403
0.17000001668930054,0.4399985,0.0030316839,0.30336323
0.18000000715255737,0.5399982,0.0036380207,0.29970092
0.1899999976158142,0.6519978,0.0044464692,0.29603857
0.20000001788139343,0.72399753,0.0055244016,0.2899347
0.21000000834465027,0.81199723,0.0065349624,0.2838308
0.2199999988079071,0.86399704,0.00720867,0.28016847
0.23000001907348633,0.8279972,0.0074107824,0.28016847
0.24000000953674316,0.7919973,0.0074107824,0.28016847
0.25,0.8079973,0.0074107824,0.28138924
0.2600000202655792,0.87599707,0.0074107824,0.28261003
0.27000001072883606,0.9399968,0.0074107824,0.2838308
0.2800000011920929,1.0239965,0.0074107824,0.28505158
0.28999999165534973,1.0479964,0.0074107824,0.28627235
0.30000001192092896,1.0039966,0.0074107824,0.28749314
0.3100000023841858,0.9319968,0.0074107824,0.2887139
0.3199999928474426,0.8519971,0.0074107824,0.2899347
0.33000001311302185,0.8039972,0.0074781533,0.2899347
0.3400000035762787,0.83599716,0.0074781533,0.29115546
0.3499999940395355,0.91199684,0.0074781533,0.29237625
0.35999998450279236,0.9839967,0.0074781533,0.293597
0.37000003457069397,1.0319965,0.0075455243,0.2948178
0.3800000250339508,1.0319965,0.0075455243,0.29603857
0.39000001549720764,0.9599967,0.0075455243,0.29725936
0.4000000059604645,0.883997,0.007612895,0.29725936
0.4099999964237213,0.8199972,0.007680265,0.29848012
0.41999998688697815,0.81599724,0.007680265,0.29970092
0.429999977350235,0.8559971,0.007815006,0.29970092
0.4400000274181366,0.95599675,0.007882377,0.30092168
0.45000001788139343,1.0479964,0.008017119,0.30092168
0.46000000834465027,1.0759963,0.008151861,0.30092168
0.4699999988079071,1.0839963,0.008421344,0.30092168
0.47999998927116394,1.0679964,0.008758198,0.29848012
0.4899999797344208,1.0159966,0.009229793,0.29725936
0.5000000298023224,1.0479964,0.0099035,0.293597
0.5100000202655792,1.1279962,0.01084669,0.2887139
0.5200000107288361,1.2599957,0.011924623,0.28138924
0.5300000011920929,1.4279952,0.012800442,0.27650613
0.5399999916553497,1.4999949,0.013272038,0.27406457
0.5499999821186066,1.4559951,0.013339408,0.27528536
0.5600000321865082,1.3999953,0.013339408,0.27650613
0.570000022649765,1.3719953,0.013339408,0.27772692
0.5800000131130219,1.3719953,0.013339408,0.27894768
0.5900000035762787,1.4079952,0.013339408,0.28016847
0.5999999940395355,1.5039948,0.013339408,0.28138924
0.6099999845027924,1.5439948,0.013339408,0.28261003
0.620000034570694,1.5279948,0.013339408,0.2838308
0.6300000250339508,1.5159948,0.013339408,0.28505158
0.6400000154972076,1.459995,0.013339408,0.28627235
0.6500000059604645,1.3719953,0.013339408,0.28749314
0.6599999964237213,1.3679954,0.013339408,0.28749314
0.6699999868869781,1.3919952,0.013406779,0.2887139
0.679999977350235,1.459995,0.013406779,0.2899347
0.6900000274181366,1.5359948,0.013406779,0.29115546
0.7000000178813934,1.5719947,0.013406779,0.29237625
0.7100000083446503,1.5439948,0.013406779,0.293597
0.7199999988079071,1.475995,0.01347415,0.293597
0.7299999892711639,1.4239951,0.01347415,0.2948178
0.7399999797344208,1.3679954,0.01347415,0.29603857
0.7500000298023224,1.3679954,0.01347415,0.29725936
0.7600000202655792,1.4279952,0.01347415,0.29848012
0.7700000107288361,1.4839948,0.013541521,0.29970092
0.7800000011920929,1.5279948,0.0136088915,0.29970092
0.7899999916553497,1.5799946,0.013676262,0.30092168
0.7999999821186066,1.5639948,0.013811003,0.30092168
0.8100000321865082,1.491995,0.013945745,0.30092168
0.820000022649765,1.4479951,0.014080487,0.30092168
0.8300000131130219,1.4479951,0.014349969,0.30092168
0.8400000035762787,1.463995,0.014619453,0.29970092
0.8499999940395355,1.5399947,0.014956307,0.29848012
0.8599999845027924,1.6719943,0.0152257895,0.29725936
0.8699999749660492,1.7199942,0.015630014,0.29603857
0.879999965429306,1.763994,0.016168982,0.293597
0.8899999558925629,1.8039938,0.016775317,0.29115546
0.9000000655651093,1.791994,0.017449025,0.28749314
0.9100000560283661,1.775994,0.01798799,0.28505158
0.9200000464916229,1.779994,0.018324846,0.2838308
0.9300000369548798,1.779994,0.018392216,0.2838308
0.9400000274181366,1.7959938,0.018392216,0.28505158
0.9500000178813934,1.8839936,0.018459586,0.28627235
0.9600000083446503,1.9719932,0.018459586,0.28749314
0.9699999988079071,1.9879932,0.018459586,0.2887139
0.9799999892711639,1.9959933,0.018526956,0.2887139
0.9899999797344208,1.9559934,0.018594326,0.2899347
0.9999999701976776,1.8679936,0.018594326,0.29115546
1.0099999606609344,1.8079939,0.018661698,0.29115546
1.0199999511241913,1.8319938,0.018729068,0.29237625
1.0300000607967377,1.8439938,0.018729068,0.293597
1.0400000512599945,1.8999935,0.01879644,0.293597
1.0500000417232513,1.9839933,0.01879644,0.2948178
1.0600000321865082,2.019993,0.01879644,0.29603857
1.070000022649765,2.0079932,0.01886381,0.29725936
1.0800000131130219,1.9639933,0.018931182,0.29725936
1.0900000035762787,1.8919935,0.018931182,0.29848012
1.0999999940395355,1.8319938,0.018931182,0.29970092
1.1099999845027924,1.8599937,0.018931182,0.30092168
1.1199999749660492,1.8839936,0.018998552,0.30214247
1.129999965429306,1.9559934,0.018998552,0.30336323
1.1399999558925629,2.0239933,0.019065924,0.30336323
1.1500000655651093,2.0559928,0.019133294,0.30458403
1.160000056028366,2.0079932,0.019133294,0.3058048
1.170000046491623,1.9559934,0.019200666,0.3058048
1.1800000369548798,1.9279935,0.019268036,0.30702558
1.1900000274181366,1.8599937,0.019402778,0.30702558
1.2000000178813934,1.8919935,0.019470148,0.30824634
1.2100000083446503,1.9679934,0.019537518,0.30824634
1.219999998807907,2.0239933,0.019604888,0.30946714
1.229999989271164,2.0719929,0.01973963,0.30946714
1.2399999797344208,2.1199927,0.019941743,0.30946714
1.2499999701976776,2.1199927,0.020211225,0.30824634
1.2599999606609344,2.063993,0.02048071,0.30702558
1.2699999511241913,2.0559928,0.020952305,0.3058048
1.2800000607967377,2.075993,0.02149127,0.30336323
1.2900000512599945,2.1559927,0.02229972,0.29970092
1.3000000417232513,2.3119922,0.023108168,0.293597
1.3100000321865082,2.4319918,0.024118729,0.2887139
1.320000022649765,2.5039916,0.024927178,0.2838308
1.3300000131130219,2.5199914,0.025264032,0.28261003
1.3400000035762787,2.4879916,0.025264032,0.2838308
1.3499999940395355,2.387992,0.025331404,0.28505158
1.3599999845027924,2.3799918,0.025331404,0.28627235
1.3699999749660492,2.4559915,0.025331404,0.28749314
1.379999965429306,2.5359912,0.025331404,0.28749314
1.3899999558925629,2.6279912,0.025331404,0.2899347
1.4000000655651093,2.6799908,0.025331404,0.2899347
1.410000056028366,2.639991,0.025398774,0.29115546
1.420000046491623,2.5319912,0.025398774,0.29237625
1.4300000369548798,2.4639916,0.025398774,0.293597
1.4400000274181366,2.4159918,0.025466146,0.293597
1.4500000178813934,2.4159918,0.025466146,0.2948178
1.4600000083446503,2.4759915,0.025466146,0.29603857
1.469999998807907,2.5639913,0.025466146,0.29725936
1.479999989271164,2.6319911,0.025466146,0.29848012
1.4899999797344208,2.655991,0.025466146,0.29970092
1.4999999701976776,2.6119912,0.025533514,0.30092168
1.5099999606609344,2.5279915,0.025533514,0.30092168
1.5199999511241913,2.4439917,0.025600886,0.30214247
1.5300000607967377,2.4319918,0.025600886,0.30336323
1.5400000512599945,2.4399917,0.025668256,0.30458403
1.5500000417232513,2.4959915,0.025668256,0.3058048
1.5600000321865082,2.603991,0.025668256,0.30702558
1.570000022649765,2.647991,0.025735628,0.30702558
1.5800000131130219,2.6599908,0.025802998,0.30824634
1.5900000035762787,2.6279912,0.02593774,0.30824634
1.5999999940395355,2.5559912,0.026072482,0.30824634
1.6099999845027924,2.4759915,0.026274594,0.30824634
1.6199999749660492,2.4879916,0.026544075,0.30702558
1.629999965429306,2.5519915,0.02681356,0.30702558
1.6399999558925629,2.6519911,0.027150413,0.3058048
1.6500000655651093,2.7559907,0.027487269,0.30458403
1.660000056028366,2.8159904,0.02782412,0.30336323
1.670000046491623,2.8279903,0.028295716,0.30092168
1.6800000369548798,2.8279903,0.02876731,0.29970092
1.6900000274181366,2.8279903,0.029171536,0.29725936
1.7000000178813934,2.8119905,0.029777871,0.2948178
1.7100000083446503,2.8599904,0.03045158,0.29115546
1.719999998807907,2.9439898,0.031057918,0.28749314
1.729999989271164,3.0279899,0.03146214,0.28627235
1.7399999797344208,3.0719895,0.03159688,0.28627235
1.7499999701976776,3.1239893,0.031731624,0.28627235
1.7599999606609344,3.1199894,0.031866364,0.28627235
1.7699999511241913,3.0719895,0.031933736,0.28749314
1.7800000607967377,3.0919893,0.031933736,0.2887139
1.7900000512599945,3.0679896,0.031933736,0.2899347
1.8000000417232513,3.0599897,0.031933736,0.29115546
1.8100000321865082,3.0879896,0.032001108,0.29115546
1.820000022649765,3.1359892,0.032001108,0.29237625
1.8299998939037323,3.1439893,0.032001108,0.293597
1.8400001227855682,3.1399894,0.03206848,0.2948178
1.850000113248825,3.1319892,0.03206848,0.29603857
1.860000103712082,3.0839896,0.03206848,0.29725936
1.8700000941753387,3.0639896,0.03206848,0.29725936
1.8800000846385956,3.0799894,0.03206848,0.29970092
1.8900000751018524,3.0839896,0.03206848,0.29970092
1.9000000655651093,3.0719895,0.032135848,0.30092168
1.910000056028366,3.1439893,0.032135848,0.30214247
1.920000046491623,3.159989,0.03227059,0.30336323
1.9300000369548798,3.1639893,0.03233796,0.30336323
1.9400000274181366,3.1759892,0.032472704,0.30336323
1.9500000178813934,3.1439893,0.032607444,0.30336323
1.9600000083446503,3.1279895,0.032876927,0.30336323
1.969999998807907,3.1679893,0.03321378,0.30092168
1.979999989271164,3.219989,0.033618003,0.29970092
1.9899999797344208,3.287989,0.034224343,0.29725936
1.9999999701976776,3.3679886,0.034965422,0.293597
2.0099999606609344,3.463988,0.035706498,0.2887139
2.0199999511241913,3.483988,0.036380205,0.28505158
2.029999941587448,3.483988,0.036851805,0.2838308
2.039999932050705,3.4719882,0.037053913,0.28261003
2.049999922513962,3.443988,0.037053913,0.2838308
2.0599999129772186,3.463988,0.037053913,0.28505158
2.0699999034404755,3.511988,0.037053913,0.28627235
2.0799998939037323,3.5759878,0.037053913,0.28749314
2.0900001227855682,3.6399877,0.037053913,0.2887139
2.100000113248825,3.6719875,0.037053913,0.2899347
2.110000103712082,3.6319876,0.037053913,0.29115546
2.1200000941753387,3.531988,0.037053913,0.29237625
2.1300000846385956,3.4679883,0.03712128,0.293597
2.1400000751018524,3.4599884,0.03712128,0.293597
2.1500000655651093,3.4719882,0.037188653,0.2948178
2.160000056028366,3.535988,0.037188653,0.29603857
2.170000046491623,3.6079876,0.037188653,0.29725936
2.1800000369548798,3.6319876,0.037188653,0.29848012
2.1900000274181366,3.6239877,0.037188653,0.29970092
2.2000000178813934,3.5919876,0.037256025,0.29970092
2.2100000083446503,3.519988,0.037256025,0.30092168
2.219999998807907,3.4559882,0.037256025,0.30214247
2.229999989271164,3.4679883,0.037256025,0.30336323
2.2399999797344208,3.4799883,0.037256025,0.30458403
2.2499999701976776,3.527988,0.037256025,0.3058048
2.2599999606609344,3.6119876,0.037256025,0.30702558
2.2699999511241913,3.6479874,0.037256025,0.30824634
2.279999941587448,3.6199877,0.037323397,0.30946714
2.289999932050705,3.5719879,0.037323397,0.30946714
2.299999922513962,3.499988,0.037323397,0.3119087
2.3099999129772186,3.4559882,0.037323397,0.3119087
2.3199999034404755,3.4679883,0.037390765,0.31312945
2.3299998939037323,3.5439878,0.03752551,0.31312945
2.3400001227855682,3.5919876,0.03759288,0.31435025
2.350000113248825,3.6359875,0.03766025,0.31435025
2.360000103712082,3.6799874,0.03772762,0.315571
2.3700000941753387,3.6479874,0.03786236,0.315571
2.3800000846385956,3.5919876,0.037997104,0.315571
2.3900000751018524,3.563988,0.038131844,0.315571
2.4000000655651093,3.547988,0.03833396,0.315571
2.410000056028366,3.5719879,0.038603444,0.315571
2.420000046491623,3.6879876,0.039007667,0.31312945
2.4300000369548798,3.803987,0.039614003,0.3106879
2.4400000274181366,3.8959866,0.040355083,0.3058048
2.4500000178813934,4.0119863,0.041163526,0.30214247
2.4600000083446503,4.0119863,0.041971978,0.29725936
2.469999998807907,3.9919865,0.042578317,0.2948178
2.479999989271164,3.9519866,0.04311728,0.29115546
2.4899999797344208,3.9679866,0.043454133,0.29115546
2.4999999701976776,3.9799867,0.043521505,0.29115546
2.5099999606609344,4.055986,0.043521505,0.29237625
2.5199999511241913,4.1639857,0.043588877,0.293597
2.529999941587448,4.2319856,0.043588877,0.2948178
2.539999932050705,4.2599854,0.043588877,0.29603857
2.549999922513962,4.2239857,0.043588877,0.29725936
2.5599999129772186,4.1439857,0.043588877,0.29725936
2.5699999034404755,4.0359864,0.043588877,0.29848012
2.5799998939037323,3.9999862,0.043588877,0.29970092
2.5900001227855682,4.019986,0.043588877,0.30092168
2.600000113248825,4.079986,0.043588877,0.30214247
2.610000103712082,4.175986,0.043588877,0.30336323
2.6200000941753387,4.2239857,0.043588877,0.30458403
2.6300000846385956,4.2399855,0.043588877,0.3058048
2.6400000751018524,4.195986,0.043588877,0.30702558
2.6500000655651093,4.107986,0.043588877,0.30824634
2.660000056028366,4.031986,0.043588877,0.30946714
2.670000046491623,4.0159864,0.043588877,0.3106879
2.6800000369548798,4.059986,0.043588877,0.3119087
2.6900000274181366,4.099986,0.043656245,0.3119087
2.7000000178813934,4.187986,0.043656245,0.31312945
2.7100000083446503,4.2399855,0.043656245,0.31435025
2.719999998807907,4.2279854,0.043656245,0.315571
2.729999989271164,4.1639857,0.043656245,0.3167918
2.7399999797344208,4.087986,0.043656245,0.31801257
2.7499999701976776,4.0239863,0.043656245,0.31923336
2.7599999606609344,3.9999862,0.043656245,0.32045412
2.7699999511241913,4.055986,0.043656245,0.3216749
2.779999941587448,4.139986,0.043723617,0.3216749
2.789999932050705,4.1999855,0.043723617,0.32289568
2.799999922513962,4.2239857,0.043723617,0.32411647
2.8099999129772186,4.207986,0.04379099,0.32533723
2.8199999034404755,4.147986,0.04385836,0.32533723
2.8299998939037323,4.075986,0.04385836,0.32655802
2.8400001227855682,4.055986,0.04392573,0.3277788
2.850000113248825,4.059986,0.044060472,0.3277788
2.860000103712082,4.119986,0.044329956,0.32655802
2.8700000941753387,4.2319856,0.04459944,0.32655802
2.8800000846385956,4.3279853,0.045003664,0.32533723
2.8900000751018524,4.363985,0.045475256,0.32289568
2.9000000655651093,4.423985,0.046148963,0.31923336
2.910000056028366,4.423985,0.047024786,0.315571
2.920000046491623,4.415985,0.047833234,0.3106879
2.9300000369548798,4.4639845,0.048574314,0.3058048
2.9400000274181366,4.5079846,0.04931539,0.30214247
2.9500000178813934,4.579984,0.049854357,0.29970092
2.9600000083446503,4.6639843,0.05005647,0.29970092
2.969999998807907,4.723984,0.05005647,0.29970092
2.979999989271164,4.7439837,0.05005647,0.30092168
2.9899999797344208,4.751984,0.05005647,0.30214247
2.9999999701976776,4.7599835,0.05005647,0.30336323
3.0099999606609344,4.719984,0.05012384,0.30458403
3.0199999511241913,4.703984,0.05019121,0.3058048
3.029999941587448,4.703984,0.05019121,0.3058048
3.039999932050705,4.6919837,0.05025858,0.30702558
3.049999922513962,4.715984,0.050325952,0.30824634
3.0599999129772186,4.751984,0.050393324,0.30824634
3.0699999034404755,4.7719836,0.050393324,0.30946714
3.0799998939037323,4.751984,0.050528064,0.30946714
3.0900001227855682,4.787984,0.050595436,0.3106879
3.100000113248825,4.767984,0.050662808,0.3119087
3.110000103712082,4.731984,0.05079755,0.3119087
3.1200000941753387,4.715984,0.05086492,0.3119087
3.1300000846385956,4.735984,0.05099966,0.3119087
3.1400000751018524,4.767984,0.05106703,0.31312945
3.1500000655651093,4.7999835,0.05120177,0.31312945
3.160000056028366,4.8599834,0.051403884,0.31312945
3.170000046491623,4.8639836,0.051605996,0.31312945
3.1800000369548798,4.895983,0.051942848,0.3119087
3.1900000274181366,4.911983,0.052347075,0.3106879
3.2000000178813934,4.9199834,0.052683927,0.30824634
3.2100000083446503,4.9279833,0.053020783,0.30702558
3.219999998807907,4.951983,0.053357635,0.30702558
3.229999989271164,4.9839835,0.05362712,0.3058048
3.2399999797344208,5.015983,0.054031342,0.30458403
3.2499999701976776,5.0999827,0.05443557,0.30336323
3.2599999606609344,5.163982,0.054907165,0.30092168
3.2699999511241913,5.1919823,0.055311386,0.29848012
3.279999941587448,5.179982,0.055513497,0.29848012
3.289999932050705,5.1559825,0.055513497,0.29970092
3.299999922513962,5.0959826,0.055513497,0.30092168
3.3099999129772186,5.1279826,0.05558087,0.30092168
3.3199999034404755,5.1719823,0.05558087,0.30214247
3.3299998939037323,5.2319818,0.05564824,0.30336323
3.3400001227855682,5.2639823,0.05564824,0.30458403
3.350000113248825,5.295982,0.05571561,0.30458403
3.360000103712082,5.2719817,0.05578298,0.3058048
3.3700000941753387,5.2239823,0.05578298,0.30702558
3.3800000846385956,5.1719823,0.055850353,0.30702558
3.3900000751018524,5.1279826,0.055850353,0.30824634
3.4000000655651093,5.1199827,0.055850353,0.30946714
3.410000056028366,5.1959825,0.055850353,0.3106879
3.420000046491623,5.2559824,0.055917725,0.3119087
3.4300000369548798,5.2999816,0.055985093,0.3119087
3.4400000274181366,5.331982,0.056119837,0.31312945
3.4500000178813934,5.311982,0.056254577,0.31312945
3.4600000083446503,5.227982,0.05645669,0.31312945
3.469999998807907,5.199982,0.05652406,0.31312945
3.479999989271164,5.207982,0.056726173,0.31312945
3.4899999797344208,5.2119827,0.05692829,0.31312945
3.4999999701976776,5.287982,0.057130396,0.31312945
3.5099999606609344,5.3879814,0.05733251,0.3119087
3.5199999511241913,5.4239817,0.05753462,0.3119087
3.529999941587448,5.459982,0.057804104,0.3119087
3.539999932050705,5.4679813,0.05814096,0.3106879
3.549999922513962,5.459982,0.05847781,0.30946714
3.5599999129772186,5.4199815,0.05888204,0.30702558
3.5699999034404755,5.475981,0.05935363,0.3058048
3.5799998939037323,5.515981,0.05995997,0.30214247
3.5900001227855682,5.6159806,0.060566306,0.29970092
3.600000113248825,5.7519803,0.061172638,0.29603857
3.610000103712082,5.8039804,0.061644237,0.293597
3.6200000941753387,5.7559805,0.06177898,0.293597
3.6300000846385956,5.72798,0.06177898,0.29603857
3.6400000751018524,5.7039804,0.06177898,0.29603857
3.6500000655651093,5.659981,0.06177898,0.29725936
3.660000056028366,5.7159805,0.06184635,0.29848012
3.670000046491623,5.7719803,0.06184635,0.29970092
3.6800000369548798,5.8079805,0.06184635,0.30092168
3.6900000274181366,5.8279805,0.06184635,0.30214247
3.7000000178813934,5.83598,0.06184635,0.30336323
3.7100000083446503,5.79998,0.06184635,0.30458403
3.719999998807907,5.7199807,0.06184635,0.3058048
3.729999989271164,5.6959805,0.06184635,0.3058048
3.7399999797344208,5.6799808,0.06184635,0.30702558
3.7499999701976776,5.711981,0.06184635,0.30824634
3.7599999606609344,5.7799807,0.06184635,0.30946714
3.7699999511241913,5.83598,0.061913718,0.3106879
3.779999941587448,5.83598,0.061913718,0.3119087
3.789999932050705,5.81598,0.061913718,0.31312945
3.799999922513962,5.7799807,0.061981093,0.31312945
3.8099999129772186,5.6999807,0.061981093,0.31435025
3.8199999034404755,5.687981,0.061981093,0.315571
3.8300001323223114,5.7159805,0.061981093,0.3167918
3.839999884366989,5.7359805,0.06204846,0.31801257
3.850000113248825,5.7839804,0.06211583,0.31801257
3.859999865293503,5.8479805,0.062183205,0.31923336
3.8700000941753387,5.85598,0.062250573,0.31923336
3.8799998462200165,5.8239803,0.06231795,0.32045412
3.8900000751018524,5.7799807,0.062385317,0.3216749
3.89999982714653,5.72798,0.062452685,0.3216749
3.910000056028366,5.7039804,0.062587425,0.3216749
3.919999808073044,5.7519803,0.06278954,0.3216749
3.9300000369548798,5.83998,0.06299165,0.3216749
3.9399997889995575,5.90398,0.06319376,0.3216749
3.9500000178813934,5.9559793,0.06346325,0.32045412
3.959999769926071,5.98798,0.06373273,0.31923336
3.969999998807907,5.9439797,0.064069584,0.31923336
3.980000227689743,5.9759793,0.06460855,0.3167918
3.9899999797344208,6.0159793,0.06534963,0.31312945
4.000000208616257,6.0959797,0.066292815,0.30702558
4.0099999606609344,6.2239785,0.06737075,0.30092168
4.02000018954277,6.3759785,0.0686508,0.293597
4.029999941587448,6.4639783,0.06952662,0.28749314
4.040000170469284,6.459978,0.06999821,0.28627235
4.049999922513962,6.4519777,0.07013295,0.28627235
4.060000151395798,6.4039783,0.07033506,0.28627235
4.0699999034404755,6.427978,0.070469804,0.28627235
4.080000132322311,6.515978,0.070671916,0.28627235
4.089999884366989,6.6319776,0.070941396,0.28505158
4.100000113248825,6.707977,0.071143515,0.28505158
4.109999865293503,6.747977,0.07134563,0.2838308
4.120000094175339,6.707977,0.071412995,0.28505158
4.1299998462200165,6.6199775,0.07154774,0.28505158
4.140000075101852,6.5679774,0.07174985,0.28505158
4.14999982714653,6.551978,0.07195196,0.28505158
4.160000056028366,6.575978,0.072154075,0.28505158
4.169999808073044,6.6639776,0.07235619,0.28505158
4.18000003695488,6.8079767,0.07269304,0.2838308
4.1899997889995575,6.8959765,0.07323201,0.28138924
4.200000017881393,6.9919763,0.07390572,0.27772692
4.209999769926071,7.023976,0.07464679,0.2728438
4.219999998807907,6.9639764,0.07518575,0.27040225
4.230000227689743,6.8559766,0.0753205,0.27040225
4.239999979734421,6.7959766,0.0753205,0.27162302
4.250000208616257,6.8079767,0.0753205,0.2728438
4.2599999606609344,6.887976,0.0753205,0.27406457
4.27000018954277,7.051976,0.0753205,0.27528536
4.279999941587448,7.1759753,0.0753205,0.27650613
4.290000170469284,7.1719756,0.0753205,0.27772692
4.299999922513962,7.127976,0.0753205,0.27894768
4.310000151395798,6.999976,0.0753205,0.28016847
4.3199999034404755,6.8799767,0.0753205,0.28138924
4.330000132322311,6.8079767,0.0753205,0.28261003
4.339999884366989,6.8199763,0.0753205,0.2838308
4.350000113248825,6.9119763,0.0753205,0.28505158
4.359999865293503,7.039976,0.0753205,0.28627235
4.370000094175339,7.1639757,0.07538787,0.28627235
4.3799998462200165,7.167976,0.07538787,0.28749314
4.390000075101852,7.095976,0.07545524,0.2887139
4.39999982714653,6.995976,0.07552261,0.2887139
4.410000056028366,6.8639765,0.07552261,0.2899347
4.419999808073044,6.791977,0.07552261,0.29115546
4.43000003695488,6.8559766,0.07552261,0.29237625
4.4399997889995575,6.9519763,0.075589985,0.293597
4.450000017881393,7.055976,0.075589985,0.2948178
4.459999769926071,7.187976,0.07565735,0.2948178
4.469999998807907,7.187976,0.07565735,0.29603857
4.480000227689743,7.103976,0.07572472,0.29725936
4.489999979734421,6.979976,0.0757921,0.29725936
4.500000208616257,6.891977,0.0757921,0.29848012
4.5099999606609344,6.8359766,0.0757921,0.29970092
4.52000018954277,6.8639765,0.0757921,0.30092168
4.529999941587448,6.975976,0.075859465,0.30092168
4.540000170469284,7.095976,0.075859465,0.30336323
4.549999922513962,7.1719756,0.07592683,0.30336323
4.560000151395798,7.1999755,0.07599421,0.30458403
4.5699999034404755,7.119976,0.07619632,0.30336323
4.580000132322311,7.0079765,0.07639843,0.30336323
4.589999884366989,6.9519763,0.076600544,0.30336323
4.600000113248825,6.927976,0.07687003,0.30336323
4.609999865293503,6.9719763,0.07713951,0.30214247
4.620000094175339,7.1159754,0.077543736,0.30092168
4.6299998462200165,7.271975,0.07794796,0.29970092
4.640000075101852,7.359975,0.07835218,0.29725936
4.64999982714653,7.4319744,0.07895852,0.293597
4.660000056028366,7.4679747,0.0796996,0.29115546
4.669999808073044,7.4479747,0.08057542,0.28627235
4.68000003695488,7.4239745,0.08138387,0.28016847
4.6899997889995575,7.4119744,0.08178809,0.27894768
4.700000017881393,7.415975,0.08185547,0.28016847
4.709999769926071,7.4639745,0.08185547,0.28138924
4.719999998807907,7.559974,0.08185547,0.28138924
4.730000227689743,7.683974,0.08185547,0.2838308
4.739999979734421,7.715974,0.08185547,0.2838308
4.750000208616257,7.731974,0.08185547,0.28627235
4.7599999606609344,7.6719737,0.08185547,0.28627235
4.77000018954277,7.543974,0.08185547,0.28749314
4.779999941587448,7.483975,0.08185547,0.2887139
4.790000170469284,7.4639745,0.08185547,0.2899347
4.799999922513962,7.4799743,0.08185547,0.29115546
4.810000151395798,7.559974,0.08185547,0.29237625
4.8199999034404755,7.6799736,0.08185547,0.293597
4.830000132322311,7.715974,0.08185547,0.2948178
4.839999884366989,7.7199736,0.08185547,0.29603857
4.850000113248825,7.6519737,0.08185547,0.29725936
4.859999865293503,7.523974,0.08185547,0.29848012
4.870000094175339,7.4319744,0.08185547,0.29970092
4.8799998462200165,7.4439745,0.08185547,0.30092168
4.890000075101852,7.5159745,0.08185547,0.30092168
4.89999982714653,7.6039743,0.08185547,0.30336323
4.910000056028366,7.6919737,0.08185547,0.30336323
4.919999808073044,7.703974,0.08185547,0.3058048
4.93000003695488,7.667974,0.08185547,0.3058048
4.9399997889995575,7.6039743,0.08185547,0.30702558
4.950000017881393,7.519974,0.08185547,0.30824634
4.959999769926071,7.439975,0.08192284,0.30946714
4.969999998807907,7.4479747,0.081990205,0.30946714
4.980000227689743,7.539974,0.081990205,0.3119087
4.989999979734421,7.607974,0.08205758,0.3119087
5.000000208616257,7.6919737,0.08219232,0.3119087
5.0099999606609344,7.751973,0.082259685,0.31312945
5.02000018954277,7.687974,0.08232705,0.31312945
5.029999941587448,7.615974,0.0824618,0.31435025
5.040000170469284,7.5559745,0.08259654,0.31435025
5.049999922513962,7.5279746,0.08273128,0.31435025
5.060000151395798,7.5559745,0.082933396,0.31312945
5.0699999034404755,7.639974,0.08313551,0.31312945
5.080000132322311,7.7239738,0.083270244,0.31312945
5.089999884366989,7.7839737,0.08340499,0.31435025
5.100000113248825,7.8319736,0.083674476,0.31312945
5.109999865293503,7.8479733,0.084011324,0.31312945
5.120000094175339,7.8039737,0.08434818,0.3106879
5.1299998462200165,7.7839737,0.08481978,0.30946714
5.140000075101852,7.791973,0.08535875,0.3058048
5.14999982714653,7.8519735,0.08609982,0.30214247
5.160000056028366,8.007973,0.086908266,0.29725936
5.169999808073044,8.143972,0.0875146,0.2948178
5.18000003695488,8.175972,0.08778409,0.293597
5.1899997889995575,8.139973,0.08778409,0.29603857
5.200000017881393,8.119972,0.08778409,0.29603857
5.209999769926071,8.067972,0.08778409,0.29725936
5.219999998807907,8.063972,0.08778409,0.29848012
5.230000227689743,8.131972,0.08778409,0.29970092
5.239999979734421,8.167973,0.08785146,0.30092168
5.250000208616257,8.183972,0.08791883,0.30092168
5.2599999606609344,8.219972,0.0879862,0.30214247
5.27000018954277,8.215972,0.08805357,0.30214247
5.279999941587448,8.175972,0.088120945,0.30336323
5.290000170469284,8.123973,0.088120945,0.30458403
5.299999922513962,8.099973,0.088120945,0.3058048
5.310000151395798,8.099973,0.08825568,0.3058048
5.3199999034404755,8.135972,0.08832306,0.30702558
5.330000132322311,8.203972,0.08832306,0.30702558
5.339999884366989,8.251971,0.088390425,0.30824634
5.350000113248825,8.243972,0.08852517,0.30824634
5.359999865293503,8.243972,0.08859254,0.30946714
5.370000094175339,8.179972,0.08865991,0.30946714
5.3799998462200165,8.143972,0.08872728,0.3106879
5.390000075101852,8.163973,0.088862024,0.3106879
5.39999982714653,8.171972,0.08899676,0.3119087
5.410000056028366,8.191972,0.089131504,0.3119087
5.419999808073044,8.247972,0.08926625,0.3119087
5.43000003695488,8.307972,0.08940099,0.3119087
5.4399997889995575,8.323972,0.08967047,0.3119087
5.450000017881393,8.355971,0.089872584,0.3106879
5.459999769926071,8.335972,0.090142064,0.30946714
5.469999998807907,8.299972,0.09054629,0.30824634
5.480000227689743,8.339972,0.09101788,0.30702558
5.489999979734421,8.395971,0.09148948,0.30458403
5.500000208616257,8.459971,0.09196108,0.30214247
5.5099999606609344,8.53997,0.09243267,0.29970092
5.52000018954277,8.627971,0.093039006,0.29725936
5.529999941587448,8.67197,0.09357797,0.2948178
5.540000170469284,8.67197,0.09384746,0.293597
5.549999922513962,8.667971,0.09391483,0.2948178
5.560000151395798,8.6439705,0.09404957,0.2948178
5.5699999034404755,8.603971,0.09404957,0.29603857
5.580000132322311,8.639971,0.09404957,0.29725936
5.589999884366989,8.695971,0.09404957,0.29848012
5.600000113248825,8.72397,0.09404957,0.29970092
5.609999865293503,8.78797,0.09411694,0.29970092
5.620000094175339,8.78797,0.09411694,0.30092168
5.6299998462200165,8.72397,0.09411694,0.30214247
5.640000075101852,8.667971,0.09411694,0.30336323
5.64999982714653,8.63197,0.09411694,0.30458403
5.660000056028366,8.623971,0.09418431,0.3058048
5.669999808073044,8.639971,0.09425168,0.3058048
5.68000003695488,8.719971,0.09438642,0.3058048
5.6899997889995575,8.77197,0.09445379,0.30702558
5.700000017881393,8.799971,0.09458853,0.30702558
5.709999769926071,8.799971,0.0946559,0.30702558
5.719999998807907,8.76397,0.09472328,0.30824634
5.730000227689743,8.71597,0.094790645,0.30946714
5.739999979734421,8.68397,0.09485801,0.30946714
5.750000208616257,8.67997,0.09492539,0.3106879
5.7599999606609344,8.67997,0.09492539,0.3119087
5.77000018954277,8.759971,0.09499276,0.3119087
5.779999941587448,8.82397,0.095060125,0.31312945
5.790000170469284,8.855969,0.09519487,0.31312945
5.799999922513962,8.855969,0.095262244,0.31435025
5.810000151395798,8.82397,0.09532961,0.31435025
5.8199999034404755,8.77997,0.095464356,0.31435025
5.830000132322311,8.71597,0.09559909,0.315571
5.839999884366989,8.759971,0.09573384,0.315571
5.850000113248825,8.78397,0.09593595,0.315571
5.859999865293503,8.855969,0.09607069,0.315571
5.870000094175339,8.91597,0.096272804,0.315571
5.8799998462200165,8.987969,0.096542284,0.31435025
5.890000075101852,8.98397,0.09687914,0.31312945
5.89999982714653,9.02397,0.09728336,0.3119087
5.910000056028366,9.015969,0.097687595,0.3106879
5.919999808073044,8.97997,0.09802445,0.30824634
5.93000003695488,9.01197,0.09842867,0.30702558
5.9399997889995575,9.067969,0.098967634,0.30458403
5.950000017881393,9.179969,0.09970871,0.30092168
5.959999769926071,9.291968,0.10031505,0.29725936
5.969999998807907,9.395968,0.10071927,0.29603857
5.980000227689743,9.343968,0.100921385,0.29603857
5.989999979734421,9.319968,0.1011235,0.29603857
6.000000208616257,9.275969,0.10125824,0.29603857
6.0099999606609344,9.275969,0.10125824,0.29603857
6.02000018954277,9.295968,0.101392984,0.29725936
6.029999941587448,9.367969,0.10152773,0.29725936
6.040000170469284,9.419968,0.101662464,0.29725936
6.049999922513962,9.463968,0.10179721,0.29725936
6.060000151395798,9.507968,0.10199932,0.29725936
6.0699999034404755,9.483968,0.10206669,0.29725936
6.080000132322311,9.411968,0.102201425,0.29848012
6.089999884366989,9.355968,0.1022688,0.29848012
6.100000113248825,9.359968,0.10240354,0.29970092
6.109999865293503,9.347968,0.10253828,0.29970092
6.120000094175339,9.443968,0.10280776,0.29848012
6.1299998462200165,9.571968,0.10321199,0.29725936
6.140000075101852,9.651967,0.10368358,0.2948178
6.14999982714653,9.695967,0.10415518,0.29237625
6.160000056028366,9.715967,0.10469415,0.2899347
6.169999808073044,9.687967,0.105300486,0.28749314
6.18000003695488,9.691967,0.10590682,0.2838308
6.1899997889995575,9.743967,0.10651316,0.28138924
6.200000017881393,9.751967,0.10691738,0.28016847
6.209999769926071,9.775967,0.10698475,0.28016847
6.219999998807907,9.827967,0.10698475,0.28138924
6.230000227689743,9.895967,0.10698475,0.28261003
6.239999979734421,9.943966,0.10698475,0.2838308
6.250000208616257,9.983966,0.10698475,0.28505158
6.2599999606609344,9.947967,0.10698475,0.28627235
6.27000018954277,9.879967,0.10698475,0.28749314
6.279999941587448,9.835966,0.10698475,0.28749314
6.290000170469284,9.827967,0.10698475,0.2899347
6.299999922513962,9.823966,0.10698475,0.2899347
6.310000151395798,9.823966,0.10698475,0.29115546
6.3199999034404755,9.879967,0.10698475,0.29237625
6.330000132322311,9.911966,0.10698475,0.293597
6.339999884366989,9.9359665,0.10698475,0.2948178
6.350000113248825,9.943966,0.10698475,0.29603857
6.359999865293503,9.891966,0.10698475,0.29725936
6.370000094175339,9.807966,0.10698475,0.29848012
6.3799998462200165,9.787967,0.10698475,0.29970092
6.390000075101852,9.779966,0.10698475,0.30092168
6.39999982714653,9.815967,0.10698475,0.30214247
6.410000056028366,9.887966,0.10698475,0.30336323
6.419999808073044,9.911966,0.10698475,0.30458403
6.43000003695488,9.915966,0.10698475,0.3058048
6.4399997889995575,9.891966,0.10698475,0.30702558
6.450000017881393,9.875966,0.10698475,0.30702558
6.459999769926071,9.831967,0.10698475,0.30946714
6.469999998807907,9.783967,0.10698475,0.30946714
6.480000227689743,9.8039665,0.10698475,0.3119087
6.489999979734421,9.823966,0.10698475,0.3119087
6.500000208616257,9.847966,0.10698475,0.31312945
6.5099999606609344,9.911966,0.10698475,0.31435025
6.52000018954277,9.927966,0.10698475,0.315571
6.529999941587448,9.883966,0.10698475,0.3167918
6.540000170469284,9.835966,0.10698475,0.31801257
6.549999922513962,9.799967,0.107052125,0.31923336
6.560000151395798,9.755967,0.107052125,0.32045412
6.5699999034404755,9.791966,0.107052125,0.3216749
6.580000132322311,9.839967,0.10711949,0.3216749
6.589999884366989,9.855967,0.10711949,0.32289568
6.600000113248825,9.895967,0.10718686,0.32289568
6.609999865293503,9.899967,0.10718686,0.32533723
6.620000094175339,9.895967,0.107321605,0.32533723
6.6299998462200165,9.887966,0.10752372,0.32533723
6.640000075101852,9.895967,0.10772583,0.32411647
6.64999982714653,9.875966,0.108062685,0.32411647
6.660000056028366,9.915966,0.10846691,0.3216749
6.669999808073044,10.003966,0.10907325,0.31923336
6.68000003695488,10.111966,0.109746955,0.315571
6.6899997889995575,10.207966,0.1105554,0.3119087
6.700000017881393,10.327964,0.111498594,0.3058048
6.709999769926071,10.431965,0.11257653,0.29970092
6.719999998807907,10.471965,0.11351972,0.293597
6.730000227689743,10.495964,0.11412606,0.29115546
6.739999979734421,10.491964,0.11453027,0.2887139
6.750000208616257,10.483964,0.11486713,0.28749314
6.7599999606609344,10.547964,0.11506924,0.28749314
6.77000018954277,10.627964,0.11527135,0.28749314
6.779999941587448,10.703964,0.115406096,0.28749314
6.790000170469284,10.787963,0.11554084,0.28749314
6.799999922513962,10.827963,0.115675576,0.28749314
6.810000151395798,10.799963,0.11581032,0.28749314
6.8199999034404755,10.763964,0.11594506,0.2887139
6.830000132322311,10.695964,0.11607981,0.2887139
6.839999884366989,10.651963,0.116147175,0.2899347
6.850000113248825,10.643964,0.11628192,0.2899347
6.859999865293503,10.731963,0.11648403,0.2899347
6.870000094175339,10.831964,0.11668614,0.2887139
6.8799998462200165,10.895963,0.116888255,0.2887139
6.890000075101852,10.955963,0.11709037,0.2887139
6.89999982714653,10.963963,0.117359854,0.28749314
6.910000056028366,10.923963,0.1176967,0.28627235
6.919999808073044,10.907963,0.118100934,0.28505158
6.93000003695488,10.903963,0.11850515,0.2838308
6.9399997889995575,10.895963,0.118842006,0.28261003
6.950000017881393,10.939962,0.119178854,0.28138924
6.959999769926071,11.027962,0.11924623,0.28138924
6.969999998807907,11.063963,0.11924623,0.28261003
6.980000227689743,11.111962,0.1193136,0.2838308
6.989999979734421,11.127962,0.119380966,0.2838308
7.000000208616257,11.099962,0.119380966,0.28505158
7.0099999606609344,11.055963,0.119380966,0.28627235
7.02000018954277,11.023963,0.119380966,0.28749314
7.029999941587448,11.019962,0.119380966,0.2887139
7.040000170469284,10.999962,0.119380966,0.2899347
7.049999922513962,11.027962,0.119380966,0.29115546
7.060000151395798,11.059962,0.11944834,0.29115546
7.0699999034404755,11.075962,0.11944834,0.293597
7.080000132322311,11.099962,0.11944834,0.293597
7.089999884366989,11.127962,0.11944834,0.29603857
7.100000113248825,11.055963,0.11944834,0.29603857
7.109999865293503,11.019962,0.11944834,0.29725936
7.120000094175339,10.999962,0.11944834,0.29848012
7.1299998462200165,11.0039625,0.11951571,0.29970092
7.140000075101852,11.019962,0.11951571,0.30092168
7.14999982714653,11.075962,0.11951571,0.30214247
7.160000056028366,11.091963,0.119583085,0.30214247
7.169999808073044,11.087962,0.11965045,0.30336323
7.18000003695488,11.111962,0.11965045,0.30458403
7.1899997889995575,11.067962,0.11965045,0.3058048
7.200000017881393,11.027962,0.11965045,0.30702558
7.209999769926071,11.019962,0.11965045,0.30702558
7.219999998807907,11.015963,0.11965045,0.30946714
7.230000227689743,11.011963,0.11971782,0.30946714
7.239999979734421,11.071962,0.1197852,0.3106879
7.250000208616257,11.143962,0.11991993,0.3106879
7.2599999606609344,11.151962,0.12005468,0.3106879
7.27000018954277,11.151962,0.12025679,0.3106879
7.279999941587448,11.159963,0.1204589,0.3106879
7.290000170469284,11.123962,0.12072839,0.30946714
7.299999922513962,11.111962,0.121065244,0.30946714
7.310000151395798,11.139962,0.121267356,0.30824634
7.3199999034404755,11.159963,0.12140209,0.30824634
7.330000132322311,11.167962,0.121536836,0.30824634
7.339999884366989,11.255961,0.12180632,0.30824634
7.350000113248825,11.343962,0.122277915,0.3058048
7.359999865293503,11.403961,0.1227495,0.30336323
7.370000094175339,11.475961,0.12335585,0.30092168
7.3799998462200165,11.503961,0.12402955,0.29725936
7.390000075101852,11.475961,0.12456852,0.2948178
7.39999982714653,11.463961,0.12483801,0.293597
7.410000056028366,11.439961,0.12490537,0.2948178
7.419999808073044,11.411962,0.12490537,0.29603857
7.43000003695488,11.48396,0.124972746,0.29603857
7.4399997889995575,11.595961,0.12504011,0.29725936
7.450000017881393,11.65196,0.12504011,0.29848012
7.459999769926071,11.69996,0.12510748,0.29848012
7.469999998807907,11.70796,0.12517485,0.29970092
7.480000227689743,11.647961,0.12524223,0.29970092
7.489999979734421,11.527961,0.12524223,0.30092168
7.500000208616257,11.475961,0.12524223,0.30214247
7.5099999606609344,11.45596,0.12530959,0.30336323
7.52000018954277,11.471961,0.12530959,0.30458403
7.529999941587448,11.587961,0.12537697,0.3058048
7.540000170469284,11.67196,0.12544434,0.3058048
7.549999922513962,11.71996,0.1255117,0.3058048
7.560000151395798,11.71196,0.12557907,0.30702558
7.5699999034404755,11.66796,0.12564646,0.30702558
7.580000132322311,11.57596,0.12571381,0.30824634
7.589999884366989,11.499961,0.12571381,0.30946714
7.600000113248825,11.507961,0.1257812,0.3106879
7.609999865293503,11.515961,0.12591593,0.3106879
7.620000094175339,11.57596,0.1259833,0.3119087
7.6299998462200165,11.69996,0.1259833,0.3119087
7.640000075101852,11.74396,0.12605068,0.31312945
7.64999982714653,11.74796,0.12611805,0.31312945
7.660000056028366,11.7159605,0.12611805,0.315571
7.669999808073044,11.64396,0.12611805,0.315571
7.68000003695488,11.547961,0.12618542,0.3167918
7.6899997889995575,11.527961,0.12618542,0.31801257
7.700000017881393,11.555961,0.12625279,0.31923336
7.709999769926071,11.615961,0.12625279,0.31923336
7.719999998807907,11.69196,0.12632017,0.32045412
7.730000227689743,11.74796,0.12632017,0.3216749
7.739999979734421,11.77196,0.1264549,0.3216749
7.750000208616257,11.735959,0.12665701,0.3216749
7.7599999606609344,11.7159605,0.12679175,0.3216749
7.77000018954277,11.647961,0.12706123,0.3216749
7.779999941587448,11.655961,0.1273981,0.31923336
7.790000170469284,11.7159605,0.12786968,0.31801257
7.799999922513962,11.79996,0.12834127,0.315571
7.810000151395798,11.89596,0.12888025,0.31312945
7.8199999034404755,12.051959,0.12955394,0.30946714
7.829999655485153,12.143958,0.1303624,0.3058048
7.839999884366989,12.175959,0.13117085,0.30092168
7.850000113248825,12.175959,0.13157508,0.29970092
7.860000342130661,12.095959,0.13157508,0.29970092
7.8699996173381805,11.991959,0.13164246,0.30092168
7.8799998462200165,11.995959,0.13164246,0.30214247
7.890000075101852,12.099958,0.13164246,0.30336323
7.900000303983688,12.191959,0.13164246,0.30458403
7.909999579191208,12.299957,0.13164246,0.3058048
7.919999808073044,12.367957,0.13164246,0.30702558
7.93000003695488,12.339957,0.13164246,0.30702558
7.940000265836716,12.235958,0.13170981,0.30824634
7.949999541044235,12.12396,0.13170981,0.30946714
7.959999769926071,12.023959,0.13170981,0.3106879
7.969999998807907,11.991959,0.13170981,0.3119087
7.980000227689743,12.063959,0.13170981,0.31312945
7.990000456571579,12.159959,0.13170981,0.31435025
7.9999997317790985,12.271958,0.13170981,0.315571
8.009999960660934,12.355958,0.1317772,0.315571
8.02000018954277,12.327958,0.13184457,0.3167918
8.030000418424606,12.251958,0.13184457,0.31801257
8.039999693632126,12.155958,0.13184457,0.31923336
8.049999922513962,12.059958,0.13191193,0.31923336
8.060000151395798,12.0199585,0.1319793,0.32045412
8.070000380277634,12.05596,0.1319793,0.3216749
8.079999655485153,12.155958,0.1319793,0.32289568
8.08999988436699,12.239959,0.1319793,0.32411647
8.100000113248825,12.2959585,0.1319793,0.32533723
8.110000342130661,12.331958,0.1319793,0.32655802
8.11999961733818,12.263958,0.1319793,0.32655802
8.129999846220016,12.179958,0.1319793,0.32899958
8.140000075101852,12.095959,0.13204668,0.32899958
8.150000303983688,12.0719595,0.13218142,0.33022034
8.159999579191208,12.095959,0.13231614,0.33022034
8.169999808073044,12.199959,0.13251826,0.33022034
8.18000003695488,12.303958,0.13272037,0.32899958
8.190000265836716,12.359958,0.1329225,0.32899958
8.199999541044235,12.395958,0.1331246,0.32899958
8.209999769926071,12.379957,0.13332672,0.32899958
8.219999998807907,12.311958,0.13366356,0.32655802
8.230000227689743,12.307959,0.13413517,0.32533723
8.240000456571579,12.367957,0.13494362,0.32045412
8.249999731779099,12.511958,0.13615629,0.31312945
8.259999960660934,12.767957,0.13777319,0.30336323
8.27000018954277,12.975956,0.1391206,0.29603857
8.280000418424606,13.111956,0.14013116,0.2899347
8.289999693632126,13.095955,0.14093961,0.28505158
8.299999922513962,13.087955,0.14181544,0.28016847
8.310000151395798,13.163955,0.14302811,0.2728438
8.320000380277634,13.263955,0.14424078,0.2667399
8.329999655485153,13.423955,0.14504921,0.2618568
8.33999988436699,13.475954,0.14525135,0.26063603
8.350000113248825,13.491955,0.14525135,0.2618568
8.360000342130661,13.519955,0.14525135,0.2630776
8.36999961733818,13.567954,0.14525135,0.26429835
8.379999846220016,13.563953,0.14525135,0.26551914
8.390000075101852,13.587954,0.14525135,0.2667399
8.400000303983688,13.583954,0.14525135,0.2679607
8.409999579191208,13.527954,0.14525135,0.26918146
8.419999808073044,13.527954,0.14525135,0.27040225
8.43000003695488,13.519955,0.14525135,0.27162302
8.440000265836716,13.507954,0.14525135,0.2728438
8.449999541044235,13.471954,0.14525135,0.27406457
8.459999769926071,13.539954,0.14525135,0.27528536
8.469999998807907,13.5359535,0.14525135,0.27650613
8.480000227689743,13.559955,0.14525135,0.27772692
8.490000456571579,13.559955,0.14525135,0.27772692
8.499999731779099,13.527954,0.14525135,0.27894768
8.509999960660934,13.475954,0.14525135,0.28016847
8.52000018954277,13.467954,0.14525135,0.28138924
8.530000418424606,13.487954,0.14525135,0.28261003
8.539999693632126,13.475954,0.14525135,0.2838308
8.549999922513962,13.507954,0.14525135,0.28505158
8.560000151395798,13.543954,0.14525135,0.28627235
8.570000380277634,13.503954,0.14525135,0.28749314
8.579999655485153,13.511954,0.14525135,0.2887139
8.58999988436699,13.543954,0.14525135,0.2899347
8.600000113248825,13.491955,0.14525135,0.29115546
8.610000342130661,13.451955,0.14525135,0.29237625
8.61999961733818,13.455954,0.14525135,0.293597
8.629999846220016,13.459954,0.14525135,0.2948178
8.640000075101852,13.463955,0.14525135,0.29603857
8.650000303983688,13.515954,0.14525135,0.29725936
8.659999579191208,13.531955,0.14525135,0.29725936
8.669999808073044,13.507954,0.14525135,0.29970092
8.68000003695488,13.487954,0.14525135,0.29970092
8.690000265836716,13.467954,0.14525135,0.30092168
8.699999541044235,13.455954,0.14525135,0.30214247
8.709999769926071,13.447954,0.14525135,0.30336323
8.719999998807907,13.455954,0.14525135,0.30458403
8.730000227689743,13.451955,0.14525135,0.3058048
8.740000456571579,13.475954,0.14525135,0.30702558
8.749999731779099,13.503954,0.14525135,0.30824634
8.759999960660934,13.503954,0.14525135,0.30946714
8.77000018954277,13.467954,0.14525135,0.3106879
8.780000418424606,13.483953,0.14525135,0.3119087
8.789999693632126,13.431954,0.14525135,0.31312945
8.799999922513962,13.415954,0.1453187,0.31312945
8.810000151395798,13.455954,0.1453187,0.31435025
8.820000380277634,13.455954,0.1453187,0.315571
8.829999655485153,13.467954,0.14538608,0.3167918
8.83999988436699,13.487954,0.14538608,0.31801257
8.850000113248825,13.491955,0.14545345,0.31801257
8.860000342130661,13.463955,0.14552082,0.31923336
8.86999961733818,13.475954,0.14552082,0.32045412
8.879999846220016,13.475954,0.14565557,0.32045412
8.890000075101852,13.463955,0.14579031,0.32045412
8.900000303983688,13.479954,0.1460598,0.31923336
8.909999579191208,13.555954,0.14646402,0.31923336
8.919999808073044,13.631953,0.14700298,0.315571
8.93000003695488,13.735953,0.14774406,0.3119087
8.940000265836716,13.883952,0.14888935,0.3058048
8.949999541044235,14.007953,0.15023677,0.29725936
8.959999769926071,14.055953,0.15117997,0.29115546
8.969999998807907,14.035953,0.1515842,0.2899347
8.980000227689743,13.947953,0.1515842,0.29115546
8.990000456571579,13.887953,0.1515842,0.29237625
8.999999731779099,13.951952,0.1515842,0.293597
9.009999960660934,14.059952,0.1515842,0.2948178
9.02000018954277,14.167952,0.15165156,0.29603857
9.030000418424606,14.271951,0.15165156,0.29603857
9.039999693632126,14.327951,0.15165156,0.29725936
9.049999922513962,14.259952,0.15171893,0.29848012
9.060000151395798,14.151952,0.15171893,0.29970092
9.070000380277634,14.035953,0.15178631,0.29970092
9.079999655485153,13.919953,0.15185367,0.30092168
9.08999988436699,13.899953,0.15192105,0.30092168
9.100000113248825,13.991952,0.15198842,0.30214247
9.110000342130661,14.159952,0.15205579,0.30214247
9.11999961733818,14.259952,0.15212315,0.30336323
9.129999846220016,14.351951,0.1522579,0.30336323
9.140000075101852,14.343951,0.15239264,0.30336323
9.150000303983688,14.255952,0.15252738,0.30336323
9.159999579191208,14.171952,0.15279686,0.30336323
9.169999808073044,14.123953,0.1531337,0.30214247
9.18000003695488,14.107952,0.15360531,0.29970092
9.190000265836716,14.183951,0.15414429,0.29725936
9.199999541044235,14.359951,0.15488535,0.293597
9.209999769926071,14.54395,0.15562645,0.2899347
9.219999998807907,14.69195,0.1561654,0.28749314
9.230000227689743,14.71195,0.15636751,0.28627235
9.240000456571579,14.60795,0.15636751,0.28749314
9.249999731779099,14.491951,0.15636751,0.2887139
9.259999960660934,14.43595,0.15643488,0.2899347
9.27000018954277,14.411951,0.15643488,0.29115546
9.280000418424606,14.48795,0.15643488,0.29115546
9.289999693632126,14.61195,0.15650226,0.29237625
9.299999922513962,14.71595,0.15650226,0.293597
9.310000151395798,14.73595,0.15650226,0.2948178
9.320000380277634,14.71595,0.15650226,0.29603857
9.329999655485153,14.655951,0.15656962,0.29725936
9.33999988436699,14.531951,0.15656962,0.29725936
9.350000113248825,14.451951,0.15656962,0.29970092
9.360000342130661,14.43595,0.15656962,0.29970092
9.36999961733818,14.439951,0.156637,0.30092168
9.379999846220016,14.551951,0.156637,0.30214247
9.390000075101852,14.67995,0.156637,0.30336323
9.400000303983688,14.72395,0.15670437,0.30336323
9.409999579191208,14.73595,0.15677173,0.30458403
9.419999808073044,14.699949,0.15677173,0.3058048
9.43000003695488,14.58395,0.15677173,0.30702558
9.440000265836716,14.49995,0.15677173,0.30824634
9.449999541044235,14.44795,0.15677173,0.30946714
9.459999769926071,14.45995,0.1568391,0.30946714
9.469999998807907,14.531951,0.15690649,0.3106879
9.480000227689743,14.655951,0.15697384,0.3119087
9.490000456571579,14.73195,0.15710859,0.3119087
9.499999731779099,14.75995,0.15717596,0.3119087
9.509999960660934,14.73195,0.15731071,0.3119087
9.52000018954277,14.68795,0.15731071,0.31312945
9.530000418424606,14.55595,0.15737806,0.31435025
9.539999693632126,14.495951,0.15751281,0.31435025
9.549999922513962,14.53995,0.15764755,0.31435025
9.560000151395798,14.599951,0.15784967,0.31435025
9.570000380277634,14.699949,0.15805177,0.31435025
9.579999655485153,14.795949,0.1582539,0.31435025
9.58999988436699,14.863949,0.15859075,0.31312945
9.600000113248825,14.903949,0.15906236,0.3106879
9.610000342130661,14.959949,0.15973605,0.30702558
9.61999961733818,14.963949,0.16061187,0.30214247
9.629999846220016,14.975949,0.1616898,0.29603857
9.640000075101852,15.051949,0.16276774,0.2899347
9.650000303983688,15.111949,0.16337407,0.28627235
9.659999579191208,15.103949,0.16350882,0.28627235
9.669999808073044,15.0919485,0.16350882,0.28749314
9.68000003695488,15.171948,0.16350882,0.2887139
9.690000265836716,15.219949,0.16350882,0.2899347
9.699999541044235,15.303947,0.16350882,0.29115546
9.709999769926071,15.367948,0.16350882,0.29237625
9.719999998807907,15.359947,0.16350882,0.293597
9.730000227689743,15.299948,0.16350882,0.2948178
9.740000456571579,15.227948,0.16350882,0.29603857
9.749999731779099,15.159948,0.16350882,0.29725936
9.759999960660934,15.087948,0.16350882,0.29848012
9.77000018954277,15.131948,0.16350882,0.29970092
9.780000418424606,15.199948,0.16350882,0.30092168
9.789999693632126,15.267948,0.16350882,0.30214247
9.799999922513962,15.343947,0.16350882,0.30336323
9.810000151395798,15.343947,0.16357619,0.30336323
9.820000380277634,15.295948,0.16357619,0.30458403
9.829999655485153,15.223948,0.16357619,0.3058048
9.83999988436699,15.167949,0.16364355,0.30702558
9.850000113248825,15.099949,0.16364355,0.30702558
9.860000342130661,15.095948,0.16371094,0.30824634
9.86999961733818,15.151949,0.16371094,0.30946714
9.879999846220016,15.215948,0.16377829,0.3106879
9.890000075101852,15.291947,0.16391304,0.3106879
9.900000303983688,15.379948,0.16404778,0.3106879
9.909999579191208,15.367948,0.16418251,0.3106879
9.919999808073044,15.323948,0.16431727,0.3119087
9.93000003695488,15.287949,0.16458675,0.3106879
9.940000265836716,15.251947,0.16485623,0.30946714
9.949999541044235,15.251947,0.16519308,0.30824634
9.959999769926071,15.335948,0.1655973,0.30702558
9.969999998807907,15.403948,0.16600153,0.3058048
9.980000227689743,15.495947,0.16640575,0.30336323
9.990000456571579,15.583946,0.16674261,0.30214247
9.999999731779099,15.647947,0.16714683,0.30092168
10.009999960660934,15.683947,0.16761842,0.29848012
10.02000018954277,15.703947,0.16822477,0.29603857
10.030000418424606,15.731946,0.16883111,0.29237625
10.039999693632126,15.699946,0.16923533,0.29115546
10.049999922513962,15.679946,0.16937007,0.29115546
10.060000151395798,15.671947,0.16943744,0.29115546
10.070000380277634,15.699946,0.16943744,0.293597
10.079999655485153,15.763947,0.1695048,0.293597
10.08999988436699,15.855946,0.1695048,0.2948178
10.100000113248825,15.895946,0.1695048,0.29603857
10.110000342130661,15.911945,0.1695048,0.29725936
10.11999961733818,15.903946,0.1695048,0.29848012
10.129999846220016,15.835946,0.1695048,0.29970092
10.140000075101852,15.743947,0.1695048,0.30092168
10.150000303983688,15.695947,0.1695048,0.30214247
10.159999579191208,15.691946,0.16957217,0.30214247
10.169999808073044,15.707946,0.16957217,0.30336323
10.18000003695488,15.8039465,0.16963956,0.30458403
10.190000265836716,15.895946,0.16970691,0.3058048
10.199999541044235,15.951945,0.16990903,0.3058048
10.209999769926071,15.927946,0.1699764,0.3058048
10.219999998807907,15.879946,0.1699764,0.30702558
10.230000227689743,15.783947,0.1699764,0.30702558
10.240000456571579,15.727946,0.1699764,0.30946714
10.249999731779099,15.715947,0.1699764,0.30946714
10.259999960660934,15.747946,0.1699764,0.3119087
10.27000018954277,15.791946,0.1699764,0.3119087
10.280000418424606,15.867946,0.1699764,0.31312945
10.289999693632126,15.927946,0.1699764,0.31435025
10.299999922513962,15.923945,0.1699764,0.315571
10.310000151395798,15.907946,0.1699764,0.3167918
10.320000380277634,15.815946,0.1699764,0.31801257
10.329999655485153,15.739946,0.1699764,0.31923336
10.33999988436699,15.695947,0.17004378,0.32045412
10.350000113248825,15.739946,0.17004378,0.3216749
10.360000342130661,15.779946,0.17004378,0.32289568
10.36999961733818,15.847946,0.17004378,0.32289568
10.379999846220016,15.923945,0.17004378,0.32533723
10.390000075101852,15.927946,0.17004378,0.32533723
10.400000303983688,15.887946,0.17011115,0.32655802
10.409999579191208,15.855946,0.17017852,0.32655802
10.419999808073044,15.799946,0.17024589,0.3277788
10.43000003695488,15.747946,0.17038062,0.3277788
10.440000265836716,15.767946,0.17058274,0.3277788
10.449999541044235,15.835946,0.1709196,0.32655802
10.459999769926071,15.939946,0.17139119,0.32411647
10.469999998807907,16.067945,0.17199753,0.3216749
10.480000227689743,16.215944,0.17287335,0.3167918
10.490000456571579,16.287945,0.17374916,0.3119087
10.499999731779099,16.347944,0.17462498,0.30702558
10.509999960660934,16.355944,0.17529869,0.30336323
10.52000018954277,16.279945,0.17563556,0.30214247
10.530000418424606,16.219946,0.1757703,0.30214247
10.539999693632126,16.211945,0.17583767,0.30336323
10.549999922513962,16.295944,0.17590503,0.30336323
10.560000151395798,16.391945,0.1759724,0.30458403
10.570000380277634,16.551945,0.17603979,0.3058048
10.579999655485153,16.643944,0.17610714,0.3058048
10.58999988436699,16.627943,0.17617452,0.30702558
10.600000113248825,16.579945,0.17624189,0.30702558
10.610000342130661,16.467943,0.17624189,0.30824634
10.61999961733818,16.323944,0.17630926,0.30946714
10.629999846220016,16.275944,0.176444,0.30946714
10.640000075101852,16.303944,0.17657873,0.30946714
10.650000303983688,16.403944,0.17684822,0.30946714
10.659999579191208,16.555943,0.1771177,0.30824634
10.669999808073044,16.723944,0.17752193,0.3058048
10.68000003695488,16.823944,0.17812827,0.30336323
10.690000265836716,16.863941,0.17880198,0.29970092
10.699999541044235,16.863941,0.17940831,0.29725936
10.709999769926071,16.775942,0.18001465,0.293597
10.719999998807907,16.711943,0.1805536,0.29115546
10.730000227689743,16.711943,0.18095782,0.2899347
10.740000456571579,16.735943,0.18115996,0.2899347
10.749999731779099,16.787943,0.18115996,0.2899347
10.759999960660934,16.919943,0.18122731,0.29115546
10.77000018954277,17.063942,0.18122731,0.29237625
10.780000418424606,17.115942,0.1812947,0.293597
10.789999693632126,17.123941,0.1812947,0.293597
10.799999922513962,17.063942,0.1812947,0.2948178
10.810000151395798,16.927942,0.1812947,0.29603857
10.820000380277634,16.831944,0.1812947,0.29725936
10.829999655485153,16.787943,0.1812947,0.29848012
10.83999988436699,16.767942,0.18136206,0.29970092
10.850000113248825,16.851942,0.18136206,0.30092168
10.860000342130661,16.979942,0.18136206,0.30092168
10.86999961733818,17.071941,0.18136206,0.30336323
10.879999846220016,17.103943,0.18142943,0.30336323
10.890000075101852,17.103943,0.18142943,0.30458403
10.900000303983688,17.015942,0.18142943,0.3058048
10.909999579191208,16.883942,0.18142943,0.30702558
10.919999808073044,16.811943,0.18142943,0.30824634
10.93000003695488,16.799942,0.18142943,0.30946714
10.940000265836716,16.807943,0.18142943,0.3106879
10.949999541044235,16.911942,0.1814968,0.3119087
10.959999769926071,17.015942,0.18156418,0.3119087
10.969999998807907,17.075943,0.18156418,0.31312945
10.980000227689743,17.087942,0.18156418,0.31435025
10.990000456571579,17.027943,0.18156418,0.315571
10.999999731779099,16.939943,0.18163154,0.315571
11.009999960660934,16.835943,0.18163154,0.3167918
11.02000018954277,16.791943,0.18169892,0.31801257
11.030000418424606,16.811943,0.18176629,0.31801257
11.039999693632126,16.871943,0.18183365,0.31923336
11.049999922513962,16.987942,0.18190102,0.31923336
11.060000151395798,17.059942,0.1819684,0.32045412
11.070000380277634,17.099941,0.18203576,0.3216749
11.079999655485153,17.095942,0.18210314,0.3216749
11.08999988436699,17.05194,0.18223788,0.3216749
11.100000113248825,16.943943,0.18230525,0.32289568
11.110000342130661,16.915943,0.18250737,0.32289568
11.11999961733818,16.911942,0.18270947,0.32289568
11.129999846220016,16.979942,0.18297896,0.3216749
11.140000075101852,17.083942,0.18331581,0.32045412
11.150000303983688,17.203941,0.18372004,0.31923336
11.159999579191208,17.29594,0.18432638,0.3167918
11.169999808073044,17.363941,0.18500008,0.3119087
11.18000003695488,17.42394,0.18567379,0.30946714
11.190000265836716,17.41994,0.18621276,0.3058048
11.199999541044235,17.37994,0.18688647,0.30336323
11.209999769926071,17.391941,0.1874928,0.29970092
11.219999998807907,17.39994,0.18782966,0.29848012
11.230000227689743,17.39594,0.18782966,0.29970092
11.240000456571579,17.443941,0.18782966,0.30092168
11.249999731779099,17.519941,0.18782966,0.30214247
11.259999960660934,17.61994,0.18789703,0.30214247
11.27000018954277,17.67594,0.18789703,0.30336323
11.280000418424606,17.71594,0.18789703,0.30458403
11.289999693632126,17.65194,0.18789703,0.3058048
11.299999922513962,17.56794,0.1879644,0.30702558
11.310000151395798,17.51194,0.18803176,0.30702558
11.320000380277634,17.45594,0.18809915,0.30824634
11.329999655485153,17.435942,0.18816651,0.30946714
11.33999988436699,17.491941,0.18823388,0.30946714
11.350000113248825,17.57594,0.18830125,0.3106879
11.360000342130661,17.64394,0.18836862,0.3106879
11.36999961733818,17.72394,0.18850335,0.3106879
11.379999846220016,17.73194,0.18863809,0.3119087
11.390000075101852,17.67194,0.18870547,0.3119087
11.400000303983688,17.599941,0.18877284,0.31312945
11.409999579191208,17.53594,0.18877284,0.31312945
11.419999808073044,17.47594,0.18877284,0.315571
11.43000003695488,17.49594,0.18884021,0.315571
11.440000265836716,17.56794,0.18890758,0.3167918
11.449999541044235,17.64794,0.18897496,0.3167918
11.459999769926071,17.71594,0.18904231,0.31801257
11.469999998807907,17.77594,0.1891097,0.31801257
11.480000227689743,17.747938,0.18917707,0.31923336
11.490000456571579,17.67594,0.18917707,0.32045412
11.499999731779099,17.61994,0.18924443,0.3216749
11.509999960660934,17.56394,0.18937919,0.3216749
11.52000018954277,17.55594,0.18951392,0.3216749
11.530000418424606,17.627941,0.18978341,0.3216749
11.539999693632126,17.71594,0.1900529,0.32045412
11.549999922513962,17.80394,0.19038974,0.31923336
11.560000151395798,17.899939,0.19086134,0.3167918
11.570000380277634,17.991938,0.19153506,0.31312945
11.579999655485153,17.99594,0.19220875,0.30946714
11.58999988436699,18.019938,0.19288245,0.30702558
11.600000113248825,18.011938,0.1934888,0.30336323
11.610000342130661,17.951939,0.19382565,0.30214247
11.61999961733818,17.903938,0.19389303,0.30214247
11.629999846220016,17.91594,0.19396038,0.30336323
11.640000075101852,17.98794,0.19409513,0.30336323
11.650000303983688,18.111938,0.1941625,0.30458403
11.659999579191208,18.235937,0.1941625,0.3058048
11.669999808073044,18.299938,0.19422987,0.3058048
11.68000003695488,18.291937,0.19429725,0.30702558
11.690000265836716,18.235937,0.1943646,0.30702558
11.699999541044235,18.131939,0.19449936,0.30702558
11.709999769926071,18.035938,0.19456673,0.30824634
11.719999998807907,17.99594,0.19456673,0.30946714
11.730000227689743,18.007938,0.19470148,0.30946714
11.740000456571579,18.051939,0.19490358,0.30946714
11.749999731779099,18.175938,0.19503832,0.30946714
11.759999960660934,18.327938,0.19524044,0.30946714
11.77000018954277,18.335938,0.19537519,0.30946714
11.780000418424606,18.347939,0.1955773,0.30946714
11.789999693632126,18.299938,0.19584677,0.30824634
11.799999922513962,18.255938,0.19631836,0.30702558
11.810000151395798,18.23194,0.19672258,0.30458403
11.820000380277634,18.255938,0.1971268,0.30336323
11.829999655485153,18.295938,0.19759841,0.30092168
11.83999988436699,18.367937,0.19813739,0.29970092
11.850000113248825,18.531937,0.19860896,0.29603857
11.860000342130661,18.599937,0.1990132,0.2948178
11.86999961733818,18.651936,0.19921532,0.2948178
11.879999846220016,18.635937,0.19935006,0.2948178
11.890000075101852,18.575937,0.19935006,0.29603857
11.900000303983688,18.475937,0.19935006,0.29725936
11.909999579191208,18.475937,0.19935006,0.29848012
11.919999808073044,18.503937,0.19941743,0.29970092
11.93000003695488,18.531937,0.19941743,0.29970092
11.940000265836716,18.591936,0.19941743,0.30092168
11.949999541044235,18.659935,0.19941743,0.30214247
11.959999769926071,18.667936,0.19941743,0.30336323
11.969999998807907,18.639936,0.19941743,0.30458403
11.980000227689743,18.615936,0.19941743,0.3058048
11.990000456571579,18.527937,0.19941743,0.30702558
11.999999731779099,18.491938,0.1994848,0.30702558
12.009999960660934,18.499937,0.1994848,0.30946714
12.02000018954277,18.519938,0.19955216,0.30946714
12.030000418424606,18.567936,0.19955216,0.3106879
12.039999693632126,18.619938,0.19961955,0.3119087
12.049999922513962,18.675936,0.1996869,0.3119087
12.060000151395798,18.651936,0.19975428,0.31312945
12.070000380277634,18.639936,0.19975428,0.31435025
12.079999655485153,18.611937,0.19975428,0.315571
12.08999988436699,18.543936,0.19982165,0.315571
12.100000113248825,18.515936,0.19988902,0.3167918
12.110000342130661,18.527937,0.19995639,0.3167918
12.11999961733818,18.559937,0.20002377,0.31801257
12.129999846220016,18.623936,0.2001585,0.31801257
12.140000075101852,18.695936,0.20029324,0.31801257
12.150000303983688,18.711937,0.20042798,0.31801257
12.159999579191208,18.699936,0.20056272,0.31923336
12.169999808073044,18.691936,0.2006301,0.31923336
12.18000003695488,18.639936,0.20076483,0.31923336
12.190000265836716,18.611937,0.20089959,0.31923336
12.199999541044235,18.611937,0.20103432,0.32045412
12.209999769926071,18.651936,0.20116906,0.32045412
12.219999998807907,18.683937,0.20137116,0.32045412
12.230000227689743,18.795935,0.20164065,0.31923336
12.240000456571579,18.855936,0.20191014,0.31923336
12.249999731779099,18.899937,0.202247,0.3167918
12.259999960660934,18.955935,0.2029207,0.31435025
12.27000018954277,19.015936,0.20372915,0.30946714
12.280000418424606,19.091934,0.20467234,0.30458403
12.289999693632126,19.155933,0.20588501,0.29725936
12.299999922513962,19.267935,0.20696294,0.29115546
12.310000151395798,19.279934,0.20750192,0.28749314
12.320000380277634,19.235935,0.20763665,0.2887139
12.329999655485153,19.203934,0.20770404,0.2887139
12.33999988436699,19.231936,0.20770404,0.2899347
12.350000113248825,19.283934,0.20770404,0.29115546
12.360000342130661,19.427933,0.20770404,0.29237625
12.36999961733818,19.511934,0.20770404,0.293597
12.379999846220016,19.539934,0.20777139,0.293597
12.390000075101852,19.527933,0.20777139,0.29603857
12.400000303983688,19.467934,0.20777139,0.29603857
12.409999579191208,19.327934,0.20777139,0.29725936
12.419999808073044,19.259935,0.20777139,0.29848012
12.43000003695488,19.239935,0.20777139,0.29970092
12.440000265836716,19.243935,0.20777139,0.30092168
12.449999541044235,19.311934,0.20783877,0.30214247
12.459999769926071,19.431934,0.20783877,0.30336323
12.469999998807907,19.487934,0.20783877,0.30458403
12.480000227689743,19.499933,0.20783877,0.3058048
12.490000456571579,19.471933,0.20783877,0.30702558
12.499999731779099,19.403934,0.20783877,0.30702558
12.509999960660934,19.287935,0.20783877,0.30946714
12.52000018954277,19.251934,0.20783877,0.30946714
12.530000418424606,19.239935,0.20783877,0.3106879
12.539999693632126,19.255934,0.20783877,0.3119087
12.549999922513962,19.351934,0.20783877,0.31312945
12.560000151395798,19.435934,0.20783877,0.31435025
12.570000380277634,19.459934,0.20790614,0.315571
12.579999655485153,19.487934,0.20797351,0.315571
12.58999988436699,19.447933,0.20804088,0.3167918
12.600000113248825,19.375935,0.20810826,0.3167918
12.610000342130661,19.299934,0.20831037,0.3167918
12.61999961733818,19.323935,0.20857984,0.3167918
12.629999846220016,19.371933,0.20905143,0.31435025
12.640000075101852,19.483934,0.20965777,0.3119087
12.650000303983688,19.647932,0.21033148,0.30702558
12.659999579191208,19.791933,0.2112073,0.30336323
12.669999808073044,19.927933,0.2123526,0.29603857
12.68000003695488,20.023932,0.21336317,0.29115546
12.690000265836716,20.019932,0.21390213,0.28749314
12.699999541044235,19.883932,0.21410424,0.28749314
12.709999769926071,19.787931,0.21423899,0.28749314
12.719999998807907,19.775932,0.21437372,0.28749314
12.730000227689743,19.831932,0.2144411,0.2887139
12.740000456571579,19.95993,0.21450847,0.2887139
12.749999731779099,20.11593,0.21457584,0.2899347
12.759999960660934,20.227932,0.21464321,0.29115546
12.77000018954277,20.26793,0.2147106,0.29115546
12.780000418424606,20.24793,0.21477795,0.29115546
12.789999693632126,20.123932,0.21484533,0.29237625
12.799999922513962,19.97993,0.21484533,0.293597
12.810000151395798,19.871933,0.2149127,0.2948178
12.820000380277634,19.839931,0.21498007,0.2948178
12.829999655485153,19.887932,0.21498007,0.29603857
12.83999988436699,20.039932,0.21511482,0.29603857
12.850000113248825,20.203932,0.21531692,0.29603857
12.860000342130661,20.29993,0.21551904,0.29603857
12.86999961733818,20.339931,0.21565378,0.29603857
12.879999846220016,20.27193,0.21578853,0.29603857
12.890000075101852,20.167933,0.21599063,0.29725936
12.900000303983688,20.067932,0.2162601,0.29603857
12.909999579191208,20.043932,0.2165296,0.2948178
12.919999808073044,20.047932,0.21686643,0.293597
12.93000003695488,20.15193,0.21733804,0.29115546
12.940000265836716,20.335932,0.21787702,0.2887139
12.949999541044235,20.52793,0.21855073,0.28505158
12.959999769926071,20.619928,0.2190223,0.2838308
12.969999998807907,20.655928,0.21915706,0.2838308
12.980000227689743,20.563929,0.21915706,0.28505158
12.990000456571579,20.399931,0.21915706,0.28627235
12.999999731779099,20.347929,0.21915706,0.28749314
13.009999960660934,20.343931,0.21915706,0.28749314
13.02000018954277,20.359932,0.21915706,0.2899347
13.030000418424606,20.47193,0.21915706,0.2899347
13.039999693632126,20.575932,0.21915706,0.29115546
13.049999922513962,20.64393,0.21915706,0.29237625
13.060000151395798,20.631931,0.21915706,0.293597
13.070000380277634,20.59993,0.21915706,0.2948178
13.079999655485153,20.475931,0.21915706,0.29603857
13.08999988436699,20.37593,0.21915706,0.29725936
13.100000113248825,20.323933,0.21915706,0.29848012
13.110000342130661,20.323933,0.21915706,0.29970092
13.11999961733818,20.37593,0.21915706,0.30092168
13.129999846220016,20.499931,0.21915706,0.30214247
13.140000075101852,20.58793,0.21915706,0.30336323
13.150000303983688,20.61193,0.21922442,0.30336323
13.159999579191208,20.60793,0.21922442,0.30458403
13.169999808073044,20.55193,0.21922442,0.3058048
13.18000003695488,20.415932,0.21922442,0.30702558
13.190000265836716,20.343931,0.21922442,0.30824634
13.199999541044235,20.32793,0.21922442,0.30946714
13.209999769926071,20.33193,0.21922442,0.3106879
13.219999998807907,20.399931,0.21929179,0.3119087
13.230000227689743,20.51593,0.21929179,0.31312945
13.240000456571579,20.563929,0.21929179,0.31312945
13.249999731779099,20.58793,0.21929179,0.315571
13.259999960660934,20.555931,0.21935917,0.315571
13.27000018954277,20.47993,0.21935917,0.3167918
13.280000418424606,20.403929,0.21935917,0.31801257
13.289999693632126,20.35193,0.21942653,0.31801257
13.299999922513962,20.363932,0.21962865,0.31923336
13.310000151395798,20.41193,0.21983077,0.31801257
13.320000380277634,20.539928,0.22010024,0.3167918
13.329999655485153,20.639929,0.2204371,0.315571
13.33999988436699,20.70393,0.22077395,0.315571
13.350000113248825,20.73993,0.22104344,0.31435025
13.360000342130661,20.711931,0.22131293,0.31312945
13.36999961733818,20.62393,0.22151503,0.31312945
13.379999846220016,20.59593,0.22185189,0.3119087
13.390000075101852,20.639929,0.22232348,0.30946714
13.400000303983688,20.715929,0.22292982,0.30702558
13.409999579191208,20.84393,0.22367088,0.30336323
13.419999808073044,21.031929,0.22447935,0.29848012
13.43000003695488,21.151928,0.22515304,0.2948178
13.440000265836716,21.147928,0.22542253,0.2948178
13.449999541044235,21.075928,0.22542253,0.29603857
13.459999769926071,20.967928,0.2254899,0.29725936
13.469999998807907,20.907928,0.2254899,0.29725936
13.480000227689743,20.931929,0.2254899,0.29848012
13.490000456571579,20.995928,0.2254899,0.29970092
13.499999731779099,21.07993,0.2254899,0.30092168
13.509999960660934,21.179926,0.22555728,0.30092168
13.52000018954277,21.231928,0.22555728,0.30214247
13.530000418424606,21.215929,0.22562464,0.30336323
13.539999693632126,21.143927,0.22562464,0.30458403
13.549999922513962,21.067928,0.22569202,0.3058048
13.560000151395798,20.955929,0.22575939,0.3058048
13.570000380277634,20.931929,0.22589412,0.3058048
13.579999655485153,20.979929,0.2259615,0.30702558
13.58999988436699,21.051928,0.22602886,0.30702558
13.600000113248825,21.091928,0.22609624,0.30824634
13.610000342130661,21.191929,0.22609624,0.30946714
13.61999961733818,21.223927,0.22616361,0.30946714
13.629999846220016,21.199926,0.22629835,0.3106879
13.640000075101852,21.167927,0.22636573,0.3106879
13.650000303983688,21.115929,0.22643308,0.3119087
13.659999579191208,21.043926,0.22650047,0.3119087
13.669999808073044,20.995928,0.22656783,0.31312945
13.68000003695488,21.039928,0.22663522,0.31312945
13.690000265836716,21.075928,0.22670257,0.31435025
13.699999541044235,21.179926,0.22690469,0.31435025
13.709999769926071,21.251928,0.22697206,0.31435025
13.719999998807907,21.283928,0.2271068,0.315571
13.730000227689743,21.271929,0.22724155,0.315571
13.740000456571579,21.259926,0.22744367,0.315571
13.749999731779099,21.215929,0.22771314,0.31435025
13.759999960660934,21.183928,0.22805,0.31312945
13.77000018954277,21.219927,0.22838683,0.3119087
13.780000418424606,21.275928,0.22885844,0.30946714
13.789999693632126,21.363928,0.22939742,0.30702558
13.799999922513962,21.479927,0.229869,0.3058048
13.810000151395798,21.567928,0.23040797,0.30214247
13.820000380277634,21.651926,0.23108168,0.29970092
13.829999655485153,21.715927,0.23175538,0.29603857
13.83999988436699,21.719927,0.23222698,0.293597
13.850000113248825,21.675926,0.23242909,0.293597
13.860000342130661,21.591927,0.23242909,0.293597
13.86999961733818,21.563927,0.23249646,0.2948178
13.879999846220016,21.595926,0.23249646,0.29603857
13.890000075101852,21.655926,0.23249646,0.29725936
13.900000303983688,21.767925,0.23249646,0.29848012
13.909999579191208,21.851925,0.23249646,0.29970092
13.919999808073044,21.879925,0.23249646,0.30092168
13.93000003695488,21.875927,0.23256384,0.30092168
13.940000265836716,21.795927,0.23256384,0.30214247
13.949999541044235,21.691925,0.23263119,0.30336323
13.959999769926071,21.627926,0.23263119,0.30458403
13.969999998807907,21.587925,0.23263119,0.3058048
13.980000227689743,21.595926,0.23263119,0.30702558
13.990000456571579,21.679926,0.23269857,0.30702558
13.999999731779099,21.783924,0.23276594,0.30824634
14.009999960660934,21.863924,0.23276594,0.30946714
14.02000018954277,21.867926,0.23283331,0.30946714
14.030000418424606,21.851925,0.23283331,0.3119087
14.039999693632126,21.771925,0.23283331,0.3119087
14.049999922513962,21.679926,0.23290068,0.31312945
14.060000151395798,21.659927,0.23296806,0.31312945
14.070000380277634,21.631926,0.2331028,0.31312945
14.079999655485153,21.635927,0.23317017,0.31435025
14.08999988436699,21.715927,0.23317017,0.315571
14.100000113248825,21.791925,0.23317017,0.3167918
14.110000342130661,21.839928,0.23323753,0.3167918
14.11999961733818,21.859924,0.2333049,0.31801257
14.129999846220016,21.843925,0.2333049,0.31923336
14.140000075101852,21.767925,0.23337229,0.32045412
14.150000303983688,21.731926,0.23343964,0.32045412
14.159999579191208,21.715927,0.23350702,0.3216749
14.169999808073044,21.695927,0.23364177,0.3216749
14.18000003695488,21.719927,0.23370913,0.32289568
14.190000265836716,21.779926,0.23384388,0.32289568
14.199999541044235,21.835926,0.23397861,0.32289568
14.209999769926071,21.891926,0.23418073,0.32289568
14.219999998807907,21.923925,0.23438284,0.32289568
14.230000227689743,21.947926,0.23458496,0.3216749
14.240000456571579,21.899925,0.23485444,0.3216749
14.249999731779099,21.899925,0.23519129,0.32045412
14.259999960660934,21.911926,0.23559551,0.31801257
14.27000018954277,21.939924,0.23599973,0.3167918
14.280000418424606,22.015924,0.23653871,0.31435025
14.289999693632126,22.131924,0.23714504,0.3119087
14.299999922513962,22.219925,0.23781875,0.30702558
14.310000151395798,22.327923,0.23842509,0.30458403
14.320000380277634,22.343925,0.23882931,0.30336323
14.329999655485153,22.359924,0.23923354,0.30092168
14.33999988436699,22.347923,0.23963776,0.29970092
14.350000113248825,22.367924,0.24004199,0.29848012
14.360000342130661,22.391924,0.24044621,0.29725936
14.36999961733818,22.419924,0.24071568,0.29603857
14.379999846220016,22.503923,0.2411199,0.293597
14.390000075101852,22.611923,0.24159151,0.29237625
14.400000303983688,22.683922,0.24213049,0.2899347
14.409999579191208,22.771923,0.24260207,0.28749314
14.419999808073044,22.83192,0.24320842,0.28505158
14.43000003695488,22.839922,0.24388212,0.28138924
14.440000265836716,22.871922,0.24448843,0.27772692
14.449999541044235,22.899921,0.24502741,0.27528536
14.459999769926071,22.851921,0.24522953,0.27528536
14.469999998807907,22.811922,0.24522953,0.27650613
14.480000227689743,22.819921,0.24522953,0.27772692
14.490000456571579,22.863922,0.24529688,0.27772692
14.499999731779099,22.959923,0.24536425,0.27894768
14.509999960660934,23.059921,0.24536425,0.28016847
14.52000018954277,23.087921,0.24543163,0.28016847
14.530000418424606,23.07192,0.24543163,0.28138924
14.539999693632126,23.023922,0.24543163,0.28261003
14.549999922513962,22.959923,0.24543163,0.2838308
14.560000151395798,22.867924,0.24543163,0.28505158
14.570000380277634,22.83192,0.245499,0.28627235
14.579999655485153,22.851921,0.245499,0.28749314
14.58999988436699,22.883923,0.24556638,0.28749314
14.600000113248825,22.96792,0.24563375,0.2887139
14.610000342130661,23.055922,0.24563375,0.2899347
14.61999961733818,23.075922,0.2457011,0.2899347
14.629999846220016,23.075922,0.24583586,0.2899347
14.640000075101852,23.04792,0.2459706,0.2899347
14.650000303983688,22.983923,0.2461727,0.2899347
14.659999579191208,22.951921,0.24637483,0.2899347
14.669999808073044,22.943922,0.24657692,0.2899347
14.68000003695488,22.951921,0.2466443,0.2899347
14.690000265836716,22.96792,0.24671167,0.29115546
14.699999541044235,23.055922,0.2469138,0.29115546
14.709999769926071,23.17192,0.24725065,0.2899347
14.719999998807907,23.25192,0.24765487,0.2887139
14.730000227689743,23.31992,0.24799173,0.28749314
14.740000456571579,23.31992,0.24832857,0.28627235
14.749999731779099,23.25992,0.24866542,0.28505158
14.759999960660934,23.20792,0.24906963,0.28261003
14.77000018954277,23.25192,0.24954124,0.28138924
14.780000418424606,23.28392,0.25001284,0.27894768
14.789999693632126,23.347921,0.25041705,0.27772692
14.799999922513962,23.447922,0.25068656,0.27650613
14.810000151395798,23.511919,0.25088865,0.27650613
14.820000380277634,23.53992,0.25088865,0.27772692
14.829999655485153,23.56792,0.25088865,0.27772692
14.83999988436699,23.551918,0.25095603,0.27894768
14.850000113248825,23.511919,0.2510234,0.28016847
14.860000342130661,23.48792,0.2510234,0.28138924
14.86999961733818,23.483921,0.2510234,0.28138924
14.879999846220016,23.459919,0.2510234,0.2838308
14.890000075101852,23.50392,0.2510908,0.2838308
14.900000303983688,23.571918,0.2512255,0.28505158
14.909999579191208,23.587921,0.25129288,0.28505158
14.919999808073044,23.57592,0.25129288,0.28627235
14.93000003695488,23.571918,0.25129288,0.28749314
14.940000265836716,23.53192,0.25142762,0.28749314
14.949999541044235,23.527922,0.251495,0.28749314
14.959999769926071,23.53592,0.25162974,0.2887139
14.969999998807907,23.54392,0.2516971,0.2887139
14.980000227689743,23.54392,0.25183186,0.2899347
14.990000456571579,23.591919,0.2519666,0.2899347
14.999999731779099,23.62392,0.25210133,0.2899347
15.009999960660934,23.65992,0.25237083,0.2887139
15.02000018954277,23.731918,0.2526403,0.28749314
15.030000418424606,23.73992,0.25290978,0.28749314
15.039999693632126,23.71592,0.25317928,0.28627235
15.049999922513962,23.71992,0.25338137,0.28749314
15.060000151395798,23.727919,0.25344875,0.28749314
15.070000380277634,23.71992,0.2535835,0.28749314
15.079999655485153,23.775919,0.25378558,0.28749314
15.08999988436699,23.823917,0.25405508,0.28627235
15.100000113248825,23.89592,0.25439194,0.28505158
15.110000342130661,23.95592,0.2547288,0.2838308
15.11999961733818,24.043919,0.255133,0.28261003
15.129999846220016,24.059917,0.25560462,0.28016847
15.140000075101852,24.075916,0.25621095,0.27772692
15.150000303983688,24.099918,0.2566152,0.27650613
15.159999579191208,24.107918,0.25695202,0.27406457
15.169999808073044,24.091919,0.25715414,0.27406457
15.18000003695488,24.13192,0.25715414,0.27528536
15.190000265836716,24.155916,0.2572215,0.27650613
15.199999541044235,24.195917,0.2572215,0.27772692
15.209999769926071,24.271917,0.2572215,0.27772692
15.219999998807907,24.327917,0.25728887,0.27894768
15.230000227689743,24.311916,0.25735626,0.28016847
15.240000456571579,24.291916,0.25735626,0.28138924
15.249999731779099,24.235918,0.25735626,0.28138924
15.259999960660934,24.155916,0.25742364,0.28261003
15.27000018954277,24.13192,0.25742364,0.2838308
15.280000418424606,24.155916,0.25742364,0.28505158
15.289999693632126,24.183918,0.257491,0.28627235
15.299999922513962,24.239918,0.25755835,0.28627235
15.310000151395798,24.303919,0.25762573,0.28749314
15.320000380277634,24.323917,0.2576931,0.28749314
15.329999655485153,24.307917,0.25776047,0.2887139
15.33999988436699,24.299917,0.25789523,0.2887139
15.350000113248825,24.251917,0.2579626,0.2899347
15.360000342130661,24.191917,0.25809732,0.2899347
15.36999961733818,24.199917,0.25829944,0.2899347
15.379999846220016,24.267916,0.2585689,0.2887139
15.390000075101852,24.315918,0.25877106,0.2887139
15.400000303983688,24.399918,0.2588384,0.2887139
15.409999579191208,24.447916,0.25890577,0.2899347
15.419999808073044,24.423916,0.25890577,0.29115546
15.43000003695488,24.395918,0.25890577,0.29237625
15.440000265836716,24.383919,0.25890577,0.293597
15.449999541044235,24.347916,0.25897315,0.293597
15.459999769926071,24.339918,0.25904053,0.2948178
15.469999998807907,24.363918,0.25904053,0.29603857
15.480000227689743,24.371916,0.25904053,0.29725936
15.490000456571579,24.387917,0.2591079,0.29725936
15.499999731779099,24.415916,0.2591079,0.29848012
15.509999960660934,24.427916,0.2591079,0.29970092
15.52000018954277,24.407917,0.25917527,0.30092168
15.530000418424606,24.379917,0.25917527,0.30214247
15.539999693632126,24.371916,0.25917527,0.30336323
15.549999922513962,24.339918,0.25924265,0.30336323
15.560000151395798,24.355917,0.25937736,0.30336323
15.570000380277634,24.403915,0.25951213,0.30458403
15.579999655485153,24.451916,0.25964686,0.30458403
15.58999988436699,24.491917,0.25998372,0.30336323
15.600000113248825,24.555918,0.2602532,0.30214247
15.610000342130661,24.591917,0.2606574,0.30092168
15.61999961733818,24.619915,0.26112902,0.29848012
15.629999846220016,24.695915,0.261668,0.29603857
15.640000075101852,24.751917,0.2622743,0.293597
15.650000303983688,24.759914,0.26267853,0.29115546
15.659999579191208,24.803915,0.26301542,0.29115546
15.669999808073044,24.815914,0.26308274,0.29115546
15.68000003695488,24.843916,0.2632175,0.29115546
15.690000265836716,24.883915,0.2632849,0.29115546
15.699999541044235,24.931915,0.2632849,0.293597
15.709999769926071,24.927916,0.26335225,0.293597
15.719999998807907,24.943916,0.26341963,0.2948178
15.730000227689743,24.939915,0.26341963,0.29603857
15.740000456571579,24.927916,0.263487,0.29603857
15.749999731779099,24.895914,0.26355436,0.29725936
15.759999960660934,24.887917,0.26355436,0.29848012
15.77000018954277,24.871914,0.26362172,0.29848012
15.780000418424606,24.883915,0.26362172,0.29970092
15.789999693632126,24.907917,0.2636891,0.30092168
15.799999922513962,24.951914,0.26375648,0.30092168
15.810000151395798,24.975914,0.26382387,0.30214247
15.820000380277634,24.991915,0.26389122,0.30214247
15.829999655485153,24.971914,0.26389122,0.30336323
15.83999988436699,24.923916,0.26395857,0.30458403
15.850000113248825,24.911915,0.26395857,0.3058048
15.860000342130661,24.919916,0.26402596,0.3058048
15.870000571012497,24.899916,0.26409334,0.30702558
15.880000799894333,24.935915,0.2641607,0.30702558
15.889999121427536,24.983915,0.26422808,0.30824634
15.899999350309372,25.023916,0.2643628,0.30824634
15.909999579191208,25.019915,0.26449755,0.30946714
15.919999808073044,25.023916,0.26456493,0.30946714
15.93000003695488,24.999916,0.26469967,0.30946714
15.940000265836716,24.999916,0.26496914,0.30946714
15.950000494718552,25.035915,0.2652386,0.30824634
15.960000723600388,25.071915,0.26550812,0.30702558
15.970000952482224,25.091915,0.2657776,0.30702558
15.979999274015427,25.159916,0.2660471,0.3058048
15.989999502897263,25.243914,0.26645133,0.30458403
15.999999731779099,25.299913,0.26685554,0.30336323
16.009999960660934,25.367914,0.26732713,0.30092168
16.02000018954277,25.419912,0.26779872,0.29848012
16.030000418424606,25.459913,0.2683377,0.29603857
16.040000647306442,25.487913,0.2687419,0.2948178
16.050000876188278,25.515913,0.26894403,0.293597
16.05999919772148,25.479914,0.2690114,0.2948178
16.069999426603317,25.487913,0.2691461,0.2948178
16.079999655485153,25.543913,0.2691461,0.29603857
16.08999988436699,25.571913,0.2692135,0.29725936
16.100000113248825,25.615913,0.26928088,0.29725936
16.11000034213066,25.643913,0.26928088,0.29848012
16.120000571012497,25.651913,0.26934826,0.29970092
16.130000799894333,25.591911,0.26941562,0.29970092
16.139999121427536,25.563913,0.26948297,0.30092168
16.149999350309372,25.535913,0.26948297,0.30214247
16.159999579191208,25.527914,0.26955035,0.30214247
16.169999808073044,25.547915,0.26961774,0.30336323
16.18000003695488,25.607914,0.26975247,0.30336323
16.190000265836716,25.667912,0.26981986,0.30458403
16.20000049471855,25.699913,0.26995456,0.30458403
16.210000723600388,25.715912,0.26995456,0.3058048
16.220000952482224,25.671911,0.27002195,0.30702558
16.229999274015427,25.643913,0.27008933,0.30702558
16.239999502897263,25.607914,0.2701567,0.30702558
16.2499997317791,25.615913,0.27022406,0.30824634
16.259999960660934,25.619913,0.2703588,0.30824634
16.27000018954277,25.679913,0.27049354,0.30946714
16.280000418424606,25.723913,0.27056092,0.30946714
16.290000647306442,25.743914,0.2706957,0.3106879
16.300000876188278,25.80791,0.2708304,0.30946714
16.30999919772148,25.819914,0.27089778,0.3106879
16.319999426603317,25.76391,0.2710325,0.3106879
16.329999655485153,25.747911,0.27130198,0.3106879
16.33999988436699,25.779913,0.27150413,0.30946714
16.350000113248825,25.811913,0.27184096,0.30824634
16.36000034213066,25.911913,0.27231258,0.30702558
16.370000571012497,26.063911,0.273121,0.30214247
16.380000799894333,26.25191,0.27419892,0.29603857
16.389999121427536,26.467909,0.27561373,0.28749314
16.399999350309372,26.61591,0.27682638,0.28016847
16.409999579191208,26.651909,0.27750012,0.27650613
16.419999808073044,26.599909,0.27797168,0.27406457
16.43000003695488,26.59191,0.27837595,0.2728438
16.440000265836716,26.63591,0.27884752,0.27162302
16.45000049471855,26.755907,0.2793865,0.2679607
16.460000723600388,27.003908,0.2800602,0.26429835
16.470000952482224,27.223907,0.280936,0.25941524
16.479999274015427,27.395906,0.28194657,0.25453213
16.489999502897263,27.507908,0.2826203,0.2508698
16.4999997317791,27.435905,0.2828224,0.2508698
16.509999960660934,27.243906,0.2828224,0.2508698
16.52000018954277,27.087908,0.2828224,0.25209057
16.530000418424606,27.091908,0.2828224,0.25331137
16.540000647306442,27.175907,0.2828224,0.25453213
16.550000876188278,27.355907,0.2828224,0.25575292
16.55999919772148,27.511906,0.2828224,0.25697368
16.569999426603317,27.615906,0.2828224,0.25819448
16.579999655485153,27.583906,0.2828224,0.25941524
16.58999988436699,27.455906,0.2828224,0.26063603
16.600000113248825,27.291908,0.2828224,0.2618568
16.61000034213066,27.111908,0.2828224,0.2630776
16.620000571012497,27.083908,0.2828224,0.26429835
16.630000799894333,27.123907,0.2828224,0.26551914
16.639999121427536,27.279905,0.2828224,0.2667399
16.649999350309372,27.451908,0.2828224,0.2679607
16.659999579191208,27.571905,0.2828224,0.2679607
16.669999808073044,27.551905,0.2828224,0.27040225
16.68000003695488,27.431908,0.2828224,0.27040225
16.690000265836716,27.291908,0.2828224,0.27162302
16.70000049471855,27.111908,0.2828224,0.2728438
16.710000723600388,27.031908,0.2828224,0.27406457
16.720000952482224,27.079908,0.2828224,0.27528536
16.729999274015427,27.231907,0.2828224,0.27650613
16.739999502897263,27.351908,0.2828224,0.27772692
16.7499997317791,27.503906,0.2828224,0.27894768
16.759999960660934,27.515905,0.2828224,0.28016847
16.77000018954277,27.439907,0.2828224,0.28138924
16.780000418424606,27.303907,0.2828224,0.28261003
16.790000647306442,27.151907,0.2828224,0.2838308
16.800000876188278,27.04391,0.2828224,0.28505158
16.80999919772148,27.067907,0.2828224,0.28627235
16.819999426603317,27.155909,0.2828224,0.28749314
16.829999655485153,27.307907,0.2828224,0.28749314
16.83999988436699,27.439907,0.2828224,0.2899347
16.850000113248825,27.515905,0.2828224,0.2899347
16.86000034213066,27.447906,0.2828224,0.29115546
16.870000571012497,27.295908,0.2828224,0.29237625
16.880000799894333,27.163906,0.2828224,0.293597
16.889999121427536,27.051907,0.2828224,0.2948178
16.899999350309372,27.031908,0.2828224,0.29603857
16.909999579191208,27.103907,0.2828224,0.29725936
16.919999808073044,27.275908,0.2828224,0.29848012
16.93000003695488,27.371908,0.2828224,0.29970092
16.940000265836716,27.463907,0.2828224,0.30092168
16.95000049471855,27.439907,0.2828224,0.30214247
16.960000723600388,27.319906,0.2828224,0.30336323
16.970000952482224,27.151907,0.2828224,0.30458403
16.979999274015427,27.06391,0.2828224,0.3058048
16.989999502897263,27.011908,0.2828224,0.30702558
16.9999997317791,27.071907,0.2828224,0.30702558
17.009999960660934,27.207907,0.2828224,0.30946714
17.02000018954277,27.331907,0.2828224,0.30946714
17.030000418424606,27.395906,0.2828224,0.3119087
17.040000647306442,27.395906,0.2828224,0.3119087
17.050000876188278,27.307907,0.2828224,0.31312945
17.05999919772148,27.151907,0.2828224,0.31435025
17.069999426603317,27.055908,0.2828224,0.315571
17.079999655485153,27.003908,0.2828224,0.3167918
17.08999988436699,27.019909,0.2828224,0.31801257
17.100000113248825,27.135908,0.2828224,0.31923336
17.11000034213066,27.291908,0.2828224,0.32045412
17.120000571012497,27.351908,0.28288978,0.3216749
17.130000799894333,27.383907,0.28295714,0.3216749
17.139999121427536,27.331907,0.28295714,0.32289568
17.149999350309372,27.219908,0.28309187,0.32289568
17.159999579191208,27.091908,0.2832266,0.32289568
17.169999808073044,27.071907,0.28336138,0.32289568
17.18000003695488,27.075909,0.28342876,0.32411647
17.190000265836716,27.139908,0.28349608,0.32533723
17.20000049471855,27.267906,0.28356346,0.32533723
17.210000723600388,27.407907,0.28376558,0.32533723
17.220000952482224,27.475906,0.28403506,0.32533723
17.229999274015427,27.515905,0.2843719,0.32289568
17.239999502897263,27.487907,0.2848435,0.3216749
17.2499997317791,27.463907,0.28565195,0.3167918
17.259999960660934,27.543907,0.28679729,0.3106879
17.27000018954277,27.755905,0.28821206,0.30092168
17.280000418424606,27.915905,0.28935736,0.2948178
17.290000647306442,28.071905,0.2899637,0.29237625
17.300000876188278,28.135904,0.2901658,0.29115546
17.30999919772148,28.155903,0.2901658,0.29237625
17.319999426603317,28.171904,0.2901658,0.293597
17.329999655485153,28.219904,0.2901658,0.2948178
17.33999988436699,28.219904,0.2901658,0.29603857
17.350000113248825,28.207905,0.2901658,0.29725936
17.36000034213066,28.203905,0.2901658,0.29848012
17.370000571012497,28.187904,0.2902332,0.29970092
17.380000799894333,28.163904,0.2902332,0.29970092
17.389999121427536,28.151905,0.29030055,0.30092168
17.399999350309372,28.143904,0.2903679,0.30092168
17.409999579191208,28.155903,0.29050267,0.30214247
17.419999808073044,28.187904,0.29057005,0.30214247
17.43000003695488,28.239904,0.2907048,0.30336323
17.440000265836716,28.243904,0.29090688,0.30214247
17.45000049471855,28.295904,0.29117635,0.30214247
17.460000723600388,28.327902,0.29151323,0.30092168
17.470000952482224,28.363905,0.2918501,0.29970092
17.479999274015427,28.391903,0.29238907,0.29725936
17.489999502897263,28.495903,0.292928,0.2948178
17.4999997317791,28.587902,0.29353434,0.29115546
17.509999960660934,28.623901,0.29393858,0.2899347
17.52000018954277,28.6599,0.2940733,0.2899347
17.530000418424606,28.655903,0.2940733,0.29115546
17.540000647306442,28.631903,0.29414067,0.29115546
17.550000876188278,28.675903,0.29414067,0.29237625
17.55999919772148,28.711903,0.29420805,0.293597
17.569999426603317,28.731903,0.29427543,0.293597
17.579999655485153,28.747902,0.2943428,0.2948178
17.58999988436699,28.747902,0.2943428,0.29603857
17.600000113248825,28.7159,0.2943428,0.29725936
17.61000034213066,28.663902,0.2943428,0.29848012
17.620000571012497,28.651903,0.2943428,0.29970092
17.630000799894333,28.639902,0.2943428,0.30092168
17.639999121427536,28.631903,0.2943428,0.30214247
17.649999350309372,28.699902,0.29441017,0.30214247
17.659999579191208,28.759901,0.29447755,0.30336323
17.669999808073044,28.755901,0.2945449,0.30336323
17.68000003695488,28.779902,0.29461226,0.30458403
17.690000265836716,28.7359,0.29467964,0.3058048
17.70000049471855,28.683903,0.29474702,0.3058048
17.710000723600388,28.675903,0.2948144,0.30702558
17.720000952482224,28.699902,0.2948144,0.30702558
17.729999274015427,28.703901,0.29494914,0.30824634
17.739999502897263,28.747902,0.2950165,0.30824634
17.7499997317791,28.791903,0.29508388,0.30946714
17.759999960660934,28.799902,0.29508388,0.3106879
17.77000018954277,28.8159,0.29521862,0.3106879
17.780000418424606,28.819902,0.29535338,0.3119087
17.790000647306442,28.787903,0.2954881,0.3119087
17.800000876188278,28.767902,0.29562286,0.3119087
17.80999919772148,28.787903,0.29589233,0.3119087
17.819999426603317,28.831903,0.29609445,0.3106879
17.829999655485153,28.891901,0.29636392,0.30946714
17.83999988436699,28.979902,0.29670078,0.30824634
17.850000113248825,29.1079,0.2973071,0.3058048
17.86000034213066,29.1919,0.29804817,0.30214247
17.870000571012497,29.3159,0.29885662,0.29725936
17.880000799894333,29.4439,0.29979983,0.29237625
17.889999121427536,29.511898,0.30060828,0.28749314
17.899999350309372,29.5399,0.30107987,0.28627235
17.909999579191208,29.5199,0.30114725,0.28627235
17.919999808073044,29.5079,0.30114725,0.28749314
17.93000003695488,29.531898,0.30114725,0.28749314
17.940000265836716,29.635899,0.30114725,0.2899347
17.95000049471855,29.7239,0.30114725,0.2899347
17.960000723600388,29.751898,0.30114725,0.29115546
17.970000952482224,29.739899,0.30114725,0.29237625
17.979999274015427,29.691898,0.30114725,0.293597
17.989999502897263,29.5839,0.30114725,0.2948178
17.9999997317791,29.5039,0.30114725,0.29603857
18.009999960660934,29.491901,0.30114725,0.29725936
18.02000018954277,29.4839,0.30114725,0.29848012
18.030000418424606,29.555899,0.30114725,0.29970092
18.040000647306442,29.651897,0.30114725,0.30092168
18.050000876188278,29.707897,0.30114725,0.30214247
18.05999919772148,29.7199,0.30114725,0.30336323
18.069999426603317,29.687899,0.30114725,0.30458403
18.079999655485153,29.5839,0.3012146,0.30458403
18.08999988436699,29.475899,0.3012146,0.3058048
18.100000113248825,29.4639,0.3012146,0.30702558
18.11000034213066,29.4839,0.3012146,0.30824634
18.120000571012497,29.5399,0.3012146,0.30946714
18.130000799894333,29.631899,0.3012146,0.3106879
18.139999121427536,29.6759,0.301282,0.3119087
18.149999350309372,29.695898,0.30141672,0.3119087
18.159999579191208,29.691898,0.30148408,0.3119087
18.169999808073044,29.6199,0.30155146,0.31312945
18.18000003695488,29.5239,0.30155146,0.31435025
18.190000265836716,29.4679,0.30155146,0.315571
18.20000049471855,29.491901,0.30161884,0.315571
18.210000723600388,29.535898,0.30168623,0.3167918
18.220000952482224,29.615898,0.30168623,0.31801257
18.229999274015427,29.727898,0.30175358,0.31923336
18.239999502897263,29.763899,0.3019557,0.31923336
18.2499997317791,29.7439,0.30215782,0.31801257
18.259999960660934,29.735899,0.3024273,0.3167918
18.27000018954277,29.7239,0.3028315,0.315571
18.280000418424606,29.715899,0.30323574,0.31435025
18.290000647306442,29.767899,0.30370733,0.3119087
18.300000876188278,29.871899,0.3042463,0.30946714
18.30999919772148,29.999897,0.3047179,0.30702558
18.319999426603317,30.171898,0.30532423,0.30458403
18.329999655485153,30.331896,0.3060653,0.29970092
18.33999988436699,30.427896,0.3068064,0.29603857
18.350000113248825,30.475897,0.30734533,0.293597
18.36000034213066,30.423897,0.30754748,0.293597
18.370000571012497,30.335897,0.30761483,0.293597
18.380000799894333,30.271896,0.30761483,0.29603857
18.389999121427536,30.343897,0.30768222,0.29603857
18.399999350309372,30.427896,0.30774957,0.29725936
18.409999579191208,30.527895,0.30781695,0.29725936
18.419999808073044,30.611897,0.30781695,0.29848012
18.43000003695488,30.631897,0.30781695,0.29970092
18.440000265836716,30.559896,0.3078843,0.30092168
18.45000049471855,30.499897,0.3078843,0.30092168
18.460000723600388,30.411896,0.3079517,0.30214247
18.470000952482224,30.311895,0.3079517,0.30336323
18.479999274015427,30.335897,0.30801907,0.30336323
18.489999502897263,30.419897,0.30801907,0.3058048
18.4999997317791,30.523895,0.30801907,0.3058048
18.509999960660934,30.595896,0.30801907,0.30702558
18.52000018954277,30.635897,0.30801907,0.30824634
18.530000418424606,30.591896,0.30801907,0.30946714
18.540000647306442,30.487896,0.30808645,0.3106879
18.550000876188278,30.403898,0.30808645,0.3119087
18.55999919772148,30.343897,0.30808645,0.31312945
18.569999426603317,30.335897,0.30815378,0.31312945
18.579999655485153,30.375896,0.30815378,0.31435025
18.58999988436699,30.463896,0.30815378,0.315571
18.600000113248825,30.559896,0.30822116,0.3167918
18.61000034213066,30.627895,0.30842328,0.3167918
18.620000571012497,30.655897,0.3086254,0.315571
18.630000799894333,30.607895,0.30889487,0.315571
18.639999121427536,30.579897,0.3092991,0.31312945
18.649999350309372,30.567896,0.30970332,0.3119087
18.659999579191208,30.591896,0.3102423,0.30946714
18.669999808073044,30.727896,0.310916,0.3058048
18.68000003695488,30.927896,0.3115897,0.30336323
18.690000265836716,31.079895,0.31219605,0.29970092
18.70000049471855,31.187893,0.31266764,0.29725936
18.710000723600388,31.235895,0.3130045,0.29603857
18.720000952482224,31.211893,0.31313923,0.29603857
18.729999274015427,31.163893,0.3132066,0.29725936
18.739999502897263,31.111895,0.31327397,0.29725936
18.7499997317791,31.095894,0.31334135,0.29848012
18.759999960660934,31.119894,0.31334135,0.29970092
18.77000018954277,31.211893,0.3134087,0.29970092
18.780000418424606,31.279892,0.3134087,0.30092168
18.790000647306442,31.319893,0.3134087,0.30214247
18.800000876188278,31.323893,0.3134087,0.30336323
18.80999919772148,31.243893,0.3134087,0.30458403
18.819999426603317,31.151894,0.3134087,0.3058048
18.829999655485153,31.103895,0.3134087,0.30702558
18.83999988436699,31.099895,0.3134761,0.30702558
18.850000113248825,31.131893,0.31354347,0.30824634
18.86000034213066,31.191895,0.31361085,0.30946714
18.870000571012497,31.267893,0.31367818,0.30946714
18.880000799894333,31.307894,0.31381294,0.30946714
18.889999121427536,31.319893,0.31388032,0.3106879
18.899999350309372,31.303892,0.31394768,0.3119087
18.909999579191208,31.267893,0.31421715,0.3119087
18.919999808073044,31.223892,0.31448665,0.30946714
18.93000003695488,31.259892,0.31475613,0.30946714
18.940000265836716,31.331894,0.31522775,0.30702558
18.95000049471855,31.459892,0.31583405,0.30458403
18.960000723600388,31.635893,0.31657514,0.30092168
18.970000952482224,31.82789,0.31724885,0.29725936
18.979999274015427,31.899893,0.31792253,0.293597
18.989999502897263,31.93989,0.3184615,0.29115546
18.9999997317791,31.947891,0.31893313,0.2887139
19.009999960660934,31.90789,0.31906787,0.2887139
19.02000018954277,31.875893,0.31913525,0.2899347
19.030000418424606,31.93989,0.31933734,0.2899347
19.040000647306442,32.02389,0.31940472,0.2899347
19.050000876188278,32.09989,0.3194721,0.2899347
19.05999919772148,32.18389,0.31953946,0.29115546
19.069999426603317,32.20789,0.3196068,0.29115546
19.079999655485153,32.15989,0.3196068,0.293597
19.08999988436699,32.07189,0.3196068,0.293597
19.100000113248825,32.015892,0.3196068,0.29603857
19.11000034213066,31.92789,0.3196742,0.29603857
19.120000571012497,31.943892,0.3196742,0.29725936
19.130000799894333,32.01989,0.31974158,0.29725936
19.139999121427536,32.09589,0.31974158,0.29970092
19.149999350309372,32.15189,0.31974158,0.29970092
19.159999579191208,32.19189,0.31980893,0.30092168
19.169999808073044,32.147892,0.31980893,0.30214247
19.18000003695488,32.063892,0.31980893,0.30336323
19.190000265836716,32.007893,0.31980893,0.30458403
19.20000049471855,31.947891,0.31980893,0.3058048
19.210000723600388,31.947891,0.3198763,0.3058048
19.220000952482224,31.99989,0.3198763,0.30702558
19.229999274015427,32.08389,0.3199437,0.30824634
19.239999502897263,32.147892,0.32001108,0.30824634
19.2499997317791,32.19989,0.32001108,0.30946714
19.259999960660934,32.15589,0.3200784,0.3106879
19.27000018954277,32.08389,0.3200784,0.3119087
19.280000418424606,32.03989,0.3201458,0.3119087
19.290000647306442,31.98789,0.32028055,0.31312945
19.300000876188278,32.02389,0.3204153,0.31312945
19.30999919772148,32.07989,0.32068476,0.3119087
19.319999426603317,32.187893,0.32088685,0.3119087
19.329999655485153,32.21989,0.32102162,0.3119087
19.33999988436699,32.28789,0.32115635,0.3119087
19.350000113248825,32.31189,0.32135844,0.3119087
19.36000034213066,32.31189,0.32169533,0.3106879
19.370000571012497,32.28389,0.32203218,0.30946714
19.380000799894333,32.33189,0.32250378,0.30702558
19.389999121427536,32.39589,0.32304272,0.3058048
19.399999350309372,32.48789,0.3235817,0.30214247
19.409999579191208,32.62389,0.32418805,0.29970092
19.419999808073044,32.775887,0.32486174,0.29603857
19.43000003695488,32.88789,0.32553548,0.29237625
19.440000265836716,32.927887,0.32580495,0.29115546
19.45000049471855,32.92389,0.32580495,0.29237625
19.460000723600388,32.843887,0.3258723,0.293597
19.470000952482224,32.83189,0.3258723,0.2948178
19.479999274015427,32.85189,0.3259397,0.29603857
19.489999502897263,32.879887,0.3259397,0.29603857
19.4999997317791,32.935886,0.3259397,0.29725936
19.509999960660934,32.98789,0.3259397,0.29848012
19.52000018954277,33.007885,0.32600704,0.29970092
19.530000418424606,32.947887,0.32600704,0.30092168
19.540000647306442,32.927887,0.32600704,0.30214247
19.550000876188278,32.85189,0.32600704,0.30336323
19.55999919772148,32.78389,0.32600704,0.30458403
19.569999426603317,32.79989,0.32607442,0.30458403
19.579999655485153,32.87589,0.32607442,0.3058048
19.58999988436699,32.92389,0.32614177,0.30702558
19.600000113248825,32.955887,0.32614177,0.30702558
19.61000034213066,32.991886,0.32614177,0.30946714
19.620000571012497,32.951885,0.32620916,0.30946714
19.630000799894333,32.899887,0.32627654,0.3106879
19.639999121427536,32.87189,0.32634392,0.3106879
19.649999350309372,32.84789,0.32641125,0.3119087
19.659999579191208,32.843887,0.32647863,0.3119087
19.669999808073044,32.88389,0.326546,0.31312945
19.68000003695488,32.947887,0.3266134,0.31312945
19.690000265836716,32.98789,0.32668075,0.31435025
19.70000049471855,33.027885,0.32668075,0.315571
19.710000723600388,33.003887,0.32674813,0.3167918
19.720000952482224,32.951885,0.32681552,0.3167918
19.729999274015427,32.935886,0.32695022,0.3167918
19.739999502897263,32.919888,0.327085,0.3167918
19.7499997317791,32.927887,0.32721972,0.31801257
19.759999960660934,32.98789,0.32742184,0.3167918
19.77000018954277,33.039886,0.32762396,0.3167918
19.780000418424606,33.111885,0.32789344,0.3167918
19.790000647306442,33.155888,0.32809556,0.315571
19.800000876188278,33.219887,0.32836503,0.315571
19.80999919772148,33.231888,0.32870188,0.31435025
19.819999426603317,33.247887,0.3291061,0.31312945
19.829999655485153,33.27189,0.32957768,0.3106879
19.83999988436699,33.335888,0.3300493,0.30946714
19.850000113248825,33.415886,0.3305209,0.30702558
19.86000034213066,33.547886,0.3309925,0.30458403
19.870000571012497,33.631886,0.33139673,0.30214247
19.880000799894333,33.659885,0.33146408,0.30336323
19.889999121427536,33.64789,0.33153144,0.30336323
19.899999350309372,33.655884,0.33159882,0.30458403
19.909999579191208,33.627888,0.3316662,0.3058048
19.919999808073044,33.631886,0.33173355,0.3058048
19.93000003695488,33.655884,0.33173355,0.30702558
19.940000265836716,33.643887,0.33173355,0.30824634
19.95000049471855,33.655884,0.33173355,0.30946714
19.960000723600388,33.675884,0.33180094,0.3106879
19.970000952482224,33.667885,0.33180094,0.3119087
19.979999274015427,33.651886,0.33180094,0.3119087
19.989999502897263,33.659885,0.33180094,0.31312945
19.9999997317791,33.627888,0.33180094,0.31435025
20.009999960660934,33.603886,0.33180094,0.315571
20.02000018954277,33.631886,0.33180094,0.3167918
20.030000418424606,33.64789,0.33180094,0.31801257
20.040000647306442,33.659885,0.33180094,0.31923336
20.050000876188278,33.643887,0.33180094,0.32045412
20.05999919772148,33.659885,0.33180094,0.3216749
20.069999426603317,33.627888,0.33180094,0.32289568
20.079999655485153,33.611885,0.33180094,0.32411647
20.08999988436699,33.619884,0.33186832,0.32533723
20.100000113248825,33.607887,0.33186832,0.32533723
20.11000034213066,33.591885,0.33200303,0.32655802
20.120000571012497,33.655884,0.33220518,0.32533723
20.130000799894333,33.695885,0.33240727,0.32533723
20.139999121427536,33.715885,0.3326094,0.32533723
20.149999350309372,33.735886,0.33267677,0.32655802
20.159999579191208,33.719887,0.33274412,0.32655802
20.169999808073044,33.707886,0.33287886,0.32655802
20.18000003695488,33.735886,0.33294624,0.3277788
20.190000265836716,33.755886,0.33308098,0.3277788
20.20000049471855,33.767883,0.33314836,0.32899958
20.210000723600388,33.791885,0.3332157,0.32899958
20.220000952482224,33.831886,0.33341783,0.32899958
20.229999274015427,33.847885,0.33361995,0.32899958
20.239999502897263,33.895885,0.3339568,0.3277788
20.2499997317791,33.963882,0.3344284,0.32533723
20.259999960660934,34.035885,0.33503473,0.32289568
20.27000018954277,34.10388,0.3356411,0.31923336
20.280000418424606,34.231884,0.33638215,0.315571
20.290000647306442,34.327885,0.33712322,0.3119087
20.300000876188278,34.419884,0.3376622,0.30946714
20.30999919772148,34.483883,0.3378643,0.30824634
20.319999426603317,34.459885,0.3378643,0.30946714
20.329999655485153,34.447884,0.33793166,0.3106879
20.33999988436699,34.455883,0.33793166,0.3119087
20.350000113248825,34.49988,0.33793166,0.31312945
20.36000034213066,34.53588,0.33793166,0.31435025
20.370000571012497,34.547882,0.33799905,0.31435025
20.380000799894333,34.559883,0.33799905,0.315571
20.389999121427536,34.511883,0.33799905,0.3167918
20.399999350309372,34.48788,0.3380664,0.3167918
20.409999579191208,34.459885,0.3380664,0.31923336
20.419999808073044,34.443882,0.33813378,0.31923336
20.43000003695488,34.443882,0.33820117,0.32045412
20.440000265836716,34.495884,0.33820117,0.3216749
20.45000049471855,34.519882,0.33820117,0.32289568
20.460000723600388,34.52388,0.33826855,0.32289568
20.470000952482224,34.559883,0.33833587,0.32411647
20.479999274015427,34.53588,0.33840325,0.32411647
20.489999502897263,34.491882,0.33847064,0.32533723
20.4999997317791,34.49988,0.33853802,0.32533723
20.509999960660934,34.491882,0.3387401,0.32533723
20.52000018954277,34.53588,0.3390096,0.32533723
20.530000418424606,34.635883,0.33934647,0.32411647
20.540000647306442,34.71988,0.3396833,0.32289568
20.550000876188278,34.755882,0.34008753,0.3216749
20.55999919772148,34.83988,0.3406265,0.31923336
20.569999426603317,34.96788,0.34143496,0.31435025
20.579999655485153,35.10388,0.34237814,0.30946714
20.58999988436699,35.21988,0.3433887,0.30214247
20.600000113248825,35.39188,0.3446014,0.29603857
20.61000034213066,35.515877,0.34540984,0.29115546
20.620000571012497,35.57988,0.34588143,0.2887139
20.630000799894333,35.62388,0.34601614,0.2887139
20.639999121427536,35.62388,0.3461509,0.2899347
20.649999350309372,35.659878,0.34628564,0.2899347
20.659999579191208,35.73988,0.34642038,0.2899347
20.669999808073044,35.82388,0.3466225,0.2899347
20.68000003695488,35.87188,0.34689197,0.2887139
20.690000265836716,35.903877,0.3472962,0.28749314
20.70000049471855,35.95588,0.3477678,0.28627235
20.710000723600388,35.96388,0.3482394,0.28261003
20.720000952482224,35.97588,0.34877837,0.28016847
20.729999274015427,36.083878,0.34945205,0.27650613
20.739999502897263,36.22788,0.3502605,0.2728438
20.7499997317791,36.295876,0.35093424,0.26918146
20.759999960660934,36.487877,0.3512037,0.2679607
20.77000018954277,36.483875,0.3512711,0.26918146
20.780000418424606,36.451874,0.3512711,0.27040225
20.790000647306442,36.451874,0.35133845,0.27040225
20.800000876188278,36.415874,0.35133845,0.27162302
20.80999919772148,36.423878,0.35140583,0.2728438
20.819999426603317,36.415874,0.35140583,0.27406457
20.829999655485153,36.431877,0.35140583,0.27528536
20.83999988436699,36.411877,0.35140583,0.27650613
20.850000113248825,36.44388,0.35140583,0.27772692
20.86000034213066,36.451874,0.35140583,0.27772692
20.870000571012497,36.459877,0.35140583,0.28016847
20.880000799894333,36.411877,0.35140583,0.28016847
20.889999121427536,36.411877,0.3514732,0.28138924
20.899999350309372,36.383877,0.3514732,0.28261003
20.909999579191208,36.387875,0.3514732,0.2838308
20.919999808073044,36.375877,0.3514732,0.28505158
20.93000003695488,36.415874,0.3514732,0.28627235
20.940000265836716,36.403877,0.3514732,0.28749314
20.95000049471855,36.411877,0.3514732,0.28749314
20.960000723600388,36.419876,0.3514732,0.2899347
20.970000952482224,36.359875,0.3514732,0.2899347
20.979999274015427,36.383877,0.3514732,0.29115546
20.989999502897263,36.363876,0.35154057,0.29237625
20.9999997317791,36.363876,0.35154057,0.293597
21.009999960660934,36.363876,0.35160792,0.293597
21.02000018954277,36.391876,0.35160792,0.29603857
21.030000418424606,36.391876,0.35160792,0.29603857
21.040000647306442,36.383877,0.3516753,0.29725936
21.050000876188278,36.387875,0.3516753,0.29848012
21.05999919772148,36.363876,0.3516753,0.29970092
21.069999426603317,36.347878,0.35174268,0.29970092
21.079999655485153,36.347878,0.35174268,0.30092168
21.08999988436699,36.355877,0.35174268,0.30214247
21.100000113248825,36.355877,0.35181007,0.30336323
21.11000034213066,36.355877,0.35181007,0.30458403
21.120000571012497,36.363876,0.35181007,0.3058048
21.130000799894333,36.355877,0.35181007,0.30702558
21.139999121427536,36.363876,0.35181007,0.30702558
21.149999350309372,36.387875,0.35187742,0.30824634
21.159999579191208,36.347878,0.35187742,0.30946714
21.169999808073044,36.371876,0.35207954,0.30946714
21.18000003695488,36.419876,0.352349,0.30946714
21.190000265836716,36.44388,0.35261852,0.30824634
21.20000049471855,36.523876,0.35302272,0.30702558
21.210000723600388,36.607876,0.35349432,0.30458403
21.220000952482224,36.679874,0.35416803,0.30092168
21.229999274015427,36.771877,0.35484174,0.29725936
21.239999502897263,36.923874,0.3556502,0.29237625
21.2499997317791,37.06787,0.3567281,0.28749314
21.259999960660934,37.195873,0.35753655,0.28138924
21.27000018954277,37.271873,0.3578734,0.28138924
21.280000418424606,37.26787,0.35794076,0.28138924
21.290000647306442,37.207874,0.35794076,0.28261003
21.300000876188278,37.251873,0.35794076,0.2838308
21.30999919772148,37.30387,0.35800815,0.28505158
21.319999426603317,37.355873,0.35800815,0.28627235
21.329999655485153,37.391872,0.35800815,0.28627235
21.33999988436699,37.39987,0.35807553,0.28749314
21.350000113248825,37.371872,0.35807553,0.2887139
21.36000034213066,37.299873,0.35807553,0.2899347
21.370000571012497,37.275875,0.3581429,0.2899347
21.380000799894333,37.235874,0.35821027,0.29115546
21.389999121427536,37.235874,0.35827765,0.29115546
21.399999350309372,37.287872,0.358345,0.29237625
21.409999579191208,37.343872,0.35841238,0.293597
21.419999808073044,37.37987,0.35841238,0.2948178
21.43000003695488,37.403873,0.35841238,0.29603857
21.440000265836716,37.371872,0.35841238,0.29725936
21.45000049471855,37.30387,0.35841238,0.29725936
21.460000723600388,37.26787,0.35847974,0.29848012
21.470000952482224,37.251873,0.35847974,0.29970092
21.479999274015427,37.26787,0.35854712,0.30092168
21.489999502897263,37.311874,0.3586819,0.30092168
21.4999997317791,37.39987,0.35895136,0.30092168
21.509999960660934,37.431873,0.3590861,0.29970092
21.52000018954277,37.467873,0.35935557,0.29970092
21.530000418424606,37.51187,0.35962504,0.29848012
21.540000647306442,37.523872,0.36002928,0.29725936
21.550000876188278,37.53987,0.36050087,0.2948178
21.55999919772148,37.60387,0.36097246,0.29237625
21.569999426603317,37.675873,0.36151144,0.2899347
21.579999655485153,37.815872,0.36218512,0.28627235
21.58999988436699,37.96387,0.36285886,0.2838308
21.600000113248825,38.07987,0.36326307,0.28138924
21.61000034213066,38.08787,0.36333045,0.28261003
21.620000571012497,38.051872,0.36333045,0.2838308
21.630000799894333,38.01987,0.36333045,0.28505158
21.639999121427536,38.00787,0.36333045,0.28627235
21.649999350309372,38.02787,0.36333045,0.28749314
21.659999579191208,38.05587,0.36333045,0.28749314
21.669999808073044,38.08787,0.3633978,0.2887139
21.68000003695488,38.08387,0.3633978,0.2899347
21.690000265836716,38.09987,0.3634652,0.29115546
21.70000049471855,38.09187,0.3634652,0.29115546
21.710000723600388,38.03987,0.3634652,0.29237625
21.720000952482224,38.00787,0.36353254,0.293597
21.729999274015427,37.98387,0.36353254,0.2948178
21.739999502897263,37.97187,0.36353254,0.29603857
21.7499997317791,38.04387,0.36359993,0.29603857
21.759999960660934,38.07987,0.36359993,0.29725936
21.77000018954277,38.08387,0.3636673,0.29848012
21.780000418424606,38.07987,0.3636673,0.29970092
21.790000647306442,38.06387,0.3636673,0.30092168
21.800000876188278,38.02787,0.3637347,0.30092168
21.80999919772148,38.00387,0.36380205,0.30214247
21.819999426603317,38.01187,0.36380205,0.30336323
21.829999655485153,37.99987,0.3638694,0.30336323
21.83999988436699,38.02387,0.36393678,0.30458403
21.850000113248825,38.10387,0.3641389,0.30458403
21.86000034213066,38.15187,0.36420628,0.3058048
21.870000571012497,38.14387,0.36427364,0.3058048
21.880000799894333,38.14387,0.364341,0.30702558
21.889999121427536,38.13187,0.36447576,0.30702558
21.899999350309372,38.09587,0.3646105,0.30702558
21.909999579191208,38.13187,0.36481258,0.30702558
21.919999808073044,38.17187,0.36494735,0.30702558
21.93000003695488,38.19587,0.36508206,0.30702558
21.940000265836716,38.219868,0.36514944,0.30702558
21.95000049471855,38.275867,0.36535156,0.30702558
21.960000723600388,38.30387,0.36555368,0.30702558
21.970000952482224,38.32387,0.3657558,0.30702558
21.979999274015427,38.35587,0.3659579,0.30702558
21.989999502897263,38.351868,0.3662274,0.3058048
21.9999997317791,38.37587,0.36663163,0.30458403
22.009999960660934,38.44387,0.36703584,0.30336323
22.02000018954277,38.51987,0.3673727,0.30092168
22.030000418424606,38.59587,0.3677769,0.30092168
22.040000647306442,38.663868,0.36811376,0.29848012
22.050000876188278,38.743866,0.368518,0.29725936
22.05999919772148,38.79187,0.3689896,0.29603857
22.069999426603317,38.855865,0.36932644,0.293597
22.079999655485153,38.89187,0.36952856,0.293597
22.08999988436699,38.86387,0.36952856,0.2948178
22.100000113248825,38.859867,0.36959592,0.29603857
22.11000034213066,38.89187,0.3696633,0.29603857
22.120000571012497,38.915867,0.36973068,0.29725936
22.130000799894333,38.955868,0.3698654,0.29725936
22.139999121427536,38.995865,0.36993277,0.29725936
22.149999350309372,39.00387,0.37000015,0.29848012
22.159999579191208,38.963867,0.37000015,0.29970092
22.169999808073044,38.943867,0.37006754,0.29970092
22.18000003695488,38.91987,0.37020224,0.30092168
22.190000265836716,38.915867,0.37020224,0.30092168
22.20000049471855,38.931866,0.37026963,0.30214247
22.210000723600388,38.979866,0.37026963,0.30336323
22.220000952482224,38.98787,0.37026963,0.30458403
22.229999274015427,39.02387,0.37026963,0.3058048
22.239999502897263,39.011868,0.37026963,0.30702558
22.2499997317791,38.98787,0.370337,0.30702558
22.259999960660934,38.951866,0.370337,0.30946714
22.27000018954277,38.955868,0.37040436,0.30946714
22.280000418424606,38.923866,0.37040436,0.3106879
22.290000647306442,38.91987,0.37047175,0.3119087
22.300000876188278,38.955868,0.37053913,0.3119087
22.30999919772148,38.979866,0.37060648,0.31312945
22.319999426603317,39.019867,0.37074122,0.31312945
22.329999655485153,39.06387,0.3708086,0.31312945
22.33999988436699,39.051865,0.37094334,0.31312945
22.350000113248825,39.019867,0.37107807,0.31435025
22.36000034213066,39.015865,0.37114546,0.31435025
22.370000571012497,39.019867,0.3712802,0.315571
22.380000799894333,39.011868,0.37134758,0.315571
22.389999121427536,39.06387,0.37148228,0.315571
22.399999350309372,39.135868,0.37161705,0.315571
22.409999579191208,39.159866,0.37181917,0.315571
22.419999808073044,39.203865,0.37202126,0.315571
22.43000003695488,39.23987,0.3722234,0.315571
22.440000265836716,39.243866,0.3724255,0.315571
22.45000049471855,39.255863,0.37276235,0.31435025
22.460000723600388,39.283867,0.37303182,0.31312945
22.470000952482224,39.34787,0.37343606,0.3119087
22.479999274015427,39.41987,0.37384027,0.30946714
22.489999502897263,39.531868,0.3743119,0.30702558
22.4999997317791,39.639866,0.3747835,0.3058048
22.509999960660934,39.715866,0.37532243,0.30336323
22.52000018954277,39.791866,0.37579402,0.30092168
22.530000418424606,39.831867,0.37606353,0.29970092
22.540000647306442,39.815865,0.37626562,0.29970092
22.550000876188278,39.811867,0.37640038,0.29970092
22.55999919772148,39.839863,0.37646776,0.30092168
22.569999426603317,39.879864,0.37660247,0.30092168
22.579999655485153,39.907864,0.37666985,0.30214247
22.58999988436699,39.991863,0.3768046,0.30214247
22.600000113248825,40.03186,0.37700668,0.30214247
22.61000034213066,40.047863,0.37720883,0.30092168
22.620000571012497,40.035866,0.37734357,0.30214247
22.630000799894333,40.01186,0.3774783,0.30214247
22.639999121427536,39.971863,0.37768042,0.30214247
22.649999350309372,40.03186,0.3779499,0.30092168
22.659999579191208,40.095863,0.37828675,0.29970092
22.669999808073044,40.19186,0.3786236,0.29848012
22.68000003695488,40.335865,0.37909523,0.29603857
22.690000265836716,40.423862,0.37963417,0.293597
22.70000049471855,40.507862,0.3802405,0.29115546
22.710000723600388,40.57186,0.3809142,0.28749314
22.720000952482224,40.65586,0.38158792,0.2838308
22.729999274015427,40.72386,0.382329,0.28016847
22.739999502897263,40.807858,0.38293532,0.27650613
22.7499997317791,40.90786,0.38333958,0.27528536
22.759999960660934,40.94386,0.38354167,0.27528536
22.77000018954277,40.991863,0.38360906,0.27650613
22.780000418424606,41.03986,0.3836764,0.27650613
22.790000647306442,41.06786,0.3836764,0.27772692
22.800000876188278,41.06786,0.3837438,0.27772692
22.80999919772148,41.079857,0.38381115,0.27894768
22.819999426603317,41.06386,0.38394588,0.27894768
22.829999655485153,41.03186,0.38401327,0.28016847
22.83999988436699,41.03186,0.38414803,0.28016847
22.850000113248825,41.04386,0.38435012,0.28016847
22.86000034213066,41.06386,0.38448486,0.28016847
22.870000571012497,41.127857,0.38461962,0.28016847
22.880000799894333,41.19586,0.3848217,0.28016847
22.889999121427536,41.21586,0.38502383,0.28016847
22.899999350309372,41.279858,0.3853607,0.27894768
22.909999579191208,41.331856,0.3857649,0.27650613
22.919999808073044,41.327858,0.38603437,0.27650613
22.93000003695488,41.307858,0.38623652,0.27650613
22.940000265836716,41.33986,0.3864386,0.27650613
22.95000049471855,41.37986,0.3867081,0.27528536
22.960000723600388,41.423862,0.3869102,0.27528536
22.970000952482224,41.52786,0.38711232,0.27406457
22.979999274015427,41.583855,0.3873818,0.27406457
22.989999502897263,41.623856,0.38771865,0.2728438
22.9999997317791,41.671856,0.38792077,0.2728438
23.009999960660934,41.65986,0.3881229,0.27162302
23.02000018954277,41.619858,0.38825762,0.2728438
23.030000418424606,41.60786,0.3883924,0.2728438
23.040000647306442,41.647858,0.3885271,0.2728438
23.050000876188278,41.65986,0.38859448,0.27406457
23.05999919772148,41.703857,0.38859448,0.27406457
23.069999426603317,41.763855,0.38859448,0.27650613
23.079999655485153,41.751858,0.38859448,0.27650613
23.08999988436699,41.71586,0.38859448,0.27772692
23.100000113248825,41.70786,0.38859448,0.27894768
23.11000034213066,41.66786,0.38859448,0.28016847
23.120000571012497,41.63186,0.38866186,0.28138924
23.130000799894333,41.623856,0.38866186,0.28261003
23.139999121427536,41.651855,0.38866186,0.2838308
23.149999350309372,41.65986,0.38866186,0.28505158
23.159999579191208,41.703857,0.38866186,0.28627235
23.169999808073044,41.72786,0.38866186,0.28749314
23.18000003695488,41.69586,0.38866186,0.28749314
23.190000265836716,41.647858,0.38866186,0.2899347
23.20000049471855,41.643856,0.38866186,0.2899347
23.210000723600388,41.599857,0.38866186,0.29115546
23.220000952482224,41.583855,0.38866186,0.29237625
23.229999274015427,41.60786,0.38866186,0.293597
23.239999502897263,41.623856,0.38866186,0.2948178
23.2499997317791,41.63586,0.3887292,0.29603857
23.259999960660934,41.66786,0.3887292,0.29725936
23.27000018954277,41.66786,0.3887292,0.29725936
23.280000418424606,41.627857,0.3887966,0.29848012
23.290000647306442,41.61586,0.3887966,0.29970092
23.300000876188278,41.623856,0.38886398,0.30092168
23.30999919772148,41.579857,0.3889313,0.30092168
23.319999426603317,41.59586,0.3889987,0.30214247
23.329999655485153,41.63186,0.3889987,0.30336323
23.33999988436699,41.647858,0.38906607,0.30336323
23.350000113248825,41.67986,0.3892008,0.30336323
23.36000034213066,41.71586,0.3892682,0.30458403
23.370000571012497,41.69986,0.38933554,0.3058048
23.380000799894333,41.663857,0.38947028,0.3058048
23.389999121427536,41.67586,0.38960505,0.3058048
23.399999350309372,41.68786,0.38973975,0.30702558
23.409999579191208,41.69586,0.38987452,0.3058048
23.419999808073044,41.743855,0.39007664,0.3058048
23.43000003695488,41.831856,0.3904135,0.30458403
23.440000265836716,41.895855,0.39088508,0.30214247
23.45000049471855,42.03986,0.39142406,0.29970092
23.460000723600388,42.115856,0.391963,0.29725936
23.470000952482224,42.13986,0.39250198,0.29603857
23.479999274015427,42.183857,0.39297357,0.29237625
23.489999502897263,42.247856,0.39351255,0.2899347
23.4999997317791,42.355854,0.39418626,0.28627235
23.509999960660934,42.467854,0.3947926,0.2838308
23.52000018954277,42.587856,0.39519683,0.28261003
23.530000418424606,42.635857,0.39533153,0.28261003
23.540000647306442,42.627853,0.3953989,0.28261003
23.550000876188278,42.635857,0.3953989,0.2838308
23.55999919772148,42.627853,0.3953989,0.28505158
23.569999426603317,42.595856,0.3954663,0.28627235
23.579999655485153,42.615856,0.39553368,0.28627235
23.58999988436699,42.623856,0.39553368,0.28749314
23.600000113248825,42.639854,0.39560103,0.2887139
23.61000034213066,42.647854,0.39560103,0.2899347
23.620000571012497,42.647854,0.39560103,0.29115546
23.630000799894333,42.61186,0.39560103,0.29115546
23.639999121427536,42.607853,0.39560103,0.293597
23.649999350309372,42.607853,0.39566842,0.293597
23.659999579191208,42.591858,0.39573577,0.2948178
23.669999808073044,42.615856,0.39580315,0.2948178
23.68000003695488,42.65185,0.3958705,0.29603857
23.690000265836716,42.65185,0.3959379,0.29603857
23.70000049471855,42.65185,0.39600527,0.29725936
23.710000723600388,42.667854,0.39613998,0.29725936
23.720000952482224,42.695854,0.39627475,0.29725936
23.729999274015427,42.663857,0.39640948,0.29725936
23.739999502897263,42.699852,0.39647686,0.29848012
23.7499997317791,42.711853,0.39654422,0.29970092
23.759999960660934,42.711853,0.39654422,0.30092168
23.77000018954277,42.711853,0.3966116,0.30092168
23.780000418424606,42.743855,0.3966116,0.30214247
23.790000647306442,42.735855,0.3966116,0.30336323
23.800000876188278,42.723858,0.39667895,0.30458403
23.80999919772148,42.715855,0.39667895,0.3058048
23.819999426603317,42.699852,0.39667895,0.3058048
23.829999655485153,42.695854,0.39674634,0.30702558
23.83999988436699,42.731853,0.39681372,0.30702558
23.850000113248825,42.747856,0.39688107,0.30824634
23.86000034213066,42.731853,0.39694846,0.30946714
23.870000571012497,42.763855,0.3970158,0.30946714
23.880000799894333,42.763855,0.3970832,0.3106879
23.889999121427536,42.751854,0.39715055,0.3119087
23.899999350309372,42.779854,0.3972853,0.3119087
23.909999579191208,42.807854,0.39742002,0.3119087
23.919999808073044,42.823856,0.39768952,0.3106879
23.93000003695488,42.867855,0.397959,0.3106879
23.940000265836716,42.94385,0.39836323,0.30824634
23.95000049471855,42.999855,0.3989022,0.30702558
23.960000723600388,43.091854,0.39944118,0.30336323
23.970000952482224,43.22385,0.40011486,0.29970092
23.979999274015427,43.29585,0.40065384,0.29725936
23.989999502897263,43.331852,0.4009907,0.29603857
23.9999997317791,43.363853,0.40112543,0.29603857
24.009999960660934,43.379852,0.4011928,0.29725936
24.02000018954277,43.38385,0.40132755,0.29725936
24.030000418424606,43.439854,0.4013949,0.29725936
24.040000647306442,43.45185,0.4013949,0.29970092
24.050000876188278,43.47185,0.4014623,0.29970092
24.05999919772148,43.49585,0.4014623,0.30092168
24.069999426603317,43.47585,0.40152967,0.30092168
24.079999655485153,43.431854,0.40159705,0.30336323
24.08999988436699,43.41585,0.40159705,0.30336323
24.100000113248825,43.411854,0.40166438,0.30458403
24.11000034213066,43.40385,0.40166438,0.3058048
24.120000571012497,43.411854,0.40166438,0.30702558
24.130000799894333,43.47585,0.40179914,0.30702558
24.139999121427536,43.47185,0.40186653,0.30702558
24.149999350309372,43.49185,0.40193388,0.30824634
24.159999579191208,43.48785,0.40193388,0.30946714
24.169999808073044,43.47185,0.40200126,0.30946714
24.18000003695488,43.431854,0.40200126,0.3119087
24.190000265836716,43.435852,0.40206861,0.3119087
24.20000049471855,43.435852,0.40206861,0.31312945
24.210000723600388,43.439854,0.402136,0.31312945
24.220000952482224,43.47585,0.402136,0.31435025
24.229999274015427,43.523853,0.40220335,0.315571
24.239999502897263,43.51985,0.40220335,0.3167918
24.2499997317791,43.503853,0.40220335,0.31801257
24.259999960660934,43.49185,0.40227073,0.31801257
24.27000018954277,43.44785,0.40227073,0.31923336
24.280000418424606,43.44785,0.4024055,0.31923336
24.290000647306442,43.46785,0.4025402,0.32045412
24.300000876188278,43.50785,0.40267497,0.32045412
24.30999919772148,43.539852,0.4028097,0.32045412
24.319999426603317,43.60385,0.40307918,0.31923336
24.329999655485153,43.65585,0.40341604,0.31923336
24.33999988436699,43.691853,0.40375292,0.3167918
24.350000113248825,43.75985,0.4042245,0.315571
24.36000034213066,43.831852,0.40476346,0.31312945
24.370000571012497,43.89585,0.4053698,0.30946714
24.380000799894333,44.03985,0.4060435,0.3058048
24.389999121427536,44.183853,0.4067172,0.30214247
24.399999350309372,44.271847,0.40712145,0.30092168
24.409999579191208,44.291847,0.40732354,0.30092168
24.419999808073044,44.319847,0.40739092,0.30092168
24.43000003695488,44.32385,0.40739092,0.30214247
24.440000265836716,44.31585,0.4074583,0.30336323
24.45000049471855,44.33585,0.40752566,0.30336323
24.460000723600388,44.34785,0.40752566,0.3058048
24.470000952482224,44.33585,0.40752566,0.3058048
24.479999274015427,44.343845,0.407593,0.30702558
24.489999502897263,44.343845,0.4076604,0.30702558
24.4999997317791,44.31585,0.4076604,0.30946714
24.509999960660934,44.31585,0.4076604,0.30946714
24.52000018954277,44.32785,0.40772778,0.3106879
24.530000418424606,44.319847,0.40779513,0.3119087
24.540000647306442,44.33185,0.40779513,0.31312945
24.550000876188278,44.363846,0.4078625,0.31312945
24.55999919772148,44.36785,0.4079299,0.31435025
24.569999426603317,44.363846,0.40799728,0.31435025
24.579999655485153,44.38785,0.4080646,0.315571
24.58999988436699,44.363846,0.4080646,0.3167918
24.600000113248825,44.35185,0.408132,0.3167918
24.61000034213066,44.363846,0.40826675,0.3167918
24.620000571012497,44.39985,0.40846884,0.3167918
24.630000799894333,44.41585,0.40860358,0.3167918
24.639999121427536,44.46385,0.4088057,0.3167918
24.649999350309372,44.491848,0.40887305,0.31801257
24.659999579191208,44.471848,0.40894043,0.31801257
24.669999808073044,44.503845,0.40907517,0.31923336
24.68000003695488,44.52785,0.40927732,0.31801257
24.690000265836716,44.555847,0.40961415,0.31801257
24.70000049471855,44.62785,0.41001838,0.315571
24.710000723600388,44.755848,0.41075945,0.3119087
24.720000952482224,44.923847,0.41183737,0.3058048
24.729999274015427,45.167847,0.41325217,0.29725936
24.739999502897263,45.451843,0.41466695,0.2887139
24.7499997317791,45.611843,0.41561016,0.28261003
24.759999960660934,45.659843,0.41635123,0.27894768
24.77000018954277,45.739845,0.4170249,0.27528536
24.780000418424606,45.883842,0.41790074,0.27040225
24.790000647306442,46.083843,0.4189113,0.26429835
24.800000876188278,46.371845,0.420124,0.25819448
24.80999919772148,46.58784,0.42093244,0.25209057
24.819999426603317,46.63984,0.4212019,0.25209057
24.829999655485153,46.603844,0.4212019,0.25331137
24.83999988436699,46.571842,0.4212019,0.25453213
24.850000113248825,46.511845,0.4212019,0.25575292
24.86000034213066,46.495842,0.4212019,0.25697368
24.870000571012497,46.52384,0.4212019,0.25819448
24.880000799894333,46.563843,0.4212019,0.25941524
24.889999121427536,46.60784,0.4212019,0.26063603
24.899999350309372,46.64384,0.4212019,0.2618568
24.909999579191208,46.623844,0.4212019,0.2618568
24.919999808073044,46.531845,0.4212019,0.26429835
24.93000003695488,46.47584,0.4212019,0.26429835
24.940000265836716,46.431843,0.4212019,0.2667399
24.95000049471855,46.40784,0.4212019,0.2667399
24.960000723600388,46.45984,0.4212019,0.2679607
24.970000952482224,46.51984,0.4212019,0.26918146
24.979999274015427,46.55184,0.4212019,0.27040225
24.989999502897263,46.55984,0.4212019,0.27162302
24.9999997317791,46.55184,0.4212019,0.2728438
25.009999960660934,46.49984,0.4212019,0.27406457
25.02000018954277,46.44784,0.4212019,0.27528536
25.030000418424606,46.40784,0.4212019,0.27650613
25.040000647306442,46.36784,0.4212019,0.27772692
25.050000876188278,46.379845,0.4212019,0.27894768
25.05999919772148,46.443844,0.4212019,0.28016847
25.069999426603317,46.50384,0.4212019,0.28138924
25.079999655485153,46.50784,0.4212019,0.28138924
25.08999988436699,46.495842,0.4212019,0.2838308
25.100000113248825,46.43584,0.4212019,0.2838308
25.11000034213066,46.359844,0.4212019,0.28627235
25.120000571012497,46.319843,0.4212019,0.28627235
25.130000799894333,46.331844,0.4212019,0.28749314
25.139999121427536,46.34384,0.4212019,0.2887139
25.149999350309372,46.383842,0.4212019,0.2899347
25.159999579191208,46.43584,0.4212019,0.29115546
25.169999808073044,46.443844,0.4212019,0.29237625
25.18000003695488,46.42784,0.4212019,0.293597
25.190000265836716,46.41584,0.4212019,0.2948178
25.20000049471855,46.351845,0.4212019,0.29603857
25.210000723600388,46.283844,0.4212019,0.29725936
25.220000952482224,46.263844,0.4212019,0.29848012
25.229999274015427,46.283844,0.4212019,0.29970092
25.239999502897263,46.32784,0.4212019,0.30092168
25.2499997317791,46.39984,0.4212019,0.30092168
25.259999960660934,46.39584,0.4212019,0.30336323
25.27000018954277,46.36784,0.4212019,0.30336323
25.280000418424606,46.339844,0.4212019,0.3058048
25.290000647306442,46.311844,0.42126927,0.3058048
25.300000876188278,46.259846,0.42126927,0.30702558
25.30999919772148,46.231842,0.42126927,0.30824634
25.319999426603317,46.26784,0.42126927,0.30946714
25.329999655485153,46.27584,0.42133665,0.30946714
25.33999988436699,46.32784,0.42140403,0.3106879
25.350000113248825,46.371845,0.42140403,0.3119087
25.36000034213066,46.36784,0.42140403,0.31312945
25.370000571012497,46.32384,0.42147142,0.31312945
25.380000799894333,46.299843,0.42153877,0.31435025
25.389999121427536,46.231842,0.42153877,0.315571
25.399999350309372,46.223843,0.4216735,0.315571
25.409999579191208,46.28784,0.42180824,0.315571
25.419999808073044,46.379845,0.42207772,0.315571
25.43000003695488,46.44784,0.4224146,0.31435025
25.440000265836716,46.535843,0.42281884,0.3119087
25.45000049471855,46.67984,0.4235599,0.30824634
25.460000723600388,46.81584,0.42463782,0.30214247
25.470000952482224,47.003838,0.42598525,0.2948178
25.479999274015427,47.195835,0.4270632,0.28749314
25.489999502897263,47.26384,0.4276695,0.28505158
25.4999997317791,47.27184,0.42787164,0.2838308
25.509999960660934,47.29184,0.42787164,0.28627235
25.52000018954277,47.351837,0.42787164,0.28627235
25.530000418424606,47.415836,0.42787164,0.28749314
25.540000647306442,47.487835,0.42787164,0.2887139
25.550000876188278,47.511837,0.42787164,0.2899347
25.55999919772148,47.483837,0.42787164,0.29115546
25.569999426603317,47.443836,0.427939,0.29115546
25.579999655485153,47.371838,0.427939,0.293597
25.58999988436699,47.27984,0.427939,0.293597
25.600000113248825,47.255836,0.427939,0.29603857
25.61000034213066,47.283836,0.42800635,0.29603857
25.620000571012497,47.35984,0.42814112,0.29603857
25.630000799894333,47.455837,0.42820847,0.29725936
25.639999121427536,47.53984,0.42834324,0.29725936
25.649999350309372,47.56384,0.42854533,0.29725936
25.659999579191208,47.49184,0.4286801,0.29725936
25.669999808073044,47.463837,0.42888218,0.29725936
25.68000003695488,47.42384,0.4290843,0.29725936
25.690000265836716,47.455837,0.42942116,0.29603857
25.70000049471855,47.551838,0.42982537,0.293597
25.710000723600388,47.69984,0.43029696,0.29115546
25.720000952482224,47.847836,0.43090332,0.2887139
25.729999274015427,47.979836,0.43144226,0.28627235
25.739999502897263,48.079834,0.43177915,0.28505158
25.7499997317791,48.067837,0.43191385,0.28505158
25.759999960660934,47.983837,0.43191385,0.28627235
25.77000018954277,47.899834,0.43198124,0.28749314
25.780000418424606,47.887836,0.43198124,0.28749314
25.790000647306442,47.919834,0.43204862,0.2887139
25.800000876188278,48.031834,0.43204862,0.2899347
25.80999919772148,48.099834,0.43204862,0.29115546
25.819999426603317,48.147835,0.432116,0.29115546
25.829999655485153,48.135838,0.432116,0.293597
25.83999988436699,48.04384,0.43218336,0.293597
25.850000113248825,47.963837,0.43218336,0.2948178
25.86000034213066,47.919834,0.4322507,0.29603857
25.870000571012497,47.915836,0.4322507,0.29725936
25.880000799894333,47.90384,0.4322507,0.29725936
25.889999121427536,47.97184,0.4323181,0.29848012
25.899999350309372,48.067837,0.4323181,0.29970092
25.909999579191208,48.111835,0.43238547,0.29970092
25.919999808073044,48.123837,0.43245283,0.30092168
25.93000003695488,48.079834,0.4325202,0.30092168
25.940000265836716,48.003838,0.4325202,0.30336323
25.95000049471855,47.91184,0.4325202,0.30336323
25.960000723600388,47.88384,0.4325876,0.30458403
25.970000952482224,47.915836,0.4325876,0.3058048
25.979999274015427,47.979836,0.43265495,0.30702558
25.989999502897263,48.087837,0.4327223,0.30702558
25.9999997317791,48.131836,0.43278968,0.30824634
26.009999960660934,48.123837,0.43278968,0.30946714
26.02000018954277,48.087837,0.43285707,0.30946714
26.030000418424606,48.027836,0.43292442,0.3106879
26.040000647306442,47.947838,0.4329918,0.3119087
26.050000876188278,47.935837,0.4330592,0.3119087
26.05999919772148,47.975838,0.4331939,0.3119087
26.069999426603317,48.047836,0.43332866,0.3119087
26.079999655485153,48.147835,0.43353075,0.3119087
26.08999988436699,48.24384,0.43373287,0.3119087
26.100000113248825,48.283833,0.433935,0.3119087
26.11000034213066,48.251835,0.43406972,0.3119087
26.120000571012497,48.219833,0.43433923,0.3106879
26.130000799894333,48.219833,0.43474346,0.30946714
26.139999121427536,48.271835,0.4352824,0.30702558
26.149999350309372,48.423832,0.43595612,0.30336323
26.159999579191208,48.635834,0.43683195,0.29848012
26.169999808073044,48.863834,0.4378425,0.293597
26.18000003695488,49.059834,0.43871832,0.28749314
26.190000265836716,49.18783,0.4391899,0.28627235
26.20000049471855,49.143833,0.4392573,0.28627235
26.210000723600388,49.039837,0.4392573,0.28749314
26.220000952482224,49.003834,0.4392573,0.2887139
26.229999274015427,48.98783,0.4392573,0.2899347
26.239999502897263,49.043835,0.4392573,0.29115546
26.2499997317791,49.171833,0.4392573,0.29237625
26.259999960660934,49.235832,0.43932465,0.29237625
26.27000018954277,49.227833,0.43932465,0.293597
26.280000418424606,49.18783,0.43932465,0.2948178
26.290000647306442,49.095833,0.43932465,0.29603857
26.300000876188278,48.999836,0.43939203,0.29725936
26.30999919772148,48.955833,0.43939203,0.29725936
26.319999426603317,48.983833,0.43939203,0.29970092
26.329999655485153,49.019836,0.43939203,0.29970092
26.33999988436699,49.087833,0.43945938,0.30092168
26.350000113248825,49.179832,0.43945938,0.30214247
26.36000034213066,49.191833,0.43945938,0.30336323
26.370000571012497,49.155834,0.43945938,0.30458403
26.380000799894333,49.07983,0.43952677,0.3058048
26.389999121427536,49.00783,0.43952677,0.3058048
26.399999350309372,48.951836,0.43959412,0.30702558
26.409999579191208,48.963833,0.4396615,0.30702558
26.419999808073044,49.019836,0.4397289,0.30824634
26.43000003695488,49.095833,0.43979627,0.30946714
26.440000265836716,49.19583,0.43993098,0.30946714
26.45000049471855,49.255833,0.44006574,0.30946714
26.460000723600388,49.211834,0.4401331,0.3106879
26.470000952482224,49.163834,0.44026786,0.3106879
26.479999274015427,49.13983,0.44046995,0.3106879
26.489999502897263,49.087833,0.44060472,0.3106879
26.4999997317791,49.09983,0.4408068,0.30946714
26.509999960660934,49.191833,0.44100893,0.30946714
26.52000018954277,49.29983,0.44121101,0.30946714
26.530000418424606,49.37983,0.44148052,0.30946714
26.540000647306442,49.48783,0.4416826,0.30824634
26.550000876188278,49.499832,0.4419521,0.30824634
26.55999919772148,49.499832,0.44222158,0.30702558
26.569999426603317,49.47183,0.44249105,0.30702558
26.579999655485153,49.483833,0.44282794,0.3058048
26.58999988436699,49.51983,0.44323218,0.30336323
26.600000113248825,49.65183,0.44383848,0.30092168
26.61000034213066,49.83183,0.44451222,0.29725936
26.620000571012497,49.999832,0.44505116,0.2948178
26.630000799894333,50.09583,0.44532067,0.293597
26.639999121427536,50.09983,0.44538802,0.2948178
26.649999350309372,50.047832,0.44545537,0.29603857
26.659999579191208,49.97983,0.44545537,0.29603857
26.669999808073044,49.96783,0.44552276,0.29725936
26.68000003695488,49.95583,0.44552276,0.29848012
26.690000265836716,49.98383,0.44552276,0.29970092
26.70000049471855,50.067833,0.44552276,0.30092168
26.710000723600388,50.09183,0.44552276,0.30092168
26.720000952482224,50.09183,0.44552276,0.30336323
26.729999274015427,50.067833,0.44559014,0.30336323
26.739999502897263,50.01183,0.44559014,0.30458403
26.7499997317791,49.95583,0.44572487,0.30458403
26.759999960660934,49.93183,0.44579226,0.3058048
26.77000018954277,49.96383,0.4458596,0.3058048
26.780000418424606,49.98783,0.4458596,0.30702558
26.790000647306442,50.027832,0.4458596,0.30824634
26.800000876188278,50.07983,0.4458596,0.30946714
26.80999919772148,50.09183,0.4458596,0.3106879
26.819999426603317,50.07183,0.4458596,0.3119087
26.829999655485153,50.03183,0.4458596,0.31312945
26.83999988436699,49.97183,0.4458596,0.31435025
26.850000113248825,49.93983,0.4458596,0.315571
26.86000034213066,49.93583,0.44592696,0.3167918
26.870000571012497,49.95983,0.44592696,0.3167918
26.880000799894333,49.98383,0.44592696,0.31801257
26.889999121427536,50.03983,0.44592696,0.31923336
26.899999350309372,50.05583,0.44599435,0.32045412
26.909999579191208,50.027832,0.44599435,0.3216749
26.919999808073044,49.97983,0.44599435,0.32289568
26.93000003695488,49.951828,0.44599435,0.32411647
26.940000265836716,49.907833,0.44599435,0.32533723
26.95000049471855,49.89983,0.44599435,0.32655802
26.960000723600388,49.91983,0.44599435,0.32655802
26.970000952482224,49.95583,0.44599435,0.32899958
26.979999274015427,49.99183,0.44599435,0.32899958
26.989999502897263,50.00783,0.44599435,0.33144113
26.9999997317791,50.00783,0.44599435,0.33144113
27.009999960660934,49.951828,0.44606173,0.3326619
27.02000018954277,49.94783,0.44619647,0.3326619
27.030000418424606,49.94783,0.4463986,0.3326619
27.040000647306442,49.96383,0.4466681,0.3326619
27.050000876188278,50.047832,0.4470049,0.33144113
27.05999919772148,50.167828,0.44747654,0.32899958
27.069999426603317,50.295826,0.44815022,0.32533723
27.079999655485153,50.46383,0.44895867,0.3216749
27.08999988436699,50.639828,0.44990185,0.315571
27.100000113248825,50.77583,0.45077768,0.3106879
27.11000034213066,50.84383,0.4514514,0.30702558
27.120000571012497,50.919827,0.45178822,0.3058048
27.130000799894333,50.927826,0.45205772,0.30458403
27.139999121427536,50.95583,0.4521925,0.3058048
27.149999350309372,51.051826,0.45239457,0.30458403
27.159999579191208,51.135826,0.4525967,0.30458403
27.169999808073044,51.211826,0.45273143,0.30458403
27.18000003695488,51.251823,0.45286617,0.3058048
27.190000265836716,51.255825,0.45300093,0.3058048
27.20000049471855,51.211826,0.45320302,0.3058048
27.210000723600388,51.219826,0.45353988,0.30336323
27.220000952482224,51.263824,0.45401147,0.30214247
27.229999274015427,51.335823,0.45455045,0.29970092
27.239999502897263,51.471825,0.45502204,0.29725936
27.2499997317791,51.599827,0.455561,0.2948178
27.259999960660934,51.735825,0.45603257,0.29237625
27.27000018954277,51.815823,0.45643684,0.29115546
27.280000418424606,51.85982,0.45663893,0.2899347
27.290000647306442,51.815823,0.45670632,0.29115546
27.300000876188278,51.751823,0.45677367,0.29115546
27.30999919772148,51.751823,0.45677367,0.293597
27.319999426603317,51.771824,0.45677367,0.293597
27.329999655485153,51.771824,0.45677367,0.29603857
27.33999988436699,51.851826,0.45677367,0.29603857
27.350000113248825,51.871826,0.45677367,0.29725936
27.36000034213066,51.855824,0.45677367,0.29848012
27.370000571012497,51.835823,0.45677367,0.29970092
27.380000799894333,51.787823,0.45677367,0.30092168
27.389999121427536,51.719826,0.45677367,0.30214247
27.399999350309372,51.68782,0.45677367,0.30336323
27.409999579191208,51.691826,0.45677367,0.30458403
27.419999808073044,51.715824,0.45677367,0.3058048
27.43000003695488,51.759827,0.45677367,0.30702558
27.440000265836716,51.79982,0.45677367,0.30824634
27.45000049471855,51.807823,0.45677367,0.30946714
27.460000723600388,51.739826,0.45677367,0.3106879
27.470000952482224,51.70782,0.45677367,0.3119087
27.479999274015427,51.667824,0.45677367,0.31312945
27.489999502897263,51.631824,0.45677367,0.31312945
27.4999997317791,51.639828,0.45677367,0.315571
27.509999960660934,51.679825,0.45677367,0.315571
27.52000018954277,51.699825,0.45677367,0.3167918
27.530000418424606,51.72782,0.45677367,0.31801257
27.540000647306442,51.743824,0.45677367,0.31923336
27.550000876188278,51.711826,0.45677367,0.32045412
27.55999919772148,51.659824,0.45684105,0.3216749
27.569999426603317,51.627823,0.45684105,0.32289568
27.579999655485153,51.587822,0.45684105,0.32411647
27.58999988436699,51.583824,0.45684105,0.32533723
27.600000113248825,51.631824,0.45684105,0.32655802
27.61000034213066,51.667824,0.45684105,0.32655802
27.620000571012497,51.679825,0.45684105,0.32899958
27.630000799894333,51.68782,0.45684105,0.32899958
27.639999121427536,51.667824,0.45684105,0.33022034
27.649999350309372,51.611824,0.45684105,0.33144113
27.659999579191208,51.583824,0.45684105,0.3326619
27.669999808073044,51.583824,0.4569084,0.3338827
27.68000003695488,51.56782,0.45704314,0.3338827
27.690000265836716,51.623825,0.4572453,0.3338827
27.70000049471855,51.735825,0.45751476,0.3326619
27.710000723600388,51.791824,0.45771688,0.3326619
27.720000952482224,51.807823,0.45791897,0.3326619
27.729999274015427,51.81982,0.45798635,0.3326619
27.739999502897263,51.779823,0.4581211,0.3326619
27.7499997317791,51.763824,0.45825583,0.3338827
27.759999960660934,51.791824,0.45845795,0.3326619
27.77000018954277,51.83982,0.45866004,0.3326619
27.780000418424606,51.911823,0.45892954,0.3326619
27.790000647306442,51.99982,0.45913166,0.3326619
27.800000876188278,52.09182,0.45953587,0.33144113
27.80999919772148,52.17982,0.46000746,0.32899958
27.819999426603317,52.259823,0.4606812,0.32533723
27.829999655485153,52.371822,0.46142226,0.3216749
27.83999988436699,52.447823,0.46216333,0.3167918
27.850000113248825,52.575817,0.46297178,0.3119087
27.86000034213066,52.735817,0.46378022,0.30824634
27.870000571012497,52.83582,0.46418446,0.3058048
27.880000799894333,52.87982,0.46425182,0.30702558
27.889999121427536,52.919823,0.46425182,0.30824634
27.899999350309372,52.935818,0.46425182,0.30946714
27.909999579191208,52.92782,0.4643192,0.30946714
27.919999808073044,52.95582,0.4643192,0.3119087
27.93000003695488,52.96382,0.46438658,0.3119087
27.940000265836716,52.92382,0.46445397,0.31312945
27.95000049471855,52.907818,0.46445397,0.31312945
27.960000723600388,52.88382,0.46452132,0.31435025
27.970000952482224,52.87582,0.46458867,0.315571
27.979999274015427,52.895817,0.46458867,0.3167918
27.989999502897263,52.919823,0.46458867,0.3167918
27.9999997317791,52.919823,0.46458867,0.31923336
28.009999960660934,52.915817,0.46458867,0.31923336
28.02000018954277,52.919823,0.46458867,0.32045412
28.030000418424606,52.895817,0.46458867,0.3216749
28.040000647306442,52.86382,0.46458867,0.32289568
28.050000876188278,52.847816,0.46458867,0.32411647
28.05999919772148,52.84382,0.46458867,0.32533723
28.069999426603317,52.827824,0.46458867,0.32655802
28.079999655485153,52.85182,0.46458867,0.3277788
28.08999988436699,52.87582,0.46458867,0.32899958
28.100000113248825,52.871822,0.46465605,0.32899958
28.11000034213066,52.867817,0.4647908,0.33022034
28.120000571012497,52.90382,0.46492556,0.33022034
28.130000799894333,52.88382,0.46506026,0.33022034
28.139999121427536,52.87582,0.46512765,0.33144113
28.149999350309372,52.90382,0.46519503,0.33144113
28.159999579191208,52.91182,0.46532977,0.33144113
28.169999808073044,52.95182,0.46553186,0.33144113
28.18000003695488,53.03982,0.4659361,0.33022034
28.190000265836716,53.12782,0.4663403,0.32899958
28.20000049471855,53.21182,0.46681193,0.32655802
28.210000723600388,53.303818,0.4673509,0.32289568
28.220000952482224,53.38382,0.4679572,0.32045412
28.229999274015427,53.471817,0.46863094,0.3167918
28.239999502897263,53.58382,0.46930462,0.31435025
28.2499997317791,53.687817,0.4697762,0.3119087
28.259999960660934,53.723816,0.46991098,0.3119087
28.27000018954277,53.735817,0.46997836,0.3119087
28.280000418424606,53.783813,0.46997836,0.31312945
28.290000647306442,53.791817,0.46997836,0.31435025
28.300000876188278,53.819817,0.47004572,0.315571
28.30999919772148,53.819817,0.47011307,0.315571
28.319999426603317,53.811817,0.47011307,0.3167918
28.329999655485153,53.775818,0.47018045,0.31801257
28.33999988436699,53.76782,0.47024783,0.31923336
28.350000113248825,53.763817,0.47038257,0.31923336
28.36000034213066,53.755817,0.47044995,0.31923336
28.370000571012497,53.803814,0.4705173,0.32045412
28.380000799894333,53.81582,0.47058466,0.3216749
28.389999121427536,53.827816,0.47065204,0.3216749
28.399999350309372,53.851814,0.47071943,0.3216749
28.409999579191208,53.867817,0.47085416,0.32289568
28.419999808073044,53.85582,0.47092152,0.32289568
28.43000003695488,53.847816,0.47105628,0.32289568
28.440000265836716,53.863815,0.4712584,0.32289568
28.45000049471855,53.89582,0.4714605,0.32289568
28.460000723600388,53.939816,0.4716626,0.32289568
28.470000952482224,54.011814,0.47193208,0.3216749
28.479999274015427,54.083817,0.47233632,0.32045412
28.489999502897263,54.155815,0.4728079,0.31923336
28.4999997317791,54.275814,0.4733469,0.315571
28.509999960660934,54.387814,0.47408795,0.3119087
28.52000018954277,54.507812,0.47482902,0.30702558
28.530000418424606,54.623814,0.47563747,0.30336323
28.540000647306442,54.715813,0.4760417,0.30092168
28.550000876188278,54.715813,0.4761091,0.30214247
28.55999919772148,54.707813,0.4761091,0.30336323
28.569999426603317,54.735813,0.4761091,0.30458403
28.579999655485153,54.767815,0.4761091,0.3058048
28.58999988436699,54.803814,0.4761091,0.30702558
28.600000113248825,54.81181,0.4761091,0.30824634
28.61000034213066,54.787815,0.4761091,0.30946714
28.620000571012497,54.73981,0.47617644,0.30946714
28.630000799894333,54.747814,0.47617644,0.3106879
28.639999121427536,54.707813,0.47617644,0.3119087
28.649999350309372,54.663815,0.47624382,0.31312945
28.659999579191208,54.687813,0.4763112,0.31312945
28.669999808073044,54.71981,0.4763112,0.31435025
28.68000003695488,54.743816,0.4763786,0.315571
28.690000265836716,54.791813,0.4764459,0.315571
28.70000049471855,54.799812,0.4765133,0.3167918
28.710000723600388,54.767815,0.47658068,0.3167918
28.720000952482224,54.73981,0.47671542,0.31801257
28.729999274015427,54.723816,0.4767828,0.31801257
28.739999502897263,54.723816,0.47685018,0.31923336
28.7499997317791,54.755814,0.4769849,0.31923336
28.759999960660934,54.815815,0.477187,0.31923336
28.77000018954277,54.875813,0.47732174,0.31923336
28.780000418424606,54.89981,0.47752386,0.31923336
28.790000647306442,54.935814,0.47765863,0.31923336
28.800000876188278,54.959812,0.47786072,0.31923336
28.80999919772148,54.943813,0.47819757,0.31801257
28.819999426603317,55.039814,0.4788039,0.31435025
28.829999655485153,55.18381,0.47961235,0.3106879
28.83999988436699,55.34381,0.48048818,0.3058048
28.850000113248825,55.55581,0.4815661,0.29970092
28.86000034213066,55.787807,0.48264405,0.29237625
28.870000571012497,55.967808,0.48338512,0.2887139
28.880000799894333,56.00781,0.48378935,0.28749314
28.889999121427536,55.99181,0.4838567,0.28749314
28.899999350309372,55.95581,0.4838567,0.2887139
28.909999579191208,55.95981,0.4839241,0.2899347
28.919999808073044,56.00781,0.4839241,0.29115546
28.93000003695488,56.039806,0.4839241,0.29237625
28.940000265836716,56.063812,0.4839241,0.293597
28.95000049471855,56.08381,0.4839241,0.2948178
28.960000723600388,56.05581,0.4839241,0.29603857
28.970000952482224,55.98381,0.4839241,0.29725936
28.979999274015427,55.951813,0.4839241,0.29725936
28.989999502897263,55.90381,0.4839241,0.29848012
28.9999997317791,55.883812,0.4839241,0.29970092
29.009999960660934,55.91581,0.4839241,0.30092168
29.02000018954277,55.99981,0.4839241,0.30214247
29.030000418424606,56.00381,0.4839241,0.30336323
29.040000647306442,56.01581,0.4839241,0.30458403
29.050000876188278,56.01181,0.48399147,0.3058048
29.05999919772148,55.931812,0.48399147,0.30702558
29.069999426603317,55.879807,0.48399147,0.30702558
29.079999655485153,55.859806,0.48405886,0.30824634
29.08999988436699,55.86381,0.48419356,0.30946714
29.100000113248825,55.899807,0.48426095,0.30946714
29.11000034213066,55.939808,0.48432833,0.30946714
29.120000571012497,56.00381,0.48446307,0.3106879
29.130000799894333,56.063812,0.48473254,0.30946714
29.139999121427536,56.111805,0.485002,0.30946714
29.149999350309372,56.11981,0.4853389,0.30702558
29.159999579191208,56.151806,0.48581046,0.3058048
29.169999808073044,56.19581,0.48634943,0.30336323
29.18000003695488,56.32781,0.4869558,0.29970092
29.190000265836716,56.48781,0.4878316,0.29603857
29.20000049471855,56.691807,0.48884216,0.2899347
29.210000723600388,56.927803,0.48951587,0.28627235
29.220000952482224,56.983807,0.48985273,0.2838308
29.229999274015427,56.947803,0.4899201,0.28505158
29.239999502897263,56.927803,0.48998746,0.28627235
29.2499997317791,56.919807,0.49005488,0.28627235
29.259999960660934,56.911808,0.49005488,0.28749314
29.27000018954277,56.935806,0.49012223,0.2887139
29.280000418424606,56.97981,0.4901896,0.2887139
29.290000647306442,56.991806,0.4901896,0.2899347
29.300000876188278,57.015804,0.4901896,0.29115546
29.30999919772148,57.019806,0.49025697,0.29237625
29.319999426603317,56.967804,0.49025697,0.293597
29.329999655485153,56.911808,0.49032432,0.293597
29.33999988436699,56.915806,0.49045905,0.293597
29.350000113248825,56.923805,0.49059382,0.2948178
29.36000034213066,56.951805,0.49072856,0.2948178
29.370000571012497,57.043804,0.49086332,0.2948178
29.380000799894333,57.087803,0.4910654,0.2948178
29.389999121427536,57.135803,0.49140227,0.293597
29.399999350309372,57.195805,0.49173912,0.29237625
29.409999579191208,57.219803,0.49214336,0.2899347
29.419999808073044,57.267803,0.49261495,0.2887139
29.43000003695488,57.367805,0.49322125,0.28505158
29.440000265836716,57.511803,0.49402976,0.28138924
29.45000049471855,57.675804,0.49490556,0.27650613
29.460000723600388,57.811802,0.49537715,0.27406457
29.470000952482224,57.867805,0.4954445,0.27406457
29.479999274015427,57.8438,0.4954445,0.27650613
29.489999502897263,57.823803,0.4954445,0.27650613
29.4999997317791,57.831802,0.4954445,0.27772692
29.509999960660934,57.823803,0.4954445,0.27894768
29.52000018954277,57.795807,0.4954445,0.28016847
29.530000418424606,57.807804,0.4954445,0.28138924
29.540000647306442,57.815804,0.4954445,0.28261003
29.550000876188278,57.807804,0.4954445,0.2838308
29.55999919772148,57.799805,0.4954445,0.28505158
29.569999426603317,57.767803,0.4954445,0.28627235
29.579999655485153,57.735806,0.4954445,0.28749314
29.58999988436699,57.739803,0.4954445,0.2887139
29.600000113248825,57.7518,0.4954445,0.2899347
29.61000034213066,57.735806,0.4954445,0.29115546
29.620000571012497,57.739803,0.4954445,0.29115546
29.630000799894333,57.7518,0.4954445,0.293597
29.639999121427536,57.707806,0.4954445,0.293597
29.649999350309372,57.7038,0.4954445,0.29603857
29.659999579191208,57.707806,0.4954445,0.29603857
29.669999808073044,57.699802,0.4954445,0.29725936
29.68000003695488,57.663807,0.4954445,0.29848012
29.690000265836716,57.6838,0.4954445,0.29970092
29.70000049471855,57.679802,0.4954445,0.30092168
29.710000723600388,57.671803,0.4954445,0.30214247
29.720000952482224,57.6838,0.4954445,0.30336323
29.729999274015427,57.671803,0.4954445,0.30458403
29.739999502897263,57.635803,0.4954445,0.3058048
29.7499997317791,57.627804,0.4954445,0.30702558
29.759999960660934,57.619804,0.4954445,0.30824634
29.77000018954277,57.6118,0.4954445,0.30946714
29.780000418424606,57.615807,0.4954445,0.3106879
29.790000647306442,57.6118,0.4954445,0.3119087
29.800000876188278,57.6118,0.4954445,0.31312945
29.80999919772148,57.5918,0.4955119,0.31312945
29.819999426603317,57.6318,0.4955119,0.31435025
29.829999655485153,57.5918,0.4955119,0.315571
29.83999988436699,57.559803,0.4955119,0.3167918
29.850000113248825,57.571804,0.4955119,0.31801257
29.86000034213066,57.543804,0.49557924,0.31923336
29.870000571012497,57.551804,0.49564666,0.31923336
29.880000799894333,57.587803,0.495714,0.32045412
29.889999121427536,57.619804,0.49578133,0.32045412
29.899999350309372,57.6118,0.4959161,0.3216749
29.909999579191208,57.627804,0.49605083,0.3216749
29.919999808073044,57.651802,0.4961856,0.3216749
29.93000003695488,57.663807,0.4963877,0.3216749
29.940000265836716,57.691803,0.49658984,0.32045412
29.95000049471855,57.735806,0.49685928,0.32045412
29.960000723600388,57.795807,0.49719614,0.31923336
29.970000952482224,57.855804,0.49760038,0.3167918
29.979999274015427,57.983803,0.49820673,0.31435025
29.989999502897263,58.1158,0.49888045,0.3106879
29.9999997317791,58.2478,0.4996889,0.3058048
30.009999960660934,58.419804,0.50063205,0.30092168
30.02000018954277,58.5758,0.5014405,0.29603857
30.030000418424606,58.623802,0.5018447,0.2948178
30.040000647306442,58.659798,0.5019121,0.29603857
30.050000876188278,58.659798,0.5019121,0.29725936
30.05999919772148,58.6478,0.5019795,0.29725936
30.069999426603317,58.6878,0.5019795,0.29848012
30.079999655485153,58.7358,0.5019795,0.29970092
30.08999988436699,58.771797,0.5019795,0.30092168
30.100000113248825,58.7478,0.5019795,0.30214247
30.11000034213066,58.7158,0.5020469,0.30336323
30.120000571012497,58.6678,0.5020469,0.30336323
30.130000799894333,58.6078,0.50211424,0.30458403
30.139999121427536,58.6118,0.5021816,0.3058048
30.149999350309372,58.6158,0.5021816,0.3058048
30.159999579191208,58.6558,0.50224894,0.30702558
30.169999808073044,58.7198,0.5023163,0.30702558
30.18000003695488,58.7518,0.5023837,0.30824634
30.190000265836716,58.7398,0.50245106,0.30946714
30.20000049471855,58.7358,0.5025185,0.30946714
30.210000723600388,58.7158,0.5026532,0.30946714
30.220000952482224,58.6798,0.5027879,0.3106879
30.229999274015427,58.6678,0.5028553,0.3106879
30.239999502897263,58.6878,0.50292265,0.3119087
30.2499997317791,58.7238,0.50299007,0.3119087
30.259999960660934,58.7878,0.5031248,0.31312945
30.27000018954277,58.839798,0.50325954,0.31312945
30.280000418424606,58.8798,0.503529,0.31312945
30.290000647306442,58.8998,0.50379854,0.3119087
30.300000876188278,58.9198,0.50406796,0.3106879
30.30999919772148,58.971798,0.50453955,0.30946714
30.319999426603317,59.0118,0.50501114,0.3058048
30.329999655485153,59.1238,0.5055501,0.30336323
30.33999988436699,59.255802,0.5060217,0.30092168
30.350000113248825,59.3598,0.5064933,0.29970092
30.36000034213066,59.495796,0.5070323,0.29725936
30.370000571012497,59.5998,0.5074365,0.29603857
30.380000799894333,59.6238,0.507706,0.2948178
30.389999121427536,59.627796,0.50784075,0.2948178
30.399999350309372,59.607796,0.5079081,0.29603857
30.409999579191208,59.575794,0.5079081,0.29725936
30.419999808073044,59.571796,0.5079755,0.29725936
30.43000003695488,59.635796,0.5079755,0.29848012
30.440000265836716,59.667793,0.5079755,0.29970092
30.45000049471855,59.675797,0.5080429,0.30092168
30.460000723600388,59.6918,0.50811017,0.30092168
30.470000952482224,59.667793,0.50811017,0.30214247
30.479999274015427,59.619797,0.5081776,0.30336323
30.489999502897263,59.591797,0.50824493,0.30336323
30.4999997317791,59.587795,0.50824493,0.30458403
30.509999960660934,59.567795,0.50831234,0.3058048
30.52000018954277,59.595795,0.5083797,0.3058048
30.530000418424606,59.643795,0.5083797,0.30702558
30.540000647306442,59.6718,0.5083797,0.30824634
30.550000876188278,59.667793,0.5084471,0.30946714
30.55999919772148,59.667793,0.5084471,0.3106879
30.569999426603317,59.619797,0.5084471,0.3119087
30.579999655485153,59.5598,0.5084471,0.31312945
30.58999988436699,59.563797,0.50851446,0.31312945
30.600000113248825,59.5798,0.5085818,0.31435025
30.61000034213066,59.595795,0.5086492,0.31435025
30.620000571012497,59.659798,0.50878394,0.315571
30.630000799894333,59.6998,0.5088513,0.315571
30.639999121427536,59.695797,0.5089187,0.3167918
30.649999350309372,59.6918,0.50898606,0.3167918
30.659999579191208,59.683796,0.50912076,0.3167918
30.669999808073044,59.647797,0.5091881,0.31801257
30.68000003695488,59.639797,0.5093229,0.31801257
30.690000265836716,59.683796,0.509525,0.31801257
30.70000049471855,59.747795,0.5097271,0.3167918
30.710000723600388,59.807796,0.50992924,0.3167918
30.720000952482224,59.8718,0.5101987,0.3167918
30.729999274015427,59.907795,0.51040083,0.3167918
30.739999502897263,59.935795,0.51073766,0.315571
30.7499997317791,59.987797,0.5111419,0.31435025
30.759999960660934,60.027794,0.5114788,0.3119087
30.77000018954277,60.079796,0.51188296,0.3106879
30.780000418424606,60.171795,0.51235455,0.30824634
30.790000647306442,60.319794,0.51302826,0.3058048
30.800000876188278,60.46379,0.513702,0.30092168
30.80999919772148,60.599792,0.51430833,0.29970092
30.819999426603317,60.69179,0.51464516,0.29725936
30.829999655485153,60.683792,0.51484734,0.29725936
30.83999988436699,60.683792,0.5150494,0.29725936
30.850000113248825,60.703793,0.51518416,0.29725936
30.86000034213066,60.699795,0.51518416,0.29848012
30.870000571012497,60.699795,0.51518416,0.29970092
30.880000799894333,60.751793,0.51518416,0.30092168
30.889999121427536,60.77579,0.51518416,0.30092168
30.899999350309372,60.779793,0.51518416,0.30336323
30.909999579191208,60.77579,0.51518416,0.30336323
30.919999808073044,60.73579,0.51518416,0.3058048
30.93000003695488,60.687794,0.5152515,0.3058048
30.940000265836716,60.675793,0.5152515,0.30702558
30.95000049471855,60.667793,0.5152515,0.30824634
30.960000723600388,60.659794,0.5153189,0.30946714
30.970000952482224,60.679794,0.5153189,0.30946714
30.979999274015427,60.719795,0.5153189,0.3119087
30.989999502897263,60.727795,0.5153189,0.3119087
30.9999997317791,60.703793,0.5153189,0.31312945
31.009999960660934,60.69579,0.5153189,0.31435025
31.02000018954277,60.64379,0.5153189,0.315571
31.030000418424606,60.60379,0.5153189,0.3167918
31.040000647306442,60.599792,0.5153189,0.31801257
31.050000876188278,60.60379,0.5153863,0.31923336
31.05999919772148,60.611794,0.5153863,0.32045412
31.069999426603317,60.66379,0.51545364,0.32045412
31.079999655485153,60.687794,0.515521,0.3216749
31.08999988436699,60.679794,0.51558834,0.3216749
31.100000113248825,60.679794,0.5157231,0.3216749
31.11000034213066,60.671795,0.5158579,0.32289568
31.120000571012497,60.671795,0.51605994,0.3216749
31.130000799894333,60.703793,0.51632947,0.3216749
31.139999121427536,60.767796,0.5165989,0.32045412
31.149999350309372,60.855793,0.5169358,0.31923336
31.159999579191208,60.93579,0.5174074,0.3167918
31.169999808073044,61.091793,0.51794636,0.315571
31.18000003695488,61.203793,0.5186201,0.3119087
31.190000265836716,61.315792,0.5194285,0.30702558
31.20000049471855,61.43979,0.52023697,0.30214247
31.210000723600388,61.57979,0.52097803,0.29848012
31.220000952482224,61.62779,0.5214496,0.29725936
31.229999274015427,61.67979,0.5215844,0.29725936
31.239999502897263,61.743786,0.5217191,0.29725936
31.2499997317791,61.763786,0.5218538,0.29725936
31.259999960660934,61.823788,0.522056,0.29725936
31.27000018954277,61.91979,0.5222581,0.29603857
31.280000418424606,61.95979,0.5225276,0.29603857
31.290000647306442,61.93979,0.5227297,0.29603857
31.300000876188278,61.975792,0.5230665,0.2948178
31.30999919772148,61.99979,0.5234707,0.29237625
31.319999426603317,62.075787,0.5240097,0.2899347
31.329999655485153,62.15979,0.52454865,0.28749314
31.33999988436699,62.31979,0.52508765,0.28505158
31.350000113248825,62.435787,0.52569395,0.28138924
31.36000034213066,62.56379,0.52623296,0.28016847
31.370000571012497,62.663788,0.52663714,0.27772692
31.380000799894333,62.675785,0.5267719,0.27772692
31.389999121427536,62.647785,0.5267719,0.27894768
31.399999350309372,62.607784,0.52683926,0.28016847
31.409999579191208,62.603786,0.52683926,0.28138924
31.419999808073044,62.615788,0.52690667,0.28138924
31.43000003695488,62.68379,0.52690667,0.28261003
31.440000265836716,62.687786,0.52690667,0.2838308
31.45000049471855,62.70379,0.52690667,0.28505158
31.460000723600388,62.667786,0.526974,0.28627235
31.470000952482224,62.643787,0.526974,0.28749314
31.479999274015427,62.59179,0.526974,0.28749314
31.489999502897263,62.567787,0.526974,0.2899347
31.4999997317791,62.54379,0.526974,0.2899347
31.509999960660934,62.54379,0.526974,0.29115546
31.52000018954277,62.59179,0.52704144,0.29237625
31.530000418424606,62.627785,0.52704144,0.293597
31.540000647306442,62.643787,0.5271088,0.293597
31.550000876188278,62.615788,0.52717614,0.2948178
31.55999919772148,62.595787,0.5272435,0.29603857
31.569999426603317,62.555786,0.5272435,0.29725936
31.579999655485153,62.535786,0.52731085,0.29725936
31.58999988436699,62.547787,0.52737826,0.29848012
31.600000113248825,62.567787,0.527513,0.29848012
31.61000034213066,62.599785,0.5275804,0.29970092
31.620000571012497,62.68379,0.5277151,0.29970092
31.630000799894333,62.691788,0.52784985,0.29970092
31.639999121427536,62.707787,0.528052,0.29970092
31.649999350309372,62.71179,0.52825403,0.29970092
31.659999579191208,62.75179,0.5285909,0.29725936
31.669999808073044,62.775787,0.52899516,0.29603857
31.68000003695488,62.84379,0.52939934,0.2948178
31.690000265836716,62.951782,0.5298036,0.29237625
31.70000049471855,63.035786,0.5302078,0.29115546
31.710000723600388,63.131783,0.5305447,0.2899347
31.720000952482224,63.235786,0.5310163,0.28749314
31.729999274015427,63.327785,0.53155524,0.28505158
31.739999502897263,63.407787,0.53222895,0.28138924
31.7499997317791,63.519783,0.5327679,0.27894768
31.759999960660934,63.555782,0.5331048,0.27772692
31.77000018954277,63.547787,0.5332395,0.27772692
31.780000418424606,63.571785,0.5332395,0.28016847
31.790000647306442,63.587788,0.5333069,0.28016847
31.800000876188278,63.63578,0.5333069,0.28138924
31.80999919772148,63.663784,0.53337425,0.28138924
31.819999426603317,63.699783,0.53337425,0.2838308
31.830001562833786,63.64778,0.53337425,0.2838308
31.83999988436699,63.603783,0.53337425,0.28627235
31.849998205900192,63.587788,0.53344166,0.28627235
31.86000034213066,63.547787,0.53350896,0.28627235
31.869998663663864,63.519783,0.53350896,0.28749314
31.880000799894333,63.559784,0.53357637,0.2887139
31.889999121427536,63.591785,0.53357637,0.2899347
31.900001257658005,63.62778,0.5336437,0.2899347
31.909999579191208,63.65578,0.5337111,0.29115546
31.920001715421677,63.65578,0.5337111,0.29237625
31.93000003695488,63.599785,0.5337111,0.293597
31.939998358488083,63.567787,0.5337785,0.293597
31.95000049471855,63.539783,0.5337785,0.29603857
31.959998816251755,63.511784,0.5337785,0.29603857
31.970000952482224,63.53578,0.53384584,0.29725936
31.979999274015427,63.583782,0.53384584,0.29848012
31.990001410245895,63.595783,0.53384584,0.29970092
31.9999997317791,63.595783,0.53391325,0.29970092
32.01000186800957,63.619785,0.5339806,0.30092168
32.02000018954277,63.583782,0.5339806,0.30214247
32.02999851107597,63.527786,0.5340479,0.30336323
32.04000064730644,63.527786,0.53418267,0.30336323
32.049998968839645,63.54378,0.5342501,0.30336323
32.060001105070114,63.555782,0.53431743,0.30458403
32.06999942660332,63.591785,0.53438485,0.30458403
32.080001562833786,63.615784,0.5344522,0.3058048
32.08999988436699,63.643784,0.5345869,0.3058048
32.09999820590019,63.663784,0.5345869,0.30702558
32.11000034213066,63.659786,0.53465426,0.30702558
32.119998663663864,63.611782,0.534789,0.30824634
32.13000079989433,63.595783,0.53485644,0.30824634
32.139999121427536,63.615784,0.5349238,0.30946714
32.150001257658005,63.63578,0.53505856,0.30946714
32.15999957919121,63.687782,0.53519326,0.30946714
32.17000171542168,63.74778,0.535328,0.30946714
32.18000003695488,63.783783,0.53553015,0.30946714
32.18999835848808,63.811783,0.53579956,0.30946714
32.20000049471855,63.867783,0.5361365,0.30824634
32.209998816251755,63.895782,0.5365407,0.3058048
32.22000095248222,63.96778,0.53707963,0.30458403
32.22999927401543,64.08778,0.53775334,0.30092168
32.240001410245895,64.23978,0.53842705,0.29603857
32.2499997317791,64.35578,0.53889865,0.2948178
32.26000186800957,64.41978,0.5391681,0.293597
32.27000018954277,64.463776,0.5393029,0.293597
32.27999851107597,64.46778,0.53937024,0.2948178
32.29000064730644,64.46778,0.53937024,0.29603857
32.299998968839645,64.46778,0.5394376,0.29725936
32.310001105070114,64.447784,0.5394376,0.29725936
32.31999942660332,64.447784,0.539505,0.29848012
32.330001562833786,64.48378,0.539505,0.29970092
32.33999988436699,64.47978,0.53957236,0.29970092
32.34999820590019,64.45178,0.53957236,0.30092168
32.36000034213066,64.463776,0.5396397,0.30214247
32.369998663663864,64.447784,0.5396397,0.30336323
32.38000079989433,64.41178,0.5396397,0.30458403
32.389999121427536,64.43578,0.5397071,0.3058048
32.400001257658005,64.45578,0.5398419,0.3058048
32.40999957919121,64.47178,0.5399092,0.3058048
32.42000171542168,64.46778,0.53997654,0.30702558
32.43000003695488,64.48778,0.53997654,0.30702558
32.43999835848808,64.463776,0.53997654,0.30946714
32.45000049471855,64.45178,0.53997654,0.30946714
32.459998816251755,64.45578,0.53997654,0.3119087
32.47000095248222,64.45178,0.53997654,0.3119087
32.47999927401543,64.43178,0.53997654,0.31312945
32.490001410245895,64.447784,0.53997654,0.31435025
32.4999997317791,64.44378,0.54004395,0.315571
32.51000186800957,64.43578,0.54004395,0.3167918
32.52000018954277,64.43178,0.54004395,0.31801257
32.52999851107597,64.40778,0.54004395,0.31923336
32.54000064730644,64.39578,0.5401113,0.31923336
32.549998968839645,64.39178,0.5401113,0.32045412
32.560001105070114,64.38378,0.5401113,0.3216749
32.56999942660332,64.375786,0.5401113,0.32289568
32.580001562833786,64.375786,0.5401787,0.32411647
32.58999988436699,64.39578,0.5401787,0.32533723
32.59999820590019,64.39178,0.54024607,0.32533723
32.61000034213066,64.37178,0.54024607,0.32655802
32.619998663663864,64.41178,0.54038084,0.32655802
32.63000079989433,64.41178,0.54051554,0.32655802
32.639999121427536,64.40378,0.5405829,0.3277788
32.650001257658005,64.44378,0.5407851,0.3277788
32.65999957919121,64.491776,0.5410545,0.32655802
32.67000171542168,64.559784,0.5414587,0.32533723
32.68000003695488,64.655785,0.5419304,0.32289568
32.68999835848808,64.77178,0.5424693,0.32045412
32.70000049471855,64.87978,0.543143,0.3167918
32.709998816251755,65.01578,0.54395145,0.31312945
32.72000095248222,65.17978,0.5448273,0.30702558
32.72999927401543,65.33178,0.54543364,0.30458403
32.740001410245895,65.379776,0.54570305,0.30336323
32.7499997317791,65.39178,0.54577047,0.30458403
32.76000186800957,65.38378,0.54577047,0.3058048
32.77000018954277,65.395775,0.5458378,0.30702558
32.77999851107597,65.435776,0.5458378,0.30702558
32.79000064730644,65.46777,0.5458378,0.30946714
32.799998968839645,65.44778,0.5458378,0.30946714
32.810001105070114,65.44378,0.5458378,0.3106879
32.81999942660332,65.41978,0.5458378,0.3119087
32.830001562833786,65.355774,0.5458378,0.31312945
32.83999988436699,65.351776,0.5458378,0.31435025
32.84999820590019,65.34778,0.5458378,0.315571
32.86000034213066,65.33578,0.5458378,0.3167918
32.869998663663864,65.355774,0.5458378,0.31801257
32.88000079989433,65.38778,0.5458378,0.31923336
32.889999121427536,65.38778,0.5458378,0.32045412
32.900001257658005,65.37178,0.5458378,0.3216749
32.90999957919121,65.339775,0.5458378,0.32289568
32.92000171542168,65.29578,0.5458378,0.32411647
32.93000003695488,65.25178,0.54590523,0.32411647
32.93999835848808,65.27578,0.5459726,0.32533723
32.95000049471855,65.30378,0.54603994,0.32533723
32.959998816251755,65.33578,0.54610735,0.32655802
32.97000095248222,65.38778,0.5461747,0.32655802
32.97999927401543,65.41578,0.54637676,0.32655802
32.990001410245895,65.39977,0.54657894,0.32655802
32.9999997317791,65.435776,0.546781,0.32655802
33.01000186800957,65.44378,0.54691577,0.32655802
33.02000018954277,65.41978,0.5471179,0.32655802
33.02999851107597,65.463776,0.54738736,0.32533723
33.04000064730644,65.57977,0.54785895,0.32411647
33.049998968839645,65.73177,0.5484653,0.32045412
33.060001105070114,65.91978,0.54947585,0.315571
33.06999942660332,66.20377,0.5508907,0.30702558
33.080001562833786,66.51177,0.55244017,0.29725936
33.08999988436699,66.67577,0.5535181,0.2899347
33.09999820590019,66.81977,0.55432653,0.28627235
33.11000034213066,66.91577,0.55506766,0.28138924
33.119998663663864,67.07177,0.5560782,0.27650613
33.13000079989433,67.35177,0.5572909,0.26918146
33.139999121427536,67.67977,0.5585709,0.2618568
33.150001257658005,67.89177,0.55924463,0.25819448
33.15999957919121,67.98777,0.55944675,0.25697368
33.17000171542168,67.97577,0.55944675,0.25819448
33.18000003695488,67.91177,0.55944675,0.25941524
33.18999835848808,67.84777,0.55944675,0.26063603
33.20000049471855,67.84777,0.55944675,0.2618568
33.209998816251755,67.81177,0.55944675,0.2630776
33.22000095248222,67.83977,0.55944675,0.26429835
33.22999927401543,67.89177,0.55944675,0.26551914
33.240001410245895,67.95177,0.55944675,0.2667399
33.2499997317791,67.92377,0.55944675,0.2679607
33.26000186800957,67.85577,0.55944675,0.26918146
33.27000018954277,67.787766,0.55944675,0.27040225
33.27999851107597,67.72377,0.55944675,0.27162302
33.29000064730644,67.71177,0.55944675,0.27162302
33.299998968839645,67.73577,0.55944675,0.27406457
33.310001105070114,67.77577,0.55944675,0.27406457
33.31999942660332,67.79177,0.55944675,0.27650613
33.330001562833786,67.80777,0.55944675,0.27650613
33.33999988436699,67.787766,0.55944675,0.27772692
33.34999820590019,67.76377,0.55944675,0.27894768
33.36000034213066,67.71177,0.55944675,0.28016847
33.369998663663864,67.66377,0.55944675,0.28138924
33.38000079989433,67.591774,0.55944675,0.28261003
33.389999121427536,67.62777,0.55944675,0.2838308
33.400001257658005,67.66777,0.55944675,0.28505158
33.40999957919121,67.69977,0.55944675,0.28627235
33.42000171542168,67.73577,0.55944675,0.28749314
33.43000003695488,67.70776,0.55944675,0.2887139
33.43999835848808,67.63977,0.55944675,0.2899347
33.45000049471855,67.60777,0.55944675,0.29115546
33.459998816251755,67.57577,0.55944675,0.29115546
33.47000095248222,67.55177,0.55944675,0.293597
33.47999927401543,67.55177,0.55944675,0.293597
33.490001410245895,67.58377,0.55944675,0.29603857
33.4999997317791,67.60377,0.55944675,0.29603857
33.51000186800957,67.60777,0.55944675,0.29725936
33.52000018954277,67.635765,0.55944675,0.29848012
33.52999851107597,67.57577,0.55944675,0.29970092
33.54000064730644,67.51577,0.55944675,0.30092168
33.549998968839645,67.47577,0.55944675,0.30214247
33.560001105070114,67.455765,0.55944675,0.30336323
33.56999942660332,67.47177,0.55944675,0.30458403
33.580001562833786,67.53177,0.55944675,0.3058048
33.58999988436699,67.56777,0.55944675,0.30702558
33.59999820590019,67.52777,0.55944675,0.30824634
33.61000034213066,67.523766,0.55944675,0.30946714
33.619998663663864,67.507774,0.55944675,0.3106879
33.63000079989433,67.45177,0.55944675,0.3119087
33.639999121427536,67.40777,0.55944675,0.31312945
33.650001257658005,67.41577,0.5595141,0.31312945
33.65999957919121,67.39977,0.5595141,0.31435025
33.67000171542168,67.42377,0.5595141,0.315571
33.68000003695488,67.47577,0.5595141,0.3167918
33.68999835848808,67.495766,0.5595141,0.31801257
33.70000049471855,67.455765,0.5595141,0.31923336
33.709998816251755,67.43177,0.5595141,0.32045412
33.72000095248222,67.38777,0.5595141,0.3216749
33.72999927401543,67.31177,0.55958146,0.3216749
33.740001410245895,67.34377,0.5596488,0.32289568
33.7499997317791,67.39177,0.5597162,0.32289568
33.76000186800957,67.43177,0.559851,0.32289568
33.77000018954277,67.47177,0.5599857,0.32411647
33.77999851107597,67.523766,0.56025517,0.32289568
33.79000064730644,67.57977,0.56072676,0.3216749
33.799998968839645,67.67977,0.5613331,0.31801257
33.810001105070114,67.85577,0.56234366,0.3119087
33.81999942660332,68.08377,0.56369114,0.30458403
33.830001562833786,68.28377,0.564769,0.29848012
33.83999988436699,68.41977,0.5652406,0.29603857
33.84999820590019,68.467766,0.5652406,0.29725936
33.86000034213066,68.47577,0.5652406,0.29725936
33.869998663663864,68.49976,0.565308,0.29848012
33.88000079989433,68.53177,0.565308,0.29970092
33.889999121427536,68.52777,0.565308,0.30092168
33.900001257658005,68.53177,0.5653753,0.30092168
33.90999957919121,68.53177,0.5653753,0.30336323
33.92000171542168,68.47977,0.5653753,0.30336323
33.93000003695488,68.44777,0.5653753,0.3058048
33.93999835848808,68.43176,0.5653753,0.3058048
33.95000049471855,68.39577,0.5653753,0.30702558
33.959998816251755,68.39176,0.5653753,0.30824634
33.97000095248222,68.43176,0.5653753,0.30946714
33.97999927401543,68.47577,0.5653753,0.3106879
33.990001410245895,68.45177,0.56544274,0.3119087
33.9999997317791,68.45977,0.56544274,0.31312945
34.01000186800957,68.41577,0.5655101,0.31312945
34.02000018954277,68.37577,0.56557745,0.31435025
34.02999851107597,68.36777,0.56564486,0.31435025
34.04000064730644,68.411766,0.5657796,0.315571
34.049998968839645,68.439766,0.5659817,0.31435025
34.060001105070114,68.49976,0.5662512,0.31435025
34.06999942660332,68.61577,0.56658804,0.31312945
34.080001562833786,68.70776,0.567127,0.3106879
34.08999988436699,68.83576,0.5678681,0.30702558
34.09999820590019,68.97576,0.5687439,0.30214247
34.11000034213066,69.135765,0.5697544,0.29603857
34.119998663663864,69.26776,0.57049555,0.29115546
34.13000079989433,69.343765,0.570765,0.29115546
34.139999121427536,69.35577,0.570765,0.29115546
34.150001257658005,69.383766,0.5708324,0.29237625
34.15999957919121,69.427765,0.5708324,0.293597
34.17000171542168,69.47576,0.5708324,0.2948178
34.18000003695488,69.45177,0.5708324,0.29603857
34.18999835848808,69.455765,0.5708324,0.29725936
34.20000049471855,69.43176,0.5708324,0.29848012
34.209998816251755,69.36776,0.5708324,0.29970092
34.22000095248222,69.30776,0.5708324,0.30092168
34.22999927401543,69.31177,0.5708324,0.30214247
34.240001410245895,69.29176,0.5708324,0.30336323
34.2499997317791,69.29976,0.5708324,0.30458403
34.26000186800957,69.371765,0.5708324,0.3058048
34.27000018954277,69.383766,0.5708324,0.30702558
34.27999851107597,69.37576,0.5708324,0.30702558
34.29000064730644,69.34776,0.5708998,0.30824634
34.299998968839645,69.29576,0.5708998,0.30946714
34.310001105070114,69.23576,0.57096714,0.3106879
34.31999942660332,69.247765,0.5710345,0.3106879
34.330001562833786,69.27177,0.5711019,0.3119087
34.33999988436699,69.29976,0.5711692,0.3119087
34.34999820590019,69.32777,0.5712366,0.31312945
34.36000034213066,69.37976,0.57130396,0.31312945
34.369998663663864,69.387764,0.5713714,0.31435025
34.38000079989433,69.36776,0.5715061,0.31435025
34.389999121427536,69.387764,0.5717082,0.31435025
34.400001257658005,69.359764,0.57177556,0.315571
34.40999957919121,69.31177,0.5718429,0.315571
34.42000171542168,69.359764,0.5719103,0.3167918
34.43000003695488,69.40376,0.5720451,0.3167918
34.43999835848808,69.47576,0.57224715,0.3167918
34.45000049471855,69.56377,0.57258403,0.315571
34.459998816251755,69.663765,0.573123,0.31312945
34.47000095248222,69.78376,0.57386404,0.30946714
34.47999927401543,69.90376,0.5748073,0.30336323
34.490001410245895,70.10376,0.57588524,0.29725936
34.4999997317791,70.27976,0.5768958,0.29115546
34.51000186800957,70.39176,0.57736737,0.2887139
34.52000018954277,70.42776,0.5774347,0.2899347
34.52999851107597,70.43176,0.5774347,0.29115546
34.54000064730644,70.46376,0.5774347,0.29115546
34.549998968839645,70.52376,0.5774347,0.293597
34.560001105070114,70.55176,0.5774347,0.293597
34.56999942660332,70.51976,0.5774347,0.29603857
34.580001562833786,70.47176,0.5774347,0.29603857
34.58999988436699,70.43176,0.5774347,0.29725936
34.59999820590019,70.37976,0.5774347,0.29848012
34.61000034213066,70.36776,0.5774347,0.29970092
34.619998663663864,70.37576,0.5774347,0.30092168
34.63000079989433,70.35576,0.5774347,0.30214247
34.639999121427536,70.40376,0.5775021,0.30336323
34.650001257658005,70.45976,0.5775021,0.30458403
34.65999957919121,70.43976,0.5775021,0.3058048
34.67000171542168,70.399765,0.5775694,0.3058048
34.68000003695488,70.37976,0.57763684,0.30702558
34.68999835848808,70.331764,0.57763684,0.30824634
34.70000049471855,70.29576,0.57763684,0.30946714
34.709998816251755,70.31576,0.57763684,0.3106879
34.72000095248222,70.35176,0.5777042,0.3106879
34.72999927401543,70.40376,0.57783896,0.3106879
34.740001410245895,70.43976,0.5779737,0.3119087
34.7499997317791,70.45976,0.578041,0.3119087
34.76000186800957,70.41176,0.578041,0.31312945
34.77000018954277,70.38776,0.578041,0.31435025
34.77999851107597,70.36776,0.57810843,0.315571
34.79000064730644,70.34376,0.57831055,0.315571
34.799998968839645,70.37176,0.5783779,0.315571
34.810001105070114,70.43176,0.57851267,0.315571
34.81999942660332,70.487755,0.5786474,0.315571
34.830001562833786,70.54776,0.5789169,0.315571
34.83999988436699,70.61176,0.57911897,0.315571
34.84999820590019,70.60776,0.5793211,0.31435025
34.86000034213066,70.579765,0.5795906,0.31435025
34.869998663663864,70.61176,0.5798601,0.31312945
34.88000079989433,70.667755,0.5801969,0.3119087
34.889999121427536,70.76376,0.5806685,0.3106879
34.900001257658005,70.88376,0.58114016,0.30824634
34.90999957919121,71.05176,0.58188117,0.30458403
34.92000171542168,71.22776,0.58268964,0.29970092
34.93000003695488,71.37176,0.5833633,0.29603857
34.93999835848808,71.443756,0.58370024,0.2948178
34.95000049471855,71.403755,0.58383495,0.2948178
34.959998816251755,71.363754,0.58383495,0.29603857
34.97000095248222,71.36776,0.58383495,0.29725936
34.97999927401543,71.391754,0.58383495,0.29848012
34.990001410245895,71.42375,0.58383495,0.29970092
34.9999997317791,71.48376,0.58383495,0.30092168
35.01000186800957,71.499756,0.58383495,0.30214247
35.02000018954277,71.459755,0.58383495,0.30336323
35.02999851107597,71.39575,0.58383495,0.30458403
35.04000064730644,71.35175,0.58383495,0.3058048
35.049998968839645,71.279755,0.58383495,0.30702558
35.060001105070114,71.26776,0.58383495,0.30702558
35.06999942660332,71.29576,0.5839023,0.30824634
35.080001562833786,71.32375,0.5839023,0.30946714
35.08999988436699,71.37576,0.5839023,0.3106879
35.09999820590019,71.403755,0.5839023,0.3119087
35.11000034213066,71.363754,0.5839023,0.31312945
35.119998663663864,71.31576,0.5839023,0.31435025
35.13000079989433,71.25576,0.5839023,0.315571
35.139999121427536,71.21976,0.5839023,0.3167918
35.150001257658005,71.18776,0.5839023,0.3167918
35.15999957919121,71.207756,0.5839023,0.31923336
35.17000171542168,71.27176,0.5839023,0.31923336
35.18000003695488,71.29576,0.5839023,0.3216749
35.18999835848808,71.32375,0.58396965,0.3216749
35.20000049471855,71.31576,0.58396965,0.32289568
35.209998816251755,71.223755,0.58396965,0.32411647
35.22000095248222,71.19976,0.58403707,0.32533723
35.22999927401543,71.19576,0.5841718,0.32533723
35.240001410245895,71.183754,0.5842392,0.32533723
35.2499997317791,71.22776,0.58437395,0.32533723
35.26000186800957,71.319756,0.584576,0.32533723
35.27000018954277,71.42375,0.58491284,0.32411647
35.27999851107597,71.499756,0.58531713,0.32289568
35.29000064730644,71.56776,0.5857887,0.32045412
35.299998968839645,71.65176,0.58646244,0.3167918
35.310001105070114,71.73176,0.58720344,0.31312945
35.31999942660332,71.87976,0.5880119,0.30824634
35.330001562833786,72.027756,0.588753,0.30458403
35.33999988436699,72.14375,0.58935934,0.30214247
35.34999820590019,72.26775,0.5896289,0.30092168
35.36000034213066,72.35575,0.5897635,0.30092168
35.369998663663864,72.37175,0.58983094,0.30214247
35.38000079989433,72.375755,0.58983094,0.30336323
35.389999121427536,72.37975,0.58983094,0.30458403
35.400001257658005,72.32375,0.5898983,0.30458403
35.40999957919121,72.29975,0.5898983,0.3058048
35.42000171542168,72.30376,0.5899657,0.30702558
35.43000003695488,72.29975,0.59010047,0.30702558
35.43999835848808,72.31576,0.5901678,0.30702558
35.45000049471855,72.36775,0.5902351,0.30824634
35.459998816251755,72.38776,0.5903025,0.30946714
35.47000095248222,72.363754,0.5904373,0.30946714
35.47999927401543,72.37975,0.5904373,0.3106879
35.490001410245895,72.37175,0.590572,0.3106879
35.4999997317791,72.38376,0.59070677,0.3106879
35.51000186800957,72.375755,0.5909089,0.3106879
35.52000018954277,72.443756,0.591111,0.3106879
35.52999851107597,72.49175,0.59144783,0.30946714
35.54000064730644,72.59175,0.5919868,0.30702558
35.549998968839645,72.751755,0.59259313,0.30336323
35.560001105070114,72.88375,0.59326684,0.29970092
35.56999942660332,72.99575,0.5939405,0.29603857
35.580001562833786,73.10775,0.59461427,0.293597
35.58999988436699,73.19175,0.59501845,0.29115546
35.59999820590019,73.19975,0.5951532,0.29115546
35.61000034213066,73.21975,0.59522057,0.29237625
35.619998663663864,73.25975,0.595288,0.293597
35.63000079989433,73.267746,0.59535533,0.293597
35.639999121427536,73.30375,0.59535533,0.2948178
35.650001257658005,73.31975,0.59535533,0.29603857
35.65999957919121,73.28775,0.59535533,0.29725936
35.67000171542168,73.24775,0.59535533,0.29848012
35.68000003695488,73.20775,0.59535533,0.29970092
35.68999835848808,73.179756,0.59535533,0.30092168
35.70000049471855,73.15975,0.59542274,0.30092168
35.709998816251755,73.18775,0.59542274,0.30214247
35.72000095248222,73.21575,0.5954901,0.30336323
35.72999927401543,73.23175,0.59555745,0.30336323
35.740001410245895,73.26375,0.5956248,0.30458403
35.7499997317791,73.24375,0.5956248,0.3058048
35.76000186800957,73.211754,0.59569216,0.3058048
35.77000018954277,73.19575,0.5957596,0.30702558
35.77999851107597,73.15575,0.5958269,0.30824634
35.79000064730644,73.14375,0.5958269,0.30946714
35.799998968839645,73.183754,0.5959617,0.30946714
35.810001105070114,73.23975,0.5960291,0.30946714
35.81999942660332,73.251755,0.5960291,0.3106879
35.830001562833786,73.25975,0.5960964,0.3119087
35.83999988436699,73.267746,0.59623116,0.3119087
35.84999820590019,73.25975,0.5962985,0.31312945
35.86000034213066,73.23175,0.5964333,0.31312945
35.869998663663864,73.24775,0.59650064,0.31312945
35.88000079989433,73.23975,0.59656805,0.31435025
35.889999121427536,73.24775,0.59670275,0.31435025
35.900001257658005,73.31175,0.5967701,0.315571
35.90999957919121,73.35175,0.5969049,0.315571
35.92000171542168,73.35575,0.5969722,0.315571
35.93000003695488,73.363754,0.59710693,0.315571
35.93999835848808,73.379745,0.5972417,0.3167918
35.95000049471855,73.38775,0.59751123,0.315571
35.959998816251755,73.45575,0.5979154,0.31435025
35.97000095248222,73.543755,0.598387,0.3119087
35.97999927401543,73.671745,0.59899336,0.30946714
35.990001410245895,73.77575,0.5995997,0.3058048
35.9999997317791,73.92775,0.60027343,0.30336323
36.01000186800957,74.07975,0.6009471,0.29970092
36.02000018954277,74.19175,0.60155344,0.29603857
36.02999851107597,74.26375,0.60189027,0.2948178
36.04000064730644,74.26375,0.60189027,0.29603857
36.049998968839645,74.215744,0.6019577,0.29603857
36.060001105070114,74.22375,0.6019577,0.29725936
36.06999942660332,74.26375,0.6019577,0.29848012
36.080001562833786,74.27174,0.6019577,0.29970092
36.08999988436699,74.27975,0.6019577,0.30092168
36.09999820590019,74.30375,0.60202503,0.30092168
36.11000034213066,74.255745,0.6020924,0.30214247
36.119998663663864,74.22775,0.6021598,0.30336323
36.13000079989433,74.215744,0.6021598,0.30458403
36.139999121427536,74.17975,0.60222715,0.30458403
36.150001257658005,74.18375,0.60222715,0.3058048
36.15999957919121,74.20775,0.60222715,0.30702558
36.17000171542168,74.23575,0.60229456,0.30824634
36.18000003695488,74.25975,0.6023619,0.30824634
36.18999835848808,74.29975,0.6024293,0.30946714
36.20000049471855,74.283745,0.6024966,0.30946714
36.209998816251755,74.215744,0.602564,0.3106879
36.22000095248222,74.20374,0.602564,0.3119087
36.22999927401543,74.19575,0.60269874,0.31312945
36.240001410245895,74.19575,0.60269874,0.31312945
36.2499997317791,74.215744,0.60276616,0.31312945
36.26000186800957,74.267746,0.6028335,0.31435025
36.27000018954277,74.295746,0.60290086,0.315571
36.27999851107597,74.295746,0.6029682,0.315571
36.29000064730644,74.30375,0.60303557,0.3167918
36.299998968839645,74.267746,0.60303557,0.31801257
36.310001105070114,74.215744,0.60303557,0.31923336
36.31999942660332,74.215744,0.603103,0.31923336
36.330001562833786,74.20374,0.603103,0.32045412
36.33999988436699,74.215744,0.603103,0.3216749
36.34999820590019,74.26375,0.60317034,0.32289568
36.36000034213066,74.30375,0.60323775,0.32289568
36.369998663663864,74.295746,0.60337245,0.32411647
36.38000079989433,74.31975,0.6035746,0.32289568
36.389999121427536,74.34375,0.60384405,0.32289568
36.400001257658005,74.37575,0.6041809,0.3216749
36.40999957919121,74.43175,0.6045851,0.31923336
36.42000171542168,74.519745,0.6050567,0.31801257
36.43000003695488,74.631744,0.60552835,0.315571
36.43999835848808,74.743744,0.60613465,0.3119087
36.45000049471855,74.91975,0.60680836,0.30946714
36.459998816251755,75.05575,0.6073473,0.3058048
36.47000095248222,75.10774,0.60775155,0.3058048
36.47999927401543,75.12775,0.6078189,0.3058048
36.490001410245895,75.09575,0.6078863,0.3058048
36.4999997317791,75.07974,0.608021,0.30702558
36.51000186800957,75.10774,0.60808843,0.30702558
36.52000018954277,75.15174,0.60808843,0.30824634
36.52999851107597,75.17574,0.60808843,0.30946714
36.54000064730644,75.19174,0.6081558,0.30946714
36.549998968839645,75.21175,0.6082232,0.3106879
36.560001105070114,75.17574,0.6082905,0.3119087
36.56999942660332,75.13974,0.6083579,0.3119087
36.580001562833786,75.115746,0.60842526,0.31312945
36.58999988436699,75.07974,0.60842526,0.31435025
36.59999820590019,75.10774,0.60842526,0.315571
36.61000034213066,75.12775,0.6084926,0.315571
36.619998663663864,75.16775,0.6084926,0.3167918
36.63000079989433,75.16775,0.60856,0.3167918
36.639999121427536,75.215744,0.6086274,0.31801257
36.650001257658005,75.17974,0.6086948,0.31923336
36.65999957919121,75.159744,0.6087621,0.31923336
36.67000171542168,75.13974,0.60889685,0.31923336
36.68000003695488,75.14774,0.6090316,0.32045412
36.68999835848808,75.159744,0.60923374,0.32045412
36.70000049471855,75.21175,0.60936844,0.32045412
36.709998816251755,75.28774,0.60957056,0.32045412
36.72000095248222,75.33575,0.6097727,0.31923336
36.72999927401543,75.395744,0.6101095,0.31801257
36.740001410245895,75.48775,0.6105811,0.3167918
36.7499997317791,75.55174,0.61118746,0.31312945
36.76000186800957,75.63974,0.61186117,0.30946714
36.77000018954277,75.80774,0.612737,0.30458403
36.77999851107597,75.97574,0.6135454,0.30092168
36.79000064730644,76.09574,0.61408436,0.29848012
36.799998968839645,76.15574,0.6141518,0.29848012
36.810001105070114,76.19174,0.6141518,0.29970092
36.81999942660332,76.171745,0.6141518,0.30092168
36.830001562833786,76.19174,0.6141518,0.30214247
36.83999988436699,76.19974,0.6141518,0.30336323
36.84999820590019,76.15974,0.6141518,0.30458403
36.86000034213066,76.13574,0.6141518,0.3058048
36.869998663663864,76.131744,0.6141518,0.30702558
36.88000079989433,76.10774,0.6141518,0.30702558
36.889999121427536,76.09174,0.6141518,0.30946714
36.900001257658005,76.103745,0.6141518,0.30946714
36.90999957919121,76.09574,0.6142191,0.3106879
36.92000171542168,76.07974,0.6142191,0.3119087
36.93000003695488,76.09574,0.6142191,0.31312945
36.93999835848808,76.08774,0.6142191,0.31435025
36.95000049471855,76.06774,0.6142191,0.315571
36.959998816251755,76.04774,0.6142191,0.3167918
36.97000095248222,76.031746,0.61428654,0.3167918
36.97999927401543,76.00374,0.61428654,0.31801257
36.990001410245895,76.031746,0.6143539,0.31923336
36.9999997317791,76.05574,0.61442125,0.31923336
37.01000186800957,76.05574,0.61442125,0.32045412
37.02000018954277,76.05174,0.614556,0.3216749
37.02999851107597,76.08374,0.6146907,0.3216749
37.04000064730644,76.10774,0.6148255,0.3216749
37.049998968839645,76.103745,0.6150276,0.3216749
37.060001105070114,76.13974,0.61522967,0.3216749
37.06999942660332,76.18774,0.6154992,0.32045412
37.080001562833786,76.21974,0.615836,0.31923336
37.08999988436699,76.31574,0.61624026,0.31801257
37.09999820590019,76.44774,0.6168466,0.31435025
37.11000034213066,76.59974,0.61772245,0.30946714
37.119998663663864,76.79174,0.6188004,0.30336323
37.13000079989433,77.05974,0.620013,0.29603857
37.139999121427536,77.25174,0.62109095,0.2899347
37.150001257658005,77.37974,0.6216299,0.28749314
37.15999957919121,77.41573,0.6218994,0.28749314
37.17000171542168,77.42374,0.62196684,0.28749314
37.18000003695488,77.43174,0.62203413,0.28749314
37.18999835848808,77.48773,0.6221015,0.2887139
37.20000049471855,77.51174,0.6221015,0.2899347
37.209998816251755,77.535736,0.6221689,0.2899347
37.22000095248222,77.55573,0.62223625,0.29115546
37.22999927401543,77.539734,0.62230366,0.29115546
37.240001410245895,77.47574,0.6224384,0.29115546
37.2499997317791,77.467735,0.6225731,0.29237625
37.26000186800957,77.46374,0.62277526,0.29115546
37.27000018954277,77.50374,0.6230447,0.29115546
37.27999851107597,77.61173,0.62344897,0.2899347
37.29000064730644,77.77973,0.62392056,0.28749314
37.299998968839645,77.88773,0.6244595,0.28505158
37.310001105070114,78.01574,0.6251332,0.28138924
37.31999942660332,78.16773,0.62594163,0.27650613
37.330001562833786,78.27973,0.62681746,0.2728438
37.33999988436699,78.35173,0.6272891,0.27040225
37.34999820590019,78.35573,0.6273564,0.27040225
37.36000034213066,78.35173,0.6273564,0.27162302
37.369998663663864,78.36774,0.6273564,0.2728438
37.38000079989433,78.427734,0.6273564,0.27406457
37.389999121427536,78.45174,0.6274238,0.27528536
37.400001257658005,78.455734,0.6274238,0.27650613
37.40999957919121,78.44773,0.6274238,0.27650613
37.42000171542168,78.38773,0.6274238,0.27772692
37.43000003695488,78.30773,0.6274238,0.27894768
37.43999835848808,78.271736,0.6274238,0.28016847
37.45000049471855,78.259735,0.6274238,0.28138924
37.459998816251755,78.247734,0.6274238,0.28261003
37.47000095248222,78.29573,0.6274238,0.2838308
37.47999927401543,78.33974,0.6274238,0.28505158
37.490001410245895,78.343735,0.6274238,0.28627235
37.4999997317791,78.31973,0.6274238,0.28749314
37.51000186800957,78.271736,0.6274238,0.2887139
37.52000018954277,78.21573,0.6274238,0.2899347
37.52999851107597,78.15573,0.6274238,0.29115546
37.54000064730644,78.147736,0.6274238,0.29237625
37.549998968839645,78.17173,0.6274238,0.293597
37.560001105070114,78.18774,0.6274238,0.2948178
37.56999942660332,78.231735,0.6274238,0.29603857
37.580001562833786,78.25173,0.6274238,0.29725936
37.58999988436699,78.20773,0.6274238,0.29725936
37.59999820590019,78.17973,0.6274238,0.29848012
37.61000034213066,78.12774,0.6274912,0.29970092
37.619998663663864,78.09573,0.6274912,0.30092168
37.63000079989433,78.05573,0.6275585,0.30214247
37.639999121427536,78.10373,0.6275585,0.30214247
37.650001257658005,78.13174,0.6275585,0.30336323
37.65999957919121,78.147736,0.6275585,0.30458403
37.67000171542168,78.17973,0.62762594,0.3058048
37.68000003695488,78.175735,0.6276933,0.3058048
37.68999835848808,78.11573,0.6276933,0.30702558
37.70000049471855,78.08373,0.6277607,0.30824634
37.709998816251755,78.04774,0.6277607,0.30946714
37.72000095248222,78.01974,0.62782806,0.30946714
37.72999927401543,78.051735,0.6278954,0.3106879
37.740001410245895,78.13973,0.6280301,0.3106879
37.7499997317791,78.191734,0.62829965,0.3106879
37.76000186800957,78.26774,0.6285691,0.30946714
37.77000018954277,78.343735,0.6289733,0.30824634
37.77999851107597,78.39173,0.6295123,0.3058048
37.79000064730644,78.45973,0.630186,0.30092168
37.799998968839645,78.59173,0.6309945,0.29725936
37.810001105070114,78.763725,0.6319377,0.29115546
37.81999942660332,79.01973,0.63301563,0.28627235
37.830001562833786,79.21973,0.63375664,0.28138924
37.83999988436699,79.335724,0.63402617,0.28138924
37.84999820590019,79.359726,0.6340935,0.28138924
37.86000034213066,79.35573,0.63416094,0.28261003
37.869998663663864,79.35173,0.63416094,0.2838308
37.88000079989433,79.31173,0.6342282,0.2838308
37.889999121427536,79.307724,0.6342282,0.28505158
37.900001257658005,79.31173,0.63429564,0.28627235
37.90999957919121,79.303734,0.63429564,0.28749314
37.92000171542168,79.31173,0.634363,0.28749314
37.93000003695488,79.343735,0.63443035,0.2887139
37.93999835848808,79.343735,0.63443035,0.2899347
37.95000049471855,79.307724,0.63449776,0.2899347
37.959998816251755,79.29973,0.6345651,0.29115546
37.97000095248222,79.27973,0.6347672,0.29115546
37.97999927401543,79.32373,0.63496935,0.2899347
37.990001410245895,79.37973,0.6351041,0.29115546
37.9999997317791,79.43173,0.6353062,0.2899347
38.01000186800957,79.46373,0.63564306,0.2899347
38.02000018954277,79.55573,0.63611466,0.28749314
38.02999851107597,79.62772,0.63658625,0.28627235
38.04000064730644,79.72773,0.63705784,0.28261003
38.049998968839645,79.84773,0.63773155,0.28016847
38.060001105070114,79.987724,0.63840526,0.27650613
38.06999942660332,80.07573,0.63894427,0.27406457
38.080001562833786,80.123726,0.6391463,0.2728438
38.08999988436699,80.15572,0.6391463,0.27406457
38.09999820590019,80.15973,0.6391463,0.27528536
38.11000034213066,80.14372,0.6392137,0.27650613
38.119998663663864,80.16773,0.6392137,0.27772692
38.13000079989433,80.15572,0.6392137,0.27894768
38.139999121427536,80.123726,0.6392137,0.28016847
38.150001257658005,80.123726,0.6392137,0.28138924
38.15999957919121,80.11173,0.6392137,0.28138924
38.17000171542168,80.07573,0.6392137,0.28261003
38.18000003695488,80.055725,0.6392137,0.2838308
38.18999835848808,80.055725,0.6392811,0.28505158
38.20000049471855,80.04773,0.6392811,0.28627235
38.209998816251755,80.06372,0.6392811,0.28749314
38.22000095248222,80.095726,0.6392811,0.2887139
38.22999927401543,80.07173,0.63934845,0.2887139
38.240001410245895,80.015724,0.63934845,0.2899347
38.2499997317791,80.01173,0.6394158,0.29115546
38.26000186800957,80.00373,0.6394158,0.29237625
38.27000018954277,80.00373,0.6394832,0.29237625
38.27999851107597,80.01173,0.6394832,0.293597
38.29000064730644,80.00773,0.6394832,0.2948178
38.299998968839645,79.99173,0.6395505,0.29603857
38.310001105070114,79.999725,0.6395505,0.29725936
38.31999942660332,80.00373,0.6395505,0.29848012
38.330001562833786,79.98373,0.6395505,0.29970092
38.33999988436699,79.955734,0.6395505,0.30092168
38.34999820590019,79.94772,0.6395505,0.30092168
38.36000034213066,79.91972,0.6396179,0.30214247
38.369998663663864,79.90772,0.6396179,0.30336323
38.38000079989433,79.931725,0.6396179,0.30458403
38.389999121427536,79.95173,0.6396853,0.3058048
38.400001257658005,79.94772,0.6396853,0.3058048
38.40999957919121,79.959724,0.6397527,0.30702558
38.42000171542168,79.93573,0.63982004,0.30702558
38.43000003695488,79.931725,0.6398874,0.30824634
38.43999835848808,79.95173,0.6400895,0.30824634
38.45000049471855,79.98373,0.64029163,0.30824634
38.459998816251755,79.987724,0.6404264,0.30824634
38.47000095248222,80.027725,0.6405611,0.30824634
38.47999927401543,80.06372,0.64062846,0.30946714
38.490001410245895,80.083725,0.6407632,0.30946714
38.4999997317791,80.10773,0.64096534,0.30946714
38.51000186800957,80.13172,0.64110005,0.30946714
38.52000018954277,80.15572,0.64130217,0.30946714
38.52999851107597,80.19173,0.641639,0.30824634
38.54000064730644,80.247734,0.6419759,0.30702558
38.549998968839645,80.33973,0.64231277,0.3058048
38.560001105070114,80.41973,0.64278436,0.30336323
38.56999942660332,80.54773,0.6433233,0.30092168
38.580001562833786,80.63173,0.6437949,0.29848012
38.58999988436699,80.71173,0.64426655,0.29603857
38.59999820590019,80.807724,0.6446707,0.2948178
38.61000034213066,80.88772,0.64500755,0.293597
38.619998663663864,80.91972,0.64534444,0.29237625
38.63000079989433,80.959724,0.64547914,0.29237625
38.639999121427536,80.98373,0.64554656,0.293597
38.650001257658005,80.98373,0.6456139,0.293597
38.65999957919121,80.987724,0.6456813,0.2948178
38.67000171542168,81.04373,0.645816,0.2948178
38.68000003695488,81.027725,0.645816,0.29603857
38.68999835848808,81.00373,0.645816,0.29725936
38.70000049471855,80.99172,0.645816,0.29848012
38.709998816251755,80.97972,0.6458834,0.29970092
38.72000095248222,80.96373,0.6458834,0.30092168
38.72999927401543,80.96373,0.64595073,0.30092168
38.740001410245895,80.987724,0.64601815,0.30092168
38.7499997317791,80.97972,0.6460855,0.30214247
38.76000186800957,80.97573,0.6460855,0.30336323
38.77000018954277,80.99172,0.6460855,0.30458403
38.77999851107597,80.959724,0.6460855,0.3058048
38.79000064730644,80.93972,0.6460855,0.30702558
38.799998968839645,80.93573,0.6460855,0.30824634
38.810001105070114,80.903725,0.6461529,0.30946714
38.81999942660332,80.91972,0.6462876,0.30946714
38.830001562833786,80.95572,0.6462876,0.3106879
38.83999988436699,80.987724,0.64635503,0.3106879
38.84999820590019,80.94772,0.6464223,0.3119087
38.86000034213066,80.943726,0.6464223,0.31312945
38.869998663663864,80.93972,0.6464223,0.31435025
38.88000079989433,80.92373,0.64648974,0.31435025
38.889999121427536,80.92772,0.6465571,0.315571
38.900001257658005,80.943726,0.6465571,0.3167918
38.90999957919121,80.93972,0.6466245,0.3167918
38.92000171542168,80.95572,0.6467592,0.3167918
38.93000003695488,80.987724,0.646894,0.3167918
38.93999835848808,80.999725,0.64696133,0.31801257
38.95000049471855,80.98373,0.6470287,0.31923336
38.959998816251755,80.99572,0.6470287,0.32045412
38.97000095248222,80.987724,0.64716345,0.32045412
38.97999927401543,80.98373,0.6472982,0.32045412
38.990001410245895,81.027725,0.647433,0.32045412
38.9999997317791,81.095726,0.6477024,0.32045412
39.01000186800957,81.14773,0.6480392,0.31923336
39.02000018954277,81.21972,0.6483761,0.31801257
39.02999851107597,81.279724,0.648713,0.3167918
39.04000064730644,81.32772,0.6491172,0.315571
39.049998968839645,81.40772,0.64952147,0.31312945
39.060001105070114,81.51972,0.6500604,0.3119087
39.06999942660332,81.639725,0.65059936,0.30824634
39.080001562833786,81.76372,0.65120566,0.3058048
39.08999988436699,81.875725,0.6517446,0.30214247
39.09999820590019,81.95172,0.65208155,0.30092168
39.11000034213066,81.98373,0.6522836,0.30092168
39.119998663663864,82.01972,0.65235096,0.30092168
39.13000079989433,81.999725,0.6524184,0.30214247
39.139999121427536,81.99172,0.6524184,0.30336323
39.150001257658005,81.999725,0.6524857,0.30458403
39.15999957919121,82.02772,0.6524857,0.3058048
39.17000171542168,82.02372,0.6524857,0.30702558
39.18000003695488,82.00772,0.65255314,0.30702558
39.18999835848808,82.00772,0.65255314,0.30824634
39.20000049471855,81.975716,0.6526205,0.30946714
39.209998816251755,81.97972,0.6527552,0.30946714
39.22000095248222,82.00772,0.65288997,0.30946714
39.22999927401543,82.02372,0.6530247,0.30946714
39.240001410245895,82.04372,0.65315944,0.30946714
39.2499997317791,82.06772,0.65315944,0.3119087
39.26000186800957,82.04772,0.65315944,0.3119087
39.27000018954277,82.03572,0.65322685,0.31312945
39.27999851107597,82.05572,0.65329415,0.31312945
39.29000064730644,82.04772,0.65336156,0.31435025
39.299998968839645,82.02772,0.6534289,0.315571
39.310001105070114,82.08372,0.65369844,0.31435025
39.31999942660332,82.14372,0.6539005,0.31435025
39.330001562833786,82.17572,0.65417004,0.31312945
39.33999988436699,82.24372,0.65450686,0.3119087
39.34999820590019,82.323715,0.65491104,0.3106879
39.36000034213066,82.40372,0.65545005,0.30824634
39.369998663663864,82.531715,0.65605634,0.30458403
39.38000079989433,82.67972,0.6568648,0.30092168
39.389999121427536,82.839714,0.6576733,0.29603857
39.400001257658005,82.98772,0.6584818,0.29237625
39.40999957919121,83.131714,0.6590207,0.2887139
39.42000171542168,83.211716,0.65935755,0.2887139
39.43000003695488,83.199715,0.6594923,0.28749314
39.43999835848808,83.23172,0.65955967,0.2887139
39.45000049471855,83.255714,0.6596271,0.2899347
39.459998816251755,83.27571,0.6596944,0.2899347
39.47000095248222,83.30371,0.6596944,0.29115546
39.47999927401543,83.27972,0.6597618,0.29237625
39.490001410245895,83.27972,0.6598965,0.29237625
39.4999997317791,83.28372,0.66003126,0.29237625
39.51000186800957,83.31172,0.6602334,0.29237625
39.52000018954277,83.323715,0.6603681,0.29237625
39.52999851107597,83.31571,0.66057026,0.29237625
39.54000064730644,83.35972,0.6607723,0.29115546
39.549998968839645,83.41971,0.66104186,0.29115546
39.560001105070114,83.49971,0.66144603,0.2899347
39.56999942660332,83.61172,0.6619176,0.28749314
39.580001562833786,83.69172,0.66232187,0.28627235
39.58999988436699,83.74371,0.66279346,0.2838308
39.59999820590019,83.81572,0.66326505,0.28138924
39.61000034213066,83.919716,0.66380405,0.27894768
39.619998663663864,84.00771,0.66427565,0.27772692
39.63000079989433,84.06772,0.6644777,0.27650613
39.639999121427536,84.09572,0.6644777,0.27772692
39.650001257658005,84.087715,0.6644777,0.27894768
39.65999957919121,84.075714,0.66454506,0.28016847
39.67000171542168,84.10772,0.66454506,0.28138924
39.68000003695488,84.103714,0.6646125,0.28138924
39.68999835848808,84.07171,0.6646125,0.28261003
39.70000049471855,84.03972,0.6646125,0.2838308
39.709998816251755,84.02371,0.6646125,0.28505158
39.72000095248222,84.01172,0.6646798,0.28627235
39.72999927401543,84.02371,0.6646798,0.28627235
39.740001410245895,84.02371,0.6646798,0.28749314
39.7499997317791,84.00771,0.6646798,0.2887139
39.76000186800957,84.01172,0.66474724,0.2899347
39.77000018954277,84.00371,0.66474724,0.29115546
39.77999851107597,83.98371,0.6648146,0.29115546
39.79000064730644,83.98371,0.664882,0.29237625
39.799998968839645,83.97172,0.664882,0.293597
39.810001105070114,83.95571,0.664882,0.2948178
39.81999942660332,83.923706,0.6649493,0.29603857
39.830001562833786,83.95972,0.6649493,0.29603857
39.83999988436699,83.975716,0.6649493,0.29725936
39.84999820590019,83.975716,0.66501665,0.29848012
39.86000034213066,83.96371,0.66501665,0.29970092
39.869998663663864,83.95571,0.66508406,0.29970092
39.88000079989433,83.919716,0.66508406,0.30092168
39.889999121427536,83.919716,0.6651514,0.30214247
39.900001257658005,83.93172,0.66521883,0.30214247
39.90999957919121,83.91571,0.66521883,0.30336323
39.92000171542168,83.935715,0.6652862,0.30458403
39.93000003695488,83.94372,0.66535354,0.3058048
39.93999835848808,83.95972,0.66548824,0.3058048
39.95000049471855,83.96771,0.66555566,0.3058048
39.959998816251755,83.99171,0.6656904,0.3058048
39.97000095248222,83.99571,0.6658251,0.30702558
39.97999927401543,83.99571,0.6660946,0.3058048
39.990001410245895,84.05171,0.66636413,0.3058048
39.9999997317791,84.10772,0.66670096,0.30458403
40.01000186800957,84.183716,0.66703784,0.30336323
40.02000018954277,84.28771,0.6674421,0.30092168
40.02999851107597,84.36371,0.6677789,0.29970092
40.04000064730644,84.39972,0.6681831,0.29848012
40.049998968839645,84.491714,0.6687221,0.29603857
40.060001105070114,84.631714,0.66926104,0.293597
40.06999942660332,84.759705,0.66993475,0.2899347
40.080001562833786,84.88371,0.6705411,0.28627235
40.08999988436699,84.9717,0.6710127,0.28505158
40.09999820590019,85.0397,0.6712148,0.2838308
40.11000034213066,85.03171,0.67128223,0.28505158
40.119998663663864,85.06771,0.67128223,0.28627235
40.13000079989433,85.06771,0.6713495,0.28627235
40.139999121427536,85.059715,0.6713495,0.28749314
40.150001257658005,85.0397,0.6713495,0.2887139
40.15999957919121,85.047714,0.6714169,0.2899347
40.17000171542168,85.02371,0.6714169,0.29115546
40.18000003695488,85.02371,0.6714843,0.29115546
40.18999835848808,85.02371,0.6714843,0.29237625
40.20000049471855,85.00371,0.67155164,0.293597
40.209998816251755,84.97971,0.67155164,0.2948178
40.22000095248222,84.97971,0.67155164,0.29603857
40.22999927401543,84.99571,0.67155164,0.29725936
40.240001410245895,84.97571,0.67155164,0.29848012
40.2499997317791,84.98771,0.67155164,0.29970092
40.26000186800957,84.9717,0.67155164,0.30092168
40.27000018954277,84.923706,0.67155164,0.30092168
40.27999851107597,84.90771,0.67155164,0.30214247
40.29000064730644,84.91571,0.67155164,0.30336323
40.299998968839645,84.89971,0.67155164,0.30458403
40.310001105070114,84.87971,0.67155164,0.3058048
40.31999942660332,84.895706,0.67155164,0.30702558
40.330001562833786,84.87572,0.67155164,0.30824634
40.33999988436699,84.86771,0.67161906,0.30946714
40.34999820590019,84.87572,0.6716864,0.30946714
40.36000034213066,84.88771,0.67175376,0.3106879
40.369998663663864,84.863716,0.6718212,0.3119087
40.38000079989433,84.87171,0.6718212,0.3119087
40.389999121427536,84.85971,0.6718885,0.31312945
40.400001257658005,84.855705,0.67202324,0.31312945
40.40999957919121,84.90771,0.672158,0.31312945
40.42000171542168,84.95171,0.67229277,0.31435025
40.43000003695488,84.93571,0.6723601,0.31435025
40.43999835848808,84.94771,0.6724275,0.315571
40.45000049471855,84.96371,0.67256224,0.315571
40.459998816251755,84.95971,0.67269695,0.315571
40.47000095248222,84.96371,0.67276436,0.315571
40.47999927401543,85.00371,0.67289907,0.3167918
40.490001410245895,85.03571,0.6731012,0.315571
40.4999997317791,85.051704,0.6733033,0.315571
40.51000186800957,85.127716,0.67350537,0.315571
40.52000018954277,85.19971,0.67384225,0.31435025
40.52999851107597,85.24771,0.67431384,0.31312945
40.54000064730644,85.36371,0.6749202,0.30946714
40.549998968839645,85.49171,0.67559385,0.3058048
40.560001105070114,85.5957,0.676335,0.30214247
40.56999942660332,85.75171,0.67694134,0.29970092
40.580001562833786,85.83971,0.6772108,0.29848012
40.58999988436699,85.86371,0.6774129,0.29725936
40.59999820590019,85.8877,0.6774803,0.29848012
40.61000034213066,85.9037,0.6774803,0.29970092
40.619998663663864,85.90771,0.6774803,0.30092168
40.63000079989433,85.9037,0.6775477,0.30092168
40.639999121427536,85.9037,0.6775477,0.30336323
40.650001257658005,85.89171,0.6775477,0.30336323
40.65999957919121,85.85171,0.6775477,0.30458403
40.67000171542168,85.86371,0.67761505,0.3058048
40.68000003695488,85.85971,0.67761505,0.30702558
40.68999835848808,85.8357,0.67768234,0.30702558
40.70000049471855,85.85171,0.67774975,0.30824634
40.709998816251755,85.86771,0.6778171,0.30946714
40.72000095248222,85.855705,0.6778171,0.30946714
40.72999927401543,85.8477,0.6778171,0.3119087
40.740001410245895,85.86771,0.6778845,0.3119087
40.7499997317791,85.83171,0.6778845,0.31312945
40.76000186800957,85.81971,0.6778845,0.31435025
40.77000018954277,85.82371,0.6778845,0.315571
40.77999851107597,85.79571,0.6778845,0.3167918
40.79000064730644,85.771706,0.6778845,0.31801257
40.799998968839645,85.79571,0.6778845,0.31923336
40.810001105070114,85.80371,0.6779519,0.31923336
40.81999942660332,85.787704,0.6779519,0.32045412
40.830001562833786,85.77971,0.6779519,0.3216749
40.83999988436699,85.771706,0.6779519,0.32289568
40.84999820590019,85.743706,0.6779519,0.32411647
40.86000034213066,85.73571,0.6780193,0.32533723
40.869998663663864,85.75571,0.67808664,0.32533723
40.88000079989433,85.75171,0.67808664,0.32655802
40.889999121427536,85.73571,0.67808664,0.3277788
40.900001257658005,85.76371,0.678154,0.32899958
40.90999957919121,85.75171,0.6782887,0.32899958
40.92000171542168,85.76371,0.6783561,0.32899958
40.93000003695488,85.77571,0.6784909,0.32899958
40.93999835848808,85.78371,0.6786256,0.33022034
40.95000049471855,85.799706,0.6788277,0.33022034
40.959998816251755,85.85171,0.6790972,0.32899958
40.97000095248222,85.93171,0.679434,0.3277788
40.97999927401543,85.99971,0.6799056,0.32533723
40.990001410245895,86.11571,0.6804446,0.32289568
40.9999997317791,86.27171,0.6811183,0.32045412
41.01000186800957,86.40371,0.6819267,0.315571
41.02000018954277,86.6037,0.68287,0.3106879
41.02999851107597,86.759705,0.6834763,0.30702558
41.04000064730644,86.8077,0.68374574,0.3058048
41.049998968839645,86.799706,0.68381315,0.30702558
41.060001105070114,86.827705,0.68381315,0.30702558
41.06999942660332,86.8357,0.68381315,0.30946714
41.080001562833786,86.8317,0.68381315,0.30946714
41.08999988436699,86.86371,0.68381315,0.3119087
41.09999820590019,86.86371,0.68381315,0.3119087
41.11000034213066,86.81571,0.6838805,0.31312945
41.119998663663864,86.8077,0.6838805,0.31435025
41.13000079989433,86.7917,0.6840153,0.315571
41.139999121427536,86.7677,0.6840153,0.315571
41.150001257658005,86.7517,0.6840153,0.3167918
41.15999957919121,86.7637,0.68408257,0.3167918
41.17000171542168,86.787704,0.68421733,0.31801257
41.18000003695488,86.83971,0.6843521,0.31801257
41.18999835848808,86.9037,0.6846216,0.3167918
41.20000049471855,86.939705,0.68489105,0.3167918
41.209998816251755,86.93171,0.68509316,0.3167918
41.22000095248222,86.9557,0.6852953,0.315571
41.22999927401543,86.98771,0.6856321,0.31435025
41.240001410245895,87.06771,0.68610376,0.31312945
41.2499997317791,87.21171,0.68671006,0.30946714
41.26000186800957,87.423706,0.6876533,0.30458403
41.27000018954277,87.679695,0.6889333,0.29725936
41.27999851107597,87.983696,0.69028074,0.2887139
41.29000064730644,88.2037,0.69115657,0.2838308
41.299998968839645,88.287704,0.6916955,0.28138924
41.310001105070114,88.3437,0.6921671,0.27894768
41.31999942660332,88.4237,0.6926387,0.27650613
41.330001562833786,88.527695,0.69324505,0.27406457
41.33999988436699,88.68769,0.6939861,0.27040225
41.34999820590019,88.9637,0.6949967,0.26429835
41.36000034213066,89.219696,0.69600725,0.25819448
41.369998663663864,89.3717,0.6966136,0.25453213
41.38000079989433,89.4157,0.6967483,0.25575292
41.389999121427536,89.3357,0.6967483,0.25575292
41.400001257658005,89.25169,0.6967483,0.25819448
41.40999957919121,89.219696,0.6967483,0.25819448
41.42000171542168,89.2677,0.6967483,0.25941524
41.43000003695488,89.291695,0.6967483,0.26063603
41.43999835848808,89.3437,0.6967483,0.2618568
41.45000049471855,89.359695,0.6967483,0.2630776
41.459998816251755,89.32369,0.6967483,0.26429835
41.47000095248222,89.247696,0.6967483,0.26551914
41.47999927401543,89.1757,0.6967483,0.2667399
41.490001410245895,89.1077,0.6967483,0.2679607
41.4999997317791,89.0797,0.6967483,0.26918146
41.51000186800957,89.1357,0.6967483,0.27040225
41.52000018954277,89.163704,0.6967483,0.27162302
41.52999851107597,89.19169,0.6967483,0.2728438
41.54000064730644,89.2037,0.6967483,0.27406457
41.549998968839645,89.167694,0.6967483,0.27528536
41.560001105070114,89.0837,0.6967483,0.27650613
41.56999942660332,89.01969,0.6967483,0.27772692
41.580001562833786,88.9877,0.6967483,0.27772692
41.58999988436699,88.9677,0.6967483,0.28016847
41.59999820590019,88.971695,0.6967483,0.28016847
41.61000034213066,89.039696,0.6967483,0.28138924
41.619998663663864,89.067696,0.6967483,0.28261003
41.63000079989433,89.067696,0.6967483,0.2838308
41.639999121427536,89.04769,0.6967483,0.28505158
41.650001257658005,88.9677,0.6967483,0.28627235
41.65999957919121,88.887695,0.6967483,0.28749314
41.67000171542168,88.871704,0.6967483,0.2887139
41.68000003695488,88.8557,0.6967483,0.2899347
41.68999835848808,88.8677,0.6967483,0.29115546
41.70000049471855,88.9237,0.6967483,0.29237625
41.709998816251755,88.955696,0.6967483,0.293597
41.72000095248222,88.9357,0.6967483,0.2948178
41.72999927401543,88.911705,0.6967483,0.29603857
41.740001410245895,88.847694,0.6967483,0.29725936
41.7499997317791,88.77969,0.6967483,0.29725936
41.76000186800957,88.7357,0.6967483,0.29970092
41.77000018954277,88.7597,0.6967483,0.29970092
41.77999851107597,88.7637,0.6967483,0.30092168
41.79000064730644,88.8157,0.6967483,0.30214247
41.799998968839645,88.8557,0.6967483,0.30336323
41.810001105070114,88.8397,0.6967483,0.30458403
41.81999942660332,88.8037,0.6967483,0.3058048
41.830001562833786,88.73969,0.6967483,0.30702558
41.83999988436699,88.6957,0.6967483,0.30824634
41.84999820590019,88.6477,0.6967483,0.30946714
41.86000034213066,88.6637,0.6967483,0.3106879
41.869998663663864,88.7117,0.6967483,0.3119087
41.88000079989433,88.72769,0.69681567,0.3119087
41.889999121427536,88.7597,0.696883,0.31312945
41.900001257658005,88.7717,0.696883,0.31435025
41.90999957919121,88.7237,0.696883,0.315571
41.92000171542168,88.659706,0.6970178,0.315571
41.93000003695488,88.6357,0.6970178,0.3167918
41.93999835848808,88.6157,0.6970852,0.3167918
41.95000049471855,88.5997,0.6970852,0.31923336
41.959998816251755,88.6477,0.6970852,0.31923336
41.97000095248222,88.6997,0.69715255,0.32045412
41.97999927401543,88.7037,0.69715255,0.3216749
41.990001410245895,88.7157,0.6972199,0.3216749
41.9999997317791,88.719696,0.69728726,0.32289568
42.01000186800957,88.6757,0.6974894,0.32289568
42.02000018954277,88.6637,0.69762415,0.32289568
42.02999851107597,88.6997,0.6978936,0.32289568
42.04000064730644,88.7717,0.6982305,0.3216749
42.049998968839645,88.8997,0.69883686,0.31801257
42.060001105070114,89.11569,0.6996453,0.31312945
42.06999942660332,89.3957,0.70092535,0.3058048
42.080001562833786,89.651695,0.7022727,0.29725936
42.08999988436699,89.89569,0.7032159,0.29237625
42.09999820590019,89.943695,0.7034854,0.29115546
42.11000034213066,89.875694,0.7034854,0.29237625
42.119998663663864,89.8517,0.7034854,0.293597
42.13000079989433,89.875694,0.7034854,0.2948178
42.139999121427536,89.915695,0.7034854,0.29603857
42.150001257658005,89.987686,0.7035528,0.29725936
42.15999957919121,90.03169,0.7035528,0.29848012
42.17000171542168,90.00769,0.7035528,0.29970092
42.18000003695488,89.93569,0.7035528,0.29970092
42.18999835848808,89.887695,0.7035528,0.30092168
42.20000049471855,89.79569,0.70362014,0.30214247
42.209998816251755,89.75169,0.7036875,0.30336323
42.22000095248222,89.80369,0.70375484,0.30336323
42.22999927401543,89.86369,0.70382226,0.30458403
42.240001410245895,89.93969,0.7038896,0.30458403
42.2499997317791,89.9957,0.7040244,0.3058048
42.26000186800957,90.011696,0.7040917,0.3058048
42.27000018954277,89.955696,0.70429385,0.3058048
42.27999851107597,89.931694,0.7045633,0.30458403
42.29000064730644,89.93969,0.70490015,0.30336323
42.299998968839645,89.999695,0.70523703,0.30214247
42.310001105070114,90.09569,0.705776,0.29970092
42.31999942660332,90.291695,0.7064497,0.29725936
42.330001562833786,90.511696,0.7071908,0.29237625
42.33999988436699,90.69969,0.7078645,0.2887139
42.34999820590019,90.79569,0.7082687,0.28749314
42.36000034213066,90.77169,0.7083361,0.28749314
42.369998663663864,90.71169,0.7083361,0.2887139
42.38000079989433,90.62769,0.7083361,0.2899347
42.389999121427536,90.61969,0.7083361,0.29115546
42.400001257658005,90.63969,0.7083361,0.29237625
42.40999957919121,90.71969,0.7083361,0.293597
42.42000171542168,90.75969,0.7083361,0.2948178
42.43000003695488,90.74769,0.7083361,0.29603857
42.43999835848808,90.72769,0.7083361,0.29725936
42.45000049471855,90.67969,0.7083361,0.29848012
42.459998816251755,90.595695,0.7083361,0.29970092
42.47000095248222,90.51969,0.7083361,0.30092168
42.47999927401543,90.51969,0.70840347,0.30092168
42.490001410245895,90.54769,0.70840347,0.30214247
42.4999997317791,90.58769,0.70840347,0.30336323
42.51000186800957,90.64369,0.70840347,0.30458403
42.52000018954277,90.66769,0.70840347,0.3058048
42.52999851107597,90.61569,0.7084708,0.30702558
42.54000064730644,90.57569,0.7084708,0.30824634
42.549998968839645,90.50769,0.7084708,0.30946714
42.560001105070114,90.45169,0.7085382,0.30946714
42.56999942660332,90.46769,0.7086056,0.3106879
42.580001562833786,90.51969,0.70867294,0.3106879
42.58999988436699,90.567696,0.7087403,0.3119087
42.59999820590019,90.62369,0.70887506,0.3119087
42.61000034213066,90.66769,0.70887506,0.31312945
42.619998663663864,90.63969,0.7089424,0.31312945
42.63000079989433,90.5797,0.7090772,0.31435025
42.639999121427536,90.54769,0.70914453,0.31435025
42.650001257658005,90.511696,0.7092119,0.315571
42.65999957919121,90.51569,0.70934665,0.315571
42.67000171542168,90.61969,0.7095487,0.315571
42.68000003695488,90.69969,0.7097509,0.315571
42.68999835848808,90.77169,0.709953,0.315571
42.70000049471855,90.80369,0.7100877,0.315571
42.709998816251755,90.83569,0.71035725,0.31435025
42.72000095248222,90.847694,0.7108288,0.31312945
42.72999927401543,90.90769,0.71143514,0.30946714
42.740001410245895,91.04369,0.7121762,0.3058048
42.7499997317791,91.22369,0.71305203,0.30092168
42.76000186800957,91.463684,0.71406263,0.2948178
42.77000018954277,91.71969,0.71487105,0.2899347
42.77999851107597,91.851685,0.71520793,0.2887139
42.79000064730644,91.86769,0.71520793,0.2899347
42.799998968839645,91.823685,0.71520793,0.29115546
42.810001105070114,91.795685,0.71520793,0.29237625
42.81999942660332,91.73569,0.71520793,0.293597
42.830001562833786,91.71969,0.71520793,0.2948178
42.83999988436699,91.751686,0.7152753,0.29603857
42.84999820590019,91.75969,0.7152753,0.29603857
42.86000034213066,91.75969,0.7152753,0.29725936
42.869998663663864,91.779686,0.7152753,0.29848012
42.88000079989433,91.74369,0.7152753,0.29970092
42.889999121427536,91.68768,0.7152753,0.30092168
42.900001257658005,91.66769,0.71534264,0.30214247
42.90999957919121,91.63569,0.71534264,0.30336323
42.92000171542168,91.61968,0.71534264,0.30458403
42.93000003695488,91.64768,0.71534264,0.3058048
42.93999835848808,91.65968,0.71534264,0.3058048
42.95000049471855,91.65569,0.71534264,0.30702558
42.959998816251755,91.66369,0.71534264,0.30824634
42.97000095248222,91.64768,0.71534264,0.30946714
42.97999927401543,91.59169,0.71534264,0.3106879
42.990001410245895,91.55569,0.71534264,0.3119087
42.9999997317791,91.55969,0.71534264,0.31312945
43.01000186800957,91.52369,0.71541,0.31435025
43.02000018954277,91.53569,0.71541,0.315571
43.02999851107597,91.571686,0.71541,0.3167918
43.04000064730644,91.58769,0.7154774,0.3167918
43.049998968839645,91.57968,0.71554476,0.31801257
43.060001105070114,91.57968,0.7156121,0.31801257
43.06999942660332,91.543686,0.7156121,0.31923336
43.080001562833786,91.49969,0.7156795,0.32045412
43.08999988436699,91.50769,0.7157469,0.3216749
43.09999820590019,91.55169,0.71594894,0.32045412
43.11000034213066,91.599686,0.7161511,0.32045412
43.119998663663864,91.65569,0.71642053,0.31923336
43.13000079989433,91.755684,0.71669006,0.31923336
43.139999121427536,91.78769,0.7170269,0.31801257
43.150001257658005,91.863686,0.7174985,0.315571
43.15999957919121,91.93569,0.7179028,0.31435025
43.17000171542168,92.003685,0.7184417,0.3119087
43.18000003695488,92.12368,0.719048,0.30824634
43.18999835848808,92.31569,0.71992385,0.30336323
43.20000049471855,92.52368,0.72086704,0.29848012
43.209998816251755,92.699684,0.7214734,0.2948178
43.22000095248222,92.807686,0.7218102,0.293597
43.22999927401543,92.81568,0.721945,0.293597
43.240001410245895,92.78368,0.721945,0.29603857
43.2499997317791,92.779686,0.72201234,0.29603857
43.26000186800957,92.76368,0.72207975,0.29725936
43.27000018954277,92.74369,0.72207975,0.29725936
43.27999851107597,92.767685,0.72207975,0.29970092
43.29000064730644,92.78768,0.72207975,0.29970092
43.299998968839645,92.779686,0.72207975,0.30092168
43.310001105070114,92.755684,0.72207975,0.30214247
43.31999942660332,92.739685,0.72207975,0.30336323
43.330001562833786,92.699684,0.7221471,0.30458403
43.33999988436699,92.66369,0.7221471,0.3058048
43.34999820590019,92.671684,0.7221471,0.30702558
43.36000034213066,92.68768,0.7221471,0.30702558
43.369998663663864,92.67569,0.72221446,0.30824634
43.38000079989433,92.70768,0.72221446,0.30946714
43.389999121427536,92.711685,0.7222818,0.3106879
43.400001257658005,92.683685,0.72234917,0.3106879
43.40999957919121,92.69169,0.7224166,0.3119087
43.42000171542168,92.68768,0.72255135,0.3119087
43.43000003695488,92.67569,0.7227534,0.3119087
43.43999835848808,92.699684,0.7228882,0.3119087
43.45000049471855,92.767685,0.72315764,0.3119087
43.459998816251755,92.84368,0.7235619,0.30946714
43.47000095248222,92.95168,0.7239661,0.30824634
43.47999927401543,93.087685,0.72463983,0.30458403
43.490001410245895,93.20769,0.72538084,0.30092168
43.4999997317791,93.33168,0.7260546,0.29725936
43.51000186800957,93.45568,0.72659355,0.2948178
43.52000018954277,93.52769,0.72699773,0.293597
43.52999851107597,93.56368,0.7271325,0.29237625
43.54000064730644,93.59568,0.7271999,0.293597
43.549998968839645,93.61968,0.72726727,0.293597
43.560001105070114,93.63168,0.72726727,0.29603857
43.56999942660332,93.63968,0.72726727,0.29603857
43.580001562833786,93.65168,0.7273347,0.29725936
43.58999988436699,93.60769,0.7273347,0.29848012
43.59999820590019,93.57168,0.7273347,0.29970092
43.61000034213066,93.54368,0.7273347,0.30092168
43.619998663663864,93.515686,0.72740203,0.30092168
43.63000079989433,93.50368,0.7274694,0.30214247
43.639999121427536,93.54368,0.72753674,0.30336323
43.650001257658005,93.55968,0.7276041,0.30336323
43.65999957919121,93.58368,0.7276715,0.30458403
43.67000171542168,93.59568,0.72773886,0.30458403
43.68000003695488,93.57968,0.72780627,0.3058048
43.68999835848808,93.53968,0.72780627,0.30702558
43.70000049471855,93.51968,0.7278736,0.30702558
43.709998816251755,93.53168,0.727941,0.30824634
43.72000095248222,93.53168,0.7280084,0.30824634
43.72999927401543,93.55968,0.7281431,0.30946714
43.740001410245895,93.60368,0.72821045,0.30946714
43.7499997317791,93.61968,0.7283452,0.30946714
43.76000186800957,93.61968,0.72841257,0.3106879
43.77000018954277,93.615685,0.72848,0.3119087
43.77999851107597,93.61168,0.7286147,0.3119087
43.79000064730644,93.615685,0.72888416,0.3119087
43.799998968839645,93.683685,0.729221,0.30946714
43.810001105070114,93.79568,0.72982734,0.30702558
43.81999942660332,93.97168,0.7307032,0.30214247
43.830001562833786,94.18368,0.731579,0.29725936
43.83999988436699,94.395676,0.73245484,0.29115546
43.84999820590019,94.53168,0.73312855,0.2887139
43.86000034213066,94.59968,0.7335327,0.28627235
43.869998663663864,94.61168,0.7336675,0.28749314
43.88000079989433,94.60368,0.7337349,0.28749314
43.889999121427536,94.615685,0.73380226,0.2887139
43.900001257658005,94.65568,0.73386955,0.2887139
43.90999957919121,94.67968,0.73393697,0.2899347
43.92000171542168,94.69968,0.73393697,0.29115546
43.93000003695488,94.715675,0.73393697,0.29115546
43.93999835848808,94.66768,0.7340043,0.29237625
43.95000049471855,94.60368,0.7340043,0.293597
43.959998816251755,94.57967,0.73407173,0.2948178
43.97000095248222,94.56767,0.73407173,0.29603857
43.97999927401543,94.53568,0.73407173,0.29725936
43.990001410245895,94.56767,0.7341391,0.29725936
43.9999997317791,94.615685,0.7341391,0.29848012
44.01000186800957,94.619675,0.73420644,0.29970092
44.02000018954277,94.62768,0.73427385,0.29970092
44.02999851107597,94.60368,0.7343412,0.30092168
44.04000064730644,94.591675,0.73440856,0.30092168
44.049998968839645,94.54768,0.7345433,0.30092168
44.060001105070114,94.54768,0.7346107,0.30214247
44.06999942660332,94.56767,0.73467803,0.30336323
44.080001562833786,94.61168,0.7348128,0.30336323
44.08999988436699,94.675674,0.7349475,0.30336323
44.09999820590019,94.715675,0.7351496,0.30336323
44.11000034213066,94.72367,0.7353518,0.30336323
44.119998663663864,94.76768,0.7356212,0.30214247
44.13000079989433,94.82768,0.7360928,0.30092168
44.139999121427536,94.86768,0.7365644,0.29725936
44.150001257658005,94.95968,0.7371034,0.29603857
44.15999957919121,95.10768,0.73764235,0.293597
44.17000171542168,95.21967,0.73811394,0.29115546
44.18000003695488,95.34767,0.7386529,0.28749314
44.18999835848808,95.49168,0.7391919,0.28627235
44.20000049471855,95.55967,0.7395961,0.2838308
44.209998816251755,95.563675,0.73973083,0.2838308
44.22000095248222,95.54767,0.73973083,0.28505158
44.22999927401543,95.51967,0.73973083,0.28627235
44.240001410245895,95.50368,0.73973083,0.28749314
44.2499997317791,95.51967,0.73973083,0.2887139
44.26000186800957,95.523674,0.73973083,0.2899347
44.27000018954277,95.53967,0.73973083,0.29115546
44.27999851107597,95.53967,0.73973083,0.29237625
44.29000064730644,95.535675,0.7397982,0.29237625
44.299998968839645,95.46368,0.7397982,0.293597
44.310001105070114,95.43568,0.7397982,0.2948178
44.31999942660332,95.41168,0.7397982,0.29603857
44.330001562833786,95.37968,0.7397982,0.29725936
44.33999988436699,95.38767,0.7397982,0.29848012
44.34999820590019,95.423676,0.7397982,0.29970092
44.36000034213066,95.43968,0.7398656,0.30092168
44.369998663663864,95.41567,0.7398656,0.30092168
44.38000079989433,95.41168,0.7398656,0.30336323
44.389999121427536,95.36367,0.7398656,0.30336323
44.400001257658005,95.31968,0.73993295,0.30458403
44.40999957919121,95.299675,0.73993295,0.3058048
44.42000171542168,95.311676,0.73993295,0.30702558
44.43000003695488,95.30767,0.74000037,0.30702558
44.43999835848808,95.315674,0.74000037,0.30946714
44.45000049471855,95.339676,0.7400677,0.30946714
44.459998816251755,95.35968,0.7400677,0.3106879
44.47000095248222,95.33567,0.74013513,0.3119087
44.47999927401543,95.31968,0.7402025,0.3119087
44.490001410245895,95.311676,0.7403372,0.3119087
44.4999997317791,95.287674,0.74040455,0.31312945
44.51000186800957,95.32367,0.7405393,0.31312945
44.52000018954277,95.35168,0.74060667,0.31312945
44.52999851107597,95.367676,0.7406741,0.31435025
44.54000064730644,95.40768,0.74074143,0.315571
44.549998968839645,95.40367,0.74087614,0.315571
44.560001105070114,95.395676,0.74094355,0.315571
44.56999942660332,95.37968,0.7410109,0.3167918
44.580001562833786,95.383675,0.7410109,0.31801257
44.58999988436699,95.34368,0.74107826,0.31923336
44.59999820590019,95.34368,0.7411457,0.31923336
44.61000034213066,95.36367,0.741213,0.32045412
44.619998663663864,95.395676,0.74134773,0.32045412
44.63000079989433,95.45567,0.74154985,0.32045412
44.639999121427536,95.535675,0.7418867,0.31923336
44.650001257658005,95.57967,0.7422236,0.31801257
44.65999957919121,95.62368,0.7426278,0.315571
44.67000171542168,95.70767,0.74316674,0.31312945
44.68000003695488,95.81967,0.7437731,0.3106879
44.68999835848808,95.951675,0.7444468,0.30702558
44.70000049471855,96.11967,0.7451205,0.30336323
44.709998816251755,96.23967,0.7455921,0.30092168
44.72000095248222,96.287674,0.74579424,0.30092168
44.72999927401543,96.311676,0.7458616,0.30092168
44.740001410245895,96.31567,0.7458616,0.30336323
44.7499997317791,96.287674,0.7458616,0.30336323
44.76000186800957,96.26767,0.745929,0.30458403
44.77000018954277,96.26767,0.745929,0.3058048
44.77999851107597,96.23568,0.745929,0.30702558
44.79000064730644,96.23568,0.745929,0.30824634
44.799998968839645,96.275665,0.74599636,0.30946714
44.810001105070114,96.287674,0.7460637,0.30946714
44.81999942660332,96.25167,0.7460637,0.3106879
44.830001562833786,96.23568,0.74613106,0.3119087
44.83999988436699,96.22367,0.7461984,0.3119087
44.84999820590019,96.21967,0.7462658,0.31312945
44.86000034213066,96.21167,0.7463332,0.31312945
44.869998663663864,96.23967,0.7463332,0.31435025
44.88000079989433,96.22767,0.7464006,0.315571
44.889999121427536,96.21967,0.74646795,0.315571
44.900001257658005,96.243675,0.74646795,0.3167918
44.90999957919121,96.23568,0.74646795,0.31801257
44.92000171542168,96.20768,0.7465353,0.31923336
44.93000003695488,96.21967,0.74667,0.31923336
44.93999835848808,96.24767,0.7468048,0.31923336
44.95000049471855,96.23967,0.74693954,0.31923336
44.959998816251755,96.259674,0.7470743,0.31923336
44.97000095248222,96.31567,0.747209,0.32045412
44.97999927401543,96.33167,0.7473438,0.32045412
44.990001410245895,96.35168,0.7475459,0.32045412
44.9999997317791,96.41567,0.7478827,0.31923336
45.01000186800957,96.47567,0.7482869,0.3167918
45.02000018954277,96.58367,0.74889326,0.31435025
45.02999851107597,96.71567,0.749567,0.3119087
45.04000064730644,96.87167,0.75030804,0.30702558
45.049998968839645,97.03567,0.7511165,0.30214247
45.060001105070114,97.18367,0.7517229,0.29970092
45.06999942660332,97.25967,0.75199234,0.29848012
45.080001562833786,97.243675,0.7520597,0.29970092
45.08999988436699,97.275665,0.7520597,0.29970092
45.09999820590019,97.26767,0.7520597,0.30092168
45.11000034213066,97.26767,0.7520597,0.30214247
45.119998663663864,97.26367,0.75212705,0.30336323
45.13000079989433,97.26767,0.75212705,0.30458403
45.139999121427536,97.23167,0.75212705,0.3058048
45.150001257658005,97.23967,0.75212705,0.30702558
45.15999957919121,97.219666,0.75212705,0.30824634
45.17000171542168,97.15967,0.75212705,0.30946714
45.18000003695488,97.151665,0.75212705,0.3106879
45.18999835848808,97.16766,0.75219446,0.3106879
45.20000049471855,97.16766,0.75219446,0.3119087
45.209998816251755,97.15567,0.75219446,0.31312945
45.22000095248222,97.16367,0.75219446,0.31435025
45.22999927401543,97.14367,0.75219446,0.315571
45.240001410245895,97.11567,0.75219446,0.3167918
45.2499997317791,97.09966,0.75219446,0.31801257
45.26000186800957,97.09966,0.7522618,0.31801257
45.27000018954277,97.08367,0.7522618,0.31923336
45.27999851107597,97.08367,0.7522618,0.32045412
45.29000064730644,97.09567,0.75232923,0.3216749
45.299998968839645,97.09567,0.7524639,0.3216749
45.310001105070114,97.12767,0.75266606,0.3216749
45.31999942660332,97.18767,0.7529355,0.3216749
45.330001562833786,97.215675,0.753205,0.32045412
45.33999988436699,97.26767,0.75360924,0.31923336
45.34999820590019,97.35567,0.7540134,0.3167918
45.36000034213066,97.47967,0.75475454,0.31312945
45.369998663663864,97.64767,0.7556303,0.30824634
45.38000079989433,97.88367,0.75670826,0.30214247
45.389999121427536,98.14766,0.757921,0.2948178
45.400001257658005,98.37967,0.7590663,0.28749314
45.40999957919121,98.567665,0.75980735,0.2838308
45.42000171542168,98.663666,0.76027894,0.28138924
45.43000003695488,98.707664,0.7606832,0.28016847
45.43999835848808,98.79567,0.7611548,0.27772692
45.45000049471855,98.903656,0.76162636,0.27650613
45.459998816251755,99.01967,0.76209795,0.27406457
45.47000095248222,99.151665,0.76277167,0.27040225
45.47999927401543,99.32766,0.7635128,0.2667399
45.490001410245895,99.47966,0.76438856,0.26063603
45.4999997317791,99.60366,0.7650623,0.25819448
45.51000186800957,99.64766,0.76526433,0.25697368
45.52000018954277,99.61966,0.76526433,0.25819448
45.52999851107597,99.57166,0.76533175,0.25941524
45.54000064730644,99.59966,0.76533175,0.26063603
45.549998968839645,99.65166,0.76533175,0.2618568
45.560001105070114,99.64766,0.76533175,0.2630776
45.56999942660332,99.64766,0.76533175,0.26429835
45.580001562833786,99.62366,0.76533175,0.26551914
45.58999988436699,99.56367,0.76533175,0.2667399
45.59999820590019,99.511665,0.76533175,0.2679607
45.61000034213066,99.49166,0.76533175,0.2679607
45.619998663663864,99.45166,0.76533175,0.26918146
45.63000079989433,99.43966,0.76533175,0.27040225
45.639999121427536,99.47966,0.76533175,0.27162302
45.650123327970505,99.511665,0.76533175,0.2728438
45.65999957919121,99.50366,0.76533175,0.27406457
45.67000171542168,99.47966,0.76533175,0.27528536
45.68000003695488,99.415665,0.76533175,0.27650613
45.68999835848808,99.35166,0.76533175,0.27772692
45.70000049471855,99.319664,0.76533175,0.27894768
45.709998816251755,99.31566,0.76533175,0.28016847
45.72000095248222,99.32766,0.76533175,0.28138924
45.72999927401543,99.34366,0.7653991,0.28138924
45.740001410245895,99.36766,0.7653991,0.28261003
45.7499997317791,99.36366,0.7653991,0.2838308
45.76000186800957,99.31566,0.7653991,0.28505158
45.77000018954277,99.29166,0.7653991,0.28627235
45.77999851107597,99.23966,0.7653991,0.28749314
45.79000064730644,99.19966,0.7653991,0.2887139
45.799998968839645,99.18366,0.7653991,0.2899347
45.810001105070114,99.21166,0.7653991,0.29115546
45.81999942660332,99.23167,0.7653991,0.29237625
45.830001562833786,99.26766,0.7654665,0.29237625
45.83999988436699,99.25566,0.7654665,0.293597
45.84999820590019,99.20367,0.7654665,0.2948178
45.86000034213066,99.16766,0.7654665,0.29603857
45.869998663663864,99.135666,0.7654665,0.29725936
45.88000079989433,99.10766,0.7654665,0.29848012
45.889999121427536,99.10766,0.76553386,0.29970092
45.900001257658005,99.14366,0.76553386,0.30092168
45.90999957919121,99.155655,0.7656013,0.30092168
45.92000171542168,99.163666,0.7656686,0.30214247
45.93000003695488,99.18366,0.7656686,0.30336323
45.93999835848808,99.14366,0.7656686,0.30458403
45.95000049471855,99.08767,0.7657359,0.30458403
45.959998816251755,99.05967,0.7657359,0.3058048
45.97000095248222,99.03966,0.76580334,0.30702558
45.97999927401543,99.05166,0.76580334,0.30824634
45.990001410245895,99.09966,0.7658707,0.30824634
45.9999997317791,99.155655,0.7660728,0.30824634
46.01000186800957,99.191666,0.7662075,0.30824634
46.02000018954277,99.21566,0.76647705,0.30824634
46.02999851107597,99.25566,0.7668139,0.30702558
46.04000064730644,99.30766,0.76728547,0.30458403
46.049998968839645,99.40765,0.7680266,0.30092168
46.060001105070114,99.59167,0.768835,0.29603857
46.06999942660332,99.78366,0.76977825,0.29115546
46.080001562833786,99.99165,0.7707888,0.28505158
46.08999988436699,100.25166,0.7715972,0.28016847
46.09999820590019,100.351654,0.7720015,0.27894768
46.11000034213066,100.39566,0.77213615,0.27894768
46.119998663663864,100.37166,0.77213615,0.28016847
46.13000079989433,100.33965,0.77220356,0.28138924
46.139999121427536,100.29966,0.77220356,0.28138924
46.150001257658005,100.30766,0.77220356,0.2838308
46.15999957919121,100.33965,0.7722709,0.2838308
46.17000171542168,100.347664,0.7722709,0.28505158
46.18000003695488,100.33965,0.77233833,0.28627235
46.18999835848808,100.35566,0.7724057,0.28627235
46.20000049471855,100.30366,0.7724057,0.28749314
46.209998816251755,100.26766,0.77247304,0.28749314
46.22000095248222,100.27566,0.77254045,0.2887139
46.22999927401543,100.27566,0.77267516,0.2887139
46.240001410245895,100.31566,0.7729446,0.2887139
46.2499997317791,100.38366,0.77314675,0.28749314
46.26000186800957,100.44366,0.77334887,0.28749314
46.27000018954277,100.50366,0.7736857,0.28627235
46.27999851107597,100.57166,0.77409,0.28505158
46.29000064730644,100.65166,0.77462894,0.28261003
46.299998968839645,100.711655,0.7751679,0.28016847
46.310001105070114,100.81166,0.7757742,0.27650613
46.31999942660332,100.96766,0.77638054,0.27406457
46.330001562833786,101.071655,0.7769195,0.27162302
46.33999988436699,101.15965,0.777189,0.27040225
46.34999820590019,101.20365,0.777189,0.27162302
46.36000034213066,101.19965,0.777189,0.2728438
46.369998663663864,101.155655,0.777189,0.27406457
46.38000079989433,101.15965,0.77725637,0.27528536
46.389999121427536,101.14366,0.77725637,0.27650613
46.400001257658005,101.099655,0.77725637,0.27650613
46.40999957919121,101.09566,0.77725637,0.27772692
46.42000171542168,101.10366,0.77725637,0.27894768
46.43000003695488,101.07566,0.77725637,0.28016847
46.43999835848808,101.059654,0.7773237,0.28138924
46.45000049471855,101.071655,0.7773237,0.28261003
46.459998816251755,101.031654,0.7773911,0.28261003
46.47000095248222,101.031654,0.7773911,0.2838308
46.47999927401543,101.00766,0.7774585,0.28505158
46.490001410245895,100.99165,0.7774585,0.28627235
46.4999997317791,100.98366,0.7774585,0.28749314
46.51000186800957,100.98366,0.7774585,0.2887139
46.52000018954277,100.97966,0.7774585,0.2899347
46.52999851107597,100.947655,0.7774585,0.29115546
46.54000064730644,100.959656,0.7774585,0.29115546
46.549998968839645,100.95165,0.77752584,0.29237625
46.560001105070114,100.92365,0.77752584,0.293597
46.56999942660332,100.92365,0.77752584,0.2948178
46.580001562833786,100.92365,0.77752584,0.29603857
46.58999988436699,100.875656,0.7775932,0.29603857
46.59999820590019,100.85966,0.7775932,0.29725936
46.61000034213066,100.88365,0.7775932,0.29848012
46.619998663663864,100.88365,0.7775932,0.29970092
46.63000079989433,100.86366,0.7775932,0.30092168
46.639999121427536,100.86366,0.7776606,0.30214247
46.650001257658005,100.84766,0.77772796,0.30214247
46.65999957919121,100.835655,0.7777954,0.30336323
46.67000171542168,100.85166,0.77786267,0.30336323
46.68000003695488,100.87166,0.7780648,0.30336323
46.68999835848808,100.88365,0.77819955,0.30336323
46.70000049471855,100.93966,0.7783343,0.30458403
46.709998816251755,100.96766,0.7784016,0.30458403
46.72000095248222,100.93565,0.778469,0.3058048
46.72999927401543,100.95566,0.7785364,0.3058048
46.740001410245895,100.95165,0.7786038,0.30702558
46.7499997317791,100.93966,0.77873856,0.30702558
46.76000186800957,100.95566,0.77887326,0.30702558
46.77000018954277,101.00766,0.779008,0.30702558
46.77999851107597,101.03566,0.77921015,0.30702558
46.79000064730644,101.071655,0.77947956,0.30702558
46.799998968839645,101.13565,0.77981645,0.3058048
46.810001105070114,101.19965,0.7801533,0.30458403
46.81999942660332,101.279655,0.78062487,0.30214247
46.830001562833786,101.40766,0.7812312,0.29970092
46.83999988436699,101.54365,0.78190494,0.29603857
46.84999820590019,101.66365,0.7825113,0.293597
46.86000034213066,101.76366,0.7829829,0.2899347
46.869998663663864,101.86365,0.7833197,0.2899347
46.88000079989433,101.88766,0.78352183,0.2887139
46.889999121427536,101.89966,0.7836566,0.2899347
46.900001257658005,101.92765,0.7837913,0.2899347
46.90999957919121,101.93565,0.7837913,0.29115546
46.92000171542168,101.92765,0.7837913,0.29115546
46.93000003695488,101.91565,0.7838587,0.29237625
46.93999835848808,101.91166,0.7838587,0.293597
46.95000049471855,101.89565,0.7838587,0.2948178
46.959998816251755,101.88766,0.78392607,0.29603857
46.97000095248222,101.88365,0.7839934,0.29603857
46.97999927401543,101.85966,0.7839934,0.29725936
46.990001410245895,101.86765,0.78406084,0.29725936
46.9999997317791,101.87166,0.78406084,0.29970092
47.01000186800957,101.85966,0.78406084,0.29970092
47.02000018954277,101.85565,0.7841282,0.30092168
47.02999851107597,101.87166,0.7842629,0.30092168
47.04000064730644,101.87166,0.7842629,0.30214247
47.049998968839645,101.83166,0.7843303,0.30336323
47.060001105070114,101.84366,0.78439766,0.30336323
47.06999942660332,101.83965,0.78439766,0.30458403
47.080001562833786,101.82365,0.78439766,0.3058048
47.08999988436699,101.82765,0.784465,0.30702558
47.09999820590019,101.83965,0.7845324,0.30702558
47.11000034213066,101.83565,0.7845998,0.30824634
47.119998663663864,101.83965,0.7846672,0.30946714
47.13000079989433,101.86365,0.78480184,0.30946714
47.139999121427536,101.84766,0.78480184,0.3106879
47.150001257658005,101.83565,0.78486925,0.3106879
47.15999957919121,101.851654,0.7849366,0.3119087
47.17000171542168,101.83565,0.7849366,0.31312945
47.18000003695488,101.83565,0.785004,0.31312945
47.18999835848808,101.86365,0.7850714,0.31435025
47.20000049471855,101.87166,0.78520614,0.31435025
47.209998816251755,101.88365,0.78534085,0.31435025
47.22000095248222,101.91166,0.78554296,0.31435025
47.22999927401543,101.93966,0.7857451,0.31435025
47.240001410245895,101.96365,0.7861493,0.31312945
47.2499997317791,102.05566,0.78648615,0.3119087
47.26000186800957,102.13165,0.78682303,0.30946714
47.27000018954277,102.19166,0.7872273,0.30946714
47.27999851107597,102.27165,0.78763145,0.30702558
47.29000064730644,102.37965,0.7880357,0.3058048
47.299998968839645,102.46765,0.7884399,0.30336323
47.310001105070114,102.57165,0.7889789,0.30092168
47.31999942660332,102.67965,0.78945047,0.29848012
47.330001562833786,102.73165,0.7898547,0.29725936
47.33999988436699,102.78765,0.7901242,0.29603857
47.34999820590019,102.83165,0.79025894,0.29603857
47.36000034213066,102.83565,0.7903263,0.29725936
47.369998663663864,102.81565,0.7903263,0.29848012
47.38000079989433,102.84364,0.79039365,0.29970092
47.389999121427536,102.84364,0.79046106,0.29970092
47.400001257658005,102.82765,0.7905284,0.30092168
47.40999957919121,102.82765,0.7905284,0.30092168
47.42000171542168,102.83565,0.7906631,0.30214247
47.43000003695488,102.82365,0.7907979,0.30214247
47.43999835848808,102.83565,0.79086524,0.30336323
47.45000049471855,102.86365,0.7910674,0.30336323
47.459998816251755,102.879654,0.7911347,0.30336323
47.47000095248222,102.87164,0.7911347,0.30458403
47.47999927401543,102.883644,0.79120207,0.3058048
47.490001410245895,102.883644,0.79133683,0.3058048
47.4999997317791,102.89565,0.7914716,0.3058048
47.51000186800957,102.92765,0.79167366,0.3058048
47.52000018954277,102.96765,0.79201055,0.30458403
47.52999851107597,103.007645,0.79234743,0.30336323
47.54000064730644,103.10365,0.792819,0.30092168
47.549998968839645,103.215645,0.79335797,0.29848012
47.560001105070114,103.34365,0.7938969,0.29603857
47.56999942660332,103.47165,0.7945033,0.29237625
47.580001562833786,103.60765,0.795177,0.2887139
47.58999988436699,103.74764,0.7958507,0.28627235
47.59999820590019,103.83565,0.7963897,0.28261003
47.61000034213066,103.94365,0.7967939,0.28138924
47.619998663663864,103.991646,0.796996,0.28138924
47.63000079989433,103.991646,0.79706335,0.28138924
47.639999121427536,103.99565,0.79706335,0.28261003
47.650001257658005,104.01164,0.7971307,0.2838308
47.65999957919121,103.98764,0.7971307,0.28505158
47.67000171542168,103.99964,0.7971981,0.28627235
47.68000003695488,104.00365,0.7971981,0.28627235
47.68999835848808,103.963646,0.79726547,0.28749314
47.70000049471855,103.94365,0.79726547,0.2887139
47.709998816251755,103.94765,0.79740024,0.2887139
47.72000095248222,103.939644,0.79740024,0.2899347
47.72999927401543,103.935646,0.7974676,0.2899347
47.740001410245895,103.95565,0.79753494,0.29115546
47.7499997317791,103.963646,0.7976697,0.29115546
47.76000186800957,103.96765,0.79773706,0.29237625
47.77000018954277,103.99964,0.7978718,0.29237625
47.77999851107597,104.00365,0.7980739,0.29237625
47.79000064730644,104.02764,0.7983434,0.29115546
47.799998968839645,104.05965,0.7986129,0.29115546
47.810001105070114,104.11165,0.79888237,0.2899347
47.81999942660332,104.17965,0.79935396,0.28749314
47.830001562833786,104.31964,0.7999603,0.28505158
47.83999988436699,104.44365,0.80049926,0.28261003
47.84999820590019,104.53965,0.80103827,0.28016847
47.86000034213066,104.65164,0.8016446,0.27772692
47.869998663663864,104.76764,0.80218357,0.27406457
47.88000079989433,104.83564,0.80245304,0.27406457
47.889999121427536,104.839645,0.8025878,0.27406457
47.900001257658005,104.84364,0.80265516,0.27406457
47.90999957919121,104.855644,0.80265516,0.27528536
47.92000171542168,104.867645,0.8027225,0.27650613
47.93000003695488,104.883644,0.80278987,0.27650613
47.93999835848808,104.883644,0.80278987,0.27772692
47.95000049471855,104.839645,0.80278987,0.27894768
47.959998816251755,104.83564,0.8028572,0.28016847
47.97000095248222,104.81564,0.8028572,0.28138924
47.97999927401543,104.76764,0.8028572,0.28138924
47.990001410245895,104.771645,0.80292463,0.28261003
47.9999997317791,104.77564,0.80292463,0.2838308
48.01000186800957,104.76764,0.80292463,0.28505158
48.02000018954277,104.78364,0.802992,0.28627235
48.02999851107597,104.78364,0.802992,0.28749314
48.04000064730644,104.771645,0.80305934,0.28749314
48.049998968839645,104.73965,0.80305934,0.2887139
48.060001105070114,104.73164,0.80312675,0.2899347
48.06999942660332,104.70764,0.8031941,0.2899347
48.080001562833786,104.699646,0.8031941,0.29115546
48.08999988436699,104.70364,0.8032615,0.29237625
48.09999820590019,104.72764,0.8033288,0.29237625
48.11000034213066,104.74764,0.8034636,0.29237625
48.119998663663864,104.78764,0.80359834,0.293597
48.13000079989433,104.81564,0.80380046,0.29237625
48.139999121427536,104.81965,0.80406994,0.29237625
48.150001257658005,104.827644,0.80427206,0.29115546
48.15999957919121,104.883644,0.8046089,0.29115546
48.17000171542168,104.92764,0.8049457,0.2899347
48.18000003695488,105.00365,0.8052826,0.2887139
48.18999835848808,105.11165,0.8056194,0.28749314
48.20000049471855,105.187645,0.8059563,0.28627235
48.209998816251755,105.255646,0.80642796,0.2838308
48.22000095248222,105.34764,0.8068995,0.28138924
48.22999927401543,105.471634,0.80750585,0.27894768
48.240001410245895,105.535645,0.80804485,0.27650613
48.2499997317791,105.63164,0.80844903,0.27528536
48.26000186800957,105.67164,0.8085838,0.27528536
48.27000018954277,105.68364,0.8086511,0.27528536
48.27999851107597,105.70764,0.80878586,0.27650613
48.29000064730644,105.75164,0.80885327,0.27650613
48.299998968839645,105.743645,0.80885327,0.27772692
48.310001105070114,105.71964,0.8089206,0.27772692
48.31999942660332,105.71564,0.8089206,0.27894768
48.330001562833786,105.68764,0.8089206,0.28016847
48.33999988436699,105.65164,0.808988,0.28138924
48.34999820590019,105.64364,0.8090554,0.28138924
48.36000034213066,105.65565,0.80912274,0.28261003
48.369998663663864,105.64764,0.80912274,0.2838308
48.38000079989433,105.64364,0.80912274,0.28505158
48.389999121427536,105.67164,0.8091901,0.28627235
48.400001257658005,105.64364,0.8091901,0.28627235
48.40999957919121,105.61964,0.8091901,0.28749314
48.42000171542168,105.60364,0.80925745,0.2887139
48.43000003695488,105.55965,0.80925745,0.2899347
48.43999835848808,105.56364,0.80932486,0.2899347
48.45000049471855,105.579636,0.80932486,0.29115546
48.459998816251755,105.58765,0.8093922,0.29237625
48.47000095248222,105.59964,0.80945957,0.293597
48.47999927401543,105.60364,0.80945957,0.293597
48.490001410245895,105.59964,0.809527,0.2948178
48.4999997317791,105.56764,0.809527,0.29603857
48.51000186800957,105.547646,0.809527,0.29725936
48.52000018954277,105.539635,0.809527,0.29848012
48.52999851107597,105.491646,0.80959433,0.29848012
48.54000064730644,105.50364,0.80959433,0.29970092
48.549998968839645,105.52764,0.8096617,0.30092168
48.560001105070114,105.535645,0.80972904,0.30092168
48.56999942660332,105.523636,0.80972904,0.30214247
48.580001562833786,105.53164,0.80979645,0.30336323
48.58999988436699,105.511635,0.8098638,0.30336323
48.59999820590019,105.48764,0.80993116,0.30458403
48.61000034213066,105.49564,0.8099986,0.3058048
48.619998663663864,105.491646,0.8100659,0.3058048
48.63000079989433,105.50364,0.81020063,0.30702558
48.639999121427536,105.539635,0.810268,0.30702558
48.650001257658005,105.55564,0.8103354,0.30702558
48.65999957919121,105.55965,0.81047016,0.30824634
48.67000171542168,105.57164,0.81060493,0.30824634
48.68000003695488,105.59164,0.8107396,0.30824634
48.68999835848808,105.58364,0.81087434,0.30824634
48.70000049471855,105.61164,0.8110765,0.30824634
48.709998816251755,105.66364,0.81134593,0.30702558
48.72000095248222,105.72764,0.81161547,0.30702558
48.72999927401543,105.799644,0.8119523,0.3058048
48.740001410245895,105.91164,0.81249124,0.30336323
48.7499997317791,106.01964,0.8130976,0.29970092
48.76000186800957,106.131645,0.8137713,0.29603857
48.77000018954277,106.23963,0.8143103,0.293597
48.77999851107597,106.34364,0.8147145,0.29237625
48.79000064730644,106.36764,0.8149167,0.29237625
48.799998968839645,106.387634,0.81498396,0.29237625
48.810001105070114,106.42364,0.8150513,0.293597
48.81999942660332,106.43564,0.81511873,0.293597
48.830001562833786,106.43964,0.81511873,0.29603857
48.83999988436699,106.44764,0.81511873,0.29603857
48.84999820590019,106.411644,0.8151861,0.29725936
48.86000034213066,106.39164,0.8151861,0.29848012
48.869998663663864,106.37164,0.8152535,0.29970092
48.88000079989433,106.35164,0.8152535,0.29970092
48.889999121427536,106.31963,0.81532085,0.30092168
48.900001257658005,106.34763,0.81532085,0.30214247
48.90999957919121,106.37164,0.8153882,0.30214247
48.92000171542168,106.36364,0.8154556,0.30336323
48.93000003695488,106.383644,0.8154556,0.30458403
48.93999835848808,106.37563,0.8155229,0.3058048
48.95000049471855,106.34364,0.8155903,0.3058048
48.959998816251755,106.31963,0.8156577,0.30702558
48.97000095248222,106.32364,0.8157251,0.30702558
48.97999927401543,106.33164,0.81579244,0.30824634
48.990001410245895,106.33164,0.8158598,0.30824634
48.9999997317791,106.37164,0.8158598,0.30946714
49.01000186800957,106.37164,0.8158598,0.3106879
49.02000018954277,106.35564,0.8158598,0.3119087
49.02999851107597,106.34763,0.8159272,0.31312945
49.04000064730644,106.33563,0.8159272,0.31435025
49.049998968839645,106.27963,0.81599456,0.31435025
49.060001105070114,106.27564,0.81599456,0.315571
49.06999942660332,106.28364,0.8160619,0.3167918
49.080001562833786,106.29164,0.81612927,0.3167918
49.08999988436699,106.32364,0.8161967,0.31801257
49.09999820590019,106.33164,0.81626403,0.31801257
49.11000034213066,106.30763,0.81626403,0.31923336
49.119998663663864,106.30763,0.8163314,0.32045412
49.13000079989433,106.29564,0.81646615,0.32045412
49.139999121427536,106.30763,0.8166682,0.32045412
49.150001257658005,106.34364,0.81693774,0.31923336
49.15999957919121,106.43564,0.81740934,0.3167918
49.17000171542168,106.55564,0.8180157,0.315571
49.18000003695488,106.679634,0.81862205,0.3119087
49.18999835848808,106.84764,0.81936306,0.30702558
49.20000049471855,107.02363,0.82023895,0.30214247
49.209998816251755,107.19563,0.8211147,0.29848012
49.22000095248222,107.31963,0.8215863,0.29603857
49.22999927401543,107.37964,0.82178843,0.29603857
49.240001410245895,107.37964,0.82178843,0.29603857
49.2499997317791,107.37563,0.82178843,0.29725936
49.26000186800957,107.39164,0.82178843,0.29848012
49.27000018954277,107.39563,0.82178843,0.29970092
49.27999851107597,107.38363,0.82178843,0.30092168
49.29000064730644,107.371635,0.8218558,0.30092168
49.299998968839645,107.33964,0.8218558,0.30336323
49.310001105070114,107.29564,0.8218558,0.30336323
49.31999942660332,107.28364,0.8218558,0.3058048
49.330001562833786,107.26763,0.8218558,0.3058048
49.33999988436699,107.22764,0.8218558,0.30702558
49.34999820590019,107.23963,0.8218558,0.30824634
49.36000034213066,107.259636,0.82192314,0.30946714
49.369998663663864,107.26363,0.82192314,0.3106879
49.38000079989433,107.23963,0.82192314,0.3119087
49.389999121427536,107.235634,0.82199055,0.31312945
49.400001257658005,107.17564,0.82199055,0.31312945
49.40999957919121,107.14363,0.82199055,0.31435025
49.42000171542168,107.163635,0.8220579,0.315571
49.43000003695488,107.17564,0.8221253,0.315571
49.43999835848808,107.19963,0.82226,0.3167918
49.45000049471855,107.27563,0.8225295,0.315571
49.459998816251755,107.34763,0.8228664,0.31435025
49.47000095248222,107.38363,0.8232706,0.31312945
49.47999927401543,107.45163,0.8236748,0.3106879
49.490001410245895,107.53564,0.82428116,0.30824634
49.4999997317791,107.651634,0.8251569,0.30336323
49.51000186800957,107.90763,0.8263023,0.29725936
49.52000018954277,108.235634,0.8277844,0.28749314
49.52999851107597,108.51563,0.8289297,0.28016847
49.54000064730644,108.71563,0.82967085,0.27650613
49.549998968839645,108.84763,0.83027714,0.27406457
49.560001105070114,108.93963,0.83081615,0.27040225
49.56999942660332,109.05963,0.83155715,0.2667399
49.580001562833786,109.25963,0.83250034,0.2618568
49.58999988436699,109.48363,0.8335783,0.25575292
49.59999820590019,109.667625,0.83438677,0.2508698
49.61000034213066,109.763626,0.83465624,0.2508698
49.619998663663864,109.77963,0.83465624,0.2508698
49.63000079989433,109.73963,0.83465624,0.25209057
49.639999121427536,109.73563,0.83465624,0.25331137
49.650001257658005,109.71562,0.83465624,0.25453213
49.65999957919121,109.68763,0.83465624,0.25575292
49.67000171542168,109.65163,0.83465624,0.25697368
49.68000003695488,109.65963,0.83465624,0.25819448
49.68999835848808,109.639626,0.83465624,0.25941524
49.70000049471855,109.61562,0.83465624,0.26063603
49.709998816251755,109.595634,0.83465624,0.2618568
49.72000095248222,109.56363,0.83465624,0.2630776
49.72999927401543,109.52763,0.83465624,0.26429835
49.740001410245895,109.531624,0.83465624,0.26551914
49.7499997317791,109.51962,0.83465624,0.2667399
49.76000186800957,109.48363,0.83465624,0.2679607
49.77000018954277,109.49162,0.83465624,0.2679607
49.77999851107597,109.46362,0.83465624,0.27040225
49.79000064730644,109.431625,0.83465624,0.27040225
49.799998968839645,109.38763,0.83465624,0.27162302
49.810001105070114,109.39963,0.83465624,0.2728438
49.81999942660332,109.36763,0.83465624,0.27406457
49.830001562833786,109.33963,0.83465624,0.27528536
49.83999988436699,109.347626,0.83465624,0.27650613
49.84999820590019,109.343636,0.83465624,0.27772692
49.86000034213066,109.307625,0.83465624,0.27894768
49.869998663663864,109.32362,0.83465624,0.28016847
49.88000079989433,109.303635,0.83465624,0.28138924
49.889999121427536,109.251625,0.83465624,0.28261003
49.900001257658005,109.235634,0.83465624,0.2838308
49.90999957919121,109.239624,0.83465624,0.28505158
49.92000171542168,109.20363,0.83465624,0.28627235
49.93000003695488,109.20763,0.83465624,0.28749314
49.93999835848808,109.211624,0.83465624,0.28749314
49.95000049471855,109.18363,0.83465624,0.2899347
49.959998816251755,109.14763,0.83465624,0.2899347
49.97000095248222,109.14363,0.83465624,0.29115546
49.97999927401543,109.12763,0.83465624,0.29237625
49.990001410245895,109.09963,0.83465624,0.293597
49.9999997317791,109.09164,0.83465624,0.2948178
50.01000186800957,109.06363,0.83465624,0.29603857
50.02000018954277,109.05963,0.83465624,0.29725936
50.02999851107597,109.06363,0.83465624,0.29848012
50.04000064730644,109.05963,0.83465624,0.29970092
50.049998968839645,109.03163,0.83465624,0.30092168
50.060001105070114,109.003624,0.83465624,0.30214247
50.06999942660332,108.999626,0.83465624,0.30336323
50.080001562833786,108.975624,0.83465624,0.30458403
50.08999988436699,108.95563,0.83465624,0.3058048
50.09999820590019,108.96763,0.83465624,0.30702558
50.11000034213066,108.947624,0.83465624,0.30702558
50.119998663663864,108.943634,0.83465624,0.30946714
50.13000079989433,108.92763,0.8347236,0.30946714
50.139999121427536,108.915634,0.8347236,0.3106879
50.150001257658005,108.89163,0.8347236,0.3119087
50.15999957919121,108.88363,0.8347236,0.31312945
50.17000171542168,108.87563,0.8347236,0.31435025
50.18000003695488,108.84763,0.8347236,0.315571
50.18999835848808,108.84763,0.834791,0.315571
50.20000049471855,108.86363,0.834791,0.3167918
50.209998816251755,108.83963,0.834791,0.31801257
50.22000095248222,108.83963,0.83485836,0.31923336
50.22999927401543,108.83163,0.83485836,0.32045412
50.240001410245895,108.82763,0.8349257,0.32045412
50.2499997317791,108.80363,0.8349931,0.3216749
50.26000186800957,108.85163,0.83512783,0.3216749
50.27000018954277,108.86363,0.83532995,0.3216749
50.27999851107597,108.87163,0.8354647,0.3216749
50.29000064730644,108.919624,0.8357342,0.3216749
50.299998968839645,108.99163,0.8360711,0.31923336
50.310001105070114,109.051636,0.83654267,0.31801257
50.31999942660332,109.19962,0.8373511,0.31312945
50.330001562833786,109.431625,0.8383616,0.30702558
50.33999988436699,109.683624,0.83977646,0.29970092
50.34999820590019,109.94363,0.8408544,0.29237625
50.36000034213066,110.12363,0.84139335,0.2899347
50.369998663663864,110.155624,0.84146065,0.29115546
50.38000079989433,110.11962,0.84146065,0.29115546
50.389999121427536,110.11962,0.84146065,0.293597
50.400001257658005,110.127625,0.84146065,0.293597
50.40999957919121,110.11962,0.84146065,0.2948178
50.42000171542168,110.139626,0.84146065,0.29603857
50.43000003695488,110.10763,0.84146065,0.29725936
50.43999835848808,110.07562,0.84146065,0.29848012
50.45000049471855,110.05963,0.84152806,0.29970092
50.459998816251755,110.027626,0.84152806,0.30092168
50.47000095248222,109.99562,0.84152806,0.30092168
50.47999927401543,109.97963,0.84152806,0.30336323
50.490001410245895,110.003624,0.8415954,0.30336323
50.4999997317791,110.03963,0.8417302,0.30336323
50.51000186800957,110.05162,0.84186494,0.30336323
50.52000018954277,110.08762,0.84199965,0.30458403
50.52999851107597,110.083626,0.8422691,0.30336323
50.54000064730644,110.09162,0.84260595,0.30214247
50.549998968839645,110.16762,0.84301025,0.30092168
50.560001105070114,110.28363,0.84348184,0.29848012
50.56999942660332,110.38763,0.8440882,0.29603857
50.580001562833786,110.53563,0.8448292,0.29237625
50.58999988436699,110.73563,0.8455703,0.28749314
50.59999820590019,110.86762,0.8461767,0.28505158
50.61000034213066,110.91562,0.8463114,0.28505158
50.619998663663864,110.919624,0.8463114,0.28627235
50.63000079989433,110.86762,0.8463114,0.28749314
50.639999121427536,110.835625,0.8463114,0.28749314
50.650001257658005,110.85563,0.8463114,0.2899347
50.65999957919121,110.863625,0.8463114,0.2899347
50.67000171542168,110.85563,0.84637874,0.29115546
50.68000003695488,110.85162,0.84637874,0.29237625
50.68999835848808,110.83162,0.84637874,0.293597
50.70000049471855,110.78362,0.84637874,0.2948178
50.709998816251755,110.73563,0.84637874,0.29603857
50.72000095248222,110.723625,0.84637874,0.29725936
50.72999927401543,110.683624,0.84637874,0.29848012
50.740001410245895,110.70362,0.84637874,0.29970092
50.7499997317791,110.71963,0.84637874,0.30092168
50.76000186800957,110.70763,0.84637874,0.30092168
50.77000018954277,110.695625,0.84637874,0.30336323
50.77999851107597,110.683624,0.84637874,0.30336323
50.79000064730644,110.639626,0.84637874,0.30458403
50.799998968839645,110.61562,0.8464461,0.3058048
50.810001105070114,110.59162,0.8464461,0.30702558
50.81999942660332,110.571625,0.8464461,0.30824634
50.830001562833786,110.571625,0.8465135,0.30824634
50.83999988436699,110.611626,0.8465135,0.30946714
50.84999820590019,110.627625,0.84658086,0.3106879
50.86000034213066,110.62362,0.8467156,0.3106879
50.869998663663864,110.611626,0.846783,0.3119087
50.88000079989433,110.60762,0.84685034,0.3119087
50.889999121427536,110.57563,0.8469851,0.3119087
50.900001257658005,110.57962,0.84705245,0.31312945
50.90999957919121,110.61562,0.84711987,0.31312945
50.92000171542168,110.63562,0.8472546,0.31435025
50.93000003695488,110.64762,0.8473219,0.31435025
50.93999835848808,110.70362,0.84752405,0.31435025
50.95000049471855,110.73962,0.8477936,0.31312945
50.959998816251755,110.74763,0.84799564,0.31312945
50.97000095248222,110.79962,0.8482652,0.31312945
50.97999927401543,110.83962,0.84873676,0.3106879
50.990001410245895,110.93962,0.8494104,0.30702558
50.9999997317791,111.127625,0.8502189,0.30336323
51.01000186800957,111.33962,0.8511621,0.29725936
51.02000018954277,111.55162,0.8521726,0.29115546
51.02999851107597,111.73562,0.85291374,0.28749314
51.04000064730644,111.83162,0.8531832,0.28627235
51.049998968839645,111.81162,0.8531832,0.28749314
51.060001105070114,111.77962,0.8531832,0.2887139
51.06999942660332,111.767624,0.8531832,0.2899347
51.080001562833786,111.77962,0.8531832,0.29115546
51.08999988436699,111.767624,0.8531832,0.29237625
51.09999820590019,111.78362,0.8531832,0.293597
51.11000034213066,111.78362,0.8531832,0.2948178
51.119998663663864,111.73562,0.8531832,0.29603857
51.13000079989433,111.71562,0.8531832,0.29725936
51.139999121427536,111.67962,0.8531832,0.29848012
51.150001257658005,111.62362,0.8531832,0.29970092
51.15999957919121,111.611626,0.8531832,0.30092168
51.17000171542168,111.643616,0.8531832,0.30092168
51.18000003695488,111.63962,0.8531832,0.30336323
51.18999835848808,111.643616,0.8531832,0.30336323
51.20000049471855,111.63962,0.8531832,0.3058048
51.209998816251755,111.611626,0.8531832,0.3058048
51.22000095248222,111.56762,0.85325056,0.30702558
51.22999927401543,111.53962,0.85325056,0.30824634
51.240001410245895,111.51962,0.85325056,0.30946714
51.2499997317791,111.503624,0.85325056,0.3106879
51.26000186800957,111.503624,0.8533179,0.3119087
51.27000018954277,111.535614,0.8533179,0.3119087
51.27999851107597,111.535614,0.8533179,0.31312945
51.29000064730644,111.52762,0.8533179,0.31435025
51.299998968839645,111.503624,0.8533179,0.315571
51.310001105070114,111.44362,0.8533179,0.3167918
51.31999942660332,111.41562,0.8533853,0.31801257
51.330001562833786,111.41162,0.8533853,0.31923336
51.33999988436699,111.41562,0.8533853,0.32045412
51.34999820590019,111.41962,0.8533853,0.3216749
51.36000034213066,111.43962,0.8533853,0.3216749
51.369998663663864,111.43962,0.8534527,0.32289568
51.38000079989433,111.41162,0.8534527,0.32411647
51.389999121427536,111.42362,0.85358745,0.32533723
51.400001257658005,111.41562,0.85365474,0.32533723
51.40999957919121,111.39562,0.8537895,0.32533723
51.42000171542168,111.42362,0.85405904,0.32411647
51.43000003695488,111.49162,0.8543285,0.32411647
51.43999835848808,111.55162,0.8546654,0.32289568
51.45000049471855,111.66762,0.85520434,0.32045412
51.459998816251755,111.78362,0.8557433,0.31801257
51.47000095248222,111.907616,0.8563496,0.31435025
51.47999927401543,112.04762,0.85715806,0.3106879
51.490001410245895,112.21162,0.85810125,0.3058048
51.4999997317791,112.40762,0.85904443,0.29970092
51.51000186800957,112.559616,0.8596508,0.29603857
51.52000018954277,112.687614,0.86005497,0.2948178
51.52999851107597,112.727615,0.86018974,0.2948178
51.54000064730644,112.74762,0.86025715,0.29603857
51.549998968839645,112.75961,0.8603245,0.29603857
51.560001105070114,112.77562,0.86045927,0.29603857
51.56999942660332,112.783615,0.860594,0.29603857
51.580001562833786,112.795616,0.8607961,0.29603857
51.58999988436699,112.78761,0.86093086,0.29603857
51.59999820590019,112.80761,0.86120033,0.29603857
51.61000034213066,112.839615,0.8614698,0.2948178
51.619998663663864,112.91561,0.86180663,0.293597
51.63000079989433,112.98361,0.86221087,0.29237625
51.639999121427536,113.08362,0.86268246,0.2899347
51.650001257658005,113.21162,0.8632214,0.28749314
51.65999957919121,113.283615,0.86369306,0.28627235
51.67000171542168,113.34361,0.86396253,0.28505158
51.68000003695488,113.38762,0.86423206,0.2838308
51.68999835848808,113.39961,0.8644341,0.2838308
51.70000049471855,113.39161,0.8645015,0.28505158
51.709998816251755,113.40362,0.8645015,0.28627235
51.72000095248222,113.42762,0.8645689,0.28627235
51.72999927401543,113.42762,0.86463624,0.28749314
51.740001410245895,113.43161,0.86463624,0.2887139
51.7499997317791,113.423615,0.8647036,0.2887139
51.76000186800957,113.38361,0.8647036,0.2899347
51.77000018954277,113.33161,0.8647036,0.29115546
51.77999851107597,113.31962,0.8647036,0.29237625
51.79000064730644,113.31561,0.8647036,0.293597
51.799998968839645,113.283615,0.864771,0.293597
51.810001105070114,113.28761,0.864771,0.29603857
51.81999942660332,113.30762,0.864771,0.29603857
51.830001562833786,113.28761,0.864771,0.29725936
51.83999988436699,113.27561,0.864771,0.29848012
51.84999820590019,113.24362,0.864771,0.29970092
51.86000034213066,113.199615,0.864771,0.30092168
51.869998663663864,113.16761,0.864771,0.30214247
51.88000079989433,113.17562,0.864771,0.30336323
51.889999121427536,113.16362,0.864771,0.30458403
51.900001257658005,113.15162,0.864771,0.3058048
51.90999957919121,113.15561,0.864771,0.30702558
51.92000171542168,113.143616,0.8648383,0.30702558
51.93000003695488,113.11961,0.8648383,0.30946714
51.93999835848808,113.115616,0.8649057,0.30946714
51.95000049471855,113.09562,0.86497307,0.30946714
51.959998816251755,113.08362,0.86497307,0.3119087
51.97000095248222,113.09961,0.8650405,0.3119087
51.97999927401543,113.115616,0.86510783,0.31312945
51.990001410245895,113.12761,0.8652426,0.31312945
51.9999997317791,113.13961,0.8653099,0.31312945
52.01000186800957,113.16362,0.8653773,0.31435025
52.02000018954277,113.131615,0.86544466,0.315571
52.02999851107597,113.11162,0.8655794,0.315571
52.04000064730644,113.143616,0.86578155,0.315571
52.049998968839645,113.16761,0.86591625,0.315571
52.060001105070114,113.17961,0.866051,0.315571
52.06999942660332,113.227615,0.8661858,0.315571
52.080001562833786,113.21961,0.86625314,0.3167918
52.08999988436699,113.23561,0.86638784,0.3167918
52.09999820590019,113.27561,0.8665226,0.3167918
52.11000034213066,113.30361,0.8667921,0.315571
52.119998663663864,113.33161,0.86712897,0.315571
52.13000079989433,113.43961,0.86773527,0.3119087
52.139999121427536,113.58361,0.8684764,0.30702558
52.150001257658005,113.75161,0.86935216,0.30336323
52.15999957919121,113.94361,0.870228,0.29848012
52.17000171542168,114.143616,0.8709691,0.293597
52.18000003695488,114.23962,0.87150806,0.29115546
52.18999835848808,114.29561,0.87177753,0.29115546
52.20000049471855,114.32361,0.87191224,0.29115546
52.209998816251755,114.32361,0.87191224,0.29237625
52.22000095248222,114.30361,0.87191224,0.293597
52.22999927401543,114.30361,0.87191224,0.2948178
52.240001410245895,114.31561,0.87191224,0.29603857
52.2499997317791,114.27962,0.87191224,0.29725936
52.26000186800957,114.27962,0.87191224,0.29725936
52.27000018954277,114.25162,0.87197965,0.29848012
52.27999851107597,114.20761,0.87197965,0.29970092
52.29000064730644,114.199615,0.87197965,0.30092168
52.299998968839645,114.18362,0.87197965,0.30214247
52.310001105070114,114.16761,0.872047,0.30336323
52.31999942660332,114.171616,0.872047,0.30336323
52.330001562833786,114.17961,0.872047,0.30458403
52.33999988436699,114.16361,0.8721144,0.3058048
52.34999820590019,114.16761,0.8721818,0.30702558
52.36000034213066,114.16361,0.8722491,0.30702558
52.369998663663864,114.16361,0.87238383,0.30702558
52.38000079989433,114.12761,0.87245125,0.30824634
52.389999121427536,114.131615,0.8725186,0.30824634
52.400001257658005,114.16761,0.872586,0.30946714
52.40999957919121,114.15561,0.8727207,0.30946714
52.42000171542168,114.19561,0.87292284,0.30946714
52.43000003695488,114.23161,0.8730576,0.30946714
52.43999835848808,114.25561,0.873327,0.30946714
52.45000049471855,114.30761,0.8737313,0.30702558
52.459998816251755,114.40761,0.8742029,0.3058048
52.47000095248222,114.491615,0.87474185,0.30214247
52.47999927401543,114.56761,0.87528086,0.29970092
52.490001410245895,114.70361,0.8757524,0.29725936
52.4999997317791,114.79961,0.876224,0.29603857
52.51000186800957,114.88761,0.8766956,0.293597
52.52000018954277,115.00361,0.8770998,0.29115546
52.52999851107597,115.051605,0.8774367,0.29115546
52.54000064730644,115.05961,0.877504,0.29115546
52.549998968839645,115.03161,0.877504,0.29237625
52.560001105070114,115.039604,0.877504,0.293597
52.56999942660332,114.9996,0.877504,0.2948178
52.580001562833786,114.98761,0.877504,0.29603857
52.58999988436699,114.9996,0.877504,0.29725936
52.59999820590019,114.97561,0.877504,0.29848012
52.61000034213066,114.94761,0.877504,0.29970092
52.619998663663864,114.95161,0.877504,0.30092168
52.63000079989433,114.91561,0.877504,0.30214247
52.639999121427536,114.87161,0.877504,0.30336323
52.650001257658005,114.86761,0.877504,0.30458403
52.65999957919121,114.84761,0.877504,0.3058048
52.67000171542168,114.8236,0.877504,0.30702558
52.68000003695488,114.83161,0.877504,0.30702558
52.68999835848808,114.84761,0.877504,0.30946714
52.70000049471855,114.815605,0.877504,0.30946714
52.709998816251755,114.77161,0.8775714,0.3106879
52.72000095248222,114.76361,0.8775714,0.3119087
52.72999927401543,114.73961,0.8775714,0.31312945
52.740001410245895,114.715614,0.8775714,0.31435025
52.7499997317791,114.719604,0.8775714,0.315571
52.76000186800957,114.715614,0.8775714,0.3167918
52.77000018954277,114.70361,0.8775714,0.3167918
52.77999851107597,114.71161,0.87763876,0.31801257
52.79000064730644,114.68361,0.87763876,0.31923336
52.799998968839645,114.66361,0.87770617,0.32045412
52.810001105070114,114.65561,0.87770617,0.3216749
52.81999942660332,114.6396,0.87770617,0.32289568
52.830001562833786,114.6116,0.8777735,0.32289568
52.83999988436699,114.6116,0.8777735,0.32411647
52.84999820590019,114.63561,0.8778409,0.32533723
52.86000034213066,114.64761,0.87797564,0.32533723
52.869998663663864,114.6516,0.878043,0.32533723
52.88000079989433,114.67161,0.8782451,0.32533723
52.889999121427536,114.69561,0.87844723,0.32533723
52.900001257658005,114.69961,0.87858194,0.32533723
52.90999957919121,114.73961,0.87878406,0.32533723
52.92000171542168,114.76361,0.8789188,0.32533723
52.93000003695488,114.755615,0.8790536,0.32533723
52.93999835848808,114.80761,0.8791883,0.32533723
52.95000049471855,114.83961,0.8793904,0.32655802
52.959998816251755,114.87161,0.8796599,0.32533723
52.97000095248222,114.96761,0.88013154,0.32289568
52.97999927401543,115.04361,0.88060313,0.32045412
52.990001410245895,115.12761,0.8811421,0.31801257
52.9999997317791,115.20761,0.881681,0.315571
53.01000186800957,115.35161,0.88235474,0.31312945
53.02000018954277,115.49961,0.88296103,0.30946714
53.02999851107597,115.59961,0.8834326,0.30702558
53.04000064730644,115.68361,0.8836348,0.30702558
53.049998968839645,115.69561,0.88370216,0.30702558
53.060001105070114,115.675606,0.88370216,0.30824634
53.06999942660332,115.663605,0.8837696,0.30946714
53.080001562833786,115.66761,0.8837696,0.3106879
53.08999988436699,115.63161,0.8837696,0.3119087
53.09999820590019,115.6396,0.8838369,0.3119087
53.11000034213066,115.64361,0.88397163,0.3119087
53.119998663663864,115.63161,0.884039,0.31312945
53.13000079989433,115.61561,0.884039,0.31435025
53.139999121427536,115.63161,0.8841064,0.315571
53.150001257658005,115.6116,0.88417375,0.315571
53.15999957919121,115.58761,0.8842411,0.3167918
53.17000171542168,115.61961,0.8843759,0.3167918
53.18000003695488,115.635605,0.8844432,0.3167918
53.18999835848808,115.61961,0.8844432,0.31801257
53.20000049471855,115.60361,0.8844432,0.31923336
53.209998816251755,115.595604,0.8844432,0.32045412
53.22000095248222,115.57561,0.8844432,0.3216749
53.22999927401543,115.54761,0.8845106,0.32289568
53.240001410245895,115.5716,0.884578,0.32289568
53.2499997317791,115.55961,0.8847127,0.32411647
53.26000186800957,115.57561,0.88484746,0.32411647
53.27000018954277,115.60361,0.88498217,0.32411647
53.27999851107597,115.623604,0.8851843,0.32289568
53.29000064730644,115.647606,0.88538647,0.32289568
53.299998968839645,115.691605,0.8856559,0.32289568
53.310001105070114,115.76361,0.8860601,0.3216749
53.31999942660332,115.8356,0.88659906,0.31801257
53.330001562833786,115.967606,0.8872054,0.315571
53.33999988436699,116.1116,0.88787913,0.3119087
53.34999820590019,116.2516,0.88868755,0.30824634
53.36000034213066,116.41561,0.88936126,0.30336323
53.369998663663864,116.5276,0.8897655,0.30214247
53.38000079989433,116.53161,0.88983285,0.30336323
53.389999121427536,116.50761,0.88983285,0.30458403
53.400001257658005,116.50761,0.88983285,0.3058048
53.40999957919121,116.50761,0.88983285,0.30702558
53.42000171542168,116.4956,0.88983285,0.30702558
53.43000003695488,116.49161,0.88983285,0.30946714
53.43999835848808,116.47961,0.88983285,0.30946714
53.45000049471855,116.4316,0.88983285,0.3119087
53.459998816251755,116.42361,0.88983285,0.3119087
53.47000095248222,116.411606,0.88983285,0.31312945
53.47999927401543,116.371605,0.88983285,0.31435025
53.490001410245895,116.3636,0.88990027,0.315571
53.4999997317791,116.3516,0.88990027,0.3167918
53.51000186800957,116.33561,0.88990027,0.3167918
53.52000018954277,116.3396,0.88990027,0.31923336
53.52999851107597,116.331604,0.88990027,0.31923336
53.54000064730644,116.29561,0.88990027,0.3216749
53.549998968839645,116.247604,0.88990027,0.3216749
53.560001105070114,116.2316,0.88990027,0.32289568
53.56999942660332,116.219604,0.88990027,0.32411647
53.580001562833786,116.21161,0.8899676,0.32533723
53.58999988436699,116.2356,0.8899676,0.32655802
53.59999820590019,116.22761,0.8899676,0.3277788
53.61000034213066,116.1676,0.8899676,0.32899958
53.619998663663864,116.2036,0.8901024,0.32899958
53.63000079989433,116.2036,0.8902371,0.32899958
53.639999121427536,116.2036,0.89030445,0.33022034
53.650001257658005,116.19961,0.8904392,0.33022034
53.65999957919121,116.22761,0.89064133,0.32899958
53.67000171542168,116.25561,0.89084345,0.32899958
53.68000003695488,116.3116,0.8911129,0.32899958
53.68999835848808,116.4196,0.8913824,0.3277788
53.70000049471855,116.4596,0.8917867,0.32655802
53.709998816251755,116.53161,0.89232564,0.32411647
53.72000095248222,116.6956,0.8932014,0.31923336
53.72999927401543,116.8756,0.89427936,0.31312945
53.740001410245895,117.1276,0.8955594,0.3058048
53.7499997317791,117.42361,0.89683944,0.29725936
53.76000186800957,117.667595,0.8977153,0.29237625
53.77000018954277,117.7636,0.89818686,0.2899347
53.77999851107597,117.831604,0.8985911,0.2887139
53.79000064730644,117.9356,0.8990627,0.28749314
53.799998968839645,118.0316,0.89960164,0.2838308
53.810001105070114,118.1356,0.900208,0.28138924
53.81999942660332,118.291595,0.90088165,0.27772692
53.830001562833786,118.4396,0.90175754,0.2728438
53.83999988436699,118.60759,0.9027007,0.2679607
53.84999820590019,118.7436,0.9031723,0.26429835
53.86000034213066,118.7876,0.9033071,0.26551914
53.869998663663864,118.751595,0.9033071,0.2667399
53.88000079989433,118.735596,0.90337443,0.2667399
53.889999121427536,118.72759,0.90337443,0.2679607
53.900001257658005,118.71559,0.90337443,0.26918146
53.90999957919121,118.7196,0.90337443,0.27040225
53.92000171542168,118.707596,0.90337443,0.27162302
53.93000003695488,118.6636,0.90337443,0.2728438
53.93999835848808,118.6036,0.90337443,0.27406457
53.95000049471855,118.5756,0.90337443,0.27528536
53.959998816251755,118.5596,0.90337443,0.27650613
53.97000095248222,118.5236,0.90337443,0.27772692
53.97999927401543,118.543594,0.90337443,0.27894768
53.990001410245895,118.5196,0.90337443,0.28016847
53.9999997317791,118.4956,0.90337443,0.28138924
54.01000186800957,118.4676,0.90337443,0.28138924
54.02000018954277,118.4676,0.90337443,0.2838308
54.02999851107597,118.40759,0.90337443,0.2838308
54.04000064730644,118.3756,0.90337443,0.28505158
54.049998968839645,118.3636,0.90337443,0.28627235
54.060001105070114,118.3316,0.90337443,0.28749314
54.06999942660332,118.3316,0.90337443,0.2887139
54.080001562833786,118.3436,0.90337443,0.2899347
54.08999988436699,118.319595,0.9034418,0.29115546
54.09999820590019,118.279594,0.9034418,0.29115546
54.11000034213066,118.263596,0.9034418,0.293597
54.119998663663864,118.235596,0.9034418,0.293597
54.13000079989433,118.2036,0.9034418,0.29603857
54.139999121427536,118.195595,0.9034418,0.29603857
54.150001257658005,118.1796,0.9034418,0.29725936
54.15999957919121,118.1636,0.9034418,0.29848012
54.17000171542168,118.17159,0.9034418,0.29970092
54.18000003695488,118.1596,0.90350914,0.30092168
54.18999835848808,118.1236,0.90350914,0.30214247
54.20000049471855,118.11559,0.90350914,0.30336323
54.209998816251755,118.0916,0.9035765,0.30336323
54.22000095248222,118.0716,0.9035765,0.30458403
54.22999927401543,118.0396,0.9035765,0.3058048
54.240001410245895,118.04759,0.9035765,0.30702558
54.2499997317791,118.055595,0.9036439,0.30702558
54.26000186800957,118.03559,0.9036439,0.30946714
54.27000018954277,118.0316,0.9036439,0.30946714
54.27999851107597,118.0036,0.90371126,0.3106879
54.29000064730644,117.9756,0.9037786,0.3119087
54.299998968839645,117.9836,0.903846,0.3119087
54.310001105070114,117.9836,0.9039808,0.3119087
54.31999942660332,117.9916,0.9041155,0.31312945
54.330001562833786,118.0236,0.9043176,0.3119087
54.33999988436699,118.0956,0.90465444,0.3119087
54.34999820590019,118.155594,0.90512604,0.30946714
54.36000034213066,118.2836,0.905665,0.30702558
54.369998663663864,118.4116,0.9064061,0.30336323
54.38000079989433,118.571594,0.9072145,0.29848012
54.389999121427536,118.72759,0.9082251,0.29237625
54.400001257658005,118.9356,0.9091683,0.28749314
54.40999957919121,119.0916,0.9096399,0.28505158
54.42000171542168,119.1076,0.9097073,0.28627235
54.43000003695488,119.11559,0.9097073,0.28627235
54.43999835848808,119.1076,0.9097073,0.28749314
54.45000049471855,119.0916,0.9097073,0.2887139
54.459998816251755,119.08759,0.90977466,0.2899347
54.47000095248222,119.07559,0.90977466,0.29115546
54.47999927401543,119.0236,0.90977466,0.29115546
54.490001410245895,118.99159,0.90977466,0.293597
54.4999997317791,118.9756,0.90977466,0.293597
54.51000186800957,118.95159,0.90977466,0.29603857
54.52000018954277,118.91959,0.90977466,0.29603857
54.52999851107597,118.931595,0.90984195,0.29725936
54.54000064730644,118.91959,0.90984195,0.29848012
54.549998968839645,118.89959,0.90984195,0.29970092
54.560001105070114,118.891594,0.90984195,0.30092168
54.56999942660332,118.8796,0.90984195,0.30214247
54.580001562833786,118.835594,0.90990937,0.30214247
54.58999988436699,118.835594,0.90990937,0.30336323
54.59999820590019,118.8116,0.90990937,0.30458403
54.61000034213066,118.7876,0.90990937,0.3058048
54.619998663663864,118.79159,0.9099767,0.30702558
54.63000079989433,118.8036,0.91004413,0.30702558
54.639999121427536,118.79159,0.91017884,0.30702558
54.650001257658005,118.79559,0.9103136,0.30702558
54.65999957919121,118.83159,0.9105157,0.30702558
54.67000171542168,118.8436,0.9107852,0.30702558
54.68000003695488,118.891594,0.91118944,0.3058048
54.68999835848808,118.97959,0.9115936,0.30336323
54.70000049471855,119.099594,0.9121326,0.30092168
54.709998816251755,119.1996,0.9127389,0.29725936
54.72000095248222,119.3316,0.9134127,0.2948178
54.72999927401543,119.499596,0.9141537,0.2899347
54.740001410245895,119.64759,0.9148948,0.28627235
54.7499997317791,119.751595,0.9153664,0.2838308
54.76000186800957,119.76759,0.91543376,0.28505158
54.77000018954277,119.751595,0.91543376,0.28627235
54.77999851107597,119.72759,0.9155012,0.28749314
54.79000064730644,119.7436,0.9155012,0.28749314
54.799998968839645,119.7316,0.9155012,0.2899347
54.810001105070114,119.73559,0.9155012,0.2899347
54.81999942660332,119.72359,0.9155012,0.29115546
54.830001562833786,119.65559,0.9155012,0.29237625
54.83999988436699,119.611595,0.9155012,0.293597
54.84999820590019,119.60359,0.9155012,0.2948178
54.86000034213066,119.56359,0.9155012,0.29603857
54.869998663663864,119.53959,0.9155012,0.29725936
54.88000079989433,119.555595,0.9155012,0.29848012
54.889999121427536,119.56359,0.9155012,0.29970092
54.900001257658005,119.55159,0.9155012,0.30092168
54.90999957919121,119.527596,0.9155012,0.30214247
54.92000171542168,119.499596,0.9155012,0.30336323
54.93000003695488,119.44759,0.91556853,0.30336323
54.93999835848808,119.41559,0.91556853,0.30458403
54.95000049471855,119.3996,0.91556853,0.3058048
54.959998816251755,119.40359,0.91556853,0.30702558
54.97000095248222,119.3996,0.91563594,0.30824634
54.97999927401543,119.41959,0.91563594,0.30946714
54.990001410245895,119.42759,0.91570324,0.30946714
54.9999997317791,119.37959,0.91570324,0.3106879
55.01000186800957,119.347595,0.91570324,0.3119087
55.02000018954277,119.33559,0.9157706,0.31312945
55.02999851107597,119.29559,0.91590536,0.31312945
55.04000064730644,119.32359,0.91597277,0.31312945
55.049998968839645,119.35159,0.9160401,0.31435025
55.060001105070114,119.35159,0.9160401,0.315571
55.06999942660332,119.3436,0.9161075,0.3167918
55.080001562833786,119.35559,0.9161749,0.3167918
55.08999988436699,119.3436,0.9161749,0.31801257
55.09999820590019,119.2756,0.9162422,0.31923336
55.11000034213066,119.2756,0.9163096,0.31923336
55.119998663663864,119.25559,0.91637695,0.32045412
55.13000079989433,119.27159,0.91644436,0.32045412
55.139999121427536,119.291595,0.9165117,0.3216749
55.150001257658005,119.33559,0.9166465,0.3216749
55.15999957919121,119.33559,0.91684854,0.3216749
55.17000171542168,119.3716,0.9171181,0.32045412
55.18000003695488,119.42759,0.91752225,0.31923336
55.18999835848808,119.499596,0.91799384,0.3167918
55.20000049471855,119.583595,0.91853285,0.31435025
55.209998816251755,119.72759,0.91920656,0.3119087
55.22000095248222,119.879585,0.91994756,0.30702558
55.22999927401543,120.0236,0.92062134,0.30336323
55.240001410245895,120.207596,0.92129505,0.29970092
55.2499997317791,120.28359,0.9216992,0.29848012
55.26000186800957,120.31159,0.9219014,0.29725936
55.27000018954277,120.32359,0.92196876,0.29848012
55.27999851107597,120.31959,0.92196876,0.29970092
55.29000064730644,120.27959,0.92196876,0.30092168
55.299998968839645,120.267586,0.92196876,0.30214247
55.310001105070114,120.27159,0.92196876,0.30336323
55.31999942660332,120.25959,0.92196876,0.30458403
55.330001562833786,120.2476,0.92196876,0.3058048
55.33999988436699,120.235596,0.92196876,0.30702558
55.34999820590019,120.199585,0.92196876,0.30824634
55.36000034213066,120.15159,0.92196876,0.30946714
55.369998663663864,120.14359,0.92196876,0.3106879
55.38000079989433,120.131584,0.92196876,0.3119087
55.389999121427536,120.10359,0.92203605,0.3119087
55.400001257658005,120.10759,0.92203605,0.31312945
55.40999957919121,120.10759,0.92203605,0.31435025
55.42000171542168,120.111595,0.9221708,0.31435025
55.43000003695488,120.10359,0.92223823,0.315571
55.43999835848808,120.10359,0.9223056,0.315571
55.45000049471855,120.05959,0.922373,0.3167918
55.459998816251755,120.03159,0.92244035,0.3167918
55.47000095248222,120.071594,0.9225077,0.31801257
55.47999927401543,120.071594,0.92257506,0.31923336
55.490001410245895,120.099594,0.9227098,0.31923336
55.4999997317791,120.127594,0.92291194,0.31923336
55.51000186800957,120.14359,0.9229793,0.31923336
55.52000018954277,120.127594,0.923114,0.31923336
55.52999851107597,120.13559,0.92324877,0.31923336
55.54000064730644,120.15159,0.9234509,0.31923336
55.549998968839645,120.167595,0.923653,0.31923336
55.560001105070114,120.21559,0.9239899,0.31801257
55.56999942660332,120.30359,0.9243267,0.3167918
55.580001562833786,120.36759,0.9247309,0.315571
55.58999988436699,120.43959,0.9251352,0.31435025
55.59999820590019,120.519585,0.925472,0.3119087
55.61000034213066,120.559586,0.92580885,0.3119087
55.619998663663864,120.61959,0.92628044,0.30946714
55.63000079989433,120.71159,0.9267521,0.30702558
55.639999121427536,120.80359,0.9272237,0.30458403
55.650001257658005,120.87559,0.92762786,0.30336323
55.65999957919121,120.95558,0.92789733,0.30214247
55.67000171542168,121.00758,0.92809945,0.30214247
55.68000003695488,120.98759,0.92816687,0.30336323
55.68999835848808,120.99959,0.9282342,0.30336323
55.70000049471855,120.97159,0.92830163,0.30458403
55.709998816251755,120.94359,0.92830163,0.3058048
55.72000095248222,120.95159,0.928369,0.3058048
55.72999927401543,120.94359,0.928369,0.30702558
55.740001410245895,120.93959,0.9285037,0.30824634
55.7499997317791,120.92359,0.9285037,0.30946714
55.76000186800957,120.93959,0.92857105,0.30946714
55.77000018954277,120.93159,0.9287058,0.30946714
55.77999851107597,120.93159,0.9288406,0.30946714
55.79000064730644,120.94359,0.9289753,0.30946714
55.799998968839645,120.94359,0.92911005,0.3106879
55.810001105070114,120.919586,0.92911005,0.3119087
55.81999942660332,120.947586,0.9292448,0.3119087
55.830001562833786,120.93959,0.92931217,0.3119087
55.83999988436699,120.947586,0.9294469,0.31312945
55.84999820590019,120.99159,0.92971635,0.3119087
55.86000034213066,121.03959,0.9299858,0.3119087
55.869998663663864,121.09158,0.9303227,0.30946714
55.88000079989433,121.13559,0.93072695,0.30824634
55.889999121427536,121.23559,0.93119854,0.3058048
55.900001257658005,121.31959,0.9318049,0.30336323
55.90999957919121,121.435585,0.9324112,0.29970092
55.92000171542168,121.59158,0.93308496,0.29725936
55.93000003695488,121.74358,0.9337586,0.293597
55.93999835848808,121.85558,0.93429756,0.29115546
55.95000049471855,121.94359,0.93463445,0.2899347
55.959998816251755,121.95959,0.9348365,0.2887139
55.97000095248222,121.947586,0.9348365,0.2899347
55.97999927401543,121.93159,0.9348365,0.29115546
55.990001410245895,121.93958,0.9348365,0.29237625
55.9999997317791,121.89958,0.9348365,0.293597
56.01000186800957,121.87559,0.9348365,0.2948178
56.02000018954277,121.879585,0.9348365,0.29603857
56.02999851107597,121.85558,0.9348365,0.29725936
56.04000064730644,121.80759,0.9348365,0.29848012
56.049998968839645,121.79959,0.9348365,0.29970092
56.060001105070114,121.767586,0.9349039,0.29970092
56.06999942660332,121.727585,0.9349039,0.30092168
56.080001562833786,121.71959,0.9349039,0.30214247
56.08999988436699,121.72358,0.9349039,0.30336323
56.09999820590019,121.70358,0.9349039,0.30458403
56.11000034213066,121.69159,0.9349039,0.3058048
56.119998663663864,121.68358,0.9349039,0.30702558
56.13000079989433,121.62359,0.9349039,0.30824634
56.139999121427536,121.58359,0.9349039,0.30946714
56.150001257658005,121.57159,0.9349039,0.3106879
56.15999957919121,121.55559,0.9349039,0.3119087
56.17000171542168,121.54359,0.9349039,0.31312945
56.18000003695488,121.53559,0.9349713,0.31312945
56.18999835848808,121.52759,0.9349713,0.31435025
56.20000049471855,121.49958,0.9349713,0.315571
56.209998816251755,121.48759,0.9349713,0.3167918
56.22000095248222,121.451584,0.9349713,0.31801257
56.22999927401543,121.419586,0.9349713,0.31923336
56.240001410245895,121.41159,0.9349713,0.32045412
56.2499997317791,121.39158,0.9350387,0.3216749
56.26000186800957,121.37559,0.93510604,0.3216749
56.27000018954277,121.407585,0.93517345,0.32289568
56.27999851107597,121.407585,0.9352408,0.32289568
56.29000064730644,121.38759,0.9353755,0.32411647
56.299998968839645,121.37159,0.9355103,0.32411647
56.310001105070114,121.419586,0.935645,0.32411647
56.31999942660332,121.423584,0.9358471,0.32411647
56.330001562833786,121.45959,0.9361166,0.32289568
56.33999988436699,121.54359,0.93645346,0.3216749
56.34999820590019,121.60758,0.936925,0.32045412
56.36000034213066,121.711586,0.93753135,0.3167918
56.369998663663864,121.87559,0.9382725,0.31312945
56.38000079989433,122.04358,0.9390809,0.30824634
56.389999121427536,122.199585,0.9399567,0.30336323
56.400001257658005,122.35958,0.9406978,0.29970092
56.40999957919121,122.49558,0.94130415,0.29725936
56.42000171542168,122.55958,0.941641,0.2948178
56.43000003695488,122.603584,0.9418431,0.2948178
56.43999835848808,122.65158,0.94197786,0.2948178
56.45000049471855,122.67558,0.9421126,0.29603857
56.459998816251755,122.66758,0.9423147,0.2948178
56.47000095248222,122.699585,0.94244945,0.29603857
56.47999927401543,122.699585,0.9425842,0.29603857
56.490001410245895,122.68358,0.9427863,0.29603857
56.4999997317791,122.71958,0.9429884,0.2948178
56.51000186800957,122.739586,0.94312316,0.29603857
56.52000018954277,122.72358,0.9433252,0.2948178
56.52999851107597,122.76358,0.9435274,0.2948178
56.54000064730644,122.83158,0.9437295,0.2948178
56.549998968839645,122.84358,0.943999,0.293597
56.560001105070114,122.90358,0.9443358,0.29237625
56.56999942660332,122.963585,0.9446727,0.29115546
56.580001562833786,122.98758,0.9450769,0.2899347
56.58999988436699,123.03958,0.9454811,0.28749314
56.59999820590019,123.12358,0.9458853,0.28627235
56.61000034213066,123.17958,0.94615483,0.28627235
56.619998663663864,123.22358,0.94635695,0.28627235
56.63000079989433,123.25558,0.9465591,0.28505158
56.639999121427536,123.27958,0.9467612,0.28505158
56.650001257658005,123.283585,0.94689596,0.28505158
56.65999957919121,123.27958,0.94696325,0.28627235
56.67000171542168,123.27158,0.94696325,0.28749314
56.68000003695488,123.21158,0.94703066,0.28749314
56.68999835848808,123.20759,0.94703066,0.2887139
56.70000049471855,123.20759,0.94703066,0.2899347
56.709998816251755,123.17958,0.947098,0.29115546
56.72000095248222,123.17158,0.947098,0.29115546
56.72999927401543,123.15958,0.94716537,0.29237625
56.740001410245895,123.13958,0.94716537,0.293597
56.7499997317791,123.10758,0.9472328,0.2948178
56.76000186800957,123.07958,0.9472328,0.29603857
56.77000018954277,123.051575,0.9472328,0.29725936
56.77999851107597,123.019585,0.94730014,0.29725936
56.79000064730644,123.02758,0.94730014,0.29848012
56.799998968839645,123.023575,0.94730014,0.29970092
56.810001105070114,122.98758,0.94730014,0.30092168
56.81999942660332,122.983574,0.94736755,0.30092168
56.830001562833786,122.97558,0.9474349,0.30214247
56.83999988436699,122.95958,0.94750226,0.30336323
56.84999820590019,122.93558,0.9475696,0.30336323
56.86000034213066,122.93958,0.94763696,0.30458403
56.869998663663864,122.923584,0.9477044,0.3058048
56.88000079989433,122.91958,0.9477717,0.3058048
56.889999121427536,122.923584,0.9477717,0.30702558
56.900001257658005,122.91958,0.9477717,0.30824634
56.90999957919121,122.88358,0.94783914,0.30824634
56.92000171542168,122.87158,0.94783914,0.30946714
56.93000003695488,122.85558,0.9479065,0.3106879
56.93999835848808,122.83158,0.9479065,0.3119087
56.95000049471855,122.82758,0.9480412,0.3119087
56.959998816251755,122.84358,0.94810855,0.31312945
56.97000095248222,122.823586,0.94817597,0.31312945
56.97999927401543,122.83958,0.94831073,0.31312945
56.990001410245895,122.86359,0.94844544,0.31312945
56.9999997317791,122.86758,0.94858015,0.31435025
57.01000186800957,122.86758,0.9487823,0.31435025
57.02000018954277,122.90358,0.94898444,0.31312945
57.02999851107597,122.92758,0.94925386,0.31312945
57.04000064730644,122.95558,0.9495234,0.3119087
57.049998968839645,123.03558,0.9498602,0.3106879
57.060001105070114,123.119576,0.9503318,0.30946714
57.06999942660332,123.23158,0.9508708,0.3058048
57.080001562833786,123.343575,0.9516119,0.30336323
57.08999988436699,123.48358,0.9522855,0.29970092
57.09999820590019,123.55557,0.9527572,0.29725936
57.11000034213066,123.607574,0.9529593,0.29603857
57.119998663663864,123.647575,0.953094,0.29603857
57.13000079989433,123.62357,0.9531614,0.29725936
57.139999121427536,123.61158,0.9531614,0.29848012
57.150001257658005,123.61158,0.9531614,0.29970092
57.15999957919121,123.59158,0.9531614,0.30092168
57.17000171542168,123.55958,0.9532288,0.30092168
57.18000003695488,123.57158,0.9532288,0.30214247
57.18999835848808,123.55158,0.9532961,0.30336323
57.20000049471855,123.49158,0.9532961,0.30458403
57.209998816251755,123.49158,0.9533635,0.3058048
57.22000095248222,123.46358,0.9533635,0.3058048
57.22999927401543,123.45558,0.9534309,0.30702558
57.240001410245895,123.46358,0.9534309,0.30824634
57.2499997317791,123.47158,0.9534309,0.30946714
57.26000186800957,123.39958,0.9534309,0.3106879
57.27000018954277,123.383575,0.95349824,0.3119087
57.27999851107597,123.371574,0.95349824,0.3119087
57.29000064730644,123.351585,0.9535656,0.31312945
57.299998968839645,123.31958,0.9535656,0.31435025
57.310001105070114,123.33558,0.953633,0.31435025
57.31999942660332,123.33558,0.95370036,0.315571
57.330001562833786,123.32358,0.9537678,0.315571
57.33999988436699,123.315575,0.9537678,0.3167918
57.34999820590019,123.30357,0.95383507,0.31801257
57.36000034213066,123.27958,0.95383507,0.31923336
57.369998663663864,123.25158,0.95383507,0.32045412
57.38000079989433,123.23158,0.95383507,0.3216749
57.389999121427536,123.21958,0.9539025,0.3216749
57.400001257658005,123.20759,0.9539025,0.32289568
57.40999957919121,123.21158,0.9539025,0.32411647
57.42000171542168,123.20358,0.95396984,0.32533723
57.43000003695488,123.18758,0.95396984,0.32655802
57.43999835848808,123.18358,0.9541046,0.32655802
57.45000049471855,123.16358,0.95417196,0.32655802
57.459998816251755,123.14758,0.95423937,0.3277788
57.47000095248222,123.16358,0.954374,0.3277788
57.47999927401543,123.17958,0.9545088,0.32899958
57.490001410245895,123.15958,0.9545762,0.32899958
57.4999997317791,123.19558,0.95471096,0.32899958
57.51000186800957,123.22758,0.954913,0.32899958
57.52000018954277,123.26758,0.95531726,0.3277788
57.52999851107597,123.32358,0.95578885,0.32533723
57.54000064730644,123.42758,0.95632786,0.32289568
57.549998968839645,123.53958,0.95693415,0.31923336
57.560001105070114,123.663574,0.9577426,0.315571
57.56999942660332,123.84358,0.9586184,0.3106879
57.580001562833786,124.02758,0.9592921,0.30702558
57.58999988436699,124.11157,0.95969635,0.3058048
57.59999820590019,124.15558,0.9598985,0.3058048
57.61000034213066,124.14358,0.9598985,0.3058048
57.619998663663864,124.12758,0.9598985,0.30702558
57.63000079989433,124.09558,0.9598985,0.30824634
57.639999121427536,124.08358,0.9598985,0.30946714
57.650001257658005,124.05558,0.9598985,0.3106879
57.65999957919121,124.03157,0.9598985,0.3119087
57.67000171542168,124.035576,0.9599658,0.31312945
57.68000003695488,123.995575,0.9599658,0.31312945
57.68999835848808,123.995575,0.96003324,0.31435025
57.70000049471855,123.979576,0.960168,0.315571
57.709998816251755,123.963585,0.9602353,0.315571
57.72000095248222,123.967575,0.96037006,0.315571
57.72999927401543,123.98758,0.9605722,0.315571
57.740001410245895,124.023575,0.96077424,0.315571
57.7499997317791,124.03958,0.9610438,0.31435025
57.76000186800957,124.09558,0.961448,0.31312945
57.77000018954277,124.21158,0.9620543,0.30946714
57.77999851107597,124.32357,0.96286273,0.3058048
57.79000064730644,124.56757,0.9640081,0.29848012
57.799998968839645,124.83958,0.9654902,0.2899347
57.810001105070114,125.11558,0.9667703,0.28138924
57.81999942660332,125.331566,0.96757877,0.27772692
57.830001562833786,125.44357,0.96818507,0.27406457
57.83999988436699,125.54358,0.96879137,0.27162302
57.84999820590019,125.66757,0.9695325,0.2667399
57.86000034213066,125.843575,0.9704083,0.2630776
57.869998663663864,126.05157,0.9714862,0.25575292
57.88000079989433,126.231575,0.9723621,0.2508698
57.889999121427536,126.31557,0.9726315,0.2508698
57.900001257658005,126.30757,0.9726315,0.2508698
57.90999957919121,126.219574,0.9726315,0.25209057
57.92000171542168,126.17957,0.9726315,0.25331137
57.93000003695488,126.135574,0.9726315,0.25453213
57.93999835848808,126.09157,0.9726315,0.25575292
57.95000049471855,126.05157,0.9726315,0.25697368
57.959998816251755,126.05157,0.9726315,0.25819448
57.97000095248222,125.99557,0.9726315,0.25941524
57.97999927401543,125.943565,0.9726315,0.26063603
57.990001410245895,125.903564,0.9726315,0.2618568
57.9999997317791,125.843575,0.9726315,0.2630776
58.01000186800957,125.80758,0.9726315,0.26429835
58.02000018954277,125.80758,0.9726315,0.26551914
58.02999851107597,125.79157,0.9726315,0.2667399
58.04000064730644,125.76357,0.9726315,0.2679607
58.049998968839645,125.73557,0.9726315,0.26918146
58.060001105070114,125.68357,0.9726315,0.27040225
58.06999942660332,125.619576,0.9726315,0.27040225
58.080001562833786,125.56757,0.9726315,0.27162302
58.08999988436699,125.54358,0.9726315,0.2728438
58.09999820590019,125.50358,0.9726315,0.27406457
58.11000034213066,125.47157,0.9726315,0.27528536
58.119998663663864,125.483574,0.9726315,0.27650613
58.13000079989433,125.45957,0.9726315,0.27772692
58.139999121427536,125.41557,0.9726315,0.27894768
58.150001257658005,125.383575,0.9726315,0.28016847
58.15999957919121,125.33557,0.9726989,0.28138924
58.17000171542168,125.271576,0.9726989,0.28138924
58.18000003695488,125.27557,0.9726989,0.2838308
58.18999835848808,125.25557,0.9726989,0.2838308
58.20000049471855,125.23557,0.9726989,0.28627235
58.209998816251755,125.21557,0.9726989,0.28627235
58.22000095248222,125.19558,0.9726989,0.28749314
58.22999927401543,125.14757,0.9726989,0.2887139
58.240001410245895,125.10358,0.9726989,0.2899347
58.2499997317791,125.063576,0.9726989,0.29115546
58.26000186800957,125.01958,0.9726989,0.29237625
58.27000018954277,124.99157,0.9726989,0.293597
58.27999851107597,124.979576,0.9726989,0.2948178
58.29000064730644,124.97557,0.9726989,0.29603857
58.299998968839645,124.94757,0.9726989,0.29725936
58.310001105070114,124.93557,0.9726989,0.29848012
58.31999942660332,124.90358,0.9726989,0.29970092
58.330001562833786,124.82757,0.9726989,0.30092168
58.33999988436699,124.81158,0.9726989,0.30092168
58.34999820590019,124.79157,0.9726989,0.30336323
58.36000034213066,124.743576,0.9726989,0.30336323
58.369998663663864,124.75958,0.9726989,0.3058048
58.38000079989433,124.731575,0.9726989,0.3058048
58.389999121427536,124.71157,0.9726989,0.30702558
58.400001257658005,124.68357,0.9726989,0.30824634
58.40999957919121,124.65158,0.9727663,0.30946714
58.42000171542168,124.619576,0.9727663,0.3106879
58.43000003695488,124.58358,0.9728337,0.3119087
58.43999835848808,124.57158,0.97290105,0.3119087
58.45000049471855,124.57557,0.9729684,0.3119087
58.459998816251755,124.58358,0.9731031,0.31312945
58.47000095248222,124.58758,0.9731031,0.31312945
58.47999927401543,124.591576,0.9732379,0.31435025
58.490001410245895,124.563576,0.9733053,0.31435025
58.4999997317791,124.54758,0.97337264,0.315571
58.51000186800957,124.54758,0.97350734,0.315571
58.52000018954277,124.523575,0.9736421,0.315571
58.52999851107597,124.55958,0.9739116,0.315571
58.54000064730644,124.63158,0.97424847,0.31435025
58.549998968839645,124.69958,0.97465265,0.3119087
58.560001105070114,124.81957,0.9753938,0.30824634
58.56999942660332,125.03157,0.97647166,0.30214247
58.580001562833786,125.26358,0.977819,0.2948178
58.58999988436699,125.46358,0.9787622,0.2887139
58.59999820590019,125.57157,0.97916657,0.28749314
58.61000034213066,125.57557,0.97916657,0.28749314
58.619998663663864,125.54757,0.97916657,0.2899347
58.63000079989433,125.53957,0.97916657,0.2899347
58.639999121427536,125.551575,0.97916657,0.29115546
58.650001257658005,125.53557,0.97916657,0.29237625
58.65999957919121,125.47558,0.97916657,0.293597
58.67000171542168,125.45157,0.97916657,0.2948178
58.68000003695488,125.39558,0.97916657,0.29603857
58.68999835848808,125.331566,0.97916657,0.29725936
58.70000049471855,125.327576,0.97916657,0.29848012
58.709998816251755,125.28357,0.97916657,0.29970092
58.72000095248222,125.26358,0.97923386,0.29970092
58.72999927401543,125.27557,0.97923386,0.30092168
58.740001410245895,125.28357,0.97923386,0.30214247
58.7499997317791,125.219574,0.97923386,0.30336323
58.76000186800957,125.17957,0.97923386,0.30458403
58.77000018954277,125.14757,0.9793012,0.3058048
58.77999851107597,125.07957,0.9793012,0.30702558
58.79000064730644,125.04357,0.9793012,0.30824634
58.799998968839645,125.04758,0.9793012,0.30946714
58.810001105070114,125.051575,0.9793012,0.3106879
58.81999942660332,125.01557,0.9793012,0.3119087
58.830001562833786,125.00357,0.9793012,0.3119087
58.83999988436699,124.97557,0.9793012,0.31312945
58.84999820590019,124.911575,0.9793012,0.31435025
58.86000034213066,124.86757,0.9793012,0.315571
58.869998663663864,124.85557,0.9793012,0.3167918
58.88000079989433,124.79558,0.9793686,0.31801257
58.889999121427536,124.79558,0.9794359,0.31801257
58.900001257658005,124.81158,0.97950333,0.31923336
58.90999957919121,124.81158,0.97957075,0.31923336
58.92000171542168,124.85557,0.9798402,0.31923336
58.93000003695488,124.87958,0.98017704,0.31801257
58.93999835848808,124.91557,0.98058134,0.3167918
58.95000049471855,124.99157,0.98125505,0.31312945
58.959998816251755,125.11558,0.981996,0.30946714
58.97000095248222,125.315575,0.98293924,0.30336323
58.97999927401543,125.50358,0.9838824,0.29848012
58.990001410245895,125.69958,0.98455614,0.2948178
58.9999997317791,125.76357,0.9848256,0.293597
59.01000186800957,125.73557,0.9848256,0.2948178
59.02000018954277,125.70757,0.9848256,0.29603857
59.02999851107597,125.68357,0.984893,0.29725936
59.04000064730644,125.635574,0.984893,0.29725936
59.049998968839645,125.59957,0.984893,0.29970092
59.060001105070114,125.58757,0.984893,0.29970092
59.06999942660332,125.551575,0.984893,0.30092168
59.080001562833786,125.53557,0.984893,0.30214247
59.08999988436699,125.51558,0.98496044,0.30336323
59.09999820590019,125.46757,0.98496044,0.30458403
59.11000034213066,125.39957,0.98496044,0.3058048
59.119998663663864,125.37557,0.98502773,0.3058048
59.13000079989433,125.35957,0.9851625,0.30702558
59.139999121427536,125.36357,0.9852299,0.30702558
59.150001257658005,125.37157,0.9852972,0.30824634
59.15999957919121,125.37557,0.985432,0.30824634
59.17000171542168,125.35957,0.98556674,0.30824634
59.18000003695488,125.33958,0.9856341,0.30946714
59.18999835848808,125.32357,0.9857015,0.30946714
59.20000049471855,125.29557,0.9857015,0.3106879
59.209998816251755,125.22757,0.9857688,0.3119087
59.22000095248222,125.247574,0.9858362,0.3119087
59.22999927401543,125.22358,0.9859036,0.31312945
59.240001410245895,125.22757,0.9860383,0.31312945
59.2499997317791,125.27557,0.9863078,0.3119087
59.26000186800957,125.30357,0.986712,0.3106879
59.27000018954277,125.35957,0.9873184,0.30702558
59.27999851107597,125.495575,0.9881268,0.30336323
59.29000064730644,125.651566,0.9890026,0.29848012
59.299998968839645,125.80357,0.98994577,0.293597
59.310001105070114,125.99957,0.9907543,0.2887139
59.31999942660332,126.09957,0.9910238,0.28749314
59.330001562833786,126.07957,0.9910911,0.2887139
59.33999988436699,126.04357,0.9910911,0.2899347
59.34999820590019,126.011566,0.9910911,0.29115546
59.36000034213066,125.971565,0.9910911,0.29237625
59.369998663663864,125.92357,0.9910911,0.293597
59.38000079989433,125.883575,0.9910911,0.2948178
59.389999121427536,125.83558,0.9910911,0.29603857
59.400001257658005,125.75957,0.9910911,0.29603857
59.40999957919121,125.73957,0.9910911,0.29725936
59.42000171542168,125.71157,0.9910911,0.29848012
59.43000003695488,125.63957,0.9910911,0.29970092
59.43999835848808,125.623566,0.9910911,0.30092168
59.45000049471855,125.57157,0.9910911,0.30214247
59.459998816251755,125.52757,0.9910911,0.30336323
59.47000095248222,125.483574,0.9910911,0.30458403
59.47999927401543,125.44357,0.9910911,0.3058048
59.490001410245895,125.40758,0.9910911,0.30702558
59.4999997317791,125.35157,0.9910911,0.30824634
59.51000186800957,125.31158,0.9910911,0.30946714
59.52000018954277,125.287575,0.9910911,0.3106879
59.52999851107597,125.22757,0.9910911,0.3119087
59.54000064730644,125.191574,0.9910911,0.31312945
59.549998968839645,125.163574,0.9910911,0.31435025
59.560001105070114,125.091576,0.9910911,0.315571
59.56999942660332,125.05958,0.9910911,0.3167918
59.580001562833786,125.023575,0.9910911,0.3167918
59.58999988436699,124.97158,0.9910911,0.31801257
59.59999820590019,124.927574,0.9910911,0.31923336
59.61000034213066,124.89158,0.9910911,0.32045412
59.619998663663864,124.83558,0.9910911,0.3216749
59.63000079989433,124.799576,0.9910911,0.32289568
59.639999121427536,124.75958,0.9910911,0.32411647
59.650001257658005,124.70758,0.9910911,0.32533723
59.65999957919121,124.635574,0.9910911,0.32655802
59.67000171542168,124.607574,0.9910911,0.3277788
59.68000003695488,124.563576,0.9910911,0.32899958
59.68999835848808,124.483574,0.9910911,0.33022034
59.70000049471855,124.45957,0.9910911,0.33144113
59.709998816251755,124.439575,0.9911585,0.33144113
59.72000095248222,124.38758,0.9911585,0.3326619
59.72999927401543,124.32357,0.9912259,0.3338827
59.740001410245895,124.31158,0.9912933,0.33510345
59.7499997317791,124.27557,0.991428,0.33510345
59.76000186800957,124.247574,0.9914954,0.33510345
59.77000018954277,124.231575,0.99156266,0.33632424
59.77999851107597,124.20358,0.9916975,0.33632424
59.79000064730644,124.18758,0.991967,0.33510345
59.799998968839645,124.219574,0.9923038,0.3338827
59.810001105070114,124.25158,0.9927754,0.3326619
59.81999942660332,124.30758,0.9933144,0.32899958
59.830001562833786,124.37958,0.9939207,0.32655802
59.83999988436699,124.45158,0.9945944,0.32289568
59.84999820590019,124.53957,0.9954029,0.31923336
59.86000034213066,124.65557,0.99627864,0.31312945
59.869998663663864,124.81158,0.9970872,0.30946714
59.88000079989433,124.85957,0.9975588,0.30702558
59.889999121427536,124.83958,0.9978282,0.30702558
59.900001257658005,124.79558,0.99789554,0.30702558
59.90999957919121,124.70758,0.99789554,0.30824634
59.92000171542168,124.58358,0.99789554,0.30946714
59.93000003695488,124.47157,0.99789554,0.3106879
59.93999835848808,124.35958,0.99796295,0.3119087
59.95000049471855,124.19958,0.99803036,0.3119087
59.959998816251755,124.00358,0.99809766,0.31312945
59.97000095248222,123.73558,0.9981651,0.31312945
59.97999927401543,123.22758,0.9982998,0.31312945
59.990001410245895,63.259785,0.99843454,0.31312945
59.9999997317791,44.09585,0.99877137,0.31312945
60.01000186800957,44.33185,0.99917567,0.3106879
60.02000018954277,44.09585,0.99971455,0.30824634
60.02999851107597,44.583847,1.0004556,0.30458403
60.04000064730644,44.295853,1.0011967,0.30092168
60.049998968839645,44.471848,1.0019379,0.29603857
60.060001105070114,44.555847,1.0025442,0.293597
60.06999942660332,44.655846,1.0029483,0.29115546
60.080001562833786,44.655846,1.0032853,0.29115546
60.08999988436699,44.49585,1.0034199,0.29115546
60.09999820590019,44.591846,1.0034873,0.29115546
60.11000034213066,44.651848,1.0035547,0.29237625
60.119998663663864,44.57985,1.0036894,0.29237625
60.13000079989433,44.827847,1.0037569,0.293597
60.139999121427536,44.51185,1.0037569,0.2948178
60.150001257658005,44.55185,1.0037569,0.29603857
60.15999957919121,44.44785,1.0038242,0.29603857
60.17000171542168,44.41985,1.0038242,0.29725936
60.18000003695488,44.591846,1.0038242,0.29848012
60.18999835848808,44.523846,1.0038242,0.29970092
60.20000049471855,44.683846,1.0038916,0.29970092
60.209998816251755,44.50785,1.003959,0.30092168
60.22000095248222,44.57985,1.0040263,0.30092168
60.22999927401543,44.64785,1.0040263,0.30336323
60.240001410245895,44.60785,1.0040263,0.30336323
60.2499997317791,44.695847,1.0040263,0.3058048
60.26000186800957,44.583847,1.0040936,0.3058048
60.27000018954277,44.595844,1.0040936,0.30702558
60.27999851107597,44.48785,1.004161,0.30702558
60.29000064730644,44.53985,1.0042285,0.30824634
60.299998968839645,44.54785,1.0042958,0.30946714
60.310001105070114,44.491848,1.0042958,0.3106879
60.31999942660332,44.62785,1.0043632,0.3106879
60.330001562833786,44.55985,1.0044305,0.3119087
60.33999988436699,44.611847,1.0046326,0.3119087
60.34999820590019,44.57185,1.0049021,0.3106879
60.36000034213066,44.615845,1.0053737,0.30824634
60.369998663663864,44.63985,1.0060474,0.30458403
60.38000079989433,44.603848,1.006856,0.30092168
60.389999121427536,44.56785,1.0076643,0.29603857
60.400001257658005,44.523846,1.0084054,0.29237625
60.40999957919121,44.555847,1.0089444,0.2899347
60.42000171542168,44.49585,1.0092138,0.2887139
60.43000003695488,44.519848,1.0093486,0.2887139
60.43999835848808,44.503845,1.0094833,0.2899347
60.45000049471855,44.555847,1.0095507,0.2899347
60.459998816251755,44.603848,1.0096182,0.29115546
60.47000095248222,44.575848,1.0096182,0.29115546
60.47999927401543,44.60785,1.0096854,0.29237625
60.490001410245895,44.575848,1.0096854,0.293597
60.4999997317791,44.58785,1.0097528,0.2948178
60.51000186800957,44.59985,1.0098202,0.2948178
60.52000018954277,44.595844,1.0098876,0.29603857
60.52999851107597,44.55985,1.0099549,0.29603857
60.54000064730644,44.53185,1.0099549,0.29725936
60.549998968839645,44.523846,1.0100223,0.29848012
60.560001105070114,44.48785,1.0100223,0.29970092
60.56999942660332,44.555847,1.0100898,0.29970092
60.580001562833786,44.54785,1.010157,0.30092168
60.58999988436699,44.59985,1.0102918,0.30092168
60.59999820590019,44.53985,1.0102918,0.30214247
60.61000034213066,44.555847,1.0104265,0.30214247
60.619998663663864,44.53985,1.0104939,0.30336323
60.63000079989433,44.563847,1.0105613,0.30336323
60.639999121427536,44.57985,1.0107634,0.30336323
60.650001257658005,44.575848,1.0108981,0.30336323
60.65999957919121,44.53985,1.0111002,0.30336323
60.67000171542168,44.52785,1.011437,0.30214247
60.68000003695488,44.543846,1.0119087,0.30092168
60.68999835848808,44.519848,1.0123804,0.29848012
60.70000049471855,44.575848,1.012852,0.29603857
60.709998816251755,44.57985,1.0133909,0.293597
60.72000095248222,44.53985,1.0139298,0.29115546
60.72999927401543,44.50785,1.014334,0.2899347
60.740001410245895,44.535847,1.0147383,0.28749314
60.7499997317791,44.54785,1.0150751,0.28627235
60.76000186800957,44.53985,1.0153446,0.28627235
60.77000018954277,44.53185,1.015412,0.28627235
60.77999851107597,44.519848,1.015412,0.28749314
60.79000064730644,44.503845,1.015412,0.2887139
60.799998968839645,44.519848,1.015412,0.2899347
60.810001105070114,44.563847,1.0154794,0.2899347
60.81999942660332,44.543846,1.0154794,0.29115546
60.830001562833786,44.54785,1.0154794,0.29237625
60.83999988436699,44.575848,1.0154794,0.293597
60.84999820590019,44.563847,1.0154794,0.2948178
60.86000034213066,44.543846,1.0154794,0.29603857
60.869998663663864,44.563847,1.0154794,0.29725936
60.88000079989433,44.53985,1.0154794,0.29848012
60.889999121427536,44.51185,1.0155467,0.29970092
60.900001257658005,44.535847,1.0155467,0.30092168
60.90999957919121,44.523846,1.0155467,0.30092168
60.92000171542168,44.53185,1.0155467,0.30336323
60.93000003695488,44.543846,1.0155467,0.30336323
60.93999835848808,44.54785,1.0155467,0.30458403
60.95000049471855,44.53185,1.0155467,0.3058048
60.959998816251755,44.555847,1.0155467,0.30702558
60.97000095248222,44.57985,1.0155467,0.30824634
60.97999927401543,44.57185,1.015614,0.30946714
60.990001410245895,44.55185,1.015614,0.3106879
60.9999997317791,44.535847,1.015614,0.3119087
61.01000186800957,44.515846,1.0156815,0.3119087
61.02000018954277,44.47585,1.0157487,0.31312945
61.02999851107597,44.50785,1.0158162,0.31312945
61.04000064730644,44.53185,1.0158836,0.31435025
61.049998968839645,44.53185,1.015951,0.315571
61.060001105070114,44.555847,1.0160183,0.315571
61.06999942660332,44.56785,1.0160857,0.3167918
61.080001562833786,44.563847,1.0162203,0.3167918
61.08999988436699,44.57985,1.0163552,0.3167918
61.09999820590019,44.595844,1.0164899,0.3167918
61.11000034213066,44.555847,1.0165573,0.31801257
61.119998663663864,44.535847,1.0166247,0.31801257
61.13000079989433,44.503845,1.0166919,0.31923336
61.139999121427536,44.50785,1.0168267,0.31923336
61.150001257658005,44.491848,1.0169615,0.31923336
61.15999957919121,44.50785,1.0170289,0.32045412
61.17000171542168,44.53185,1.0170963,0.32045412
61.18000003695488,44.53185,1.017231,0.3216749
61.18999835848808,44.55185,1.017433,0.32045412
61.20000049471855,44.57985,1.0177026,0.32045412
61.209998816251755,44.54785,1.0179721,0.31923336
61.22000095248222,44.563847,1.0183762,0.31801257
61.22999927401543,44.563847,1.0187805,0.315571
61.240001410245895,44.53985,1.0193194,0.31312945
61.2499997317791,44.519848,1.0197911,0.3119087
61.26000186800957,44.52785,1.0203301,0.30946714
61.27000018954277,44.51185,1.0208017,0.30702558
61.27999851107597,44.519848,1.0212059,0.3058048
61.29000064730644,44.535847,1.021408,0.30458403
61.299998968839645,44.53985,1.0215427,0.3058048
61.310001105070114,44.53985,1.0215427,0.3058048
61.31999942660332,44.54785,1.02161,0.30702558
61.330001562833786,44.53985,1.0216775,0.30702558
61.33999988436699,44.519848,1.0216775,0.30824634
61.34999820590019,44.515846,1.0217448,0.30946714
61.36000034213066,44.535847,1.0217448,0.3106879
61.369998663663864,44.523846,1.0218122,0.3119087
61.38000079989433,44.515846,1.0219469,0.3119087
61.389999121427536,44.52785,1.0219469,0.31312945
61.400001257658005,44.515846,1.0220143,0.31312945
61.40999957919121,44.50785,1.0220816,0.31435025
61.42000171542168,44.56785,1.0221491,0.31435025
61.43000003695488,44.563847,1.0222164,0.315571
61.43999835848808,44.55185,1.0222838,0.315571
61.45000049471855,44.54785,1.0223511,0.3167918
61.459998816251755,44.523846,1.0224186,0.3167918
61.47000095248222,44.503845,1.0224859,0.31801257
61.47999927401543,44.543846,1.0224859,0.31923336
61.490001410245895,44.523846,1.0225532,0.32045412
61.4999997317791,44.52785,1.0225532,0.3216749
61.51000186800957,44.523846,1.022688,0.3216749
61.52000018954277,44.543846,1.0227554,0.3216749
61.52999851107597,44.53185,1.0228902,0.3216749
61.54000064730644,44.543846,1.0230248,0.32289568
61.549998968839645,44.55185,1.0231596,0.32289568
61.560001105070114,44.56785,1.0233618,0.32289568
61.56999942660332,44.53985,1.0236311,0.3216749
61.580001562833786,44.53985,1.0239006,0.3216749
61.58999988436699,44.535847,1.0241702,0.32045412
61.59999820590019,44.523846,1.024507,0.31923336
61.61000034213066,44.53985,1.0249786,0.3167918
61.619998663663864,44.53985,1.0255176,0.315571
61.63000079989433,44.523846,1.026124,0.3119087
61.639999121427536,44.535847,1.0267302,0.30824634
61.650001257658005,44.53985,1.0272692,0.3058048
61.65999957919121,44.53185,1.0275388,0.3058048
61.67000171542168,44.55185,1.027606,0.3058048
61.68000003695488,44.555847,1.0276735,0.30702558
61.68999835848808,44.555847,1.0276735,0.30702558
61.70000049471855,44.523846,1.0276735,0.30824634
61.709998816251755,44.519848,1.0276735,0.30946714
61.72000095248222,44.53185,1.0276735,0.3106879
61.72999927401543,44.48785,1.0276735,0.3119087
61.740001410245895,44.49585,1.0276735,0.31312945
61.7499997317791,44.523846,1.0276735,0.31435025
61.76000186800957,44.51185,1.0276735,0.315571
61.77000018954277,44.52785,1.0276735,0.3167918
61.77999851107597,44.55185,1.0276735,0.31801257
61.79000064730644,44.54785,1.0276735,0.31923336
61.799998968839645,44.53185,1.0276735,0.32045412
61.810001105070114,44.543846,1.0276735,0.3216749
61.81999942660332,44.53985,1.0276735,0.32289568
61.830001562833786,44.54785,1.0276735,0.32411647
61.83999988436699,44.523846,1.0277408,0.32411647
61.84999820590019,44.519848,1.0277408,0.32533723
61.86000034213066,44.51185,1.0277408,0.32655802
61.869998663663864,44.50785,1.0277408,0.3277788
61.88000079989433,44.519848,1.0277408,0.32899958
61.889999121427536,44.515846,1.0278082,0.32899958
61.900001257658005,44.52785,1.0278082,0.33144113
61.90999957919121,44.54785,1.0278755,0.33144113
61.92000171542168,44.52785,1.0279429,0.3326619
61.93000003695488,44.519848,1.0280104,0.3326619
61.93999835848808,44.55185,1.0280776,0.3338827
61.95000049471855,44.53185,1.0282124,0.3338827
61.959998816251755,44.519848,1.0283471,0.3338827
61.97000095248222,44.53185,1.028482,0.3338827
61.97999927401543,44.53185,1.028684,0.3338827
61.990001410245895,44.515846,1.0288861,0.3338827
61.9999997317791,44.535847,1.0290883,0.3338827
62.01000186800957,44.54785,1.0294251,0.3326619
62.02000018954277,44.53985,1.0298967,0.33022034
62.02999851107597,44.563847,1.0307051,0.32533723
62.04000064730644,44.555847,1.0318505,0.31923336
62.049998968839645,44.535847,1.0331305,0.3119087
62.060001105070114,44.519848,1.034478,0.30336323
62.06999942660332,44.503845,1.0354885,0.29725936
62.080001562833786,44.499847,1.0361623,0.293597
62.08999988436699,44.519848,1.0366338,0.29115546
62.09999820590019,44.53185,1.0372401,0.2887139
62.11000034213066,44.535847,1.0378464,0.28627235
62.119998663663864,44.519848,1.0385875,0.28138924
62.13000079989433,44.535847,1.0394633,0.27772692
62.139999121427536,44.55185,1.0404739,0.27162302
62.150001257658005,44.51185,1.041215,0.2667399
62.15999957919121,44.51185,1.0415518,0.26551914
62.17000171542168,44.54785,1.0415518,0.2667399
62.18000003695488,44.523846,1.0415518,0.2679607
62.18999835848808,44.515846,1.0415518,0.26918146
62.20000049471855,44.535847,1.0415518,0.27040225
62.209998816251755,44.50785,1.0415518,0.27162302
62.22000095248222,44.523846,1.0415518,0.2728438
62.22999927401543,44.53185,1.0415518,0.27406457
62.240001410245895,44.535847,1.0415518,0.27528536
62.2499997317791,44.543846,1.0415518,0.27650613
62.26000186800957,44.55185,1.0415518,0.27772692
62.27000018954277,44.555847,1.0415518,0.27772692
62.27999851107597,44.52785,1.0415518,0.28016847
62.29000064730644,44.52785,1.0415518,0.28016847
62.299998968839645,44.52785,1.0415518,0.28138924
62.310001105070114,44.515846,1.0415518,0.28261003
62.31999942660332,44.50785,1.0415518,0.2838308
62.330001562833786,44.52785,1.0415518,0.28505158
62.33999988436699,44.519848,1.0415518,0.28627235
62.34999820590019,44.519848,1.0415518,0.28749314
62.36000034213066,44.555847,1.0415518,0.2887139
62.369998663663864,44.54785,1.0415518,0.2899347
62.38000079989433,44.535847,1.0415518,0.29115546
62.389999121427536,44.54785,1.0415518,0.29237625
62.400001257658005,44.55185,1.0415518,0.293597
62.40999957919121,44.52785,1.0415518,0.2948178
62.42000171542168,44.535847,1.0415518,0.29603857
62.43000003695488,44.519848,1.0415518,0.29725936
62.43999835848808,44.503845,1.0415518,0.29848012
