"TEST_HEADER_START","Data source","Date","Time","Start Timestamp","End Timestamp","Specimen identifier","TEST_HEADER_END","SPECIMEN_HEADER_START","Specimen type","Thickness (mm)","Area (sq mm)","Axial Gauge Length (mm)","Transverse Gauge Length (mm)","Grip Separation (mm)","SPECIMEN_HEADER_END","RESULTS_HEADER_START","Displacement at 0.000 N (%) ","Displacement at Maximum Load (%) ","Extension at Max Load (mm) ","Load at Break (N) ","Load at Max Position (N) ","RESULTS_HEADER_END"
"TEST_INFO_START","L180-192-2R-2026-04-19-14-09-24.mtwData","2026-04-19","14:09:24","2026-04-19 14:09:24.244","2026-04-19 14:09:24.299","31","TEST_INFO_END","SPECIMEN_INFO_START","Thickness",10.2,999999.9,7.6199994,7.6199994,25.0,"SPECIMEN_INFO_END","RESULTS_INFO_START","0.00","N/A","N/A","N/A","N/A","N/A","N/A","N/A","N/A","N/A","11.54","0.879","40.332","RESULTS_INFO_END"

"Time","Load (N)","Position (mm)","Control Out (V)"
0.0,0.13999952,0.0,0.35829824
0.009999997913837433,0.2319992,7.410783E-4,0.35341513
0.019999995827674866,0.291999,0.0015495273,0.34975278
0.0299999937415123,0.35599878,0.0020884934,0.34731123
0.03999999910593033,0.32799888,0.0024253472,0.34609047
0.05000000447034836,0.27599907,0.0026274591,0.34609047
0.059999994933605194,0.28799903,0.0028295715,0.34609047
0.07000000029802322,0.3479988,0.0030316836,0.34486967
0.07999999076128006,0.4479985,0.0034359086,0.3436489
0.08999999612569809,0.579998,0.0040422454,0.34120736
0.10000000149011612,0.73599744,0.0048506944,0.33632424
0.10999999195337296,0.879997,0.005928626,0.33022034
0.11999999731779099,0.9479968,0.0073434124,0.3216749
0.13000000268220901,0.98799664,0.008690827,0.31312945
0.13999999314546585,0.9839967,0.009499275,0.30946714
0.14999999850988388,0.9159969,0.010038242,0.3058048
0.1600000038743019,0.895997,0.0105098365,0.30458403
0.16999999433755875,1.0439965,0.011048803,0.30092168
0.17999998480081558,1.2439958,0.011722511,0.29848012
0.1900000050663948,1.4719949,0.01259833,0.293597
0.19999999552965164,1.6359944,0.01347415,0.28749314
0.20999998599290848,1.7079942,0.014080486,0.28505158
0.2200000062584877,1.5839946,0.014349969,0.2838308
0.22999999672174454,1.4079952,0.014349969,0.28505158
0.23999998718500137,1.2719957,0.014349969,0.28627235
0.2500000074505806,1.2399957,0.014349969,0.28749314
0.25999999791383743,1.3119955,0.014349969,0.2887139
0.26999998837709427,1.479995,0.014349969,0.2899347
0.2800000086426735,1.7119942,0.014349969,0.29115546
0.28999999910593033,1.8039938,0.014349969,0.29237625
0.29999998956918716,1.7839938,0.01441734,0.293597
0.3100000098347664,1.6439945,0.01441734,0.2948178
0.3200000002980232,1.4839948,0.01441734,0.2948178
0.32999999076128006,1.2959956,0.01441734,0.29725936
0.3400000110268593,1.3039956,0.014484711,0.29725936
0.3500000014901161,1.3559954,0.014484711,0.29848012
0.35999999195337296,1.491995,0.014552082,0.29848012
0.3699999824166298,1.6599942,0.014552082,0.30092168
0.380000002682209,1.7719939,0.014619453,0.30092168
0.38999999314546585,1.775994,0.014754195,0.30092168
0.3999999836087227,1.6639943,0.014821565,0.30214247
0.4100000038743019,1.5359948,0.014888936,0.30214247
0.41999999433755875,1.3919952,0.014888936,0.30336323
0.4299999848008156,1.3039956,0.014956306,0.30458403
0.4399999752640724,1.3359954,0.015023678,0.30458403
0.45000002533197403,1.5079949,0.015091048,0.3058048
0.46000001579523087,1.6639943,0.015091048,0.30702558
0.4700000062584877,1.767994,0.0151584195,0.30702558
0.47999999672174454,1.8319938,0.015293161,0.30824634
0.4899999871850014,1.779994,0.015495273,0.30702558
0.4999999776482582,1.6519943,0.015764756,0.30702558
0.509999968111515,1.5719947,0.016168982,0.3058048
0.5200000181794167,1.5479947,0.016775317,0.30214247
0.5300000086426735,1.6359944,0.017583765,0.29725936
0.5399999991059303,1.7959938,0.018526956,0.293597
0.5499999895691872,2.015993,0.019470148,0.28749314
0.559999980032444,2.2039924,0.020143855,0.2838308
0.5699999704957008,2.2159925,0.02041334,0.28261003
0.5800000205636024,2.1679926,0.02048071,0.28261003
0.5900000110268593,2.035993,0.02048071,0.28505158
0.6000000014901161,1.9399934,0.02054808,0.28505158
0.609999991953373,1.9119935,0.02054808,0.28627235
0.6199999824166298,1.9799932,0.02054808,0.28749314
0.6299999728798866,2.0799928,0.02061545,0.2887139
0.6400000229477882,2.2159925,0.02061545,0.2887139
0.6500000134110451,2.2919922,0.020682821,0.2899347
0.6600000038743019,2.2959921,0.020682821,0.29115546
0.6699999943375587,2.1919925,0.020750191,0.29237625
0.6799999848008156,2.075993,0.020750191,0.293597
0.6899999752640724,1.9999931,0.020817563,0.293597
0.700000025331974,1.9519933,0.020817563,0.2948178
0.7100000157952309,2.0039933,0.020884933,0.29603857
0.7200000062584877,2.083993,0.020952305,0.29603857
0.7299999967217445,2.2559924,0.021087045,0.29725936
0.7399999871850014,2.327992,0.021356529,0.29603857
0.7499999776482582,2.367992,0.02162601,0.2948178
0.759999968111515,2.375992,0.022097606,0.293597
0.7700000181794167,2.315992,0.022703944,0.2899347
0.7800000086426735,2.2559924,0.023445023,0.28627235
0.7899999991059303,2.2399924,0.024118729,0.28261003
0.7999999895691872,2.2879922,0.024792437,0.27894768
0.809999980032444,2.3959918,0.025466146,0.27528536
0.8199999704957008,2.5519915,0.026072482,0.2728438
0.8300000205636024,2.6799908,0.026274594,0.27162302
0.8400000110268593,2.6999907,0.026274594,0.2728438
0.8500000014901161,2.6839907,0.026274594,0.27406457
0.859999991953373,2.6519911,0.026274594,0.27528536
0.8699999824166298,2.6119912,0.026274594,0.27650613
0.8799999728798866,2.5519915,0.026274594,0.27772692
0.8900000229477882,2.5679913,0.026274594,0.27894768
0.9000000134110451,2.6159909,0.026274594,0.28016847
0.9100000038743019,2.6519911,0.026274594,0.28138924
0.9199999943375587,2.6999907,0.026274594,0.28261003
0.9299999848008156,2.7439907,0.026341965,0.28261003
0.9399999752640724,2.707991,0.026341965,0.28505158
0.9499999657273293,2.6519911,0.026341965,0.28505158
0.9599999561905861,2.5919912,0.026341965,0.28627235
0.9699999466538429,2.5559912,0.026341965,0.28749314
0.9800000563263893,2.5559912,0.026409335,0.2887139
0.9900000467896461,2.579991,0.026409335,0.2899347
1.000000037252903,2.647991,0.026409335,0.29115546
1.0100000277161598,2.6839907,0.026476707,0.29115546
1.0200000181794167,2.695991,0.026544075,0.29237625
1.0300000086426735,2.7039907,0.026544075,0.293597
1.0399999991059303,2.667991,0.026544075,0.2948178
1.0499999895691872,2.5959911,0.026544075,0.29603857
1.059999980032444,2.5879912,0.026611445,0.29603857
1.0699999704957008,2.5919912,0.026611445,0.29725936
1.0799999609589577,2.603991,0.026678817,0.29848012
1.0899999514222145,2.6599908,0.026678817,0.29970092
1.0999999418854713,2.7199907,0.026746187,0.29970092
1.1100000515580177,2.7359908,0.02688093,0.30092168
1.1200000420212746,2.7279906,0.02688093,0.30092168
1.1300000324845314,2.707991,0.02688093,0.30336323
1.1400000229477882,2.667991,0.026948301,0.30336323
1.150000013411045,2.5959911,0.026948301,0.30458403
1.160000003874302,2.5919912,0.027015671,0.30458403
1.1699999943375587,2.6319911,0.027015671,0.3058048
1.1799999848008156,2.6599908,0.027015671,0.30702558
1.1899999752640724,2.7159908,0.027015671,0.30824634
1.1999999657273293,2.7159908,0.027083043,0.30946714
1.209999956190586,2.7439907,0.027083043,0.3106879
1.219999946653843,2.695991,0.027083043,0.3119087
1.2300000563263893,2.687991,0.027150413,0.3119087
1.2400000467896461,2.6519911,0.027217785,0.31312945
1.250000037252903,2.643991,0.027217785,0.31435025
1.2600000277161598,2.643991,0.027285155,0.31435025
1.2700000181794167,2.6839907,0.027285155,0.315571
1.2800000086426735,2.7279906,0.027285155,0.3167918
1.2899999991059303,2.7479906,0.027419897,0.3167918
1.2999999895691872,2.7999907,0.027554637,0.31801257
1.309999980032444,2.7959905,0.027622007,0.31801257
1.3199999704957008,2.7519906,0.027756749,0.31801257
1.3299999609589577,2.7239907,0.027958862,0.31801257
1.3399999514222145,2.7359908,0.028228346,0.3167918
1.3499999418854713,2.7439907,0.028497828,0.3167918
1.3600000515580177,2.7719905,0.028834682,0.315571
1.3700000420212746,2.8439906,0.029104166,0.31435025
1.3800000324845314,2.90799,0.02944102,0.31312945
1.3900000229477882,2.94799,0.029777871,0.31312945
1.400000013411045,2.97999,0.030182099,0.3106879
1.410000003874302,3.0559895,0.03072106,0.30824634
1.4199999943375587,3.0879896,0.03139477,0.30458403
1.4299999848008156,3.1199894,0.032135848,0.30092168
1.4399999752640724,3.1679893,0.032742184,0.29725936
1.4499999657273293,3.179989,0.033213776,0.29603857
1.459999956190586,3.1879892,0.03348326,0.2948178
1.469999946653843,3.1879892,0.03348326,0.29603857
1.4800000563263893,3.2399888,0.03348326,0.29725936
1.4900000467896461,3.263989,0.03355063,0.29848012
1.500000037252903,3.3079886,0.03355063,0.29848012
1.5100000277161598,3.3599885,0.03355063,0.30092168
1.5200000181794167,3.3479886,0.03355063,0.30092168
1.5300000086426735,3.3239887,0.03355063,0.30214247
1.5399999991059303,3.2839887,0.03355063,0.30336323
1.5499999895691872,3.255989,0.03355063,0.30458403
1.559999980032444,3.1839893,0.03355063,0.3058048
1.5699999704957008,3.2079892,0.033618003,0.30702558
1.5799999609589577,3.2399888,0.033685375,0.30702558
1.5899999514222145,3.2959886,0.033685375,0.30824634
1.5999999418854713,3.3199885,0.033685375,0.30946714
1.6100000515580177,3.3559887,0.033685375,0.3106879
1.6200000420212746,3.3359888,0.033752743,0.3119087
1.6300000324845314,3.2799888,0.033820115,0.3119087
1.6400000229477882,3.2719889,0.03395486,0.31312945
1.650000013411045,3.2919888,0.03415697,0.3119087
1.660000003874302,3.3119888,0.034493823,0.3106879
1.6699999943375587,3.3719885,0.03503279,0.30824634
1.6799999848008156,3.4759881,0.035706498,0.30458403
1.6899999752640724,3.559988,0.036447577,0.30092168
1.6999999657273293,3.603988,0.03712128,0.29725936
1.709999956190586,3.6479874,0.03779499,0.293597
1.719999946653843,3.6559875,0.038333956,0.29115546
1.7300000563263893,3.6319876,0.03867081,0.2899347
1.7400000467896461,3.6079876,0.039007664,0.2887139
1.750000037252903,3.6519876,0.039209776,0.2887139
1.7600000277161598,3.7279873,0.03947926,0.28749314
1.7700000181794167,3.7919872,0.03968137,0.2887139
1.7800000086426735,3.8719869,0.03981611,0.28749314
1.7899999991059303,3.9279866,0.039950855,0.2887139
1.7999999895691872,3.8999867,0.040018223,0.2887139
1.809999980032444,3.8759866,0.04022034,0.2887139
1.8199999704957008,3.851987,0.04042245,0.2887139
1.8299999609589577,3.843987,0.040759303,0.28749314
1.8399999514222145,3.8759866,0.041298267,0.28505158
1.8499999418854713,3.9759865,0.041904606,0.28138924
1.8600000515580177,4.087986,0.042443573,0.27894768
1.8700000420212746,4.131986,0.042847797,0.27772692
1.8800000324845314,4.155986,0.043117277,0.27650613
1.8900000229477882,4.175986,0.04331939,0.27650613
1.900000013411045,4.147986,0.043588873,0.27528536
1.9099998846650124,4.151986,0.043858357,0.27528536
1.9200001135468483,4.171986,0.0439931,0.27528536
1.9300001040101051,4.187986,0.04412784,0.27528536
1.940000094473362,4.1839857,0.044195212,0.27650613
1.9500000849366188,4.2439857,0.044329952,0.27650613
1.9600000753998756,4.2919855,0.044532064,0.27650613
1.9700000658631325,4.2919855,0.044532064,0.27772692
1.9800000563263893,4.2759857,0.044532064,0.27894768
1.9900000467896461,4.2479854,0.044599436,0.27894768
2.000000037252903,4.2359858,0.044666808,0.28016847
2.01000002771616,4.2319856,0.044801548,0.28016847
2.0200000181794167,4.2559857,0.044936292,0.28016847
2.0300000086426735,4.3199854,0.045003664,0.28138924
2.0399999991059303,4.315985,0.045071032,0.28261003
2.049999989569187,4.335985,0.0451384,0.28261003
2.059999980032444,4.363985,0.04527314,0.28261003
2.069999970495701,4.3679852,0.045407884,0.28261003
2.0799999609589577,4.335985,0.045475256,0.2838308
2.0899999514222145,4.3199854,0.045542624,0.2838308
2.0999999418854713,4.3199854,0.045542624,0.28505158
2.109999932348728,4.2919855,0.045609996,0.28627235
2.119999922811985,4.323985,0.045677368,0.28627235
2.129999913275242,4.351985,0.04574474,0.28749314
2.1399999037384987,4.3799853,0.045812108,0.28749314
2.1499998942017555,4.383985,0.04587948,0.2887139
2.1599998846650124,4.403985,0.04594685,0.2887139
2.1700001135468483,4.387985,0.04608159,0.2899347
2.180000104010105,4.3599854,0.046148963,0.2899347
2.190000094473362,4.351985,0.046216335,0.29115546
2.200000084936619,4.371985,0.046351075,0.29115546
2.2100000753998756,4.383985,0.046553187,0.29115546
2.2200000658631325,4.431985,0.046755303,0.29115546
2.2300000563263893,4.503985,0.047092155,0.2899347
2.240000046789646,4.5759845,0.04769849,0.28749314
2.250000037252903,4.6439843,0.048304826,0.2838308
2.26000002771616,4.6639843,0.048843794,0.28138924
2.2700000181794167,4.6639843,0.049180645,0.28016847
2.2800000086426735,4.599984,0.04945013,0.27894768
2.2899999991059303,4.567984,0.04958487,0.27894768
2.299999989569187,4.599984,0.04965224,0.28016847
2.309999980032444,4.6439843,0.049719613,0.28016847
2.319999970495701,4.719984,0.049921725,0.28016847
2.3299999609589577,4.8279834,0.050056465,0.28016847
2.3399999514222145,4.8799834,0.05019121,0.28138924
2.3499999418854713,4.8399835,0.05025858,0.28138924
2.359999932348728,4.7799835,0.05025858,0.28261003
2.369999922811985,4.715984,0.05039332,0.28261003
2.379999913275242,4.655984,0.050460692,0.2838308
2.3899999037384987,4.6439843,0.050460692,0.28505158
2.3999998942017555,4.707984,0.050528064,0.28505158
2.4099998846650124,4.795984,0.050595433,0.28627235
2.4200001135468483,4.8479834,0.050662804,0.28749314
2.430000104010105,4.8879833,0.050662804,0.28749314
2.440000094473362,4.903983,0.050730176,0.2887139
2.450000084936619,4.8639836,0.050797544,0.2887139
2.4600000753998756,4.8119836,0.050864916,0.2899347
2.4700000658631325,4.7599835,0.05093229,0.29115546
2.4800000563263893,4.723984,0.05099966,0.29115546
2.490000046789646,4.719984,0.05106703,0.29237625
2.500000037252903,4.775984,0.05106703,0.293597
2.51000002771616,4.8599834,0.051134396,0.293597
2.5200000181794167,4.895983,0.05126914,0.293597
2.5300000086426735,4.9279833,0.05133651,0.2948178
2.5399999991059303,4.923983,0.05140388,0.2948178
2.549999989569187,4.8799834,0.051538624,0.29603857
2.559999980032444,4.8039837,0.051605992,0.29603857
2.569999970495701,4.787984,0.051673364,0.29725936
2.5799999609589577,4.7839837,0.051740736,0.29725936
2.5899999514222145,4.7999835,0.051808104,0.29848012
2.5999999418854713,4.883983,0.051875476,0.29848012
2.609999932348728,4.943983,0.051875476,0.30092168
2.619999922811985,4.963983,0.051942848,0.30092168
2.629999913275242,4.975983,0.05201022,0.30214247
2.6399999037384987,4.955983,0.05201022,0.30336323
2.6499998942017555,4.8999834,0.052077588,0.30336323
2.6599998846650124,4.8399835,0.05214496,0.30458403
2.6700001135468483,4.8159833,0.05221233,0.30458403
2.680000104010105,4.8519835,0.05221233,0.3058048
2.690000094473362,4.895983,0.052279703,0.30702558
2.700000084936619,4.9399834,0.05234707,0.30702558
2.7100000753998756,4.999983,0.05234707,0.30824634
2.7200000658631325,4.999983,0.052481815,0.30824634
2.7300000563263893,4.971983,0.052549183,0.30946714
2.740000046789646,4.9479833,0.052616555,0.3106879
2.750000037252903,4.931983,0.0527513,0.3106879
2.76000002771616,4.8999834,0.05288604,0.3106879
2.7700000181794167,4.9279833,0.05315552,0.30946714
2.7800000086426735,4.9839835,0.053425003,0.30946714
2.7899999991059303,5.055983,0.053694487,0.30824634
2.799999989569187,5.1319823,0.05409871,0.30702558
2.809999980032444,5.2039824,0.054502938,0.30458403
2.819999970495701,5.2159824,0.05483979,0.30458403
2.8299999609589577,5.1959825,0.055244014,0.30214247
2.8399999514222145,5.1919823,0.055648237,0.30092168
2.8499999418854713,5.2119827,0.056052465,0.29848012
2.859999932348728,5.2319818,0.05645669,0.29725936
2.869999922811985,5.259982,0.056726173,0.29725936
2.879999913275242,5.311982,0.056793544,0.29725936
2.8899999037384987,5.331982,0.056793544,0.29848012
2.8999998942017555,5.347982,0.056793544,0.29970092
2.9099998846650124,5.375982,0.056793544,0.30092168
2.9200001135468483,5.3879814,0.056860913,0.30092168
2.930000104010105,5.371982,0.056860913,0.30336323
2.940000094473362,5.347982,0.056860913,0.30336323
2.950000084936619,5.335982,0.056860913,0.30458403
2.9600000753998756,5.3239822,0.056928284,0.3058048
2.9700000658631325,5.315982,0.056928284,0.30702558
2.9800000563263893,5.351982,0.056928284,0.30824634
2.990000046789646,5.3799815,0.056928284,0.30946714
3.000000037252903,5.371982,0.056928284,0.3106879
3.01000002771616,5.3999815,0.056928284,0.3119087
3.0200000181794167,5.415982,0.056995656,0.3119087
3.0300000086426735,5.3839817,0.056995656,0.31312945
3.0399999991059303,5.335982,0.056995656,0.31435025
3.049999989569187,5.335982,0.056995656,0.315571
3.059999980032444,5.335982,0.056995656,0.3167918
3.069999970495701,5.327982,0.05706303,0.3167918
3.0799999609589577,5.375982,0.05706303,0.31801257
3.0899999514222145,5.3999815,0.057130393,0.31923336
3.0999999418854713,5.395982,0.057130393,0.32045412
3.109999932348728,5.375982,0.057197765,0.32045412
3.119999922811985,5.371982,0.057197765,0.32289568
3.129999913275242,5.371982,0.057265136,0.32289568
3.1399999037384987,5.3439817,0.057332505,0.32411647
3.1499998942017555,5.3599815,0.057399876,0.32411647
3.1599998846650124,5.391982,0.05753462,0.32411647
3.1700001135468483,5.415982,0.05766936,0.32411647
3.180000104010105,5.4359813,0.057736732,0.32533723
3.190000094473362,5.4679813,0.057871472,0.32533723
3.200000084936619,5.4719815,0.057938844,0.32655802
3.2100000753998756,5.4399815,0.058073584,0.32655802
3.2200000658631325,5.4439816,0.058140956,0.3277788
3.2300000563263893,5.4399815,0.0582757,0.3277788
3.240000046789646,5.4559813,0.05847781,0.3277788
3.250000037252903,5.4719815,0.05861255,0.3277788
3.26000002771616,5.523981,0.058747295,0.3277788
3.2700000181794167,5.535981,0.058882035,0.3277788
3.2800000086426735,5.547981,0.059084147,0.3277788
3.2899999991059303,5.571981,0.05928626,0.3277788
3.299999989569187,5.603981,0.059555743,0.32655802
3.309999980032444,5.595981,0.059892595,0.32533723
3.319999970495701,5.6359806,0.060296822,0.32411647
3.3299999609589577,5.691981,0.060768418,0.3216749
3.3399999514222145,5.74798,0.06137475,0.31801257
3.3499999418854713,5.81998,0.061981086,0.315571
3.359999932348728,5.9119797,0.062587425,0.31312945
3.369999922811985,5.9439797,0.06312639,0.3106879
3.379999913275242,5.9359794,0.06346325,0.30824634
3.3899999037384987,5.93998,0.06353062,0.30946714
3.3999998942017555,5.9319797,0.06353062,0.3106879
3.4099998846650124,5.9319797,0.06353062,0.3119087
3.4200001135468483,5.95998,0.06353062,0.31312945
3.430000104010105,6.02798,0.06353062,0.31435025
3.440000094473362,6.0519795,0.06353062,0.315571
3.450000084936619,6.0599794,0.063597985,0.315571
3.4600000753998756,6.071979,0.063597985,0.3167918
3.4700000658631325,6.0319796,0.063597985,0.31801257
3.4800000563263893,5.9759793,0.06366536,0.31923336
3.490000046789646,5.9439797,0.06373273,0.31923336
3.500000037252903,5.9359794,0.06373273,0.32045412
3.51000002771616,5.9559793,0.0638001,0.3216749
3.5200000181794167,5.9919796,0.0638001,0.32289568
3.5300000086426735,6.0399795,0.06386747,0.32289568
3.5399999991059303,6.0959797,0.06386747,0.32411647
3.549999989569187,6.0559797,0.06393484,0.32533723
3.559999980032444,6.0519795,0.06393484,0.32655802
3.569999970495701,6.0119796,0.06393484,0.3277788
3.5799999609589577,5.98798,0.06400221,0.3277788
3.5899999514222145,5.9639797,0.064069584,0.32899958
3.5999999418854713,5.98798,0.064069584,0.33022034
3.609999932348728,5.9999795,0.064069584,0.33144113
3.619999922811985,6.02798,0.06413695,0.3326619
3.629999913275242,6.083979,0.06413695,0.3326619
3.6399999037384987,6.0999794,0.06420433,0.3338827
3.6499998942017555,6.071979,0.064271696,0.3338827
3.6599998846650124,6.063979,0.064339064,0.33510345
3.6700001135468483,6.0359797,0.06447381,0.33510345
3.680000104010105,6.0119796,0.064541176,0.33632424
3.690000094473362,6.0119796,0.06467592,0.33632424
3.700000084936619,6.0399795,0.06481066,0.33632424
3.7100000753998756,6.0999794,0.065012775,0.33632424
3.7200000658631325,6.143979,0.065282255,0.33632424
3.7300000563263893,6.215979,0.06555174,0.33510345
3.740000046789646,6.2639785,0.066023335,0.3326619
3.750000037252903,6.303979,0.06662967,0.33022034
3.76000002771616,6.363978,0.06743812,0.32533723
3.7700000181794167,6.4719777,0.06851605,0.31923336
3.7800000086426735,6.5799775,0.0697961,0.3119087
3.7899999991059303,6.659977,0.070941396,0.30458403
3.799999989569187,6.695977,0.07161511,0.30092168
3.809999980032444,6.723977,0.072154075,0.29848012
3.819999970495701,6.751977,0.07269304,0.29603857
3.8299999609589577,6.8559766,0.07323201,0.293597
3.8399999514222145,6.967976,0.073838346,0.29115546
3.8499999418854713,7.0919757,0.074444674,0.28749314
3.859999932348728,7.1919756,0.07525313,0.28261003
3.869999922811985,7.3479753,0.07619632,0.27772692
3.879999913275242,7.3879747,0.0769374,0.27406457
3.8899999037384987,7.319975,0.07713951,0.2728438
3.8999998942017555,7.183975,0.07713951,0.27406457
3.9100001230835915,7.107976,0.07713951,0.27528536
3.919999875128269,7.107976,0.07713951,0.27650613
3.930000104010105,7.2119756,0.07713951,0.27772692
3.939999856054783,7.367975,0.07720688,0.27894768
3.950000084936619,7.4919744,0.07720688,0.27894768
3.9599998369812965,7.523974,0.07720688,0.28138924
3.9700000658631325,7.5119743,0.07720688,0.28138924
3.97999981790781,7.4279747,0.07720688,0.28261003
3.990000046789646,7.2799754,0.07720688,0.2838308
3.999999798834324,7.1719756,0.07720688,0.28505158
4.01000002771616,7.147976,0.07720688,0.28627235
4.0199997797608376,7.1799755,0.07720688,0.28749314
4.0300000086426735,7.291975,0.07720688,0.2887139
4.039999760687351,7.4319744,0.077274255,0.2887139
4.049999989569187,7.5159745,0.077274255,0.29115546
4.060000218451023,7.4959745,0.077274255,0.29115546
4.069999970495701,7.4279747,0.077274255,0.293597
4.080000199377537,7.331975,0.077274255,0.293597
4.0899999514222145,7.1999755,0.077274255,0.2948178
4.1000001803040504,7.147976,0.077274255,0.29603857
4.109999932348728,7.167976,0.077274255,0.29725936
4.120000161230564,7.2399755,0.077274255,0.29848012
4.129999913275242,7.331975,0.077274255,0.29970092
4.140000142157078,7.4559746,0.07734162,0.30092168
4.1499998942017555,7.5079746,0.07734162,0.30214247
4.1600001230835915,7.4719744,0.07734162,0.30336323
4.169999875128269,7.359975,0.07734162,0.30458403
4.180000104010105,7.263975,0.07740899,0.30458403
4.189999856054783,7.1759753,0.07740899,0.3058048
4.200000084936619,7.1439757,0.07740899,0.30702558
4.2099998369812965,7.2199755,0.077543736,0.30702558
4.2200000658631325,7.3159747,0.0776111,0.30824634
4.22999981790781,7.4079747,0.0776111,0.30824634
4.240000046789646,7.4759746,0.0776111,0.3106879
4.249999798834324,7.483975,0.07767848,0.3106879
4.26000002771616,7.4319744,0.077813216,0.3119087
4.2699997797608376,7.339975,0.07788059,0.3119087
4.2800000086426735,7.2759757,0.078015335,0.3119087
4.289999760687351,7.2359757,0.07821744,0.3119087
4.299999989569187,7.251975,0.07855429,0.3106879
4.310000218451023,7.371975,0.07889114,0.30946714
4.319999970495701,7.519974,0.079295374,0.30824634
4.330000199377537,7.6439743,0.079834335,0.30458403
4.3399999514222145,7.711974,0.08044068,0.30214247
4.3500001803040504,7.755974,0.081249125,0.29848012
4.359999932348728,7.7799735,0.08212494,0.293597
4.370000161230564,7.7479734,0.08279865,0.2887139
4.379999913275242,7.695974,0.0831355,0.2887139
4.390000142157078,7.627974,0.083202876,0.2887139
4.3999998942017555,7.6319737,0.083202876,0.2899347
4.4100001230835915,7.7199736,0.08333761,0.2899347
4.419999875128269,7.8719735,0.08340499,0.29115546
4.430000104010105,8.007973,0.08340499,0.29237625
4.439999856054783,8.055973,0.08340499,0.293597
4.450000084936619,8.043972,0.08340499,0.2948178
4.4599998369812965,7.9599733,0.083472356,0.2948178
4.4700000658631325,7.8279734,0.08353973,0.29603857
4.47999981790781,7.7279735,0.0836071,0.29603857
4.490000046789646,7.687974,0.0836071,0.29725936
4.499999798834324,7.711974,0.0836071,0.29848012
4.51000002771616,7.8159733,0.08367447,0.29970092
4.5199997797608376,7.951973,0.08374184,0.29970092
4.5300000086426735,8.055973,0.08374184,0.30092168
4.539999760687351,8.059973,0.08380921,0.30214247
4.549999989569187,8.0239725,0.08380921,0.30336323
4.560000218451023,7.931973,0.08387658,0.30336323
4.569999970495701,7.8159733,0.083943956,0.30458403
4.580000199377537,7.7599735,0.084011324,0.30458403
4.5899999514222145,7.751973,0.084011324,0.3058048
4.6000001803040504,7.7959733,0.084011324,0.30702558
4.609999932348728,7.875973,0.084011324,0.30824634
4.620000161230564,7.9999723,0.08407869,0.30946714
4.629999913275242,8.063972,0.08414607,0.30946714
4.640000142157078,8.055973,0.084213436,0.3106879
4.6499998942017555,8.011972,0.08428081,0.3106879
4.6600001230835915,7.951973,0.08441555,0.3119087
4.669999875128269,7.839973,0.08448292,0.3119087
4.680000104010105,7.775974,0.08455029,0.31312945
4.689999856054783,7.8159733,0.08461766,0.31312945
4.700000084936619,7.883973,0.0847524,0.31435025
4.7099998369812965,8.011972,0.08488715,0.31435025
4.7200000658631325,8.143972,0.085224,0.31312945
4.72999981790781,8.235972,0.08556086,0.3119087
4.740000046789646,8.231972,0.08596508,0.3106879
4.749999798834324,8.215972,0.08657141,0.30702558
4.76000002771616,8.203972,0.08724512,0.30336323
4.7699997797608376,8.207973,0.08818831,0.29848012
4.7800000086426735,8.211972,0.08892939,0.2948178
4.789999760687351,8.227972,0.089131504,0.293597
4.799999989569187,8.271972,0.089131504,0.2948178
4.810000218451023,8.311972,0.089131504,0.29603857
4.819999970495701,8.411972,0.089131504,0.29725936
4.830000199377537,8.515971,0.089131504,0.29848012
4.8399999514222145,8.535971,0.089131504,0.29970092
4.8500001803040504,8.49997,0.089131504,0.30092168
4.859999932348728,8.447971,0.089131504,0.30214247
4.870000161230564,8.387971,0.089131504,0.30336323
4.879999913275242,8.323972,0.08919887,0.30336323
4.890000142157078,8.279972,0.08919887,0.30458403
4.8999998942017555,8.315971,0.08919887,0.3058048
4.9100001230835915,8.371972,0.08919887,0.30702558
4.919999875128269,8.463971,0.08919887,0.30824634
4.930000104010105,8.527971,0.08926625,0.30946714
4.939999856054783,8.543971,0.08926625,0.3106879
4.950000084936619,8.491971,0.08926625,0.3119087
4.9599998369812965,8.423971,0.08926625,0.31312945
4.9700000658631325,8.339972,0.08926625,0.31312945
4.97999981790781,8.303972,0.089333616,0.31435025
4.990000046789646,8.347972,0.089400984,0.31435025
4.999999798834324,8.3799715,0.089400984,0.3167918
5.01000002771616,8.447971,0.08946836,0.3167918
5.0199997797608376,8.459971,0.08953573,0.31801257
5.0300000086426735,8.523971,0.089603096,0.31801257
5.039999760687351,8.519971,0.08967047,0.31923336
5.049999989569187,8.483972,0.08973784,0.32045412
5.060000218451023,8.427971,0.08973784,0.32045412
5.069999970495701,8.363972,0.08973784,0.3216749
5.080000199377537,8.323972,0.089805216,0.32289568
5.0899999514222145,8.347972,0.089872584,0.32289568
5.1000001803040504,8.423971,0.089872584,0.32411647
5.109999932348728,8.519971,0.09000733,0.32533723
5.120000161230564,8.551971,0.090074696,0.32533723
5.129999913275242,8.599971,0.0902768,0.32533723
5.140000142157078,8.587971,0.090411544,0.32533723
5.1499998942017555,8.527971,0.09054629,0.32533723
5.1600001230835915,8.495971,0.09081577,0.32533723
5.169999875128269,8.479971,0.091085255,0.32411647
5.180000104010105,8.49997,0.0914221,0.32289568
5.189999856054783,8.531971,0.091826335,0.3216749
5.200000084936619,8.6439705,0.09229793,0.31923336
5.2099998369812965,8.79197,0.092836894,0.3167918
5.2200000658631325,8.87997,0.09337586,0.31435025
5.22999981790781,8.927969,0.0939822,0.3119087
5.240000046789646,8.951969,0.09452116,0.30824634
5.249999798834324,8.91997,0.095060125,0.3058048
5.26000002771616,8.87597,0.09539698,0.30458403
5.2699997797608376,8.87197,0.09566646,0.30458403
5.2800000086426735,8.89197,0.09573384,0.30458403
5.289999760687351,8.935969,0.09573384,0.3058048
5.299999989569187,8.995969,0.095801204,0.30702558
5.310000218451023,9.103969,0.095801204,0.30824634
5.319999970495701,9.159968,0.095801204,0.30824634
5.330000199377537,9.151969,0.095801204,0.3106879
5.3399999514222145,9.107969,0.095801204,0.3106879
5.3500001803040504,9.031969,0.09586858,0.3119087
5.359999932348728,8.9599695,0.09586858,0.31312945
5.370000161230564,8.923969,0.09586858,0.31435025
5.379999913275242,8.951969,0.09593595,0.31435025
5.390000142157078,8.98397,0.09600332,0.315571
5.3999998942017555,9.063969,0.09607069,0.3167918
5.4100001230835915,9.123969,0.09607069,0.3167918
5.419999875128269,9.143969,0.09613806,0.31801257
5.430000104010105,9.119969,0.09620543,0.31801257
5.439999856054783,9.087969,0.096272804,0.31923336
5.450000084936619,9.035969,0.09634017,0.32045412
5.4599998369812965,8.97997,0.09640754,0.32045412
5.4700000658631325,8.97197,0.096474916,0.3216749
5.47999981790781,8.991969,0.096474916,0.32289568
5.490000046789646,9.04797,0.096474916,0.32411647
5.499999798834324,9.099969,0.096542284,0.32411647
5.51000002771616,9.179969,0.096542284,0.32533723
5.5199997797608376,9.191969,0.096542284,0.32655802
5.5300000086426735,9.155969,0.09660966,0.3277788
5.539999760687351,9.111969,0.096744396,0.3277788
5.549999989569187,9.095969,0.09687914,0.3277788
5.560000218451023,9.059969,0.09714862,0.32655802
5.569999970495701,9.075969,0.097485475,0.32655802
5.580000199377537,9.167969,0.097957075,0.32411647
5.5899999514222145,9.271968,0.09842866,0.3216749
5.6000001803040504,9.319968,0.09890026,0.32045412
5.609999932348728,9.403968,0.09930448,0.31801257
5.620000161230564,9.435968,0.09977608,0.3167918
5.629999913275242,9.447968,0.10031505,0.31435025
5.640000142157078,9.475967,0.10085402,0.3106879
5.6499998942017555,9.503968,0.10132561,0.30824634
5.6600001230835915,9.515967,0.10172983,0.30702558
5.669999875128269,9.543967,0.101931944,0.30702558
5.680000104010105,9.583967,0.10206669,0.30702558
5.689999856054783,9.627967,0.102201425,0.30702558
5.700000084936619,9.663967,0.10233617,0.30702558
5.7099998369812965,9.719967,0.10240354,0.30824634
5.7200000658631325,9.727967,0.10253828,0.30824634
5.72999981790781,9.723967,0.10260565,0.30946714
5.740000046789646,9.687967,0.10267302,0.30946714
5.749999798834324,9.651967,0.10274039,0.3106879
5.76000002771616,9.631967,0.10274039,0.3119087
5.7699997797608376,9.623967,0.102875136,0.3119087
5.7800000086426735,9.6719675,0.102942504,0.31312945
5.789999760687351,9.743967,0.103144616,0.31312945
5.799999989569187,9.791966,0.1034141,0.3119087
5.810000218451023,9.847966,0.103885695,0.30946714
5.819999970495701,9.951966,0.10455941,0.3058048
5.830000199377537,10.011966,0.105300486,0.30214247
5.8399999514222145,10.023966,0.10610893,0.29848012
5.8500001803040504,10.047965,0.10678264,0.2948178
5.859999932348728,10.079966,0.10738897,0.29115546
5.870000161230564,10.079966,0.10786057,0.2887139
5.879999913275242,10.103966,0.10819742,0.2887139
5.890000142157078,10.147965,0.10819742,0.2887139
5.8999998942017555,10.215965,0.1082648,0.2899347
5.9100001230835915,10.255965,0.1082648,0.29115546
5.919999875128269,10.319964,0.1082648,0.29237625
5.930000104010105,10.355966,0.1082648,0.293597
5.939999856054783,10.319964,0.1082648,0.293597
5.950000084936619,10.267965,0.1082648,0.2948178
5.9599998369812965,10.223965,0.1082648,0.29603857
5.9700000658631325,10.1599655,0.1082648,0.29725936
5.97999981790781,10.119966,0.1082648,0.29848012
5.990000046789646,10.163965,0.1082648,0.29970092
5.999999798834324,10.215965,0.1082648,0.30092168
6.01000002771616,10.263965,0.1082648,0.30214247
6.0199997797608376,10.307965,0.1082648,0.30336323
6.0300000086426735,10.323965,0.1082648,0.30458403
6.039999760687351,10.291965,0.1082648,0.3058048
6.049999989569187,10.219966,0.1082648,0.30702558
6.060000218451023,10.1999655,0.1082648,0.30824634
6.069999970495701,10.151966,0.1082648,0.30946714
6.080000199377537,10.147965,0.1082648,0.3106879
6.0899999514222145,10.207966,0.1082648,0.3119087
6.1000001803040504,10.251965,0.1082648,0.31312945
6.109999932348728,10.271965,0.1082648,0.31435025
6.120000161230564,10.295965,0.1082648,0.31435025
6.129999913275242,10.287966,0.1082648,0.315571
6.140000142157078,10.231965,0.1082648,0.3167918
6.1499998942017555,10.167966,0.1082648,0.31801257
6.1600001230835915,10.151966,0.1082648,0.31923336
6.169999875128269,10.147965,0.1082648,0.32045412
6.180000104010105,10.163965,0.1082648,0.3216749
6.189999856054783,10.211965,0.1082648,0.32289568
6.200000084936619,10.247966,0.1082648,0.32411647
6.2099998369812965,10.267965,0.1082648,0.32533723
6.2200000658631325,10.259965,0.108332165,0.32655802
6.22999981790781,10.271965,0.108332165,0.32655802
6.240000046789646,10.227965,0.10846691,0.3277788
6.249999798834324,10.175965,0.10853428,0.3277788
6.26000002771616,10.171966,0.10866902,0.3277788
6.2699997797608376,10.191965,0.10873639,0.32899958
6.2800000086426735,10.219966,0.10887113,0.32899958
6.289999760687351,10.271965,0.10893851,0.33022034
6.299999989569187,10.343965,0.10914062,0.33022034
6.310000218451023,10.379965,0.10934273,0.32899958
6.319999970495701,10.379965,0.10961221,0.3277788
6.330000199377537,10.403965,0.110016435,0.32655802
6.3399999514222145,10.451964,0.11062277,0.32411647
6.3500001803040504,10.471965,0.11136385,0.32045412
6.359999932348728,10.563964,0.1121723,0.315571
6.370000161230564,10.651963,0.11311549,0.3106879
6.379999913275242,10.771964,0.11405868,0.30458403
6.390000142157078,10.815963,0.11479975,0.30092168
6.3999998942017555,10.879963,0.11527135,0.29848012
6.4100001230835915,10.895963,0.11560821,0.29725936
6.419999875128269,10.879963,0.11581032,0.29725936
6.430000104010105,10.895963,0.11587769,0.29848012
6.439999856054783,10.919964,0.11587769,0.29848012
6.450000084936619,10.963963,0.11587769,0.30092168
6.4599998369812965,11.0039625,0.11594506,0.30092168
6.4700000658631325,11.047962,0.11594506,0.30214247
6.47999981790781,11.067962,0.11601243,0.30336323
6.490000046789646,11.007962,0.11601243,0.30458403
6.499999798834324,10.999962,0.11601243,0.30458403
6.51000002771616,10.955963,0.1160798,0.3058048
6.5199997797608376,10.903963,0.1160798,0.30702558
6.5300000086426735,10.903963,0.116147175,0.30702558
6.539999760687351,10.975963,0.11621454,0.30824634
6.549999989569187,10.999962,0.11628191,0.30824634
6.560000218451023,11.023963,0.11628191,0.3106879
6.569999970495701,11.067962,0.116416655,0.3106879
6.580000199377537,11.087962,0.1165514,0.3106879
6.5899999514222145,11.067962,0.11675351,0.3106879
6.6000001803040504,11.051963,0.11702299,0.30946714
6.609999932348728,11.047962,0.11722511,0.30946714
6.620000161230564,11.035963,0.11749459,0.30824634
6.629999913275242,11.083962,0.117898814,0.30702558
6.640000142157078,11.1759615,0.11830303,0.3058048
6.6499998942017555,11.271961,0.118909374,0.30336323
6.6600001230835915,11.371962,0.11951571,0.29970092
6.669999875128269,11.439961,0.12005468,0.29725936
6.680000104010105,11.471961,0.12039153,0.29603857
6.689999856054783,11.41596,0.12052627,0.29603857
6.700000084936619,11.339961,0.12052627,0.29725936
6.7099998369812965,11.319962,0.12052627,0.29848012
6.7200000658631325,11.339961,0.120593645,0.29848012
6.72999981790781,11.395961,0.120593645,0.29970092
6.740000046789646,11.487961,0.120593645,0.30092168
6.749999798834324,11.543961,0.120593645,0.30214247
6.76000002771616,11.55196,0.120593645,0.30336323
6.7699997797608376,11.53596,0.120593645,0.30458403
6.7800000086426735,11.487961,0.12066101,0.30458403
6.789999760687351,11.41596,0.12072839,0.3058048
6.799999989569187,11.339961,0.12072839,0.30702558
6.810000218451023,11.34796,0.12072839,0.30824634
6.819999970495701,11.375962,0.12079576,0.30824634
6.830000199377537,11.423962,0.12079576,0.3106879
6.8399999514222145,11.487961,0.12079576,0.3106879
6.8500001803040504,11.543961,0.12079576,0.31312945
6.859999932348728,11.55196,0.12079576,0.31312945
6.870000161230564,11.511961,0.12079576,0.31435025
6.879999913275242,11.467961,0.120863125,0.315571
6.890000142157078,11.41596,0.120863125,0.3167918
6.8999998942017555,11.375962,0.12099787,0.3167918
6.9100001230835915,11.379961,0.12113261,0.3167918
6.919999875128269,11.4519615,0.12126735,0.3167918
6.930000104010105,11.515961,0.12140209,0.3167918
6.939999856054783,11.543961,0.121536836,0.31801257
6.950000084936619,11.607961,0.12167158,0.31801257
6.9599998369812965,11.627961,0.121806316,0.31801257
6.9700000658631325,11.57196,0.12194107,0.31801257
6.97999981790781,11.559961,0.12214318,0.31801257
6.990000046789646,11.527961,0.12234529,0.31801257
6.999999798834324,11.539961,0.1225474,0.31801257
7.01000002771616,11.579961,0.122816876,0.3167918
7.0199997797608376,11.65196,0.12301899,0.3167918
7.0300000086426735,11.735959,0.12335585,0.315571
7.039999760687351,11.795959,0.123760074,0.31435025
7.049999989569187,11.863959,0.124231674,0.3119087
7.060000218451023,11.89996,0.12470327,0.3106879
7.069999970495701,11.891959,0.1251075,0.30824634
7.080000199377537,11.883959,0.12557907,0.3058048
7.0899999514222145,11.875959,0.12598331,0.30458403
7.1000001803040504,11.85996,0.12611805,0.30458403
7.109999932348728,11.86796,0.12618543,0.30458403
7.120000161230564,11.939959,0.12625279,0.3058048
7.129999913275242,12.00396,0.12625279,0.30702558
7.140000142157078,12.039959,0.12625279,0.30824634
7.1499998942017555,12.079959,0.12625279,0.30946714
7.1600001230835915,12.079959,0.12625279,0.3106879
7.169999875128269,12.0199585,0.12625279,0.3119087
7.180000104010105,11.967959,0.12625279,0.31312945
7.189999856054783,11.939959,0.12625279,0.31435025
7.200000084936619,11.923959,0.12625279,0.31435025
7.2099998369812965,11.90796,0.12625279,0.3167918
7.2200000658631325,11.94796,0.12625279,0.3167918
7.22999981790781,12.027959,0.12625279,0.31801257
7.240000046789646,12.04396,0.12625279,0.31923336
7.249999798834324,12.05596,0.12625279,0.32045412
7.26000002771616,12.059958,0.12632017,0.3216749
7.2699997797608376,11.999959,0.12632017,0.32289568
7.2800000086426735,11.931959,0.12638754,0.32289568
7.289999760687351,11.911959,0.12638754,0.32411647
7.299999989569187,11.943959,0.12652227,0.32533723
7.310000218451023,11.94796,0.12658966,0.32533723
7.319999970495701,11.983959,0.12665701,0.32655802
7.330000199377537,12.027959,0.12665701,0.32655802
7.3399999514222145,12.075958,0.12679176,0.3277788
7.3500001803040504,12.063959,0.12685913,0.3277788
7.359999932348728,12.075958,0.1269265,0.32899958
7.370000161230564,12.039959,0.12706123,0.32899958
7.379999913275242,11.991959,0.12719598,0.32899958
7.390000142157078,11.999959,0.12726337,0.33022034
7.3999998942017555,12.011959,0.1273981,0.33022034
7.4100001230835915,12.031959,0.1273981,0.33144113
7.419999875128269,12.059958,0.1273981,0.3326619
7.430000104010105,12.107959,0.1273981,0.3338827
7.439999856054783,12.135959,0.12746547,0.3338827
7.450000084936619,12.119959,0.12746547,0.33510345
7.4599998369812965,12.111959,0.12753284,0.33632424
7.4700000658631325,12.095959,0.12760021,0.33632424
7.47999981790781,12.059958,0.12766759,0.337545
7.490000046789646,12.04396,0.12780233,0.337545
7.499999798834324,12.075958,0.1278697,0.3387658
7.51000002771616,12.099958,0.12800443,0.3387658
7.5199997797608376,12.143958,0.12820654,0.3387658
7.5300000086426735,12.227959,0.12854339,0.337545
7.539999760687351,12.275958,0.12894763,0.33632424
7.549999989569187,12.307959,0.12948659,0.3326619
7.560000218451023,12.375958,0.1301603,0.33022034
7.569999970495701,12.423958,0.13083401,0.32655802
7.580000199377537,12.495957,0.13170983,0.32045412
7.5899999514222145,12.539958,0.13265301,0.315571
7.6000001803040504,12.611957,0.13325934,0.31312945
7.609999932348728,12.607958,0.13339409,0.31312945
7.620000161230564,12.5599575,0.13339409,0.31435025
7.629999913275242,12.587957,0.13339409,0.315571
7.640000142157078,12.667957,0.13339409,0.3167918
7.6499998942017555,12.715958,0.13339409,0.3167918
7.6600001230835915,12.755956,0.13339409,0.31801257
7.669999875128269,12.795956,0.13339409,0.31923336
7.680000104010105,12.779957,0.13346146,0.32045412
7.689999856054783,12.715958,0.13346146,0.3216749
7.700000084936619,12.647958,0.13346146,0.32289568
7.7099998369812965,12.607958,0.13346146,0.32411647
7.7200000658631325,12.567958,0.13352883,0.32411647
7.72999981790781,12.595957,0.13352883,0.32533723
7.740000046789646,12.679956,0.13366356,0.32655802
7.749999798834324,12.763957,0.13373095,0.32655802
7.76000002771616,12.803957,0.13379832,0.3277788
7.7699997797608376,12.827956,0.13386568,0.3277788
7.7800000086426735,12.767957,0.13386568,0.32899958
7.789999760687351,12.687956,0.13393305,0.33022034
7.799999989569187,12.639956,0.13406779,0.33022034
7.810000218451023,12.635957,0.13420254,0.33022034
7.819999970495701,12.663957,0.13433728,0.33022034
7.830000199377537,12.739957,0.1345394,0.33022034
7.8399999514222145,12.847957,0.13494362,0.32899958
7.8500001803040504,12.971955,0.1354826,0.32655802
7.859999932348728,13.099956,0.13635841,0.32045412
7.870000161230564,13.219955,0.13757108,0.31435025
7.879999913275242,13.371955,0.13905324,0.30458403
7.890000142157078,13.407954,0.14040065,0.29725936
7.8999998942017555,13.387954,0.1412091,0.29237625
7.909999646246433,13.347954,0.14181544,0.2887139
7.919999875128269,13.363955,0.14248915,0.28627235
7.930000104010105,13.491955,0.14323021,0.28138924
7.940000332891941,13.715954,0.14424078,0.27650613
7.949999608099461,13.975952,0.14531872,0.27040225
7.9599998369812965,14.159952,0.1460598,0.26551914
7.9700000658631325,14.203951,0.1462619,0.26551914
7.980000294744968,14.139952,0.1462619,0.2667399
7.989999569952488,13.999952,0.1462619,0.2679607
7.999999798834324,13.8519535,0.1462619,0.26918146
8.01000002771616,13.823953,0.1462619,0.27040225
8.020000256597996,13.887953,0.1462619,0.27162302
8.029999531805515,13.995953,0.1462619,0.2728438
8.039999760687351,14.143952,0.1462619,0.2728438
8.049999989569187,14.231951,0.1462619,0.27406457
8.060000218451023,14.239952,0.1462619,0.27528536
8.070000447332859,14.143952,0.1462619,0.27650613
8.079999722540379,14.031952,0.1462619,0.27772692
8.089999951422215,13.895952,0.1462619,0.27894768
8.10000018030405,13.843952,0.1462619,0.28016847
8.110000409185886,13.835953,0.1462619,0.28138924
8.119999684393406,13.931952,0.1462619,0.28261003
8.129999913275242,14.031952,0.1462619,0.2838308
8.140000142157078,14.151952,0.1462619,0.28505158
8.150000371038914,14.207952,0.1462619,0.28627235
8.159999646246433,14.187952,0.1462619,0.28749314
8.16999987512827,14.063952,0.1462619,0.2887139
8.180000104010105,13.943953,0.1462619,0.2899347
8.190000332891941,13.855952,0.1462619,0.29115546
8.19999960809946,13.803953,0.1462619,0.29237625
8.209999836981297,13.867953,0.1462619,0.293597
8.220000065863132,13.995953,0.1462619,0.2948178
8.230000294744968,14.095951,0.1462619,0.2948178
8.239999569952488,14.167952,0.1462619,0.29603857
8.249999798834324,14.191952,0.1462619,0.29725936
8.26000002771616,14.131952,0.1462619,0.29848012
8.270000256597996,14.011952,0.1462619,0.29970092
8.279999531805515,13.895952,0.1462619,0.30092168
8.289999760687351,13.847953,0.1462619,0.30214247
8.299999989569187,13.831953,0.1462619,0.30336323
8.310000218451023,13.883952,0.1462619,0.30458403
8.320000447332859,14.027951,0.1462619,0.3058048
8.329999722540379,14.139952,0.1462619,0.30702558
8.339999951422215,14.171952,0.1462619,0.30824634
8.35000018030405,14.131952,0.1462619,0.30946714
8.360000409185886,14.059952,0.1462619,0.3106879
8.369999684393406,13.919953,0.14632928,0.3106879
8.379999913275242,13.843952,0.14632928,0.3119087
8.390000142157078,13.823953,0.14632928,0.31312945
8.400000371038914,13.859953,0.14632928,0.31435025
8.409999646246433,13.939953,0.14632928,0.315571
8.41999987512827,14.051952,0.14632928,0.3167918
8.430000104010105,14.127952,0.14632928,0.31801257
8.440000332891941,14.127952,0.14639664,0.31801257
8.44999960809946,14.091952,0.14639664,0.31923336
8.459999836981297,13.991952,0.14639664,0.32045412
8.470000065863132,13.875953,0.14646402,0.3216749
8.480000294744968,13.815952,0.14653139,0.32289568
8.489999569952488,13.831953,0.14659877,0.32289568
8.499999798834324,13.931952,0.14666612,0.32411647
8.51000002771616,14.027951,0.14673351,0.32411647
8.520000256597996,14.099952,0.14680088,0.32533723
8.529999531805515,14.143952,0.14693561,0.32533723
8.539999760687351,14.143952,0.147003,0.32655802
8.549999989569187,14.083952,0.1472051,0.32533723
8.560000218451023,14.063952,0.14754196,0.32411647
8.570000447332859,14.067952,0.14814828,0.3216749
8.579999722540379,14.123953,0.14895673,0.3167918
8.589999951422215,14.287951,0.15010203,0.3106879
8.60000018030405,14.52795,0.15151682,0.30214247
8.610000409185886,14.68795,0.15266213,0.2948178
8.619999684393406,14.755949,0.15320109,0.29237625
8.629999913275242,14.70395,0.15326846,0.293597
8.640000142157078,14.61195,0.15326846,0.293597
8.650000371038914,14.57195,0.15326846,0.2948178
8.659999646246433,14.591949,0.15326846,0.29603857
8.66999987512827,14.68395,0.15326846,0.29725936
8.680000104010105,14.78395,0.15333584,0.29848012
8.690000332891941,14.85995,0.15333584,0.29970092
8.69999960809946,14.903949,0.15340321,0.29970092
8.709999836981297,14.89995,0.15340321,0.30092168
8.720000065863132,14.79995,0.15340321,0.30214247
8.730000294744968,14.66395,0.15340321,0.30336323
8.739999569952488,14.6039505,0.15340321,0.30458403
8.749999798834324,14.547951,0.15340321,0.3058048
8.76000002771616,14.60795,0.15340321,0.30702558
8.770000256597996,14.70795,0.15340321,0.30824634
8.779999531805515,14.835949,0.15340321,0.30946714
8.789999760687351,14.847949,0.15347058,0.3106879
8.799999989569187,14.891949,0.15347058,0.3106879
8.810000218451023,14.85995,0.15360533,0.3106879
8.820000447332859,14.767949,0.15367268,0.3119087
8.829999722540379,14.68795,0.15380743,0.3119087
8.839999951422215,14.655951,0.15400955,0.3119087
8.85000018030405,14.667951,0.15434639,0.3106879
8.860000409185886,14.75195,0.15475062,0.30946714
8.869999684393406,14.947949,0.15528959,0.30702558
8.879999913275242,15.099949,0.15596329,0.30336323
8.890000142157078,15.223948,0.15670437,0.29848012
8.900000371038914,15.295948,0.15751281,0.2948178
8.909999646246433,15.271948,0.15791704,0.293597
8.91999987512827,15.131948,0.15798442,0.293597
8.930000104010105,15.019949,0.15798442,0.2948178
8.940000332891941,15.003949,0.15798442,0.29603857
8.94999960809946,15.067948,0.15798442,0.29725936
8.959999836981297,15.179949,0.15798442,0.29848012
8.970000065863132,15.3159485,0.15798442,0.29970092
8.980000294744968,15.443948,0.15798442,0.30092168
8.989999569952488,15.451947,0.15805179,0.30092168
8.999999798834324,15.387947,0.15805179,0.30214247
9.01000002771616,15.259949,0.15805179,0.30336323
9.020000256597996,15.0919485,0.15805179,0.30458403
9.029999531805515,14.979948,0.15805179,0.3058048
9.039999760687351,15.011949,0.15805179,0.30702558
9.049999989569187,15.111949,0.15805179,0.30824634
9.060000218451023,15.247949,0.15805179,0.30946714
9.070000447332859,15.359947,0.15811916,0.3106879
9.079999722540379,15.439947,0.15811916,0.3106879
9.089999951422215,15.391948,0.15811916,0.31312945
9.10000018030405,15.287949,0.15811916,0.31312945
9.110000409185886,15.183948,0.15818653,0.31435025
9.119999684393406,15.0919485,0.15818653,0.315571
9.129999913275242,15.015949,0.15825391,0.3167918
9.140000142157078,15.047948,0.15825391,0.3167918
9.150000371038914,15.151949,0.15825391,0.31801257
9.159999646246433,15.291947,0.15825391,0.31923336
9.16999987512827,15.375948,0.15825391,0.32045412
9.180000104010105,15.407948,0.15825391,0.3216749
9.190000332891941,15.367948,0.15832126,0.32289568
9.19999960809946,15.2639475,0.15832126,0.32411647
9.209999836981297,15.155948,0.15832126,0.32411647
9.220000065863132,15.115948,0.15845601,0.32533723
9.230000294744968,15.087948,0.15852338,0.32533723
9.239999569952488,15.127948,0.15859075,0.32655802
9.249999798834324,15.247949,0.15872549,0.32655802
9.26000002771616,15.343947,0.15879287,0.3277788
9.270000256597996,15.403948,0.15886024,0.3277788
9.279999531805515,15.431948,0.15892762,0.32899958
9.289999760687351,15.383947,0.15899497,0.32899958
9.299999989569187,15.271948,0.15906236,0.33022034
9.310000218451023,15.211948,0.15919709,0.33022034
9.320000447332859,15.179949,0.15933184,0.33022034
9.329999722540379,15.183948,0.15946658,0.33022034
9.339999951422215,15.271948,0.15966868,0.33022034
9.35000018030405,15.415948,0.16007291,0.32899958
9.360000409185886,15.575947,0.16067924,0.32655802
9.369999684393406,15.699946,0.16148768,0.3216749
9.379999913275242,15.819946,0.16236351,0.3167918
9.390000142157078,15.863946,0.16337408,0.3106879
9.400000371038914,15.859946,0.16431727,0.30458403
9.409999646246433,15.799946,0.1649236,0.30214247
9.41999987512827,15.727946,0.16505834,0.30214247
9.430000104010105,15.683947,0.16505834,0.30336323
9.440000332891941,15.699946,0.16505834,0.30458403
9.44999960809946,15.863946,0.16505834,0.3058048
9.459999836981297,16.039946,0.16505834,0.30702558
9.470000065863132,16.147945,0.16505834,0.30824634
9.480000294744968,16.191946,0.16505834,0.30946714
9.489999569952488,16.139946,0.16505834,0.3106879
9.499999798834324,15.987946,0.16505834,0.3119087
9.51000002771616,15.851947,0.16505834,0.31312945
9.520000256597996,15.735947,0.16505834,0.31435025
9.529999531805515,15.719946,0.16505834,0.315571
9.539999760687351,15.751946,0.16505834,0.3167918
9.549999989569187,15.895946,0.16505834,0.31801257
9.560000218451023,16.075945,0.16505834,0.31801257
9.570000447332859,16.143946,0.16505834,0.31923336
9.579999722540379,16.143946,0.16505834,0.32045412
9.589999951422215,16.071945,0.16505834,0.3216749
9.60000018030405,15.915946,0.16512571,0.32289568
9.610000409185886,15.767946,0.16512571,0.32411647
9.619999684393406,15.707946,0.16512571,0.32533723
9.629999913275242,15.723947,0.16512571,0.32655802
9.640000142157078,15.787946,0.16512571,0.3277788
9.650000371038914,15.919947,0.16512571,0.3277788
9.659999646246433,16.063946,0.16512571,0.33022034
9.66999987512827,16.135944,0.16519308,0.33022034
9.680000104010105,16.099945,0.16519308,0.33144113
9.690000332891941,15.999945,0.16526046,0.3326619
9.69999960809946,15.875946,0.16532782,0.3326619
9.709999836981297,15.735947,0.16546257,0.3326619
9.720000065863132,15.731946,0.1655973,0.3338827
9.730000294744968,15.811947,0.16579942,0.3326619
9.739999569952488,15.947946,0.16606891,0.3326619
9.749999798834324,16.091946,0.16640575,0.33144113
9.76000002771616,16.263945,0.16687736,0.32899958
9.770000256597996,16.375944,0.16741633,0.32655802
9.779999531805515,16.347944,0.16788791,0.32411647
9.789999760687351,16.303944,0.1683595,0.32289568
9.799999989569187,16.267944,0.16903321,0.31801257
9.810000218451023,16.251944,0.16990905,0.31435025
9.820000447332859,16.307945,0.17065011,0.30946714
9.829999722540379,16.423944,0.17118908,0.30702558
9.839999951422215,16.507944,0.17145857,0.30702558
9.85000018030405,16.567944,0.17152594,0.30702558
9.860000409185886,16.643944,0.17152594,0.30824634
9.869999684393406,16.687944,0.17152594,0.30946714
9.879999913275242,16.679943,0.17152594,0.3106879
9.890000142157078,16.651943,0.17152594,0.3119087
9.900000371038914,16.619944,0.17152594,0.31312945
9.909999646246433,16.571943,0.17152594,0.31435025
9.91999987512827,16.547943,0.17152594,0.315571
9.930000104010105,16.551945,0.17152594,0.3167918
9.940000332891941,16.579945,0.17159331,0.3167918
9.94999960809946,16.599943,0.17166069,0.31801257
9.959999836981297,16.663942,0.17172804,0.31801257
9.970000065863132,16.683943,0.17179543,0.31923336
9.980000294744968,16.671944,0.1718628,0.32045412
9.989999569952488,16.631943,0.1718628,0.32045412
9.999999798834324,16.599943,0.17193016,0.3216749
10.01000002771616,16.583942,0.17206492,0.3216749
10.020000256597996,16.595943,0.17240176,0.32045412
10.029999531805515,16.687944,0.17287335,0.31801257
10.039999760687351,16.823944,0.17354706,0.315571
10.049999989569187,16.939943,0.1743555,0.3106879
10.060000218451023,17.047941,0.17516395,0.30702558
10.070000447332859,17.119942,0.17590505,0.30214247
10.079999722540379,17.123941,0.17651138,0.29970092
10.089999951422215,17.067942,0.17684822,0.29848012
10.10000018030405,17.059942,0.17705034,0.29848012
10.110000409185886,17.059942,0.17725244,0.29725936
10.119999684393406,17.07994,0.17745456,0.29725936
10.129999913275242,17.18794,0.17752193,0.29848012
10.140000142157078,17.29194,0.17758931,0.29848012
10.150000371038914,17.339941,0.17765667,0.29970092
10.159999646246433,17.37194,0.17765667,0.30092168
10.16999987512827,17.35994,0.17765667,0.30214247
10.180000104010105,17.311941,0.17772405,0.30214247
10.190000332891941,17.191942,0.17779142,0.30336323
10.19999960809946,17.13594,0.17779142,0.30458403
10.209999836981297,17.131943,0.17779142,0.3058048
10.220000065863132,17.167942,0.17785878,0.3058048
10.230000294744968,17.231941,0.17785878,0.30702558
10.239999569952488,17.331942,0.17785878,0.30824634
10.249999798834324,17.36794,0.17785878,0.30946714
10.26000002771616,17.355942,0.17792615,0.3106879
10.270000256597996,17.347942,0.17799354,0.3106879
10.279999531805515,17.31594,0.17819564,0.3106879
10.289999760687351,17.27194,0.17846513,0.3106879
10.299999989569187,17.279942,0.17893672,0.30824634
10.310000218451023,17.36794,0.17954305,0.3058048
10.320000447332859,17.47594,0.18028413,0.30092168
10.329999722540379,17.61594,0.18109258,0.29725936
10.339999951422215,17.747938,0.18176629,0.293597
10.35000018030405,17.85194,0.18244,0.2887139
10.360000409185886,17.84394,0.18284422,0.28749314
10.369999684393406,17.80794,0.1829116,0.2887139
10.379999913275242,17.747938,0.1829116,0.2899347
10.390000142157078,17.707941,0.18304634,0.2899347
10.400000371038914,17.72394,0.18311371,0.29115546
10.409999646246433,17.815939,0.18311371,0.29115546
10.41999987512827,17.895939,0.18311371,0.293597
10.430000104010105,17.931938,0.18318108,0.293597
10.440000332891941,17.98794,0.18324845,0.2948178
10.44999960809946,17.955938,0.18324845,0.2948178
10.459999836981297,17.87994,0.18331583,0.29603857
10.470000065863132,17.791939,0.18331583,0.29725936
10.480000294744968,17.77194,0.18338318,0.29848012
10.489999569952488,17.73594,0.18338318,0.29848012
10.499999798834324,17.75994,0.18345056,0.29970092
10.51000002771616,17.855938,0.18345056,0.30092168
10.520000256597996,17.927938,0.18351793,0.30092168
10.529999531805515,17.955938,0.18351793,0.30336323
10.539999760687351,17.963938,0.1835853,0.30336323
10.549999989569187,17.94394,0.1835853,0.30458403
10.560000218451023,17.86394,0.1835853,0.3058048
10.570000447332859,17.795938,0.18365267,0.30702558
10.579999722540379,17.75594,0.18372005,0.30702558
10.589999951422215,17.795938,0.18385479,0.30702558
10.60000018030405,17.82394,0.18398954,0.30824634
10.610000409185886,17.90794,0.18398954,0.30824634
10.619999684393406,17.97194,0.1840569,0.30946714
10.629999913275242,17.991938,0.18412428,0.3106879
10.640000142157078,17.975939,0.18419164,0.3106879
10.650000371038914,17.951939,0.18432638,0.3106879
10.659999646246433,17.927938,0.18446112,0.3106879
10.66999987512827,17.883938,0.18466322,0.3106879
10.680000104010105,17.919939,0.18500009,0.3106879
10.690000332891941,17.991938,0.18547168,0.30824634
10.69999960809946,18.091938,0.18614538,0.30458403
10.709999836981297,18.203938,0.18668436,0.30092168
10.720000065863132,18.311937,0.18722332,0.29970092
10.730000294744968,18.339937,0.18762754,0.29725936
10.739999569952488,18.343937,0.18809915,0.2948178
10.749999798834324,18.355938,0.1886381,0.29237625
10.76000002771616,18.367937,0.18897496,0.29115546
10.770000256597996,18.327938,0.18904233,0.29237625
10.779999531805515,18.327938,0.18904233,0.293597
10.789999760687351,18.367937,0.1891097,0.293597
10.799999989569187,18.427937,0.1891097,0.2948178
10.810000218451023,18.479937,0.1891097,0.29603857
10.820000447332859,18.551937,0.1891097,0.29725936
10.829999722540379,18.559937,0.1891097,0.29848012
10.839999951422215,18.507936,0.1891097,0.29970092
10.85000018030405,18.475937,0.1891097,0.30092168
10.860000409185886,18.427937,0.1891097,0.30214247
10.869999684393406,18.355938,0.18917707,0.30336323
10.879999913275242,18.339937,0.18917707,0.30458403
10.890000142157078,18.403938,0.18924445,0.30458403
10.900000371038914,18.451937,0.18924445,0.3058048
10.909999646246433,18.511938,0.18931182,0.30702558
10.91999987512827,18.547937,0.18931182,0.30702558
10.930000104010105,18.539938,0.18937919,0.30824634
10.940000332891941,18.495937,0.18937919,0.30946714
10.94999960809946,18.447937,0.18944655,0.3106879
10.959999836981297,18.403938,0.18944655,0.3106879
10.970000065863132,18.399937,0.18951394,0.3119087
10.980000294744968,18.403938,0.18964867,0.3119087
10.989999569952488,18.451937,0.18971604,0.31312945
10.999999798834324,18.503937,0.18978341,0.31312945
11.01000002771616,18.539938,0.18985078,0.31435025
11.020000256597996,18.571938,0.18991816,0.31435025
11.029999531805515,18.575937,0.18998551,0.315571
11.039999760687351,18.531937,0.18998551,0.3167918
11.049999989569187,18.475937,0.1900529,0.31801257
11.060000218451023,18.463938,0.19012026,0.31801257
11.070000447332859,18.443937,0.19012026,0.31923336
11.079999722540379,18.451937,0.19018763,0.32045412
11.089999951422215,18.515936,0.190255,0.32045412
11.10000018030405,18.559937,0.190255,0.3216749
11.110000409185886,18.555937,0.190255,0.32289568
11.119999684393406,18.555937,0.19032238,0.32411647
11.129999913275242,18.579937,0.19038974,0.32411647
11.140000142157078,18.575937,0.19045712,0.32533723
11.150000371038914,18.519938,0.19052449,0.32533723
11.159999646246433,18.499937,0.19065922,0.32655802
11.16999987512827,18.507936,0.19079398,0.32655802
11.180000104010105,18.527937,0.19092871,0.32655802
11.190000332891941,18.603937,0.19126557,0.32533723
11.19999960809946,18.703936,0.19166979,0.32411647
11.209999836981297,18.799936,0.19220875,0.32045412
11.220000065863132,18.847937,0.1928151,0.31801257
11.230000294744968,18.911936,0.19342142,0.31435025
11.239999569952488,18.935936,0.19402777,0.31312945
11.249999798834324,18.947935,0.1946341,0.30824634
11.26000002771616,18.963936,0.19503833,0.30702558
11.270000256597996,18.959936,0.19524045,0.30702558
11.279999531805515,18.955935,0.19524045,0.30824634
11.289999760687351,18.951935,0.19524045,0.30946714
11.299999989569187,19.043936,0.1953078,0.30946714
11.310000218451023,19.123936,0.1953078,0.3106879
11.320000447332859,19.159935,0.1953078,0.3119087
11.329999722540379,19.195934,0.1953078,0.31312945
11.339999951422215,19.163935,0.1953078,0.31435025
11.35000018030405,19.095936,0.1953078,0.315571
11.360000409185886,19.043936,0.19537519,0.3167918
11.369999684393406,18.983934,0.19544256,0.3167918
11.379999913275242,18.991936,0.19550993,0.31801257
11.390000142157078,19.003935,0.19550993,0.31923336
11.400000371038914,19.035936,0.1955773,0.31923336
11.409999646246433,19.139935,0.19564468,0.32045412
11.41999987512827,19.143936,0.19564468,0.3216749
11.430000104010105,19.183935,0.19564468,0.32289568
11.440000332891941,19.151936,0.19564468,0.32411647
11.44999960809946,19.111935,0.19564468,0.32533723
11.459999836981297,19.043936,0.19564468,0.32655802
11.470000065863132,19.023935,0.19564468,0.3277788
11.480000294744968,19.019936,0.19571203,0.3277788
11.489999569952488,19.039934,0.19584678,0.3277788
11.499999798834324,19.111935,0.19584678,0.32899958
11.51000002771616,19.151936,0.19591415,0.33022034
11.520000256597996,19.183935,0.19598152,0.33022034
11.529999531805515,19.159935,0.1960489,0.33144113
11.539999760687351,19.171934,0.19611627,0.3326619
11.549999989569187,19.127935,0.196251,0.3326619
11.560000218451023,19.091934,0.19638574,0.3326619
11.570000447332859,19.095936,0.19652049,0.3326619
11.579999722540379,19.119934,0.19665523,0.3326619
11.589999951422215,19.139935,0.19678997,0.3326619
11.60000018030405,19.191935,0.19692472,0.3338827
11.610000409185886,19.287935,0.19719419,0.3326619
11.619999684393406,19.307934,0.19753104,0.33144113
11.629999913275242,19.379934,0.19793527,0.33022034
11.640000142157078,19.435934,0.19854161,0.32655802
11.650000371038914,19.499933,0.19921532,0.32289568
11.659999646246433,19.535933,0.19995639,0.31923336
11.66999987512827,19.575933,0.20069747,0.315571
11.680000104010105,19.631933,0.20123643,0.31312945
11.690000332891941,19.635933,0.20150591,0.3119087
11.69999960809946,19.623934,0.20150591,0.31312945
11.709999836981297,19.639935,0.2015733,0.31435025
11.720000065863132,19.679934,0.2015733,0.31435025
11.730000294744968,19.723932,0.2015733,0.3167918
11.739999569952488,19.807932,0.20164067,0.3167918
11.749999798834324,19.827932,0.20164067,0.31801257
11.76000002771616,19.819933,0.20164067,0.31923336
11.770000256597996,19.771933,0.20164067,0.32045412
11.779999531805515,19.727932,0.20164067,0.3216749
11.789999760687351,19.659933,0.20164067,0.32289568
11.799999989569187,19.603933,0.20164067,0.32411647
11.810000218451023,19.635933,0.20170803,0.32411647
11.820000447332859,19.695932,0.20170803,0.32533723
11.829999722540379,19.723932,0.20170803,0.32655802
11.839999951422215,19.767933,0.20170803,0.3277788
11.85000018030405,19.823933,0.20170803,0.32899958
11.860000409185886,19.811934,0.2017754,0.33022034
11.869999684393406,19.739933,0.2017754,0.33022034
11.879999913275242,19.707932,0.2017754,0.3326619
11.890000142157078,19.647932,0.2017754,0.3326619
11.900000371038914,19.611933,0.2017754,0.3338827
11.909999646246433,19.631933,0.20184278,0.33510345
11.91999987512827,19.691933,0.20184278,0.33632424
11.930000104010105,19.739933,0.20184278,0.337545
11.940000332891941,19.767933,0.20184278,0.3387658
11.94999960809946,19.795933,0.20184278,0.33998656
11.959999836981297,19.795933,0.20197752,0.33998656
11.970000065863132,19.739933,0.20204489,0.33998656
11.980000294744968,19.707932,0.20204489,0.34242812
11.989999569952488,19.667933,0.20204489,0.34242812
11.999999798834324,19.631933,0.20211226,0.3436489
12.01000002771616,19.659933,0.20217963,0.3436489
12.020000256597996,19.739933,0.20231436,0.34486967
12.029999531805515,19.799934,0.20251648,0.3436489
12.039999760687351,19.851933,0.20265123,0.34486967
12.049999989569187,19.875933,0.20285334,0.3436489
12.060000218451023,19.899931,0.20312282,0.3436489
12.070000447332859,19.875933,0.20345968,0.34242812
12.079999722540379,19.883932,0.20399864,0.33998656
12.089999951422215,19.991932,0.20494182,0.33510345
12.10000018030405,20.123932,0.2061545,0.3277788
12.110000409185886,20.32793,0.20763665,0.31801257
12.119999684393406,20.53193,0.2089167,0.3106879
12.129999913275242,20.61593,0.2098599,0.30458403
12.140000142157078,20.64393,0.21060097,0.30092168
12.150000371038914,20.68793,0.21140943,0.29725936
12.159999646246433,20.755928,0.21221787,0.29237625
12.16999987512827,20.831928,0.2130937,0.28749314
12.180000104010105,20.967928,0.21410425,0.28138924
12.190000332891941,21.127928,0.21484533,0.27772692
12.19999960809946,21.215929,0.21518219,0.27650613
12.209999836981297,21.183928,0.21524955,0.27772692
12.220000065863132,21.171928,0.21524955,0.27772692
12.230000294744968,21.139929,0.21524955,0.27894768
12.239999569952488,21.131927,0.21524955,0.28016847
12.249999798834324,21.15993,0.21524955,0.28138924
12.26000002771616,21.227928,0.21524955,0.28261003
12.270000256597996,21.239927,0.21524955,0.2838308
12.279999531805515,21.243927,0.21524955,0.28505158
12.289999760687351,21.259926,0.21524955,0.28627235
12.299999989569187,21.215929,0.21524955,0.28749314
12.310000218451023,21.179926,0.21524955,0.2887139
12.320000447332859,21.13593,0.21524955,0.2899347
12.329999722540379,21.127928,0.21524955,0.29115546
12.339999951422215,21.119928,0.21524955,0.29237625
12.35000018030405,21.143927,0.21524955,0.293597
12.360000409185886,21.175928,0.21524955,0.2948178
12.369999684393406,21.211927,0.21524955,0.2948178
12.379999913275242,21.215929,0.21524955,0.29725936
12.390000142157078,21.211927,0.21524955,0.29725936
12.400000371038914,21.191929,0.21524955,0.29848012
12.409999646246433,21.147928,0.21531692,0.29970092
12.41999987512827,21.107927,0.21531692,0.30092168
12.430000104010105,21.107927,0.21531692,0.30214247
12.440000332891941,21.123928,0.21531692,0.30336323
12.44999960809946,21.139929,0.21531692,0.30458403
12.459999836981297,21.171928,0.21531692,0.30458403
12.470000065863132,21.199926,0.21531692,0.30702558
12.480000294744968,21.199926,0.21531692,0.30702558
12.489999569952488,21.179926,0.21531692,0.30824634
12.499999798834324,21.163927,0.21531692,0.30946714
12.51000002771616,21.13593,0.2153843,0.3106879
12.520000256597996,21.083927,0.2153843,0.3119087
12.529999531805515,21.087927,0.2153843,0.31312945
12.539999760687351,21.115929,0.2153843,0.31435025
12.549999989569187,21.123928,0.2153843,0.315571
12.560000218451023,21.167927,0.2153843,0.3167918
12.570000447332859,21.207928,0.21545167,0.3167918
12.579999722540379,21.203928,0.21551904,0.31801257
12.589999951422215,21.183928,0.21558641,0.31801257
12.60000018030405,21.171928,0.21565379,0.31923336
12.610000409185886,21.163927,0.21572115,0.32045412
12.619999684393406,21.115929,0.2158559,0.32045412
12.629999913275242,21.163927,0.21605802,0.31923336
12.640000142157078,21.23593,0.21639486,0.31801257
12.650000371038914,21.299927,0.21686645,0.3167918
12.659999646246433,21.379927,0.21733806,0.31435025
12.66999987512827,21.475925,0.21787702,0.3119087
12.680000104010105,21.539927,0.21855073,0.30824634
12.690000332891941,21.615927,0.21942654,0.30336323
12.69999960809946,21.739927,0.2204371,0.29725936
12.709999836981297,21.819927,0.2211108,0.293597
12.720000065863132,21.799927,0.2213803,0.293597
12.730000294744968,21.739927,0.2213803,0.2948178
12.739999569952488,21.751926,0.22144766,0.2948178
12.749999798834324,21.783924,0.22144766,0.29603857
12.76000002771616,21.859924,0.22151503,0.29725936
12.770000256597996,21.955927,0.22151503,0.29848012
12.779999531805515,22.007925,0.22158241,0.29848012
12.789999760687351,21.999924,0.22158241,0.29970092
12.799999989569187,21.975925,0.22158241,0.30092168
12.810000218451023,21.903925,0.22158241,0.30214247
12.820000447332859,21.807926,0.22158241,0.30336323
12.829999722540379,21.771925,0.22164977,0.30458403
12.839999951422215,21.775927,0.22171715,0.30458403
12.85000018030405,21.815926,0.22171715,0.3058048
12.860000409185886,21.891926,0.22178452,0.30702558
12.869999684393406,21.963924,0.22185189,0.30824634
12.879999913275242,22.039925,0.22191925,0.30824634
12.890000142157078,22.015924,0.22205399,0.30824634
12.900000371038914,21.955927,0.22212137,0.30824634
12.909999646246433,21.923925,0.22225611,0.30946714
12.91999987512827,21.859924,0.22239086,0.30946714
12.930000104010105,21.835926,0.22245823,0.3106879
12.940000332891941,21.855927,0.22259296,0.3106879
12.94999960809946,21.935926,0.2227277,0.3106879
12.959999836981297,22.011927,0.22299719,0.30946714
12.970000065863132,22.171923,0.2234688,0.30824634
12.980000294744968,22.287924,0.22394039,0.3058048
12.989999569952488,22.315924,0.22461408,0.30336323
12.999999798834324,22.379925,0.22535516,0.29848012
13.01000002771616,22.411924,0.226231,0.293597
13.020000256597996,22.439924,0.22683732,0.2899347
13.029999531805515,22.383924,0.22703944,0.2899347
13.039999760687351,22.347923,0.22710681,0.29115546
13.049999989569187,22.375923,0.22710681,0.29115546
13.060000218451023,22.455923,0.22710681,0.293597
13.070000447332859,22.567923,0.22710681,0.293597
13.079999722540379,22.699923,0.22710681,0.2948178
13.089999951422215,22.735922,0.22710681,0.29603857
13.10000018030405,22.671923,0.22710681,0.29725936
13.110000409185886,22.591923,0.22710681,0.29848012
13.119999684393406,22.451923,0.22710681,0.29970092
13.129999913275242,22.363924,0.22710681,0.30092168
13.140000142157078,22.339924,0.22710681,0.30214247
13.150000371038914,22.411924,0.22710681,0.30336323
13.159999646246433,22.503923,0.22710681,0.30458403
13.16999987512827,22.583923,0.22710681,0.3058048
13.180000104010105,22.675922,0.22710681,0.30702558
13.190000332891941,22.679922,0.22710681,0.30824634
13.19999960809946,22.599922,0.22710681,0.30824634
13.209999836981297,22.503923,0.22710681,0.3106879
13.220000065863132,22.415924,0.22710681,0.3106879
13.230000294744968,22.359924,0.22710681,0.31312945
13.239999569952488,22.355925,0.22710681,0.31312945
13.249999798834324,22.455923,0.22710681,0.31435025
13.26000002771616,22.527924,0.22710681,0.315571
13.270000256597996,22.603922,0.22710681,0.3167918
13.279999531805515,22.647923,0.22710681,0.31801257
13.289999760687351,22.627924,0.22710681,0.31923336
13.299999989569187,22.543922,0.22717418,0.32045412
13.310000218451023,22.447924,0.22717418,0.3216749
13.320000447332859,22.379925,0.22724155,0.3216749
13.329999722540379,22.355925,0.22724155,0.32289568
13.339999951422215,22.379925,0.22730893,0.32411647
13.35000018030405,22.471924,0.22730893,0.32533723
13.360000409185886,22.575924,0.22737628,0.32533723
13.369999684393406,22.619923,0.22744367,0.32655802
13.379999913275242,22.683922,0.2275784,0.32655802
13.390000142157078,22.643923,0.22771315,0.32655802
13.400000371038914,22.575924,0.2277805,0.3277788
13.409999646246433,22.487923,0.22784789,0.3277788
13.41999987512827,22.435925,0.22798264,0.3277788
13.430000104010105,22.451923,0.22811738,0.3277788
13.440000332891941,22.491924,0.22825211,0.32899958
13.44999960809946,22.631924,0.22845422,0.3277788
13.459999836981297,22.771923,0.2287237,0.3277788
13.470000065863132,22.83192,0.22912793,0.32655802
13.480000294744968,22.91192,0.22973426,0.32289568
13.489999569952488,22.983923,0.23047535,0.31923336
13.499999798834324,23.007921,0.23135117,0.31435025
13.51000002771616,23.01192,0.23222698,0.30946714
13.520000256597996,23.07192,0.23303543,0.3058048
13.529999531805515,23.131922,0.23350704,0.30336323
13.539999760687351,23.15192,0.23370914,0.30336323
13.549999989569187,23.22392,0.23370914,0.30336323
13.560000218451023,23.311922,0.23377651,0.30458403
13.570000447332859,23.37992,0.23377651,0.3058048
13.579999722540379,23.41192,0.23377651,0.30702558
13.589999951422215,23.451921,0.23377651,0.30824634
13.60000018030405,23.42392,0.23377651,0.30824634
13.610000409185886,23.31992,0.23377651,0.3106879
13.619999684393406,23.25992,0.23377651,0.3106879
13.629999913275242,23.22392,0.23377651,0.31312945
13.640000142157078,23.20792,0.23384388,0.31312945
13.650000371038914,23.247921,0.23384388,0.31435025
13.659999646246433,23.35992,0.23397861,0.31435025
13.66999987512827,23.435919,0.234046,0.315571
13.680000104010105,23.451921,0.234046,0.3167918
13.690000332891941,23.427921,0.23411337,0.3167918
13.69999960809946,23.38392,0.23411337,0.31801257
13.709999836981297,23.30792,0.23418073,0.31923336
13.720000065863132,23.23992,0.2342481,0.31923336
13.730000294744968,23.26392,0.23431548,0.32045412
13.739999569952488,23.295921,0.23445022,0.32045412
13.749999798834324,23.315922,0.23451759,0.3216749
13.76000002771616,23.41592,0.23458496,0.3216749
13.770000256597996,23.48792,0.23465233,0.32289568
13.779999531805515,23.47992,0.23478708,0.32289568
13.789999760687351,23.47992,0.2349892,0.32289568
13.799999989569187,23.471918,0.23525867,0.3216749
13.810000218451023,23.451921,0.23566289,0.32045412
13.820000447332859,23.47592,0.23613448,0.31801257
13.829999722540379,23.57592,0.23674081,0.315571
13.839999951422215,23.68392,0.23721242,0.31312945
13.85000018030405,23.755919,0.23761664,0.3106879
13.860000409185886,23.863918,0.23808824,0.30946714
13.869999684393406,23.963919,0.2386272,0.30702558
13.879999913275242,24.015917,0.2390988,0.30458403
13.890000142157078,24.023918,0.23950303,0.30336323
13.900000371038914,24.027918,0.23977251,0.30214247
13.909999646246433,24.011919,0.23997462,0.30214247
13.91999987512827,23.991919,0.240042,0.30336323
13.930000104010105,24.03192,0.24010935,0.30336323
13.940000332891941,24.091919,0.24017674,0.30458403
13.94999960809946,24.13192,0.2402441,0.30458403
13.959999836981297,24.171917,0.24031147,0.3058048
13.970000065863132,24.211916,0.24037884,0.3058048
13.980000294744968,24.211916,0.24044621,0.30702558
13.989999569952488,24.155916,0.2405136,0.30702558
13.999999798834324,24.127918,0.24058095,0.30824634
14.01000002771616,24.103918,0.2407157,0.30824634
14.020000256597996,24.08792,0.24078307,0.30824634
14.029999531805515,24.127918,0.24091782,0.30946714
14.039999760687351,24.223919,0.24111992,0.30824634
14.049999989569187,24.295918,0.2413894,0.30824634
14.060000218451023,24.371916,0.24179363,0.30702558
14.070000447332859,24.447916,0.2423326,0.30458403
14.079999722540379,24.503916,0.24293894,0.30092168
14.089999951422215,24.531918,0.24361265,0.29725936
14.10000018030405,24.563915,0.24428634,0.293597
14.110000409185886,24.643915,0.24496005,0.29115546
14.119999684393406,24.707916,0.24556638,0.28749314
14.129999913275242,24.751917,0.24590325,0.28627235
14.140000142157078,24.815914,0.24610536,0.28627235
14.150000371038914,24.879915,0.24610536,0.28749314
14.159999646246433,24.895914,0.24610536,0.2887139
14.16999987512827,24.935915,0.24610536,0.2887139
14.180000104010105,24.959915,0.24610536,0.29115546
14.190000332891941,24.919916,0.24617273,0.29115546
14.19999960809946,24.883915,0.24617273,0.29237625
14.209999836981297,24.855915,0.24617273,0.293597
14.220000065863132,24.831915,0.24617273,0.2948178
14.230000294744968,24.815914,0.24617273,0.29603857
14.239999569952488,24.835915,0.24617273,0.29725936
14.249999798834324,24.879915,0.24617273,0.29848012
14.26000002771616,24.891914,0.24617273,0.29970092
14.270000256597996,24.923916,0.24617273,0.30092168
14.279999531805515,24.919916,0.24617273,0.30214247
14.289999760687351,24.895914,0.24617273,0.30336323
14.299999989569187,24.811914,0.24617273,0.30458403
14.310000218451023,24.819916,0.24617273,0.30458403
14.320000447332859,24.815914,0.24617273,0.30702558
14.329999722540379,24.799915,0.24617273,0.30702558
14.339999951422215,24.831915,0.24617273,0.30824634
14.35000018030405,24.875916,0.24617273,0.30946714
14.360000409185886,24.875916,0.24624011,0.3106879
14.369999684393406,24.867916,0.24624011,0.3119087
14.379999913275242,24.867916,0.24624011,0.31312945
14.390000142157078,24.851913,0.24624011,0.31435025
14.400000371038914,24.803915,0.24630748,0.31435025
14.409999646246433,24.807917,0.24637483,0.315571
14.41999987512827,24.811914,0.24637483,0.3167918
14.430000104010105,24.815914,0.24637483,0.31801257
14.440000332891941,24.839916,0.2464422,0.31801257
14.44999960809946,24.903915,0.24657695,0.31801257
14.459999836981297,24.935915,0.2467117,0.31801257
14.470000065863132,24.915915,0.24677908,0.31923336
14.480000294744968,24.907917,0.2469138,0.31923336
14.489999569952488,24.903915,0.24704856,0.32045412
14.499999798834324,24.903915,0.24725065,0.31923336
14.51000002771616,24.927916,0.24752015,0.31923336
14.520000256597996,24.995914,0.24792437,0.3167918
14.529999531805515,25.095915,0.24853069,0.31435025
14.539999760687351,25.203913,0.24920441,0.3106879
14.549999989569187,25.331915,0.24994549,0.30702558
14.560000218451023,25.443914,0.25068656,0.30336323
14.570000447332859,25.491913,0.25142765,0.29848012
14.579999722540379,25.551912,0.25210136,0.29603857
14.589999951422215,25.611912,0.25250557,0.293597
14.60000018030405,25.591911,0.25277504,0.293597
14.610000409185886,25.603914,0.25284243,0.293597
14.619999684393406,25.659912,0.25284243,0.2948178
14.629999913275242,25.739914,0.2529098,0.2948178
14.640000142157078,25.775913,0.2529098,0.29725936
14.650000371038914,25.819914,0.2529098,0.29725936
14.659999646246433,25.819914,0.25297716,0.29848012
14.66999987512827,25.771912,0.25297716,0.29970092
14.680000104010105,25.703913,0.25304455,0.30092168
14.690000332891941,25.659912,0.25304455,0.30092168
14.69999960809946,25.635912,0.25304455,0.30336323
14.709999836981297,25.615913,0.25311193,0.30336323
14.720000065863132,25.703913,0.25317928,0.30458403
14.730000294744968,25.78391,0.25324664,0.30458403
14.739999569952488,25.823912,0.25331402,0.30458403
14.749999798834324,25.851912,0.25344878,0.3058048
14.76000002771616,25.851912,0.25351614,0.3058048
14.770000256597996,25.775913,0.25351614,0.30702558
14.779999531805515,25.695913,0.25351614,0.30824634
14.789999760687351,25.675913,0.25358352,0.30946714
14.799999989569187,25.711912,0.25365087,0.30946714
14.810000218451023,25.747911,0.25371826,0.3106879
14.820000447332859,25.80791,0.253853,0.3106879
14.829999722540379,25.88791,0.25392038,0.3119087
14.839999951422215,25.911913,0.25405508,0.3119087
14.85000018030405,25.89991,0.25418985,0.3119087
14.860000409185886,25.89991,0.2543246,0.3119087
14.869999684393406,25.859913,0.25459406,0.3119087
14.879999913275242,25.84391,0.2549309,0.3106879
14.890000142157078,25.91991,0.2554699,0.30824634
14.900000371038914,26.01991,0.25594148,0.3058048
14.909999646246433,26.139912,0.25648046,0.30336323
14.91999987512827,26.287909,0.25708678,0.29970092
14.930000104010105,26.39191,0.25769314,0.29725936
14.940000332891941,26.447908,0.25816473,0.2948178
14.94999960809946,26.41191,0.25836682,0.2948178
14.959999836981297,26.379911,0.25836682,0.29603857
14.970000065863132,26.33591,0.25836682,0.29725936
14.980000294744968,26.33191,0.25836682,0.29848012
14.989999569952488,26.379911,0.25836682,0.29848012
14.999999798834324,26.47591,0.25836682,0.30092168
15.01000002771616,26.51191,0.25836682,0.30092168
15.020000256597996,26.52791,0.25836682,0.30336323
15.029999531805515,26.51991,0.2584342,0.30336323
15.039999760687351,26.467909,0.2584342,0.30458403
15.049999989569187,26.37191,0.2584342,0.3058048
15.060000218451023,26.307909,0.2584342,0.30702558
15.070000447332859,26.33191,0.2584342,0.30824634
15.079999722540379,26.35191,0.2584342,0.30946714
15.089999951422215,26.40791,0.2584342,0.3106879
15.10000018030405,26.48391,0.2584342,0.3119087
15.110000409185886,26.503908,0.2584342,0.31312945
15.119999684393406,26.47591,0.2584342,0.31312945
15.129999913275242,26.447908,0.2584342,0.31435025
15.140000142157078,26.387909,0.2584342,0.315571
15.150000371038914,26.31191,0.2585016,0.3167918
15.159999646246433,26.29591,0.2585016,0.31801257
15.16999987512827,26.31991,0.2585016,0.31923336
15.180000104010105,26.37191,0.2585016,0.32045412
15.190000332891941,26.42791,0.2585016,0.3216749
15.19999960809946,26.48391,0.25856894,0.3216749
15.209999836981297,26.50791,0.25856894,0.32289568
15.220000065863132,26.46391,0.25863633,0.32411647
15.230000294744968,26.39591,0.25870368,0.32533723
15.239999569952488,26.367908,0.25883842,0.32411647
15.249999798834324,26.359911,0.25897318,0.32533723
15.26000002771616,26.359911,0.25897318,0.32655802
15.270000256597996,26.39991,0.25910792,0.32655802
15.279999531805515,26.47591,0.25924265,0.32655802
15.289999760687351,26.52791,0.25944477,0.32655802
15.299999989569187,26.56791,0.25951216,0.32655802
15.310000218451023,26.59191,0.25964686,0.32655802
15.320000447332859,26.55191,0.25978163,0.3277788
15.329999722540379,26.50791,0.259849,0.3277788
15.339999951422215,26.503908,0.2600511,0.3277788
15.35000018030405,26.53191,0.26025322,0.3277788
15.360000409185886,26.571909,0.2605227,0.32655802
15.369999684393406,26.68791,0.26085955,0.32533723
15.379999913275242,26.815908,0.26126376,0.32411647
15.390000142157078,26.887909,0.26173535,0.3216749
15.400000371038914,26.939909,0.26220697,0.32045412
15.409999646246433,27.003908,0.2628133,0.3167918
15.41999987512827,27.047907,0.263487,0.31312945
15.430000104010105,27.079908,0.26409337,0.3106879
15.440000332891941,27.11991,0.26449758,0.30824634
15.44999960809946,27.127907,0.26456496,0.30946714
15.459999836981297,27.139908,0.26456496,0.3106879
15.470000065863132,27.179909,0.2646323,0.3106879
15.480000294744968,27.267906,0.2646323,0.31312945
15.489999569952488,27.323906,0.2646323,0.31312945
15.499999798834324,27.327908,0.26469967,0.31435025
15.51000002771616,27.311907,0.26469967,0.315571
15.520000256597996,27.267906,0.26476705,0.315571
15.529999531805515,27.203907,0.26483443,0.3167918
15.539999760687351,27.179909,0.26496917,0.3167918
15.549999989569187,27.183907,0.26503655,0.31801257
15.560000218451023,27.19991,0.26503655,0.31801257
15.570000447332859,27.239906,0.26503655,0.32045412
15.579999722540379,27.303907,0.26503655,0.32045412
15.589999951422215,27.343906,0.26503655,0.32289568
15.60000018030405,27.335909,0.2651039,0.32289568
15.610000409185886,27.291908,0.2651039,0.32411647
15.619999684393406,27.263906,0.26517126,0.32411647
15.629999913275242,27.227907,0.26523864,0.32533723
15.640000142157078,27.19991,0.2653734,0.32533723
15.650000371038914,27.235909,0.26544076,0.32655802
15.659999646246433,27.279905,0.26550812,0.32655802
15.66999987512827,27.303907,0.2655755,0.3277788
15.680000104010105,27.339907,0.26564288,0.3277788
15.690000332891941,27.395906,0.26571023,0.32899958
15.69999960809946,27.411907,0.265845,0.32899958
15.709999836981297,27.375906,0.2659797,0.32899958
15.720000065863132,27.359905,0.26611447,0.33022034
15.730000294744968,27.359905,0.26638395,0.32899958
15.739999569952488,27.375906,0.26665345,0.3277788
15.749999798834324,27.471907,0.26705766,0.32655802
15.76000002771616,27.595905,0.26752928,0.32411647
15.770000256597996,27.687904,0.26806822,0.3216749
15.779999531805515,27.807905,0.26874194,0.31801257
15.789999760687351,27.927904,0.26955038,0.31435025
15.799999989569187,28.007904,0.27035883,0.3106879
15.810000218451023,28.047905,0.2709652,0.30702558
15.820000447332859,28.051905,0.27116728,0.30702558
15.829999722540379,28.027905,0.27123466,0.30702558
15.839999951422215,27.995905,0.27123466,0.30824634
15.85000018030405,28.043905,0.27123466,0.30946714
15.860000409185886,28.155903,0.27123466,0.3106879
15.869999684393406,28.231903,0.27123466,0.3119087
15.879999913275242,28.247906,0.271302,0.3119087
15.890000142157078,28.255903,0.2713694,0.31312945
15.900000371038914,28.191902,0.2713694,0.31435025
15.909999646246433,28.079905,0.2713694,0.315571
15.91999987512827,28.015905,0.2713694,0.3167918
15.930000104010105,28.019903,0.27143678,0.3167918
15.940000332891941,28.043905,0.27143678,0.31801257
15.950000561773777,28.107904,0.27150413,0.31923336
15.960000790655613,28.219904,0.27163887,0.31923336
15.969999112188816,28.271902,0.27170625,0.32045412
15.979999341070652,28.263905,0.27170625,0.32045412
15.989999569952488,28.219904,0.27170625,0.32289568
15.999999798834324,28.147905,0.27177364,0.32289568
16.01000002771616,28.075903,0.271841,0.32411647
16.020000256597996,28.043905,0.27190834,0.32411647
16.03000048547983,28.099903,0.27197573,0.32533723
16.040000714361668,28.159904,0.27211046,0.32533723
16.050000943243504,28.235903,0.27224523,0.32533723
16.059999264776707,28.343904,0.27244732,0.32533723
16.069999493658543,28.403904,0.27278417,0.32411647
16.07999972254038,28.411903,0.27325577,0.32289568
16.089999951422215,28.459904,0.27399686,0.31801257
16.10000018030405,28.575903,0.2750074,0.3119087
16.110000409185886,28.739902,0.2764222,0.30336323
16.120000638067722,28.927902,0.27790433,0.2948178
16.13000086694956,29.1239,0.27891493,0.2887139
16.13999918848276,29.255901,0.27952126,0.28505158
16.149999417364597,29.3239,0.28019497,0.28261003
16.159999646246433,29.4639,0.28093603,0.27894768
16.16999987512827,29.651897,0.28181186,0.2728438
16.180000104010105,29.803898,0.28295714,0.2667399
16.19000033289194,29.955898,0.28396773,0.26063603
16.200000561773777,30.043898,0.28437194,0.25941524
16.210000790655613,29.999897,0.28437194,0.25941524
16.219999112188816,29.8919,0.28437194,0.2618568
16.229999341070652,29.883898,0.28437194,0.2618568
16.239999569952488,29.939898,0.28437194,0.2630776
16.249999798834324,29.991898,0.28437194,0.26429835
16.26000002771616,30.083897,0.28437194,0.26551914
16.270000256597996,30.127897,0.28437194,0.2667399
16.28000048547983,30.115896,0.28437194,0.2679607
16.290000714361668,30.047897,0.28437194,0.26918146
16.300000943243504,29.971899,0.28437194,0.27040225
16.309999264776707,29.899899,0.28437194,0.27162302
16.319999493658543,29.847898,0.28437194,0.2728438
16.32999972254038,29.899899,0.28437194,0.27406457
16.339999951422215,29.967897,0.28437194,0.27528536
16.35000018030405,30.0159,0.28437194,0.27650613
16.360000409185886,30.047897,0.28437194,0.27772692
16.370000638067722,30.063898,0.28437194,0.27894768
16.38000086694956,30.027899,0.28437194,0.27894768
16.38999918848276,29.9359,0.28437194,0.28138924
16.399999417364597,29.895899,0.28437194,0.28138924
16.409999646246433,29.851898,0.28437194,0.28261003
16.41999987512827,29.827898,0.28437194,0.2838308
16.430000104010105,29.867897,0.28437194,0.28505158
16.44000033289194,29.955898,0.28437194,0.28627235
16.450000561773777,30.0159,0.28437194,0.28749314
16.460000790655613,30.019897,0.28437194,0.2887139
16.469999112188816,30.003897,0.28437194,0.2899347
16.479999341070652,29.951899,0.28437194,0.29115546
16.489999569952488,29.867897,0.28437194,0.29237625
16.499999798834324,29.815899,0.28437194,0.293597
16.51000002771616,29.827898,0.28437194,0.2948178
16.520000256597996,29.851898,0.28437194,0.29603857
16.53000048547983,29.887897,0.28437194,0.29725936
16.540000714361668,29.963898,0.28437194,0.29848012
16.550000943243504,30.003897,0.28437194,0.29848012
16.559999264776707,29.991898,0.28437194,0.30092168
16.569999493658543,29.919897,0.28437194,0.30092168
16.57999972254038,29.863897,0.28437194,0.30336323
16.589999951422215,29.783897,0.28437194,0.30336323
16.60000018030405,29.747898,0.28437194,0.30458403
16.610000409185886,29.803898,0.28437194,0.3058048
16.620000638067722,29.871899,0.28437194,0.30702558
16.63000086694956,29.931898,0.28437194,0.30824634
16.63999918848276,29.959896,0.28437194,0.30946714
16.649999417364597,29.963898,0.28437194,0.3106879
16.659999646246433,29.907898,0.28437194,0.3119087
16.66999987512827,29.8119,0.28437194,0.31312945
16.680000104010105,29.775898,0.28437194,0.31435025
16.69000033289194,29.7599,0.28437194,0.315571
16.700000561773777,29.7599,0.28437194,0.3167918
16.710000790655613,29.819899,0.28437194,0.31801257
16.719999112188816,29.895899,0.28437194,0.31801257
16.729999341070652,29.907898,0.28437194,0.32045412
16.739999569952488,29.927898,0.28437194,0.32045412
16.749999798834324,29.8799,0.28437194,0.32289568
16.76000002771616,29.807898,0.28443933,0.32289568
16.770000256597996,29.7319,0.28443933,0.32411647
16.78000048547983,29.727898,0.28450668,0.32411647
16.790000714361668,29.7439,0.28450668,0.32655802
16.800000943243504,29.7999,0.28457406,0.32655802
16.809999264776707,29.8799,0.2847088,0.32655802
16.819999493658543,29.951899,0.28491092,0.32655802
16.82999972254038,29.9959,0.2851804,0.32655802
16.839999951422215,30.0159,0.2855846,0.32411647
16.85000018030405,30.055897,0.28605622,0.3216749
16.860000409185886,30.107899,0.28672993,0.31923336
16.870000638067722,30.171898,0.28767312,0.31312945
16.88000086694956,30.347895,0.28888577,0.30702558
16.88999918848276,30.591896,0.28996372,0.29970092
16.899999417364597,30.699894,0.2906374,0.29603857
16.909999646246433,30.763895,0.29083955,0.29603857
16.91999987512827,30.771896,0.29083955,0.29725936
16.930000104010105,30.771896,0.29083955,0.29848012
16.94000033289194,30.751896,0.29083955,0.29970092
16.950000561773777,30.783895,0.29083955,0.30092168
16.960000790655613,30.799894,0.29083955,0.30214247
16.969999112188816,30.803896,0.2909069,0.30214247
16.979999341070652,30.815895,0.2909743,0.30336323
16.989999569952488,30.851896,0.2909743,0.30458403
16.999999798834324,30.815895,0.2909743,0.3058048
17.01000002771616,30.771896,0.29104164,0.3058048
17.020000256597996,30.751896,0.29104164,0.30702558
17.03000048547983,30.751896,0.29117638,0.30702558
17.040000714361668,30.787895,0.29124376,0.30824634
17.050000943243504,30.823895,0.29137853,0.30824634
17.059999264776707,30.875895,0.29144585,0.30824634
17.069999493658543,30.887896,0.291648,0.30824634
17.07999972254038,30.911894,0.2918501,0.30824634
17.089999951422215,30.927896,0.2921196,0.30824634
17.10000018030405,30.999895,0.2925238,0.3058048
17.110000409185886,31.039894,0.29313013,0.30336323
17.120000638067722,31.135895,0.29387122,0.29848012
17.13000086694956,31.287893,0.29481444,0.2948178
17.13999918848276,31.419893,0.2956229,0.2887139
17.149999417364597,31.503893,0.2960271,0.28749314
17.159999646246433,31.527893,0.29609448,0.2887139
17.16999987512827,31.507893,0.29609448,0.2899347
17.180000104010105,31.463892,0.29609448,0.29115546
17.19000033289194,31.499893,0.29609448,0.29237625
17.200000561773777,31.519892,0.29609448,0.293597
17.210000790655613,31.563892,0.29609448,0.2948178
17.219999112188816,31.567894,0.29609448,0.2948178
17.229999341070652,31.599892,0.29616183,0.29603857
17.239999569952488,31.571892,0.29616183,0.29725936
17.249999798834324,31.495892,0.29616183,0.29848012
17.26000002771616,31.471893,0.29616183,0.29970092
17.270000256597996,31.459892,0.29616183,0.30092168
17.28000048547983,31.447893,0.29616183,0.30214247
17.290000714361668,31.487894,0.29616183,0.30336323
17.300000943243504,31.539892,0.29616183,0.30458403
17.309999264776707,31.567894,0.29616183,0.30458403
17.319999493658543,31.551891,0.29616183,0.30702558
17.32999972254038,31.53189,0.29616183,0.30702558
17.339999951422215,31.499893,0.29622918,0.30824634
17.35000018030405,31.435892,0.29622918,0.30946714
17.360000409185886,31.423893,0.29622918,0.3106879
17.370000638067722,31.431894,0.29622918,0.3119087
17.38000086694956,31.463892,0.29629657,0.31312945
17.38999918848276,31.479893,0.29629657,0.31312945
17.399999417364597,31.539892,0.29636395,0.31435025
17.409999646246433,31.551891,0.2964313,0.31435025
17.41999987512827,31.53189,0.2964313,0.315571
17.430000104010105,31.511894,0.2964987,0.3167918
17.44000033289194,31.467894,0.29656604,0.3167918
17.450000561773777,31.427893,0.29656604,0.31801257
17.460000790655613,31.431894,0.29670078,0.31923336
17.469999112188816,31.475891,0.29676816,0.31923336
17.479999341070652,31.535892,0.29683554,0.32045412
17.489999569952488,31.583893,0.29690292,0.32045412
17.499999798834324,31.607893,0.29697025,0.3216749
17.51000002771616,31.599892,0.29703763,0.32289568
17.520000256597996,31.559893,0.297105,0.32289568
17.53000048547983,31.53189,0.29723975,0.32289568
17.540000714361668,31.539892,0.2973745,0.32289568
17.550000943243504,31.559893,0.29750922,0.32411647
17.559999264776707,31.599892,0.29771137,0.32289568
17.569999493658543,31.699892,0.29811558,0.3216749
17.57999972254038,31.835892,0.2987219,0.31801257
17.589999951422215,31.95989,0.299463,0.315571
17.60000018030405,32.06789,0.30033883,0.3106879
17.610000409185886,32.211887,0.301282,0.30458403
17.620000638067722,32.30389,0.3022252,0.29848012
17.63000086694956,32.35189,0.30283153,0.29603857
17.63999918848276,32.35989,0.30289888,0.29725936
17.649999417364597,32.327892,0.30296627,0.29725936
17.659999646246433,32.33989,0.30296627,0.29848012
17.66999987512827,32.42389,0.30296627,0.29970092
17.680000104010105,32.53989,0.30296627,0.30092168
17.69000033289194,32.58789,0.30296627,0.30214247
17.700000561773777,32.57589,0.30296627,0.30336323
17.710000790655613,32.53989,0.30296627,0.30458403
17.719999112188816,32.45989,0.30296627,0.3058048
17.729999341070652,32.35989,0.30296627,0.30702558
17.739999569952488,32.31589,0.30296627,0.30824634
17.749999798834324,32.31989,0.30296627,0.30824634
17.76000002771616,32.383892,0.30296627,0.3106879
17.770000256597996,32.47189,0.30296627,0.3106879
17.78000048547983,32.53589,0.30296627,0.31312945
17.790000714361668,32.56789,0.30296627,0.31312945
17.800000943243504,32.49189,0.30296627,0.31435025
17.809999264776707,32.41989,0.30296627,0.315571
17.819999493658543,32.327892,0.30296627,0.3167918
17.82999972254038,32.27189,0.30296627,0.31801257
17.839999951422215,32.26789,0.30296627,0.31923336
17.85000018030405,32.35589,0.30296627,0.32045412
17.860000409185886,32.40789,0.30296627,0.3216749
17.870000638067722,32.467888,0.30296627,0.32289568
17.88000086694956,32.49989,0.30296627,0.32411647
17.88999918848276,32.483887,0.30296627,0.32533723
17.899999417364597,32.39989,0.30296627,0.32655802
17.909999646246433,32.32389,0.30303365,0.32655802
17.91999987512827,32.28389,0.30303365,0.3277788
17.930000104010105,32.24789,0.30303365,0.32899958
17.94000033289194,32.28789,0.30303365,0.33022034
17.950000561773777,32.37589,0.30303365,0.33144113
17.960000790655613,32.467888,0.30303365,0.3326619
17.969999112188816,32.46389,0.303101,0.3338827
17.979999341070652,32.467888,0.3031684,0.3338827
17.989999569952488,32.43989,0.30323577,0.3338827
17.999999798834324,32.34789,0.30323577,0.33632424
18.01000002771616,32.28389,0.30337048,0.33632424
18.020000256597996,32.30389,0.30350524,0.33632424
18.03000048547983,32.35589,0.30370736,0.33632424
18.040000714361668,32.41589,0.30390945,0.33632424
18.050000943243504,32.53989,0.30417892,0.33510345
18.059999264776707,32.65989,0.3045158,0.3338827
18.069999493658543,32.70789,0.30492002,0.3326619
18.07999972254038,32.73589,0.30539164,0.33022034
18.089999951422215,32.759888,0.30593058,0.3277788
18.10000018030405,32.803886,0.3066043,0.32411647
18.110000409185886,32.863888,0.30741274,0.31923336
18.120000638067722,33.047886,0.30842328,0.31435025
18.13000086694956,33.21589,0.30916438,0.30946714
18.13999918848276,33.35589,0.309636,0.30824634
18.149999417364597,33.41189,0.3097707,0.30824634
18.159999646246433,33.439884,0.30990547,0.30824634
18.16999987512827,33.407887,0.30997282,0.30824634
18.180000104010105,33.407887,0.3101076,0.30824634
18.19000033289194,33.435886,0.31030968,0.30824634
18.200000561773777,33.463886,0.3105118,0.30824634
18.210000790655613,33.491886,0.31078127,0.30824634
18.219999112188816,33.555885,0.31111813,0.30702558
18.229999341070652,33.64789,0.31158972,0.30458403
18.239999569952488,33.723885,0.3121287,0.30214247
18.249999798834324,33.795887,0.31266767,0.29970092
18.26000002771616,33.863884,0.3132066,0.29725936
18.270000256597996,33.927883,0.31361085,0.2948178
18.28000048547983,33.935886,0.31388035,0.2948178
18.290000714361668,33.967884,0.31394768,0.2948178
18.300000943243504,33.975883,0.31394768,0.29603857
18.309999264776707,33.983883,0.31394768,0.29725936
18.319999493658543,34.007885,0.31401506,0.29848012
18.32999972254038,34.059883,0.31401506,0.29970092
18.339999951422215,34.087883,0.31408244,0.29970092
18.35000018030405,34.055885,0.31408244,0.30092168
18.360000409185886,34.019882,0.31408244,0.30214247
18.370000638067722,33.991886,0.31408244,0.30336323
18.38000086694956,33.931885,0.31408244,0.30458403
18.38999918848276,33.915886,0.31408244,0.3058048
18.399999417364597,33.951885,0.31414983,0.30702558
18.409999646246433,33.987885,0.31414983,0.30702558
18.41999987512827,34.011883,0.31414983,0.30824634
18.430000104010105,34.043884,0.31414983,0.30946714
18.44000033289194,34.043884,0.31421718,0.3106879
18.450000561773777,33.987885,0.31421718,0.3119087
18.460000790655613,33.967884,0.31421718,0.31312945
18.469999112188816,33.947884,0.31421718,0.31435025
18.479999341070652,33.911884,0.31421718,0.315571
18.489999569952488,33.907883,0.31428456,0.315571
18.499999798834324,33.947884,0.31428456,0.3167918
18.51000002771616,34.007885,0.31435195,0.31801257
18.520000256597996,34.031883,0.3144193,0.31801257
18.53000048547983,34.055885,0.31448665,0.31923336
18.540000714361668,34.047886,0.31455404,0.32045412
18.550000943243504,33.995884,0.31462142,0.32045412
18.559999264776707,33.967884,0.31462142,0.3216749
18.569999493658543,33.951885,0.3146888,0.32289568
18.57999972254038,33.975883,0.31475616,0.32289568
18.589999951422215,33.979885,0.3148235,0.32411647
18.60000018030405,34.031883,0.31495827,0.32411647
18.610000409185886,34.091885,0.31502563,0.32411647
18.620000638067722,34.099884,0.3151604,0.32411647
18.63000086694956,34.107883,0.31522775,0.32533723
18.63999918848276,34.099884,0.31536248,0.32533723
18.649999417364597,34.059883,0.31542987,0.32655802
18.659999646246433,34.027885,0.31549725,0.32655802
18.66999987512827,34.051884,0.315632,0.3277788
18.680000104010105,34.119884,0.31576672,0.3277788
18.69000033289194,34.131886,0.31576672,0.32899958
18.700000561773777,34.179882,0.31590146,0.32899958
18.710000790655613,34.239883,0.31603622,0.32899958
18.719999112188816,34.243885,0.3163057,0.3277788
18.729999341070652,34.295883,0.3167099,0.32655802
18.739999569952488,34.359882,0.3173836,0.32411647
18.749999798834324,34.475883,0.31825942,0.31801257
18.76000002771616,34.595882,0.31920263,0.31312945
18.770000256597996,34.74388,0.32014582,0.30702558
18.78000048547983,34.93188,0.32102165,0.30336323
18.790000714361668,34.99988,0.32149324,0.30092168
18.800000943243504,35.04788,0.32169533,0.30092168
18.809999264776707,35.04388,0.32169533,0.30092168
18.819999493658543,35.05588,0.3218301,0.30214247
18.82999972254038,35.05988,0.32189745,0.30214247
18.839999951422215,35.123882,0.32189745,0.30336323
18.85000018030405,35.13588,0.32189745,0.30458403
18.860000409185886,35.143883,0.32189745,0.3058048
18.870000638067722,35.11588,0.32196483,0.30702558
18.88000086694956,35.11588,0.32196483,0.30824634
18.88999918848276,35.07188,0.32196483,0.30824634
18.899999417364597,35.04388,0.32203218,0.30946714
18.909999646246433,35.06388,0.32203218,0.3106879
18.91999987512827,35.07188,0.32203218,0.3119087
18.930000104010105,35.08788,0.32209957,0.31312945
18.94000033289194,35.12788,0.3222343,0.31312945
18.950000561773777,35.15588,0.3223017,0.31312945
18.960000790655613,35.15988,0.32243642,0.31312945
18.969999112188816,35.16388,0.32263854,0.31312945
18.979999341070652,35.19188,0.32297537,0.3119087
18.989999569952488,35.23588,0.32358173,0.30946714
18.999999798834324,35.32388,0.32418805,0.3058048
19.01000002771616,35.44388,0.32486176,0.30336323
19.020000256597996,35.54788,0.32540074,0.30092168
19.03000048547983,35.60788,0.3258723,0.29848012
19.040000714361668,35.695877,0.32634392,0.29603857
19.050000943243504,35.80388,0.32681552,0.293597
19.059999264776707,35.827877,0.32708502,0.293597
19.069999493658543,35.787876,0.32708502,0.2948178
19.07999972254038,35.807877,0.32708502,0.2948178
19.089999951422215,35.81588,0.32715237,0.29603857
19.10000018030405,35.819878,0.32715237,0.29725936
19.110000409185886,35.847878,0.32721972,0.29848012
19.120000638067722,35.883877,0.32721972,0.29848012
19.13000086694956,35.87988,0.32721972,0.29970092
19.13999918848276,35.855877,0.32721972,0.30092168
19.149999417364597,35.843876,0.32721972,0.30214247
19.159999646246433,35.819878,0.32721972,0.30336323
19.16999987512827,35.77988,0.32721972,0.30458403
19.180000104010105,35.767876,0.32721972,0.3058048
19.19000033289194,35.80388,0.32721972,0.30702558
19.200000561773777,35.819878,0.32721972,0.30824634
19.210000790655613,35.835876,0.3272871,0.30824634
19.219999112188816,35.847878,0.3273545,0.30946714
19.229999341070652,35.85188,0.3273545,0.3106879
19.239999569952488,35.80388,0.32742187,0.3119087
19.249999798834324,35.799877,0.32742187,0.31312945
19.26000002771616,35.771877,0.32748923,0.31312945
19.270000256597996,35.771877,0.32755658,0.31435025
19.28000048547983,35.80388,0.32755658,0.315571
19.290000714361668,35.839878,0.32755658,0.3167918
19.300000943243504,35.847878,0.32762396,0.3167918
19.309999264776707,35.85188,0.32769135,0.31801257
19.319999493658543,35.875877,0.3277587,0.31801257
19.32999972254038,35.875877,0.32782608,0.31923336
19.339999951422215,35.839878,0.32789347,0.31923336
19.35000018030405,35.82388,0.32796085,0.32045412
19.360000409185886,35.835876,0.32802817,0.32045412
19.370000638067722,35.83188,0.32816294,0.3216749
19.38000086694956,35.87188,0.32823032,0.32289568
19.38999918848276,35.91988,0.32823032,0.32289568
19.399999417364597,35.931877,0.32829767,0.32411647
19.409999646246433,35.911877,0.32829767,0.32533723
19.41999987512827,35.89988,0.32829767,0.32655802
19.430000104010105,35.903877,0.32829767,0.3277788
19.44000033289194,35.863876,0.32836506,0.3277788
19.450000561773777,35.867878,0.3284324,0.32899958
19.460000790655613,35.87988,0.3284324,0.33022034
19.469999112188816,35.883877,0.3284324,0.33144113
19.479999341070652,35.87988,0.3284324,0.3326619
19.489999569952488,35.91588,0.32849976,0.3326619
19.499999798834324,35.96388,0.32863453,0.3326619
19.51000002771616,35.927876,0.3287019,0.3338827
19.520000256597996,35.911877,0.32876927,0.3338827
19.53000048547983,35.91988,0.328904,0.3338827
19.540000714361668,35.93588,0.3291735,0.3338827
19.550000943243504,35.979877,0.32951036,0.3326619
19.559999264776707,36.099876,0.32998195,0.33022034
19.569999493658543,36.203876,0.33065563,0.3277788
19.57999972254038,36.335876,0.33139673,0.32411647
19.589999951422215,36.467876,0.33227253,0.31801257
19.60000018030405,36.611874,0.33308098,0.31435025
19.610000409185886,36.659874,0.33355257,0.3119087
19.620000638067722,36.627876,0.33355257,0.31312945
19.63000086694956,36.607876,0.33355257,0.31435025
19.63999918848276,36.603874,0.33361995,0.31435025
19.649999417364597,36.627876,0.33361995,0.315571
19.659999646246433,36.731876,0.33361995,0.3167918
19.66999987512827,36.791874,0.33361995,0.31801257
19.680000104010105,36.783875,0.33361995,0.31923336
19.69000033289194,36.739876,0.33361995,0.32045412
19.700000561773777,36.703873,0.33361995,0.3216749
19.710000790655613,36.627876,0.33361995,0.32289568
19.719999112188816,36.567875,0.33361995,0.32411647
19.729999341070652,36.559875,0.33361995,0.32533723
19.739999569952488,36.611874,0.33361995,0.32655802
19.749999798834324,36.639874,0.33368734,0.32655802
19.76000002771616,36.711876,0.33375472,0.3277788
19.770000256597996,36.779873,0.33375472,0.32899958
19.78000048547983,36.763874,0.33382207,0.32899958
19.790000714361668,36.691875,0.33382207,0.33022034
19.800000943243504,36.627876,0.33388945,0.33144113
19.809999264776707,36.595875,0.3339568,0.3326619
19.819999493658543,36.567875,0.3339568,0.3326619
19.82999972254038,36.615875,0.3340242,0.3338827
19.839999951422215,36.691875,0.33409154,0.3338827
19.85000018030405,36.747875,0.3342263,0.33510345
19.860000409185886,36.791874,0.33436102,0.33510345
19.870000638067722,36.819874,0.3344284,0.33632424
19.88000086694956,36.803875,0.33449578,0.33632424
19.88999918848276,36.731876,0.33463052,0.33632424
19.899999417364597,36.695877,0.3347653,0.33632424
19.909999646246433,36.731876,0.33496737,0.33632424
19.91999987512827,36.759872,0.3351695,0.33632424
19.930000104010105,36.843876,0.33550635,0.33510345
19.94000033289194,36.967876,0.3358432,0.3338827
19.950000561773777,37.091873,0.3363148,0.33144113
19.960000790655613,37.195873,0.33705586,0.3277788
19.969999112188816,37.315872,0.3379317,0.32289568
19.979999341070652,37.411873,0.33887488,0.31801257
19.989999569952488,37.45587,0.33961597,0.31435025
19.999999798834324,37.467873,0.33988544,0.31312945
20.01000002771616,37.479874,0.3399528,0.31312945
20.020000256597996,37.479874,0.3399528,0.31435025
20.03000048547983,37.551872,0.3399528,0.315571
20.040000714361668,37.65987,0.3399528,0.3167918
20.050000943243504,37.72787,0.3399528,0.31801257
20.059999264776707,37.723873,0.3399528,0.31923336
20.069999493658543,37.695873,0.3399528,0.32045412
20.07999972254038,37.61587,0.3399528,0.3216749
20.089999951422215,37.515873,0.3399528,0.32289568
20.10000018030405,37.44387,0.3399528,0.32411647
20.110000409185886,37.459873,0.34002018,0.32411647
20.120000638067722,37.515873,0.34002018,0.32533723
20.13000086694956,37.57587,0.34002018,0.32655802
20.13999918848276,37.667873,0.34002018,0.3277788
20.149999417364597,37.707874,0.34002018,0.32899958
20.159999646246433,37.655872,0.34002018,0.33022034
20.16999987512827,37.571873,0.34002018,0.33144113
20.180000104010105,37.49987,0.34002018,0.3326619
20.19000033289194,37.423874,0.34002018,0.3338827
20.200000561773777,37.411873,0.34008756,0.3338827
20.210000790655613,37.46387,0.34008756,0.33632424
20.219999112188816,37.563873,0.34015495,0.33632424
20.229999341070652,37.63187,0.3402223,0.337545
20.239999569952488,37.69187,0.34042442,0.33632424
20.249999798834324,37.72787,0.34062654,0.33632424
20.26000002771616,37.69987,0.34082863,0.33632424
20.270000256597996,37.62387,0.34103075,0.33632424
20.28000048547983,37.59587,0.34123284,0.33632424
20.290000714361668,37.583874,0.3413676,0.33632424
20.300000943243504,37.63587,0.34163707,0.33510345
20.309999264776707,37.78387,0.34217605,0.3326619
20.319999493658543,37.99187,0.3429171,0.32899958
20.32999972254038,38.219868,0.34386033,0.32411647
20.339999951422215,38.407867,0.3450056,0.3167918
20.35000018030405,38.57587,0.34628564,0.30824634
20.360000409185886,38.63187,0.34716147,0.30458403
20.370000638067722,38.55187,0.34749836,0.30336323
20.38000086694956,38.511868,0.34763306,0.30336323
20.38999918848276,38.51987,0.34776783,0.30336323
20.399999417364597,38.59587,0.3478352,0.30458403
20.409999646246433,38.775867,0.34790257,0.30458403
20.41999987512827,38.943867,0.3481047,0.30458403
20.430000104010105,39.051865,0.3483068,0.30458403
20.44000033289194,39.027866,0.3485089,0.30458403
20.450000561773777,38.955868,0.348711,0.30336323
20.460000790655613,38.84387,0.3489805,0.30336323
20.469999112188816,38.743866,0.34931734,0.30214247
20.479999341070652,38.75987,0.34972155,0.30092168
20.489999569952488,38.91187,0.35019317,0.29848012
20.499999798834324,39.123867,0.3507995,0.2948178
20.51000002771616,39.379868,0.3515406,0.29115546
20.520000256597996,39.57987,0.35221428,0.28749314
20.53000048547983,39.651867,0.35255116,0.28627235
20.540000714361668,39.563866,0.35261852,0.28749314
20.550000943243504,39.379868,0.35268587,0.2887139
20.559999264776707,39.311867,0.35268587,0.2887139
20.569999493658543,39.263866,0.35268587,0.2899347
20.57999972254038,39.303864,0.35268587,0.29115546
20.589999951422215,39.43987,0.35268587,0.29237625
20.60000018030405,39.567863,0.35268587,0.293597
20.610000409185886,39.647865,0.35268587,0.2948178
20.620000638067722,39.667862,0.35268587,0.29603857
20.63000086694956,39.57987,0.35268587,0.29725936
20.63999918848276,39.415863,0.35268587,0.29848012
20.649999417364597,39.275864,0.35268587,0.29970092
20.659999646246433,39.223866,0.35268587,0.30092168
20.66999987512827,39.255863,0.35268587,0.30092168
20.680000104010105,39.343864,0.35268587,0.30336323
20.69000033289194,39.48786,0.35268587,0.30336323
20.700000561773777,39.591866,0.35268587,0.30458403
20.710000790655613,39.603867,0.35268587,0.3058048
20.719999112188816,39.535866,0.35268587,0.30702558
20.729999341070652,39.407864,0.35268587,0.30824634
20.739999569952488,39.267868,0.35268587,0.30946714
20.749999798834324,39.18387,0.35275325,0.3106879
20.76000002771616,39.203865,0.35275325,0.3119087
20.770000256597996,39.291866,0.35275325,0.31312945
20.78000048547983,39.431866,0.35282063,0.31312945
20.790000714361668,39.551865,0.352888,0.31435025
20.800000943243504,39.603867,0.352888,0.315571
20.809999264776707,39.535866,0.352888,0.3167918
20.819999493658543,39.395863,0.352888,0.31801257
20.82999972254038,39.271866,0.352888,0.31801257
20.839999951422215,39.203865,0.352888,0.32045412
20.85000018030405,39.18387,0.352888,0.32045412
20.860000409185886,39.275864,0.352888,0.3216749
20.870000638067722,39.391865,0.35295537,0.32289568
20.88000086694956,39.515865,0.3530901,0.32289568
20.88999918848276,39.583866,0.35322484,0.32289568
20.899999417364597,39.571865,0.35329223,0.32411647
20.909999646246433,39.463867,0.3533596,0.32411647
20.91999987512827,39.32787,0.35349432,0.32411647
20.930000104010105,39.271866,0.3535617,0.32533723
20.94000033289194,39.263866,0.35362908,0.32655802
20.950000561773777,39.30787,0.35376382,0.32655802
20.960000790655613,39.443867,0.35389856,0.32655802
20.969999112188816,39.647865,0.35416806,0.32655802
20.979999341070652,39.763866,0.35463965,0.32411647
20.989999569952488,39.811867,0.35511124,0.3216749
20.999999798834324,39.863865,0.35578495,0.31801257
21.01000002771616,39.899864,0.35672814,0.31312945
21.020000256597996,39.955864,0.35787344,0.30702558
21.03000048547983,40.087864,0.3589514,0.30092168
21.040000714361668,40.247864,0.35949033,0.29725936
21.050000943243504,40.32786,0.35969245,0.29725936
21.059999264776707,40.415863,0.35969245,0.29848012
21.069999493658543,40.50386,0.35969245,0.29848012
21.07999972254038,40.583862,0.35975984,0.29970092
21.089999951422215,40.559864,0.35975984,0.30092168
21.10000018030405,40.519863,0.35975984,0.30214247
21.110000409185886,40.45986,0.3598272,0.30336323
21.120000638067722,40.355865,0.35989454,0.30336323
21.13000086694956,40.331863,0.35996193,0.30458403
21.13999918848276,40.35186,0.35996193,0.3058048
21.149999417364597,40.415863,0.35996193,0.30702558
21.159999646246433,40.455864,0.3600293,0.30702558
21.16999987512827,40.547863,0.3600293,0.30824634
21.180000104010105,40.57586,0.36009666,0.30946714
21.19000033289194,40.53186,0.36016405,0.30946714
21.200000561773777,40.487865,0.36029878,0.3106879
21.210000790655613,40.423862,0.36036614,0.3106879
21.219999112188816,40.36386,0.36043352,0.3119087
21.229999341070652,40.355865,0.3605009,0.3119087
21.239999569952488,40.451862,0.36063564,0.3119087
21.249999798834324,40.56386,0.36083773,0.31312945
21.26000002771616,40.639862,0.36110723,0.3106879
21.270000256597996,40.71586,0.3614441,0.3106879
21.28000048547983,40.79586,0.36191568,0.30824634
21.290000714361668,40.81586,0.362522,0.3058048
21.300000943243504,40.87586,0.36326307,0.30092168
21.309999264776707,40.991863,0.3641389,0.29725936
21.319999493658543,41.079857,0.3648126,0.29237625
21.32999972254038,41.111862,0.3650821,0.29237625
21.339999951422215,41.151863,0.3650821,0.293597
21.35000018030405,41.20786,0.3650821,0.2948178
21.360000409185886,41.28386,0.3650821,0.2948178
21.370000638067722,41.31586,0.3650821,0.29725936
21.38000086694956,41.331856,0.3650821,0.29725936
21.38999918848276,41.29186,0.3650821,0.29848012
21.399999417364597,41.22386,0.3650821,0.29970092
21.409999646246433,41.16386,0.36514947,0.30092168
21.41999987512827,41.147858,0.36514947,0.30214247
21.430000104010105,41.12386,0.36514947,0.30336323
21.44000033289194,41.15986,0.36514947,0.30458403
21.450000561773777,41.219856,0.36514947,0.30458403
21.460000790655613,41.25186,0.36514947,0.30702558
21.469999112188816,41.27586,0.36514947,0.30702558
21.479999341070652,41.263863,0.36514947,0.30824634
21.489999569952488,41.21586,0.36521685,0.30946714
21.499999798834324,41.127857,0.36521685,0.3106879
21.51000002771616,41.09586,0.36521685,0.3119087
21.520000256597996,41.119858,0.36528423,0.31312945
21.53000048547983,41.15986,0.36528423,0.31312945
21.540000714361668,41.18786,0.3653516,0.31435025
21.550000943243504,41.243862,0.3653516,0.315571
21.559999264776707,41.263863,0.3653516,0.3167918
21.569999493658543,41.22386,0.36541894,0.3167918
21.57999972254038,41.21586,0.36548632,0.31801257
21.589999951422215,41.18786,0.3655537,0.31801257
21.60000018030405,41.16386,0.36568844,0.31923336
21.610000409185886,41.151863,0.36575583,0.31923336
21.620000638067722,41.17986,0.36582318,0.32045412
21.63000086694956,41.22786,0.36589053,0.32045412
21.63999918848276,41.263863,0.36595792,0.3216749
21.649999417364597,41.29986,0.36609268,0.3216749
21.659999646246433,41.34386,0.3662274,0.3216749
21.66999987512827,41.331856,0.3664295,0.3216749
21.680000104010105,41.30386,0.36663166,0.3216749
21.69000033289194,41.31586,0.36690113,0.3216749
21.700000561773777,41.33986,0.3671706,0.32045412
21.710000790655613,41.40786,0.3676422,0.31801257
21.719999112188816,41.53586,0.36818117,0.315571
21.729999341070652,41.683857,0.36885485,0.31312945
21.739999569952488,41.823856,0.3694612,0.30824634
21.749999798834324,41.95186,0.3701349,0.3058048
21.76000002771616,42.051857,0.37074125,0.30336323
21.770000256597996,42.075855,0.3710781,0.30092168
21.78000048547983,42.01986,0.37128022,0.30092168
21.790000714361668,42.003857,0.37134758,0.30214247
21.800000943243504,42.011856,0.37134758,0.30336323
21.809999264776707,42.06786,0.37134758,0.30336323
21.819999493658543,42.127853,0.37141496,0.30458403
21.82999972254038,42.207855,0.37141496,0.3058048
21.839999951422215,42.211857,0.37141496,0.30702558
21.85000018030405,42.175854,0.37141496,0.30824634
21.860000409185886,42.127853,0.37141496,0.30946714
21.870000638067722,42.055855,0.37141496,0.3106879
21.88000086694956,41.995853,0.3714823,0.3106879
21.88999918848276,41.991856,0.3714823,0.3119087
21.899999417364597,42.015854,0.3714823,0.31312945
21.909999646246433,42.079857,0.3715497,0.31435025
21.91999987512827,42.151855,0.3715497,0.315571
21.930000104010105,42.19986,0.37161708,0.315571
21.94000033289194,42.163857,0.37161708,0.3167918
21.950000561773777,42.083855,0.37168446,0.31801257
21.960000790655613,42.059856,0.37181917,0.31801257
21.969999112188816,42.043858,0.37195393,0.31801257
21.979999341070652,42.035854,0.3720213,0.31923336
21.989999569952488,42.087852,0.37208867,0.31923336
21.999999798834324,42.143856,0.37215605,0.32045412
22.01000002771616,42.19986,0.3722234,0.32045412
22.020000256597996,42.207855,0.37235814,0.32045412
22.03000048547983,42.239857,0.37242553,0.3216749
22.040000714361668,42.239857,0.37242553,0.32289568
22.050000943243504,42.167854,0.37242553,0.32411647
22.059999264776707,42.123856,0.37249288,0.32411647
22.069999493658543,42.103855,0.37249288,0.32655802
22.07999972254038,42.11186,0.37262762,0.32655802
22.089999951422215,42.15986,0.37276235,0.32655802
22.10000018030405,42.283855,0.3729645,0.32655802
22.110000409185886,42.363857,0.37323397,0.32533723
22.120000638067722,42.407856,0.37370557,0.32289568
22.13000086694956,42.47186,0.37424454,0.32045412
22.13999918848276,42.531857,0.3747835,0.31801257
22.149999417364597,42.555855,0.37532246,0.315571
22.159999646246433,42.623856,0.37592882,0.31312945
22.16999987512827,42.735855,0.3766025,0.30946714
22.180000104010105,42.867855,0.37734357,0.30458403
22.19000033289194,43.023853,0.37788254,0.30336323
22.200000561773777,43.139854,0.37828678,0.30092168
22.210000790655613,43.20385,0.37842152,0.30092168
22.219999112188816,43.183853,0.37855625,0.30092168
22.229999341070652,43.171852,0.378691,0.30092168
22.239999569952488,43.159855,0.37875837,0.30214247
22.249999798834324,43.13185,0.37882575,0.30336323
22.26000002771616,43.127853,0.37882575,0.30458403
22.270000256597996,43.179855,0.37882575,0.30458403
22.28000048547983,43.219852,0.37882575,0.30702558
22.290000714361668,43.22385,0.37882575,0.30702558
22.300000943243504,43.219852,0.37882575,0.30824634
22.309999264776707,43.199852,0.3788931,0.30946714
22.319999493658543,43.179855,0.3789605,0.3106879
22.32999972254038,43.135857,0.37902784,0.3106879
22.339999951422215,43.135857,0.37902784,0.3119087
22.35000018030405,43.147854,0.37909523,0.31312945
22.360000409185886,43.147854,0.37916258,0.31312945
22.370000638067722,43.207855,0.37929735,0.31312945
22.38000086694956,43.29585,0.37949944,0.31312945
22.38999918848276,43.319855,0.37976894,0.31312945
22.399999417364597,43.351852,0.3801058,0.3106879
22.409999646246433,43.42385,0.3805774,0.30946714
22.41999987512827,43.459854,0.38111633,0.30702558
22.430000104010105,43.511852,0.3816553,0.30458403
22.44000033289194,43.60785,0.38226166,0.30092168
22.450000561773777,43.72385,0.38286796,0.29848012
22.460000790655613,43.843853,0.38340694,0.2948178
22.469999112188816,43.92785,0.3837438,0.2948178
22.479999341070652,43.97985,0.38387856,0.2948178
22.489999569952488,43.98785,0.38387856,0.29603857
22.499999798834324,43.955853,0.3839459,0.29603857
22.51000002771616,43.971848,0.3840133,0.29725936
22.520000256597996,43.98785,0.3840133,0.29848012
22.53000048547983,43.955853,0.3840133,0.29970092
22.540000714361668,43.95985,0.3840133,0.30092168
22.550000943243504,43.97585,0.3840133,0.30214247
22.559999264776707,43.95985,0.3840133,0.30336323
22.569999493658543,43.95985,0.3840133,0.30458403
22.57999972254038,43.97585,0.3840133,0.30458403
22.589999951422215,43.963852,0.3840133,0.3058048
22.60000018030405,43.911854,0.3840133,0.30702558
22.610000409185886,43.92385,0.38408065,0.30824634
22.620000638067722,43.92785,0.38408065,0.30946714
22.63000086694956,43.90785,0.38408065,0.3106879
22.63999918848276,43.91985,0.38408065,0.3119087
22.649999417364597,43.94385,0.38408065,0.31312945
22.659999646246433,43.935852,0.38408065,0.31435025
22.66999987512827,43.90785,0.38408065,0.31435025
22.680000104010105,43.90785,0.38408065,0.3167918
22.69000033289194,43.89985,0.38408065,0.3167918
22.700000561773777,43.87985,0.38414803,0.31801257
22.710000790655613,43.87985,0.38414803,0.31923336
22.719999112188816,43.90385,0.38414803,0.32045412
22.729999341070652,43.89985,0.38421538,0.32045412
22.739999569952488,43.91985,0.38435015,0.3216749
22.749999798834324,43.935852,0.3844175,0.3216749
22.76000002771616,43.94785,0.3844849,0.32289568
22.770000256597996,43.935852,0.38468698,0.32289568
22.78000048547983,43.94385,0.38475436,0.32289568
22.790000714361668,43.971848,0.38488913,0.32289568
22.800000943243504,43.971848,0.38502383,0.32289568
22.809999264776707,43.991848,0.3851586,0.32411647
22.819999493658543,44.03985,0.38529333,0.32411647
22.82999972254038,44.07985,0.3855628,0.32289568
22.839999951422215,44.13585,0.38596705,0.3216749
22.85000018030405,44.21585,0.38643864,0.31923336
22.860000409185886,44.33585,0.387045,0.3167918
22.870000638067722,44.41985,0.38778606,0.31312945
22.88000086694956,44.54785,0.3885945,0.30824634
22.88999918848276,44.73185,0.3895377,0.30336323
22.899999417364597,44.859848,0.39041352,0.29848012
22.909999646246433,44.951847,0.39088508,0.29603857
22.91999987512827,44.999847,0.3911546,0.2948178
22.930000104010105,45.019848,0.39122197,0.29603857
22.94000033289194,45.019848,0.39128935,0.29603857
22.950000561773777,45.07185,0.39135668,0.29725936
22.960000790655613,45.115845,0.39135668,0.29848012
22.969999112188816,45.115845,0.39135668,0.29848012
22.979999341070652,45.075848,0.39135668,0.30092168
22.989999569952488,45.07185,0.39135668,0.30092168
22.999999798834324,45.043846,0.39135668,0.30336323
23.01000002771616,45.007847,0.39135668,0.30336323
23.020000256597996,44.999847,0.39135668,0.30458403
23.03000048547983,45.007847,0.39135668,0.3058048
23.040000714361668,45.007847,0.39135668,0.30702558
23.050000943243504,45.027843,0.39135668,0.30824634
23.059999264776707,45.079845,0.39142406,0.30946714
23.069999493658543,45.063847,0.39142406,0.3106879
23.07999972254038,45.01185,0.39142406,0.3119087
23.089999951422215,45.019848,0.39142406,0.31312945
23.10000018030405,44.98385,0.39142406,0.31435025
23.110000409185886,44.95985,0.39142406,0.31435025
23.120000638067722,44.95985,0.39142406,0.3167918
23.13000086694956,44.975845,0.39142406,0.3167918
23.13999918848276,45.003845,0.39142406,0.31801257
23.149999417364597,44.991848,0.39149144,0.31923336
23.159999646246433,45.007847,0.39149144,0.32045412
23.16999987512827,44.999847,0.39149144,0.3216749
23.180000104010105,44.975845,0.39149144,0.32289568
23.19000033289194,44.955845,0.39149144,0.32411647
23.200000561773777,44.93985,0.39155883,0.32411647
23.210000790655613,44.951847,0.39169356,0.32411647
23.219999112188816,44.971848,0.3918283,0.32411647
23.229999341070652,45.039845,0.39196303,0.32533723
23.239999569952488,45.083847,0.3920978,0.32533723
23.249999798834324,45.095844,0.3922999,0.32533723
23.26000002771616,45.14385,0.3925694,0.32411647
23.270000256597996,45.227844,0.39304096,0.32289568
23.28000048547983,45.275845,0.3936473,0.31923336
23.290000714361668,45.371845,0.394321,0.3167918
23.300000943243504,45.515846,0.39512944,0.3119087
23.309999264776707,45.667847,0.39607266,0.30702558
23.319999493658543,45.799843,0.39674637,0.30336323
23.32999972254038,45.887844,0.39701584,0.30214247
23.339999951422215,45.89184,0.39708322,0.30214247
23.35000018030405,45.867844,0.39708322,0.30336323
23.360000409185886,45.863842,0.39708322,0.30458403
23.370000638067722,45.899845,0.39708322,0.3058048
23.38000086694956,45.919846,0.39708322,0.30702558
23.38999918848276,45.91584,0.39708322,0.30824634
23.399999417364597,45.927845,0.39708322,0.30946714
23.409999646246433,45.923843,0.39708322,0.3106879
23.41999987512827,45.887844,0.39708322,0.3119087
23.430000104010105,45.851845,0.39708322,0.31312945
23.44000033289194,45.851845,0.39708322,0.31435025
23.450000561773777,45.827847,0.39708322,0.31435025
23.460000790655613,45.811844,0.39708322,0.3167918
23.469999112188816,45.867844,0.39708322,0.3167918
23.479999341070652,45.887844,0.39708322,0.31801257
23.489999569952488,45.875843,0.39715058,0.31923336
23.499999798834324,45.863842,0.39721796,0.32045412
23.51000002771616,45.859844,0.3972853,0.32045412
23.520000256597996,45.839844,0.3972853,0.3216749
23.53000048547983,45.82384,0.3973527,0.32289568
23.540000714361668,45.835846,0.3973527,0.32289568
23.550000943243504,45.831844,0.39742005,0.32411647
23.559999264776707,45.855843,0.39748743,0.32411647
23.569999493658543,45.883842,0.3975548,0.32533723
23.57999972254038,45.91584,0.3976222,0.32655802
23.589999951422215,45.927845,0.3976222,0.3277788
23.60000018030405,45.899845,0.39768952,0.3277788
23.610000409185886,45.899845,0.3978243,0.3277788
23.620000638067722,45.887844,0.39795902,0.3277788
23.63000086694956,45.887844,0.3980938,0.32899958
23.63999918848276,45.947845,0.39829588,0.3277788
23.649999417364597,45.98384,0.398498,0.3277788
23.659999646246433,46.043842,0.39876747,0.3277788
23.66999987512827,46.103844,0.39903694,0.32655802
23.680000104010105,46.199844,0.39950857,0.32411647
23.69000033289194,46.279846,0.4001149,0.32289568
23.700000561773777,46.379845,0.40085596,0.31801257
23.710000790655613,46.515842,0.4016644,0.31435025
23.719999112188816,46.61984,0.4024055,0.30946714
23.729999341070652,46.66384,0.4028097,0.30824634
23.739999569952488,46.68784,0.4028771,0.30824634
23.749999798834324,46.72784,0.4028771,0.30946714
23.76000002771616,46.72784,0.4028771,0.3106879
23.770000256597996,46.77584,0.4028771,0.3119087
23.78000048547983,46.81184,0.40294448,0.31312945
23.790000714361668,46.807842,0.40301183,0.31312945
23.800000943243504,46.78784,0.40301183,0.31435025
23.809999264776707,46.77184,0.40301183,0.315571
23.819999493658543,46.75184,0.40301183,0.3167918
23.82999972254038,46.69984,0.4030792,0.3167918
23.839999951422215,46.67184,0.4030792,0.31801257
23.85000018030405,46.695843,0.4031466,0.31923336
23.860000409185886,46.75984,0.40321395,0.32045412
23.870000638067722,46.79184,0.4032813,0.32045412
23.88000086694956,46.81584,0.40334868,0.3216749
23.88999918848276,46.803844,0.40334868,0.32289568
23.899999417364597,46.77584,0.40334868,0.32411647
23.909999646246433,46.73584,0.40341607,0.32411647
23.91999987512827,46.71984,0.40348345,0.32533723
23.930000104010105,46.71984,0.40348345,0.32655802
23.94000033289194,46.73584,0.4035508,0.32655802
23.950000561773777,46.75984,0.4036182,0.3277788
23.960000790655613,46.807842,0.40368554,0.3277788
23.969999112188816,46.81984,0.40382028,0.3277788
23.979999341070652,46.851837,0.40395504,0.3277788
23.989999569952488,46.85984,0.40402243,0.32899958
23.999999798834324,46.84784,0.40415713,0.32899958
24.01000002771616,46.81984,0.40435925,0.32899958
24.020000256597996,46.855843,0.40462872,0.3277788
24.03000048547983,46.93584,0.40503296,0.32655802
24.040000714361668,47.01984,0.40550455,0.32533723
24.050000943243504,47.15584,0.40597615,0.32289568
24.059999264776707,47.28784,0.4065825,0.32045412
24.069999493658543,47.38784,0.40732357,0.3167918
24.07999972254038,47.511837,0.4081994,0.3106879
24.089999951422215,47.63184,0.40887308,0.30702558
24.10000018030405,47.65984,0.40914258,0.30702558
24.110000409185886,47.623837,0.40920994,0.30702558
24.120000638067722,47.623837,0.40920994,0.30824634
24.13000086694956,47.655838,0.40920994,0.30946714
24.13999918848276,47.707836,0.40920994,0.3106879
24.149999417364597,47.755836,0.40927732,0.3106879
24.159999646246433,47.815838,0.40927732,0.31312945
24.16999987512827,47.807835,0.40927732,0.31312945
24.180000104010105,47.735836,0.40934467,0.31435025
24.19000033289194,47.683838,0.40934467,0.315571
24.200000561773777,47.627834,0.40934467,0.3167918
24.210000790655613,47.59984,0.40934467,0.31801257
24.219999112188816,47.603836,0.40934467,0.31923336
24.229999341070652,47.65984,0.40941206,0.31923336
24.239999569952488,47.70384,0.40941206,0.32045412
24.249999798834324,47.75184,0.40947944,0.3216749
24.26000002771616,47.76384,0.40947944,0.32289568
24.270000256597996,47.74384,0.40961415,0.32289568
24.28000048547983,47.67984,0.4097489,0.32289568
24.290000714361668,47.63984,0.4097489,0.32411647
24.300000943243504,47.63184,0.4098163,0.32411647
24.309999264776707,47.61984,0.40988365,0.32533723
24.319999493658543,47.67184,0.40995103,0.32655802
24.32999972254038,47.755836,0.41001838,0.32655802
24.339999951422215,47.823837,0.4102205,0.32655802
24.35000018030405,47.867836,0.41048998,0.32655802
24.360000409185886,47.919834,0.41089422,0.32411647
24.370000638067722,47.979836,0.4114332,0.3216749
24.38000086694956,48.047836,0.412309,0.3167918
24.38999918848276,48.19584,0.4134543,0.3106879
24.399999417364597,48.451836,0.41493645,0.30092168
24.409999646246433,48.727837,0.41635126,0.293597
24.41999987512827,48.923832,0.41722706,0.28749314
24.430000104010105,49.08383,0.41796815,0.2838308
24.44000033289194,49.23983,0.41870922,0.28016847
24.450000561773777,49.34783,0.41965243,0.27528536
24.460000790655613,49.563835,0.4207977,0.2679607
24.469999112188816,49.795834,0.42187566,0.2618568
24.479999341070652,49.87983,0.4224146,0.25819448
24.489999569952488,49.87583,0.42248198,0.25941524
24.499999798834324,49.83583,0.42248198,0.26063603
24.51000002771616,49.85183,0.42248198,0.2618568
24.520000256597996,49.84783,0.42248198,0.2630776
24.53000048547983,49.92383,0.42248198,0.2630776
24.540000714361668,49.95983,0.42248198,0.26551914
24.550000943243504,49.95983,0.42248198,0.26551914
24.559999264776707,49.93183,0.42248198,0.2679607
24.569999493658543,49.89983,0.42248198,0.2679607
24.57999972254038,49.84383,0.42248198,0.26918146
24.589999951422215,49.76383,0.42248198,0.27040225
24.60000018030405,49.77183,0.42248198,0.27162302
24.610000409185886,49.78383,0.42248198,0.2728438
24.620000638067722,49.82383,0.42248198,0.27406457
24.63000086694956,49.86383,0.42248198,0.27528536
24.63999918848276,49.89583,0.42248198,0.27650613
24.649999417364597,49.84783,0.42248198,0.27772692
24.659999646246433,49.795834,0.42248198,0.27894768
24.66999987512827,49.77183,0.42248198,0.28016847
24.680000104010105,49.73183,0.42248198,0.28138924
24.69000033289194,49.68783,0.42248198,0.28261003
24.700000561773777,49.69983,0.42248198,0.28261003
24.710000790655613,49.73983,0.42248198,0.28505158
24.719999112188816,49.77183,0.42248198,0.28505158
24.729999341070652,49.795834,0.42248198,0.28749314
24.739999569952488,49.815834,0.42248198,0.28749314
24.749999798834324,49.775833,0.42248198,0.2887139
24.76000002771616,49.69183,0.42248198,0.2899347
24.770000256597996,49.655834,0.42248198,0.29115546
24.78000048547983,49.63983,0.42248198,0.29237625
24.790000714361668,49.64783,0.42248198,0.293597
24.800000943243504,49.679832,0.42248198,0.2948178
24.809999264776707,49.747833,0.42248198,0.29603857
24.819999493658543,49.743828,0.42248198,0.29725936
24.82999972254038,49.71983,0.42248198,0.29848012
24.839999951422215,49.71983,0.42248198,0.29970092
24.85000018030405,49.68383,0.42248198,0.30092168
24.860000409185886,49.60783,0.42248198,0.30214247
24.870000638067722,49.57983,0.42254937,0.30214247
24.88000086694956,49.59983,0.42254937,0.30336323
24.88999918848276,49.62383,0.42254937,0.30458403
24.899999417364597,49.64783,0.42254937,0.3058048
24.909999646246433,49.707832,0.42254937,0.30702558
24.91999987512827,49.69983,0.42254937,0.30824634
24.930000104010105,49.64783,0.42261672,0.30824634
24.94000033289194,49.61983,0.42261672,0.3106879
24.950000561773777,49.58383,0.42261672,0.3106879
24.960000790655613,49.563835,0.4226841,0.3119087
24.969999112188816,49.55183,0.4226841,0.31312945
24.979999341070652,49.595833,0.4226841,0.31435025
24.989999569952488,49.62783,0.4226841,0.315571
24.999999798834324,49.63983,0.42275146,0.3167918
25.01000002771616,49.66783,0.42275146,0.3167918
25.020000256597996,49.65183,0.42281884,0.31801257
25.03000048547983,49.62383,0.4228862,0.31801257
25.040000714361668,49.603832,0.42295358,0.31923336
25.050000943243504,49.603832,0.4231557,0.31923336
25.059999264776707,49.635834,0.4233578,0.31923336
25.069999493658543,49.707832,0.42376202,0.3167918
25.07999972254038,49.84783,0.424301,0.31435025
25.089999951422215,50.015827,0.42504206,0.3106879
25.10000018030405,50.21183,0.42618737,0.30458403
25.110000409185886,50.43183,0.4275348,0.29603857
25.120000638067722,50.619827,0.42854536,0.2899347
25.13000086694956,50.667828,0.42894956,0.2887139
25.13999918848276,50.611828,0.42894956,0.2887139
25.149999417364597,50.57183,0.42894956,0.29115546
25.159999646246433,50.61583,0.42894956,0.29115546
25.16999987512827,50.659824,0.42894956,0.293597
25.180000104010105,50.771824,0.42894956,0.293597
25.19000033289194,50.859825,0.42894956,0.2948178
25.200000561773777,50.851826,0.42894956,0.29603857
25.210000790655613,50.76383,0.42894956,0.29725936
25.219999112188816,50.68383,0.42894956,0.29848012
25.229999341070652,50.583828,0.42901695,0.29970092
25.239999569952488,50.50383,0.42901695,0.30092168
25.249999798834324,50.539825,0.42908433,0.30092168
25.26000002771616,50.62383,0.42908433,0.30214247
25.270000256597996,50.711826,0.42915168,0.30336323
25.28000048547983,50.767826,0.42928642,0.30336323
25.290000714361668,50.84383,0.4293538,0.30336323
25.300000943243504,50.799828,0.42948854,0.30458403
25.309999264776707,50.719826,0.42969066,0.30458403
25.319999493658543,50.659824,0.42989278,0.30336323
25.32999972254038,50.687828,0.43016225,0.30336323
25.339999951422215,50.751823,0.43063384,0.30092168
25.35000018030405,50.891827,0.43130755,0.29725936
25.360000409185886,51.147827,0.432116,0.293597
25.370000638067722,51.383823,0.4330592,0.28749314
25.38000086694956,51.559826,0.43386763,0.28261003
25.38999918848276,51.623825,0.43427184,0.28138924
25.399999417364597,51.539825,0.43427184,0.28261003
25.409999646246433,51.427826,0.43427184,0.2838308
25.41999987512827,51.391827,0.43427184,0.28505158
25.430000104010105,51.415825,0.43427184,0.28627235
25.44000033289194,51.479828,0.43427184,0.28749314
25.450000561773777,51.559826,0.43427184,0.2887139
25.460000790655613,51.675823,0.43427184,0.2887139
25.469999112188816,51.683823,0.43427184,0.29115546
25.479999341070652,51.607822,0.43427184,0.29115546
25.489999569952488,51.515823,0.43427184,0.293597
25.499999798834324,51.399826,0.43427184,0.293597
25.51000002771616,51.311825,0.43427184,0.2948178
25.520000256597996,51.311825,0.43427184,0.29603857
25.53000048547983,51.415825,0.43427184,0.29725936
25.540000714361668,51.515823,0.43433923,0.29848012
25.550000943243504,51.571827,0.43433923,0.29970092
25.559999264776707,51.611824,0.43433923,0.30092168
25.569999493658543,51.579826,0.43433923,0.30214247
25.57999972254038,51.451824,0.43433923,0.30336323
25.589999951422215,51.355824,0.4344066,0.30458403
25.60000018030405,51.291824,0.4344066,0.30458403
25.610000409185886,51.291824,0.434474,0.3058048
25.620000638067722,51.347828,0.43454134,0.3058048
25.63000086694956,51.487827,0.43454134,0.30702558
25.63999918848276,51.587822,0.43467608,0.30702558
25.649999417364597,51.59582,0.43467608,0.30824634
25.659999646246433,51.56782,0.43474346,0.30946714
25.66999987512827,51.503822,0.43481082,0.30946714
25.680000104010105,51.391827,0.43481082,0.3106879
25.69000033289194,51.319824,0.43494558,0.3119087
25.700000561773777,51.339825,0.43494558,0.31312945
25.710000790655613,51.399826,0.43501297,0.31312945
25.719999112188816,51.487827,0.43501297,0.31435025
25.729999341070652,51.579826,0.43514767,0.31435025
25.739999569952488,51.647823,0.43521506,0.315571
25.749999798834324,51.635822,0.4353498,0.315571
25.76000002771616,51.575825,0.4355519,0.315571
25.770000256597996,51.551826,0.43588877,0.31435025
25.78000048547983,51.543823,0.436293,0.31312945
25.790000714361668,51.599827,0.4368993,0.30946714
25.800000943243504,51.763824,0.43757305,0.3058048
25.809999264776707,51.991825,0.43844888,0.30092168
25.819999493658543,52.24782,0.43939203,0.29603857
25.82999972254038,52.46382,0.44026786,0.29115546
25.839999951422215,52.56782,0.44067207,0.2887139
25.85000018030405,52.51182,0.44067207,0.2899347
25.860000409185886,52.395824,0.44067207,0.29115546
25.870000638067722,52.327824,0.44067207,0.29237625
25.88000086694956,52.355824,0.44067207,0.293597
25.88999918848276,52.399822,0.44067207,0.2948178
25.899999417364597,52.49182,0.44067207,0.29603857
25.909999646246433,52.57182,0.44067207,0.29725936
25.91999987512827,52.59182,0.44067207,0.29848012
25.930000104010105,52.53982,0.44067207,0.29970092
25.94000033289194,52.45982,0.44067207,0.30092168
25.950000561773777,52.36782,0.44067207,0.30214247
25.960000790655613,52.267822,0.44067207,0.30336323
25.969999112188816,52.259823,0.44067207,0.30458403
25.979999341070652,52.31182,0.44067207,0.30458403
25.989999569952488,52.41182,0.44067207,0.30702558
25.999999798834324,52.467823,0.44067207,0.30702558
26.01000002771616,52.531822,0.44067207,0.30824634
26.020000256597996,52.49982,0.44067207,0.30946714
26.03000048547983,52.40782,0.44067207,0.3106879
26.040000714361668,52.31982,0.44067207,0.3119087
26.050000943243504,52.255825,0.44067207,0.31312945
26.059999264776707,52.23182,0.44067207,0.31435025
26.069999493658543,52.24782,0.44067207,0.315571
26.07999972254038,52.347824,0.44067207,0.3167918
26.089999951422215,52.427822,0.44067207,0.31801257
26.10000018030405,52.455822,0.44067207,0.31923336
26.110000409185886,52.447823,0.44067207,0.32045412
26.120000638067722,52.371822,0.44067207,0.3216749
26.13000086694956,52.267822,0.44067207,0.32289568
26.13999918848276,52.195824,0.44067207,0.32411647
26.149999417364597,52.175823,0.44067207,0.32411647
26.159999646246433,52.215824,0.44067207,0.32655802
26.16999987512827,52.263824,0.44067207,0.32655802
26.180000104010105,52.36782,0.44073945,0.3277788
26.19000033289194,52.41182,0.44073945,0.32899958
26.200000561773777,52.38782,0.44073945,0.33022034
26.210000790655613,52.335823,0.44073945,0.33144113
26.219999112188816,52.239822,0.44073945,0.3326619
26.229999341070652,52.15982,0.44073945,0.3338827
26.239999569952488,52.123825,0.44073945,0.3338827
26.249999798834324,52.187824,0.44073945,0.33632424
26.26000002771616,52.243824,0.44073945,0.33632424
26.270000256597996,52.295822,0.44073945,0.3387658
26.28000048547983,52.35982,0.44073945,0.3387658
26.290000714361668,52.36382,0.44073945,0.33998656
26.300000943243504,52.307823,0.44080684,0.34120736
26.309999264776707,52.235825,0.4408742,0.34242812
26.319999493658543,52.15982,0.4408742,0.34242812
26.32999972254038,52.13182,0.44094157,0.3436489
26.339999951422215,52.143826,0.44100896,0.3436489
26.35000018030405,52.22782,0.44114366,0.34486967
26.360000409185886,52.31982,0.44121104,0.34486967
26.370000638067722,52.371822,0.4413458,0.34609047
26.38000086694956,52.419823,0.4415479,0.34486967
26.38999918848276,52.447823,0.4418174,0.34486967
26.399999417364597,52.42382,0.4422216,0.34242812
26.409999646246433,52.43582,0.44276056,0.33998656
26.41999987512827,52.515823,0.44336691,0.337545
26.430000104010105,52.63582,0.44404063,0.3338827
26.44000033289194,52.82382,0.44491643,0.32899958
26.450000561773777,53.079823,0.44599438,0.32289568
26.460000790655613,53.35182,0.4470049,0.3167918
26.469999112188816,53.499817,0.44761127,0.31312945
26.479999341070652,53.55982,0.44808286,0.3119087
26.489999569952488,53.54382,0.44841972,0.3106879
26.499999798834324,53.531815,0.44875658,0.30946714
26.51000002771616,53.547817,0.44909343,0.30824634
26.520000256597996,53.651817,0.44949767,0.30702558
26.53000048547983,53.79582,0.44996923,0.30458403
26.540000714361668,53.94782,0.4505082,0.30214247
26.550000943243504,54.071815,0.4509798,0.29970092
26.559999264776707,54.195812,0.45145142,0.29725936
26.569999493658543,54.199818,0.45178825,0.29603857
26.57999972254038,54.167816,0.45205775,0.29603857
26.589999951422215,54.111816,0.4521925,0.29603857
26.60000018030405,54.095814,0.4521925,0.29725936
26.610000409185886,54.103813,0.4521925,0.29848012
26.620000638067722,54.151817,0.45225987,0.29848012
26.63000086694956,54.259815,0.45225987,0.29970092
26.63999918848276,54.299816,0.45225987,0.30092168
26.649999417364597,54.30781,0.45225987,0.30214247
26.659999646246433,54.283813,0.45232722,0.30336323
26.66999987512827,54.21982,0.45232722,0.30458403
26.680000104010105,54.119816,0.45232722,0.30458403
26.69000033289194,54.091816,0.4523946,0.3058048
26.700000561773777,54.083817,0.4523946,0.30702558
26.710000790655613,54.119816,0.4523946,0.30824634
26.719999112188816,54.171818,0.452462,0.30946714
26.729999341070652,54.263817,0.452462,0.3106879
26.739999569952488,54.28781,0.452462,0.3106879
26.749999798834324,54.243816,0.45252934,0.3119087
26.76000002771616,54.199818,0.45252934,0.31312945
26.770000256597996,54.111816,0.45252934,0.31435025
26.78000048547983,54.039818,0.45252934,0.315571
26.790000714361668,54.051815,0.4525967,0.315571
26.800000943243504,54.099815,0.4525967,0.3167918
26.809999264776707,54.187813,0.45273146,0.3167918
26.819999493658543,54.263817,0.4528662,0.31801257
26.82999972254038,54.319817,0.45293355,0.31801257
26.839999951422215,54.303814,0.45300093,0.31923336
26.85000018030405,54.235813,0.4530683,0.31923336
26.860000409185886,54.183815,0.45320305,0.32045412
26.870000638067722,54.143814,0.45327044,0.32045412
26.88000086694956,54.143814,0.4533378,0.3216749
26.88999918848276,54.167816,0.45340514,0.3216749
26.899999417364597,54.267815,0.4535399,0.32289568
26.909999646246433,54.355816,0.45367464,0.32289568
26.91999987512827,54.387814,0.45374203,0.32289568
26.930000104010105,54.403816,0.45380938,0.32411647
26.94000033289194,54.363815,0.45394412,0.32411647
26.950000561773777,54.315815,0.45414624,0.32411647
26.960000790655613,54.311817,0.4544831,0.32289568
26.969999112188816,54.407814,0.45495468,0.32045412
26.979999341070652,54.543816,0.45569578,0.3167918
26.989999569952488,54.755814,0.45663896,0.3119087
26.999999798834324,54.987812,0.45758215,0.3058048
27.01000002771616,55.199814,0.45852533,0.30092168
27.020000256597996,55.33181,0.45926642,0.29603857
27.03000048547983,55.37181,0.45960328,0.2948178
27.040000714361668,55.339813,0.459738,0.2948178
27.050000943243504,55.27981,0.45980537,0.29603857
27.059999264776707,55.26381,0.45980537,0.29725936
27.069999493658543,55.31581,0.45980537,0.29848012
27.07999972254038,55.407814,0.45987275,0.29848012
27.089999951422215,55.471813,0.45987275,0.30092168
27.10000018030405,55.495808,0.45987275,0.30092168
27.110000409185886,55.479813,0.45987275,0.30336323
27.120000638067722,55.39581,0.45987275,0.30336323
27.13000086694956,55.30781,0.45994014,0.30458403
27.13999918848276,55.247814,0.45994014,0.3058048
27.149999417364597,55.235813,0.45994014,0.30702558
27.159999646246433,55.247814,0.45994014,0.30824634
27.16999987512827,55.32381,0.45994014,0.30824634
27.180000104010105,55.41581,0.4600075,0.30946714
27.19000033289194,55.447815,0.4600075,0.3106879
27.200000561773777,55.41981,0.4600075,0.3119087
27.210000790655613,55.367813,0.4600075,0.31312945
27.219999112188816,55.271812,0.46007487,0.31435025
27.229999341070652,55.20381,0.46014225,0.31435025
27.239999569952488,55.215813,0.4602096,0.315571
27.249999798834324,55.287815,0.46034434,0.315571
27.26000002771616,55.347813,0.46054646,0.315571
27.270000256597996,55.479813,0.46081594,0.31435025
27.28000048547983,55.591812,0.46122018,0.31312945
27.290000714361668,55.66381,0.4618265,0.30946714
27.300000943243504,55.73181,0.4625002,0.30702558
27.309999264776707,55.791813,0.46310657,0.30336323
27.319999493658543,55.81581,0.46364552,0.30092168
27.32999972254038,55.85181,0.46425185,0.29848012
27.339999951422215,55.99181,0.46479082,0.29603857
27.35000018030405,56.131805,0.4649929,0.2948178
27.360000409185886,56.19581,0.4650603,0.2948178
27.370000638067722,56.24381,0.4650603,0.29725936
27.38000086694956,56.29981,0.4650603,0.29725936
27.38999918848276,56.259808,0.4650603,0.29848012
27.399999417364597,56.175808,0.4650603,0.29970092
27.409999646246433,56.127808,0.4650603,0.30092168
27.41999987512827,56.08381,0.4650603,0.30214247
27.430000104010105,56.059807,0.4650603,0.30336323
27.44000033289194,56.09181,0.4650603,0.30458403
27.450000561773777,56.127808,0.4650603,0.3058048
27.460000790655613,56.17981,0.46512768,0.30702558
27.469999112188816,56.19581,0.46512768,0.30824634
27.479999341070652,56.18381,0.46519506,0.30824634
27.489999569952488,56.171806,0.46519506,0.30946714
27.499999798834324,56.07581,0.46519506,0.3106879
27.51000002771616,56.02781,0.46526238,0.3119087
27.520000256597996,56.02781,0.46526238,0.31312945
27.53000048547983,56.04381,0.46526238,0.31435025
27.540000714361668,56.10381,0.46532977,0.31435025
27.550000943243504,56.15981,0.46539715,0.31435025
27.559999264776707,56.191807,0.46546453,0.315571
27.569999493658543,56.16381,0.46546453,0.3167918
27.57999972254038,56.151806,0.4655319,0.31801257
27.589999951422215,56.111805,0.4655319,0.31801257
27.60000018030405,56.059807,0.4655319,0.32045412
27.610000409185886,56.039806,0.46559927,0.32045412
27.620000638067722,56.08781,0.46566665,0.3216749
27.63000086694956,56.131805,0.465734,0.3216749
27.63999918848276,56.17981,0.46586874,0.32289568
27.649999417364597,56.223812,0.46593612,0.32289568
27.659999646246433,56.259808,0.46607086,0.32289568
27.66999987512827,56.20381,0.4661382,0.32411647
27.680000104010105,56.17981,0.46627298,0.32411647
27.69000033289194,56.15581,0.46627298,0.32533723
27.700000561773777,56.11581,0.46627298,0.32655802
27.710000790655613,56.11981,0.46634033,0.32655802
27.719999112188816,56.175808,0.46634033,0.3277788
27.729999341070652,56.223812,0.46634033,0.32899958
27.739999569952488,56.24381,0.46634033,0.33022034
27.749999798834324,56.25181,0.46634033,0.33144113
27.76000002771616,56.231808,0.46640772,0.3326619
27.770000256597996,56.175808,0.46640772,0.3338827
27.78000048547983,56.111805,0.46640772,0.3338827
27.790000714361668,56.10381,0.46640772,0.33632424
27.800000943243504,56.131805,0.4664751,0.33632424
27.809999264776707,56.171806,0.4666098,0.33632424
27.819999493658543,56.24381,0.46674457,0.33632424
27.82999972254038,56.30381,0.46701404,0.33632424
27.839999951422215,56.359806,0.46735093,0.33510345
27.85000018030405,56.43181,0.4678225,0.3326619
27.860000409185886,56.50781,0.4684962,0.33022034
27.870000638067722,56.607807,0.46930465,0.32533723
27.88000086694956,56.759808,0.47024786,0.31923336
27.88999918848276,56.923805,0.47112367,0.31435025
27.899999417364597,57.067802,0.4716626,0.3119087
27.909999646246433,57.111805,0.47179738,0.31312945
27.91999987512827,57.143806,0.47179738,0.31312945
27.930000104010105,57.171806,0.47179738,0.31435025
27.94000033289194,57.1598,0.47179738,0.315571
27.950000561773777,57.151806,0.47179738,0.3167918
27.960000790655613,57.155804,0.47179738,0.31801257
27.969999112188816,57.147804,0.47179738,0.31923336
27.979999341070652,57.09181,0.47179738,0.32045412
27.989999569952488,57.103806,0.47179738,0.3216749
27.999999798834324,57.103806,0.47179738,0.32289568
28.01000002771616,57.075806,0.47186476,0.32289568
28.020000256597996,57.087803,0.47186476,0.32411647
28.03000048547983,57.123806,0.4719321,0.32533723
28.040000714361668,57.11981,0.4719321,0.32655802
28.050000943243504,57.095806,0.4719321,0.3277788
28.059999264776707,57.099808,0.4719995,0.3277788
28.069999493658543,57.079807,0.47206685,0.32899958
28.07999972254038,57.055805,0.47206685,0.33022034
28.089999951422215,57.063805,0.4722016,0.33022034
28.10000018030405,57.09181,0.47233635,0.33022034
28.110000409185886,57.123806,0.47240373,0.33144113
28.120000638067722,57.123806,0.47247106,0.3326619
28.13000086694956,57.151806,0.47253844,0.3326619
28.13999918848276,57.183807,0.47267318,0.3326619
28.149999417364597,57.175804,0.47280794,0.3326619
28.159999646246433,57.211807,0.47294265,0.3326619
28.16999987512827,57.231808,0.4731448,0.3326619
28.180000104010105,57.267803,0.47341427,0.3326619
28.19000033289194,57.295807,0.47368377,0.33144113
28.200000561773777,57.367805,0.4740206,0.33022034
28.210000790655613,57.487804,0.47462693,0.3277788
28.219999112188816,57.595806,0.47530067,0.32411647
28.229999341070652,57.739803,0.47604173,0.32045412
28.239999569952488,57.891804,0.47685018,0.315571
28.249999798834324,57.979805,0.4774565,0.31312945
28.26000002771616,58.0158,0.47765863,0.3119087
28.270000256597996,58.027805,0.47765863,0.31312945
28.28000048547983,57.9958,0.47765863,0.31435025
28.290000714361668,58.007805,0.47765863,0.315571
28.300000943243504,58.059803,0.47765863,0.3167918
28.309999264776707,58.0958,0.47765863,0.31801257
28.319999493658543,58.0958,0.47765863,0.31923336
28.32999972254038,58.0958,0.47765863,0.32045412
28.339999951422215,58.0838,0.47765863,0.3216749
28.35000018030405,58.007805,0.47765863,0.32289568
28.360000409185886,57.963802,0.47765863,0.32411647
28.370000638067722,57.963802,0.47765863,0.32411647
28.38000086694956,57.979805,0.47765863,0.32655802
28.38999918848276,57.9718,0.47765863,0.32655802
28.399999417364597,58.019802,0.47765863,0.3277788
28.409999646246433,58.067802,0.47765863,0.32899958
28.41999987512827,58.0238,0.47772598,0.33022034
28.430000104010105,57.9718,0.47772598,0.33144113
28.44000033289194,57.947803,0.47772598,0.3326619
28.450000561773777,57.919804,0.47772598,0.3338827
28.460000790655613,57.867805,0.47772598,0.33510345
28.469999112188816,57.879803,0.47772598,0.33632424
28.479999341070652,57.9238,0.47779337,0.33632424
28.489999569952488,57.9438,0.47779337,0.337545
28.499999798834324,57.9718,0.47779337,0.3387658
28.51000002771616,58.0038,0.47786075,0.33998656
28.520000256597996,57.9718,0.47799546,0.33998656
28.53000048547983,57.9438,0.47806284,0.33998656
28.540000714361668,57.947803,0.47813022,0.34120736
28.550000943243504,57.939804,0.4781976,0.34242812
28.559999264776707,57.959805,0.47839972,0.34120736
28.569999493658543,58.0238,0.4786692,0.34120736
28.57999972254038,58.143803,0.47900605,0.33998656
28.589999951422215,58.191803,0.47934288,0.3387658
28.60000018030405,58.255802,0.47974712,0.337545
28.610000409185886,58.359802,0.48035347,0.3338827
28.620000638067722,58.4718,0.48122928,0.32899958
28.63000086694956,58.623802,0.48237458,0.32289568
28.63999918848276,58.867798,0.483722,0.31435025
28.649999417364597,59.1158,0.48493466,0.30702558
28.659999646246433,59.2878,0.4858105,0.30214247
28.66999987512827,59.4278,0.48641685,0.29848012
28.680000104010105,59.5798,0.48709053,0.2948178
28.69000033289194,59.6998,0.48776427,0.29237625
28.700000561773777,59.823795,0.48850533,0.2887139
28.710000790655613,60.007793,0.4893811,0.28261003
28.719999112188816,60.19179,0.49032432,0.27772692
28.729999341070652,60.295795,0.49086332,0.27528536
28.739999569952488,60.335796,0.49113277,0.27406457
28.749999798834324,60.335796,0.49113277,0.27528536
28.76000002771616,60.3038,0.49113277,0.27650613
28.770000256597996,60.267796,0.49113277,0.27772692
28.78000048547983,60.319794,0.49113277,0.27894768
28.790000714361668,60.37179,0.49113277,0.28016847
28.800000943243504,60.359795,0.49120018,0.28138924
28.809999264776707,60.367794,0.49120018,0.28138924
28.819999493658543,60.331795,0.49120018,0.28261003
28.82999972254038,60.271793,0.49120018,0.2838308
28.839999951422215,60.219795,0.49120018,0.28505158
28.85000018030405,60.199795,0.49120018,0.28627235
28.860000409185886,60.195797,0.49120018,0.28749314
28.870000638067722,60.195797,0.49120018,0.2887139
28.88000086694956,60.231792,0.49120018,0.2899347
28.88999918848276,60.271793,0.49120018,0.29115546
28.899999417364597,60.271793,0.49120018,0.29237625
28.909999646246433,60.255795,0.49120018,0.293597
28.91999987512827,60.199795,0.49120018,0.2948178
28.930000104010105,60.159794,0.49120018,0.29603857
28.94000033289194,60.107796,0.49120018,0.29725936
28.950000561773777,60.119793,0.49120018,0.29848012
28.960000790655613,60.143795,0.49120018,0.29848012
28.969999112188816,60.159794,0.49120018,0.30092168
28.979999341070652,60.195797,0.49120018,0.30092168
28.989999569952488,60.207794,0.4912675,0.30214247
28.999999798834324,60.163795,0.4912675,0.30336323
29.01000002771616,60.135796,0.4912675,0.30458403
29.020000256597996,60.119793,0.4912675,0.3058048
29.03000048547983,60.063797,0.49133492,0.30702558
29.040000714361668,60.047794,0.49140227,0.30702558
29.050000943243504,60.079796,0.49140227,0.30824634
29.059999264776707,60.135796,0.49146962,0.30824634
29.069999493658543,60.131794,0.491537,0.30946714
29.07999972254038,60.175797,0.49160436,0.3106879
29.089999951422215,60.179794,0.49167177,0.3106879
29.10000018030405,60.155796,0.4918065,0.3106879
29.110000409185886,60.135796,0.49200863,0.3106879
29.120000638067722,60.175797,0.49227807,0.3106879
29.13000086694956,60.247795,0.49261495,0.30824634
29.13999918848276,60.319794,0.49301916,0.30702558
29.149999417364597,60.427795,0.4935581,0.30458403
29.159999646246433,60.583794,0.49416444,0.30214247
29.16999987512827,60.719795,0.49497288,0.29725936
29.180000104010105,60.899796,0.4959161,0.29237625
29.19000033289194,61.059795,0.49679193,0.28749314
29.200000561773777,61.10379,0.49719614,0.28505158
29.210000790655613,61.07579,0.49726355,0.28627235
29.219999112188816,61.05579,0.49726355,0.28749314
29.229999341070652,61.06779,0.49733087,0.28749314
29.239999569952488,61.10379,0.49733087,0.2887139
29.249999798834324,61.19179,0.49739823,0.2899347
29.26000002771616,61.231792,0.49739823,0.29115546
29.270000256597996,61.231792,0.49739823,0.29237625
29.28000048547983,61.183792,0.49746564,0.29237625
29.290000714361668,61.151794,0.49746564,0.293597
29.300000943243504,61.08779,0.497533,0.2948178
29.309999264776707,61.03579,0.497533,0.29603857
29.319999493658543,61.051792,0.497533,0.29725936
29.32999972254038,61.071793,0.497533,0.29848012
29.339999951422215,61.13579,0.497533,0.29848012
29.35000018030405,61.14779,0.49760038,0.29970092
29.360000409185886,61.203793,0.49766773,0.30092168
29.370000638067722,61.17979,0.49773514,0.30092168
29.38000086694956,61.10779,0.4978025,0.30214247
29.38999918848276,61.059795,0.49786982,0.30336323
29.399999417364597,61.043793,0.49793723,0.30336323
29.409999646246433,61.043793,0.4980046,0.30458403
29.41999987512827,61.079796,0.49813932,0.30458403
29.430000104010105,61.17979,0.4982741,0.30458403
29.44000033289194,61.219788,0.49840882,0.30458403
29.450000561773777,61.251793,0.49847618,0.3058048
29.460000790655613,61.271793,0.4985436,0.3058048
29.469999112188816,61.243793,0.49867827,0.3058048
29.479999341070652,61.19179,0.49888045,0.3058048
29.489999569952488,61.203793,0.4991499,0.3058048
29.499999798834324,61.263794,0.4994867,0.30458403
29.51000002771616,61.35979,0.49989098,0.30214247
29.520000256597996,61.495792,0.5004299,0.29970092
29.53000048547983,61.67979,0.501171,0.29603857
29.540000714361668,61.851788,0.5019121,0.29237625
29.550000943243504,61.943787,0.5025858,0.2887139
29.559999264776707,61.975792,0.5028553,0.28749314
29.569999493658543,61.93579,0.5028553,0.2887139
29.57999972254038,61.871788,0.5028553,0.2899347
29.589999951422215,61.86379,0.50292265,0.29115546
29.60000018030405,61.91179,0.50292265,0.29237625
29.610000409185886,61.975792,0.50292265,0.293597
29.620000638067722,62.015785,0.50292265,0.2948178
29.63000086694956,62.055786,0.50292265,0.2948178
29.63999918848276,62.02779,0.50292265,0.29725936
29.649999417364597,61.96779,0.50299,0.29725936
29.659999646246433,61.87579,0.50299,0.29848012
29.66999987512827,61.831787,0.50299,0.29970092
29.680000104010105,61.811787,0.50299,0.30092168
29.69000033289194,61.831787,0.50299,0.30214247
29.700000561773777,61.89579,0.50299,0.30336323
29.710000790655613,61.96779,0.50299,0.30458403
29.719999112188816,61.947792,0.50299,0.30458403
29.729999341070652,61.93979,0.50299,0.30702558
29.739999569952488,61.899788,0.50299,0.30702558
29.749999798834324,61.81979,0.50299,0.30824634
29.76000002771616,61.763786,0.50299,0.30946714
29.770000256597996,61.75979,0.50299,0.3106879
29.78000048547983,61.76779,0.50299,0.3119087
29.790000714361668,61.79979,0.50299,0.31312945
29.800000943243504,61.871788,0.50299,0.31435025
29.809999264776707,61.91579,0.50299,0.315571
29.819999493658543,61.87979,0.50299,0.3167918
29.82999972254038,61.835793,0.5030574,0.31801257
29.839999951422215,61.783787,0.5030574,0.31801257
29.85000018030405,61.72379,0.5030574,0.31923336
29.860000409185886,61.695793,0.5030574,0.32045412
29.870000638067722,61.73579,0.5030574,0.3216749
29.88000086694956,61.783787,0.5031248,0.32289568
29.88999918848276,61.81979,0.5031248,0.32411647
29.899999417364597,61.83979,0.5031248,0.32533723
29.909999646246433,61.85979,0.5031922,0.32533723
29.91999987512827,61.823788,0.50325954,0.32655802
29.930000104010105,61.77979,0.50332683,0.32655802
29.94000033289194,61.75179,0.5034616,0.3277788
29.950000561773777,61.739788,0.50359637,0.3277788
29.960000790655613,61.763786,0.5036638,0.3277788
29.969999112188816,61.81979,0.50373113,0.32899958
29.979999341070652,61.899788,0.5037985,0.33022034
29.989999569952488,61.903786,0.5037985,0.33022034
29.999999798834324,61.90779,0.5039332,0.33144113
30.01000002771616,61.91979,0.50406796,0.33144113
30.020000256597996,61.90779,0.5042027,0.33144113
30.03000048547983,61.871788,0.5044722,0.33144113
30.040000714361668,61.91179,0.50474167,0.33022034
30.050000943243504,61.97979,0.5051459,0.32899958
30.059999264776707,62.09979,0.5056175,0.32655802
30.069999493658543,62.283787,0.50635856,0.32289568
30.07999972254038,62.447784,0.507167,0.31801257
30.089999951422215,62.647785,0.5080429,0.31312945
30.10000018030405,62.763786,0.5088513,0.30824634
30.110000409185886,62.86379,0.50945765,0.3058048
30.120000638067722,62.88379,0.5097945,0.30458403
30.13000086694956,62.86379,0.5098618,0.30458403
30.13999918848276,62.86379,0.5098618,0.3058048
30.149999417364597,62.911785,0.50992924,0.30702558
30.159999646246433,62.967785,0.50992924,0.30824634
30.16999987512827,63.011784,0.50992924,0.30946714
30.180000104010105,63.047787,0.5099966,0.30946714
30.19000033289194,63.04379,0.5099966,0.3106879
30.200000561773777,62.97579,0.5099966,0.3119087
30.210000790655613,62.923786,0.510064,0.31312945
30.219999112188816,62.86379,0.510064,0.31435025
30.229999341070652,62.835785,0.510064,0.31435025
30.239999569952488,62.847786,0.51013136,0.315571
30.249999798834324,62.931786,0.51019865,0.3167918
30.26000002771616,63.003788,0.51026607,0.3167918
30.270000256597996,63.02379,0.51026607,0.31801257
30.28000048547983,63.02379,0.5103334,0.31923336
30.290000714361668,62.979786,0.5103334,0.32045412
30.300000943243504,62.879784,0.5103334,0.3216749
30.309999264776707,62.855785,0.5103334,0.32289568
30.319999493658543,62.831783,0.51040083,0.32289568
30.32999972254038,62.859783,0.51040083,0.32411647
30.339999951422215,62.887787,0.51040083,0.32533723
30.35000018030405,62.959785,0.5104682,0.32655802
30.360000409185886,62.999786,0.5104682,0.3277788
30.370000638067722,62.97579,0.5104682,0.3277788
30.38000086694956,62.951782,0.51053554,0.32899958
30.38999918848276,62.923786,0.5106703,0.32899958
30.399999417364597,62.847786,0.510805,0.33022034
30.409999646246433,62.875786,0.51100713,0.32899958
30.41999987512827,62.947784,0.51141137,0.3277788
30.430000104010105,63.083782,0.51181555,0.32655802
30.44000033289194,63.215786,0.51235455,0.32411647
30.450000561773777,63.35578,0.51282614,0.3216749
30.460000790655613,63.487785,0.5133651,0.31801257
30.469999112188816,63.511784,0.5139041,0.3167918
30.479999341070652,63.575783,0.5145778,0.31312945
30.489999569952488,63.67578,0.5152515,0.30946714
30.499999798834324,63.759785,0.51579046,0.30702558
30.51000002771616,63.839787,0.51626205,0.30458403
30.520000256597996,63.951782,0.5165316,0.30336323
30.53000048547983,64.03578,0.51673365,0.30336323
30.540000714361668,64.083786,0.51680106,0.30458403
30.550000943243504,64.11978,0.5168684,0.30458403
30.559999264776707,64.10378,0.51693577,0.3058048
30.569999493658543,64.083786,0.5170705,0.3058048
30.57999972254038,64.03578,0.5171379,0.30702558
30.589999951422215,64.043785,0.51734,0.30702558
30.60000018030405,64.07978,0.5176095,0.3058048
30.610000409185886,64.13178,0.51794636,0.30458403
30.620000638067722,64.23978,0.5182158,0.30336323
30.63000086694956,64.34378,0.51868737,0.30092168
30.63999918848276,64.43978,0.5192264,0.29848012
30.649999417364597,64.53978,0.519698,0.29725936
30.659999646246433,64.61178,0.5201696,0.2948178
30.66999987512827,64.63978,0.5206412,0.29237625
30.680000104010105,64.68378,0.5210454,0.29115546
30.69000033289194,64.75978,0.5213822,0.2899347
30.700000561773777,64.79578,0.5214496,0.29115546
30.710000790655613,64.82378,0.521517,0.29115546
30.719999112188816,64.855774,0.521517,0.29237625
30.729999341070652,64.89978,0.52158433,0.293597
30.739999569952488,64.89178,0.52158433,0.2948178
30.749999798834324,64.851776,0.52158433,0.2948178
30.76000002771616,64.83978,0.52158433,0.29725936
30.770000256597996,64.78778,0.52158433,0.29725936
30.78000048547983,64.73978,0.52158433,0.29848012
30.790000714361668,64.75178,0.52158433,0.29970092
30.800000943243504,64.77978,0.52158433,0.30092168
30.809999264776707,64.79178,0.52165174,0.30214247
30.819999493658543,64.81978,0.52165174,0.30336323
30.82999972254038,64.82778,0.52165174,0.30458403
30.839999951422215,64.81178,0.52165174,0.30458403
30.85000018030405,64.76378,0.52165174,0.30702558
30.860000409185886,64.715775,0.52165174,0.30702558
30.870000638067722,64.70778,0.52165174,0.30824634
30.88000086694956,64.68378,0.52165174,0.30946714
30.88999918848276,64.70378,0.52165174,0.3106879
30.899999417364597,64.72778,0.52165174,0.3119087
30.909999646246433,64.73978,0.52165174,0.31312945
30.91999987512827,64.71978,0.52165174,0.31435025
30.930000104010105,64.72378,0.52165174,0.315571
30.94000033289194,64.69978,0.52165174,0.3167918
30.950000561773777,64.63978,0.52165174,0.31801257
30.960000790655613,64.61578,0.52165174,0.31923336
30.969999112188816,64.627785,0.52165174,0.32045412
30.979999341070652,64.63578,0.52165174,0.3216749
30.989999569952488,64.65178,0.52165174,0.32289568
30.999999798834324,64.68378,0.52165174,0.32411647
31.01000002771616,64.68778,0.52165174,0.32411647
31.020000256597996,64.63978,0.52165174,0.32655802
31.03000048547983,64.61978,0.52165174,0.32655802
31.040000714361668,64.59178,0.52165174,0.3277788
31.050000943243504,64.55178,0.52165174,0.32899958
31.059999264776707,64.54378,0.52165174,0.33022034
31.069999493658543,64.55578,0.52165174,0.33144113
31.07999972254038,64.57978,0.52165174,0.3326619
31.089999951422215,64.59178,0.52165174,0.3338827
31.10000018030405,64.60778,0.52165174,0.33510345
31.110000409185886,64.61178,0.52165174,0.33632424
31.120000638067722,64.55178,0.5217191,0.337545
31.13000086694956,64.53178,0.5217191,0.3387658
31.13999918848276,64.52378,0.5217865,0.3387658
31.149999417364597,64.53578,0.5219212,0.3387658
31.159999646246433,64.54778,0.5220559,0.33998656
31.16999987512827,64.61178,0.5221907,0.33998656
31.180000104010105,64.64778,0.5222581,0.33998656
31.19000033289194,64.65178,0.5223928,0.33998656
31.200000561773777,64.66378,0.5225949,0.33998656
31.210000790655613,64.715775,0.5227297,0.33998656
31.219999112188816,64.715775,0.5229991,0.33998656
31.229999341070652,64.72778,0.52326864,0.3387658
31.239999569952488,64.81578,0.5236729,0.337545
31.249999798834324,64.90378,0.5242118,0.33510345
31.26000002771616,65.02778,0.52488554,0.33144113
31.270000256597996,65.227776,0.52569395,0.3277788
31.28000048547983,65.41978,0.52663714,0.3216749
31.290000714361668,65.62778,0.52778244,0.315571
31.300000943243504,65.76377,0.5287257,0.30946714
31.309999264776707,65.92778,0.529332,0.30702558
31.319999493658543,65.97578,0.5297362,0.30458403
31.32999972254038,65.99978,0.5300057,0.30458403
31.339999951422215,66.063774,0.5302078,0.30336323
31.35000018030405,66.11178,0.5303425,0.30458403
31.360000409185886,66.187775,0.53061205,0.30336323
31.370000638067722,66.27577,0.5309489,0.30214247
31.38000086694956,66.379776,0.53142047,0.30092168
31.38999918848276,66.43178,0.5318921,0.29848012
31.399999417364597,66.463776,0.53243107,0.29603857
31.409999646246433,66.547775,0.53297,0.29237625
31.41999987512827,66.63577,0.5336437,0.2887139
31.430000104010105,66.715775,0.53418267,0.28627235
31.44000033289194,66.799774,0.5344522,0.28627235
31.450000561773777,66.86378,0.5344522,0.28749314
31.460000790655613,66.88377,0.5344522,0.2887139
31.469999112188816,66.87977,0.5344522,0.2887139
31.479999341070652,66.91177,0.5344522,0.29115546
31.489999569952488,66.89177,0.5344522,0.29115546
31.499999798834324,66.83977,0.5344522,0.293597
31.51000002771616,66.80377,0.5344522,0.293597
31.520000256597996,66.771774,0.5344522,0.2948178
31.53000048547983,66.73977,0.53451955,0.29603857
31.540000714361668,66.755775,0.53451955,0.29725936
31.550000943243504,66.78777,0.53451955,0.29848012
31.559999264776707,66.79578,0.53451955,0.29970092
31.569999493658543,66.78777,0.53451955,0.30092168
31.57999972254038,66.799774,0.53451955,0.30092168
31.589999951422215,66.771774,0.5345869,0.30214247
31.60000018030405,66.72377,0.53465426,0.30336323
31.610000409185886,66.70777,0.53465426,0.30458403
31.620000638067722,66.687775,0.5347217,0.30458403
31.63000086694956,66.70377,0.5347217,0.3058048
31.63999918848276,66.715775,0.5347217,0.30702558
31.649999417364597,66.75977,0.534789,0.30824634
31.659999646246433,66.771774,0.534789,0.30824634
31.66999987512827,66.73977,0.534789,0.3106879
31.680000104010105,66.73577,0.5348564,0.3106879
31.69000033289194,66.70777,0.5349238,0.3119087
31.700000561773777,66.67577,0.53499115,0.3119087
31.710000790655613,66.68378,0.53505856,0.31312945
31.719999112188816,66.727776,0.5351932,0.31312945
31.729999341070652,66.743774,0.5352606,0.31435025
31.739999569952488,66.75178,0.5352606,0.31435025
31.749999798834324,66.771774,0.535328,0.315571
31.76000002771616,66.78777,0.535328,0.3167918
31.770000256597996,66.75178,0.5353954,0.3167918
31.78000048547983,66.75178,0.53553015,0.31801257
31.790000714361668,66.76377,0.5355975,0.31801257
31.800000943243504,66.75977,0.5357322,0.31801257
31.809999264776707,66.75178,0.53579956,0.31923336
31.819999493658543,66.80777,0.5359343,0.31923336
31.82999972254038,66.84377,0.53600174,0.32045412
31.839999951422215,66.83577,0.53613645,0.32045412
31.85000018030405,66.87177,0.5362038,0.32045412
31.860000409185886,66.90377,0.5364059,0.32045412
31.870000638067722,66.91577,0.5366754,0.32045412
31.88000086694956,66.94777,0.5370123,0.31923336
31.88999918848276,67.02777,0.53741646,0.3167918
31.899999417364597,67.13977,0.5380228,0.31435025
31.910001553595066,67.24377,0.5386965,0.3106879
31.91999987512827,67.41577,0.5394376,0.30702558
31.929998196661472,67.55977,0.54004395,0.30336323
31.94000033289194,67.63977,0.54051554,0.30214247
31.949998654425144,67.65577,0.5406503,0.30214247
31.960000790655613,67.66777,0.54071766,0.30214247
31.969999112188816,67.65177,0.54071766,0.30336323
31.980001248419285,67.63977,0.540785,0.30458403
31.989999569952488,67.69577,0.5408524,0.30458403
32.00000170618296,67.70776,0.5408524,0.3058048
32.01000002771616,67.703766,0.5408524,0.30702558
32.01999834924936,67.68377,0.5409197,0.30824634
32.03000048547983,67.68377,0.5409197,0.30946714
32.039998807013035,67.64377,0.54098713,0.30946714
32.050000943243504,67.62377,0.54098713,0.3106879
32.05999926477671,67.60777,0.54098713,0.3119087
32.070001401007175,67.619774,0.54098713,0.31312945
32.07999972254038,67.61177,0.5410545,0.31435025
32.09000185877085,67.63177,0.5410545,0.315571
32.10000018030405,67.65177,0.5410545,0.3167918
32.109998501837254,67.647766,0.5410545,0.31801257
32.12000063806772,67.62377,0.5410545,0.31801257
32.129998959600925,67.60377,0.54112184,0.31923336
32.140001095831394,67.59577,0.5412566,0.31923336
32.1499994173646,67.57977,0.541324,0.32045412
32.160001553595066,67.59977,0.541324,0.3216749
32.16999987512827,67.59977,0.5413914,0.3216749
32.17999819666147,67.60377,0.5414587,0.32289568
32.19000033289194,67.62377,0.5414587,0.32411647
32.199998654425144,67.66377,0.5415261,0.32411647
32.21000079065561,67.65577,0.5415261,0.32533723
32.219999112188816,67.59977,0.54159343,0.32655802
32.230001248419285,67.61177,0.54166085,0.32655802
32.23999956995249,67.63177,0.54186296,0.32655802
32.25000170618296,67.63177,0.5419977,0.32655802
32.26000002771616,67.68777,0.5421998,0.32655802
32.26999834924936,67.76777,0.5424693,0.32655802
32.28000048547983,67.83577,0.5428735,0.32411647
32.289998807013035,67.92377,0.5434125,0.3216749
32.300000943243504,68.039764,0.54401886,0.31923336
32.30999926477671,68.15977,0.5446925,0.315571
32.320001401007175,68.29577,0.545501,0.3106879
32.32999972254038,68.44376,0.54637676,0.3058048
32.34000185877085,68.57577,0.54691577,0.30336323
32.35000018030405,68.61176,0.5471179,0.30336323
32.359998501837254,68.61577,0.5471179,0.30458403
32.37000063806772,68.63976,0.5471179,0.3058048
32.379998959600925,68.67177,0.54718524,0.3058048
32.390001095831394,68.663765,0.54718524,0.30702558
32.3999994173646,68.67177,0.54718524,0.30824634
32.410001553595066,68.67177,0.54718524,0.30946714
32.41999987512827,68.61577,0.54718524,0.3106879
32.42999819666147,68.58777,0.54718524,0.3119087
32.44000033289194,68.579765,0.54718524,0.31312945
32.449998654425144,68.54777,0.54725266,0.31435025
32.46000079065561,68.54376,0.54725266,0.31435025
32.469999112188816,68.57176,0.54725266,0.3167918
32.480001248419285,68.59977,0.54731995,0.3167918
32.48999956995249,68.57577,0.54731995,0.31801257
32.50000170618296,68.58376,0.54731995,0.31923336
32.51000002771616,68.57577,0.54731995,0.32045412
32.51999834924936,68.54376,0.54738736,0.32045412
32.53000048547983,68.50376,0.54738736,0.3216749
32.539998807013035,68.523766,0.5474547,0.32289568
32.550000943243504,68.523766,0.54752207,0.32289568
32.55999926477671,68.523766,0.54765683,0.32411647
32.570001401007175,68.56377,0.54772425,0.32411647
32.57999972254038,68.61176,0.54785895,0.32411647
32.59000185877085,68.61977,0.54799366,0.32411647
32.60000018030405,68.63976,0.5481284,0.32533723
32.609998501837254,68.67177,0.5483979,0.32411647
32.62000063806772,68.731766,0.54893684,0.32289568
32.629998959600925,68.843765,0.5497453,0.3167918
32.640001095831394,69.05977,0.5508906,0.3106879
32.6499994173646,69.36376,0.5523054,0.30214247
32.660001553595066,69.68776,0.5539897,0.29237625
32.66999987512827,69.94376,0.555135,0.28505158
32.67999819666147,70.13576,0.5560782,0.27894768
32.69000033289194,70.287766,0.55708873,0.27406457
32.699998654425144,70.44776,0.5580993,0.2679607
32.71000079065561,70.691765,0.559312,0.26063603
32.719999112188816,70.90776,0.5601878,0.25575292
32.730001248419285,70.971756,0.56038994,0.25575292
32.73999956995249,71.00776,0.56038994,0.25575292
32.75000170618296,71.00776,0.56038994,0.25819448
32.76000002771616,71.00776,0.56038994,0.25819448
32.76999834924936,70.98376,0.56038994,0.25941524
32.78000048547983,70.98376,0.56038994,0.26063603
32.789998807013035,70.96376,0.56038994,0.2618568
32.800000943243504,70.919754,0.56038994,0.2630776
32.80999926477671,70.91176,0.56038994,0.26429835
32.820001401007175,70.92776,0.56038994,0.26551914
32.82999972254038,70.90376,0.56038994,0.2667399
32.84000185877085,70.87176,0.56038994,0.2679607
32.85000018030405,70.87576,0.56038994,0.26918146
32.859998501837254,70.86376,0.56038994,0.27040225
32.87000063806772,70.83976,0.56038994,0.27162302
32.879998959600925,70.83976,0.56038994,0.2728438
32.890001095831394,70.83576,0.56038994,0.27406457
32.8999994173646,70.78376,0.56038994,0.27528536
32.910001553595066,70.75976,0.56038994,0.27528536
32.91999987512827,70.78376,0.56038994,0.27772692
32.92999819666147,70.779755,0.56038994,0.27772692
32.94000033289194,70.73975,0.56038994,0.27894768
32.949998654425144,70.75976,0.56038994,0.28016847
32.96000079065561,70.75176,0.56038994,0.28138924
32.969999112188816,70.691765,0.56038994,0.28261003
32.980001248419285,70.70376,0.56038994,0.2838308
32.98999956995249,70.72376,0.56038994,0.28505158
33.00000170618296,70.69576,0.56038994,0.28627235
33.01000002771616,70.667755,0.56038994,0.28749314
33.01999834924936,70.67576,0.56038994,0.2887139
33.03000048547983,70.67576,0.56038994,0.2899347
33.039998807013035,70.64376,0.56038994,0.29115546
33.050000943243504,70.651764,0.56038994,0.29237625
33.05999926477671,70.65576,0.56038994,0.293597
33.070001401007175,70.61176,0.56038994,0.2948178
33.07999972254038,70.58376,0.56038994,0.29603857
33.09000185877085,70.59576,0.56038994,0.29725936
33.10000018030405,70.58376,0.56038994,0.29725936
33.109998501837254,70.55176,0.56038994,0.29848012
33.12000063806772,70.56776,0.56038994,0.29970092
33.129998959600925,70.55976,0.56038994,0.30092168
33.140001095831394,70.53576,0.56038994,0.30214247
33.1499994173646,70.539764,0.56038994,0.30336323
33.160001553595066,70.539764,0.56038994,0.30458403
33.16999987512827,70.51576,0.56038994,0.3058048
33.17999819666147,70.49176,0.56038994,0.30702558
33.19000033289194,70.50776,0.56038994,0.30824634
33.199998654425144,70.49576,0.56038994,0.30946714
33.21000079065561,70.48376,0.56038994,0.3106879
33.219999112188816,70.47976,0.56038994,0.3119087
33.230001248419285,70.49576,0.56038994,0.31312945
33.23999956995249,70.45576,0.56038994,0.31435025
33.25000170618296,70.43576,0.56038994,0.315571
33.26000002771616,70.44776,0.56038994,0.3167918
33.26999834924936,70.44376,0.56038994,0.31801257
33.28000048547983,70.41976,0.56038994,0.31801257
33.289998807013035,70.41976,0.5604573,0.31923336
33.300000943243504,70.41976,0.5604573,0.32045412
33.30999926477671,70.39576,0.5604573,0.3216749
33.320001401007175,70.40376,0.56052464,0.32289568
33.32999972254038,70.41576,0.56052464,0.32289568
33.34000185877085,70.40376,0.560592,0.32411647
33.35000018030405,70.37976,0.56065935,0.32411647
33.359998501837254,70.39576,0.56072676,0.32533723
33.37000063806772,70.40776,0.5607941,0.32655802
33.379998959600925,70.41976,0.5609289,0.32655802
33.390001095831394,70.46776,0.5610636,0.32655802
33.3999994173646,70.511765,0.5613331,0.32655802
33.410001553595066,70.55976,0.5617373,0.32411647
33.41999987512827,70.65576,0.562411,0.3216749
33.42999819666147,70.82376,0.56328684,0.3167918
33.44000033289194,71.04776,0.5644995,0.30946714
33.449998654425144,71.30376,0.5658469,0.30092168
33.46000079065561,71.53175,0.56679016,0.2948178
33.469999112188816,71.60375,0.56719434,0.293597
33.480001248419285,71.599754,0.56719434,0.2948178
33.48999956995249,71.59576,0.56719434,0.29603857
33.50000170618296,71.63576,0.56719434,0.29725936
33.51000002771616,71.67175,0.56719434,0.29848012
33.51999834924936,71.64776,0.56719434,0.29848012
33.53000048547983,71.67576,0.56719434,0.30092168
33.539998807013035,71.67576,0.56719434,0.30092168
33.550000943243504,71.63176,0.56719434,0.30336323
33.55999926477671,71.599754,0.56719434,0.30336323
33.570001401007175,71.555756,0.56719434,0.30458403
33.57999972254038,71.515755,0.56719434,0.3058048
33.59000185877085,71.50375,0.56719434,0.30702558
33.60000018030405,71.543755,0.56719434,0.30824634
33.609998501837254,71.599754,0.56726176,0.30946714
33.62000063806772,71.583755,0.56726176,0.3106879
33.629998959600925,71.57976,0.56726176,0.3119087
33.640001095831394,71.555756,0.56726176,0.31312945
33.6499994173646,71.487755,0.56726176,0.31435025
33.660001553595066,71.459755,0.56726176,0.31435025
33.66999987512827,71.459755,0.5673291,0.315571
33.67999819666147,71.471756,0.5673291,0.3167918
33.69000033289194,71.46776,0.5673965,0.3167918
33.699998654425144,71.49576,0.5673965,0.31801257
33.71000079065561,71.543755,0.5674638,0.31923336
33.719999112188816,71.543755,0.56753117,0.32045412
33.730001248419285,71.53976,0.56766593,0.32045412
33.73999956995249,71.543755,0.5678681,0.32045412
33.75000170618296,71.55976,0.5682723,0.31801257
33.76000002771616,71.62376,0.56881124,0.315571
33.76999834924936,71.77576,0.5695523,0.3119087
33.78000048547983,71.99176,0.5704282,0.30702558
33.789998807013035,72.18775,0.5714387,0.30092168
33.800000943243504,72.38376,0.5721798,0.29725936
33.80999926477671,72.459755,0.5723819,0.29725936
33.820001401007175,72.431755,0.5723819,0.29848012
33.82999972254038,72.375755,0.5723819,0.29848012
33.84000185877085,72.37975,0.5723819,0.30092168
33.85000018030405,72.37975,0.5723819,0.30092168
33.859998501837254,72.38376,0.5723819,0.30336323
33.87000063806772,72.40775,0.57244927,0.30336323
33.879998959600925,72.431755,0.57244927,0.30458403
33.890001095831394,72.41576,0.57244927,0.3058048
33.8999994173646,72.391754,0.57244927,0.30702558
33.910001553595066,72.35976,0.57244927,0.30824634
33.91999987512827,72.307755,0.57244927,0.30824634
33.92999819666147,72.251755,0.57244927,0.3106879
33.94000033289194,72.28375,0.57244927,0.3106879
33.949998654425144,72.32775,0.57244927,0.31312945
33.96000079065561,72.35175,0.57244927,0.31312945
33.969999112188816,72.35175,0.5725167,0.31435025
33.980001248419285,72.33975,0.5725167,0.315571
33.98999956995249,72.307755,0.5725167,0.3167918
34.00000170618296,72.279755,0.5726514,0.3167918
34.01000002771616,72.279755,0.5726514,0.31801257
34.01999834924936,72.27175,0.57271874,0.31801257
34.03000048547983,72.23175,0.57271874,0.32045412
34.039998807013035,72.23175,0.57271874,0.32045412
34.050000943243504,72.29975,0.5728535,0.3216749
34.05999926477671,72.34376,0.5728535,0.32289568
34.070001401007175,72.35575,0.57292086,0.32289568
34.07999972254038,72.35175,0.5730556,0.32411647
34.09000185877085,72.33175,0.5731904,0.32411647
34.10000018030405,72.27175,0.5732577,0.32411647
34.109998501837254,72.28375,0.5732577,0.32533723
34.12000063806772,72.31175,0.57339245,0.32533723
34.129998959600925,72.34376,0.5735272,0.32533723
34.140001095831394,72.38376,0.57372934,0.32655802
34.1499994173646,72.47575,0.57406616,0.32411647
34.160001553595066,72.58775,0.57453775,0.32289568
34.16999987512827,72.68775,0.5752789,0.31801257
34.17999819666147,72.84375,0.5760873,0.31435025
34.19000033289194,73.00775,0.57709783,0.30824634
34.199998654425144,73.13575,0.578041,0.30336323
34.21000079065561,73.23175,0.57857996,0.29970092
34.219999112188816,73.29575,0.5786474,0.30092168
34.230001248419285,73.31575,0.5786474,0.30214247
34.23999956995249,73.34375,0.5786474,0.30336323
34.25000170618296,73.379745,0.5786474,0.30458403
34.26000002771616,73.41175,0.5786474,0.30458403
34.26999834924936,73.363754,0.5786474,0.30702558
34.28000048547983,73.34375,0.5786474,0.30702558
34.289998807013035,73.31975,0.5786474,0.30824634
34.300000943243504,73.26375,0.5786474,0.30946714
34.30999926477671,73.22375,0.5786474,0.3106879
34.320001401007175,73.21575,0.5786474,0.3119087
34.32999972254038,73.23575,0.5786474,0.31312945
34.34000185877085,73.27175,0.5786474,0.31435025
34.35000018030405,73.291756,0.5786474,0.315571
34.359998501837254,73.32375,0.5786474,0.3167918
34.37000063806772,73.25975,0.5787147,0.31801257
34.379998959600925,73.20375,0.5787147,0.31801257
34.390001095831394,73.16375,0.5787147,0.32045412
34.3999994173646,73.139755,0.5787147,0.32045412
34.410001553595066,73.12775,0.5787147,0.32289568
34.41999987512827,73.15975,0.5787147,0.32289568
34.42999819666147,73.16775,0.5787147,0.32411647
34.44000033289194,73.183754,0.5787147,0.32533723
34.449998654425144,73.20375,0.5787147,0.32655802
34.46000079065561,73.19975,0.5787147,0.3277788
34.469999112188816,73.15575,0.5787147,0.32899958
34.480001248419285,73.099754,0.5787147,0.33022034
34.48999956995249,73.06775,0.5787147,0.33144113
34.50000170618296,73.06375,0.5787147,0.3326619
34.51000002771616,73.07575,0.5787147,0.3338827
34.51999834924936,73.099754,0.5787147,0.33510345
34.53000048547983,73.14375,0.5787147,0.33632424
34.539998807013035,73.12375,0.57878214,0.337545
34.550000943243504,73.10375,0.57878214,0.337545
34.55999926477671,73.07975,0.5788495,0.3387658
34.570001401007175,73.06775,0.5789169,0.3387658
34.57999972254038,73.04775,0.57898426,0.33998656
34.59000185877085,73.043755,0.5790516,0.34120736
34.60000018030405,73.06775,0.5790516,0.34242812
34.609998501837254,73.087746,0.5791863,0.34242812
34.62000063806772,73.139755,0.57938844,0.34242812
34.629998959600925,73.22375,0.5795906,0.34120736
34.640001095831394,73.267746,0.57986003,0.33998656
34.6499994173646,73.28375,0.5803316,0.3387658
34.660001553595066,73.37175,0.580938,0.33632424
34.66999987512827,73.46375,0.58154434,0.3326619
34.67999819666147,73.57975,0.5822854,0.32899958
34.69000033289194,73.77575,0.58316123,0.32411647
34.699998654425144,74.019745,0.5841044,0.31801257
34.71000079065561,74.19175,0.58491284,0.31435025
34.719999112188816,74.295746,0.5853845,0.3119087
34.730001248419285,74.34775,0.58558655,0.3119087
34.73999956995249,74.34375,0.58565396,0.3119087
34.75000170618296,74.32775,0.5857213,0.31312945
34.76000002771616,74.33175,0.58578867,0.31312945
34.76999834924936,74.339745,0.5858561,0.31435025
34.78000048547983,74.323746,0.5858561,0.315571
34.789998807013035,74.339745,0.58592343,0.3167918
34.800000943243504,74.39975,0.5859908,0.3167918
34.80999926477671,74.41975,0.5861929,0.3167918
34.820001401007175,74.42774,0.58646244,0.3167918
34.82999972254038,74.42774,0.58673185,0.31435025
34.84000185877085,74.491745,0.5870687,0.31435025
34.85000018030405,74.52775,0.587473,0.3119087
34.859998501837254,74.63574,0.58787715,0.3106879
34.87000063806772,74.739746,0.5882814,0.30824634
34.879998959600925,74.81974,0.58868563,0.30702558
34.890001095831394,74.879745,0.5890225,0.3058048
34.8999994173646,74.93974,0.58929193,0.3058048
34.910001553595066,74.991745,0.5894941,0.30458403
34.91999987512827,74.98775,0.58969617,0.30458403
34.92999819666147,75.01174,0.5899657,0.30458403
34.94000033289194,75.02374,0.5901004,0.30458403
34.949998654425144,75.02374,0.5902351,0.30458403
34.96000079065561,75.04375,0.5903025,0.3058048
34.969999112188816,75.087746,0.5903025,0.30702558
34.980001248419285,75.11174,0.5903699,0.30702558
34.98999956995249,75.08375,0.5903699,0.30824634
35.00000170618296,75.059746,0.5903699,0.30946714
35.01000002771616,75.06774,0.59043723,0.3106879
35.01999834924936,75.01575,0.59043723,0.3106879
35.03000048547983,75.02775,0.59050465,0.3119087
35.039998807013035,75.031746,0.59050465,0.31312945
35.050000943243504,75.031746,0.590572,0.31435025
35.05999926477671,75.019745,0.5906394,0.31435025
35.070001401007175,75.059746,0.5907741,0.31435025
35.07999972254038,75.09575,0.5908415,0.315571
35.09000185877085,75.08375,0.5909088,0.3167918
35.10000018030405,75.07974,0.59097624,0.3167918
35.109998501837254,75.075745,0.591111,0.3167918
35.12000063806772,75.07174,0.5912458,0.3167918
35.129998959600925,75.059746,0.59131306,0.31801257
35.140001095831394,75.09174,0.59131306,0.31923336
35.1499994173646,75.12775,0.59144783,0.31923336
35.160001553595066,75.13574,0.5915152,0.32045412
35.16999987512827,75.143745,0.59164995,0.32045412
35.17999819666147,75.14774,0.5917173,0.32045412
35.19000033289194,75.143745,0.591852,0.3216749
35.199998654425144,75.171745,0.5920542,0.32045412
35.21000079065561,75.23575,0.592391,0.32045412
35.219999112188816,75.27174,0.5928626,0.31801257
35.230001248419285,75.39974,0.5935363,0.31435025
35.23999956995249,75.575745,0.5943448,0.30946714
35.25000170618296,75.77574,0.5951532,0.30458403
35.26000002771616,75.93174,0.59602904,0.30092168
35.26999834924936,76.07174,0.59670275,0.29725936
35.28000048547983,76.143745,0.59710693,0.2948178
35.289998807013035,76.15574,0.59730905,0.2948178
35.300000943243504,76.131744,0.59730905,0.29603857
35.30999926477671,76.15974,0.59730905,0.29725936
35.320001401007175,76.17974,0.59737647,0.29848012
35.32999972254038,76.18374,0.59737647,0.29848012
35.34000185877085,76.19974,0.59737647,0.30092168
35.35000018030405,76.21175,0.59737647,0.30092168
35.359998501837254,76.16774,0.59737647,0.30336323
35.37000063806772,76.12374,0.59737647,0.30336323
35.379998959600925,76.10774,0.59737647,0.30458403
35.390001095831394,76.08374,0.59737647,0.3058048
35.3999994173646,76.06774,0.5974438,0.30702558
35.410001553595066,76.08374,0.5974438,0.30824634
35.41999987512827,76.12374,0.5974438,0.30824634
35.42999819666147,76.12774,0.5974438,0.3106879
35.44000033289194,76.119736,0.5974438,0.3106879
35.449998654425144,76.09974,0.5974438,0.31312945
35.46000079065561,76.06374,0.5974438,0.31312945
35.469999112188816,76.01174,0.5974438,0.31435025
35.480001248419285,76.02374,0.59751123,0.315571
35.48999956995249,76.02374,0.59751123,0.3167918
35.50000170618296,76.01574,0.5975786,0.3167918
35.51000002771616,76.04774,0.5975786,0.31801257
35.51999834924936,76.06374,0.5976459,0.31923336
35.53000048547983,76.06774,0.5977133,0.32045412
35.539998807013035,76.09174,0.5979154,0.31923336
35.550000943243504,76.08374,0.5980502,0.32045412
35.55999926477671,76.08774,0.5981849,0.32045412
35.570001401007175,76.075745,0.59831965,0.32045412
35.57999972254038,76.119736,0.5985891,0.31923336
35.59000185877085,76.20374,0.59899336,0.31801257
35.60000018030405,76.31574,0.5995997,0.31435025
35.609998501837254,76.48374,0.60027343,0.3119087
35.62000063806772,76.60774,0.6008797,0.30824634
35.629998959600925,76.703735,0.601486,0.3058048
35.640001095831394,76.775734,0.6020924,0.30336323
35.6499994173646,76.88774,0.6026314,0.29970092
35.660001553595066,76.983734,0.60303557,0.29848012
35.66999987512827,76.97574,0.60317034,0.29848012
35.67999819666147,76.995735,0.60317034,0.29970092
35.69000033289194,77.023735,0.60317034,0.30092168
35.699998654425144,77.03174,0.60317034,0.30214247
35.71000079065561,77.05573,0.60317034,0.30336323
35.719999112188816,77.04774,0.60317034,0.30458403
35.730001248419285,77.023735,0.6032377,0.30458403
35.73999956995249,76.95174,0.6032377,0.3058048
35.75000170618296,76.92774,0.6033051,0.30702558
35.76000002771616,76.94374,0.6033051,0.30824634
35.76999834924936,76.93174,0.6033051,0.30824634
35.78000048547983,76.93574,0.60337245,0.30946714
35.789998807013035,76.96374,0.60337245,0.3106879
35.800000943243504,76.97974,0.60343987,0.3106879
35.80999926477671,76.97574,0.60350716,0.3119087
35.820001401007175,76.983734,0.6035746,0.31312945
35.82999972254038,76.95974,0.6035746,0.31435025
35.84000185877085,76.911736,0.6036419,0.31435025
35.85000018030405,76.89174,0.6037093,0.315571
35.859998501837254,76.92374,0.6037767,0.315571
35.87000063806772,76.92774,0.60384405,0.3167918
35.879998959600925,76.955734,0.60384405,0.31801257
35.890001095831394,76.983734,0.60391146,0.31801257
35.8999994173646,76.98774,0.60391146,0.31923336
35.910001553595066,76.96774,0.6040461,0.32045412
35.91999987512827,76.97974,0.6041809,0.32045412
35.92999819666147,76.955734,0.6042483,0.32045412
35.94000033289194,76.94374,0.60431564,0.3216749
35.949998654425144,76.95174,0.60438305,0.32289568
35.96000079065561,76.97174,0.60451776,0.32289568
35.969999112188816,77.00374,0.6045851,0.32289568
35.980001248419285,77.03174,0.60465246,0.32411647
35.98999956995249,77.07174,0.60478723,0.32411647
36.00000170618296,77.091736,0.60498935,0.32411647
36.01000002771616,77.09573,0.6052588,0.32289568
36.01999834924936,77.11574,0.60552835,0.32289568
36.03000048547983,77.17974,0.60593253,0.32045412
36.039998807013035,77.247734,0.6064041,0.31801257
36.050000943243504,77.34773,0.60694313,0.315571
36.05999926477671,77.49973,0.6074821,0.31312945
36.070001401007175,77.635735,0.60808843,0.3106879
36.07999972254038,77.719734,0.6086274,0.30824634
36.09000185877085,77.815735,0.6089642,0.30702558
36.10000018030405,77.855736,0.609099,0.30702558
36.109998501837254,77.80773,0.609099,0.30824634
36.12000063806772,77.775734,0.609099,0.30946714
36.129998959600925,77.78374,0.609099,0.3106879
36.140001095831394,77.79574,0.609099,0.3119087
36.1499994173646,77.79574,0.609099,0.31312945
36.160001553595066,77.827736,0.609099,0.31312945
36.16999987512827,77.80773,0.609099,0.31435025
36.17999819666147,77.77973,0.609099,0.315571
36.19000033289194,77.74374,0.6091663,0.3167918
36.199998654425144,77.719734,0.6091663,0.31801257
36.21000079065561,77.69574,0.6091663,0.31923336
36.219999112188816,77.69574,0.6091663,0.32045412
36.230001248419285,77.69574,0.6091663,0.3216749
36.23999956995249,77.73573,0.6091663,0.32289568
36.25000170618296,77.719734,0.6091663,0.32411647
36.26000002771616,77.72774,0.6091663,0.32411647
36.26999834924936,77.72374,0.6091663,0.32655802
36.28000048547983,77.67973,0.60923374,0.32655802
36.289998807013035,77.63973,0.60923374,0.3277788
36.300000943243504,77.635735,0.60923374,0.32899958
36.30999926477671,77.62774,0.60923374,0.33022034
36.320001401007175,77.619736,0.60936844,0.33022034
36.32999972254038,77.675735,0.6095032,0.33022034
36.34000185877085,77.72374,0.60957056,0.33144113
36.35000018030405,77.703735,0.60957056,0.3326619
36.359998501837254,77.68374,0.6096379,0.3326619
36.37000063806772,77.691734,0.6096379,0.3338827
36.379998959600925,77.67173,0.6097053,0.33510345
36.390001095831394,77.635735,0.6097053,0.33632424
36.3999994173646,77.62774,0.6097727,0.33632424
36.410001553595066,77.65574,0.6097727,0.337545
36.41999987512827,77.675735,0.6099074,0.3387658
36.42999819666147,77.71173,0.61004215,0.3387658
36.44000033289194,77.75574,0.6101769,0.3387658
36.449998654425144,77.775734,0.610379,0.3387658
36.46000079065561,77.78374,0.6105811,0.3387658
36.469999112188816,77.79173,0.6107833,0.337545
36.480001248419285,77.82374,0.61098534,0.337545
36.48999956995249,77.84773,0.6112548,0.33632424
36.50000170618296,77.93173,0.6115917,0.33632424
36.51000002771616,78.02773,0.6119286,0.3338827
36.51999834924936,78.09973,0.61233276,0.3326619
36.53000048547983,78.19573,0.61287177,0.33022034
36.539998807013035,78.315735,0.6135454,0.32655802
36.550000943243504,78.44373,0.6142191,0.32411647
36.55999926477671,78.535736,0.6148255,0.32045412
36.570001401007175,78.61973,0.61522967,0.31801257
36.57999972254038,78.64373,0.61536443,0.31801257
36.59000185877085,78.64373,0.61536443,0.32045412
36.60000018030405,78.635735,0.61536443,0.32045412
36.609998501837254,78.68373,0.61536443,0.32289568
36.62000063806772,78.703735,0.61536443,0.32289568
36.629998959600925,78.68373,0.61543185,0.32411647
36.640001095831394,78.67173,0.61543185,0.32533723
36.6499994173646,78.65973,0.61543185,0.32655802
36.660001553595066,78.59573,0.6154992,0.32655802
36.66999987512827,78.57973,0.6154992,0.3277788
36.67999819666147,78.57574,0.6154992,0.32899958
36.69000033289194,78.57973,0.6154992,0.33022034
36.699998654425144,78.58774,0.61556655,0.33144113
36.71000079065561,78.62373,0.61556655,0.3326619
36.719999112188816,78.64373,0.61563396,0.3326619
36.730001248419285,78.62373,0.61570126,0.3338827
36.73999956995249,78.62373,0.6157687,0.3338827
36.75000170618296,78.59573,0.61590344,0.3338827
36.76000002771616,78.57973,0.6159708,0.33510345
36.76999834924936,78.57173,0.6159708,0.33632424
36.78000048547983,78.59573,0.61603814,0.337545
36.789998807013035,78.61173,0.61610556,0.337545
36.800000943243504,78.635735,0.61624026,0.3387658
36.80999926477671,78.71173,0.6164424,0.337545
36.820001401007175,78.763725,0.61671185,0.337545
36.82999972254038,78.771736,0.61704874,0.33632424
36.84000185877085,78.827736,0.6174529,0.3338827
36.85000018030405,78.89573,0.6180593,0.33144113
36.859998501837254,79.02773,0.61893505,0.32655802
36.87000063806772,79.23573,0.6200804,0.31923336
36.879998959600925,79.54373,0.62142783,0.3119087
36.890001095831394,79.81973,0.6226405,0.30458403
36.8999994173646,80.00773,0.6235163,0.29970092
36.910001553595066,80.15973,0.62419,0.29603857
36.91999987512827,80.27173,0.6248637,0.29237625
36.92999819666147,80.37973,0.62553746,0.2887139
36.94000033289194,80.50372,0.62621117,0.28505158
36.949998654425144,80.67572,0.6270196,0.28138924
36.96000079065561,80.847725,0.62796277,0.27528536
36.969999112188816,81.015724,0.62870383,0.27162302
36.980001248419285,81.11572,0.6290407,0.27040225
36.98999956995249,81.13573,0.6291081,0.27162302
37.00000170618296,81.083725,0.6291081,0.27162302
37.01000002771616,81.067726,0.6291081,0.2728438
37.01999834924936,81.07172,0.6291081,0.27406457
37.03000048547983,81.055725,0.6291081,0.27528536
37.039998807013035,81.03973,0.6291081,0.27650613
37.050000943243504,81.055725,0.6291081,0.27772692
37.05999926477671,81.055725,0.6291081,0.27894768
37.070001401007175,81.01972,0.6291081,0.28016847
37.07999972254038,81.00772,0.6291081,0.28138924
37.09000185877085,80.97573,0.6291081,0.28261003
37.10000018030405,80.92373,0.6291081,0.2838308
37.109998501837254,80.90772,0.6291081,0.28505158
37.12000063806772,80.92373,0.6291081,0.28627235
37.129998959600925,80.92373,0.6291081,0.28749314
37.140001095831394,80.92373,0.6291081,0.2887139
37.1499994173646,80.90772,0.6291081,0.2887139
37.160001553595066,80.915726,0.6291081,0.29115546
37.16999987512827,80.86372,0.6291081,0.29115546
37.17999819666147,80.84373,0.6291754,0.29237625
37.19000033289194,80.82773,0.6291754,0.293597
37.199998654425144,80.80373,0.6291754,0.2948178
37.21000079065561,80.79173,0.6291754,0.29603857
37.219999112188816,80.81972,0.6291754,0.29725936
37.230001248419285,80.82372,0.6291754,0.29848012
37.23999956995249,80.80373,0.6291754,0.29970092
37.25000170618296,80.80373,0.6291754,0.30092168
37.26000002771616,80.78372,0.62924284,0.30092168
37.26999834924936,80.75973,0.62924284,0.30214247
37.28000048547983,80.71173,0.62924284,0.30336323
37.289998807013035,80.71973,0.62924284,0.30458403
37.300000943243504,80.723724,0.62924284,0.3058048
37.30999926477671,80.707726,0.62924284,0.30702558
37.320001401007175,80.71572,0.6293102,0.30702558
37.32999972254038,80.73972,0.6293776,0.30824634
37.34000185877085,80.73173,0.6294449,0.30824634
37.35000018030405,80.71572,0.6294449,0.3106879
37.359998501837254,80.73173,0.62951225,0.3106879
37.37000063806772,80.71173,0.629647,0.3106879
37.379998959600925,80.71973,0.6297818,0.3106879
37.390001095831394,80.76772,0.63005126,0.3106879
37.3999994173646,80.85972,0.6304555,0.30946714
37.410001553595066,80.931725,0.6309271,0.30702558
37.41999987512827,81.06372,0.63153344,0.30336323
37.42999819666147,81.19972,0.6322745,0.30092168
37.44000033289194,81.32772,0.633083,0.29603857
37.449998654425144,81.49972,0.6340935,0.2899347
37.46000079065561,81.67172,0.6348346,0.28505158
37.469999112188816,81.75572,0.6352388,0.2838308
37.480001248419285,81.75172,0.6353062,0.28505158
37.48999956995249,81.76772,0.6353062,0.28627235
37.50000170618296,81.79172,0.6353062,0.28749314
37.51000002771616,81.79973,0.63537353,0.28749314
37.51999834924936,81.807724,0.63544095,0.2887139
37.53000048547983,81.82772,0.63544095,0.2887139
37.539998807013035,81.79973,0.63544095,0.29115546
37.550000943243504,81.72772,0.63544095,0.29115546
37.55999926477671,81.71973,0.6355083,0.29237625
37.570001401007175,81.71572,0.63557565,0.293597
37.57999972254038,81.69173,0.63557565,0.2948178
37.59000185877085,81.71172,0.63564306,0.2948178
37.60000018030405,81.75172,0.6357104,0.29603857
37.609998501837254,81.76772,0.63577783,0.29603857
37.62000063806772,81.779724,0.6359125,0.29725936
37.629998959600925,81.79572,0.6359799,0.29725936
37.640001095831394,81.76772,0.63611466,0.29848012
37.6499994173646,81.74372,0.636182,0.29848012
37.660001553595066,81.73972,0.6363168,0.29848012
37.66999987512827,81.75572,0.6363168,0.29970092
37.67999819666147,81.75973,0.63638407,0.30092168
37.69000033289194,81.779724,0.6364515,0.30092168
37.699998654425144,81.81972,0.6366536,0.30092168
37.71000079065561,81.87972,0.6369231,0.29970092
37.719999112188816,81.92772,0.6373273,0.29848012
37.730001248419285,81.99572,0.63773155,0.29725936
37.73999956995249,82.07172,0.63820314,0.2948178
37.75000170618296,82.11971,0.6387421,0.29237625
37.76000002771616,82.23172,0.63934845,0.2887139
37.76999834924936,82.38772,0.6400895,0.28505158
37.78000048547983,82.52372,0.64062846,0.28261003
37.789998807013035,82.58372,0.6407632,0.28261003
37.800000943243504,82.59972,0.6407632,0.2838308
37.80999926477671,82.57572,0.6407632,0.28505158
37.820001401007175,82.531715,0.6407632,0.28627235
37.82999972254038,82.531715,0.6407632,0.28749314
37.84000185877085,82.50771,0.6407632,0.2887139
37.85000018030405,82.515724,0.6407632,0.2899347
37.859998501837254,82.48372,0.6407632,0.29115546
37.87000063806772,82.49972,0.6407632,0.29237625
37.879998959600925,82.487724,0.6407632,0.293597
37.890001095831394,82.47172,0.6407632,0.293597
37.8999994173646,82.46372,0.6407632,0.2948178
37.910001553595066,82.45171,0.6407632,0.29603857
37.91999987512827,82.42772,0.6407632,0.29725936
37.92999819666147,82.38772,0.6407632,0.29848012
37.94000033289194,82.39972,0.6408306,0.29970092
37.949998654425144,82.40372,0.6408306,0.30092168
37.96000079065561,82.39172,0.640898,0.30092168
37.969999112188816,82.39172,0.64096534,0.30214247
37.980001248419285,82.39572,0.64096534,0.30336323
37.98999956995249,82.37972,0.64096534,0.30458403
38.00000170618296,82.35972,0.64096534,0.3058048
38.01000002771616,82.35172,0.64096534,0.30702558
38.01999834924936,82.33572,0.64096534,0.30824634
38.03000048547983,82.31572,0.64096534,0.30824634
38.039998807013035,82.323715,0.64096534,0.3106879
38.050000943243504,82.33972,0.64096534,0.3106879
38.05999926477671,82.31972,0.6410327,0.3119087
38.070001401007175,82.30772,0.6410327,0.31312945
38.07999972254038,82.323715,0.6410327,0.31435025
38.09000185877085,82.29972,0.64110005,0.31435025
38.10000018030405,82.27972,0.64110005,0.315571
38.109998501837254,82.295715,0.6411674,0.3167918
38.12000063806772,82.29972,0.6412348,0.3167918
38.129998959600925,82.27972,0.6412348,0.31801257
38.140001095831394,82.29972,0.6413696,0.31801257
38.1499994173646,82.31972,0.6415043,0.31923336
38.160001553595066,82.33572,0.6415717,0.31923336
38.16999987512827,82.31572,0.641639,0.32045412
38.17999819666147,82.323715,0.6417064,0.32045412
38.19000033289194,82.30772,0.6417064,0.32289568
38.199998654425144,82.28772,0.64177376,0.32289568
38.21000079065561,82.30772,0.64177376,0.32411647
38.219999112188816,82.34373,0.6418411,0.32411647
38.230001248419285,82.33572,0.6419759,0.32533723
38.23999956995249,82.363716,0.64211065,0.32533723
38.25000170618296,82.40772,0.6423127,0.32533723
38.26000002771616,82.43172,0.6425149,0.32411647
38.26999834924936,82.43572,0.64291906,0.32289568
38.28000048547983,82.531715,0.64339066,0.32045412
38.289998807013035,82.64772,0.643997,0.31801257
38.300000943243504,82.79172,0.6446707,0.31435025
38.30999926477671,82.935715,0.64547914,0.3106879
38.320001401007175,83.10772,0.64622027,0.3058048
38.32999972254038,83.27571,0.6469613,0.30214247
38.34000185877085,83.34772,0.64736557,0.30092168
38.35000018030405,83.41572,0.64763504,0.29970092
38.359998501837254,83.41572,0.6477024,0.30092168
38.37000063806772,83.39172,0.6477024,0.30092168
38.379998959600925,83.39172,0.6477024,0.30336323
38.390001095831394,83.41971,0.6477698,0.30336323
38.3999994173646,83.41971,0.6477698,0.30458403
38.410001553595066,83.42772,0.6477698,0.3058048
38.41999987512827,83.407715,0.6477698,0.30702558
38.42999819666147,83.39571,0.64783716,0.30702558
38.44000033289194,83.35172,0.6479045,0.30824634
38.449998654425144,83.35571,0.6479045,0.30946714
38.46000079065561,83.35571,0.6479045,0.3106879
38.469999112188816,83.32771,0.6479719,0.3106879
38.480001248419285,83.33972,0.6479719,0.3119087
38.48999956995249,83.35571,0.6479719,0.31312945
38.50000170618296,83.37171,0.6479719,0.31435025
38.51000002771616,83.33172,0.6479719,0.315571
38.51999834924936,83.31972,0.6479719,0.3167918
38.53000048547983,83.31571,0.6480392,0.31801257
38.539998807013035,83.27172,0.6480392,0.31801257
38.550000943243504,83.24372,0.64810663,0.31923336
38.55999926477671,83.27972,0.64810663,0.32045412
38.570001401007175,83.29172,0.648174,0.3216749
38.57999972254038,83.31172,0.64830875,0.3216749
38.59000185877085,83.33572,0.6483761,0.32289568
38.60000018030405,83.35972,0.6484435,0.32289568
38.609998501837254,83.323715,0.6485109,0.32411647
38.62000063806772,83.30772,0.6485782,0.32411647
38.629998959600925,83.323715,0.64871293,0.32411647
38.640001095831394,83.323715,0.6488477,0.32411647
38.6499994173646,83.35172,0.6490498,0.32411647
38.660001553595066,83.43172,0.64945406,0.32289568
38.66999987512827,83.547714,0.64992565,0.32045412
38.67999819666147,83.655716,0.6504646,0.31801257
38.69000033289194,83.755714,0.6509362,0.315571
38.699998654425144,83.82772,0.6514752,0.31435025
38.71000079065561,83.90372,0.6519468,0.3106879
38.719999112188816,83.99171,0.6525531,0.30824634
38.730001248419285,84.115715,0.6530921,0.3058048
38.73999956995249,84.239716,0.6535637,0.30336323
38.75000170618296,84.28371,0.6539005,0.30214247
38.76000002771616,84.31571,0.6540353,0.30336323
38.76999834924936,84.36371,0.65417,0.30336323
38.78000048547983,84.37171,0.65430474,0.30336323
38.789998807013035,84.39571,0.65443945,0.30336323
38.800000943243504,84.41171,0.6545742,0.30336323
38.80999926477671,84.41171,0.65464157,0.30458403
38.820001401007175,84.38772,0.654709,0.30458403
38.82999972254038,84.39171,0.65477633,0.3058048
38.84000185877085,84.41571,0.65477633,0.30702558
38.85000018030405,84.39972,0.65477633,0.30824634
38.859998501837254,84.39972,0.65484375,0.30824634
38.87000063806772,84.41971,0.65491104,0.30946714
38.879998959600925,84.41571,0.6550458,0.30946714
38.890001095831394,84.41971,0.6552479,0.30946714
38.8999994173646,84.475716,0.6555174,0.30824634
38.910001553595066,84.51171,0.6558543,0.30702558
38.91999987512827,84.56771,0.6562585,0.3058048
38.92999819666147,84.66371,0.65679747,0.30336323
38.94000033289194,84.799706,0.6573364,0.30092168
38.949998654425144,84.90372,0.6578754,0.29848012
38.96000079065561,85.00371,0.65841436,0.29603857
38.969999112188816,85.115715,0.6589533,0.293597
38.980001248419285,85.187706,0.65935755,0.29115546
38.98999956995249,85.20371,0.65955967,0.29115546
39.00000170618296,85.23171,0.6596944,0.29115546
39.01000002771616,85.25971,0.6597617,0.29237625
39.01999834924936,85.25171,0.65982914,0.29237625
39.03000048547983,85.24371,0.65982914,0.293597
39.039998807013035,85.28771,0.6598965,0.2948178
39.050000943243504,85.27171,0.6599639,0.2948178
39.05999926477671,85.25971,0.6599639,0.29603857
39.070001401007175,85.25571,0.66003126,0.29725936
39.07999972254038,85.23571,0.66003126,0.29848012
39.09000185877085,85.20371,0.66003126,0.29848012
39.10000018030405,85.183716,0.66003126,0.30092168
39.109998501837254,85.19171,0.66003126,0.30092168
39.12000063806772,85.187706,0.6600987,0.30214247
39.129998959600925,85.19171,0.6600987,0.30336323
39.140001095831394,85.19971,0.6600987,0.30458403
39.1499994173646,85.187706,0.6600987,0.3058048
39.160001553595066,85.147705,0.6600987,0.30702558
39.16999987512827,85.13571,0.6600987,0.30824634
39.17999819666147,85.13171,0.6600987,0.30946714
39.19000033289194,85.079704,0.6600987,0.3106879
39.199998654425144,85.087715,0.6600987,0.3119087
39.21000079065561,85.115715,0.6600987,0.31312945
39.219999112188816,85.09971,0.6600987,0.31435025
39.230001248419285,85.091705,0.660166,0.31435025
39.23999956995249,85.103714,0.660166,0.315571
39.25000170618296,85.09571,0.6602333,0.3167918
39.26000002771616,85.075714,0.6603681,0.3167918
39.26999834924936,85.059715,0.66050285,0.3167918
39.28000048547983,85.103714,0.6606376,0.3167918
39.289998807013035,85.119705,0.6607723,0.3167918
39.300000943243504,85.115715,0.6608397,0.31801257
39.30999926477671,85.16771,0.66097444,0.31801257
39.320001401007175,85.215706,0.66117656,0.31801257
39.32999972254038,85.24771,0.6615134,0.3167918
39.34000185877085,85.30771,0.6619176,0.315571
39.35000018030405,85.40371,0.6623892,0.31312945
39.359998501837254,85.467705,0.6629956,0.3106879
39.37000063806772,85.57571,0.6635345,0.30702558
39.379998959600925,85.70771,0.66420823,0.30336323
39.390001095831394,85.82371,0.66488194,0.30092168
39.3999994173646,85.995705,0.665623,0.29725936
39.410001553595066,86.11571,0.6660946,0.2948178
39.41999987512827,86.19171,0.66636413,0.293597
39.42999819666147,86.18371,0.6664315,0.293597
39.44000033289194,86.18371,0.6664315,0.2948178
39.449998654425144,86.17171,0.6664315,0.29603857
39.46000079065561,86.1677,0.6664315,0.29725936
39.469999112188816,86.12371,0.6664315,0.29848012
39.480001248419285,86.13571,0.6664315,0.29970092
39.48999956995249,86.147705,0.6664315,0.30092168
39.50000170618296,86.11171,0.6664315,0.30214247
39.51000002771616,86.107704,0.6664315,0.30336323
39.51999834924936,86.09571,0.6664315,0.30458403
39.53000048547983,86.07171,0.6664315,0.3058048
39.539998807013035,86.03171,0.66649884,0.30702558
39.550000943243504,86.03171,0.66649884,0.30702558
39.55999926477671,86.05571,0.66649884,0.30824634
39.570001401007175,86.04771,0.66649884,0.30946714
39.57999972254038,86.0397,0.6665662,0.3106879
39.59000185877085,86.051704,0.66663355,0.3106879
39.60000018030405,86.03171,0.66670096,0.3119087
39.609998501837254,86.01571,0.66670096,0.31312945
39.62000063806772,86.0117,0.66670096,0.31435025
39.629998959600925,85.99971,0.66670096,0.315571
39.640001095831394,85.97571,0.6667683,0.315571
39.6499994173646,85.991714,0.6667683,0.3167918
39.660001553595066,86.01571,0.6668357,0.31801257
39.66999987512827,86.01571,0.6669031,0.31801257
39.67999819666147,86.00371,0.66697043,0.31923336
39.69000033289194,86.019714,0.66703784,0.32045412
39.699998654425144,86.03171,0.6672399,0.31923336
39.71000079065561,86.0597,0.66750944,0.31923336
39.719999112188816,86.119705,0.66784626,0.31801257
39.730001248419285,86.1677,0.6681158,0.3167918
39.73999956995249,86.21171,0.6683852,0.3167918
39.75000170618296,86.27971,0.66872203,0.315571
39.76000002771616,86.395706,0.6691936,0.31312945
39.76999834924936,86.47571,0.6698,0.3106879
39.78000048547983,86.5837,0.6703389,0.30702558
39.789998807013035,86.687706,0.6709453,0.30458403
39.800000943243504,86.81171,0.671619,0.30092168
39.80999926477671,86.8877,0.672158,0.29848012
39.820001401007175,86.9557,0.6723601,0.29848012
39.82999972254038,86.98771,0.6724275,0.29848012
39.84000185877085,86.9757,0.6724275,0.29970092
39.85000018030405,86.95971,0.6724948,0.30092168
39.859998501837254,87.0037,0.6724948,0.30214247
39.87000063806772,86.99971,0.6725622,0.30214247
39.879998959600925,86.9837,0.6725622,0.30336323
39.890001095831394,86.979706,0.6725622,0.30458403
39.8999994173646,86.9557,0.6726296,0.3058048
39.910001553595066,86.9157,0.6726296,0.30702558
39.91999987512827,86.90771,0.6726296,0.30824634
39.92999819666147,86.9037,0.6726296,0.30824634
39.94000033289194,86.927704,0.67269695,0.30946714
39.949998654425144,86.90771,0.67269695,0.3106879
39.96000079065561,86.91971,0.67269695,0.3119087
39.969999112188816,86.91971,0.67276436,0.31312945
39.980001248419285,86.89171,0.6728317,0.31312945
39.98999956995249,86.871704,0.6728317,0.31435025
40.00000170618296,86.8757,0.67289907,0.31435025
40.01000002771616,86.871704,0.6729664,0.315571
40.01999834924936,86.86371,0.6730338,0.3167918
40.03000048547983,86.89171,0.6730338,0.31801257
40.039998807013035,86.90771,0.6731012,0.31801257
40.050000943243504,86.90771,0.67323595,0.31801257
40.05999926477671,86.91971,0.6733033,0.31923336
40.070001401007175,86.91971,0.6733033,0.32045412
40.07999972254038,86.8837,0.6733033,0.3216749
40.09000185877085,86.85171,0.67337066,0.32289568
40.10000018030405,86.86371,0.673438,0.32289568
40.109998501837254,86.89171,0.6735728,0.32289568
40.12000063806772,86.8957,0.67364013,0.32411647
40.129998959600925,86.9437,0.6737749,0.32411647
40.140001095831394,86.98771,0.67390966,0.32411647
40.1499994173646,86.967705,0.6740444,0.32411647
40.160001553595066,86.98771,0.67431384,0.32411647
40.16999987512827,87.04771,0.6745833,0.32289568
40.17999819666147,87.0877,0.67498755,0.3216749
40.19000033289194,87.159706,0.6753918,0.31923336
40.199998654425144,87.2477,0.6758634,0.31801257
40.21000079065561,87.387695,0.67646974,0.31435025
40.219999112188816,87.4997,0.6770761,0.3119087
40.230001248419285,87.6277,0.67774975,0.30824634
40.23999956995249,87.7517,0.6782887,0.3058048
40.25000170618296,87.7877,0.67842346,0.3058048
40.26000002771616,87.7597,0.6784908,0.30702558
40.26999834924936,87.7517,0.6784908,0.30702558
40.28000048547983,87.7677,0.6784908,0.30824634
40.289998807013035,87.747696,0.67855823,0.30946714
40.300000943243504,87.7797,0.67855823,0.3106879
40.30999926477671,87.8037,0.67855823,0.3119087
40.320001401007175,87.7797,0.67855823,0.31312945
40.32999972254038,87.7517,0.67855823,0.31435025
40.34000185877085,87.7317,0.67855823,0.315571
40.35000018030405,87.691696,0.67855823,0.3167918
40.359998501837254,87.6437,0.6786256,0.3167918
40.37000063806772,87.659706,0.6786256,0.31801257
40.379998959600925,87.7117,0.678693,0.31801257
40.390001095831394,87.72771,0.67882764,0.31923336
40.3999994173646,87.7637,0.6790298,0.31923336
40.410001553595066,87.78371,0.6790298,0.32045412
40.41999987512827,87.7517,0.6790298,0.32045412
40.42999819666147,87.6837,0.6790298,0.32289568
40.44000033289194,87.675705,0.6790298,0.32289568
40.449998654425144,87.679695,0.6790298,0.32411647
40.46000079065561,87.6717,0.6791646,0.32533723
40.469999112188816,87.6957,0.67923194,0.32533723
40.480001248419285,87.7397,0.67929924,0.32655802
40.48999956995249,87.7357,0.67929924,0.3277788
40.50000170618296,87.707695,0.67929924,0.3277788
40.51000002771616,87.6997,0.67929924,0.33022034
40.51999834924936,87.6717,0.67936665,0.33022034
40.53000048547983,87.6317,0.67936665,0.33144113
40.539998807013035,87.619705,0.67936665,0.3326619
40.550000943243504,87.6557,0.679434,0.3338827
40.55999926477671,87.6557,0.6795014,0.3338827
40.570001401007175,87.663704,0.6795014,0.33510345
40.57999972254038,87.687706,0.67956877,0.33632424
40.59000185877085,87.6837,0.67970353,0.33632424
40.60000018030405,87.6677,0.6799056,0.33632424
40.609998501837254,87.707695,0.6801077,0.33510345
40.62000063806772,87.7517,0.6803772,0.33510345
40.629998959600925,87.8157,0.68084884,0.3326619
40.640001095831394,87.9157,0.6815225,0.33022034
40.6499994173646,88.0797,0.68219626,0.32533723
40.660001553595066,88.2717,0.6830047,0.3216749
40.66999987512827,88.4317,0.6838805,0.3167918
40.67999819666147,88.611694,0.6847563,0.3119087
40.69000033289194,88.7157,0.6851605,0.30946714
40.699998654425144,88.7037,0.6852279,0.3106879
40.71000079065561,88.6837,0.6852279,0.3119087
40.719999112188816,88.6957,0.6852279,0.31312945
40.730001248419285,88.7037,0.6852953,0.31312945
40.73999956995249,88.719696,0.6852953,0.31435025
40.75000170618296,88.747696,0.6852953,0.315571
40.76000002771616,88.7517,0.6852953,0.3167918
40.76999834924936,88.691696,0.6852953,0.31801257
40.78000048547983,88.679695,0.6852953,0.31923336
40.789998807013035,88.639694,0.68536264,0.32045412
40.800000943243504,88.619705,0.68543005,0.32045412
40.80999926477671,88.6037,0.6854974,0.3216749
40.820001401007175,88.659706,0.6856321,0.3216749
40.82999972254038,88.6997,0.6857669,0.3216749
40.84000185877085,88.7357,0.68590164,0.3216749
40.85000018030405,88.7877,0.68617105,0.3216749
40.859998501837254,88.8277,0.68650794,0.32045412
40.87000063806772,88.8837,0.68704695,0.31801257
40.879998959600925,88.9877,0.68785536,0.31312945
40.890001095831394,89.2037,0.6889333,0.30702558
40.8999994173646,89.455696,0.69028074,0.29848012
40.910001553595066,89.73969,0.69176286,0.2899347
40.91999987512827,90.011696,0.6928408,0.2838308
40.92999819666147,90.207695,0.6935819,0.27894768
40.94000033289194,90.34769,0.69439036,0.27528536
40.949998654425144,90.48369,0.6952661,0.27040225
40.96000079065561,90.67969,0.6962094,0.26429835
40.969999112188816,90.863686,0.69728726,0.25819448
40.980001248419285,91.01569,0.6980283,0.25453213
40.98999956995249,91.08769,0.6981631,0.25453213
41.00000170618296,91.09169,0.6981631,0.25575292
41.01000002771616,91.07568,0.6981631,0.25697368
41.01999834924936,91.08769,0.6981631,0.25819448
41.03000048547983,91.07568,0.6981631,0.25941524
41.039998807013035,91.06369,0.6981631,0.26063603
41.050000943243504,91.02369,0.6981631,0.2618568
41.05999926477671,90.99569,0.6981631,0.2630776
41.070001401007175,91.00369,0.6981631,0.2630776
41.07999972254038,90.95969,0.6981631,0.26551914
41.09000185877085,90.94369,0.6981631,0.26551914
41.10000018030405,90.91169,0.6981631,0.2679607
41.109998501837254,90.89569,0.6981631,0.2679607
41.12000063806772,90.89569,0.6981631,0.26918146
41.129998959600925,90.91569,0.6981631,0.27040225
41.140001095831394,90.89569,0.6981631,0.27162302
41.1499994173646,90.85569,0.6981631,0.2728438
41.160001553595066,90.82769,0.6981631,0.27406457
41.16999987512827,90.791695,0.6981631,0.27528536
41.17999819666147,90.77569,0.6981631,0.27650613
41.19000033289194,90.77169,0.6981631,0.27772692
41.199998654425144,90.77169,0.6981631,0.27894768
41.21000079065561,90.74369,0.6981631,0.28016847
41.219999112188816,90.72769,0.6981631,0.28138924
41.230001248419285,90.74369,0.6981631,0.28261003
41.23999956995249,90.74369,0.6981631,0.28261003
41.25000170618296,90.69169,0.6981631,0.28505158
41.26000002771616,90.68369,0.6981631,0.28505158
41.26999834924936,90.65169,0.6981631,0.28749314
41.28000048547983,90.62769,0.6981631,0.28749314
41.289998807013035,90.62769,0.6981631,0.2887139
41.300000943243504,90.65569,0.6981631,0.2899347
41.30999926477671,90.65169,0.6981631,0.29115546
41.320001401007175,90.599686,0.6981631,0.29237625
41.32999972254038,90.59169,0.6981631,0.293597
41.34000185877085,90.5797,0.6981631,0.2948178
41.35000018030405,90.54769,0.6981631,0.29603857
41.359998501837254,90.539696,0.6981631,0.29725936
41.37000063806772,90.53569,0.6981631,0.29848012
41.379998959600925,90.51969,0.6981631,0.29970092
41.390001095831394,90.499695,0.6981631,0.30092168
41.3999994173646,90.511696,0.6981631,0.30214247
41.410001553595066,90.52369,0.6981631,0.30336323
41.41999987512827,90.48769,0.6981631,0.30458403
41.42999819666147,90.4637,0.6981631,0.30458403
41.44000033289194,90.443695,0.6981631,0.30702558
41.449998654425144,90.41969,0.6981631,0.30702558
41.46000079065561,90.41569,0.6981631,0.30824634
41.469999112188816,90.43569,0.6981631,0.30946714
41.480001248419285,90.43569,0.6982305,0.3106879
41.48999956995249,90.41569,0.6982305,0.3119087
41.50000170618296,90.403694,0.6982305,0.31312945
41.51000002771616,90.39169,0.6982305,0.31435025
41.51999834924936,90.375694,0.6982305,0.31435025
41.53000048547983,90.35169,0.6982305,0.3167918
41.539998807013035,90.34769,0.6982305,0.3167918
41.550000943243504,90.3157,0.69829786,0.31801257
41.55999926477671,90.307686,0.69829786,0.31923336
41.570001401007175,90.33969,0.69829786,0.32045412
41.57999972254038,90.3437,0.69836515,0.32045412
41.59000185877085,90.31169,0.69836515,0.32289568
41.60000018030405,90.303696,0.69836515,0.32289568
41.609998501837254,90.29969,0.6984999,0.32411647
41.62000063806772,90.31169,0.6986347,0.32411647
41.629998959600925,90.3277,0.6988368,0.32411647
41.640001095831394,90.38769,0.6991063,0.32289568
41.6499994173646,90.45569,0.6994431,0.3216749
41.660001553595066,90.52369,0.6999821,0.31923336
41.66999987512827,90.67169,0.7007232,0.315571
41.67999819666147,90.875694,0.7018011,0.30946714
41.69000033289194,91.12769,0.7032159,0.30092168
41.699998654425144,91.39169,0.70442855,0.293597
41.71000079065561,91.55969,0.7050349,0.2899347
41.719999112188816,91.57968,0.7051697,0.2899347
41.730001248419285,91.54769,0.7051697,0.29115546
41.73999956995249,91.56769,0.7051697,0.29237625
41.75000170618296,91.59569,0.7051697,0.293597
41.76000002771616,91.61569,0.7051697,0.2948178
41.76999834924936,91.60768,0.7051697,0.29603857
41.78000048547983,91.61169,0.7051697,0.29725936
41.789998807013035,91.56369,0.7051697,0.29848012
41.800000943243504,91.511696,0.7051697,0.29970092
41.80999926477671,91.48369,0.7051697,0.30092168
41.820001401007175,91.46769,0.7051697,0.30214247
41.82999972254038,91.447685,0.7051697,0.30336323
41.84000185877085,91.45569,0.7051697,0.30458403
41.85000018030405,91.503685,0.7051697,0.30458403
41.859998501837254,91.52769,0.7051697,0.30702558
41.87000063806772,91.49569,0.7051697,0.30702558
41.879998959600925,91.471695,0.70523703,0.30824634
41.890001095831394,91.42769,0.70523703,0.30946714
41.8999994173646,91.35969,0.70523703,0.3106879
41.910001553595066,91.36369,0.7053044,0.3106879
41.91999987512827,91.38769,0.70537174,0.3119087
41.92999819666147,91.39969,0.70537174,0.31312945
41.94000033289194,91.41569,0.70543915,0.31312945
41.949998654425144,91.431694,0.7055065,0.31435025
41.96000079065561,91.45569,0.70564127,0.31435025
41.969999112188816,91.447685,0.705776,0.31435025
41.980001248419285,91.463684,0.70611286,0.31312945
41.98999956995249,91.52769,0.7066518,0.3119087
42.00000170618296,91.62769,0.70725816,0.30824634
42.01000002771616,91.77569,0.7080666,0.30458403
42.01999834924936,91.987686,0.70887506,0.29848012
42.03000048547983,92.19969,0.7096835,0.2948178
42.039998807013035,92.30369,0.7100877,0.293597
42.050000943243504,92.323685,0.7100877,0.2948178
42.05999926477671,92.30369,0.7100877,0.2948178
42.070001401007175,92.23569,0.7100877,0.29725936
42.07999972254038,92.239685,0.7100877,0.29725936
42.09000185877085,92.251686,0.7100877,0.29848012
42.10000018030405,92.24368,0.7100877,0.29970092
42.109998501837254,92.21569,0.7100877,0.30092168
42.12000063806772,92.22369,0.7100877,0.30214247
42.129998959600925,92.22369,0.7100877,0.30336323
42.140001095831394,92.19569,0.7100877,0.30458403
42.1499994173646,92.15969,0.7100877,0.3058048
42.160001553595066,92.143684,0.7100877,0.30702558
42.16999987512827,92.09569,0.7100877,0.30824634
42.17999819666147,92.09569,0.7100877,0.30946714
42.19000033289194,92.13569,0.7100877,0.3106879
42.199998654425144,92.14769,0.7100877,0.3119087
42.21000079065561,92.127686,0.7100877,0.31312945
42.219999112188816,92.099686,0.7100877,0.31435025
42.230001248419285,92.06769,0.7100877,0.31435025
42.23999956995249,92.04768,0.7100877,0.3167918
42.25000170618296,92.03568,0.7100877,0.3167918
42.26000002771616,92.03969,0.71015507,0.31801257
42.26999834924936,92.02369,0.71015507,0.31923336
42.28000048547983,92.003685,0.71015507,0.32045412
42.289998807013035,92.02369,0.71015507,0.3216749
42.300000943243504,92.043686,0.71015507,0.32289568
42.30999926477671,92.019684,0.71015507,0.32411647
42.320001401007175,91.99569,0.71015507,0.32411647
42.32999972254038,91.97569,0.71015507,0.32655802
42.34000185877085,91.93169,0.7102225,0.32655802
42.35000018030405,91.92369,0.7102225,0.3277788
42.359998501837254,91.93968,0.7103572,0.3277788
42.37000063806772,91.98369,0.7104246,0.32899958
42.379998959600925,91.991684,0.7105593,0.32899958
42.390001095831394,92.019684,0.710694,0.32899958
42.3999994173646,92.019684,0.7107614,0.33022034
42.410001553595066,92.01169,0.7108288,0.33022034
42.41999987512827,91.99569,0.7108962,0.33144113
42.42999819666147,92.019684,0.71103096,0.3326619
42.44000033289194,92.03969,0.7111656,0.33144113
42.449998654425144,92.059685,0.7113678,0.33144113
42.46000079065561,92.12368,0.7115699,0.33144113
42.469999112188816,92.20368,0.7119741,0.33022034
42.480001248419285,92.28768,0.7124457,0.3277788
42.48999956995249,92.41169,0.71318674,0.32289568
42.50000170618296,92.571686,0.71413,0.31801257
42.51000002771616,92.76368,0.71520793,0.3119087
42.51999834924936,92.94369,0.7162185,0.30702558
42.53000048547983,93.087685,0.7167574,0.30336323
42.539998807013035,93.16368,0.7168248,0.30458403
42.550000943243504,93.15168,0.7168248,0.30458403
42.55999926477671,93.143684,0.7168248,0.30702558
42.570001401007175,93.17168,0.7168248,0.30702558
42.57999972254038,93.16769,0.7168248,0.30824634
42.59000185877085,93.14768,0.7168248,0.30946714
42.60000018030405,93.143684,0.7168248,0.3106879
42.609998501837254,93.11968,0.7168248,0.3119087
42.62000063806772,93.05168,0.7168248,0.31312945
42.629998959600925,93.043686,0.7168248,0.31435025
42.640001095831394,93.04768,0.7168248,0.315571
42.6499994173646,93.03968,0.7168248,0.3167918
42.660001553595066,93.043686,0.7168922,0.31801257
42.66999987512827,93.05168,0.7168922,0.31801257
42.67999819666147,93.04768,0.7168922,0.31923336
42.69000033289194,92.99569,0.7168922,0.32045412
42.699998654425144,92.98768,0.7168922,0.3216749
42.71000079065561,92.97169,0.7168922,0.32289568
42.719999112188816,92.935684,0.7168922,0.32411647
42.730001248419285,92.91168,0.71695954,0.32533723
42.73999956995249,92.95168,0.71695954,0.32655802
42.75000170618296,92.94768,0.71695954,0.3277788
42.76000002771616,92.95168,0.7170269,0.3277788
42.76999834924936,92.95569,0.7170269,0.32899958
42.78000048547983,92.963684,0.71709424,0.33022034
42.789998807013035,92.92368,0.71716166,0.33022034
42.800000943243504,92.91168,0.717229,0.33144113
42.80999926477671,92.92769,0.7173638,0.3326619
42.820001401007175,92.94369,0.7174985,0.33144113
42.82999972254038,92.963684,0.71763325,0.3326619
42.84000185877085,93.01568,0.71783537,0.33144113
42.85000018030405,93.099686,0.7182396,0.33022034
42.859998501837254,93.19968,0.71877855,0.3277788
42.87000063806772,93.27968,0.71925014,0.32533723
42.879998959600925,93.391685,0.7197891,0.32289568
42.890001095831394,93.46368,0.72039545,0.31923336
42.8999994173646,93.56769,0.7211365,0.315571
42.910001553595066,93.76368,0.72201234,0.3106879
42.91999987512827,93.935684,0.7227534,0.30702558
42.92999819666147,94.05568,0.72329235,0.30458403
42.94000033289194,94.12368,0.7234271,0.30458403
42.949998654425144,94.14768,0.7234271,0.3058048
42.96000079065561,94.103676,0.72349447,0.30702558
42.969999112188816,94.07968,0.72349447,0.30702558
42.980001248419285,94.09568,0.72349447,0.30824634
42.98999956995249,94.07968,0.72349447,0.30946714
43.00000170618296,94.047676,0.7235619,0.3106879
43.01000002771616,94.06768,0.72362924,0.3106879
43.01999834924936,94.08368,0.72362924,0.31312945
43.03000048547983,94.071686,0.72369665,0.31312945
43.039998807013035,94.063675,0.723764,0.31435025
43.050000943243504,94.05168,0.72383136,0.31435025
43.05999926477671,94.043686,0.7238987,0.31435025
43.070001401007175,94.02768,0.72396606,0.315571
43.07999972254038,94.06768,0.7242356,0.31435025
43.09000185877085,94.13967,0.7245724,0.31435025
43.10000018030405,94.19168,0.72490925,0.31312945
43.109998501837254,94.26368,0.72531354,0.3106879
43.12000063806772,94.38768,0.7258525,0.30824634
43.129998959600925,94.46368,0.7263241,0.30702558
43.140001095831394,94.551674,0.7267957,0.30458403
43.1499994173646,94.63567,0.72726727,0.30214247
43.160001553595066,94.69968,0.7276041,0.30092168
43.16999987512827,94.75568,0.727941,0.30092168
43.17999819666147,94.83167,0.72821045,0.29848012
43.19000033289194,94.87968,0.72841257,0.29848012
43.199998654425144,94.87568,0.72854733,0.29848012
43.21000079065561,94.89168,0.7286146,0.29970092
43.219999112188816,94.90368,0.72868204,0.30092168
43.230001248419285,94.87968,0.7287494,0.30092168
43.23999956995249,94.87167,0.72888416,0.30092168
43.25000170618296,94.88767,0.7290189,0.30214247
43.26000002771616,94.89967,0.7290189,0.30336323
43.26999834924936,94.89168,0.7290863,0.30336323
43.28000048547983,94.89967,0.72915363,0.30458403
43.289998807013035,94.907684,0.7292884,0.30458403
43.300000943243504,94.89568,0.72935575,0.30458403
43.30999926477671,94.907684,0.7294905,0.30458403
43.320001401007175,94.923676,0.7296252,0.3058048
43.32999972254038,94.92767,0.7296926,0.3058048
43.34000185877085,94.907684,0.72976,0.30702558
43.35000018030405,94.92767,0.72982734,0.30702558
43.359998501837254,94.95567,0.7299621,0.30824634
43.37000063806772,94.97567,0.7301642,0.30702558
43.379998959600925,95.01168,0.7304337,0.30702558
43.390001095831394,95.08768,0.7308379,0.30458403
43.3999994173646,95.18768,0.73144424,0.30214247
43.410001553595066,95.29168,0.73211795,0.29848012
43.41999987512827,95.42767,0.7327243,0.29603857
43.42999819666147,95.53967,0.7333306,0.293597
43.44000033289194,95.59967,0.73380226,0.2899347
43.449998654425144,95.69567,0.73427385,0.2887139
43.46000079065561,95.787674,0.7346107,0.28749314
43.469999112188816,95.82368,0.7348128,0.28749314
43.480001248419285,95.84367,0.7349475,0.28749314
43.48999956995249,95.86368,0.73501486,0.28749314
43.50000170618296,95.84367,0.73508227,0.2887139
43.51000002771616,95.827675,0.7351496,0.2887139
43.51999834924936,95.82368,0.7351496,0.2899347
43.53000048547983,95.82368,0.7351496,0.29115546
43.539998807013035,95.81167,0.7351496,0.29237625
43.550000943243504,95.783676,0.7351496,0.293597
43.55999926477671,95.79967,0.73521703,0.2948178
43.570001401007175,95.787674,0.73521703,0.29603857
43.57999972254038,95.77167,0.73521703,0.29725936
43.59000185877085,95.75167,0.73521703,0.29848012
43.60000018030405,95.73567,0.7352844,0.29848012
43.609998501837254,95.703674,0.7352844,0.29970092
43.62000063806772,95.70767,0.73535174,0.30092168
43.629998959600925,95.72367,0.73541915,0.30092168
43.640001095831394,95.72367,0.73548645,0.30214247
43.6499994173646,95.69968,0.73548645,0.30336323
43.660001553595066,95.69968,0.73555386,0.30336323
43.66999987512827,95.69168,0.73555386,0.30458403
43.67999819666147,95.65567,0.73555386,0.3058048
43.69000033289194,95.66368,0.7356212,0.30702558
43.699998654425144,95.675674,0.7356886,0.30702558
43.71000079065561,95.66368,0.735756,0.30824634
43.719999112188816,95.66368,0.73589075,0.30824634
43.730001248419285,95.687675,0.7359581,0.30824634
43.73999956995249,95.69168,0.73602545,0.30946714
43.75000170618296,95.66767,0.7360928,0.3106879
43.76000002771616,95.70767,0.7362276,0.3106879
43.76999834924936,95.73968,0.7364297,0.3106879
43.78000048547983,95.743675,0.73663175,0.3106879
43.789998807013035,95.79568,0.737036,0.30824634
43.800000943243504,95.911674,0.73757493,0.30702558
43.80999926477671,95.98767,0.73811394,0.30336323
43.820001401007175,96.09968,0.7386529,0.30092168
43.82999972254038,96.19167,0.73919183,0.29848012
43.84000185877085,96.29167,0.7395961,0.29603857
43.85000018030405,96.36367,0.74000037,0.2948178
43.859998501837254,96.43967,0.7404719,0.29237625
43.87000063806772,96.53967,0.74087614,0.29115546
43.879998959600925,96.58767,0.74107826,0.29115546
43.890001095831394,96.57967,0.74107826,0.29237625
43.8999994173646,96.591675,0.74107826,0.293597
43.910001553595066,96.591675,0.7411457,0.293597
43.91999987512827,96.555664,0.7411457,0.2948178
43.92999819666147,96.551674,0.7411457,0.29603857
43.94000033289194,96.551674,0.7411457,0.29725936
43.949998654425144,96.53167,0.7411457,0.29848012
43.96000079065561,96.49967,0.7411457,0.29970092
43.969999112188816,96.52768,0.741213,0.30092168
43.980001248419285,96.51567,0.741213,0.30092168
43.98999956995249,96.45167,0.741213,0.30336323
44.00000170618296,96.47167,0.7412804,0.30336323
44.01000002771616,96.47167,0.7412804,0.30458403
44.01999834924936,96.45167,0.74134773,0.30458403
44.03000048547983,96.44768,0.74134773,0.3058048
44.039998807013035,96.44367,0.7414151,0.30702558
44.050000943243504,96.46367,0.7414825,0.30702558
44.05999926477671,96.42767,0.74154985,0.30824634
44.070001401007175,96.43967,0.74161726,0.30824634
44.07999972254038,96.45968,0.7416846,0.30946714
44.09000185877085,96.43167,0.74175197,0.3106879
44.10000018030405,96.43567,0.74175197,0.3119087
44.109998501837254,96.44367,0.7418193,0.3119087
44.12000063806772,96.43567,0.7418193,0.31312945
44.129998959600925,96.40768,0.7418193,0.31435025
44.140001095831394,96.42767,0.7418193,0.315571
44.1499994173646,96.42367,0.7418193,0.3167918
44.160001553595066,96.37567,0.7418193,0.31801257
44.16999987512827,96.367676,0.7418193,0.31923336
44.17999819666147,96.37567,0.7418193,0.32045412
44.19000033289194,96.34767,0.7418193,0.3216749
44.199998654425144,96.32367,0.7418867,0.3216749
44.21000079065561,96.33167,0.7418867,0.32289568
44.219999112188816,96.31567,0.7418867,0.32411647
44.230001248419285,96.283676,0.7419541,0.32533723
44.23999956995249,96.31967,0.74208885,0.32533723
44.25000170618296,96.34767,0.7421562,0.32655802
44.26000002771616,96.33567,0.7421562,0.32655802
44.26999834924936,96.30767,0.74222356,0.3277788
44.28000048547983,96.32367,0.74222356,0.32899958
44.289998807013035,96.30767,0.742291,0.33022034
44.300000943243504,96.303665,0.74235827,0.33022034
44.30999926477671,96.33567,0.7424257,0.33144113
44.320001401007175,96.35168,0.7425604,0.33144113
44.32999972254038,96.327675,0.7426278,0.3326619
44.34000185877085,96.35168,0.74269515,0.3326619
44.35000018030405,96.37968,0.7428973,0.3326619
44.359998501837254,96.43167,0.74323416,0.33144113
44.37000063806772,96.46367,0.743571,0.33022034
44.379998959600925,96.555664,0.7440426,0.3277788
44.390001095831394,96.65567,0.7445815,0.32533723
44.3999994173646,96.76367,0.7451879,0.32289568
44.410001553595066,96.911674,0.7458616,0.31923336
44.41999987512827,97.05967,0.74660265,0.315571
44.42999819666147,97.15967,0.7471416,0.3119087
44.44000033289194,97.22367,0.7473437,0.3119087
44.449998654425144,97.243675,0.7473437,0.31312945
44.46000079065561,97.22367,0.7473437,0.31435025
44.469999112188816,97.207664,0.74741113,0.31435025
44.480001248419285,97.207664,0.74741113,0.3167918
44.48999956995249,97.22767,0.74741113,0.3167918
44.50000170618296,97.203674,0.74741113,0.31801257
44.51000002771616,97.191666,0.74741113,0.31923336
44.51999834924936,97.17167,0.74741113,0.32045412
44.53000048547983,97.15567,0.74741113,0.3216749
44.539998807013035,97.12367,0.74741113,0.32289568
44.550000943243504,97.10367,0.74741113,0.32411647
44.55999926477671,97.10767,0.74741113,0.32533723
44.570001401007175,97.09966,0.7474785,0.32655802
44.57999972254038,97.10367,0.7474785,0.32655802
44.59000185877085,97.11967,0.7474785,0.3277788
44.60000018030405,97.08767,0.7475459,0.32899958
44.609998501837254,97.07166,0.74761325,0.33022034
44.62000063806772,97.07166,0.74768054,0.33022034
44.629998959600925,97.07166,0.74768054,0.33144113
44.640001095831394,97.03967,0.74774796,0.3326619
44.6499994173646,97.05167,0.7478153,0.3326619
44.660001553595066,97.06767,0.7479501,0.3326619
44.66999987512827,97.09167,0.74808484,0.3338827
44.67999819666147,97.13167,0.74821955,0.3338827
44.69000033289194,97.175674,0.74842167,0.3338827
44.699998654425144,97.18367,0.74855644,0.3338827
44.71000079065561,97.175674,0.7487585,0.3338827
44.719999112188816,97.19567,0.7488259,0.3338827
44.730001248419285,97.203674,0.7489606,0.3338827
44.73999956995249,97.207664,0.7491628,0.3338827
44.75000170618296,97.25967,0.7492975,0.3338827
44.76000002771616,97.31967,0.7494996,0.3338827
44.76999834924936,97.371666,0.74983644,0.3326619
44.78000048547983,97.43166,0.7502407,0.33144113
44.789998807013035,97.51567,0.7507797,0.3277788
44.800000943243504,97.62767,0.75145334,0.32533723
44.80999926477671,97.75166,0.75219446,0.32045412
44.820001401007175,97.89167,0.7529355,0.3167918
44.82999972254038,98.027664,0.7534745,0.31435025
44.84000185877085,98.06367,0.7536092,0.31435025
44.85000018030405,98.07166,0.7536092,0.315571
44.859998501837254,98.09966,0.7536092,0.3167918
44.87000063806772,98.10766,0.7536092,0.31801257
44.879998959600925,98.05967,0.7536092,0.31923336
44.890001095831394,98.03967,0.7536092,0.32045412
44.8999994173646,98.027664,0.7536092,0.3216749
44.910001553595066,98.00767,0.7536766,0.32289568
44.91999987512827,97.99967,0.7536766,0.32411647
44.92999819666147,97.99967,0.75374395,0.32411647
44.94000033289194,98.00767,0.75381136,0.32533723
44.949998654425144,97.98766,0.7539461,0.32533723
44.96000079065561,98.02367,0.7540808,0.32533723
44.969999112188816,98.05167,0.7541482,0.32655802
44.980001248419285,98.05967,0.7543503,0.32533723
44.98999956995249,98.07567,0.75455236,0.32533723
45.00000170618296,98.095665,0.75468713,0.32533723
45.01000002771616,98.09966,0.75488925,0.32655802
45.01999834924936,98.123665,0.75509137,0.32533723
45.03000048547983,98.207664,0.75542825,0.32411647
45.039998807013035,98.29167,0.75583243,0.32289568
45.050000943243504,98.37967,0.7565062,0.31923336
45.05999926477671,98.539665,0.757382,0.31435025
45.070001401007175,98.75166,0.7583925,0.30824634
45.07999972254038,98.97967,0.7596052,0.30092168
45.09000185877085,99.18766,0.7606832,0.2948178
45.10000018030405,99.33166,0.7612221,0.29237625
45.109998501837254,99.36366,0.7614242,0.29237625
45.12000063806772,99.36766,0.76155895,0.29237625
45.129998959600925,99.42366,0.7616937,0.29237625
45.140001095831394,99.455666,0.7618285,0.29237625
45.1499994173646,99.49166,0.76203054,0.29237625
45.160001553595066,99.53566,0.7623001,0.29115546
45.16999987512827,99.54766,0.7625695,0.29115546
45.17999819666147,99.56367,0.76277167,0.29115546
45.19000033289194,99.56367,0.7630411,0.2899347
45.199998654425144,99.611664,0.76324326,0.2899347
45.21000079065561,99.64366,0.7635801,0.2887139
45.219999112188816,99.679665,0.76384956,0.28749314
45.230001248419285,99.775665,0.7642538,0.28627235
45.23999956995249,99.87166,0.7647254,0.28505158
45.25000170618296,99.99566,0.76533175,0.28138924
45.26000002771616,100.107666,0.76593804,0.27772692
45.26999834924936,100.18766,0.76640964,0.27528536
45.28000048547983,100.18366,0.7665444,0.27650613
45.289998807013035,100.14366,0.7665444,0.27772692
45.300000943243504,100.14366,0.7666118,0.27772692
45.30999926477671,100.167656,0.7666118,0.27894768
45.320001401007175,100.16366,0.7666118,0.28016847
45.32999972254038,100.17567,0.7666118,0.28138924
45.34000185877085,100.18766,0.76667917,0.28261003
45.35000018030405,100.15966,0.76667917,0.28261003
45.359998501837254,100.12366,0.7667465,0.2838308
45.37000063806772,100.087654,0.7667465,0.28505158
45.379998959600925,100.04766,0.7667465,0.28627235
45.390001095831394,99.99165,0.7667465,0.28749314
45.3999994173646,99.99566,0.7667465,0.2887139
45.410001553595066,100.00766,0.7667465,0.2899347
45.41999987512827,100.03566,0.7667465,0.29115546
45.42999819666147,100.02366,0.7667465,0.29237625
45.44000033289194,100.01166,0.7667465,0.293597
45.449998654425144,99.96366,0.7668139,0.293597
45.46000079065561,99.91166,0.7668139,0.2948178
45.469999112188816,99.875656,0.7668139,0.29603857
45.480001248419285,99.88766,0.7668139,0.29725936
45.48999956995249,99.87166,0.7668139,0.29848012
45.50000170618296,99.875656,0.7668139,0.29970092
45.51000002771616,99.87966,0.7668139,0.30092168
45.51999834924936,99.87166,0.7668139,0.30214247
45.53000048547983,99.86766,0.7668139,0.30336323
45.539998807013035,99.83166,0.7668139,0.30458403
45.550000943243504,99.78766,0.7668139,0.30458403
45.55999926477671,99.735664,0.7668139,0.30702558
45.570001401007175,99.71566,0.7668139,0.30702558
45.57999972254038,99.72766,0.7668139,0.30824634
45.59000185877085,99.75166,0.7668139,0.30946714
45.60000018030405,99.75566,0.7668139,0.3106879
45.609998501837254,99.75566,0.7668139,0.3119087
45.62000063806772,99.72366,0.7668139,0.31312945
45.629998959600925,99.67566,0.7668139,0.31435025
45.640001095831394,99.64766,0.7668812,0.315571
45.6499994173646,99.65966,0.76694864,0.315571
45.660001553595066,99.67166,0.767016,0.3167918
45.66999987512827,99.65566,0.7670834,0.3167918
45.67999819666147,99.68766,0.76715076,0.31801257
45.69000033289194,99.71566,0.76715076,0.31923336
45.699998654425144,99.69965,0.7672181,0.32045412
45.71000079065561,99.69965,0.7672181,0.32045412
45.719999112188816,99.69566,0.76728547,0.3216749
45.730001248419285,99.65166,0.76742023,0.3216749
45.73999956995249,99.64766,0.76762235,0.3216749
45.75000170618296,99.69566,0.7677571,0.3216749
45.76000002771616,99.747665,0.76809394,0.32045412
45.76999834924936,99.82766,0.7684981,0.31923336
45.78000048547983,99.95966,0.7691045,0.315571
45.789998807013035,100.10366,0.7699129,0.3119087
45.800000943243504,100.25566,0.77085614,0.30702558
45.80999926477671,100.48366,0.77200145,0.29970092
45.820001401007175,100.67566,0.7730794,0.293597
45.82999972254038,100.78765,0.773551,0.29115546
45.84000185877085,100.79566,0.7736183,0.29115546
45.85000018030405,100.82366,0.7736857,0.29237625
45.859998501837254,100.84366,0.7736857,0.293597
45.87000063806772,100.85565,0.7736857,0.2948178
45.879998959600925,100.86765,0.7736857,0.29603857
45.890001095831394,100.86366,0.7736857,0.29725936
45.8999994173646,100.78765,0.7736857,0.29848012
45.910001553595066,100.76366,0.77375305,0.29848012
45.91999987512827,100.74765,0.77375305,0.29970092
45.92999819666147,100.739655,0.77382046,0.30092168
45.94000033289194,100.70366,0.77382046,0.30214247
45.949998654425144,100.71966,0.7738878,0.30214247
45.96000079065561,100.74765,0.7739552,0.30336323
45.969999112188816,100.74765,0.7739552,0.30458403
45.980001248419285,100.76366,0.7740226,0.30458403
45.98999956995249,100.77166,0.7741573,0.30458403
46.00000170618296,100.74765,0.77429205,0.3058048
46.01000002771616,100.70765,0.7743594,0.3058048
46.01999834924936,100.70765,0.7744942,0.30702558
46.03000048547983,100.74366,0.77462894,0.30702558
46.039998807013035,100.79166,0.774831,0.30702558
46.050000943243504,100.87166,0.7751679,0.30458403
46.05999926477671,100.975655,0.7756395,0.30336323
46.070001401007175,101.059654,0.77624583,0.30092168
46.07999972254038,101.15965,0.7769195,0.29725936
46.09000185877085,101.29966,0.7776606,0.293597
46.10000018030405,101.42765,0.7784016,0.2887139
46.109998501837254,101.51965,0.77887326,0.28627235
46.12000063806772,101.53565,0.7789406,0.28749314
46.129998959600925,101.54365,0.7789406,0.2887139
46.140001095831394,101.559654,0.7789406,0.2887139
46.1499994173646,101.56365,0.7789406,0.29115546
46.160001553595066,101.599655,0.7789406,0.29115546
46.16999987512827,101.56365,0.7789406,0.293597
46.17999819666147,101.49966,0.7789406,0.293597
46.19000033289194,101.43965,0.7789406,0.2948178
46.199998654425144,101.42765,0.7789406,0.29603857
46.21000079065561,101.419655,0.7789406,0.29725936
46.219999112188816,101.40766,0.7789406,0.29848012
46.230001248419285,101.42765,0.7789406,0.29970092
46.23999956995249,101.44366,0.7789406,0.30092168
46.25000170618296,101.41566,0.7789406,0.30214247
46.26000002771616,101.419655,0.7789406,0.30336323
46.26999834924936,101.38365,0.7789406,0.30458403
46.28000048547983,101.323654,0.7789406,0.3058048
46.289998807013035,101.267654,0.7789406,0.30702558
46.300000943243504,101.267654,0.7789406,0.30824634
46.30999926477671,101.25565,0.7789406,0.30824634
46.320001401007175,101.27165,0.7789406,0.3106879
46.32999972254038,101.295654,0.7789406,0.3106879
46.34000185877085,101.295654,0.7789406,0.31312945
46.35000018030405,101.239655,0.7789406,0.31312945
46.359998501837254,101.211655,0.7789406,0.31435025
46.37000063806772,101.18366,0.779008,0.315571
46.379998959600925,101.155655,0.779008,0.3167918
46.390001095831394,101.14366,0.779008,0.31801257
46.3999994173646,101.15166,0.779008,0.31923336
46.410001553595066,101.17165,0.7790754,0.31923336
46.41999987512827,101.16366,0.7790754,0.32045412
46.42999819666147,101.20365,0.7790754,0.3216749
46.44000033289194,101.19965,0.77914274,0.32289568
46.449998654425144,101.13565,0.7792101,0.32289568
46.46000079065561,101.09566,0.7792101,0.32411647
46.469999112188816,101.07965,0.7792775,0.32533723
46.480001248419285,101.11566,0.77941227,0.32533723
46.48999956995249,101.139656,0.7796143,0.32533723
46.50000170618296,101.195656,0.7796817,0.32533723
46.51000002771616,101.21966,0.7797491,0.32655802
46.51999834924936,101.195656,0.77981645,0.32655802
46.53000048547983,101.17165,0.77988386,0.3277788
46.539998807013035,101.19166,0.7800185,0.3277788
46.550000943243504,101.17966,0.7801533,0.3277788
46.55999926477671,101.17165,0.78028804,0.3277788
46.570001401007175,101.223656,0.7805575,0.3277788
46.57999972254038,101.30366,0.7808944,0.32655802
46.59000185877085,101.38765,0.78143334,0.32411647
46.60000018030405,101.55166,0.782107,0.32045412
46.609998501837254,101.723656,0.78291553,0.3167918
46.62000063806772,101.85966,0.7837913,0.3119087
46.629998959600925,101.987656,0.7845324,0.30702558
46.640001095831394,102.099655,0.7851387,0.30458403
46.6499994173646,102.211655,0.78554296,0.30336323
46.660001553595066,102.22365,0.7857451,0.30336323
46.66999987512827,102.25565,0.7857451,0.30336323
46.67999819666147,102.27565,0.7857451,0.30458403
46.69000033289194,102.26365,0.7857451,0.3058048
46.699998654425144,102.24765,0.7857451,0.30702558
46.71000079065561,102.25965,0.78581244,0.30702558
46.719999112188816,102.24365,0.7858798,0.30824634
46.730001248419285,102.19166,0.7858798,0.30946714
46.73999956995249,102.15965,0.7858798,0.3106879
46.75000170618296,102.15166,0.78594714,0.3106879
46.76000002771616,102.139656,0.78601456,0.3119087
46.76999834924936,102.17966,0.78601456,0.31312945
46.78000048547983,102.21965,0.7860819,0.31435025
46.789998807013035,102.19565,0.7861493,0.31435025
46.800000943243504,102.17165,0.7862167,0.315571
46.80999926477671,102.15965,0.7862167,0.3167918
46.820001401007175,102.12366,0.7862167,0.31801257
46.82999972254038,102.10365,0.7862841,0.31801257
46.84000185877085,102.099655,0.7863514,0.31923336
46.85000018030405,102.11166,0.7863514,0.32045412
46.859998501837254,102.11166,0.78641874,0.32045412
46.87000063806772,102.11166,0.78641874,0.3216749
46.879998959600925,102.139656,0.78648615,0.32289568
46.890001095831394,102.15965,0.7866209,0.32289568
46.8999994173646,102.14765,0.78682303,0.32289568
46.910001553595066,102.16765,0.78715986,0.3216749
46.91999987512827,102.21965,0.7875641,0.31923336
46.92999819666147,102.30365,0.78810304,0.3167918
46.94000033289194,102.42365,0.78857464,0.31435025
46.949998654425144,102.54765,0.7890462,0.31312945
46.96000079065561,102.659645,0.7895852,0.3106879
46.969999112188816,102.73965,0.7901242,0.30824634
46.980001248419285,102.87164,0.79086524,0.30336323
46.98999956995249,102.991646,0.79153895,0.30092168
47.00000170618296,103.06765,0.79207796,0.29848012
47.01000002771616,103.143654,0.7924148,0.29725936
47.01999834924936,103.20364,0.7926843,0.29603857
47.03000048547983,103.23164,0.7928864,0.29603857
47.039998807013035,103.243645,0.7929537,0.29603857
47.050000943243504,103.279655,0.7930885,0.29725936
47.05999926477671,103.32365,0.7932232,0.29725936
47.070001401007175,103.31565,0.79349273,0.29603857
47.07999972254038,103.32365,0.79376215,0.29603857
47.09000185877085,103.36365,0.7939643,0.2948178
47.10000018030405,103.34764,0.79416645,0.2948178
47.109998501837254,103.38365,0.79443586,0.293597
47.12000063806772,103.45965,0.7947728,0.293597
47.129998959600925,103.54365,0.7951096,0.29237625
47.140001095831394,103.575645,0.79537904,0.29115546
47.1499994173646,103.65165,0.7956486,0.2899347
47.160001553595066,103.71964,0.79591805,0.2899347
47.16999987512827,103.73165,0.79625493,0.2887139
47.17999819666147,103.77564,0.7966591,0.28749314
47.19000033289194,103.83565,0.79706335,0.28505158
47.199998654425144,103.86365,0.7973329,0.28505158
47.21000079065561,103.867645,0.7974675,0.28505158
47.219999112188816,103.91565,0.7976023,0.28505158
47.230001248419285,103.951645,0.7976697,0.28505158
47.23999956995249,103.92765,0.7976697,0.28749314
47.25000170618296,103.92765,0.7976697,0.28749314
47.26000002771616,103.895645,0.79773706,0.2887139
47.26999834924936,103.87164,0.79773706,0.2899347
47.28000048547983,103.83165,0.7978044,0.2899347
47.289998807013035,103.83565,0.7978044,0.29115546
47.300000943243504,103.83165,0.7978718,0.29237625
47.30999926477671,103.81564,0.7978718,0.293597
47.320001401007175,103.82365,0.7979392,0.293597
47.32999972254038,103.83565,0.7979392,0.2948178
47.34000185877085,103.82365,0.7979392,0.29603857
47.35000018030405,103.79165,0.79800653,0.29725936
47.359998501837254,103.77965,0.79800653,0.29848012
47.37000063806772,103.755646,0.79800653,0.29970092
47.379998959600925,103.72365,0.7980739,0.29970092
47.390001095831394,103.71964,0.7980739,0.30092168
47.3999994173646,103.727646,0.7980739,0.30214247
47.410001553595066,103.71165,0.7980739,0.30336323
47.41999987512827,103.70764,0.7980739,0.30458403
47.42999819666147,103.70764,0.7981413,0.3058048
47.44000033289194,103.671646,0.79820865,0.3058048
47.449998654425144,103.65165,0.798276,0.30702558
47.46000079065561,103.67565,0.7983434,0.30702558
47.469999112188816,103.67964,0.7985455,0.30702558
47.480001248419285,103.66764,0.7986129,0.30824634
47.48999956995249,103.699646,0.7987476,0.30824634
47.50000170618296,103.73165,0.798815,0.30824634
47.51000002771616,103.74365,0.7989498,0.30824634
47.51999834924936,103.74365,0.7990844,0.30946714
47.53000048547983,103.77965,0.7992192,0.30946714
47.539998807013035,103.77965,0.7994887,0.30824634
47.550000943243504,103.79565,0.7997582,0.30824634
47.55999926477671,103.855644,0.8001624,0.30702558
47.570001401007175,103.96765,0.800634,0.30458403
47.57999972254038,104.06764,0.801173,0.30214247
47.59000185877085,104.15565,0.80177927,0.29848012
47.60000018030405,104.31565,0.80245304,0.2948178
47.609998501837254,104.43564,0.8031941,0.29115546
47.62000063806772,104.547646,0.80380046,0.2887139
47.629998959600925,104.64764,0.8041373,0.28749314
47.640001095831394,104.67564,0.8043394,0.28749314
47.6499994173646,104.64764,0.80440676,0.28749314
47.660001553595066,104.63564,0.80440676,0.2887139
47.66999987512827,104.65565,0.80440676,0.2899347
47.67999819666147,104.66764,0.80440676,0.29115546
47.69000033289194,104.64365,0.80440676,0.29237625
47.699998654425144,104.631645,0.80440676,0.293597
47.71000079065561,104.59564,0.8044741,0.293597
47.719999112188816,104.55564,0.8044741,0.2948178
47.730001248419285,104.53965,0.8044741,0.29603857
47.73999956995249,104.53164,0.8044741,0.29725936
47.75000170618296,104.51165,0.8044741,0.29848012
47.76000002771616,104.479645,0.8044741,0.29970092
47.76999834924936,104.50364,0.8045415,0.30092168
47.78000048547983,104.519646,0.8046089,0.30092168
47.789998807013035,104.49965,0.80467623,0.30214247
47.800000943243504,104.49164,0.80467623,0.30336323
47.80999926477671,104.47564,0.80474365,0.30336323
47.820001401007175,104.43564,0.804811,0.30458403
47.82999972254038,104.41564,0.80487835,0.30458403
47.84000185877085,104.44765,0.8049457,0.3058048
47.85000018030405,104.46764,0.8050805,0.3058048
47.859998501837254,104.46764,0.80521524,0.3058048
47.87000063806772,104.519646,0.8054173,0.3058048
47.879998959600925,104.575645,0.8057542,0.30458403
47.890001095831394,104.603645,0.80602366,0.30336323
47.8999994173646,104.62765,0.8062932,0.30336323
47.910001553595066,104.69164,0.80663,0.30214247
47.91999987512827,104.74764,0.8070342,0.30092168
47.92999819666147,104.811646,0.80750585,0.29848012
47.94000033289194,104.911644,0.8079101,0.29725936
47.949998654425144,105.03165,0.8083817,0.2948178
47.96000079065561,105.12764,0.808988,0.29115546
47.969999112188816,105.255646,0.8096617,0.28749314
47.980001248419285,105.35964,0.810268,0.28505158
47.98999956995249,105.40365,0.8106049,0.2838308
48.00000170618296,105.39564,0.8106723,0.28505158
48.01000002771616,105.40764,0.8107396,0.28505158
48.01999834924936,105.40764,0.8107396,0.28627235
48.03000048547983,105.39564,0.8107396,0.28749314
48.039998807013035,105.39564,0.8107396,0.2887139
48.050000943243504,105.40764,0.810807,0.2899347
48.05999926477671,105.39564,0.810807,0.2899347
48.070001401007175,105.35564,0.810807,0.29115546
48.07999972254038,105.31564,0.810807,0.29237625
48.09000185877085,105.27164,0.81087434,0.293597
48.10000018030405,105.243645,0.81087434,0.2948178
48.109998501837254,105.259636,0.81094176,0.2948178
48.12000063806772,105.29164,0.81094176,0.29603857
48.129998959600925,105.287636,0.81094176,0.29725936
48.140001095831394,105.29565,0.8110091,0.29848012
48.1499994173646,105.287636,0.81107646,0.29848012
48.160001553595066,105.25164,0.8111439,0.29970092
48.16999987512827,105.20364,0.8112112,0.30092168
48.17999819666147,105.19564,0.8112112,0.30092168
48.19000033289194,105.191635,0.8112786,0.30214247
48.199998654425144,105.187645,0.8112786,0.30336323
48.21000079065561,105.187645,0.81134593,0.30458403
48.219999112188816,105.22364,0.8114133,0.30458403
48.230001248419285,105.219635,0.8114133,0.3058048
48.23999956995249,105.187645,0.8114807,0.30702558
48.25000170618296,105.19564,0.81154805,0.30702558
48.26000002771616,105.159645,0.81161547,0.30824634
48.26999834924936,105.12364,0.8116828,0.30824634
48.28000048547983,105.13564,0.81175023,0.30946714
48.289998807013035,105.16364,0.8118175,0.30946714
48.300000943243504,105.17964,0.8119523,0.3106879
48.30999926477671,105.20764,0.81201965,0.3106879
48.320001401007175,105.219635,0.81208706,0.3119087
48.32999972254038,105.23564,0.8122892,0.3106879
48.34000185877085,105.22364,0.81249124,0.3106879
48.35000018030405,105.24764,0.8127608,0.3106879
48.359998501837254,105.30364,0.81316495,0.30946714
48.37000063806772,105.34764,0.81350183,0.30702558
48.379998959600925,105.44764,0.8140408,0.3058048
48.390001095831394,105.58364,0.8145797,0.30214247
48.3999994173646,105.71564,0.8151861,0.29970092
48.410001553595066,105.81964,0.81579244,0.29725936
48.41999987512827,105.90364,0.8161966,0.2948178
48.42999819666147,105.95964,0.81646615,0.293597
48.44000033289194,105.92364,0.8165335,0.2948178
48.449998654425144,105.91564,0.8165335,0.29603857
48.46000079065561,105.91164,0.81660086,0.29603857
48.469999112188816,105.92764,0.81660086,0.29725936
48.480001248419285,105.92364,0.81660086,0.29848012
48.48999956995249,105.93964,0.8166682,0.29970092
48.50000170618296,105.92364,0.8166682,0.30092168
48.51000002771616,105.899635,0.816803,0.30092168
48.51999834924936,105.871635,0.816803,0.30214247
48.53000048547983,105.85964,0.816803,0.30336323
48.539998807013035,105.81964,0.8168704,0.30336323
48.550000943243504,105.799644,0.81693774,0.30458403
48.55999926477671,105.831635,0.81693774,0.3058048
48.570001401007175,105.85564,0.81693774,0.30702558
48.57999972254038,105.843636,0.8170051,0.30702558
48.59000185877085,105.83564,0.8170051,0.30824634
48.60000018030405,105.815636,0.8170051,0.30946714
48.609998501837254,105.76363,0.8170051,0.3106879
48.62000063806772,105.71564,0.8170051,0.3119087
48.629998959600925,105.71564,0.8170051,0.31312945
48.640001095831394,105.71964,0.81707245,0.31435025
48.6499994173646,105.71564,0.8171398,0.31435025
48.660001553595066,105.75564,0.8172746,0.31435025
48.66999987512827,105.775635,0.8172746,0.315571
48.67999819666147,105.74764,0.817342,0.3167918
48.69000033289194,105.73964,0.817342,0.31801257
48.699998654425144,105.72764,0.81740934,0.31801257
48.71000079065561,105.68764,0.8174767,0.31923336
48.719999112188816,105.675644,0.8175441,0.32045412
48.730001248419285,105.69563,0.8176788,0.32045412
48.73999956995249,105.75564,0.8178809,0.32045412
48.75000170618296,105.78764,0.8180157,0.32045412
48.76000002771616,105.82364,0.8182851,0.31923336
48.76999834924936,105.86364,0.81855464,0.31801257
48.78000048547983,105.88764,0.81889147,0.31801257
48.789998807013035,105.91964,0.81936306,0.315571
48.800000943243504,106.01964,0.81983465,0.31312945
48.80999926477671,106.12764,0.8203736,0.3106879
48.820001401007175,106.23963,0.82097995,0.30702558
48.82999972254038,106.387634,0.8217211,0.30336323
48.84000185877085,106.55963,0.8223947,0.29970092
48.85000018030405,106.64764,0.8227316,0.29848012
48.859998501837254,106.65563,0.8228664,0.29848012
48.87000063806772,106.62763,0.8228664,0.30092168
48.879998959600925,106.61163,0.8228664,0.30092168
48.890001095831394,106.56764,0.8228664,0.30336323
48.8999994173646,106.56764,0.8228664,0.30336323
48.910001553595066,106.59164,0.8228664,0.30458403
48.91999987512827,106.56764,0.8228664,0.3058048
48.92999819666147,106.56364,0.8228664,0.30702558
48.94000033289194,106.55963,0.8229337,0.30824634
48.949998654425144,106.50364,0.8229337,0.30946714
48.96000079065561,106.47564,0.8229337,0.3106879
48.969999112188816,106.443634,0.8229337,0.3119087
48.980001248419285,106.43564,0.8230011,0.3119087
48.98999956995249,106.42364,0.8230011,0.31312945
49.00000170618296,106.43164,0.8230011,0.31435025
49.01000002771616,106.45964,0.82306844,0.31435025
49.01999834924936,106.43164,0.82306844,0.3167918
49.03000048547983,106.40764,0.82306844,0.3167918
49.039998807013035,106.399635,0.82313585,0.31801257
49.050000943243504,106.37964,0.8232032,0.31801257
49.05999926477671,106.34364,0.8232706,0.31923336
49.070001401007175,106.33964,0.8232706,0.32045412
49.07999972254038,106.359634,0.823338,0.3216749
49.09000185877085,106.36764,0.8234053,0.3216749
49.10000018030405,106.40363,0.82360744,0.3216749
49.109998501837254,106.443634,0.8238769,0.32045412
49.12000063806772,106.483635,0.82421374,0.32045412
49.129998959600925,106.53564,0.824618,0.31801257
49.140001095831394,106.62364,0.8252917,0.31435025
49.1499994173646,106.79564,0.82630223,0.30946714
49.160001553595066,107.02763,0.82751495,0.30214247
49.16999987512827,107.331635,0.82913184,0.29237625
49.17999819666147,107.65563,0.83041185,0.2838308
49.19000033289194,107.85963,0.8313551,0.27894768
49.199998654425144,108.00763,0.83209616,0.27406457
49.21000079065561,108.16763,0.832972,0.26918146
49.219999112188816,108.343636,0.8339825,0.26429835
49.230001248419285,108.51563,0.8350605,0.25819448
49.23999956995249,108.72763,0.8359363,0.25331137
49.25000170618296,108.80363,0.8361384,0.25209057
49.26000002771616,108.77963,0.8361384,0.25331137
49.26999834924936,108.763626,0.8361384,0.25453213
49.28000048547983,108.76763,0.8361384,0.25575292
49.289998807013035,108.74763,0.8361384,0.25697368
49.300000943243504,108.69963,0.8361384,0.25819448
49.30999926477671,108.67163,0.8361384,0.25941524
49.320001401007175,108.64363,0.8361384,0.26063603
49.32999972254038,108.61163,0.8361384,0.2618568
49.34000185877085,108.57163,0.8361384,0.2630776
49.35000018030405,108.56363,0.8361384,0.26429835
49.359998501837254,108.53963,0.8361384,0.26551914
49.37000063806772,108.499626,0.8361384,0.26551914
49.379998959600925,108.49563,0.8361384,0.2679607
49.390001095831394,108.50764,0.8361384,0.2679607
49.3999994173646,108.44363,0.8361384,0.26918146
49.410001553595066,108.41963,0.8361384,0.27040225
49.41999987512827,108.40763,0.8361384,0.27162302
49.42999819666147,108.37963,0.8361384,0.2728438
49.44000033289194,108.343636,0.8361384,0.27406457
49.449998654425144,108.35163,0.8361384,0.27528536
49.46000079065561,108.33563,0.8361384,0.27650613
49.469999112188816,108.28363,0.8361384,0.27772692
49.480001248419285,108.26763,0.8361384,0.27894768
49.48999956995249,108.26363,0.8361384,0.28016847
49.50000170618296,108.23163,0.8361384,0.28138924
49.51000002771616,108.21564,0.8361384,0.28261003
49.51999834924936,108.18363,0.8361384,0.2838308
49.53000048547983,108.15964,0.8361384,0.28505158
49.539998807013035,108.135635,0.8361384,0.28627235
49.550000943243504,108.12763,0.8361384,0.28749314
49.55999926477671,108.13163,0.8361384,0.28749314
49.570001401007175,108.09963,0.8361384,0.2887139
49.57999972254038,108.067635,0.8361384,0.2899347
49.59000185877085,108.051636,0.8361384,0.29115546
49.60000018030405,108.01963,0.8361384,0.29237625
49.609998501837254,107.97963,0.8361384,0.293597
49.62000063806772,107.98763,0.8361384,0.2948178
49.629998959600925,107.983635,0.8361384,0.29603857
49.640001095831394,107.93963,0.8361384,0.29725936
49.6499994173646,107.93564,0.8361384,0.29848012
49.660001553595066,107.92364,0.8361384,0.29970092
49.66999987512827,107.89963,0.8361384,0.30092168
49.67999819666147,107.88364,0.8361384,0.30214247
49.69000033289194,107.86363,0.8361384,0.30336323
49.699998654425144,107.843636,0.8361384,0.30458403
49.71000079065561,107.81163,0.8361384,0.3058048
49.719999112188816,107.81163,0.8361384,0.30702558
49.730001248419285,107.819626,0.8361384,0.30824634
49.73999956995249,107.787636,0.8361384,0.30824634
49.75000170618296,107.747635,0.8361384,0.30946714
49.76000002771616,107.74363,0.8361384,0.3106879
49.76999834924936,107.72363,0.8361384,0.3119087
49.78000048547983,107.69963,0.8361384,0.31312945
49.789998807013035,107.68763,0.8361384,0.31435025
49.800000943243504,107.68763,0.8361384,0.315571
49.80999926477671,107.663635,0.8361384,0.3167918
49.820001401007175,107.63563,0.8361384,0.31801257
49.82999972254038,107.64364,0.8362057,0.31801257
49.84000185877085,107.623634,0.8362057,0.32045412
49.85000018030405,107.595634,0.83627313,0.32045412
49.859998501837254,107.58363,0.83627313,0.3216749
49.87000063806772,107.58763,0.8363405,0.32289568
49.879998959600925,107.55963,0.8363405,0.32411647
49.890001095831394,107.57564,0.8364079,0.32411647
49.8999994173646,107.595634,0.8365426,0.32533723
49.910001553595066,107.58763,0.83661,0.32533723
49.91999987512827,107.58763,0.8367447,0.32533723
49.92999819666147,107.61564,0.8368795,0.32533723
49.94000033289194,107.64364,0.83714896,0.32533723
49.949998654425144,107.66763,0.83741844,0.32411647
49.96000079065561,107.747635,0.83789,0.32289568
49.969999112188816,107.843636,0.838429,0.31923336
49.980001248419285,107.98763,0.83930486,0.31435025
49.98999956995249,108.19163,0.84051746,0.30702558
50.00000170618296,108.499626,0.8419323,0.29848012
50.01000002771616,108.731636,0.8428081,0.2948178
50.01999834924936,108.77163,0.84307754,0.293597
50.03000048547983,108.791626,0.84307754,0.2948178
50.039998807013035,108.77163,0.84314495,0.2948178
50.050000943243504,108.759636,0.84314495,0.29603857
50.05999926477671,108.76763,0.84314495,0.29725936
50.070001401007175,108.77963,0.84314495,0.29848012
50.07999972254038,108.763626,0.84314495,0.29970092
50.09000185877085,108.73963,0.84314495,0.30092168
50.10000018030405,108.71163,0.84314495,0.30214247
50.109998501837254,108.67563,0.84314495,0.30336323
50.12000063806772,108.61562,0.84314495,0.30458403
50.129998959600925,108.59163,0.84314495,0.30458403
50.140001095831394,108.595634,0.84314495,0.30702558
50.1499994173646,108.58363,0.84314495,0.30702558
50.160001553595066,108.58363,0.8432123,0.30824634
50.16999987512827,108.59163,0.8432123,0.30946714
50.17999819666147,108.57963,0.8432123,0.3106879
50.19000033289194,108.53563,0.84327966,0.3106879
50.199998654425144,108.50363,0.84327966,0.31312945
50.21000079065561,108.499626,0.8433471,0.31312945
50.219999112188816,108.45563,0.8433471,0.31435025
50.230001248419285,108.44763,0.8433471,0.315571
50.23999956995249,108.45963,0.8434144,0.3167918
50.25000170618296,108.48363,0.8434144,0.3167918
50.26000002771616,108.47163,0.84348184,0.31801257
50.26999834924936,108.49563,0.8436839,0.31801257
50.28000048547983,108.53563,0.84395343,0.3167918
50.289998807013035,108.57163,0.8445597,0.31435025
50.300000943243504,108.69963,0.8453682,0.30946714
50.30999926477671,108.89563,0.84637874,0.30458403
50.320001401007175,109.09164,0.8474567,0.29725936
50.32999972254038,109.279625,0.8482652,0.293597
50.34000185877085,109.39163,0.84846723,0.29237625
50.35000018030405,109.39963,0.84846723,0.293597
50.359998501837254,109.37162,0.8485346,0.2948178
50.37000063806772,109.347626,0.8485346,0.29603857
50.379998959600925,109.35163,0.8485346,0.29725936
50.390001095831394,109.29963,0.8485346,0.29848012
50.3999994173646,109.26363,0.8485346,0.29848012
50.410001553595066,109.279625,0.8485346,0.30092168
50.41999987512827,109.26363,0.8485346,0.30092168
50.42999819666147,109.23163,0.8485346,0.30336323
50.44000033289194,109.239624,0.848602,0.30336323
50.449998654425144,109.211624,0.848602,0.30458403
50.46000079065561,109.15962,0.848602,0.3058048
50.469999112188816,109.13163,0.848602,0.30702558
50.480001248419285,109.139626,0.84866935,0.30702558
50.48999956995249,109.15163,0.84866935,0.30824634
50.50000170618296,109.12363,0.84873676,0.30946714
50.51000002771616,109.111626,0.84873676,0.3106879
50.51999834924936,109.12363,0.84873676,0.3119087
50.53000048547983,109.06763,0.8488041,0.3119087
50.539998807013035,109.05963,0.84887147,0.31312945
50.550000943243504,109.071625,0.8489388,0.31312945
50.55999926477671,109.071625,0.84914094,0.31312945
50.570001401007175,109.09563,0.8492757,0.31312945
50.57999972254038,109.11962,0.8494104,0.31435025
50.59000185877085,109.12763,0.8496799,0.31312945
50.60000018030405,109.17162,0.84994936,0.31312945
50.609998501837254,109.24763,0.850421,0.3106879
50.62000063806772,109.38363,0.8510273,0.30702558
50.629998959600925,109.503624,0.8518358,0.30336323
50.640001095831394,109.64363,0.852779,0.29725936
50.6499994173646,109.87562,0.8537895,0.29237625
50.660001553595066,109.999626,0.85439587,0.2887139
50.66999987512827,110.027626,0.85453063,0.2887139
50.67999819666147,110.03963,0.85453063,0.2899347
50.69000033289194,110.027626,0.85453063,0.29115546
50.699998654425144,109.999626,0.85453063,0.29237625
50.71000079065561,109.999626,0.85453063,0.293597
50.719999112188816,110.003624,0.85453063,0.2948178
50.730001248419285,109.96763,0.85453063,0.29603857
50.73999956995249,109.919624,0.85453063,0.29725936
50.75000170618296,109.89563,0.85453063,0.29848012
50.76000002771616,109.89563,0.85453063,0.29848012
50.76999834924936,109.85162,0.85453063,0.30092168
50.78000048547983,109.835625,0.85453063,0.30092168
50.789998807013035,109.83163,0.85453063,0.30336323
50.800000943243504,109.819626,0.85453063,0.30336323
50.80999926477671,109.78763,0.85453063,0.30458403
50.820001401007175,109.78763,0.85453063,0.3058048
50.82999972254038,109.77162,0.85453063,0.30702558
50.84000185877085,109.70362,0.85453063,0.30824634
50.85000018030405,109.67963,0.85453063,0.30946714
50.859998501837254,109.667625,0.85453063,0.3106879
50.87000063806772,109.63163,0.85453063,0.3119087
50.879998959600925,109.63163,0.854598,0.31312945
50.890001095831394,109.639626,0.854598,0.31435025
50.8999994173646,109.627625,0.854598,0.31435025
50.910001553595066,109.57963,0.854598,0.315571
50.91999987512827,109.56363,0.854598,0.3167918
50.92999819666147,109.55962,0.854598,0.31801257
50.94000033289194,109.50762,0.854598,0.31923336
50.949998654425144,109.48763,0.854598,0.32045412
50.96000079065561,109.49563,0.854598,0.3216749
50.969999112188816,109.47962,0.854598,0.32289568
50.980001248419285,109.45963,0.854598,0.32411647
50.98999956995249,109.46362,0.854598,0.32533723
51.00000170618296,109.43962,0.854598,0.32655802
51.01000002771616,109.38763,0.854598,0.3277788
51.01999834924936,109.35563,0.854598,0.32899958
51.03000048547983,109.33963,0.854598,0.33022034
51.039998807013035,109.343636,0.854598,0.33144113
51.050000943243504,109.307625,0.854598,0.3326619
51.05999926477671,109.307625,0.854598,0.3338827
51.070001401007175,109.291626,0.854598,0.3338827
51.07999972254038,109.26363,0.854598,0.33632424
51.09000185877085,109.24363,0.854598,0.33632424
51.10000018030405,109.24763,0.8546654,0.337545
51.109998501837254,109.21563,0.8546654,0.3387658
51.12000063806772,109.19563,0.8547327,0.3387658
51.129998959600925,109.20763,0.85480005,0.33998656
51.140001095831394,109.22363,0.85486746,0.33998656
51.1499994173646,109.21963,0.8550022,0.34120736
51.160001553595066,109.235634,0.855137,0.34120736
51.16999987512827,109.28763,0.8554064,0.34120736
51.17999819666147,109.31163,0.8557433,0.3387658
51.19000033289194,109.363625,0.8561475,0.337545
51.199998654425144,109.45963,0.8566865,0.33510345
51.21000079065561,109.583626,0.85729283,0.3326619
51.219999112188816,109.67963,0.8578991,0.32899958
51.230001248419285,109.835625,0.8587076,0.32533723
51.23999956995249,110.01963,0.8596508,0.31923336
51.25000170618296,110.21963,0.8607287,0.31312945
51.26000002771616,110.37962,0.86140245,0.30946714
51.26999834924936,110.47962,0.8617393,0.30824634
51.28000048547983,110.47962,0.8619414,0.30824634
51.289998807013035,110.48762,0.86214346,0.30702558
51.300000943243504,110.531624,0.862413,0.30702558
51.30999926477671,110.59162,0.86268246,0.3058048
51.320001401007175,110.63562,0.8630867,0.30458403
51.32999972254038,110.723625,0.8635583,0.30214247
51.34000185877085,110.81162,0.8640299,0.30092168
51.35000018030405,110.875626,0.8645015,0.29848012
51.359998501837254,110.91562,0.8649057,0.29725936
51.37000063806772,110.98362,0.8653099,0.2948178
51.379998959600925,111.02362,0.8656468,0.293597
51.390001095831394,111.05562,0.8659836,0.293597
51.3999994173646,111.10362,0.8661858,0.29237625
51.410001553595066,111.17561,0.86638784,0.29237625
51.41999987512827,111.155624,0.8665226,0.29237625
51.42999819666147,111.15962,0.86658996,0.293597
51.44000033289194,111.155624,0.8666573,0.293597
51.449998654425144,111.12362,0.8667921,0.293597
51.46000079065561,111.08762,0.8668595,0.2948178
51.469999112188816,111.09162,0.8668595,0.29603857
51.480001248419285,111.08762,0.8668595,0.29725936
51.48999956995249,111.05562,0.8669268,0.29725936
51.50000170618296,111.04362,0.8669942,0.29848012
51.51000002771616,111.07562,0.86706156,0.29848012
51.51999834924936,111.06763,0.8671963,0.29848012
51.53000048547983,111.07162,0.86739844,0.29848012
51.539998807013035,111.06362,0.86753315,0.29848012
51.550000943243504,111.05962,0.8676005,0.29970092
51.55999926477671,111.02362,0.8676679,0.30092168
51.570001401007175,111.01163,0.8676679,0.30214247
51.57999972254038,111.027626,0.86773527,0.30336323
51.59000185877085,111.01962,0.8678027,0.30336323
51.60000018030405,111.02362,0.8679374,0.30336323
51.609998501837254,111.04762,0.8681395,0.30336323
51.62000063806772,111.08362,0.8684764,0.30214247
51.629998959600925,111.127625,0.86901534,0.29970092
51.640001095831394,111.22762,0.8697564,0.29603857
51.6499994173646,111.34762,0.8704301,0.29237625
51.660001553595066,111.46761,0.87103647,0.2887139
51.66999987512827,111.571625,0.8715754,0.28627235
51.67999819666147,111.70362,0.8721818,0.28261003
51.69000033289194,111.799614,0.87265337,0.28138924
51.699998654425144,111.835625,0.87292284,0.28016847
51.71000079065561,111.839615,0.8729902,0.28138924
51.719999112188816,111.80762,0.87305754,0.28138924
51.730001248419285,111.77562,0.87305754,0.28261003
51.73999956995249,111.74762,0.87305754,0.2838308
51.75000170618296,111.73962,0.87305754,0.28505158
51.76000002771616,111.71562,0.87312496,0.28627235
51.76999834924936,111.69962,0.87312496,0.28749314
51.78000048547983,111.66762,0.87312496,0.2887139
51.789998807013035,111.65163,0.87312496,0.2887139
51.800000943243504,111.59962,0.87312496,0.29115546
51.80999926477671,111.55562,0.87312496,0.29115546
51.820001401007175,111.535614,0.87312496,0.293597
51.82999972254038,111.515625,0.87312496,0.293597
51.84000185877085,111.48362,0.87312496,0.2948178
51.85000018030405,111.49562,0.87312496,0.29603857
51.859998501837254,111.475624,0.8731923,0.29725936
51.87000063806772,111.43962,0.8731923,0.29848012
51.879998959600925,111.40762,0.8731923,0.29848012
51.890001095831394,111.37962,0.8731923,0.30092168
51.8999994173646,111.34762,0.8731923,0.30092168
51.910001553595066,111.31562,0.87325966,0.30214247
51.91999987512827,111.291626,0.87325966,0.30336323
51.92999819666147,111.29962,0.8733944,0.30458403
51.94000033289194,111.27562,0.8733944,0.30458403
51.949998654425144,111.283615,0.8734618,0.3058048
51.96000079065561,111.27562,0.8734618,0.30702558
51.969999112188816,111.239624,0.87352914,0.30702558
51.980001248419285,111.20762,0.87352914,0.30824634
51.98999956995249,111.17162,0.87352914,0.30946714
52.00000170618296,111.155624,0.87359655,0.3106879
52.01000002771616,111.14763,0.8737313,0.3106879
52.01999834924936,111.17962,0.8739334,0.3106879
52.03000048547983,111.239624,0.8741355,0.3106879
52.039998807013035,111.251625,0.8744723,0.30824634
52.050000943243504,111.291626,0.87487656,0.30702558
52.05999926477671,111.37562,0.8754155,0.30458403
52.070001401007175,111.45162,0.87602186,0.30092168
52.07999972254038,111.547615,0.8766956,0.29848012
52.09000185877085,111.67562,0.8772346,0.2948178
52.10000018030405,111.77162,0.8777735,0.293597
52.109998501837254,111.839615,0.87831247,0.29115546
52.12000063806772,111.92762,0.8787167,0.2887139
52.129998959600925,111.99162,0.8790536,0.28749314
52.140001095831394,111.98762,0.8791883,0.28749314
52.1499994173646,111.94363,0.87925565,0.2887139
52.160001553595066,111.92762,0.87925565,0.2899347
52.16999987512827,111.91162,0.87932307,0.2899347
52.17999819666147,111.88762,0.87932307,0.29115546
52.19000033289194,111.85962,0.87932307,0.29237625
52.199998654425144,111.85561,0.87932307,0.293597
52.21000079065561,111.827614,0.87932307,0.2948178
52.219999112188816,111.79562,0.8793904,0.29603857
52.230001248419285,111.77162,0.8793904,0.29725936
52.23999956995249,111.71162,0.8794578,0.29725936
52.25000170618296,111.68362,0.8795252,0.29848012
52.26000002771616,111.66362,0.8795252,0.29848012
52.26999834924936,111.643616,0.87959254,0.29970092
52.28000048547983,111.611626,0.8796599,0.30092168
52.289998807013035,111.611626,0.87972724,0.30092168
52.300000943243504,111.603615,0.87979466,0.30214247
52.30999926477671,111.571625,0.87979466,0.30336323
52.320001401007175,111.503624,0.87979466,0.30458403
52.32999972254038,111.48762,0.87979466,0.3058048
52.34000185877085,111.45562,0.87979466,0.30702558
52.35000018030405,111.41562,0.87979466,0.30824634
52.359998501837254,111.39562,0.87979466,0.30824634
52.37000063806772,111.38362,0.87979466,0.3106879
52.379998959600925,111.34762,0.87979466,0.3106879
52.390001095831394,111.30362,0.87979466,0.31312945
52.3999994173646,111.27162,0.87979466,0.31312945
52.410001553595066,111.22762,0.87979466,0.31435025
52.41999987512827,111.16762,0.87979466,0.315571
52.42999819666147,111.14763,0.879862,0.3167918
52.44000033289194,111.11562,0.879862,0.31801257
52.449998654425144,111.07562,0.87992936,0.31801257
52.46000079065561,111.07162,0.88006413,0.31801257
52.469999112188816,111.08362,0.88019884,0.31801257
52.480001248419285,111.04362,0.88019884,0.32045412
52.48999956995249,110.98362,0.8802662,0.32045412
52.50000170618296,110.963615,0.8803336,0.3216749
52.51000002771616,110.92762,0.8803336,0.32289568
52.51999834924936,110.903625,0.88046837,0.32289568
52.53000048547983,110.89962,0.88060313,0.32289568
52.539998807013035,110.90762,0.8808052,0.32289568
52.550000943243504,110.88362,0.8810073,0.32289568
52.55999926477671,110.88762,0.88141155,0.3216749
52.570001401007175,110.959625,0.88181573,0.31923336
52.57999972254038,111.00362,0.8822873,0.3167918
52.59000185877085,111.015625,0.8828937,0.31435025
52.60000018030405,111.10763,0.8836348,0.3106879
52.609998501837254,111.21962,0.8843759,0.3058048
52.62000063806772,111.267624,0.88498217,0.30336323
52.629998959600925,111.27162,0.8852517,0.30336323
52.640001095831394,111.215614,0.8852517,0.30336323
52.6499994173646,111.07562,0.88531905,0.30458403
52.660001553595066,110.919624,0.8853864,0.30458403
52.66999987512827,110.69163,0.8853864,0.3058048
52.67999819666147,108.88763,0.8853864,0.30702558
52.69000033289194,46.16384,0.8853864,0.30824634
52.699998654425144,40.21186,0.8853864,0.30946714
52.71000079065561,40.819862,0.8853864,0.3106879
52.719999112188816,40.287865,0.8853864,0.3119087
52.730001248419285,40.507862,0.8853864,0.31312945
52.73999956995249,40.28386,0.88545376,0.31312945
52.75000170618296,40.183865,0.88545376,0.31435025
52.76000002771616,40.59186,0.8855211,0.315571
52.76999834924936,40.387863,0.8855211,0.3167918
52.78000048547983,40.41986,0.8855885,0.3167918
52.789998807013035,40.41986,0.8855885,0.31801257
52.800000943243504,40.307865,0.8856559,0.31923336
52.80999926477671,40.527863,0.8856559,0.32045412
52.820001401007175,40.415863,0.8857233,0.32045412
52.82999972254038,40.407864,0.88579065,0.3216749
52.84000185877085,40.491863,0.885858,0.32289568
52.85000018030405,40.235863,0.8859254,0.32289568
52.859998501837254,40.339863,0.8859927,0.32411647
52.87000063806772,40.20386,0.8859927,0.32411647
52.879998959600925,40.53186,0.8861275,0.32533723
52.890001095831394,40.335865,0.8863296,0.32411647
52.8999994173646,40.415863,0.88646436,0.32533723
52.910001553595066,40.375866,0.88659906,0.32533723
52.91999987512827,40.359863,0.88673383,0.32533723
52.92999819666147,40.435863,0.8868686,0.32533723
52.94000033289194,40.44386,0.88707066,0.32533723
52.949998654425144,40.41986,0.8872728,0.32533723
52.96000079065561,40.44386,0.8875423,0.32533723
52.969999112188816,40.287865,0.88774437,0.32411647
52.980001248419285,40.395866,0.88821596,0.32289568
52.98999956995249,40.27986,0.8887549,0.31923336
53.00000170618296,40.34386,0.889496,0.315571
53.01000002771616,40.319862,0.89030445,0.3106879
53.01999834924936,40.407864,0.8911129,0.30702558
53.03000048547983,40.335865,0.89151716,0.30458403
53.039998807013035,40.32786,0.8916519,0.30458403
53.050000943243504,40.379864,0.8916519,0.30702558
53.05999926477671,40.379864,0.8916519,0.30702558
53.070001401007175,40.43986,0.8916519,0.30824634
53.07999972254038,40.355865,0.8916519,0.30946714
53.09000185877085,40.41186,0.8916519,0.3106879
53.10000018030405,40.359863,0.8916519,0.3119087
53.109998501837254,40.347862,0.8916519,0.31312945
53.12000063806772,40.319862,0.8916519,0.31435025
53.129998959600925,40.315865,0.8916519,0.315571
53.140001095831394,40.331863,0.8917193,0.3167918
53.1499994173646,40.38386,0.8917193,0.31801257
53.160001553595066,40.399864,0.89178663,0.31801257
53.16999987512827,40.35186,0.891854,0.31923336
53.17999819666147,40.35186,0.89192134,0.31923336
53.19000033289194,40.367863,0.89192134,0.32045412
53.199998654425144,40.387863,0.89192134,0.3216749
53.21000079065561,40.43186,0.89192134,0.32289568
53.219999112188816,40.407864,0.89192134,0.32411647
53.230001248419285,40.403862,0.89192134,0.32533723
53.23999956995249,40.295864,0.89192134,0.32655802
53.25000170618296,40.287865,0.89192134,0.3277788
53.26000002771616,40.307865,0.89192134,0.32899958
53.26999834924936,40.319862,0.89198875,0.32899958
53.28000048547983,40.347862,0.89198875,0.33022034
53.289998807013035,40.36386,0.8920561,0.33144113
53.300000943243504,40.335865,0.8921235,0.3326619
53.30999926477671,40.32786,0.89232564,0.33144113
53.320001401007175,40.36386,0.89259505,0.33144113
53.32999972254038,40.38386,0.8928646,0.33022034
53.34000185877085,40.403862,0.89313406,0.33022034
53.35000018030405,40.399864,0.8934709,0.3277788
53.359998501837254,40.38386,0.8939425,0.32655802
53.37000063806772,40.331863,0.8946836,0.32289568
53.379998959600925,40.319862,0.8956267,0.31801257
53.390001095831394,40.347862,0.8967721,0.3106879
53.3999994173646,40.375866,0.89798474,0.30336323
53.410001553595066,40.347862,0.8989953,0.29725936
53.41999987512827,40.331863,0.89960164,0.293597
53.42999819666147,40.355865,0.90014064,0.29115546
53.44000033289194,40.331863,0.90074694,0.2887139
53.449998654425144,40.37186,0.90128595,0.28627235
53.46000079065561,40.387863,0.90175754,0.2838308
53.469999112188816,40.37186,0.90236384,0.28138924
53.480001248419285,40.34386,0.9031723,0.27650613
53.48999956995249,40.331863,0.9039808,0.2728438
53.50000170618296,40.319862,0.90451974,0.26918146
53.51000002771616,40.315865,0.9047218,0.26918146
53.51999834924936,40.307865,0.9047218,0.27040225
53.53000048547983,40.36386,0.9047218,0.27162302
53.539998807013035,40.36386,0.9047218,0.2728438
53.550000943243504,40.36386,0.9047218,0.27406457
53.55999926477671,40.375866,0.9047218,0.27528536
53.570001401007175,40.359863,0.9047218,0.27650613
53.57999972254038,40.32386,0.9047218,0.27772692
53.59000185877085,40.36386,0.9047218,0.27772692
53.60000018030405,40.37186,0.9047218,0.27894768
53.609998501837254,40.34386,0.9047218,0.28016847
53.62000063806772,40.315865,0.9047218,0.28138924
53.629998959600925,40.339863,0.9047218,0.28261003
53.640001095831394,40.315865,0.9047218,0.2838308
53.6499994173646,40.32786,0.9047218,0.28505158
53.660001553595066,40.367863,0.9047218,0.28627235
53.66999987512827,40.395866,0.9047218,0.28749314
53.67999819666147,40.359863,0.9047218,0.2887139
53.69000033289194,40.339863,0.9047218,0.2899347
53.699998654425144,40.355865,0.9047218,0.29115546
53.71000079065561,40.32786,0.9047218,0.29237625
53.719999112188816,40.32786,0.9047218,0.293597
53.730001248419285,40.35186,0.9047218,0.2948178
53.73999956995249,40.347862,0.9047218,0.29603857
53.75000170618296,40.315865,0.9047218,0.29725936
53.76000002771616,40.30386,0.9047218,0.29848012
53.76999834924936,40.32386,0.9047218,0.29848012
53.78000048547983,40.367863,0.9047218,0.29970092
53.789998807013035,40.38386,0.9047218,0.30092168
53.800000943243504,40.395866,0.9047218,0.30214247
53.80999926477671,40.37186,0.9047218,0.30336323
53.820001401007175,40.331863,0.9047218,0.30458403
53.82999972254038,40.355865,0.9047218,0.3058048
53.84000185877085,40.36386,0.9047218,0.30702558
53.85000018030405,40.32786,0.9047218,0.30824634
53.859998501837254,40.315865,0.9047892,0.30824634
53.87000063806772,40.32786,0.9047892,0.3106879
53.879998959600925,40.311863,0.9047892,0.3106879
53.890001095831394,40.319862,0.9047892,0.31312945
53.8999994173646,40.355865,0.9047892,0.31312945
53.910001553595066,40.387863,0.9047892,0.31435025
53.91999987512827,40.375866,0.9047892,0.315571
53.92999819666147,40.37186,0.9047892,0.3167918
53.94000033289194,40.355865,0.9047892,0.31801257
53.949998654425144,40.36386,0.9047892,0.31923336
53.96000079065561,40.32386,0.9047892,0.32045412
53.969999112188816,40.335865,0.9047892,0.3216749
53.980001248419285,40.331863,0.9047892,0.32289568
53.98999956995249,40.311863,0.9047892,0.32411647
54.00000170618296,40.315865,0.9047892,0.32533723
54.01000002771616,40.339863,0.9047892,0.32655802
54.01999834924936,40.32386,0.90485656,0.32655802
54.03000048547983,40.34386,0.9049913,0.32655802
54.039998807013035,40.359863,0.9050587,0.3277788
54.050000943243504,40.355865,0.90512604,0.3277788
54.05999926477671,40.339863,0.9051934,0.32899958
54.070001401007175,40.34386,0.9052608,0.33022034
54.07999972254038,40.359863,0.90532815,0.33022034
54.09000185877085,40.32386,0.9054629,0.33022034
54.10000018030405,40.315865,0.9055976,0.33144113
54.109998501837254,40.35186,0.9057324,0.33144113
54.12000063806772,40.35186,0.9060693,0.33022034
54.129998959600925,40.335865,0.90647346,0.3277788
54.140001095831394,40.355865,0.9070798,0.32655802
54.1499994173646,40.34386,0.9078209,0.3216749
54.160001553595066,40.32386,0.9086967,0.3167918
54.16999987512827,40.347862,0.90977466,0.3106879
54.17999819666147,40.347862,0.91085255,0.30458403
54.19000033289194,40.331863,0.91139156,0.30092168
54.199998654425144,40.311863,0.9115936,0.30092168
54.21000079065561,40.319862,0.9115936,0.30214247
54.219999112188816,40.335865,0.9115936,0.30336323
54.230001248419285,40.319862,0.9115936,0.30458403
54.23999956995249,40.335865,0.911661,0.30458403
54.25000170618296,40.355865,0.911661,0.30702558
54.26000002771616,40.32386,0.9117284,0.30702558
54.26999834924936,40.311863,0.9117284,0.30824634
54.28000048547983,40.35186,0.91186315,0.30824634
54.289998807013035,40.36386,0.9119305,0.30946714
54.300000943243504,40.339863,0.91199785,0.30946714
54.30999926477671,40.359863,0.91213256,0.3106879
54.320001401007175,40.339863,0.9122673,0.3106879
54.32999972254038,40.339863,0.9124021,0.3106879
54.34000185877085,40.331863,0.9124695,0.3106879
54.35000018030405,40.35186,0.9127389,0.3106879
54.359998501837254,40.36386,0.91307575,0.30946714
54.37000063806772,40.339863,0.91354734,0.30702558
54.379998959600925,40.35186,0.91408634,0.30458403
54.390001095831394,40.359863,0.9148274,0.30092168
54.3999994173646,40.32786,0.9156359,0.29603857
54.410001553595066,40.339863,0.9165117,0.29115546
54.41999987512827,40.331863,0.9169833,0.2887139
54.42999819666147,40.32386,0.91705066,0.2899347
54.44000033289194,40.32786,0.91705066,0.29115546
54.449998654425144,40.335865,0.91705066,0.29237625
54.46000079065561,40.34386,0.91705066,0.293597
54.469999112188816,40.311863,0.91705066,0.2948178
54.480001248419285,40.315865,0.91705066,0.29603857
54.48999956995249,40.32786,0.91705066,0.29725936
54.50000170618296,40.335865,0.91705066,0.29848012
54.51000002771616,40.339863,0.91705066,0.29848012
54.51999834924936,40.359863,0.91705066,0.30092168
54.53000048547983,40.367863,0.91705066,0.30092168
54.539998807013035,40.34386,0.91705066,0.30214247
54.550000943243504,40.35186,0.91705066,0.30336323
54.55999926477671,40.347862,0.9171181,0.30458403
54.570001401007175,40.315865,0.9171181,0.3058048
54.57999972254038,40.315865,0.9171181,0.30702558
54.59000185877085,40.319862,0.9171854,0.30702558
54.60000018030405,40.299862,0.9171854,0.30824634
54.609998501837254,40.295864,0.9171854,0.30946714
54.62000063806772,40.32386,0.9171854,0.3106879
54.629998959600925,40.35186,0.9171854,0.3119087
54.640001095831394,40.331863,0.9172528,0.31312945
54.6499994173646,40.339863,0.9172528,0.31435025
54.660001553595066,40.359863,0.9173875,0.31435025
54.66999987512827,40.367863,0.9174549,0.31435025
54.67999819666147,40.331863,0.9174549,0.315571
54.69000033289194,40.34386,0.9174549,0.3167918
54.699998654425144,40.335865,0.9174549,0.31801257
54.71000079065561,40.315865,0.9174549,0.31923336
54.719999112188816,40.319862,0.9174549,0.32045412
54.730001248419285,40.347862,0.91752225,0.32045412
54.73999956995249,40.339863,0.91752225,0.32289568
54.75000170618296,40.347862,0.91758966,0.32289568
54.76000002771616,40.36386,0.9177244,0.32411647
54.76999834924936,40.355865,0.9177917,0.32411647
54.78000048547983,40.339863,0.9178591,0.32411647
54.789998807013035,40.335865,0.91806126,0.32411647
54.800000943243504,40.36386,0.9182634,0.32411647
54.80999926477671,40.335865,0.9185328,0.32289568
54.820001401007175,40.32786,0.918937,0.32289568
54.82999972254038,40.331863,0.9194086,0.31923336
54.84000185877085,40.319862,0.920015,0.3167918
54.85000018030405,40.311863,0.9206887,0.31312945
54.859998501837254,40.335865,0.9214298,0.30946714
54.87000063806772,40.34386,0.92210346,0.3058048
54.879998959600925,40.319862,0.9227772,0.30214247
54.890001095831394,40.32386,0.92324877,0.29970092
54.8999994173646,40.32786,0.9235183,0.29970092
54.910001553595066,40.339863,0.9235183,0.30092168
54.91999987512827,40.339863,0.92358565,0.30092168
54.92999819666147,40.355865,0.92365295,0.30214247
54.94000033289194,40.335865,0.92365295,0.30336323
54.949998654425144,40.319862,0.92365295,0.30458403
54.96000079065561,40.32386,0.92372036,0.30458403
54.969999112188816,40.339863,0.92372036,0.3058048
54.980001248419285,40.335865,0.9237877,0.30702558
54.98999956995249,40.32786,0.9238551,0.30702558
55.00000170618296,40.347862,0.9238551,0.30824634
55.01000002771616,40.331863,0.9239225,0.30946714
55.01999834924936,40.311863,0.9239899,0.30946714
