"TEST_HEADER_START","Data source","Date","Time","Start Timestamp","End Timestamp","Specimen identifier","TEST_HEADER_END","SPECIMEN_HEADER_START","Specimen type","Thickness (mm)","Area (sq mm)","Axial Gauge Length (mm)","Transverse Gauge Length (mm)","Grip Separation (mm)","SPECIMEN_HEADER_END","RESULTS_HEADER_START","Displacement at 0.000 N (%) ","Displacement at Maximum Load (%) ","Extension at Max Load (mm) ","Load at Break (N) ","Load at Max Position (N) ","RESULTS_HEADER_END"
"TEST_INFO_START","L180-192-2L-2026-04-19-14-07-09.mtwData","2026-04-19","14:07:09","2026-04-19 14:07:09.346","2026-04-19 14:07:09.398","30","TEST_INFO_END","SPECIMEN_INFO_START","Thickness",10.2,999999.9,7.6199994,7.6199994,25.0,"SPECIMEN_INFO_END","RESULTS_INFO_START","0.00","N/A","N/A","N/A","N/A","N/A","N/A","N/A","N/A","N/A","10.94","0.834","43.316","RESULTS_INFO_END"

"Time","Load (N)","Position (mm)","Control Out (V)"
0.0,0.13199955,0.0,0.3766099
0.009999997913837433,0.18799935,5.38966E-4,0.37294757
0.020000003278255463,0.27199906,0.0012800443,0.36928523
0.030000008642673492,0.3759987,0.0022232349,0.36440212
0.03999999910593033,0.45599842,0.003301167,0.35829824
0.05000000447034836,0.5559981,0.0044464692,0.35097358
0.059999994933605194,0.66399777,0.0056591425,0.34486967
0.07000000029802322,0.72399753,0.006534963,0.3387658
0.08000000566244125,0.72799754,0.007141299,0.33632424
0.08999999612569809,0.78799736,0.0076802657,0.3338827
0.10000000149011612,0.895997,0.008286602,0.33022034
0.11000000685453415,1.0239965,0.009095051,0.32655802
0.11999999731779099,1.2159959,0.010038242,0.32045412
0.13000000268220901,1.3959953,0.011116174,0.31435025
0.14000000804662704,1.479995,0.012194106,0.30824634
0.14999999850988388,1.4559951,0.012867813,0.30458403
0.15999998897314072,1.3839953,0.013204668,0.30336323
0.17000000923871994,1.2599957,0.013339408,0.30336323
0.17999999970197678,1.2079959,0.013339408,0.30458403
0.1899999901652336,1.2679956,0.013339408,0.3058048
0.20000001043081284,1.431995,0.013339408,0.30702558
0.21000000089406967,1.6039946,0.013406779,0.30824634
0.2199999913573265,1.7279941,0.01347415,0.30824634
0.23000001162290573,1.743994,0.01347415,0.30946714
0.24000000208616257,1.6599942,0.013541521,0.30946714
0.2499999925494194,1.475995,0.013676262,0.3106879
0.2600000128149986,1.3599954,0.013743633,0.3106879
0.27000000327825546,1.2799957,0.013878374,0.3119087
0.2799999937415123,1.3319955,0.014080487,0.3106879
0.2900000140070915,1.4839948,0.014484711,0.30946714
0.30000000447034836,1.7239941,0.015023678,0.30702558
0.3099999949336052,1.9279935,0.015697384,0.30336323
0.3200000151991844,2.019993,0.016573204,0.29848012
0.33000000566244125,2.0919929,0.017583765,0.29237625
0.3399999961256981,2.015993,0.018594326,0.28749314
0.3499999865889549,1.8719937,0.019200664,0.2838308
0.36000000685453415,1.7239941,0.019470148,0.28261003
0.369999997317791,1.6799942,0.019537518,0.2838308
0.3799999877810478,1.759994,0.019604888,0.2838308
0.39000000804662704,1.9759933,0.019604888,0.28505158
0.3999999985098839,2.2519925,0.019604888,0.28627235
0.4099999889731407,2.4159918,0.019604888,0.28749314
0.41999997943639755,2.4119918,0.019604888,0.2887139
0.43000002950429916,2.2959921,0.019604888,0.2899347
0.440000019967556,2.063993,0.019604888,0.29115546
0.45000001043081284,1.8559936,0.019604888,0.29237625
0.46000000089406967,1.7239941,0.019672258,0.293597
0.4699999913573265,1.7959938,0.01973963,0.293597
0.47999998182058334,1.9679934,0.01973963,0.2948178
0.4899999722838402,2.2119925,0.019874372,0.29603857
0.5000000223517418,2.3959918,0.019941742,0.29603857
0.5100000128149986,2.4999914,0.020076483,0.29603857
0.5200000032782555,2.3799918,0.020211225,0.29603857
0.5299999937415123,2.2079926,0.020345967,0.29603857
0.5399999842047691,1.9719932,0.020548077,0.29603857
0.549999974668026,1.8799936,0.020884933,0.2948178
0.5600000247359276,1.9039935,0.021356529,0.293597
0.5700000151991844,2.1319928,0.021895494,0.2899347
0.5800000056624413,2.4159918,0.0225692,0.28627235
0.5899999961256981,2.643991,0.023377651,0.28261003
0.5999999865889549,2.8159904,0.02425347,0.27772692
0.6099999770522118,2.8079903,0.024792437,0.27528536
0.6200000271201134,2.603991,0.024994548,0.27406457
0.6300000175833702,2.335992,0.024994548,0.27650613
0.640000008046627,2.2079926,0.024994548,0.27650613
0.6499999985098839,2.2279925,0.024994548,0.27894768
0.6599999889731407,2.3959918,0.024994548,0.27894768
0.6699999794363976,2.663991,0.024994548,0.28016847
0.6800000295042992,2.93599,0.024994548,0.28138924
0.690000019967556,3.00399,0.024994548,0.28261003
0.7000000104308128,2.9039903,0.024994548,0.2838308
0.7100000008940697,2.7159908,0.024994548,0.28505158
0.7199999913573265,2.4519916,0.024994548,0.28627235
0.7299999818205833,2.2239923,0.024994548,0.28749314
0.7399999722838402,2.2399924,0.025061918,0.2887139
0.7500000223517418,2.375992,0.02512929,0.2887139
0.7600000128149986,2.6279912,0.02512929,0.2899347
0.7700000032782555,2.8439906,0.02519666,0.2899347
0.7799999937415123,3.0079896,0.025264032,0.29115546
0.7899999842047691,2.95199,0.025331402,0.29237625
0.799999974668026,2.7559907,0.025398774,0.29237625
0.8100000247359276,2.5279915,0.025466144,0.293597
0.8200000151991844,2.3319921,0.025533514,0.293597
0.8300000056624413,2.2439923,0.025600884,0.2948178
0.8399999961256981,2.351992,0.025668256,0.29603857
0.8499999865889549,2.5879912,0.025802998,0.29603857
0.8599999770522118,2.8439906,0.025870368,0.29603857
0.8700000271201134,2.98399,0.025937738,0.29725936
0.8800000175833702,3.0119896,0.025937738,0.29848012
0.890000008046627,2.8799903,0.02600511,0.29848012
0.8999999985098839,2.663991,0.026207222,0.29848012
0.9099999889731407,2.5199914,0.026409335,0.29848012
0.9199999794363976,2.4159918,0.026611445,0.29848012
0.9299999698996544,2.4679914,0.02688093,0.29725936
0.9399999603629112,2.6359909,0.027150413,0.29603857
0.9499999508261681,2.8959901,0.027487267,0.29603857
0.9600000604987144,3.1119893,0.028026232,0.29237625
0.9700000509619713,3.2319891,0.028497828,0.29115546
0.9800000414252281,3.199989,0.029036794,0.2887139
0.990000031888485,3.0559895,0.02964313,0.28627235
1.0000000223517418,2.9119902,0.030182097,0.28261003
1.0100000128149986,2.8119905,0.030586323,0.28138924
1.0200000032782555,2.7919905,0.030721063,0.28138924
1.0299999937415123,2.88399,0.030721063,0.28261003
1.0399999842047691,3.0599897,0.030788435,0.28261003
1.049999974668026,3.2999887,0.030788435,0.2838308
1.0599999651312828,3.4519882,0.030788435,0.28505158
1.0699999555945396,3.4599884,0.030788435,0.28627235
1.0799999460577965,3.3599885,0.030788435,0.28749314
1.0900000557303429,3.1919892,0.030855807,0.2887139
1.1000000461935997,2.95199,0.030990547,0.2887139
1.1100000366568565,2.8479903,0.031057918,0.2887139
1.1200000271201134,2.91599,0.03112529,0.2899347
1.1300000175833702,3.0839896,0.03112529,0.29115546
1.140000008046627,3.251989,0.03112529,0.29237625
1.1499999985098839,3.4119885,0.031192658,0.29237625
1.1599999889731407,3.499988,0.0313274,0.293597
1.1699999794363976,3.4279883,0.03146214,0.293597
1.1799999698996544,3.2599888,0.031596884,0.293597
1.1899999603629112,3.1079895,0.031731624,0.293597
1.199999950826168,2.9959898,0.031866368,0.293597
1.2100000604987144,2.96399,0.032001108,0.293597
1.2200000509619713,3.0999894,0.03206848,0.2948178
1.2300000414252281,3.275989,0.03213585,0.29603857
1.240000031888485,3.4399884,0.03227059,0.29603857
1.2500000223517418,3.547988,0.032337964,0.29603857
1.2600000128149986,3.5559878,0.032472704,0.29603857
1.2700000032782555,3.4479883,0.032607447,0.29725936
1.2799999937415123,3.275989,0.03280956,0.29603857
1.2899999842047691,3.1879892,0.03307904,0.29603857
1.299999974668026,3.1839893,0.03341589,0.2948178
1.3099999651312828,3.251989,0.033752747,0.293597
1.3199999555945396,3.4279883,0.034224343,0.29115546
1.3299999460577965,3.6319876,0.03469594,0.2899347
1.3400000557303429,3.759987,0.03516753,0.28749314
1.3500000461935997,3.807987,0.035504386,0.28627235
1.3600000366568565,3.783987,0.035908613,0.28505158
1.3700000271201134,3.6439877,0.036245465,0.2838308
1.3800000175833702,3.531988,0.03658232,0.28261003
1.390000008046627,3.539988,0.036919177,0.28138924
1.3999999985098839,3.6079876,0.037188653,0.28016847
1.4099999889731407,3.6999874,0.037256025,0.28138924
1.4199999794363976,3.819987,0.037256025,0.28261003
1.4299999698996544,3.9519866,0.037323397,0.28261003
1.4399999603629112,3.9799867,0.037323397,0.2838308
1.449999950826168,3.9319866,0.037323397,0.28505158
1.4600000604987144,3.8759866,0.037323397,0.28627235
1.4700000509619713,3.7559872,0.037323397,0.28749314
1.4800000414252281,3.6599874,0.037323397,0.2887139
1.490000031888485,3.6519876,0.03739077,0.2899347
1.5000000223517418,3.7359872,0.03739077,0.2899347
1.5100000128149986,3.8159869,0.03739077,0.29115546
1.5200000032782555,3.9199865,0.03739077,0.29237625
1.5299999937415123,3.9839864,0.037458137,0.293597
1.5399999842047691,3.9679866,0.03752551,0.293597
1.549999974668026,3.867987,0.037660252,0.293597
1.5599999651312828,3.779987,0.03772762,0.2948178
1.5699999555945396,3.7119873,0.037862364,0.2948178
1.5799999460577965,3.6639876,0.037862364,0.29603857
1.5900000557303429,3.7039874,0.037929732,0.29725936
1.6000000461935997,3.823987,0.038064476,0.29725936
1.6100000366568565,3.9439864,0.038199216,0.29725936
1.6200000271201134,4.031986,0.038266588,0.29848012
1.6300000175833702,4.0479865,0.03840133,0.29848012
1.640000008046627,3.9919865,0.0384687,0.29848012
1.6499999985098839,3.887987,0.038603444,0.29970092
1.6599999889731407,3.807987,0.038670816,0.29970092
1.6699999794363976,3.799987,0.038805556,0.29970092
1.6799999698996544,3.819987,0.039007667,0.29970092
1.6899999603629112,3.9399865,0.039277148,0.29970092
1.699999950826168,4.067986,0.03954663,0.29848012
1.7100000604987144,4.187986,0.039816115,0.29848012
1.7200000509619713,4.2159853,0.04022034,0.29603857
1.7300000414252281,4.2199855,0.040691935,0.2948178
1.740000031888485,4.151986,0.04096142,0.293597
1.7500000223517418,4.071986,0.0412309,0.29237625
1.7600000128149986,4.0279865,0.041567754,0.29115546
1.7700000032782555,4.107986,0.041971978,0.2899347
1.7799999937415123,4.2479854,0.042578317,0.28627235
1.7899999842047691,4.423985,0.043319393,0.28261003
1.799999974668026,4.5919843,0.043925732,0.28016847
1.8099999651312828,4.675984,0.044397328,0.27772692
1.8199999555945396,4.619984,0.04480155,0.27650613
1.8299999460577965,4.523985,0.045071032,0.27528536
1.8400000557303429,4.4679847,0.045340516,0.27406457
1.8500000461935997,4.435985,0.04567737,0.2728438
1.8600000366568565,4.503985,0.046014223,0.2728438
1.8700000271201134,4.6919837,0.04648582,0.27040225
1.8800000175833702,4.895983,0.047024786,0.2679607
1.8899998888373375,4.995983,0.04742901,0.26551914
1.9000001177191734,5.019983,0.047765862,0.26429835
1.9100001081824303,4.9839835,0.048035346,0.26429835
1.920000098645687,4.8399835,0.048237458,0.26429835
1.930000089108944,4.7439837,0.048439573,0.2630776
1.9400000795722008,4.723984,0.048641685,0.2630776
1.9500000700354576,4.795984,0.048776425,0.2630776
1.9600000604987144,4.911983,0.04891117,0.26429835
1.9700000509619713,5.0279827,0.04891117,0.26429835
1.9800000414252281,5.1359825,0.04891117,0.2667399
1.990000031888485,5.143983,0.04897854,0.2667399
2.000000022351742,5.0959826,0.04904591,0.2679607
2.0100000128149986,5.015983,0.04918065,0.2679607
2.0200000032782555,4.923983,0.049248017,0.2679607
2.0299999937415123,4.8399835,0.049248017,0.26918146
2.039999984204769,4.8639836,0.049248017,0.27040225
2.049999974668026,4.9359827,0.04931539,0.27162302
2.059999965131283,5.019983,0.04931539,0.2728438
2.0699999555945396,5.1279826,0.04938276,0.2728438
2.0799999460577965,5.207982,0.049450133,0.27406457
2.0899999365210533,5.1679826,0.0495175,0.27406457
2.09999992698431,5.059983,0.0495175,0.27528536
2.109999917447567,4.971983,0.049584873,0.27650613
2.119999907910824,4.8999834,0.049719617,0.27650613
2.1299998983740807,4.8919835,0.049854357,0.27650613
2.1399998888373375,4.943983,0.049854357,0.27772692
2.1500001177191734,5.0479827,0.049854357,0.27894768
2.1600001081824303,5.1159825,0.049854357,0.28016847
2.170000098645687,5.1919823,0.049854357,0.28138924
2.180000089108944,5.207982,0.049854357,0.28261003
2.1900000795722008,5.143983,0.04992173,0.2838308
2.2000000700354576,5.019983,0.04992173,0.2838308
2.2100000604987144,4.975983,0.049989097,0.28505158
2.2200000509619713,4.9359827,0.049989097,0.28627235
2.230000041425228,4.975983,0.05012384,0.28627235
2.240000031888485,5.0719824,0.050191212,0.28749314
2.250000022351742,5.1879826,0.050325952,0.28749314
2.2600000128149986,5.2319818,0.050393324,0.2887139
2.2700000032782555,5.2239823,0.050595436,0.28749314
2.2799999937415123,5.2439823,0.05079755,0.28749314
2.289999984204769,5.1759825,0.0511344,0.28627235
2.299999974668026,5.123983,0.051471256,0.28505158
2.309999965131283,5.159982,0.05201022,0.28261003
2.3199999555945396,5.2359824,0.052549187,0.28016847
2.3299999460577965,5.3239822,0.053020783,0.27894768
2.3399999365210533,5.4439816,0.053425007,0.27650613
2.34999992698431,5.523981,0.05382923,0.27406457
2.359999917447567,5.5879807,0.054233458,0.2728438
2.369999907910824,5.595981,0.05477242,0.27040225
2.3799998983740807,5.6399803,0.055176646,0.26918146
2.3899998888373375,5.6279807,0.05558087,0.2679607
2.4000001177191734,5.5999813,0.055850353,0.2667399
2.4100001081824303,5.6359806,0.056052465,0.2667399
2.420000098645687,5.687981,0.05618721,0.2667399
2.430000089108944,5.7399807,0.05625458,0.2667399
2.4400000795722008,5.76798,0.05625458,0.2679607
2.4500000700354576,5.83998,0.05625458,0.26918146
2.4600000604987144,5.8279805,0.05625458,0.27040225
2.4700000509619713,5.7919803,0.05625458,0.27162302
2.480000041425228,5.7799807,0.05625458,0.2728438
2.490000031888485,5.72798,0.05625458,0.27406457
2.500000022351742,5.6839805,0.05632195,0.27406457
2.5100000128149986,5.6799808,0.05632195,0.27650613
2.5200000032782555,5.7199807,0.05632195,0.27650613
2.5299999937415123,5.7599807,0.05632195,0.27894768
2.539999984204769,5.78798,0.05632195,0.27894768
2.549999974668026,5.79998,0.05632195,0.28016847
2.559999965131283,5.8039804,0.05632195,0.28138924
2.5699999555945396,5.7399807,0.05632195,0.28261003
2.5799999460577965,5.7319803,0.05632195,0.2838308
2.5899999365210533,5.7039804,0.05632195,0.28505158
2.59999992698431,5.691981,0.05632195,0.28627235
2.609999917447567,5.70798,0.05632195,0.28749314
2.619999907910824,5.76798,0.05638932,0.2887139
2.6299998983740807,5.81998,0.05638932,0.2887139
2.6399998888373375,5.8279805,0.056456693,0.2899347
2.6500001177191734,5.83998,0.05652406,0.2899347
2.6600001081824303,5.8119802,0.056591433,0.29115546
2.670000098645687,5.7319803,0.056658804,0.29237625
2.680000089108944,5.7039804,0.056658804,0.293597
2.6900000795722008,5.711981,0.056726176,0.293597
2.7000000700354576,5.72798,0.056726176,0.2948178
2.7100000604987144,5.7639804,0.056726176,0.29603857
2.7200000509619713,5.8119802,0.056793544,0.29725936
2.730000041425228,5.8679795,0.05692829,0.29725936
2.740000031888485,5.87598,0.057130396,0.29725936
2.750000022351742,5.9239798,0.05753462,0.29603857
2.7600000128149986,5.95998,0.057938848,0.293597
2.7700000032782555,5.92798,0.058410443,0.29115546
2.7799999937415123,5.9239798,0.058814667,0.2899347
2.789999984204769,5.9639797,0.05921889,0.2887139
2.799999974668026,6.0119796,0.059623115,0.28627235
2.809999965131283,6.0679793,0.0598926,0.28627235
2.8199999555945396,6.163979,0.060162082,0.28505158
2.8299999460577965,6.235979,0.060566306,0.2838308
2.8399999365210533,6.2959785,0.060970534,0.28138924
2.84999992698431,6.3119783,0.06137475,0.28016847
2.859999917447567,6.3479786,0.061778974,0.27894768
2.869999907910824,6.319978,0.06204846,0.27772692
2.8799998983740807,6.2479787,0.062183198,0.27772692
2.8899998888373375,6.2519784,0.062250573,0.27894768
2.9000001177191734,6.2759786,0.062385317,0.27894768
2.9100001081824303,6.3279786,0.062385317,0.28016847
2.920000098645687,6.4039783,0.062452685,0.28016847
2.930000089108944,6.475978,0.062452685,0.28261003
2.9400000795722008,6.4839783,0.06252005,0.28261003
2.9500000700354576,6.447978,0.06252005,0.2838308
2.9600000604987144,6.4039783,0.062587425,0.2838308
2.9700000509619713,6.363978,0.06265479,0.28505158
2.980000041425228,6.323979,0.06265479,0.28627235
2.990000031888485,6.323979,0.06265479,0.28749314
3.000000022351742,6.3559785,0.06265479,0.2887139
3.0100000128149986,6.4159784,0.06272216,0.2887139
3.0200000032782555,6.455978,0.06272216,0.2899347
3.0299999937415123,6.507978,0.06272216,0.29115546
3.039999984204769,6.4799776,0.06278954,0.29237625
3.049999974668026,6.419978,0.062856905,0.29237625
3.059999965131283,6.3959785,0.06299165,0.293597
3.0699999555945396,6.3759785,0.06319376,0.29237625
3.0799999460577965,6.3839784,0.063328505,0.293597
3.0899999365210533,6.4039783,0.06339587,0.293597
3.09999992698431,6.4639783,0.063597985,0.293597
3.109999917447567,6.511978,0.06386747,0.29237625
3.119999907910824,6.5799775,0.06413695,0.29237625
3.1299998983740807,6.6559772,0.06440644,0.29115546
3.1399998888373375,6.659977,0.06474329,0.29115546
3.1500001177191734,6.6199775,0.06508014,0.2899347
3.1600001081824303,6.6199775,0.065417,0.28749314
3.170000098645687,6.6519775,0.0658886,0.28627235
3.180000089108944,6.703977,0.06636018,0.2838308
3.1900000795722008,6.771977,0.06683178,0.28138924
3.2000000700354576,6.8639765,0.067303374,0.27894768
3.2100000604987144,6.9439764,0.06764023,0.27894768
3.2200000509619713,6.9359765,0.067774974,0.27894768
3.230000041425228,6.9199767,0.06784234,0.27894768
3.240000031888485,6.907976,0.06784234,0.28016847
3.250000022351742,6.8679767,0.06784234,0.28138924
3.2600000128149986,6.8679767,0.06784234,0.28261003
3.2700000032782555,6.9039764,0.06784234,0.2838308
3.2799999937415123,6.9439764,0.06790972,0.2838308
3.289999984204769,6.967976,0.06790972,0.28627235
3.299999974668026,6.979976,0.06790972,0.28627235
3.309999965131283,6.999976,0.06790972,0.2887139
3.3199999555945396,6.9439764,0.06790972,0.2887139
3.3299999460577965,6.8959765,0.06790972,0.2899347
3.3399999365210533,6.871977,0.06790972,0.29115546
3.34999992698431,6.871977,0.06790972,0.29237625
3.359999917447567,6.9039764,0.06790972,0.293597
3.369999907910824,6.947976,0.06790972,0.2948178
3.3799998983740807,6.9839764,0.067977086,0.29603857
3.3899998888373375,6.987976,0.067977086,0.29603857
3.4000001177191734,6.967976,0.067977086,0.29848012
3.4100001081824303,6.9439764,0.067977086,0.29848012
3.420000098645687,6.8999767,0.067977086,0.29970092
3.430000089108944,6.871977,0.067977086,0.30092168
3.4400000795722008,6.8759766,0.067977086,0.30214247
3.4500000700354576,6.8959765,0.068044454,0.30336323
3.4600000604987144,6.907976,0.068044454,0.30458403
3.4700000509619713,6.9599767,0.068044454,0.3058048
3.480000041425228,6.975976,0.068044454,0.30702558
3.490000031888485,6.9439764,0.068044454,0.30824634
3.500000022351742,6.9399767,0.06811183,0.30824634
3.5100000128149986,6.9359765,0.0681792,0.30946714
3.5200000032782555,6.9039764,0.068246566,0.30946714
3.5299999937415123,6.9039764,0.06831394,0.3106879
3.539999984204769,6.955976,0.06838131,0.3106879
3.549999974668026,6.975976,0.068448685,0.3119087
3.559999965131283,6.999976,0.06851605,0.3119087
3.5699999555945396,7.019976,0.0686508,0.31312945
3.5799999460577965,7.051976,0.06878553,0.31312945
3.5899999365210533,7.0479755,0.06892028,0.31312945
3.59999992698431,7.031976,0.06905502,0.31312945
3.609999917447567,7.0119762,0.06905502,0.31435025
3.619999907910824,6.9839764,0.06912239,0.315571
3.6299998983740807,6.9519763,0.06912239,0.3167918
3.6399998888373375,6.995976,0.06925713,0.3167918
3.6500001177191734,7.035976,0.0693245,0.31801257
3.6600001081824303,7.079976,0.0693245,0.31801257
3.670000098645687,7.095976,0.069459245,0.31923336
3.680000089108944,7.1239758,0.06952661,0.31923336
3.6900000795722008,7.0919757,0.06959399,0.32045412
3.7000000700354576,7.055976,0.069728725,0.32045412
3.7100000604987144,7.0679755,0.06986347,0.32045412
3.7200000509619713,7.0879755,0.06999821,0.32045412
3.730000041425228,7.107976,0.07020032,0.32045412
3.740000031888485,7.1639757,0.0704698,0.31923336
3.750000022351742,7.2559757,0.07080665,0.31801257
3.7600000128149986,7.2999754,0.07127825,0.3167918
3.7700000032782555,7.3879747,0.07188459,0.31312945
3.7799999937415123,7.4679747,0.07269304,0.30946714
3.789999984204769,7.5319743,0.07356886,0.30336323
3.799999974668026,7.567974,0.07457942,0.29848012
3.809999965131283,7.6319737,0.0753205,0.2948178
3.8199999555945396,7.615974,0.07545524,0.2948178
3.8299999460577965,7.5559745,0.07545524,0.29603857
3.8399999365210533,7.579974,0.07545524,0.29725936
3.84999992698431,7.6599736,0.07545524,0.29848012
3.859999917447567,7.7679734,0.07545524,0.29970092
3.869999907910824,7.8439736,0.07545524,0.29970092
3.8799998983740807,7.887973,0.07545524,0.30214247
3.8900001272559166,7.875973,0.07545524,0.30214247
3.8999998793005943,7.755974,0.07545524,0.30336323
3.9100001081824303,7.6799736,0.07545524,0.30458403
3.919999860227108,7.615974,0.07545524,0.3058048
3.930000089108944,7.599974,0.07552261,0.30702558
3.9399998411536217,7.6439743,0.07552261,0.30824634
3.9500000700354576,7.7799735,0.07552261,0.30946714
3.9599998220801353,7.8319736,0.07552261,0.30946714
3.9700000509619713,7.8719735,0.07552261,0.3119087
3.979999803006649,7.8479733,0.07552261,0.3119087
3.990000031888485,7.775974,0.07552261,0.31312945
3.9999997839331627,7.6719737,0.07552261,0.31435025
4.010000012814999,7.587974,0.07558998,0.315571
4.019999764859676,7.5959744,0.07558998,0.3167918
4.029999993741512,7.6439743,0.07565735,0.31801257
4.040000222623348,7.7199736,0.07565735,0.31801257
4.049999974668026,7.811973,0.07572472,0.31923336
4.060000203549862,7.879973,0.075859465,0.31923336
4.06999995559454,7.875973,0.0759942,0.31923336
4.080000184476376,7.839973,0.076128945,0.31923336
4.089999936521053,7.791973,0.07639843,0.31923336
4.100000165402889,7.755974,0.07673529,0.31801257
4.109999917447567,7.7999735,0.07740899,0.31435025
4.120000146329403,7.943973,0.07828481,0.30946714
4.129999898374081,8.159972,0.079564855,0.30214247
4.140000127255917,8.431971,0.08118176,0.29237625
4.149999879300594,8.627971,0.08266391,0.28261003
4.16000010818243,8.731971,0.08374184,0.27650613
4.169999860227108,8.655971,0.084685035,0.27162302
4.180000089108944,8.655971,0.08576297,0.26551914
4.189999841153622,8.74397,0.086975634,0.25819448
4.200000070035458,8.88797,0.08805357,0.25209057
4.209999822080135,8.98397,0.08852517,0.24842826
4.220000050961971,9.071969,0.08859254,0.24964903
4.229999803006649,9.151969,0.08859254,0.2508698
4.240000031888485,9.203968,0.08859254,0.25209057
4.249999783933163,9.259969,0.08859254,0.25331137
4.260000012814999,9.251968,0.08859254,0.25453213
4.269999764859676,9.227968,0.08859254,0.25575292
4.279999993741512,9.127969,0.08859254,0.25697368
4.290000222623348,9.111969,0.08859254,0.25819448
4.299999974668026,9.11597,0.08859254,0.25941524
4.310000203549862,9.111969,0.08859254,0.26063603
4.31999995559454,9.143969,0.08859254,0.26063603
4.330000184476376,9.199968,0.08859254,0.2630776
4.339999936521053,9.239968,0.08859254,0.2630776
4.350000165402889,9.247969,0.08859254,0.26429835
4.359999917447567,9.267968,0.08859254,0.26551914
4.370000146329403,9.171968,0.08859254,0.2667399
4.379999898374081,9.087969,0.08859254,0.2679607
4.390000127255917,9.05197,0.08859254,0.26918146
4.399999879300594,9.063969,0.08859254,0.27040225
4.41000010818243,9.111969,0.08859254,0.27162302
4.419999860227108,9.171968,0.08859254,0.2728438
4.430000089108944,9.231969,0.08859254,0.27406457
4.439999841153622,9.219969,0.08859254,0.27528536
4.450000070035458,9.179969,0.08859254,0.27650613
4.459999822080135,9.155969,0.08859254,0.27772692
4.470000050961971,9.135968,0.08859254,0.27894768
4.479999803006649,9.099969,0.08859254,0.28016847
4.490000031888485,9.075969,0.08859254,0.28138924
4.499999783933163,9.123969,0.08859254,0.28261003
4.510000012814999,9.151969,0.08859254,0.28261003
4.519999764859676,9.195969,0.088659905,0.2838308
4.529999993741512,9.247969,0.088659905,0.28505158
4.540000222623348,9.215969,0.088659905,0.28627235
4.549999974668026,9.159968,0.088659905,0.28749314
4.560000203549862,9.107969,0.08872728,0.2887139
4.56999995559454,9.099969,0.08879465,0.2887139
4.580000184476376,9.099969,0.08886202,0.2899347
4.589999936521053,9.119969,0.08892939,0.2899347
4.600000165402889,9.167969,0.08906413,0.2899347
4.609999917447567,9.211968,0.08919887,0.2899347
4.620000146329403,9.231969,0.089400984,0.2899347
4.629999898374081,9.291968,0.08973784,0.2887139
4.640000127255917,9.331968,0.090074696,0.2887139
4.649999879300594,9.331968,0.09054629,0.28627235
4.66000010818243,9.367969,0.09115262,0.28261003
4.669999860227108,9.443968,0.09202845,0.27894768
4.680000089108944,9.551968,0.09290426,0.2728438
4.689999841153622,9.639967,0.09364534,0.26918146
4.700000070035458,9.675967,0.0939822,0.2679607
4.709999822080135,9.663967,0.0939822,0.26918146
4.720000050961971,9.603968,0.0939822,0.27040225
4.729999803006649,9.627967,0.0939822,0.27162302
4.740000031888485,9.679967,0.0939822,0.2728438
4.749999783933163,9.731967,0.0939822,0.27406457
4.760000012814999,9.8039665,0.0939822,0.27406457
4.769999764859676,9.8039665,0.0939822,0.27650613
4.779999993741512,9.767966,0.09404957,0.27650613
4.790000222623348,9.703967,0.09404957,0.27772692
4.799999974668026,9.659967,0.09404957,0.27894768
4.810000203549862,9.611967,0.09404957,0.28016847
4.81999995559454,9.603968,0.09404957,0.28138924
4.830000184476376,9.655967,0.09411694,0.28261003
4.839999936521053,9.723967,0.09411694,0.28261003
4.850000165402889,9.763967,0.09418431,0.2838308
4.859999917447567,9.775967,0.09418431,0.28505158
4.870000146329403,9.783967,0.09418431,0.28627235
4.879999898374081,9.763967,0.09425168,0.28627235
4.890000127255917,9.707967,0.094319046,0.28749314
4.899999879300594,9.679967,0.09445379,0.2887139
4.91000010818243,9.683968,0.09452116,0.2887139
4.919999860227108,9.683968,0.094588526,0.2887139
4.930000089108944,9.703967,0.0946559,0.2899347
4.939999841153622,9.759967,0.09472327,0.2899347
4.950000070035458,9.811967,0.09472327,0.29115546
4.959999822080135,9.811967,0.09472327,0.29237625
4.970000050961971,9.8039665,0.094790645,0.293597
4.979999803006649,9.795967,0.09485801,0.293597
4.990000031888485,9.739966,0.09492538,0.2948178
4.999999783933163,9.695967,0.09492538,0.29603857
5.010000012814999,9.711967,0.095060125,0.29603857
5.019999764859676,9.747967,0.09526224,0.29603857
5.029999993741512,9.795967,0.09539698,0.29603857
5.040000222623348,9.871965,0.095531724,0.29603857
5.049999974668026,9.919966,0.095801204,0.29603857
5.060000203549862,9.939965,0.09613806,0.2948178
5.06999995559454,9.971966,0.096542284,0.29237625
5.080000184476376,10.035966,0.097215995,0.2899347
5.089999936521053,10.071966,0.097957075,0.28505158
5.100000165402889,10.171966,0.09883289,0.28016847
5.109999917447567,10.247966,0.09964134,0.27650613
5.120000146329403,10.267965,0.09997819,0.27406457
5.129999898374081,10.227965,0.10004556,0.27528536
5.140000127255917,10.211965,0.10004556,0.27650613
5.149999879300594,10.231965,0.10004556,0.27772692
5.16000010818243,10.275965,0.10004556,0.27894768
5.169999860227108,10.339965,0.10004556,0.28016847
5.180000089108944,10.423965,0.10004556,0.28138924
5.189999841153622,10.439964,0.10004556,0.28261003
5.200000070035458,10.407965,0.10004556,0.2838308
5.209999822080135,10.359964,0.10004556,0.28505158
5.220000050961971,10.279964,0.10004556,0.28627235
5.229999803006649,10.203965,0.10004556,0.28749314
5.240000031888485,10.191965,0.10004556,0.2887139
5.249999783933163,10.247966,0.10011293,0.2887139
5.260000012814999,10.327964,0.10011293,0.2899347
5.269999764859676,10.387964,0.10011293,0.29115546
5.279999993741512,10.439964,0.100180306,0.29237625
5.290000222623348,10.443965,0.10024767,0.29237625
5.299999974668026,10.379965,0.10024767,0.293597
5.310000203549862,10.303965,0.10024767,0.2948178
5.31999995559454,10.259965,0.10031505,0.29603857
5.330000184476376,10.227965,0.10038242,0.29603857
5.339999936521053,10.267965,0.100449786,0.29725936
5.350000165402889,10.319964,0.10058453,0.29725936
5.359999917447567,10.383965,0.10058453,0.29848012
5.370000146329403,10.431965,0.1006519,0.29848012
5.379999898374081,10.467964,0.10078664,0.29970092
5.390000127255917,10.467964,0.100921385,0.29970092
5.399999879300594,10.419965,0.1011235,0.29970092
5.41000010818243,10.379965,0.10132561,0.29848012
5.419999860227108,10.371964,0.10152772,0.29848012
5.430000089108944,10.395964,0.10179721,0.29848012
5.439999841153622,10.483964,0.102201425,0.29603857
5.450000070035458,10.6079645,0.10280776,0.293597
5.459999822080135,10.727963,0.10348147,0.2899347
5.470000050961971,10.835963,0.104155175,0.28627235
5.479999803006649,10.915963,0.105031,0.28138924
5.490000031888485,10.963963,0.10577208,0.27772692
5.499999783933163,10.899963,0.10624367,0.27528536
5.510000012814999,10.815963,0.10631104,0.27650613
5.519999764859676,10.735963,0.10631104,0.27650613
5.529999993741512,10.759963,0.10631104,0.27894768
5.540000222623348,10.835963,0.10631104,0.27894768
5.549999974668026,11.023963,0.10631104,0.28016847
5.560000203549862,11.147962,0.10631104,0.28138924
5.56999995559454,11.163961,0.10631104,0.28261003
5.580000184476376,11.127962,0.10631104,0.2838308
5.589999936521053,11.039962,0.10631104,0.28505158
5.600000165402889,10.883963,0.10631104,0.28627235
5.609999917447567,10.763964,0.10631104,0.28749314
5.620000146329403,10.763964,0.106378414,0.2887139
5.629999898374081,10.839963,0.106378414,0.2899347
5.640000127255917,10.943963,0.10644578,0.2899347
5.649999879300594,11.083962,0.10644578,0.29115546
5.66000010818243,11.1759615,0.10644578,0.29237625
5.669999860227108,11.155962,0.10651315,0.29237625
5.680000089108944,11.063963,0.10651315,0.293597
5.689999841153622,10.959962,0.10651315,0.2948178
5.700000070035458,10.835963,0.10651315,0.29603857
5.709999822080135,10.787963,0.10651315,0.29725936
5.720000050961971,10.799963,0.106580526,0.29848012
5.729999803006649,10.9119625,0.106580526,0.29970092
5.740000031888485,11.007962,0.106580526,0.30092168
5.749999783933163,11.103963,0.106580526,0.30214247
5.760000012814999,11.147962,0.106580526,0.30336323
5.769999764859676,11.087962,0.106647894,0.30336323
5.779999993741512,10.999962,0.10671526,0.30458403
5.790000222623348,10.903963,0.10678264,0.30458403
5.799999974668026,10.831964,0.10678264,0.3058048
5.810000203549862,10.807963,0.106850006,0.30702558
5.81999995559454,10.883963,0.106850006,0.30824634
5.830000184476376,10.991962,0.106917374,0.30824634
5.839999936521053,11.103963,0.10705212,0.30824634
5.850000165402889,11.163961,0.10711949,0.30946714
5.859999917447567,11.1759615,0.10725423,0.30946714
5.870000146329403,11.119963,0.107321605,0.3106879
5.879999898374081,11.011963,0.10745634,0.3106879
5.890000127255917,10.947963,0.107591085,0.3106879
5.899999879300594,10.931962,0.10786057,0.30946714
5.91000010818243,10.967963,0.10813005,0.30946714
5.919999860227108,11.067962,0.10846691,0.30824634
5.930000089108944,11.235962,0.108803764,0.30702558
5.939999841153622,11.379961,0.1094101,0.30458403
5.950000070035458,11.479961,0.110016435,0.30092168
5.959999822080135,11.5319605,0.11075751,0.29725936
5.970000050961971,11.539961,0.11156596,0.29237625
5.979999803006649,11.511961,0.11244178,0.2887139
5.990000031888485,11.511961,0.11304812,0.28505158
5.999999783933163,11.511961,0.11338498,0.2838308
6.010000012814999,11.519961,0.11365446,0.28261003
6.019999764859676,11.57596,0.11392394,0.28261003
6.029999993741512,11.763961,0.11419342,0.28138924
6.040000222623348,11.91996,0.11453027,0.28016847
6.049999974668026,11.991959,0.11479975,0.27894768
6.060000203549862,12.059958,0.11520398,0.27894768
6.06999995559454,12.039959,0.115675576,0.27650613
6.080000184476376,11.979959,0.1160798,0.27406457
6.089999936521053,11.89596,0.116416655,0.2728438
6.100000165402889,11.8479595,0.1165514,0.2728438
6.109999917447567,11.83196,0.11661877,0.27406457
6.120000146329403,11.87996,0.11675351,0.27406457
6.129999898374081,12.031959,0.116888255,0.27406457
6.140000127255917,12.167958,0.11695562,0.27528536
6.149999879300594,12.255959,0.11702299,0.27528536
6.16000010818243,12.243958,0.11702299,0.27650613
6.169999860227108,12.195958,0.11702299,0.27772692
6.180000089108944,12.067959,0.11709037,0.27894768
6.189999841153622,11.97596,0.117157735,0.27894768
6.200000070035458,11.943959,0.1172251,0.28016847
6.209999822080135,11.96396,0.11729248,0.28016847
6.220000050961971,12.01596,0.11729248,0.28138924
6.229999803006649,12.127958,0.11729248,0.28261003
6.240000031888485,12.223958,0.11729248,0.2838308
6.249999783933163,12.259959,0.11735985,0.28505158
6.260000012814999,12.215959,0.11735985,0.28627235
6.269999764859676,12.135959,0.11735985,0.28749314
6.279999993741512,12.047958,0.11742722,0.28749314
6.290000222623348,11.967959,0.11749459,0.2887139
6.299999974668026,11.97596,0.11749459,0.2899347
6.310000203549862,12.031959,0.11749459,0.29115546
6.31999995559454,12.063959,0.11749459,0.29237625
6.330000184476376,12.151959,0.11756196,0.29237625
6.339999936521053,12.231957,0.11756196,0.293597
6.350000165402889,12.231957,0.117629334,0.2948178
6.359999917447567,12.195958,0.117629334,0.29603857
6.370000146329403,12.12396,0.117629334,0.29725936
6.379999898374081,12.035959,0.1176967,0.29725936
6.390000127255917,11.999959,0.11776407,0.29848012
6.399999879300594,12.035959,0.117898814,0.29848012
6.41000010818243,12.111959,0.11803356,0.29848012
6.419999860227108,12.195958,0.118168294,0.29848012
6.430000089108944,12.267959,0.11823566,0.29970092
6.439999841153622,12.287958,0.11830303,0.29970092
6.450000070035458,12.271958,0.11837041,0.30092168
6.459999822080135,12.183958,0.11837041,0.30214247
6.470000050961971,12.139958,0.118437774,0.30214247
6.479999803006649,12.107959,0.118437774,0.30336323
6.490000031888485,12.099958,0.11850514,0.30458403
6.499999783933163,12.135959,0.11850514,0.3058048
6.510000012814999,12.211958,0.11850514,0.30702558
6.519999764859676,12.279958,0.11857252,0.30824634
6.529999993741512,12.311958,0.11857252,0.30824634
6.540000222623348,12.323958,0.11863989,0.30946714
6.549999974668026,12.283958,0.11863989,0.3106879
6.560000203549862,12.215959,0.118707255,0.3119087
6.56999995559454,12.179958,0.118842,0.3119087
6.580000184476376,12.191959,0.11904411,0.3119087
6.589999936521053,12.199959,0.119178854,0.3119087
6.600000165402889,12.255959,0.1193136,0.3119087
6.609999917447567,12.339957,0.119448334,0.3119087
6.620000146329403,12.383958,0.11958308,0.3119087
6.629999898374081,12.407957,0.11978519,0.3119087
6.640000127255917,12.423958,0.12005468,0.3106879
6.649999879300594,12.463958,0.12052627,0.30946714
6.66000010818243,12.499958,0.12119998,0.3058048
6.669999860227108,12.571957,0.12200843,0.30092168
6.680000089108944,12.703957,0.12288425,0.29603857
6.689999841153622,12.751957,0.12355796,0.29237625
6.700000070035458,12.811956,0.124299034,0.2887139
6.709999822080135,12.8639555,0.12483801,0.28627235
6.720000050961971,12.895956,0.1251075,0.28505158
6.729999803006649,12.867956,0.1251075,0.28627235
6.740000031888485,12.879956,0.1251075,0.28749314
6.749999783933163,12.923956,0.1251075,0.2887139
6.760000012814999,12.959955,0.12517485,0.2899347
6.769999764859676,13.003956,0.12517485,0.29115546
6.779999993741512,13.051955,0.12517485,0.29237625
6.790000222623348,13.0479555,0.12517485,0.29237625
6.799999974668026,12.991956,0.12517485,0.293597
6.810000203549862,12.947956,0.12517485,0.2948178
6.81999995559454,12.887957,0.12517485,0.29603857
6.830000184476376,12.871957,0.12517485,0.29725936
6.839999936521053,12.867956,0.12517485,0.29848012
6.850000165402889,12.935956,0.12517485,0.29970092
6.859999917447567,12.979956,0.12517485,0.30092168
6.870000146329403,13.007956,0.12517485,0.30214247
6.879999898374081,13.039955,0.12517485,0.30336323
6.890000127255917,13.015956,0.12517485,0.30458403
6.899999879300594,12.939957,0.12517485,0.3058048
6.91000010818243,12.907956,0.12524223,0.3058048
6.919999860227108,12.883956,0.12524223,0.30824634
6.930000089108944,12.867956,0.1253096,0.30824634
6.939999841153622,12.899957,0.1253096,0.30946714
6.950000070035458,12.955956,0.1253096,0.3106879
6.959999822080135,12.995956,0.12537697,0.3119087
6.970000050961971,12.995956,0.12537697,0.3119087
6.979999803006649,13.023956,0.12544434,0.31312945
6.990000031888485,13.011955,0.12551172,0.31312945
6.999999783933163,12.959955,0.12557907,0.31435025
7.010000012814999,12.935956,0.1257812,0.31435025
7.019999764859676,12.931955,0.12591594,0.31435025
7.029999993741512,12.967957,0.12618543,0.31312945
7.040000222623348,13.035956,0.12652227,0.31312945
7.049999974668026,13.135955,0.1269265,0.3106879
7.060000203549862,13.251954,0.12760021,0.30702558
7.06999995559454,13.335955,0.12834127,0.30336323
7.080000184476376,13.387954,0.12894763,0.29970092
7.089999936521053,13.415954,0.12941921,0.29848012
7.100000165402889,13.379954,0.12989081,0.29603857
7.109999917447567,13.371955,0.13029504,0.2948178
7.120000146329403,13.407954,0.13056453,0.293597
7.129999898374081,13.443954,0.1306319,0.2948178
7.140000127255917,13.479954,0.1306319,0.29603857
7.149999879300594,13.567954,0.13069926,0.29603857
7.16000010818243,13.647954,0.13069926,0.29725936
7.169999860227108,13.651954,0.13069926,0.29848012
7.180000089108944,13.639953,0.13076663,0.29970092
7.189999841153622,13.591953,0.13076663,0.29970092
7.200000070035458,13.519955,0.13083401,0.30092168
7.209999822080135,13.459954,0.13090137,0.30214247
7.220000050961971,13.475954,0.13090137,0.30336323
7.229999803006649,13.515954,0.13090137,0.30336323
7.240000031888485,13.515954,0.13096875,0.30458403
7.249999783933163,13.5759535,0.13096875,0.3058048
7.260000012814999,13.643953,0.13096875,0.30702558
7.269999764859676,13.651954,0.13103612,0.30824634
7.279999993741512,13.639953,0.13110349,0.30824634
7.290000222623348,13.607954,0.13117085,0.30946714
7.299999974668026,13.571953,0.13130559,0.30946714
7.310000203549862,13.527954,0.13137297,0.30946714
7.31999995559454,13.531955,0.13150771,0.3106879
7.330000184476376,13.583954,0.13157508,0.3106879
7.339999936521053,13.615953,0.13170983,0.3119087
7.350000165402889,13.671953,0.1317772,0.3119087
7.359999917447567,13.7079525,0.1317772,0.31312945
7.370000146329403,13.7079525,0.13184457,0.31312945
7.379999898374081,13.675954,0.1319793,0.31312945
7.390000127255917,13.679953,0.13211405,0.31435025
7.399999879300594,13.647954,0.13211405,0.315571
7.41000010818243,13.603953,0.13218142,0.315571
7.419999860227108,13.615953,0.13224879,0.3167918
7.430000089108944,13.655953,0.13238353,0.3167918
7.439999841153622,13.699953,0.1324509,0.31801257
7.450000070035458,13.747952,0.1324509,0.31923336
7.459999822080135,13.779953,0.13251828,0.31923336
7.470000050961971,13.735953,0.13251828,0.32045412
7.479999803006649,13.715954,0.13251828,0.3216749
7.490000031888485,13.699953,0.13258563,0.32289568
7.499999783933163,13.711953,0.13265301,0.32289568
7.510000012814999,13.703954,0.13285512,0.32289568
7.519999764859676,13.747952,0.13305724,0.32289568
7.529999993741512,13.831953,0.13339409,0.3216749
7.540000222623348,13.8919525,0.13386568,0.31923336
7.549999974668026,13.991952,0.13447203,0.3167918
7.560000203549862,14.075953,0.13514572,0.31312945
7.56999995559454,14.123953,0.13581944,0.30946714
7.580000184476376,14.107952,0.13635841,0.30702558
7.589999936521053,14.111952,0.13682999,0.30458403
7.600000165402889,14.107952,0.13696474,0.30458403
7.609999917447567,14.083952,0.13696474,0.3058048
7.620000146329403,14.123953,0.13703212,0.30702558
7.629999898374081,14.219952,0.13709947,0.30702558
7.640000127255917,14.315951,0.13709947,0.30824634
7.649999879300594,14.355951,0.13709947,0.30946714
7.66000010818243,14.387951,0.13709947,0.3106879
7.669999860227108,14.351951,0.13716686,0.3119087
7.680000089108944,14.275951,0.13723423,0.3119087
7.689999841153622,14.179952,0.1373016,0.31312945
7.700000070035458,14.147952,0.1373016,0.31435025
7.709999822080135,14.143952,0.13736896,0.31435025
7.720000050961971,14.183951,0.13743635,0.315571
7.729999803006649,14.291951,0.1375037,0.315571
7.740000031888485,14.375952,0.1375037,0.31801257
7.749999783933163,14.395951,0.13757108,0.31801257
7.760000012814999,14.387951,0.13763845,0.31801257
7.769999764859676,14.355951,0.13770582,0.31923336
7.779999993741512,14.283951,0.13777319,0.31923336
7.790000222623348,14.207952,0.13784057,0.32045412
7.799999974668026,14.211952,0.13790792,0.3216749
7.810000203549862,14.207952,0.1379753,0.3216749
7.81999995559454,14.279952,0.13817741,0.3216749
7.830000184476376,14.43595,0.13837953,0.3216749
7.839999936521053,14.51595,0.13864902,0.3216749
7.850000165402889,14.547951,0.13885112,0.32045412
7.859999917447567,14.535951,0.13918798,0.31923336
7.870000146329403,14.52795,0.1395922,0.31801257
7.879999898374081,14.51595,0.14006379,0.315571
7.889999650418758,14.55595,0.1407375,0.31312945
7.899999879300594,14.659949,0.14147858,0.30824634
7.91000010818243,14.795949,0.14221966,0.30458403
7.920000337064266,14.89995,0.14289337,0.30092168
7.929999612271786,15.003949,0.14343233,0.29848012
7.939999841153622,15.023949,0.14356709,0.29848012
7.950000070035458,14.975949,0.14356709,0.29970092
7.9600002989172935,14.915949,0.14356709,0.30092168
7.969999574124813,14.91995,0.14356709,0.30214247
7.979999803006649,14.947949,0.14356709,0.30336323
7.990000031888485,14.975949,0.14356709,0.30336323
8.000000260770321,15.063949,0.14356709,0.3058048
8.00999953597784,15.107948,0.14356709,0.3058048
8.019999764859676,15.095948,0.14356709,0.30824634
8.029999993741512,15.039948,0.14356709,0.30824634
8.040000222623348,14.995949,0.14356709,0.30946714
8.050000451505184,14.931949,0.14356709,0.3106879
8.059999726712704,14.911949,0.14356709,0.3119087
8.06999995559454,14.931949,0.14356709,0.31312945
8.080000184476376,14.987949,0.14356709,0.31435025
8.090000413358212,15.019949,0.14356709,0.315571
8.099999688565731,15.063949,0.14363444,0.3167918
8.109999917447567,15.071949,0.14363444,0.31801257
8.120000146329403,15.047948,0.14363444,0.31923336
8.130000375211239,14.995949,0.14363444,0.31923336
8.139999650418758,14.947949,0.14363444,0.32045412
8.149999879300594,14.895949,0.14363444,0.3216749
8.16000010818243,14.875949,0.14363444,0.32289568
8.170000337064266,14.931949,0.14363444,0.32411647
8.179999612271786,14.987949,0.14363444,0.32533723
8.189999841153622,15.011949,0.14363444,0.32655802
8.200000070035458,15.055949,0.14363444,0.3277788
8.210000298917294,15.051949,0.14363444,0.32899958
8.219999574124813,15.00795,0.14363444,0.33022034
8.229999803006649,14.955949,0.14370182,0.33144113
8.240000031888485,14.943949,0.14383656,0.33144113
8.250000260770321,14.943949,0.14383656,0.3326619
8.25999953597784,14.935949,0.14390393,0.3326619
8.269999764859676,14.963949,0.14390393,0.3338827
8.279999993741512,15.019949,0.14397131,0.33510345
8.290000222623348,15.063949,0.14410605,0.33510345
8.300000451505184,15.107948,0.14430815,0.33510345
8.309999726712704,15.115948,0.14437552,0.33510345
8.31999995559454,15.055949,0.1444429,0.33632424
8.330000184476376,15.019949,0.14471237,0.33510345
8.340000413358212,15.083949,0.14531872,0.3326619
8.349999688565731,15.219949,0.1460598,0.32899958
8.359999917447567,15.367948,0.147003,0.32289568
8.370000146329403,15.5399475,0.14828303,0.315571
8.380000375211239,15.743947,0.14969781,0.30702558
8.389999650418758,15.899946,0.15097786,0.29970092
8.399999879300594,15.927946,0.15171893,0.2948178
8.41000010818243,15.911945,0.15239264,0.29115546
8.420000337064266,15.911945,0.15313372,0.2887139
8.429999612271786,15.995946,0.15394217,0.2838308
8.439999841153622,16.195944,0.15488535,0.27894768
8.450000070035458,16.447943,0.15589593,0.2728438
8.460000298917294,16.659943,0.156637,0.2679607
8.469999574124813,16.711943,0.15697385,0.2667399
8.479999803006649,16.671944,0.15697385,0.2679607
8.490000031888485,16.555943,0.15697385,0.26918146
8.500000260770321,16.459944,0.15697385,0.27040225
8.50999953597784,16.443945,0.15697385,0.27162302
8.519999764859676,16.495943,0.15697385,0.2728438
8.529999993741512,16.567944,0.15697385,0.27406457
8.540000222623348,16.671944,0.15697385,0.27406457
8.550000451505184,16.767942,0.15697385,0.27650613
8.559999726712704,16.759943,0.15697385,0.27650613
8.56999995559454,16.671944,0.15697385,0.27894768
8.580000184476376,16.591944,0.15697385,0.27894768
8.590000413358212,16.475943,0.15697385,0.28016847
8.599999688565731,16.427944,0.15697385,0.28138924
8.609999917447567,16.471945,0.15704122,0.28261003
8.620000146329403,16.559944,0.15704122,0.2838308
8.630000375211239,16.635944,0.15704122,0.28505158
8.639999650418758,16.695944,0.15704122,0.28627235
8.649999879300594,16.727943,0.15704122,0.28749314
8.66000010818243,16.687944,0.15704122,0.2887139
8.670000337064266,16.583942,0.15704122,0.2899347
8.679999612271786,16.495943,0.15704122,0.2899347
8.689999841153622,16.439943,0.15704122,0.29237625
8.700000070035458,16.411943,0.15704122,0.29237625
8.710000298917294,16.475943,0.15704122,0.293597
8.719999574124813,16.583942,0.15704122,0.2948178
8.729999803006649,16.659943,0.15704122,0.29603857
8.740000031888485,16.695944,0.15704122,0.29725936
8.750000260770321,16.683943,0.15704122,0.29848012
8.75999953597784,16.615944,0.15704122,0.29970092
8.769999764859676,16.507944,0.15704122,0.30092168
8.779999993741512,16.439943,0.15704122,0.30214247
8.790000222623348,16.419945,0.15704122,0.30336323
8.800000451505184,16.455944,0.15704122,0.30458403
8.809999726712704,16.527945,0.15704122,0.3058048
8.81999995559454,16.627943,0.15710859,0.3058048
8.830000184476376,16.691942,0.15710859,0.30702558
8.840000413358212,16.663942,0.15710859,0.30824634
8.849999688565731,16.647943,0.15717597,0.30946714
8.859999917447567,16.551945,0.15731071,0.30946714
8.870000146329403,16.459944,0.15744545,0.30946714
8.880000375211239,16.451944,0.15751281,0.3106879
8.889999650418758,16.491943,0.1575802,0.3106879
8.899999879300594,16.559944,0.1577823,0.3106879
8.91000010818243,16.671944,0.15811916,0.30946714
8.920000337064266,16.823944,0.15859075,0.30702558
8.929999612271786,16.923943,0.15919709,0.30458403
8.939999841153622,16.99994,0.16000554,0.29970092
8.950000070035458,17.095942,0.1610161,0.2948178
8.960000298917294,17.171942,0.16209404,0.2887139
8.969999574124813,17.151941,0.16290249,0.2838308
8.979999803006649,17.119942,0.16317196,0.28261003
8.990000031888485,17.099941,0.16317196,0.2838308
9.000000260770321,17.119942,0.16317196,0.28505158
9.00999953597784,17.227942,0.16323933,0.28627235
9.019999764859676,17.383942,0.16323933,0.28627235
9.029999993741512,17.51194,0.16323933,0.2887139
9.040000222623348,17.53194,0.16323933,0.2887139
9.050000451505184,17.47994,0.16323933,0.2899347
9.059999726712704,17.38794,0.16330671,0.29115546
9.06999995559454,17.223942,0.16330671,0.29237625
9.080000184476376,17.119942,0.16337408,0.29237625
9.090000413358212,17.111942,0.16337408,0.293597
9.099999688565731,17.15994,0.16337408,0.2948178
9.109999917447567,17.279942,0.16337408,0.29603857
9.120000146329403,17.435942,0.16337408,0.29725936
9.130000375211239,17.53594,0.16337408,0.29848012
9.139999650418758,17.49994,0.16337408,0.29970092
9.149999879300594,17.383942,0.16337408,0.30092168
9.16000010818243,17.283941,0.16337408,0.30214247
9.170000337064266,17.175941,0.16337408,0.30336323
9.179999612271786,17.119942,0.16344145,0.30336323
9.189999841153622,17.171942,0.16344145,0.30458403
9.200000070035458,17.287941,0.16350882,0.3058048
9.210000298917294,17.38794,0.1635762,0.3058048
9.219999574124813,17.48394,0.1635762,0.30824634
9.229999803006649,17.519941,0.16364355,0.30824634
9.240000031888485,17.47994,0.16371094,0.30946714
9.250000260770321,17.35994,0.16384567,0.30946714
9.25999953597784,17.255941,0.16391304,0.30946714
9.269999764859676,17.195942,0.16404778,0.30946714
9.279999993741512,17.195942,0.16424988,0.30946714
9.290000222623348,17.303942,0.16438463,0.30946714
9.300000451505184,17.44794,0.164452,0.3106879
9.309999726712704,17.52394,0.16465412,0.3106879
9.31999995559454,17.627941,0.16505834,0.30824634
9.330000184476376,17.711939,0.1655973,0.3058048
9.340000413358212,17.73194,0.16620365,0.30336323
9.349999688565731,17.707941,0.16687736,0.29970092
9.359999917447567,17.71994,0.16755107,0.29603857
9.370000146329403,17.75594,0.16822477,0.29237625
9.380000375211239,17.77194,0.16856162,0.29115546
9.389999650418758,17.815939,0.16862899,0.29237625
9.399999879300594,17.923939,0.16862899,0.293597
9.41000010818243,18.003939,0.16862899,0.2948178
9.420000337064266,18.07594,0.16862899,0.29603857
9.429999612271786,18.107939,0.16862899,0.29725936
9.439999841153622,18.083939,0.16862899,0.29848012
9.450000070035458,17.983938,0.16862899,0.29970092
9.460000298917294,17.90794,0.16862899,0.29970092
9.469999574124813,17.847939,0.16862899,0.30092168
9.479999803006649,17.82394,0.16862899,0.30214247
9.490000031888485,17.855938,0.16862899,0.30336323
9.500000260770321,17.951939,0.16862899,0.30458403
9.50999953597784,18.055939,0.16862899,0.3058048
9.519999764859676,18.059938,0.16862899,0.30702558
9.529999993741512,18.067938,0.16862899,0.30824634
9.540000222623348,18.007938,0.16862899,0.30946714
9.550000451505184,17.90794,0.16862899,0.3106879
9.559999726712704,17.83994,0.16862899,0.3119087
9.56999995559454,17.82794,0.16862899,0.31312945
9.580000184476376,17.855938,0.16869636,0.31312945
9.590000413358212,17.90794,0.16869636,0.31435025
9.599999688565731,18.019938,0.16883111,0.315571
9.609999917447567,18.079939,0.16883111,0.315571
9.620000146329403,18.063938,0.16883111,0.31801257
9.630000375211239,18.019938,0.16889848,0.31801257
9.639999650418758,17.955938,0.16889848,0.31923336
9.649999879300594,17.883938,0.16889848,0.32045412
9.66000010818243,17.82794,0.16889848,0.3216749
9.670000337064266,17.85994,0.16896585,0.3216749
9.679999612271786,17.927938,0.16896585,0.32289568
9.689999841153622,17.975939,0.16896585,0.32411647
9.700000070035458,18.051939,0.16896585,0.32533723
9.710000298917294,18.079939,0.16903321,0.32655802
9.719999574124813,18.04394,0.16903321,0.3277788
9.729999803006649,17.991938,0.16903321,0.32899958
9.740000031888485,17.927938,0.1691006,0.32899958
9.750000260770321,17.867939,0.1691006,0.33022034
9.75999953597784,17.847939,0.1691006,0.33144113
9.769999764859676,17.90794,0.16916795,0.3326619
9.779999993741512,17.991938,0.1693027,0.3326619
9.790000222623348,18.059938,0.16937007,0.3338827
9.800000451505184,18.119938,0.16943744,0.3338827
9.809999726712704,18.151937,0.16963956,0.3338827
9.81999995559454,18.087938,0.1697743,0.3338827
9.830000184476376,18.011938,0.16984166,0.33510345
9.840000413358212,17.963938,0.16990905,0.33510345
9.849999688565731,17.951939,0.17004378,0.33510345
9.859999917447567,17.975939,0.17017853,0.33510345
9.870000146329403,18.091938,0.17038064,0.33510345
9.880000375211239,18.215939,0.17058276,0.33510345
9.889999650418758,18.291937,0.1709196,0.3338827
9.899999879300594,18.375938,0.1713912,0.33144113
9.91000010818243,18.451937,0.17206492,0.3277788
9.920000337064266,18.487936,0.17280598,0.32411647
9.929999612271786,18.475937,0.17354706,0.32045412
9.939999841153622,18.527937,0.1743555,0.315571
9.950000070035458,18.627937,0.17516395,0.3119087
9.960000298917294,18.695936,0.17570293,0.30946714
9.969999574124813,18.787935,0.1759724,0.30824634
9.979999803006649,18.855936,0.17603979,0.30946714
9.990000031888485,18.891935,0.17603979,0.30946714
10.000000260770321,18.947935,0.17610715,0.3106879
10.00999953597784,18.971935,0.17610715,0.3119087
10.019999764859676,18.971935,0.17610715,0.31312945
10.029999993741512,18.899937,0.17610715,0.31435025
10.040000222623348,18.875935,0.17610715,0.315571
10.050000451505184,18.843937,0.17617452,0.315571
10.059999726712704,18.839935,0.17624189,0.3167918
10.06999995559454,18.871937,0.17630926,0.31801257
10.080000184476376,18.927937,0.17637663,0.31801257
10.090000413358212,18.963936,0.17651138,0.31801257
10.099999688565731,18.987936,0.17664611,0.31801257
10.109999917447567,19.023935,0.17678085,0.31923336
10.120000146329403,19.035936,0.17698295,0.31801257
10.130000375211239,19.023935,0.17731982,0.31801257
10.139999650418758,19.039934,0.17765667,0.315571
10.149999879300594,19.111935,0.17812827,0.31435025
10.16000010818243,19.155933,0.17859986,0.3119087
10.170000337064266,19.239935,0.17907147,0.30946714
10.179999612271786,19.323935,0.1794757,0.30824634
10.189999841153622,19.395935,0.18001465,0.3058048
10.200000070035458,19.495934,0.18075573,0.30214247
10.210000298917294,19.623934,0.1814968,0.29848012
10.219999574124813,19.691933,0.18190102,0.29603857
10.229999803006649,19.639935,0.18203577,0.29603857
10.240000031888485,19.595934,0.18203577,0.29725936
10.250000260770321,19.583933,0.18203577,0.29848012
10.25999953597784,19.603933,0.18210314,0.29970092
10.269999764859676,19.659933,0.18210314,0.29970092
10.279999993741512,19.767933,0.18217051,0.30092168
10.290000222623348,19.831932,0.18230525,0.30092168
10.300000451505184,19.811934,0.18237263,0.30214247
10.309999726712704,19.795933,0.18237263,0.30336323
10.31999995559454,19.715933,0.18244,0.30336323
10.330000184476376,19.647932,0.18250737,0.30458403
10.340000413358212,19.607933,0.18257473,0.3058048
10.349999688565731,19.655933,0.18277685,0.30458403
10.359999917447567,19.731934,0.18297896,0.30458403
10.370000146329403,19.843931,0.18324845,0.30336323
10.380000375211239,19.97993,0.1835853,0.30336323
10.389999650418758,20.043932,0.1840569,0.30092168
10.399999879300594,20.09593,0.18466322,0.29848012
10.41000010818243,20.107933,0.18533693,0.2948178
10.420000337064266,20.143932,0.18594328,0.29115546
10.429999612271786,20.155931,0.18661699,0.28749314
10.439999841153622,20.21993,0.1872907,0.2838308
10.450000070035458,20.33193,0.18769492,0.28261003
10.460000298917294,20.41193,0.18789703,0.28261003
10.469999574124813,20.475931,0.18789703,0.2838308
10.479999803006649,20.51593,0.18789703,0.2838308
10.490000031888485,20.56793,0.18796441,0.28627235
10.500000260770321,20.54793,0.18796441,0.28627235
10.50999953597784,20.52793,0.18796441,0.28749314
10.519999764859676,20.49193,0.18796441,0.2887139
10.529999993741512,20.44793,0.18796441,0.2899347
10.540000222623348,20.39193,0.18796441,0.29115546
10.550000451505184,20.42793,0.18796441,0.29237625
10.559999726712704,20.45593,0.18796441,0.293597
10.56999995559454,20.46793,0.18796441,0.2948178
10.580000184476376,20.52793,0.18796441,0.29603857
10.590000413358212,20.53193,0.18796441,0.29725936
10.599999688565731,20.50793,0.18796441,0.29848012
10.609999917447567,20.44793,0.18796441,0.29970092
10.620000146329403,20.42793,0.18796441,0.29970092
10.630000375211239,20.39193,0.18796441,0.30092168
10.639999650418758,20.37993,0.18796441,0.30214247
10.649999879300594,20.43593,0.18796441,0.30336323
10.66000010818243,20.47993,0.18796441,0.30458403
10.670000337064266,20.495932,0.18796441,0.3058048
10.679999612271786,20.51593,0.18796441,0.30702558
10.689999841153622,20.499931,0.18796441,0.30824634
10.700000070035458,20.46793,0.18796441,0.30946714
10.710000298917294,20.41193,0.18796441,0.3106879
10.719999574124813,20.40793,0.18796441,0.3119087
10.729999803006649,20.41193,0.18796441,0.31312945
10.740000031888485,20.395931,0.18796441,0.31435025
10.750000260770321,20.439932,0.18796441,0.315571
10.75999953597784,20.47193,0.18803176,0.315571
10.769999764859676,20.475931,0.18803176,0.3167918
10.779999993741512,20.46793,0.18803176,0.31801257
10.790000222623348,20.45993,0.18803176,0.31923336
10.800000451505184,20.415932,0.18809915,0.32045412
10.809999726712704,20.38793,0.18816651,0.32045412
10.81999995559454,20.41193,0.18816651,0.3216749
10.830000184476376,20.44393,0.18816651,0.32289568
10.840000413358212,20.43593,0.18823388,0.32411647
10.849999688565731,20.46393,0.18830125,0.32411647
10.859999917447567,20.51193,0.188436,0.32411647
10.870000146329403,20.54793,0.1886381,0.32533723
10.880000375211239,20.555931,0.18890758,0.32411647
10.889999650418758,20.619928,0.1893118,0.3216749
10.899999879300594,20.68393,0.18991816,0.31923336
10.91000010818243,20.73993,0.19065922,0.315571
10.920000337064266,20.81993,0.19140032,0.3106879
10.929999612271786,20.94393,0.19214138,0.30702558
10.939999841153622,21.059929,0.1930172,0.30214247
10.950000070035458,21.191929,0.19389303,0.29848012
10.960000298917294,21.299927,0.19449936,0.2948178
10.969999574124813,21.335926,0.19476885,0.293597
10.979999803006649,21.287928,0.19483621,0.293597
10.990000031888485,21.263927,0.19490358,0.2948178
11.000000260770321,21.303926,0.19497097,0.29603857
11.00999953597784,21.375927,0.1951057,0.29603857
11.019999764859676,21.439926,0.19517307,0.29603857
11.029999993741512,21.503927,0.19524045,0.29725936
11.040000222623348,21.503927,0.1953078,0.29848012
11.050000451505184,21.443928,0.1953078,0.29848012
11.059999726712704,21.419928,0.1953078,0.29970092
11.06999995559454,21.363928,0.1953078,0.30092168
11.080000184476376,21.323927,0.19537519,0.30214247
11.090000413358212,21.327929,0.19537519,0.30336323
11.099999688565731,21.395926,0.19537519,0.30458403
11.109999917447567,21.455927,0.19544256,0.30458403
11.120000146329403,21.523928,0.1955773,0.3058048
11.130000375211239,21.551926,0.19571203,0.3058048
11.139999650418758,21.567928,0.19591415,0.3058048
11.149999879300594,21.495926,0.19611625,0.30458403
11.16000010818243,21.471926,0.19645311,0.30336323
11.170000337064266,21.523928,0.19685733,0.30214247
11.179999612271786,21.559927,0.19726156,0.30092168
11.189999841153622,21.635927,0.19759841,0.29970092
11.200000070035458,21.711926,0.19780053,0.29848012
11.210000298917294,21.763926,0.19793527,0.29970092
11.219999574124813,21.787926,0.19813739,0.29848012
11.229999803006649,21.851925,0.19840688,0.29848012
11.240000031888485,21.863924,0.19867635,0.29725936
11.250000260770321,21.895926,0.1990132,0.29603857
11.25999953597784,21.931927,0.19941743,0.2948178
11.269999764859676,21.975925,0.19968691,0.293597
11.279999993741512,21.963924,0.19982165,0.293597
11.290000222623348,21.951925,0.19995639,0.2948178
11.300000451505184,21.999924,0.20002377,0.2948178
11.309999726712704,22.019924,0.20002377,0.29603857
11.31999995559454,22.051926,0.20009114,0.29725936
11.330000184476376,22.091927,0.20009114,0.29848012
11.340000413358212,22.103926,0.20009114,0.29970092
11.349999688565731,22.071926,0.2001585,0.29970092
11.359999917447567,22.023926,0.2001585,0.30092168
11.370000146329403,21.999924,0.2001585,0.30214247
11.380000375211239,21.987925,0.2001585,0.30336323
11.389999650418758,21.991926,0.2001585,0.30458403
11.399999879300594,22.039925,0.20022587,0.3058048
11.41000010818243,22.067924,0.20022587,0.3058048
11.420000337064266,22.075924,0.20022587,0.30824634
11.429999612271786,22.079924,0.20029324,0.30824634
11.439999841153622,22.083925,0.20029324,0.30946714
11.450000070035458,22.055923,0.20036061,0.30946714
11.460000298917294,22.023926,0.20036061,0.3119087
11.469999574124813,22.035925,0.20042798,0.3119087
11.479999803006649,22.035925,0.20049536,0.31312945
11.490000031888485,22.035925,0.2006301,0.31312945
11.500000260770321,22.091927,0.20069747,0.31312945
11.50999953597784,22.127926,0.20076485,0.31435025
11.519999764859676,22.155924,0.20096695,0.31435025
11.529999993741512,22.151924,0.20110169,0.31435025
11.540000222623348,22.167925,0.20123643,0.31435025
11.550000451505184,22.183926,0.20150591,0.31312945
11.559999726712704,22.191923,0.2017754,0.31312945
11.56999995559454,22.247925,0.20211226,0.3119087
11.580000184476376,22.327923,0.20251648,0.3106879
11.590000413358212,22.379925,0.2029207,0.30824634
11.599999688565731,22.487923,0.20345968,0.3058048
11.609999917447567,22.607924,0.20406601,0.30336323
11.620000146329403,22.683922,0.20467234,0.29970092
11.630000375211239,22.759922,0.20527868,0.29725936
11.639999650418758,22.799923,0.20575027,0.2948178
11.649999879300594,22.823923,0.20601976,0.293597
11.66000010818243,22.795921,0.20608714,0.2948178
11.670000337064266,22.787924,0.20608714,0.29603857
11.679999612271786,22.83192,0.20608714,0.29725936
11.689999841153622,22.875921,0.20608714,0.29848012
11.700000070035458,22.919922,0.20608714,0.29970092
11.710000298917294,22.971922,0.20608714,0.30092168
11.719999574124813,22.96792,0.2061545,0.30092168
11.729999803006649,22.903923,0.2061545,0.30214247
11.740000031888485,22.851921,0.2061545,0.30336323
11.750000260770321,22.819921,0.2061545,0.30458403
11.75999953597784,22.77592,0.2061545,0.3058048
11.769999764859676,22.807922,0.2061545,0.30702558
11.779999993741512,22.851921,0.2061545,0.30824634
11.790000222623348,22.919922,0.2061545,0.30946714
11.800000451505184,22.943922,0.2061545,0.3106879
11.809999726712704,22.943922,0.2061545,0.3119087
11.81999995559454,22.915922,0.2061545,0.31312945
11.830000184476376,22.83192,0.2061545,0.31312945
11.840000413358212,22.783922,0.2061545,0.315571
11.849999688565731,22.787924,0.2061545,0.315571
11.859999917447567,22.783922,0.2061545,0.31801257
11.870000146329403,22.827923,0.20622188,0.31801257
11.880000375211239,22.899921,0.20628925,0.31923336
11.889999650418758,22.939922,0.20635661,0.31923336
11.899999879300594,22.919922,0.20635661,0.32045412
11.91000010818243,22.923923,0.20642398,0.3216749
11.920000337064266,22.883923,0.20642398,0.32289568
11.929999612271786,22.827923,0.20649137,0.32289568
11.939999841153622,22.795921,0.2066261,0.32411647
11.950000070035458,22.847923,0.20669347,0.32411647
11.960000298917294,22.895922,0.20689559,0.32411647
11.969999574124813,22.94792,0.20703033,0.32411647
11.979999803006649,23.023922,0.2070977,0.32411647
11.990000031888485,23.035921,0.20716506,0.32533723
12.000000260770321,23.003923,0.20729981,0.32533723
12.00999953597784,22.995922,0.20743455,0.32533723
12.019999764859676,22.999922,0.2075693,0.32533723
12.029999993741512,22.963923,0.20770404,0.32655802
12.040000222623348,22.975922,0.20790614,0.32655802
12.050000451505184,23.031921,0.20797352,0.32655802
12.059999726712704,23.09192,0.20810826,0.3277788
12.06999995559454,23.139923,0.20817563,0.3277788
12.080000184476376,23.19992,0.20837773,0.3277788
12.090000413358212,23.22792,0.20857985,0.3277788
12.099999688565731,23.21992,0.2089167,0.32533723
12.109999917447567,23.247921,0.2093883,0.32411647
12.120000146329403,23.315922,0.20992726,0.3216749
12.130000375211239,23.40792,0.21060097,0.31801257
12.139999650418758,23.51992,0.21140942,0.31312945
12.149999879300594,23.687918,0.2123526,0.30824634
12.16000010818243,23.823917,0.21302631,0.30458403
12.170000337064266,23.85992,0.2132958,0.30336323
12.179999612271786,23.83592,0.21336317,0.30458403
12.189999841153622,23.823917,0.21336317,0.3058048
12.200000070035458,23.823917,0.21336317,0.30702558
12.210000298917294,23.83992,0.21336317,0.30824634
12.219999574124813,23.907919,0.21343054,0.30824634
12.229999803006649,23.963919,0.21343054,0.30946714
12.240000031888485,23.979918,0.21356528,0.30946714
12.250000260770321,23.97592,0.21363266,0.3106879
12.25999953597784,23.95592,0.21370003,0.3119087
12.269999764859676,23.87192,0.2137674,0.3119087
12.279999993741512,23.843918,0.21390215,0.31312945
12.290000222623348,23.855919,0.2139695,0.31312945
12.300000451505184,23.891918,0.21403688,0.31312945
12.309999726712704,23.943918,0.21410425,0.31435025
12.31999995559454,24.035917,0.21423899,0.31435025
12.330000184476376,24.08792,0.2144411,0.31435025
12.340000413358212,24.115917,0.21477796,0.31312945
12.349999688565731,24.175917,0.21531692,0.3106879
12.359999917447567,24.239918,0.21599063,0.30702558
12.370000146329403,24.343918,0.21700118,0.30214247
12.380000375211239,24.495916,0.2183486,0.293597
12.389999650418758,24.707916,0.21969602,0.28505158
12.399999879300594,24.879915,0.22070658,0.27894768
12.41000010818243,24.939915,0.2213803,0.27650613
12.420000337064266,25.031914,0.22198664,0.2728438
12.429999612271786,25.139915,0.22259296,0.27040225
12.439999841153622,25.267914,0.22326668,0.2667399
12.450000070035458,25.411915,0.22407512,0.2618568
12.460000298917294,25.619913,0.22488357,0.25697368
12.469999574124813,25.707912,0.22555728,0.25331137
12.479999803006649,25.715912,0.22569202,0.25331137
12.490000031888485,25.639914,0.22569202,0.25453213
12.500000260770321,25.599913,0.22569202,0.25575292
12.50999953597784,25.547915,0.22569202,0.25697368
12.519999764859676,25.599913,0.22569202,0.25819448
12.529999993741512,25.703913,0.22569202,0.25941524
12.540000222623348,25.795912,0.22569202,0.26063603
12.550000451505184,25.811913,0.22569202,0.2618568
12.559999726712704,25.80791,0.22569202,0.2630776
12.56999995559454,25.747911,0.22569202,0.26429835
12.580000184476376,25.631912,0.22569202,0.26551914
12.590000413358212,25.571913,0.22569202,0.2667399
12.599999688565731,25.551912,0.22569202,0.2679607
12.609999917447567,25.583914,0.22569202,0.2679607
12.620000146329403,25.655912,0.22569202,0.27040225
12.630000375211239,25.735912,0.22569202,0.27040225
12.639999650418758,25.787912,0.22569202,0.2728438
12.649999879300594,25.751911,0.22569202,0.2728438
12.66000010818243,25.699913,0.22569202,0.27406457
12.670000337064266,25.627913,0.22569202,0.27528536
12.679999612271786,25.547915,0.22569202,0.27650613
12.689999841153622,25.511911,0.22569202,0.27772692
12.700000070035458,25.555912,0.22569202,0.27894768
12.710000298917294,25.587914,0.22569202,0.28016847
12.719999574124813,25.663914,0.22569202,0.28138924
12.729999803006649,25.735912,0.22569202,0.28261003
12.740000031888485,25.743914,0.22569202,0.2838308
12.750000260770321,25.683914,0.22569202,0.28505158
12.75999953597784,25.619913,0.22569202,0.28627235
12.769999764859676,25.543913,0.22569202,0.28749314
12.779999993741512,25.499912,0.22569202,0.2887139
12.790000222623348,25.495913,0.22569202,0.2899347
12.800000451505184,25.571913,0.22569202,0.2899347
12.809999726712704,25.639914,0.22569202,0.29237625
12.81999995559454,25.687912,0.22569202,0.29237625
12.830000184476376,25.727911,0.22569202,0.293597
12.840000413358212,25.683914,0.22569202,0.2948178
12.849999688565731,25.599913,0.22569202,0.29603857
12.859999917447567,25.507914,0.22569202,0.29725936
12.870000146329403,25.471914,0.22569202,0.29848012
12.880000375211239,25.475912,0.22569202,0.29970092
12.889999650418758,25.523914,0.22569202,0.30092168
12.899999879300594,25.611912,0.22569202,0.30214247
12.91000010818243,25.663914,0.22569202,0.30336323
12.920000337064266,25.679913,0.22569202,0.30458403
12.929999612271786,25.651913,0.22569202,0.3058048
12.939999841153622,25.599913,0.22569202,0.30702558
12.950000070035458,25.511911,0.22569202,0.30824634
12.960000298917294,25.451914,0.22569202,0.30946714
12.969999574124813,25.459913,0.22569202,0.30946714
12.979999803006649,25.503914,0.22569202,0.3119087
12.990000031888485,25.547915,0.22569202,0.3119087
13.000000260770321,25.643913,0.22569202,0.31312945
13.00999953597784,25.647911,0.22569202,0.31435025
13.019999764859676,25.623913,0.22569202,0.315571
13.029999993741512,25.555912,0.22569202,0.3167918
13.040000222623348,25.503914,0.22569202,0.31801257
13.050000451505184,25.455912,0.22569202,0.31923336
13.059999726712704,25.419912,0.22569202,0.32045412
13.06999995559454,25.479914,0.22569202,0.3216749
13.080000184476376,25.543913,0.22569202,0.32289568
13.090000413358212,25.563913,0.22569202,0.32411647
13.099999688565731,25.599913,0.22569202,0.32533723
13.109999917447567,25.611912,0.22569202,0.32655802
13.120000146329403,25.559914,0.22569202,0.3277788
13.130000375211239,25.475912,0.22569202,0.32899958
13.139999650418758,25.443914,0.22569202,0.32899958
13.149999879300594,25.419912,0.22569202,0.33144113
13.16000010818243,25.423914,0.22569202,0.33144113
13.170000337064266,25.491913,0.22569202,0.3338827
13.179999612271786,25.571913,0.22569202,0.3338827
13.189999841153622,25.579912,0.22569202,0.33510345
13.200000070035458,25.587914,0.22569202,0.33632424
13.210000298917294,25.543913,0.22569202,0.337545
13.219999574124813,25.487913,0.22575939,0.3387658
13.229999803006649,25.407913,0.22575939,0.33998656
13.240000031888485,25.403913,0.22582677,0.33998656
13.250000260770321,25.419912,0.22589412,0.34120736
13.25999953597784,25.475912,0.22602887,0.34120736
13.269999764859676,25.559914,0.22616361,0.34120736
13.279999993741512,25.635912,0.22629835,0.34242812
13.290000222623348,25.651913,0.22636573,0.34242812
13.300000451505184,25.643913,0.22663522,0.34242812
13.309999726712704,25.651913,0.22697206,0.34120736
13.31999995559454,25.671911,0.22744367,0.3387658
13.330000184476376,25.739914,0.22818474,0.3338827
13.340000413358212,25.907911,0.2291953,0.32899958
13.349999688565731,26.20391,0.23061009,0.32045412
13.359999917447567,26.47991,0.23202486,0.3119087
13.370000146329403,26.64391,0.23303543,0.3058048
13.380000375211239,26.69991,0.23364177,0.30336323
13.389999650418758,26.63591,0.23384388,0.30214247
13.399999879300594,26.559908,0.234046,0.30214247
13.41000010818243,26.599909,0.2342481,0.30214247
13.420000337064266,26.719908,0.23445022,0.30214247
13.429999612271786,26.855907,0.23478706,0.29970092
13.439999841153622,27.027906,0.23525867,0.29848012
13.450000070035458,27.219908,0.23579764,0.29603857
13.460000298917294,27.267906,0.23633659,0.293597
13.469999574124813,27.219908,0.23674081,0.29115546
13.479999803006649,27.115908,0.2370103,0.29115546
13.490000031888485,26.995909,0.23707768,0.29115546
13.500000260770321,26.939909,0.23707768,0.29237625
13.50999953597784,26.999908,0.23707768,0.293597
13.519999764859676,27.171907,0.23707768,0.2948178
13.529999993741512,27.323906,0.23707768,0.29603857
13.540000222623348,27.431908,0.23714504,0.29603857
13.550000451505184,27.459906,0.23721242,0.29725936
13.559999726712704,27.355907,0.23721242,0.29848012
13.56999995559454,27.195908,0.23721242,0.29970092
13.580000184476376,27.035908,0.23721242,0.30092168
13.590000413358212,26.979908,0.23721242,0.30214247
13.599999688565731,26.991907,0.23721242,0.30336323
13.609999917447567,27.115908,0.23721242,0.30458403
13.620000146329403,27.283907,0.23721242,0.3058048
13.630000375211239,27.403906,0.23721242,0.30702558
13.639999650418758,27.399906,0.23721242,0.30824634
13.649999879300594,27.331907,0.23721242,0.30946714
13.66000010818243,27.187906,0.23727979,0.30946714
13.670000337064266,27.035908,0.23734716,0.3106879
13.679999612271786,26.975908,0.23741452,0.3106879
13.689999841153622,26.991907,0.23741452,0.3119087
13.700000070035458,27.067907,0.2374819,0.31312945
13.710000298917294,27.19991,0.2374819,0.31312945
13.719999574124813,27.343906,0.23754926,0.315571
13.729999803006649,27.427908,0.23754926,0.315571
13.740000031888485,27.403906,0.23768401,0.315571
13.750000260770321,27.299906,0.23768401,0.3167918
13.75999953597784,27.143906,0.2377514,0.31801257
13.769999764859676,27.019909,0.23781875,0.31801257
13.779999993741512,27.011908,0.23788613,0.31923336
13.790000222623348,27.135908,0.23802087,0.31923336
13.800000451505184,27.323906,0.23822297,0.31923336
13.809999726712704,27.439907,0.23835772,0.31923336
13.81999995559454,27.535906,0.23855984,0.31923336
13.830000184476376,27.519907,0.23876195,0.31923336
13.840000413358212,27.423906,0.23889668,0.31923336
13.849999688565731,27.331907,0.2390988,0.31923336
13.859999917447567,27.263906,0.2393009,0.31923336
13.870000146329403,27.251907,0.23943566,0.31923336
13.880000375211239,27.299906,0.2395704,0.31923336
13.889999650418758,27.455906,0.23977251,0.31923336
13.899999879300594,27.683907,0.2402441,0.3167918
13.91000010818243,27.879906,0.24098517,0.31312945
13.920000337064266,28.019903,0.241861,0.30824634
13.929999612271786,28.139904,0.24287155,0.30214247
13.939999841153622,28.143904,0.24394949,0.29603857
13.950000070035458,28.055902,0.24448843,0.293597
13.960000298917294,27.991905,0.24455582,0.293597
13.969999574124813,27.951904,0.24455582,0.2948178
13.979999803006649,28.023905,0.24455582,0.29603857
13.990000031888485,28.203905,0.24455582,0.29725936
14.000000260770321,28.439903,0.24462318,0.29848012
14.00999953597784,28.551903,0.24462318,0.29970092
14.019999764859676,28.543901,0.24462318,0.29970092
14.029999993741512,28.411903,0.24469055,0.30092168
14.040000222623348,28.223904,0.24469055,0.30214247
14.050000451505184,28.011906,0.24469055,0.30336323
14.059999726712704,27.939903,0.24475794,0.30336323
14.06999995559454,28.015905,0.24475794,0.30458403
14.080000184476376,28.163904,0.24475794,0.3058048
14.090000413358212,28.371902,0.2448253,0.30702558
14.099999688565731,28.539904,0.2448253,0.30824634
14.109999917447567,28.535904,0.2448253,0.30946714
14.120000146329403,28.423904,0.2448253,0.3106879
14.130000375211239,28.271902,0.2448253,0.3119087
14.139999650418758,28.059904,0.2448253,0.31312945
14.149999879300594,27.979904,0.24496002,0.31312945
14.16000010818243,28.011906,0.24502741,0.31312945
14.170000337064266,28.179903,0.24516216,0.31312945
14.179999612271786,28.379904,0.24536425,0.31312945
14.189999841153622,28.563902,0.24556638,0.31312945
14.200000070035458,28.647903,0.24576847,0.31312945
14.210000298917294,28.599901,0.2459706,0.31312945
14.219999574124813,28.443901,0.24624008,0.3119087
14.229999803006649,28.323904,0.24650958,0.3119087
14.240000031888485,28.271902,0.24684642,0.3106879
14.250000260770321,28.315903,0.24725065,0.30946714
14.25999953597784,28.495903,0.24772225,0.30702558
14.269999764859676,28.771902,0.24819385,0.30458403
14.279999993741512,28.9719,0.24873279,0.30214247
14.290000222623348,29.1319,0.24933913,0.29970092
14.300000451505184,29.219902,0.24994549,0.29603857
14.309999726712704,29.179901,0.25048444,0.293597
14.31999995559454,29.019901,0.25061917,0.293597
14.330000184476376,28.879902,0.25068656,0.293597
14.340000413358212,28.8519,0.25068656,0.2948178
14.349999688565731,28.9199,0.25068656,0.29603857
14.359999917447567,29.103903,0.25068656,0.29725936
14.370000146329403,29.3079,0.25068656,0.29848012
14.380000375211239,29.4159,0.25068656,0.29970092
14.389999650418758,29.3719,0.25068656,0.30092168
14.399999879300594,29.2439,0.25068656,0.30214247
14.41000010818243,29.063902,0.25068656,0.30336323
14.420000337064266,28.907902,0.25075394,0.30336323
14.429999612271786,28.843903,0.25075394,0.3058048
14.439999841153622,28.899902,0.25075394,0.3058048
14.450000070035458,29.039902,0.25075394,0.30702558
14.460000298917294,29.2039,0.25075394,0.30824634
14.469999574124813,29.355902,0.25075394,0.30946714
14.479999803006649,29.3879,0.25075394,0.3106879
14.490000031888485,29.2519,0.25075394,0.3119087
14.500000260770321,29.0879,0.25075394,0.31312945
14.50999953597784,28.923903,0.25075394,0.31435025
14.519999764859676,28.839901,0.25075394,0.315571
14.529999993741512,28.8719,0.25075394,0.3167918
14.540000222623348,29.0119,0.25075394,0.31801257
14.550000451505184,29.1919,0.25075394,0.31923336
14.559999726712704,29.2719,0.25075394,0.32045412
14.56999995559454,29.3239,0.25075394,0.3216749
14.580000184476376,29.2519,0.25075394,0.32289568
14.590000413358212,29.083902,0.25075394,0.32411647
14.599999688565731,28.9199,0.25075394,0.32533723
14.609999917447567,28.831903,0.25075394,0.32533723
14.620000146329403,28.839901,0.25075394,0.3277788
14.630000375211239,28.943903,0.25082132,0.3277788
14.639999650418758,29.1359,0.25082132,0.32899958
14.649999879300594,29.2879,0.25088865,0.32899958
14.66000010818243,29.319899,0.25095603,0.33022034
14.670000337064266,29.2679,0.2510908,0.33022034
14.679999612271786,29.1439,0.25122553,0.33022034
14.689999841153622,29.0119,0.25136027,0.33144113
14.700000070035458,28.943903,0.25162977,0.33022034
14.710000298917294,28.9879,0.2519666,0.32899958
14.719999574124813,29.179901,0.25250557,0.32655802
14.729999803006649,29.4039,0.25304452,0.32411647
14.740000031888485,29.6439,0.25385296,0.31923336
14.750000260770321,29.8919,0.2547288,0.315571
14.75999953597784,29.983898,0.25553724,0.30946714
14.769999764859676,29.963898,0.25621095,0.30702558
14.779999993741512,29.895899,0.25674993,0.30458403
14.790000222623348,29.787897,0.25695202,0.30336323
14.800000451505184,29.7799,0.25708678,0.30336323
14.809999726712704,29.875898,0.2572215,0.30458403
14.81999995559454,30.055897,0.2572215,0.3058048
14.830000184476376,30.227898,0.25735626,0.3058048
14.840000413358212,30.371897,0.25742364,0.3058048
14.849999688565731,30.403898,0.25755838,0.3058048
14.859999917447567,30.303898,0.25776047,0.3058048
14.870000146329403,30.163897,0.25802997,0.3058048
14.880000375211239,30.067898,0.25836682,0.30458403
14.889999650418758,30.055897,0.25883842,0.30214247
14.899999879300594,30.183897,0.25951213,0.29848012
14.91000010818243,30.479897,0.26032057,0.2948178
14.920000337064266,30.763895,0.2609943,0.29115546
14.929999612271786,30.943895,0.26153323,0.2887139
14.939999841153622,31.031895,0.26200482,0.28627235
14.950000070035458,30.991894,0.26220697,0.28627235
14.960000298917294,30.847897,0.26227432,0.28627235
14.969999574124813,30.699894,0.26227432,0.28749314
14.979999803006649,30.647896,0.26234168,0.2887139
14.990000031888485,30.715897,0.26234168,0.2899347
15.000000260770321,30.835894,0.26234168,0.29115546
15.00999953597784,30.983894,0.26234168,0.29237625
15.019999764859676,31.103895,0.26234168,0.29237625
15.029999993741512,31.099895,0.26234168,0.293597
15.040000222623348,30.999895,0.26240906,0.2948178
15.050000451505184,30.863895,0.26240906,0.29603857
15.059999726712704,30.719894,0.26240906,0.29725936
15.06999995559454,30.627895,0.26240906,0.29848012
15.080000184476376,30.671896,0.26240906,0.29970092
15.090000413358212,30.799894,0.26240906,0.30092168
15.099999688565731,30.943895,0.26247644,0.30092168
15.109999917447567,31.067894,0.26247644,0.30214247
15.120000146329403,31.091894,0.2625438,0.30336323
15.130000375211239,31.015894,0.26261118,0.30336323
15.139999650418758,30.879894,0.26261118,0.30458403
15.149999879300594,30.751896,0.26267856,0.3058048
15.16000010818243,30.679895,0.26267856,0.30702558
15.170000337064266,30.667896,0.26274592,0.30824634
15.179999612271786,30.759895,0.26274592,0.30824634
15.189999841153622,30.903894,0.26274592,0.30946714
15.200000070035458,31.027893,0.26274592,0.3106879
15.210000298917294,31.071894,0.26274592,0.3119087
15.219999574124813,31.043896,0.26274592,0.31312945
15.229999803006649,30.935894,0.26281327,0.31312945
15.240000031888485,30.783895,0.26281327,0.315571
15.250000260770321,30.699894,0.26288065,0.315571
15.25999953597784,30.699894,0.26294804,0.3167918
15.269999764859676,30.767895,0.26308277,0.3167918
15.279999993741512,30.895895,0.26315013,0.31801257
15.290000222623348,31.031895,0.2632175,0.31801257
15.300000451505184,31.099895,0.2632849,0.31923336
15.309999726712704,31.099895,0.263487,0.31923336
15.31999995559454,31.055895,0.26362172,0.31923336
15.330000184476376,30.987896,0.26389122,0.31801257
15.340000413358212,30.891893,0.2641607,0.31801257
15.349999688565731,30.911894,0.26449755,0.315571
15.359999917447567,31.035894,0.26490176,0.31435025
15.370000146329403,31.223892,0.26550812,0.3119087
15.380000375211239,31.439892,0.26611447,0.30824634
15.389999650418758,31.635893,0.2667208,0.3058048
15.399999879300594,31.727892,0.26725978,0.30214247
15.41000010818243,31.699892,0.26773137,0.30092168
15.420000337064266,31.639893,0.26813558,0.29848012
15.429999612271786,31.615892,0.26847243,0.29848012
15.439999841153622,31.579893,0.26867452,0.29725936
15.450000070035458,31.61189,0.2687419,0.29848012
15.460000298917294,31.715893,0.2687419,0.29970092
15.469999574124813,31.859892,0.2687419,0.30092168
15.479999803006649,31.919893,0.2687419,0.30214247
15.490000031888485,31.98389,0.2688093,0.30214247
15.500000260770321,31.96389,0.26887664,0.30336323
15.50999953597784,31.843891,0.26887664,0.30458403
15.519999764859676,31.723892,0.26894403,0.30458403
15.529999993741512,31.639893,0.26894403,0.3058048
15.540000222623348,31.623894,0.2690114,0.30702558
15.550000451505184,31.687891,0.2690788,0.30824634
15.559999726712704,31.82789,0.2691461,0.30824634
15.56999995559454,31.96389,0.2692135,0.30946714
15.580000184476376,31.991892,0.2692135,0.30946714
15.590000413358212,31.98389,0.26928088,0.3106879
15.599999688565731,31.923891,0.26941562,0.3106879
15.609999917447567,31.779892,0.26941562,0.3119087
15.620000146329403,31.695892,0.269483,0.31312945
15.630000375211239,31.719893,0.26961774,0.31312945
15.639999650418758,31.787891,0.26975247,0.31312945
15.649999879300594,31.90389,0.26988724,0.31312945
15.66000010818243,32.03989,0.26995456,0.31435025
15.670000337064266,32.08389,0.27008933,0.31435025
15.679999612271786,32.07589,0.2701567,0.315571
15.689999841153622,31.98789,0.2701567,0.315571
15.700000070035458,31.923891,0.27022406,0.3167918
15.710000298917294,31.835892,0.27022406,0.31801257
15.719999574124813,31.811892,0.27035883,0.31801257
15.729999803006649,31.859892,0.27042618,0.31923336
15.740000031888485,31.96389,0.27042618,0.32045412
15.750000260770321,32.03989,0.27049354,0.32045412
15.75999953597784,32.111893,0.27049354,0.3216749
15.769999764859676,32.13589,0.27049354,0.32289568
15.779999993741512,32.04789,0.27056092,0.32411647
15.790000222623348,31.95989,0.27056092,0.32533723
15.800000451505184,31.891891,0.2706283,0.32533723
15.809999726712704,31.88389,0.2706957,0.32655802
15.81999995559454,31.923891,0.27089778,0.32533723
15.830000184476376,32.04789,0.27116728,0.32533723
15.840000413358212,32.17989,0.27143675,0.32411647
15.849999688565731,32.28789,0.27190834,0.32289568
15.859999917447567,32.41189,0.2726494,0.31801257
15.870000146329403,32.503887,0.27345785,0.31435025
15.880000375211239,32.55589,0.2741316,0.3106879
15.889999650418758,32.52789,0.2747379,0.30824634
15.899999879300594,32.53589,0.27514213,0.3058048
15.91000010818243,32.56789,0.27534425,0.3058048
15.920000337064266,32.63189,0.27534425,0.30702558
15.930000565946102,32.72389,0.27534425,0.30824634
15.940000794827938,32.85589,0.27541164,0.30824634
15.949999116361141,32.927887,0.27541164,0.30946714
15.959999345242977,32.90789,0.27541164,0.3106879
15.969999574124813,32.859886,0.275479,0.3119087
15.979999803006649,32.77189,0.275479,0.31312945
15.990000031888485,32.643887,0.275479,0.31312945
16.00000026077032,32.62389,0.27554634,0.31435025
16.010000489652157,32.63189,0.27554634,0.315571
16.020000718533993,32.69189,0.27554634,0.3167918
16.03000094741583,32.807888,0.27561373,0.31801257
16.039999268949032,32.93189,0.2756811,0.31801257
16.049999497830868,32.94389,0.2757485,0.31923336
16.059999726712704,32.87189,0.27581584,0.31923336
16.06999995559454,32.79989,0.27588323,0.32045412
16.080000184476376,32.719887,0.27595058,0.3216749
16.09000041335821,32.66789,0.27608532,0.3216749
16.100000642240047,32.699886,0.27628747,0.3216749
16.110000871121883,32.81989,0.27642217,0.3216749
16.119999192655087,32.927887,0.27669168,0.3216749
16.129999421536922,33.011887,0.27689376,0.32045412
16.13999965041876,33.115887,0.27723062,0.31923336
16.149999879300594,33.13989,0.2775675,0.31801257
16.16000010818243,33.107887,0.27790433,0.3167918
16.170000337064266,33.107887,0.2784433,0.31435025
16.180000565946102,33.151886,0.27898225,0.3119087
16.190000794827938,33.243885,0.279656,0.30824634
16.19999911636114,33.391888,0.28026232,0.30458403
16.209999345242977,33.571884,0.28080127,0.30214247
16.219999574124813,33.683887,0.28113812,0.30092168
16.22999980300665,33.731884,0.28140762,0.30092168
16.240000031888485,33.751884,0.28140762,0.30214247
16.25000026077032,33.715885,0.28140762,0.30336323
16.260000489652157,33.635883,0.28147498,0.30336323
16.270000718533993,33.611885,0.28147498,0.30458403
16.28000094741583,33.627888,0.28147498,0.3058048
16.289999268949032,33.659885,0.28147498,0.30702558
16.299999497830868,33.691883,0.28147498,0.30824634
16.309999726712704,33.751884,0.28147498,0.30946714
16.31999995559454,33.783886,0.28147498,0.3106879
16.330000184476376,33.723885,0.28154236,0.3119087
16.34000041335821,33.683887,0.28154236,0.3119087
16.350000642240047,33.627888,0.28154236,0.31312945
16.360000871121883,33.587887,0.2816097,0.31435025
16.369999192655087,33.595886,0.2816097,0.315571
16.379999421536922,33.651886,0.2816097,0.3167918
16.38999965041876,33.675884,0.2816771,0.3167918
16.399999879300594,33.707886,0.2816771,0.31801257
16.41000010818243,33.743885,0.2816771,0.31923336
16.420000337064266,33.739887,0.28174448,0.32045412
16.430000565946102,33.679886,0.28174448,0.3216749
16.440000794827938,33.651886,0.28181186,0.3216749
16.44999911636114,33.615887,0.28181186,0.32289568
16.459999345242977,33.587887,0.28181186,0.32411647
16.469999574124813,33.619884,0.2818792,0.32533723
16.47999980300665,33.699886,0.28194657,0.32533723
16.490000031888485,33.767883,0.28208134,0.32533723
16.50000026077032,33.795887,0.28221607,0.32655802
16.510000489652157,33.791885,0.2823508,0.32655802
16.520000718533993,33.787884,0.28248554,0.32655802
16.53000094741583,33.767883,0.28268766,0.32655802
16.539999268949032,33.775887,0.28302452,0.32533723
16.549999497830868,33.863884,0.28342876,0.32411647
16.559999726712704,33.967884,0.28410244,0.31923336
16.56999995559454,34.155884,0.28504562,0.315571
16.580000184476376,34.371883,0.28619093,0.30824634
16.59000041335821,34.68388,0.28753835,0.29970092
16.600000642240047,34.84388,0.288751,0.29237625
16.610000871121883,34.927883,0.28942475,0.2887139
16.619999192655087,34.887882,0.2897616,0.28749314
16.629999421536922,34.831882,0.29003108,0.28749314
16.63999965041876,34.86788,0.29030058,0.28627235
16.649999879300594,35.01188,0.2906374,0.28505158
16.66000010818243,35.19188,0.29104164,0.2838308
16.670000337064266,35.367878,0.29151323,0.28138924
16.680000565946102,35.50788,0.29205218,0.27894768
16.690000794827938,35.58788,0.29259115,0.27650613
16.69999911636114,35.591877,0.2931975,0.2728438
16.709999345242977,35.54388,0.2936691,0.27162302
16.719999574124813,35.47588,0.2938712,0.27040225
16.72999980300665,35.41188,0.29393858,0.27162302
16.740000031888485,35.43988,0.29393858,0.2728438
16.75000026077032,35.57988,0.29393858,0.27406457
16.760000489652157,35.73988,0.29393858,0.27528536
16.770000718533993,35.83188,0.29393858,0.27650613
16.78000094741583,35.85188,0.29393858,0.27772692
16.789999268949032,35.787876,0.29393858,0.27894768
16.799999497830868,35.61588,0.29393858,0.28016847
16.809999726712704,35.47188,0.29393858,0.28016847
16.81999995559454,35.40788,0.29393858,0.28261003
16.830000184476376,35.423878,0.29393858,0.28261003
16.84000041335821,35.50388,0.29393858,0.2838308
16.850000642240047,35.639877,0.29393858,0.28505158
16.860000871121883,35.763878,0.29393858,0.28627235
16.869999192655087,35.787876,0.29393858,0.28749314
16.879999421536922,35.72388,0.29393858,0.2887139
16.88999965041876,35.62388,0.29393858,0.2899347
16.899999879300594,35.479877,0.29393858,0.29115546
16.91000010818243,35.37188,0.29393858,0.29237625
16.920000337064266,35.38788,0.29393858,0.293597
16.930000565946102,35.47188,0.29393858,0.2948178
16.940000794827938,35.583878,0.29393858,0.29603857
16.94999911636114,35.69188,0.29393858,0.29725936
16.959999345242977,35.735878,0.29400596,0.29725936
16.969999574124813,35.675877,0.29400596,0.29848012
16.97999980300665,35.56788,0.29400596,0.29970092
16.990000031888485,35.459877,0.29400596,0.30092168
17.00000026077032,35.38788,0.29400596,0.30214247
17.010000489652157,35.33588,0.29400596,0.30336323
17.020000718533993,35.41188,0.29400596,0.30458403
17.03000094741583,35.56388,0.29400596,0.3058048
17.039999268949032,35.659878,0.29400596,0.30702558
17.049999497830868,35.711876,0.29400596,0.30824634
17.059999726712704,35.68388,0.29400596,0.30946714
17.06999995559454,35.56388,0.29400596,0.3106879
17.080000184476376,35.423878,0.29400596,0.3119087
17.09000041335821,35.35588,0.29400596,0.31312945
17.100000642240047,35.35988,0.29400596,0.31312945
17.110000871121883,35.38388,0.29400596,0.315571
17.119999192655087,35.499878,0.29400596,0.315571
17.129999421536922,35.611877,0.29400596,0.3167918
17.13999965041876,35.659878,0.2940733,0.31801257
17.149999879300594,35.639877,0.2940733,0.31923336
17.16000010818243,35.56788,0.2940733,0.32045412
17.170000337064266,35.45188,0.2940733,0.3216749
17.180000565946102,35.319878,0.2940733,0.32289568
17.190000794827938,35.30788,0.2941407,0.32289568
17.19999911636114,35.37588,0.2941407,0.32411647
17.209999345242977,35.459877,0.2941407,0.32533723
17.219999574124813,35.57588,0.29420805,0.32655802
17.22999980300665,35.675877,0.2943428,0.32655802
17.240000031888485,35.675877,0.29447755,0.32655802
17.25000026077032,35.61588,0.29461226,0.32655802
17.260000489652157,35.55188,0.29474702,0.3277788
17.270000718533993,35.47588,0.29488176,0.3277788
17.28000094741583,35.41188,0.29494914,0.3277788
17.289999268949032,35.45188,0.29501653,0.32899958
17.299999497830868,35.57588,0.29508388,0.32899958
17.309999726712704,35.67988,0.29515123,0.33022034
17.31999995559454,35.791878,0.29535338,0.32899958
17.330000184476376,35.847878,0.29555547,0.32899958
17.34000041335821,35.847878,0.29582497,0.32899958
17.350000642240047,35.791878,0.29629657,0.3277788
17.360000871121883,35.81188,0.2968355,0.32411647
17.369999192655087,35.895878,0.29764396,0.31923336
17.379999421536922,36.055878,0.2987219,0.31312945
17.38999965041876,36.335876,0.29993457,0.3058048
17.399999879300594,36.607876,0.30094513,0.30092168
17.41000010818243,36.735874,0.30134937,0.29848012
17.420000337064266,36.723873,0.30148408,0.29848012
17.430000565946102,36.699875,0.30148408,0.29970092
17.440000794827938,36.647877,0.30148408,0.30092168
17.44999911636114,36.623875,0.30148408,0.30214247
17.459999345242977,36.639874,0.30148408,0.30336323
17.469999574124813,36.699875,0.30155146,0.30458403
17.47999980300665,36.743874,0.30155146,0.3058048
17.490000031888485,36.763874,0.30155146,0.30702558
17.50000026077032,36.815872,0.30155146,0.30824634
17.510000489652157,36.767876,0.30161884,0.30824634
17.520000718533993,36.691875,0.30168623,0.30946714
17.53000094741583,36.627876,0.30168623,0.30946714
17.539999268949032,36.619877,0.30175358,0.3106879
17.549999497830868,36.619877,0.30175358,0.3119087
17.559999726712704,36.683876,0.30175358,0.31312945
17.56999995559454,36.747875,0.30182096,0.31312945
17.580000184476376,36.771877,0.30188832,0.31435025
17.59000041335821,36.79587,0.30202305,0.31435025
17.600000642240047,36.827873,0.30215782,0.315571
17.610000871121883,36.791874,0.3022252,0.315571
17.619999192655087,36.703873,0.3022252,0.3167918
17.629999421536922,36.651875,0.30229253,0.31801257
17.63999965041876,36.659874,0.30229253,0.31923336
17.649999879300594,36.691875,0.30229253,0.31923336
17.66000010818243,36.771877,0.30229253,0.3216749
17.670000337064266,36.827873,0.3023599,0.3216749
17.680000565946102,36.855873,0.3024273,0.32289568
17.690000794827938,36.827873,0.30249467,0.32411647
17.69999911636114,36.815872,0.3026294,0.32289568
17.709999345242977,36.79587,0.30289888,0.32289568
17.719999574124813,36.819874,0.30337048,0.32045412
17.72999980300665,36.927876,0.3040442,0.31801257
17.740000031888485,37.103874,0.30485263,0.31312945
17.75000026077032,37.30387,0.30572844,0.30824634
17.760000489652157,37.45587,0.30646956,0.30336323
17.770000718533993,37.55987,0.30687377,0.30214247
17.78000094741583,37.53587,0.30687377,0.30336323
17.789999268949032,37.451874,0.30687377,0.30458403
17.799999497830868,37.415874,0.30687377,0.3058048
17.809999726712704,37.431873,0.30687377,0.30702558
17.81999995559454,37.467873,0.30687377,0.30824634
17.830000184476376,37.53987,0.30687377,0.30946714
17.84000041335821,37.607872,0.30687377,0.30946714
17.850000642240047,37.62387,0.30687377,0.3119087
17.860000871121883,37.563873,0.30687377,0.3119087
17.869999192655087,37.507874,0.30687377,0.31312945
17.879999421536922,37.439873,0.30687377,0.31435025
17.88999965041876,37.387875,0.30687377,0.315571
17.899999879300594,37.395874,0.30687377,0.3167918
17.91000010818243,37.451874,0.30687377,0.31801257
17.920000337064266,37.51187,0.30694112,0.31923336
17.930000565946102,37.547874,0.30694112,0.31923336
17.940000794827938,37.571873,0.30694112,0.3216749
17.94999911636114,37.551872,0.30694112,0.3216749
17.959999345242977,37.459873,0.30694112,0.32411647
17.969999574124813,37.403873,0.30694112,0.32411647
17.97999980300665,37.37987,0.30694112,0.32533723
17.990000031888485,37.35187,0.3070085,0.32655802
18.00000026077032,37.395874,0.3070085,0.3277788
18.010000489652157,37.48387,0.30707586,0.3277788
18.020000718533993,37.53587,0.30707586,0.32899958
18.03000094741583,37.53187,0.30707586,0.33022034
18.039999268949032,37.507874,0.30707586,0.33144113
18.049999497830868,37.479874,0.30707586,0.3326619
18.059999726712704,37.403873,0.30714324,0.3338827
18.06999995559454,37.367874,0.30721062,0.3338827
18.080000184476376,37.391872,0.307278,0.33510345
18.09000041335821,37.423874,0.30734536,0.33510345
18.100000642240047,37.467873,0.3074127,0.33632424
18.110000871121883,37.56787,0.30754748,0.33632424
18.119999192655087,37.619873,0.30768222,0.33632424
18.129999421536922,37.60387,0.30781695,0.337545
18.13999965041876,37.571873,0.3079517,0.337545
18.149999879300594,37.55587,0.3081538,0.337545
18.16000010818243,37.543873,0.30835593,0.337545
18.170000337064266,37.55587,0.30855805,0.33632424
18.180000565946102,37.667873,0.30896226,0.33510345
18.190000794827938,37.815872,0.30956858,0.3326619
18.19999911636114,37.99987,0.3102423,0.3277788
18.209999345242977,38.15987,0.31105074,0.32411647
18.219999574124813,38.311867,0.31192657,0.31923336
18.22999980300665,38.387867,0.3128024,0.31435025
18.240000031888485,38.47187,0.3134761,0.3106879
18.25000026077032,38.49587,0.31388032,0.30946714
18.260000489652157,38.48387,0.31408244,0.30824634
18.270000718533993,38.511868,0.3141498,0.30946714
18.28000094741583,38.603867,0.31421715,0.30946714
18.289999268949032,38.707867,0.31421715,0.3106879
18.299999497830868,38.75587,0.31421715,0.3119087
18.309999726712704,38.775867,0.31421715,0.31312945
18.31999995559454,38.775867,0.31428453,0.31435025
18.330000184476376,38.68787,0.31428453,0.315571
18.34000041335821,38.60787,0.31435192,0.315571
18.350000642240047,38.55587,0.3144193,0.3167918
18.360000871121883,38.559868,0.31448665,0.31801257
18.369999192655087,38.57987,0.31455404,0.31801257
18.379999421536922,38.671867,0.3146214,0.31923336
18.38999965041876,38.77987,0.31475613,0.31923336
18.399999879300594,38.835865,0.3148909,0.31923336
18.41000010818243,38.867867,0.31509298,0.31923336
18.420000337064266,38.859867,0.3152951,0.31923336
18.430000565946102,38.79187,0.31556457,0.31801257
18.440000794827938,38.743866,0.31583408,0.31801257
18.44999911636114,38.799866,0.31610355,0.3167918
18.459999345242977,38.88387,0.3164404,0.315571
18.469999574124813,38.983868,0.31677726,0.31435025
18.47999980300665,39.115868,0.31697938,0.31312945
18.490000031888485,39.207867,0.31731623,0.31312945
18.50000026077032,39.28787,0.31765306,0.3119087
18.510000489652157,39.323864,0.31812468,0.30946714
18.520000718533993,39.403866,0.31886575,0.3058048
18.53000094741583,39.475864,0.31974158,0.30092168
18.539999268949032,39.555866,0.32048267,0.29603857
18.549999497830868,39.671867,0.32122374,0.29237625
18.559999726712704,39.831867,0.32189742,0.2887139
18.56999995559454,39.971863,0.32250378,0.28627235
18.580000184476376,40.131863,0.3231101,0.28261003
18.59000041335821,40.291862,0.32371646,0.28016847
18.600000642240047,40.375866,0.32418805,0.27772692
18.610000871121883,40.403862,0.32465965,0.27650613
18.619999192655087,40.435863,0.32492912,0.27528536
18.629999421536922,40.44386,0.32513124,0.27528536
18.63999965041876,40.395866,0.32513124,0.27650613
18.649999879300594,40.41186,0.3251986,0.27650613
18.66000010818243,40.467865,0.3251986,0.27772692
18.670000337064266,40.50386,0.3251986,0.27894768
18.680000565946102,40.54386,0.3251986,0.28016847
18.690000794827938,40.583862,0.3251986,0.28138924
18.69999911636114,40.55586,0.3251986,0.28261003
18.709999345242977,40.479862,0.32526597,0.28261003
18.719999574124813,40.43186,0.32526597,0.2838308
18.72999980300665,40.38386,0.32526597,0.28505158
18.740000031888485,40.379864,0.32526597,0.28627235
18.75000026077032,40.39186,0.32526597,0.28749314
18.760000489652157,40.451862,0.32526597,0.2887139
18.770000718533993,40.491863,0.32526597,0.2899347
18.78000094741583,40.487865,0.32526597,0.29115546
18.789999268949032,40.479862,0.32526597,0.29237625
18.799999497830868,40.47586,0.32526597,0.293597
18.809999726712704,40.395866,0.32526597,0.2948178
18.81999995559454,40.34386,0.32526597,0.29603857
18.830000184476376,40.339863,0.32526597,0.29725936
18.84000041335821,40.34386,0.32526597,0.29848012
18.850000642240047,40.379864,0.32526597,0.29970092
18.860000871121883,40.451862,0.32526597,0.29970092
18.869999192655087,40.47586,0.32526597,0.30214247
18.879999421536922,40.455864,0.32526597,0.30214247
18.88999965041876,40.407864,0.32526597,0.30336323
18.899999879300594,40.367863,0.32526597,0.30458403
18.91000010818243,40.307865,0.32533333,0.3058048
18.920000337064266,40.299862,0.32533333,0.30702558
18.930000565946102,40.315865,0.32533333,0.30824634
18.940000794827938,40.36386,0.32533333,0.30946714
18.94999911636114,40.379864,0.3254007,0.30946714
18.959999345242977,40.423862,0.3254007,0.3106879
18.969999574124813,40.447865,0.3254007,0.3119087
18.97999980300665,40.375866,0.3254007,0.31312945
18.990000031888485,40.339863,0.3254007,0.31435025
19.00000026077032,40.30386,0.3254681,0.315571
19.010000489652157,40.287865,0.32553548,0.3167918
19.020000718533993,40.319862,0.32567018,0.315571
19.03000094741583,40.38386,0.32580495,0.3167918
19.039999268949032,40.455864,0.32580495,0.31801257
19.049999497830868,40.43986,0.3258723,0.31801257
19.059999726712704,40.44386,0.3258723,0.31923336
19.06999995559454,40.43986,0.3259397,0.31923336
19.080000184476376,40.407864,0.32600707,0.32045412
19.09000041335821,40.387863,0.32607442,0.3216749
19.100000642240047,40.399864,0.32614177,0.3216749
19.110000871121883,40.41986,0.32627654,0.3216749
19.119999192655087,40.451862,0.32641128,0.32289568
19.129999421536922,40.539864,0.3266134,0.3216749
19.13999965041876,40.62386,0.32695022,0.3216749
19.149999879300594,40.679863,0.32742184,0.31923336
19.16000010818243,40.75186,0.32789344,0.3167918
19.170000337064266,40.83586,0.32849976,0.31312945
19.180000565946102,40.91586,0.32917348,0.3106879
19.190000794827938,40.991863,0.32977983,0.30824634
19.19999911636114,41.131863,0.33045352,0.30336323
19.209999345242977,41.29586,0.33126196,0.29970092
19.219999574124813,41.44386,0.33186832,0.29603857
19.22999980300665,41.54386,0.33227253,0.2948178
19.240000031888485,41.59586,0.3324073,0.2948178
19.25000026077032,41.583855,0.33247465,0.29603857
19.260000489652157,41.53586,0.33247465,0.29603857
19.270000718533993,41.559856,0.33247465,0.29848012
19.28000094741583,41.54786,0.332542,0.29848012
19.289999268949032,41.55586,0.332542,0.29970092
19.299999497830868,41.58786,0.332542,0.30092168
19.309999726712704,41.619858,0.332542,0.30214247
19.31999995559454,41.603855,0.332542,0.30336323
19.330000184476376,41.583855,0.3326094,0.30336323
19.34000041335821,41.559856,0.3326094,0.30458403
19.350000642240047,41.531857,0.3326094,0.3058048
19.360000871121883,41.50386,0.33267677,0.30702558
19.369999192655087,41.53586,0.33267677,0.30824634
19.379999421536922,41.551857,0.33267677,0.30946714
19.38999965041876,41.53586,0.33267677,0.3106879
19.399999879300594,41.56786,0.33274412,0.3106879
19.41000010818243,41.57586,0.33274412,0.3119087
19.420000337064266,41.559856,0.33274412,0.31312945
19.430000565946102,41.54386,0.3328115,0.31312945
19.440000794827938,41.551857,0.33287886,0.31435025
19.44999911636114,41.53586,0.33287886,0.315571
19.459999345242977,41.531857,0.3330136,0.315571
19.469999574124813,41.591858,0.33321574,0.315571
19.47999980300665,41.67986,0.33348522,0.315571
19.490000031888485,41.71586,0.33368734,0.31435025
19.50000026077032,41.711857,0.33382204,0.315571
19.510000489652157,41.723858,0.3339568,0.315571
19.520000718533993,41.731857,0.3341589,0.315571
19.53000094741583,41.75586,0.33449578,0.31312945
19.539999268949032,41.843857,0.3349,0.3119087
19.549999497830868,41.955856,0.3353716,0.3106879
19.559999726712704,42.011856,0.33577582,0.30824634
19.56999995559454,42.127853,0.33618006,0.30702558
19.580000184476376,42.183857,0.33665165,0.3058048
19.59000041335821,42.263855,0.33712322,0.30214247
19.600000642240047,42.335854,0.3376622,0.30092168
19.610000871121883,42.423855,0.33799905,0.29970092
19.619999192655087,42.431858,0.33813378,0.29848012
19.629999421536922,42.407856,0.33826855,0.29970092
19.63999965041876,42.45186,0.3383359,0.29970092
19.649999879300594,42.479855,0.3383359,0.30092168
19.66000010818243,42.495857,0.3383359,0.30214247
19.670000337064266,42.51985,0.33840325,0.30336323
19.680000565946102,42.543858,0.33840325,0.30336323
19.690000794827938,42.499855,0.33847064,0.30458403
19.69999911636114,42.479855,0.33847064,0.3058048
19.709999345242977,42.459854,0.33847064,0.30702558
19.719999574124813,42.443855,0.33847064,0.30824634
19.72999980300665,42.399853,0.33847064,0.30946714
19.740000031888485,42.427853,0.33853802,0.30946714
19.75000026077032,42.483856,0.33853802,0.3119087
19.760000489652157,42.515854,0.33860537,0.3119087
19.770000718533993,42.527855,0.33867276,0.31312945
19.78000094741583,42.511856,0.33874014,0.31312945
19.789999268949032,42.495857,0.3388075,0.31435025
19.799999497830868,42.47186,0.33894223,0.31435025
19.809999726712704,42.475857,0.339077,0.31435025
19.81999995559454,42.539852,0.33921173,0.31435025
19.830000184476376,42.571857,0.33941382,0.31435025
19.84000041335821,42.607853,0.33961597,0.31435025
19.850000642240047,42.687855,0.33981806,0.31312945
19.860000871121883,42.719852,0.34002018,0.31312945
19.869999192655087,42.735855,0.34015492,0.31312945
19.879999421536922,42.755856,0.34042442,0.31312945
19.88999965041876,42.767853,0.34069386,0.3119087
19.899999879300594,42.819855,0.3410981,0.3106879
19.91000010818243,42.899853,0.3415697,0.30824634
19.920000337064266,43.051853,0.34217605,0.3058048
19.930000565946102,43.183853,0.34278238,0.30214247
19.940000794827938,43.287853,0.3433887,0.29970092
19.94999911636114,43.35585,0.34379295,0.29848012
19.959999345242977,43.351852,0.34399503,0.29848012
19.969999574124813,43.323853,0.34399503,0.29848012
19.97999980300665,43.33585,0.34399503,0.29970092
19.990000031888485,43.35985,0.34406242,0.30092168
20.00000026077032,43.387856,0.34406242,0.30214247
20.010000489652157,43.39585,0.34406242,0.30336323
20.020000718533993,43.439854,0.34406242,0.30336323
20.03000094741583,43.439854,0.34406242,0.3058048
20.039999268949032,43.407856,0.3441298,0.3058048
20.049999497830868,43.379852,0.3441298,0.30702558
20.059999726712704,43.33585,0.3441298,0.30824634
20.06999995559454,43.307854,0.34419715,0.30946714
20.080000184476376,43.303852,0.34419715,0.30946714
20.09000041335821,43.35985,0.34419715,0.3119087
20.100000642240047,43.38385,0.34426454,0.3119087
20.110000871121883,43.41585,0.3443319,0.31312945
20.119999192655087,43.431854,0.3443319,0.31312945
20.129999421536922,43.419853,0.3443319,0.315571
20.13999965041876,43.35585,0.34439927,0.315571
20.149999879300594,43.33585,0.34439927,0.3167918
20.16000010818243,43.347855,0.34446663,0.31801257
20.170000337064266,43.343853,0.3446014,0.31801257
20.180000565946102,43.371853,0.34466875,0.31801257
20.190000794827938,43.41585,0.34480348,0.31801257
20.19999911636114,43.47185,0.34487087,0.31923336
20.209999345242977,43.47185,0.34493822,0.31923336
20.219999574124813,43.483852,0.34493822,0.3216749
20.22999980300665,43.459854,0.34507298,0.3216749
20.240000031888485,43.431854,0.34514037,0.3216749
20.25000026077032,43.439854,0.34527507,0.3216749
20.260000489652157,43.47585,0.34540984,0.32289568
20.270000718533993,43.503853,0.34554458,0.32289568
20.28000094741583,43.51985,0.34554458,0.32411647
20.289999268949032,43.55585,0.34561193,0.32411647
20.299999497830868,43.571854,0.3456793,0.32533723
20.309999726712704,43.571854,0.34574667,0.32533723
20.31999995559454,43.571854,0.34581405,0.32655802
20.330000184476376,43.58385,0.34588143,0.3277788
20.34000041335821,43.55585,0.34601617,0.3277788
20.350000642240047,43.56785,0.3461509,0.3277788
20.360000871121883,43.615852,0.34635302,0.3277788
20.369999192655087,43.69585,0.3466225,0.32655802
20.379999421536922,43.76785,0.3470941,0.32411647
20.38999965041876,43.90385,0.34763306,0.3216749
20.399999879300594,44.03185,0.34830678,0.31801257
20.41000010818243,44.143852,0.34918258,0.31435025
20.420000337064266,44.28785,0.3501258,0.30824634
20.430000565946102,44.451847,0.35093424,0.30336323
20.440000794827938,44.503845,0.35133845,0.30214247
20.44999911636114,44.491848,0.35140583,0.30336323
20.459999345242977,44.499847,0.35140583,0.30336323
20.469999574124813,44.55185,0.35140583,0.3058048
20.47999980300665,44.591846,0.35140583,0.3058048
20.490000031888485,44.623848,0.35140583,0.30824634
20.50000026077032,44.66385,0.35140583,0.30824634
20.510000489652157,44.64785,0.3514732,0.30946714
20.520000718533993,44.58785,0.3514732,0.3106879
20.53000094741583,44.55985,0.3515406,0.3119087
20.539999268949032,44.52785,0.3515406,0.3119087
20.549999497830868,44.48785,0.35160792,0.31312945
20.559999726712704,44.51185,0.3516753,0.31312945
20.56999995559454,44.583847,0.35181007,0.31312945
20.580000184476376,44.64385,0.35187742,0.31435025
20.59000041335821,44.703846,0.35201216,0.31435025
20.600000642240047,44.735847,0.3521469,0.315571
20.610000871121883,44.69185,0.35221428,0.315571
20.619999192655087,44.64785,0.35241637,0.315571
20.629999421536922,44.659847,0.35275325,0.31435025
20.63999965041876,44.727848,0.3532922,0.3119087
20.649999879300594,44.887844,0.3540333,0.30824634
20.66000010818243,45.119843,0.35504383,0.30214247
20.670000337064266,45.447845,0.35645863,0.293597
20.680000565946102,45.723843,0.35787344,0.28505158
20.690000794827938,45.887844,0.3586819,0.28016847
20.69999911636114,45.963844,0.3592882,0.27772692
20.709999345242977,45.95584,0.35969242,0.27528536
20.719999574124813,45.97584,0.36016402,0.27406457
20.72999980300665,46.091843,0.360703,0.27040225
20.740000031888485,46.299843,0.36151144,0.2667399
20.75000026077032,46.583843,0.36245462,0.2618568
20.760000489652157,46.81184,0.36333045,0.25575292
20.770000718533993,46.963837,0.3637347,0.25453213
20.78000094741583,46.91184,0.36380205,0.25453213
20.789999268949032,46.77584,0.36380205,0.25697368
20.799999497830868,46.66384,0.36380205,0.25697368
20.809999726712704,46.64384,0.36380205,0.25819448
20.81999995559454,46.675842,0.36380205,0.25941524
20.830000184476376,46.75984,0.36380205,0.26063603
20.84000041335821,46.87984,0.36380205,0.2618568
20.850000642240047,46.93584,0.36380205,0.2630776
20.860000871121883,46.895844,0.36380205,0.26429835
20.869999192655087,46.851837,0.36380205,0.26551914
20.879999421536922,46.73584,0.36380205,0.2667399
20.88999965041876,46.623844,0.36380205,0.2679607
20.899999879300594,46.563843,0.36380205,0.26918146
20.91000010818243,46.627842,0.36380205,0.27040225
20.920000337064266,46.69984,0.36380205,0.27162302
20.930000565946102,46.783844,0.36380205,0.2728438
20.940000794827938,46.855843,0.36380205,0.27406457
20.94999911636114,46.855843,0.36380205,0.27406457
20.959999345242977,46.75184,0.36380205,0.27650613
20.969999574124813,46.68384,0.36380205,0.27650613
20.97999980300665,46.58784,0.36380205,0.27894768
20.990000031888485,46.52784,0.36380205,0.27894768
21.00000026077032,46.531845,0.36380205,0.28016847
21.010000489652157,46.623844,0.36380205,0.28138924
21.020000718533993,46.723843,0.36380205,0.28261003
21.03000094741583,46.77984,0.36380205,0.2838308
21.039999268949032,46.807842,0.36380205,0.28505158
21.049999497830868,46.73584,0.36380205,0.28627235
21.059999726712704,46.627842,0.36380205,0.28749314
21.06999995559454,46.531845,0.36380205,0.2887139
21.080000184476376,46.495842,0.36380205,0.2899347
21.09000041335821,46.51984,0.36380205,0.29115546
21.100000642240047,46.56784,0.36380205,0.29237625
21.110000871121883,46.65984,0.36380205,0.293597
21.119999192655087,46.743843,0.36380205,0.2948178
21.129999421536922,46.72784,0.36380205,0.29603857
21.13999965041876,46.691837,0.36380205,0.29603857
21.149999879300594,46.58784,0.36380205,0.29848012
21.16000010818243,46.491844,0.36380205,0.29848012
21.170000337064266,46.44784,0.36380205,0.29970092
21.180000565946102,46.44784,0.36380205,0.30092168
21.190000794827938,46.50784,0.36380205,0.30214247
21.19999911636114,46.591843,0.36386943,0.30336323
21.209999345242977,46.67984,0.36386943,0.30458403
21.219999574124813,46.70784,0.36386943,0.3058048
21.22999980300665,46.64384,0.36386943,0.30702558
21.240000031888485,46.55984,0.36386943,0.30824634
21.25000026077032,46.47984,0.36386943,0.30946714
21.260000489652157,46.419838,0.36386943,0.30946714
21.270000718533993,46.42784,0.36386943,0.3119087
21.28000094741583,46.49984,0.36386943,0.3119087
21.289999268949032,46.56784,0.36393678,0.31312945
21.299999497830868,46.63984,0.36400416,0.31312945
21.309999726712704,46.68384,0.36400416,0.315571
21.31999995559454,46.675842,0.36407152,0.315571
21.330000184476376,46.591843,0.3641389,0.3167918
21.34000041335821,46.49984,0.36420628,0.3167918
21.350000642240047,46.463844,0.36427367,0.31801257
21.360000871121883,46.47584,0.364341,0.31801257
21.369999192655087,46.531845,0.36454314,0.31801257
21.379999421536922,46.647842,0.36481258,0.31801257
21.38999965041876,46.807842,0.3650821,0.3167918
21.399999879300594,46.895844,0.36548632,0.315571
21.41000010818243,46.97984,0.36609265,0.3119087
21.420000337064266,47.09584,0.3669011,0.30824634
21.430000565946102,47.20384,0.3681138,0.29970092
21.440000794827938,47.42384,0.36952856,0.29237625
21.44999911636114,47.615837,0.37047175,0.28627235
21.459999345242977,47.715836,0.3708086,0.28505158
21.469999574124813,47.73184,0.3708086,0.28627235
21.47999980300665,47.77184,0.37087598,0.28749314
21.490000031888485,47.859837,0.37087598,0.2887139
21.50000026077032,47.907837,0.37087598,0.2899347
21.510000489652157,47.915836,0.37087598,0.2899347
21.520000718533993,47.895836,0.37087598,0.29237625
21.53000094741583,47.851837,0.37087598,0.29237625
21.539999268949032,47.775837,0.37087598,0.293597
21.549999497830868,47.75184,0.37087598,0.2948178
21.559999726712704,47.711838,0.37087598,0.29603857
21.56999995559454,47.70384,0.37087598,0.29725936
21.580000184476376,47.76384,0.37087598,0.29848012
21.59000041335821,47.827835,0.37087598,0.29970092
21.600000642240047,47.875835,0.37087598,0.30092168
21.610000871121883,47.851837,0.37087598,0.30214247
21.619999192655087,47.81184,0.37094334,0.30214247
21.629999421536922,47.72384,0.37094334,0.30336323
21.63999965041876,47.67984,0.37094334,0.30458403
21.649999879300594,47.65984,0.37101072,0.3058048
21.66000010818243,47.707836,0.37101072,0.30702558
21.670000337064266,47.75184,0.3710781,0.30824634
21.680000565946102,47.779835,0.3710781,0.30824634
21.690000794827938,47.819836,0.37114546,0.30946714
21.69999911636114,47.839836,0.3712128,0.30946714
21.709999345242977,47.823837,0.3712802,0.3119087
21.719999574124813,47.795837,0.37134758,0.3119087
21.72999980300665,47.77184,0.37141496,0.3119087
21.740000031888485,47.74384,0.37161705,0.3119087
21.75000026077032,47.79184,0.3719539,0.3106879
21.760000489652157,47.935837,0.37249288,0.30824634
21.770000718533993,48.151833,0.37323394,0.30336323
21.78000094741583,48.351833,0.3742445,0.29848012
21.789999268949032,48.571835,0.37532246,0.29237625
21.799999497830868,48.683834,0.3759288,0.2887139
21.809999726712704,48.623833,0.3761309,0.2887139
21.81999995559454,48.563835,0.3761309,0.2899347
21.830000184476376,48.543835,0.3761309,0.29115546
21.84000041335821,48.567837,0.3761309,0.29237625
21.850000642240047,48.639835,0.3761309,0.293597
21.860000871121883,48.739834,0.3761309,0.2948178
21.869999192655087,48.823833,0.3761309,0.29603857
21.879999421536922,48.823833,0.37619826,0.29603857
21.88999965041876,48.767838,0.37619826,0.29725936
21.899999879300594,48.691833,0.37626562,0.29848012
21.91000010818243,48.567837,0.376333,0.29848012
21.920000337064266,48.507835,0.37640038,0.29970092
21.930000565946102,48.567837,0.37653512,0.29970092
21.940000794827938,48.667835,0.3766025,0.29970092
21.94999911636114,48.787838,0.37673724,0.30092168
21.959999345242977,48.84783,0.3768046,0.30092168
21.969999574124813,48.891834,0.37687197,0.30214247
21.97999980300665,48.82783,0.37693936,0.30214247
21.990000031888485,48.755833,0.3770067,0.30336323
22.00000026077032,48.67583,0.3770067,0.30458403
22.010000489652157,48.619835,0.37707406,0.3058048
22.020000718533993,48.627834,0.37714145,0.3058048
22.03000094741583,48.707836,0.37727618,0.3058048
22.039999268949032,48.82783,0.37741095,0.30702558
22.049999497830868,48.907833,0.37754565,0.30702558
22.059999726712704,49.011833,0.37788254,0.3058048
22.06999995559454,49.067833,0.37828678,0.30336323
22.080000184476376,49.067833,0.37896046,0.30092168
22.09000041335821,49.123833,0.37970152,0.29603857
22.100000642240047,49.23983,0.38057736,0.29115546
22.110000871121883,49.39983,0.3814532,0.28627235
22.119999192655087,49.563835,0.3821269,0.28261003
22.129999421536922,49.679832,0.382329,0.28261003
22.13999965041876,49.743828,0.382329,0.2838308
22.149999879300594,49.73983,0.382329,0.28505158
22.16000010818243,49.755833,0.382329,0.28627235
22.170000337064266,49.75983,0.382329,0.28749314
22.180000565946102,49.735832,0.382329,0.2887139
22.190000794827938,49.67183,0.382329,0.2899347
22.19999911636114,49.64383,0.382329,0.29115546
22.209999345242977,49.61983,0.382329,0.29237625
22.219999574124813,49.635834,0.382329,0.293597
22.22999980300665,49.68383,0.382329,0.293597
22.240000031888485,49.723827,0.38239637,0.2948178
22.25000026077032,49.71183,0.38239637,0.29603857
22.260000489652157,49.69583,0.38239637,0.29725936
22.270000718533993,49.66783,0.38239637,0.29848012
22.28000094741583,49.64783,0.38239637,0.29970092
22.289999268949032,49.611828,0.38246375,0.29970092
22.299999497830868,49.60783,0.38246375,0.30092168
22.309999726712704,49.62383,0.38246375,0.30214247
22.31999995559454,49.63183,0.38253114,0.30336323
22.330000184476376,49.679832,0.38259846,0.30336323
22.34000041335821,49.69983,0.38266584,0.30458403
22.350000642240047,49.69983,0.38273323,0.3058048
22.360000871121883,49.67583,0.3828006,0.3058048
22.369999192655087,49.66783,0.38293535,0.30702558
22.379999421536922,49.66783,0.3830027,0.30702558
22.38999965041876,49.68783,0.38320482,0.30702558
22.399999879300594,49.73983,0.38340694,0.3058048
22.41000010818243,49.80383,0.3836764,0.3058048
22.420000337064266,49.83183,0.38381118,0.3058048
22.430000565946102,49.86383,0.38401327,0.3058048
22.440000794827938,49.91583,0.38414803,0.3058048
22.44999911636114,49.951828,0.38435012,0.3058048
22.459999345242977,49.93583,0.38448486,0.3058048
22.469999574124813,49.92783,0.38461962,0.3058048
22.47999980300665,49.951828,0.3848891,0.3058048
22.490000031888485,50.027832,0.38522592,0.30336323
22.50000026077032,50.13983,0.38563016,0.30214247
22.510000489652157,50.25583,0.38610175,0.30092168
22.520000718533993,50.36783,0.38657334,0.29848012
22.53000094741583,50.42383,0.3871797,0.2948178
22.539999268949032,50.54783,0.38792077,0.29237625
22.549999497830868,50.659824,0.38845974,0.2887139
22.559999726712704,50.667828,0.3887292,0.2887139
22.56999995559454,50.675827,0.3887292,0.2887139
22.580000184476376,50.691826,0.3887966,0.2899347
22.59000041335821,50.715828,0.3887966,0.29115546
22.600000642240047,50.75583,0.3887966,0.29237625
22.610000871121883,50.799828,0.3887966,0.293597
22.619999192655087,50.82383,0.3887966,0.2948178
22.629999421536922,50.779827,0.3887966,0.29603857
22.63999965041876,50.731827,0.3887966,0.29725936
22.649999879300594,50.679825,0.3887966,0.29848012
22.66000010818243,50.63183,0.3887966,0.29970092
22.670000337064266,50.63183,0.3887966,0.29970092
22.680000565946102,50.67183,0.3887966,0.30092168
22.690000794827938,50.687828,0.3887966,0.30214247
22.69999911636114,50.70783,0.3887966,0.30336323
22.709999345242977,50.73583,0.3887966,0.30458403
22.719999574124813,50.731827,0.3887966,0.3058048
22.72999980300665,50.667828,0.3887966,0.30702558
22.740000031888485,50.635826,0.3887966,0.30824634
22.75000026077032,50.61583,0.3887966,0.30946714
22.760000489652157,50.57583,0.3887966,0.3106879
22.770000718533993,50.583828,0.3887966,0.3119087
22.78000094741583,50.63183,0.3887966,0.31312945
22.789999268949032,50.691826,0.3887966,0.31435025
22.799999497830868,50.691826,0.3887966,0.315571
22.809999726712704,50.687828,0.3887966,0.3167918
22.81999995559454,50.667828,0.3887966,0.31801257
22.830000184476376,50.583828,0.3887966,0.31923336
22.84000041335821,50.543827,0.3887966,0.31923336
22.850000642240047,50.543827,0.3887966,0.3216749
22.860000871121883,50.559826,0.3887966,0.3216749
22.869999192655087,50.57583,0.3887966,0.32289568
22.879999421536922,50.611828,0.3887966,0.32411647
22.88999965041876,50.66383,0.38886398,0.32533723
22.899999879300594,50.647827,0.38886398,0.32655802
22.91000010818243,50.61583,0.38893133,0.32655802
22.920000337064266,50.583828,0.3889987,0.3277788
22.930000565946102,50.55583,0.38913345,0.3277788
22.940000794827938,50.57183,0.3892682,0.3277788
22.94999911636114,50.62383,0.38940293,0.3277788
22.959999345242977,50.687828,0.38953766,0.32899958
22.969999574124813,50.731827,0.38980713,0.3277788
22.97999980300665,50.827827,0.39014402,0.32655802
22.990000031888485,50.92383,0.3906156,0.32411647
23.00000026077032,51.003822,0.39122194,0.3216749
23.010000489652157,51.127827,0.3920304,0.3167918
23.020000718533993,51.291824,0.39297357,0.3119087
23.03000094741583,51.415825,0.3938494,0.30702558
23.039999268949032,51.551826,0.39459047,0.30336323
23.049999497830868,51.679825,0.3949947,0.30092168
23.059999726712704,51.771824,0.39533153,0.29970092
23.06999995559454,51.803825,0.3954663,0.29970092
23.080000184476376,51.83982,0.39560103,0.29970092
23.09000041335821,51.899822,0.39566842,0.30092168
23.100000642240047,51.915825,0.3957358,0.30214247
23.110000871121883,51.891827,0.39580315,0.30214247
23.119999192655087,51.911823,0.3959379,0.30214247
23.129999421536922,51.915825,0.39614,0.30336323
23.13999965041876,51.927822,0.39640948,0.30214247
23.149999879300594,52.007824,0.39688107,0.29970092
23.16000010818243,52.13182,0.39742005,0.29725936
23.170000337064266,52.263824,0.39809376,0.293597
23.180000565946102,52.40782,0.39876744,0.2899347
23.190000794827938,52.54382,0.3993738,0.28749314
23.19999911636114,52.60382,0.3998454,0.28505158
23.209999345242977,52.607822,0.4000475,0.28505158
23.219999574124813,52.61982,0.40011486,0.28505158
23.22999980300665,52.61982,0.40011486,0.28627235
23.240000031888485,52.61982,0.40011486,0.28749314
23.25000026077032,52.65982,0.40011486,0.2887139
23.260000489652157,52.70382,0.40011486,0.2899347
23.270000718533993,52.71182,0.40011486,0.29115546
23.28000094741583,52.68382,0.40011486,0.29237625
23.289999268949032,52.65582,0.40011486,0.293597
23.299999497830868,52.60382,0.40011486,0.2948178
23.309999726712704,52.54782,0.40011486,0.29603857
23.31999995559454,52.535824,0.40011486,0.29725936
23.330000184476376,52.555824,0.40011486,0.29848012
23.34000041335821,52.575817,0.40011486,0.29970092
23.350000642240047,52.61182,0.40011486,0.29970092
23.360000871121883,52.65182,0.40011486,0.30214247
23.369999192655087,52.63182,0.40011486,0.30214247
23.379999421536922,52.58382,0.40011486,0.30336323
23.38999965041876,52.555824,0.40011486,0.30458403
23.399999879300594,52.54382,0.40011486,0.3058048
23.41000010818243,52.51182,0.40011486,0.30702558
23.420000337064266,52.507824,0.40011486,0.30824634
23.430000565946102,52.53982,0.40011486,0.30946714
23.440000794827938,52.56382,0.40011486,0.3106879
23.44999911636114,52.575817,0.40011486,0.3119087
23.459999345242977,52.58382,0.40011486,0.31312945
23.469999574124813,52.559822,0.40011486,0.31435025
23.47999980300665,52.50382,0.40011486,0.315571
23.490000031888485,52.47182,0.40011486,0.3167918
23.50000026077032,52.467823,0.40011486,0.31801257
23.510000489652157,52.455822,0.40011486,0.31923336
23.520000718533993,52.475822,0.40011486,0.31923336
23.53000094741583,52.515823,0.40011486,0.3216749
23.539999268949032,52.54382,0.40018225,0.3216749
23.549999497830868,52.52382,0.40018225,0.32289568
23.559999726712704,52.515823,0.40018225,0.32411647
23.56999995559454,52.47182,0.40018225,0.32533723
23.580000184476376,52.427822,0.40018225,0.32655802
23.59000041335821,52.415825,0.40018225,0.3277788
23.600000642240047,52.43582,0.40018225,0.32899958
23.610000871121883,52.447823,0.40024963,0.32899958
23.619999192655087,52.483818,0.400317,0.33022034
23.629999421536922,52.51982,0.40038437,0.33022034
23.63999965041876,52.535824,0.40038437,0.33144113
23.649999879300594,52.49182,0.40038437,0.3326619
23.66000010818243,52.47982,0.4005191,0.3338827
23.670000337064266,52.50382,0.40072122,0.3326619
23.680000565946102,52.50382,0.40085596,0.3338827
23.690000794827938,52.507824,0.4009233,0.3338827
23.69999911636114,52.535824,0.40105808,0.3338827
23.709999345242977,52.587822,0.4011928,0.3338827
23.719999574124813,52.647823,0.40132755,0.33510345
23.72999980300665,52.66382,0.4013949,0.33510345
23.740000031888485,52.68382,0.4014623,0.33632424
23.75000026077032,52.667824,0.4016644,0.33510345
23.760000489652157,52.67582,0.40186653,0.33510345
23.770000718533993,52.735817,0.402136,0.33510345
23.78000094741583,52.779823,0.40247285,0.3338827
23.789999268949032,52.86382,0.4028771,0.33144113
23.799999497830868,53.01582,0.40348342,0.32899958
23.809999726712704,53.20382,0.40429187,0.32411647
23.81999995559454,53.379818,0.40523505,0.31923336
23.830000184476376,53.54382,0.40617824,0.31312945
23.84000041335821,53.727818,0.40712145,0.30824634
23.850000642240047,53.78782,0.40752566,0.30702558
23.860000871121883,53.763817,0.40752566,0.30824634
23.869999192655087,53.723816,0.40752566,0.30946714
23.879999421536922,53.763817,0.40752566,0.30946714
23.88999965041876,53.811817,0.40759304,0.3106879
23.899999879300594,53.891815,0.40759304,0.3119087
23.91000010818243,53.939816,0.4076604,0.31312945
23.920000337064266,53.935814,0.4076604,0.31312945
23.930000565946102,53.89582,0.40772778,0.31435025
23.940000794827938,53.843815,0.40779513,0.315571
23.94999911636114,53.763817,0.40779513,0.3167918
23.959999345242977,53.711815,0.4078625,0.3167918
23.969999574124813,53.747818,0.4079299,0.31801257
23.97999980300665,53.819817,0.4079299,0.31923336
23.990000031888485,53.863815,0.40799728,0.31923336
24.00000026077032,53.943813,0.40799728,0.32045412
24.010000489652157,53.951817,0.40799728,0.3216749
24.020000718533993,53.911816,0.40806463,0.32289568
24.03000094741583,53.827816,0.40806463,0.32411647
24.039999268949032,53.79582,0.408132,0.32411647
24.049999497830868,53.751816,0.408132,0.32533723
24.059999726712704,53.747818,0.408132,0.32655802
24.06999995559454,53.783813,0.40819937,0.3277788
24.080000184476376,53.871815,0.40819937,0.32899958
24.09000041335821,53.923817,0.40826675,0.32899958
24.100000642240047,53.943813,0.4084015,0.32899958
24.110000871121883,53.951817,0.4084015,0.33022034
24.119999192655087,53.89982,0.4084015,0.33144113
24.129999421536922,53.80782,0.4084015,0.3326619
24.13999965041876,53.775818,0.40846887,0.3338827
24.149999879300594,53.771816,0.40846887,0.33510345
24.16000010818243,53.819817,0.40860358,0.33510345
24.170000337064266,53.89582,0.40867096,0.33510345
24.180000565946102,54.007816,0.40894043,0.33510345
24.190000794827938,54.095814,0.40934467,0.3338827
24.19999911636114,54.139816,0.40981627,0.33144113
24.209999345242977,54.223816,0.41048998,0.3277788
24.219999574124813,54.347813,0.4113658,0.32289568
24.22999980300665,54.463814,0.41224164,0.31801257
24.240000031888485,54.57981,0.41305006,0.31312945
24.25000026077032,54.73181,0.41352168,0.3119087
24.260000489652157,54.819813,0.41365638,0.3119087
24.270000718533993,54.863815,0.41365638,0.31312945
24.28000094741583,54.915813,0.41365638,0.31312945
24.289999268949032,54.91981,0.41365638,0.315571
24.299999497830868,54.91181,0.41365638,0.315571
24.309999726712704,54.883816,0.41365638,0.31801257
24.31999995559454,54.859814,0.41365638,0.31801257
24.330000184476376,54.787815,0.41365638,0.31923336
24.34000041335821,54.783813,0.41372377,0.32045412
24.350000642240047,54.799812,0.41372377,0.3216749
24.360000871121883,54.835815,0.41379115,0.3216749
24.369999192655087,54.839813,0.4138585,0.32289568
24.379999421536922,54.895813,0.4139259,0.32411647
24.38999965041876,54.923817,0.41399327,0.32411647
24.399999879300594,54.883816,0.41412798,0.32411647
24.41000010818243,54.879814,0.41419536,0.32533723
24.420000337064266,54.847813,0.41419536,0.32655802
24.430000565946102,54.80781,0.41419536,0.3277788
24.440000794827938,54.815815,0.41419536,0.32899958
24.44999911636114,54.85181,0.41426274,0.32899958
24.459999345242977,54.903816,0.41439748,0.32899958
24.469999574124813,54.951813,0.4145322,0.32899958
24.47999980300665,54.983814,0.41466695,0.33022034
24.490000031888485,54.999813,0.41480172,0.33022034
24.50000026077032,54.96781,0.41493642,0.33022034
24.510000489652157,54.959812,0.41513857,0.33022034
24.520000718533993,54.995815,0.41534066,0.33022034
24.53000094741583,55.015816,0.41554278,0.32899958
24.539999268949032,55.087814,0.41581225,0.32899958
24.549999497830868,55.227814,0.41628385,0.3277788
24.559999726712704,55.37181,0.41682282,0.32533723
24.56999995559454,55.495808,0.41749653,0.32045412
24.580000184476376,55.61581,0.41823763,0.3167918
24.59000041335821,55.73581,0.4189787,0.31312945
24.600000642240047,55.77581,0.41945028,0.3106879
24.610000871121883,55.75981,0.41958502,0.3106879
24.619999192655087,55.78381,0.41958502,0.3119087
24.629999421536922,55.79581,0.41958502,0.31312945
24.63999965041876,55.84381,0.41958502,0.31435025
24.649999879300594,55.92381,0.4196524,0.315571
24.66000010818243,55.97581,0.4196524,0.315571
24.670000337064266,55.939808,0.4196524,0.31801257
24.680000565946102,55.927807,0.41971976,0.31801257
24.690000794827938,55.883812,0.41971976,0.31923336
24.69999911636114,55.787807,0.41971976,0.32045412
24.709999345242977,55.74781,0.41978714,0.3216749
24.719999574124813,55.78381,0.41985452,0.3216749
24.72999980300665,55.835808,0.41985452,0.32289568
24.740000031888485,55.89181,0.4199219,0.32411647
24.75000026077032,55.95581,0.41998923,0.32411647
24.760000489652157,56.01181,0.420124,0.32411647
24.770000718533993,55.967808,0.42019138,0.32533723
24.78000094741583,55.90781,0.42025873,0.32533723
24.789999268949032,55.87581,0.4203935,0.32533723
24.799999497830868,55.86381,0.42066297,0.32533723
24.809999726712704,55.92381,0.4209998,0.32411647
24.81999995559454,56.04381,0.42133665,0.32411647
24.830000184476376,56.175808,0.4216735,0.3216749
24.84000041335821,56.287807,0.4221451,0.31923336
24.850000642240047,56.451805,0.42281884,0.315571
24.860000871121883,56.59581,0.4236273,0.3119087
24.869999192655087,56.743805,0.4247052,0.3058048
24.879999421536922,56.883804,0.4258505,0.29848012
24.88999965041876,57.051807,0.42672634,0.293597
24.899999879300594,57.131805,0.4270632,0.29237625
24.91000010818243,57.131805,0.4271979,0.29237625
24.920000337064266,57.195805,0.4271979,0.293597
24.930000565946102,57.27181,0.4271979,0.2948178
24.940000794827938,57.311806,0.4271979,0.29603857
24.94999911636114,57.343807,0.4271979,0.29725936
24.959999345242977,57.331806,0.4271979,0.29848012
24.969999574124813,57.27181,0.4271979,0.29970092
24.97999980300665,57.183807,0.4271979,0.30092168
24.990000031888485,57.143806,0.4271979,0.30214247
25.00000026077032,57.111805,0.4271979,0.30336323
25.010000489652157,57.095806,0.4271979,0.30458403
25.020000718533993,57.163807,0.4271979,0.3058048
25.03000094741583,57.231808,0.4271979,0.30702558
25.039999268949032,57.263805,0.4271979,0.30824634
25.049999497830868,57.243805,0.4271979,0.30946714
25.059999726712704,57.215805,0.4271979,0.30946714
25.06999995559454,57.13981,0.4271979,0.3119087
25.080000184476376,57.059807,0.4271979,0.3119087
25.09000041335821,57.051807,0.4271979,0.31312945
25.100000642240047,57.087803,0.4271979,0.31435025
25.110000871121883,57.107803,0.4271979,0.315571
25.119999192655087,57.13981,0.4271979,0.3167918
25.129999421536922,57.175804,0.4271979,0.31801257
25.13999965041876,57.175804,0.4271979,0.31923336
25.149999879300594,57.135803,0.4271979,0.32045412
25.16000010818243,57.083805,0.4271979,0.3216749
25.170000337064266,57.035805,0.4271979,0.32289568
25.180000565946102,56.95981,0.4271979,0.32411647
25.190000794827938,56.97981,0.4271979,0.32533723
25.19999911636114,57.039806,0.4271979,0.32655802
25.209999345242977,57.083805,0.4272653,0.32655802
25.219999574124813,57.123806,0.4272653,0.3277788
25.22999980300665,57.155804,0.42733267,0.32899958
25.240000031888485,57.111805,0.42740002,0.32899958
25.25000026077032,57.051807,0.42740002,0.33022034
25.260000489652157,57.019806,0.4275348,0.33144113
25.270000718533993,57.015804,0.42760217,0.33144113
25.28000094741583,57.019806,0.4276695,0.3326619
25.289999268949032,57.107803,0.427939,0.33144113
25.299999497830868,57.223804,0.42834324,0.33022034
25.309999726712704,57.383804,0.4288822,0.3277788
25.31999995559454,57.519802,0.42969066,0.32411647
25.330000184476376,57.687805,0.4306338,0.31801257
25.34000041335821,57.859802,0.43184653,0.3106879
25.350000642240047,57.967804,0.43278968,0.30458403
25.360000871121883,58.079803,0.43339604,0.30214247
25.369999192655087,58.1558,0.4336655,0.30092168
25.379999421536922,58.171803,0.43386763,0.30092168
25.38999965041876,58.2758,0.43406972,0.30092168
25.399999879300594,58.419804,0.43427184,0.29970092
25.41000010818243,58.4958,0.43447396,0.30092168
25.420000337064266,58.5638,0.43474346,0.29970092
25.430000565946102,58.619797,0.43521506,0.29725936
25.440000794827938,58.6758,0.43582138,0.2948178
25.44999911636114,58.7198,0.4364951,0.29115546
25.459999345242977,58.8078,0.43730354,0.28627235
25.469999574124813,58.9438,0.43797722,0.28261003
25.47999980300665,59.0558,0.43838146,0.28138924
25.490000031888485,59.119797,0.43844885,0.28261003
25.50000026077032,59.1998,0.43844885,0.28261003
25.510000489652157,59.2398,0.43844885,0.2838308
25.520000718533993,59.2358,0.43844885,0.28505158
25.53000094741583,59.207798,0.43844885,0.28627235
25.539999268949032,59.1678,0.43844885,0.28749314
25.549999497830868,59.091797,0.43844885,0.2887139
25.559999726712704,59.0678,0.43844885,0.2899347
25.56999995559454,59.0598,0.43844885,0.29115546
25.580000184476376,59.083797,0.43844885,0.29237625
25.59000041335821,59.0998,0.43844885,0.293597
25.600000642240047,59.1518,0.43844885,0.2948178
25.610000871121883,59.1798,0.43844885,0.29603857
25.619999192655087,59.139797,0.43844885,0.29725936
25.629999421536922,59.083797,0.43844885,0.29848012
25.63999965041876,59.0478,0.43844885,0.29970092
25.649999879300594,58.999798,0.43844885,0.29970092
25.66000010818243,58.9758,0.43844885,0.30214247
25.670000337064266,59.0198,0.43844885,0.30214247
25.680000565946102,59.0558,0.43844885,0.30336323
25.690000794827938,59.063797,0.43844885,0.30458403
25.69999911636114,59.071796,0.43844885,0.3058048
25.709999345242977,59.063797,0.43844885,0.30702558
25.719999574124813,59.0318,0.43844885,0.30824634
25.72999980300665,58.9678,0.43844885,0.30946714
25.740000031888485,58.951797,0.43844885,0.3106879
25.75000026077032,58.9438,0.43844885,0.3119087
25.760000489652157,58.931797,0.43844885,0.31312945
25.770000718533993,58.979797,0.43844885,0.31435025
25.78000094741583,59.023796,0.43844885,0.315571
25.789999268949032,59.0318,0.43844885,0.3167918
25.799999497830868,59.0118,0.43844885,0.31801257
25.809999726712704,58.9758,0.43844885,0.31923336
25.81999995559454,58.9358,0.43844885,0.31923336
25.830000184476376,58.8758,0.4385162,0.32045412
25.84000041335821,58.8758,0.4385162,0.3216749
25.850000642240047,58.8998,0.4385162,0.32289568
25.860000871121883,58.9038,0.4385162,0.32411647
25.869999192655087,58.9358,0.4385162,0.32533723
25.879999421536922,58.963802,0.4385162,0.32655802
25.88999965041876,58.951797,0.43858358,0.3277788
25.899999879300594,58.8998,0.43858358,0.3277788
25.91000010818243,58.8838,0.43858358,0.32899958
25.920000337064266,58.8478,0.43858358,0.33022034
25.930000565946102,58.8078,0.43865097,0.33144113
25.940000794827938,58.8598,0.43865097,0.3326619
25.94999911636114,58.9038,0.43871832,0.3326619
25.959999345242977,58.931797,0.43878567,0.3338827
25.969999574124813,58.9558,0.43878567,0.33510345
25.97999980300665,58.959797,0.43885306,0.33510345
25.990000031888485,58.9478,0.43898782,0.33510345
26.00000026077032,58.931797,0.43912253,0.33632424
26.010000489652157,58.9558,0.4392573,0.33632424
26.020000718533993,58.9678,0.4394594,0.33632424
26.03000094741583,58.9878,0.4396615,0.33510345
26.039999268949032,59.051796,0.43979627,0.33632424
26.049999497830868,59.1278,0.439931,0.33632424
26.059999726712704,59.163795,0.44020048,0.33510345
26.06999995559454,59.2158,0.44040257,0.33510345
26.080000184476376,59.251797,0.44067207,0.33510345
26.09000041335821,59.303795,0.44121104,0.33144113
26.100000642240047,59.411797,0.4419521,0.3277788
26.110000871121883,59.603798,0.44289532,0.32289568
26.119999192655087,59.835796,0.44390586,0.3167918
26.129999421536922,60.0118,0.4447817,0.3119087
26.13999965041876,60.115795,0.4451859,0.30946714
26.149999879300594,60.147797,0.4451859,0.3119087
26.16000010818243,60.139793,0.4451859,0.3119087
26.170000337064266,60.1238,0.44525328,0.31312945
26.180000565946102,60.155796,0.44525328,0.31435025
26.190000794827938,60.195797,0.44525328,0.315571
26.19999911636114,60.19179,0.44525328,0.3167918
26.209999345242977,60.19179,0.44525328,0.31801257
26.219999574124813,60.187794,0.44525328,0.31923336
26.22999980300665,60.155796,0.44532067,0.31923336
26.240000031888485,60.119793,0.44532067,0.32045412
26.25000026077032,60.091797,0.44532067,0.3216749
26.260000489652157,60.083797,0.44538802,0.32289568
26.270000718533993,60.095795,0.4454554,0.32411647
26.28000094741583,60.135796,0.44552276,0.32411647
26.289999268949032,60.175797,0.44552276,0.32533723
26.299999497830868,60.163795,0.44559014,0.32533723
26.309999726712704,60.163795,0.44559014,0.32655802
26.31999995559454,60.151794,0.4456575,0.3277788
26.330000184476376,60.1238,0.44572487,0.3277788
26.34000041335821,60.107796,0.44579226,0.32899958
26.350000642240047,60.139793,0.44585964,0.32899958
26.360000871121883,60.159794,0.44592696,0.33022034
26.369999192655087,60.159794,0.44592696,0.33144113
26.379999421536922,60.19179,0.44599435,0.3326619
26.38999965041876,60.247795,0.4461291,0.3326619
26.399999879300594,60.2838,0.4463312,0.3326619
26.41000010818243,60.291794,0.4466007,0.33144113
26.420000337064266,60.347794,0.4470049,0.33022034
26.430000565946102,60.415794,0.4475439,0.3277788
26.440000794827938,60.519794,0.44815022,0.32411647
26.44999911636114,60.679794,0.44889128,0.32045412
26.459999345242977,60.891792,0.44969976,0.315571
26.469999574124813,61.043793,0.4505082,0.3119087
26.47999980300665,61.183792,0.45111454,0.30824634
26.490000031888485,61.243793,0.4514514,0.30702558
26.50000026077032,61.26779,0.45158613,0.30702558
26.510000489652157,61.23579,0.45158613,0.30824634
26.520000718533993,61.263794,0.4516535,0.30946714
26.53000094741583,61.27979,0.4517209,0.30946714
26.539999268949032,61.291794,0.4517209,0.3106879
26.549999497830868,61.32779,0.4517209,0.3119087
26.559999726712704,61.343792,0.4517209,0.31312945
26.56999995559454,61.335793,0.4517209,0.31435025
26.580000184476376,61.287792,0.45178825,0.315571
26.59000041335821,61.271793,0.4518556,0.315571
26.600000642240047,61.251793,0.45192298,0.3167918
26.610000871121883,61.22779,0.45192298,0.31801257
26.619999192655087,61.27979,0.45205772,0.31801257
26.629999421536922,61.33979,0.4521925,0.31801257
26.63999965041876,61.33979,0.45225987,0.31923336
26.649999879300594,61.34779,0.4523272,0.31923336
26.66000010818243,61.36779,0.45239457,0.32045412
26.670000337064266,61.363792,0.45246196,0.3216749
26.680000565946102,61.31979,0.45252934,0.3216749
26.690000794827938,61.34779,0.4525967,0.3216749
26.69999911636114,61.343792,0.45273143,0.32289568
26.709999345242977,61.363792,0.45293355,0.3216749
26.719999574124813,61.46379,0.45320302,0.3216749
26.72999980300665,61.52779,0.45347252,0.32045412
26.740000031888485,61.57979,0.453742,0.32045412
26.75000026077032,61.61579,0.45407885,0.31923336
26.760000489652157,61.675793,0.45434836,0.31801257
26.770000718533993,61.719788,0.45475256,0.3167918
26.78000094741583,61.75179,0.4551568,0.315571
26.789999268949032,61.851788,0.4556284,0.31312945
26.799999497830868,61.991787,0.45616734,0.3106879
26.809999726712704,62.14779,0.4569758,0.3058048
26.81999995559454,62.331787,0.45771688,0.30214247
26.830000184476376,62.45979,0.45818847,0.29970092
26.84000041335821,62.511787,0.4585927,0.29848012
26.850000642240047,62.519783,0.4588622,0.29725936
26.860000871121883,62.56379,0.45913166,0.29725936
26.869999192655087,62.595787,0.45933378,0.29603857
26.879999421536922,62.619785,0.45953587,0.29603857
26.88999965041876,62.70379,0.459738,0.29603857
26.899999879300594,62.775787,0.46000746,0.29603857
26.91000010818243,62.851784,0.46034434,0.293597
26.920000337064266,62.935787,0.4608833,0.29237625
26.930000565946102,63.027786,0.46135488,0.2899347
26.940000794827938,63.083782,0.46175912,0.28749314
26.94999911636114,63.107784,0.4622307,0.28627235
26.959999345242977,63.191784,0.46256757,0.2838308
26.969999574124813,63.243782,0.4627697,0.2838308
26.97999980300665,63.271786,0.46297178,0.2838308
26.990000031888485,63.331783,0.46303916,0.28505158
27.00000026077032,63.375782,0.46303916,0.28627235
27.010000489652157,63.367786,0.46310654,0.28627235
27.020000718533993,63.343784,0.46310654,0.28749314
27.03000094741583,63.327785,0.46310654,0.2887139
27.039999268949032,63.311783,0.46310654,0.2899347
27.049999497830868,63.243782,0.46310654,0.29115546
27.059999726712704,63.243782,0.46310654,0.29237625
27.06999995559454,63.251785,0.46310654,0.293597
27.080000184476376,63.259785,0.4631739,0.293597
27.09000041335821,63.283783,0.4631739,0.2948178
27.100000642240047,63.307785,0.4631739,0.29603857
27.110000871121883,63.287785,0.4631739,0.29725936
27.119999192655087,63.271786,0.4631739,0.29848012
27.129999421536922,63.231785,0.4631739,0.29970092
27.13999965041876,63.22378,0.4631739,0.30092168
27.149999879300594,63.191784,0.46324128,0.30214247
27.16000010818243,63.195786,0.46324128,0.30336323
27.170000337064266,63.219784,0.46324128,0.30336323
27.180000565946102,63.239784,0.46324128,0.3058048
27.190000794827938,63.239784,0.46324128,0.3058048
27.19999911636114,63.259785,0.46324128,0.30824634
27.209999345242977,63.227787,0.46324128,0.30824634
27.219999574124813,63.159786,0.46324128,0.30946714
27.22999980300665,63.147785,0.46324128,0.3106879
27.240000031888485,63.127785,0.46324128,0.3119087
27.25000026077032,63.119785,0.46330866,0.31312945
27.260000489652157,63.143784,0.46330866,0.31435025
27.270000718533993,63.191784,0.46330866,0.315571
27.28000094741583,63.183784,0.46330866,0.315571
27.289999268949032,63.159786,0.46330866,0.31801257
27.299999497830868,63.163784,0.46330866,0.31801257
27.309999726712704,63.151783,0.46330866,0.31923336
27.31999995559454,63.095787,0.46330866,0.32045412
27.330000184476376,63.091785,0.46337602,0.3216749
27.34000041335821,63.115788,0.46337602,0.32289568
27.350000642240047,63.099785,0.46337602,0.32411647
27.360000871121883,63.139786,0.46337602,0.32533723
27.369999192655087,63.151783,0.46344337,0.32533723
27.379999421536922,63.167786,0.46351075,0.32655802
27.38999965041876,63.159786,0.46371287,0.32655802
27.399999879300594,63.179787,0.463915,0.32533723
27.41000010818243,63.183784,0.463915,0.3277788
27.420000337064266,63.163784,0.46398234,0.3277788
27.430000565946102,63.163784,0.46404973,0.32899958
27.440000794827938,63.219784,0.46418446,0.32899958
27.44999911636114,63.251785,0.46425182,0.32899958
27.459999345242977,63.283783,0.46438658,0.32899958
27.469999574124813,63.351784,0.46465605,0.32899958
27.47999980300665,63.391785,0.46485817,0.32899958
27.490000031888485,63.395782,0.46519503,0.3277788
27.50000026077032,63.427784,0.46559924,0.32655802
27.510000489652157,63.531784,0.4661382,0.32411647
27.520000718533993,63.65578,0.46681193,0.32045412
27.53000094741583,63.811783,0.46762037,0.315571
27.539999268949032,64.043785,0.46849617,0.3106879
27.549999497830868,64.26379,0.46950674,0.30458403
27.559999726712704,64.43978,0.4703152,0.30092168
27.56999995559454,64.53978,0.4707868,0.29848012
27.580000184476376,64.56378,0.4709889,0.29848012
27.59000041335821,64.53978,0.47112364,0.29848012
27.600000642240047,64.54378,0.47119102,0.29848012
27.610000871121883,64.603775,0.47119102,0.29970092
27.619999192655087,64.63178,0.47119102,0.30092168
27.629999421536922,64.66778,0.4712584,0.30214247
27.63999965041876,64.68778,0.4712584,0.30336323
27.649999879300594,64.66778,0.4712584,0.30336323
27.66000010818243,64.61578,0.4712584,0.30458403
27.670000337064266,64.57578,0.4712584,0.3058048
27.680000565946102,64.53978,0.4712584,0.30702558
27.690000794827938,64.50378,0.4712584,0.30824634
27.69999911636114,64.48778,0.47132578,0.30946714
27.709999345242977,64.559784,0.47132578,0.3106879
27.719999574124813,64.61178,0.47132578,0.3119087
27.72999980300665,64.60778,0.47132578,0.31312945
27.740000031888485,64.61978,0.47139314,0.31312945
27.75000026077032,64.603775,0.4714605,0.31435025
27.760000489652157,64.53578,0.47152787,0.31435025
27.770000718533993,64.50778,0.47159526,0.315571
27.78000094741583,64.52378,0.47173,0.315571
27.789999268949032,64.54778,0.47179738,0.3167918
27.799999497830868,64.57578,0.47186473,0.3167918
27.809999726712704,64.64778,0.47199947,0.31801257
27.81999995559454,64.72778,0.47226894,0.3167918
27.830000184476376,64.77578,0.47260582,0.315571
27.84000041335821,64.83978,0.47307742,0.31312945
27.850000642240047,64.90778,0.47361636,0.3106879
27.860000871121883,64.98778,0.47429007,0.30824634
27.869999192655087,65.087776,0.47496378,0.30336323
27.879999421536922,65.255775,0.4756375,0.29970092
27.88999965041876,65.38778,0.47617644,0.29725936
27.899999879300594,65.479774,0.47644594,0.29725936
27.91000010818243,65.52778,0.4765133,0.29725936
27.920000337064266,65.55578,0.4765133,0.29848012
27.930000565946102,65.52378,0.47658068,0.29970092
27.940000794827938,65.519775,0.47658068,0.30092168
27.94999911636114,65.507774,0.47658068,0.30214247
27.959999345242977,65.479774,0.47658068,0.30336323
27.969999574124813,65.44778,0.47658068,0.30336323
27.97999980300665,65.463776,0.47658068,0.3058048
27.990000031888485,65.491776,0.47658068,0.3058048
28.00000026077032,65.46777,0.47658068,0.30824634
28.010000489652157,65.46777,0.47664806,0.30824634
28.020000718533993,65.47578,0.47664806,0.30946714
28.03000094741583,65.43977,0.47664806,0.3106879
28.039999268949032,65.43977,0.4767828,0.3106879
28.049999497830868,65.463776,0.47685018,0.3119087
28.059999726712704,65.47578,0.4769849,0.3119087
28.06999995559454,65.463776,0.47705227,0.3119087
28.080000184476376,65.48378,0.47711965,0.31312945
28.09000041335821,65.507774,0.47711965,0.31435025
28.100000642240047,65.507774,0.477187,0.31435025
28.110000871121883,65.507774,0.4772544,0.315571
28.119999192655087,65.54378,0.47738913,0.315571
28.129999421536922,65.55177,0.47745648,0.3167918
28.13999965041876,65.55578,0.47759125,0.3167918
28.149999879300594,65.575775,0.47772598,0.3167918
28.16000010818243,65.603775,0.4779281,0.3167918
28.170000337064266,65.65177,0.47819757,0.315571
28.180000565946102,65.70378,0.47846708,0.315571
28.190000794827938,65.783775,0.4788039,0.31435025
28.19999911636114,65.86378,0.47920814,0.3119087
28.209999345242977,65.951775,0.4798145,0.30946714
28.219999574124813,66.091774,0.48048818,0.3058048
28.22999980300665,66.23577,0.48122925,0.30214247
28.240000031888485,66.351776,0.48197034,0.29848012
28.25000026077032,66.463776,0.48237458,0.29603857
28.260000489652157,66.507774,0.4825093,0.29603857
28.270000718533993,66.49577,0.4825093,0.29725936
28.28000094741583,66.507774,0.48257667,0.29848012
28.289999268949032,66.547775,0.48257667,0.29970092
28.299999497830868,66.55977,0.48257667,0.30092168
28.309999726712704,66.563774,0.48264405,0.30092168
28.31999995559454,66.58377,0.48264405,0.30214247
28.330000184476376,66.57977,0.48271143,0.30336323
28.34000041335821,66.547775,0.4827788,0.30336323
28.350000642240047,66.519775,0.48284617,0.30458403
28.360000871121883,66.507774,0.48284617,0.3058048
28.369999192655087,66.47578,0.48284617,0.30702558
28.379999421536922,66.479774,0.48284617,0.30824634
28.38999965041876,66.535774,0.48284617,0.30946714
28.399999879300594,66.55977,0.48291352,0.30946714
28.41000010818243,66.55577,0.48291352,0.3106879
28.420000337064266,66.54378,0.4829809,0.3119087
28.430000565946102,66.519775,0.48304826,0.3119087
28.440000794827938,66.491776,0.48311564,0.31312945
28.44999911636114,66.47578,0.48318303,0.31312945
28.459999345242977,66.491776,0.48318303,0.31435025
28.469999574124813,66.50378,0.4832504,0.315571
28.47999980300665,66.51177,0.4832504,0.3167918
28.490000031888485,66.53977,0.4832504,0.31801257
28.50000026077032,66.57178,0.48331773,0.31801257
28.510000489652157,66.55177,0.48331773,0.31923336
28.520000718533993,66.52377,0.48338512,0.32045412
28.53000094741583,66.48777,0.48338512,0.3216749
28.539999268949032,66.47578,0.48338512,0.32289568
28.549999497830868,66.47578,0.48351988,0.32289568
28.559999726712704,66.53977,0.48365462,0.32289568
28.56999995559454,66.575775,0.48372197,0.32411647
28.580000184476376,66.59577,0.48378935,0.32411647
28.59000041335821,66.63977,0.4839241,0.32533723
28.600000642240047,66.63977,0.4841262,0.32411647
28.610000871121883,66.671776,0.48446307,0.32411647
28.619999192655087,66.73977,0.48486727,0.3216749
28.629999421536922,66.84777,0.48540625,0.31923336
28.63999965041876,66.94777,0.48607996,0.315571
28.649999879300594,67.115776,0.4868884,0.3119087
28.66000010818243,67.32377,0.4878316,0.3058048
28.670000337064266,67.57977,0.48870742,0.30092168
28.680000565946102,67.69577,0.48924637,0.29848012
28.690000794827938,67.71977,0.4893811,0.29848012
28.69999911636114,67.68377,0.4893811,0.29970092
28.709999345242977,67.67977,0.4893811,0.30092168
28.719999574124813,67.65577,0.4893811,0.30214247
28.72999980300665,67.70776,0.4893811,0.30336323
28.740000031888485,67.747765,0.4893811,0.30458403
28.75000026077032,67.72777,0.4893811,0.3058048
28.760000489652157,67.73577,0.48944852,0.3058048
28.770000718533993,67.72777,0.48944852,0.30702558
28.78000094741583,67.66777,0.48951587,0.30824634
28.789999268949032,67.647766,0.48958322,0.30824634
28.799999497830868,67.647766,0.4896506,0.30946714
28.809999726712704,67.63977,0.48971796,0.30946714
28.81999995559454,67.647766,0.48985273,0.30946714
28.830000184476376,67.75577,0.48998746,0.3106879
28.84000041335821,67.83577,0.49025697,0.30946714
28.850000642240047,67.887764,0.49059382,0.30824634
28.860000871121883,67.927765,0.490998,0.30702558
28.869999192655087,68.00777,0.49160436,0.30458403
28.879999421536922,68.12777,0.4924128,0.29970092
28.88999965041876,68.32377,0.4935581,0.293597
28.899999879300594,68.60377,0.49490556,0.28505158
28.91000010818243,68.90376,0.49598345,0.27894768
28.920000337064266,69.04776,0.49658978,0.27528536
28.930000565946102,69.107765,0.49692664,0.27406457
28.940000794827938,69.163765,0.49719614,0.27406457
28.94999911636114,69.19576,0.49739823,0.2728438
28.959999345242977,69.22376,0.497533,0.2728438
28.969999574124813,69.27177,0.49773508,0.27406457
28.97999980300665,69.315765,0.49793723,0.2728438
28.990000031888485,69.35177,0.4982741,0.27162302
29.00000026077032,69.43176,0.49861094,0.27040225
29.010000489652157,69.511765,0.49901512,0.2679607
29.020000718533993,69.58376,0.49962148,0.26551914
29.03000094741583,69.71176,0.5004299,0.26063603
29.039999268949032,69.85577,0.501171,0.25697368
29.049999497830868,69.93976,0.5015079,0.25575292
29.059999726712704,69.94776,0.5015079,0.25697368
29.06999995559454,69.955765,0.5015079,0.25819448
29.080000184476376,69.97176,0.5015079,0.25941524
29.09000041335821,69.967766,0.5015079,0.26063603
29.100000642240047,69.99176,0.5015079,0.2618568
29.110000871121883,69.97576,0.5015079,0.2630776
29.119999192655087,69.97176,0.5015079,0.26429835
29.129999421536922,69.927765,0.5015079,0.26551914
29.13999965041876,69.899765,0.5015079,0.2667399
29.149999879300594,69.86376,0.5015079,0.2679607
29.16000010818243,69.815765,0.5015079,0.26918146
29.170000337064266,69.83576,0.5015079,0.27040225
29.180000565946102,69.86776,0.5015079,0.27040225
29.190000794827938,69.86776,0.5015079,0.2728438
29.19999911636114,69.86776,0.5015079,0.2728438
29.209999345242977,69.87176,0.5015079,0.27406457
29.219999574124813,69.80776,0.5015079,0.27528536
29.22999980300665,69.78376,0.5015079,0.27650613
29.240000031888485,69.775764,0.5015079,0.27772692
29.25000026077032,69.775764,0.5015079,0.27894768
29.260000489652157,69.73976,0.5015079,0.28016847
29.270000718533993,69.75576,0.5015079,0.28138924
29.28000094741583,69.775764,0.5015079,0.28261003
29.289999268949032,69.79576,0.5015079,0.2838308
29.299999497830868,69.78376,0.5015079,0.28505158
29.309999726712704,69.76376,0.5015079,0.28627235
29.31999995559454,69.72376,0.5015079,0.28749314
29.330000184476376,69.663765,0.5015079,0.2887139
29.34000041335821,69.66776,0.5015079,0.2899347
29.350000642240047,69.68376,0.5015079,0.29115546
29.360000871121883,69.68776,0.5015079,0.29237625
29.369999192655087,69.69976,0.5015079,0.29237625
29.379999421536922,69.703766,0.5015079,0.293597
29.38999965041876,69.703766,0.5015079,0.2948178
29.399999879300594,69.65576,0.5015079,0.29603857
29.41000010818243,69.63976,0.5015079,0.29725936
29.420000337064266,69.61576,0.5015079,0.29848012
29.430000565946102,69.57577,0.5015079,0.29970092
29.440000794827938,69.579765,0.5015079,0.30092168
29.44999911636114,69.61176,0.5015079,0.30214247
29.459999345242977,69.62776,0.5015079,0.30336323
29.469999574124813,69.635765,0.5015079,0.30458403
29.47999980300665,69.623764,0.5015079,0.3058048
29.490000031888485,69.59176,0.5015079,0.30702558
29.50000026077032,69.53176,0.5015079,0.30824634
29.510000489652157,69.53176,0.5015079,0.30946714
29.520000718533993,69.523766,0.5015079,0.3106879
29.53000094741583,69.52776,0.5015079,0.3119087
29.539999268949032,69.53176,0.5015079,0.31312945
29.549999497830868,69.57176,0.5015079,0.31312945
29.559999726712704,69.55976,0.5015079,0.31435025
29.56999995559454,69.54376,0.5015079,0.315571
29.580000184476376,69.53577,0.5015079,0.3167918
29.59000041335821,69.51576,0.5015079,0.31801257
29.600000642240047,69.45177,0.5015079,0.31923336
29.610000871121883,69.43976,0.5015079,0.32045412
29.619999192655087,69.45976,0.5015079,0.3216749
29.629999421536922,69.47976,0.5015079,0.32289568
29.63999965041876,69.47976,0.5015079,0.32411647
29.649999879300594,69.49976,0.5015079,0.32533723
29.66000010818243,69.495766,0.5015079,0.32655802
29.670000337064266,69.44776,0.5015079,0.3277788
29.680000565946102,69.42377,0.50157523,0.3277788
29.690000794827938,69.42377,0.50157523,0.32899958
29.69999911636114,69.40776,0.50157523,0.33022034
29.709999345242977,69.40776,0.50170994,0.33144113
29.719999574124813,69.455765,0.50177735,0.33144113
29.72999980300665,69.483765,0.5018447,0.3326619
29.740000031888485,69.49177,0.5019795,0.3326619
29.75000026077032,69.51976,0.50211424,0.3326619
29.760000489652157,69.53577,0.5022489,0.3326619
29.770000718533993,69.523766,0.50245106,0.3326619
29.78000094741583,69.54376,0.5026532,0.3326619
29.789999268949032,69.607765,0.50292265,0.33144113
29.799999497830868,69.69176,0.50332683,0.33022034
29.809999726712704,69.79576,0.5037985,0.3277788
29.81999995559454,69.95976,0.50453955,0.32411647
29.830000184476376,70.20776,0.5057522,0.3167918
29.84000041335821,70.51576,0.5072344,0.30824634
29.850000642240047,70.779755,0.50851446,0.29970092
29.860000871121883,70.919754,0.50912076,0.29725936
29.869999192655087,70.91576,0.5093229,0.29603857
29.879999421536922,70.88776,0.5093229,0.29848012
29.88999965041876,70.91176,0.5093229,0.29848012
29.899999879300594,70.96376,0.50939023,0.29970092
29.91000010818243,71.01976,0.5094576,0.29970092
29.920000337064266,71.10776,0.509525,0.30092168
29.930000565946102,71.12776,0.50959235,0.30214247
29.940000794827938,71.10376,0.5097945,0.30214247
29.94999911636114,71.07576,0.51006395,0.30092168
29.959999345242977,71.09576,0.5104008,0.29970092
29.969999574124813,71.10376,0.51087236,0.29725936
29.97999980300665,71.211754,0.5114787,0.2948178
29.990000031888485,71.41176,0.51221985,0.29115546
30.00000026077032,71.66376,0.51296085,0.28627235
30.010000489652157,71.82775,0.51349986,0.2838308
30.020000718533993,71.903755,0.5136346,0.2838308
30.03000094741583,71.87976,0.5136346,0.28505158
30.039999268949032,71.80376,0.5136346,0.28627235
30.049999497830868,71.73975,0.5136346,0.28749314
30.059999726712704,71.72775,0.5136346,0.2887139
30.06999995559454,71.73975,0.5136346,0.2899347
30.080000184476376,71.75575,0.5136346,0.29115546
30.09000041335821,71.79976,0.5136346,0.29237625
30.100000642240047,71.847755,0.5136346,0.293597
30.110000871121883,71.83976,0.5136346,0.2948178
30.119999192655087,71.779755,0.5136346,0.29603857
30.129999421536922,71.73975,0.5136346,0.29725936
30.13999965041876,71.67576,0.5136346,0.29848012
30.149999879300594,71.62776,0.5136346,0.29848012
30.16000010818243,71.63576,0.5136346,0.29970092
30.170000337064266,71.69176,0.5136346,0.30092168
30.180000565946102,71.71976,0.5136346,0.30214247
30.190000794827938,71.75976,0.5136346,0.30336323
30.19999911636114,71.763756,0.5136346,0.30458403
30.209999345242977,71.69976,0.5136346,0.3058048
30.219999574124813,71.62776,0.5136346,0.30702558
30.22999980300665,71.59176,0.5136346,0.30824634
30.240000031888485,71.57575,0.5136346,0.30946714
30.25000026077032,71.56776,0.5136346,0.3106879
30.260000489652157,71.61575,0.5136346,0.3119087
30.270000718533993,71.67175,0.5136346,0.31312945
30.28000094741583,71.683754,0.5136346,0.31435025
30.289999268949032,71.679756,0.513702,0.31435025
30.299999497830868,71.64375,0.513702,0.315571
30.309999726712704,71.57575,0.513702,0.3167918
30.31999995559454,71.50375,0.513702,0.31801257
30.330000184476376,71.50375,0.5137693,0.31923336
30.34000041335821,71.53575,0.5137693,0.31923336
30.350000642240047,71.555756,0.51383674,0.32045412
30.360000871121883,71.60375,0.51397145,0.32045412
30.369999192655087,71.683754,0.51417357,0.32045412
30.379999421536922,71.72775,0.51430833,0.32045412
30.38999965041876,71.707756,0.5145104,0.32045412
30.399999879300594,71.711754,0.5147799,0.32045412
30.41000010818243,71.71976,0.5149147,0.32045412
30.420000337064266,71.70376,0.514982,0.32045412
30.430000565946102,71.723755,0.51511675,0.3216749
30.440000794827938,71.80376,0.5151841,0.3216749
30.44999911636114,71.85976,0.5153189,0.3216749
30.459999345242977,71.91576,0.51552093,0.3216749
30.469999574124813,71.987755,0.5158578,0.3216749
30.47999980300665,72.05975,0.5163968,0.31801257
30.490000031888485,72.16376,0.51720524,0.31435025
30.50000026077032,72.31175,0.5182158,0.30824634
30.510000489652157,72.53575,0.5192937,0.30214247
30.520000718533993,72.74375,0.52023697,0.29603857
30.53000094741583,72.88375,0.5205738,0.2948178
30.539999268949032,72.931755,0.52064115,0.29603857
30.549999497830868,72.947754,0.52064115,0.29603857
30.559999726712704,72.96775,0.52064115,0.29848012
30.56999995559454,72.99575,0.52064115,0.29848012
30.580000184476376,72.99575,0.52064115,0.29970092
30.59000041335821,72.95175,0.52064115,0.30092168
30.600000642240047,72.91575,0.52064115,0.30214247
30.610000871121883,72.88776,0.52064115,0.30336323
30.619999192655087,72.87975,0.52064115,0.30458403
30.629999421536922,72.86775,0.52064115,0.3058048
30.63999965041876,72.88776,0.52064115,0.30702558
30.649999879300594,72.891754,0.52064115,0.30824634
30.66000010818243,72.88375,0.52070856,0.30946714
30.670000337064266,72.89575,0.52070856,0.30946714
30.680000565946102,72.90375,0.5207759,0.3106879
30.690000794827938,72.87575,0.5207759,0.3119087
30.69999911636114,72.83575,0.52084327,0.31312945
30.709999345242977,72.84375,0.5209106,0.31312945
30.719999574124813,72.83975,0.5210454,0.31312945
30.72999980300665,72.87575,0.5212475,0.31312945
30.740000031888485,72.959755,0.52144957,0.31312945
30.75000026077032,73.01975,0.52165174,0.31312945
30.760000489652157,73.04775,0.5218538,0.3119087
30.770000718533993,73.071754,0.52212334,0.3119087
30.78000094741583,73.13575,0.52239275,0.3106879
30.789999268949032,73.15975,0.5226623,0.3106879
30.799999497830868,73.19575,0.5229991,0.30946714
30.809999726712704,73.29975,0.52353805,0.30702558
30.81999995559454,73.40375,0.52400964,0.30458403
30.830000184476376,73.52775,0.5244813,0.30214247
30.84000041335821,73.66375,0.5250876,0.29970092
30.850000642240047,73.79975,0.5257613,0.29603857
30.860000871121883,73.91975,0.5263003,0.293597
30.869999192655087,73.94375,0.5265698,0.29237625
30.879999421536922,73.95575,0.52663714,0.293597
30.88999965041876,73.94775,0.52663714,0.2948178
30.899999879300594,73.92775,0.5267045,0.2948178
30.91000010818243,73.97575,0.5267045,0.29603857
30.920000337064266,73.99575,0.5267045,0.29725936
30.930000565946102,73.99975,0.5267045,0.29848012
30.940000794827938,74.003746,0.5267045,0.29970092
30.94999911636114,73.98375,0.5267045,0.30092168
30.959999345242977,73.94375,0.5267719,0.30214247
30.969999574124813,73.88374,0.5267719,0.30214247
30.97999980300665,73.87175,0.5267719,0.30336323
30.990000031888485,73.86775,0.5267719,0.30458403
31.00000026077032,73.87575,0.5267719,0.3058048
31.010000489652157,73.907745,0.5267719,0.30702558
31.020000718533993,73.94775,0.5267719,0.30824634
31.03000094741583,73.951744,0.52683926,0.30946714
31.039999268949032,73.91575,0.5269066,0.30946714
31.049999497830868,73.90375,0.526974,0.3106879
31.059999726712704,73.907745,0.5271088,0.3106879
31.06999995559454,73.87575,0.5271761,0.3119087
31.080000184476376,73.88374,0.52731085,0.3119087
31.09000041335821,73.91575,0.52731085,0.31312945
31.100000642240047,73.93175,0.5273782,0.31312945
31.110000871121883,73.95575,0.5274456,0.31435025
31.119999192655087,74.019745,0.52764773,0.31312945
31.129999421536922,74.04375,0.5278498,0.31312945
31.13999965041876,74.06775,0.5281867,0.3119087
31.149999879300594,74.11175,0.5285909,0.3106879
31.16000010818243,74.199745,0.52912986,0.30824634
31.170000337064266,74.323746,0.5298709,0.30458403
31.180000565946102,74.49574,0.53061205,0.29970092
31.190000794827938,74.699745,0.5313531,0.29725936
31.19999911636114,74.85974,0.5318921,0.293597
31.209999345242977,74.951744,0.5323637,0.29237625
31.219999574124813,74.991745,0.5325658,0.29115546
31.22999980300665,74.991745,0.5326331,0.29237625
31.240000031888485,74.96774,0.53270054,0.29237625
31.25000026077032,74.97174,0.53270054,0.293597
31.260000489652157,74.979744,0.53270054,0.2948178
31.270000718533993,74.95975,0.5327679,0.29603857
31.28000094741583,74.98375,0.5327679,0.29725936
31.289999268949032,74.99974,0.5327679,0.29848012
31.299999497830868,74.99974,0.5327679,0.29970092
31.309999726712704,74.96774,0.53283525,0.29970092
31.31999995559454,74.94775,0.53290266,0.30092168
31.330000184476376,74.923744,0.53290266,0.30214247
31.34000041335821,74.88774,0.53290266,0.30336323
31.350000642240047,74.89174,0.53290266,0.30336323
31.360000871121883,74.94375,0.53297,0.30458403
31.369999192655087,74.95975,0.53297,0.3058048
31.379999421536922,74.963745,0.53303736,0.30702558
31.38999965041876,74.98775,0.53303736,0.30824634
31.399999879300594,74.94775,0.5331047,0.30824634
31.41000010818243,74.91975,0.53317213,0.30946714
31.420000337064266,74.907745,0.53317213,0.3106879
31.430000565946102,74.907745,0.53330684,0.3106879
31.440000794827938,74.91975,0.53337425,0.3119087
31.44999911636114,74.951744,0.5335763,0.3119087
31.459999345242977,75.019745,0.5337111,0.3119087
31.469999574124813,75.06774,0.5339132,0.3106879
31.47999980300665,75.103745,0.53418267,0.30946714
31.490000031888485,75.18374,0.53465426,0.30824634
31.50000026077032,75.27975,0.5352606,0.30458403
31.510000489652157,75.36374,0.5360017,0.30214247
31.520000718533993,75.51574,0.5366754,0.29725936
31.53000094741583,75.671745,0.5373491,0.2948178
31.539999268949032,75.80374,0.5379554,0.29115546
31.549999497830868,75.93574,0.538427,0.2887139
31.559999726712704,76.01974,0.5386965,0.2887139
31.56999995559454,76.05174,0.5387639,0.2887139
31.580000184476376,76.02774,0.5387639,0.2899347
31.59000041335821,76.02374,0.5387639,0.29115546
31.600000642240047,76.01574,0.5387639,0.29237625
31.610000871121883,75.98774,0.5387639,0.293597
31.619999192655087,75.98374,0.5387639,0.2948178
31.629999421536922,75.99574,0.53883123,0.29603857
31.63999965041876,76.01174,0.5388986,0.29603857
31.649999879300594,75.991745,0.538966,0.29725936
31.66000010818243,75.99974,0.538966,0.29848012
31.670000337064266,75.98774,0.538966,0.29848012
31.680000565946102,75.93574,0.53903335,0.29970092
31.690000794827938,75.93974,0.53903335,0.30092168
31.69999911636114,75.95574,0.53903335,0.30214247
31.709999345242977,75.95975,0.53903335,0.30336323
31.719999574124813,75.963745,0.53910077,0.30336323
31.72999980300665,75.97574,0.53910077,0.30458403
31.740000031888485,75.96774,0.5391681,0.3058048
31.75000026077032,75.93174,0.5391681,0.30702558
31.760000489652157,75.93174,0.5391681,0.30824634
31.770000718533993,75.93974,0.5392355,0.30824634
31.78000094741583,75.91975,0.5393029,0.30946714
31.789999268949032,75.923744,0.5393029,0.3106879
31.799999497830868,75.94774,0.5393702,0.3119087
31.809999726712704,75.94774,0.5394376,0.3119087
31.81999995559454,75.96774,0.53957236,0.3119087
31.830000184476376,75.99574,0.5397745,0.3119087
31.84000041335821,76.01174,0.5399092,0.3119087
31.850000642240047,76.00774,0.5400439,0.3119087
31.860000871121883,76.04374,0.54024607,0.3119087
31.869999192655087,76.075745,0.5404481,0.3119087
31.879999421536922,76.11174,0.540785,0.3106879
31.89000155776739,76.20374,0.54118925,0.30946714
31.899999879300594,76.34774,0.54179555,0.3058048
31.909998200833797,76.48774,0.5424019,0.30336323
31.920000337064266,76.591736,0.54307556,0.29970092
31.92999865859747,76.72774,0.54361457,0.29725936
31.940000794827938,76.81974,0.5440862,0.2948178
31.94999911636114,76.85974,0.5444904,0.293597
31.96000125259161,76.911736,0.5446925,0.29237625
31.969999574124813,76.96774,0.54475987,0.293597
31.980001710355282,76.97974,0.54475987,0.2948178
31.990000031888485,76.995735,0.5448272,0.29603857
31.999998353421688,77.035736,0.5448272,0.29603857
32.01000048965216,77.04374,0.5448272,0.29848012
32.01999881118536,76.99974,0.5448272,0.29848012
32.03000094741583,76.94774,0.5448272,0.29970092
32.03999926894903,76.94374,0.54489464,0.30092168
32.0500014051795,76.89574,0.54489464,0.30214247
32.059999726712704,76.88774,0.54489464,0.30336323
32.07000186294317,76.89574,0.54489464,0.30336323
32.080000184476376,76.93174,0.544962,0.30458403
32.08999850600958,76.911736,0.544962,0.3058048
32.10000064224005,76.939735,0.544962,0.30702558
32.10999896377325,76.94374,0.544962,0.30824634
32.12000110000372,76.89974,0.5450294,0.30946714
32.12999942153692,76.871735,0.5450294,0.30946714
32.14000155776739,76.855736,0.54509676,0.3106879
32.149999879300594,76.86774,0.5451641,0.3119087
32.1599982008338,76.871735,0.5451641,0.31312945
32.170000337064266,76.911736,0.54523146,0.31312945
32.17999865859747,76.92374,0.5452988,0.31435025
32.19000079482794,76.91974,0.5453662,0.31435025
32.19999911636114,76.91974,0.5453662,0.315571
32.21000125259161,76.91573,0.5454336,0.3167918
32.21999957412481,76.89174,0.54556835,0.31801257
32.23000171035528,76.87574,0.5456357,0.31801257
32.240000031888485,76.911736,0.5457704,0.31801257
32.24999835342169,76.92774,0.5459052,0.31801257
32.26000048965216,76.96774,0.54603994,0.31801257
32.26999881118536,77.01974,0.5461747,0.31801257
32.28000094741583,77.04374,0.546242,0.31923336
32.28999926894903,77.03974,0.5463094,0.31923336
32.3000014051795,77.01174,0.5463094,0.32045412
32.309999726712704,77.00374,0.54637676,0.3216749
32.32000186294317,77.00374,0.54637676,0.32289568
32.330000184476376,76.97174,0.54637676,0.32411647
32.33999850600958,77.01974,0.5464441,0.32411647
32.35000064224005,77.05974,0.54651153,0.32533723
32.35999896377325,77.03974,0.54651153,0.32655802
32.37000110000372,77.035736,0.5465789,0.3277788
32.37999942153692,77.035736,0.5465789,0.3277788
32.39000155776739,77.03174,0.546781,0.3277788
32.399999879300594,77.04774,0.5470505,0.3277788
32.4099982008338,77.12774,0.5473873,0.32655802
32.420000337064266,77.22774,0.5478589,0.32411647
32.42999865859747,77.327736,0.54846525,0.32045412
32.44000079482794,77.49174,0.5492064,0.31801257
32.44999911636114,77.67173,0.5499474,0.31312945
32.46000125259161,77.84773,0.55062115,0.30946714
32.46999957412481,77.91973,0.5510927,0.30702558
32.48000171035528,77.967735,0.55129486,0.30702558
32.490000031888485,77.95973,0.55129486,0.30824634
32.49999835342169,77.927734,0.55129486,0.30946714
32.51000048965216,77.96373,0.55129486,0.3106879
32.51999881118536,78.00774,0.55129486,0.3119087
32.53000094741583,78.00774,0.55129486,0.31312945
32.53999926894903,78.023735,0.55129486,0.31435025
32.5500014051795,77.99973,0.5513622,0.31435025
32.559999726712704,77.95174,0.5513622,0.315571
32.57000186294317,77.911736,0.5513622,0.3167918
32.580000184476376,77.88773,0.5513622,0.31801257
32.58999850600958,77.87974,0.5514296,0.31923336
32.60000064224005,77.86373,0.551497,0.31923336
32.60999896377325,77.91973,0.551497,0.32045412
32.62000110000372,77.955734,0.5515643,0.3216749
32.62999942153692,77.95973,0.5516317,0.3216749
32.64000155776739,77.955734,0.5516317,0.32289568
32.649999879300594,77.93173,0.5516317,0.32411647
32.6599982008338,77.89173,0.55169904,0.32533723
32.670000337064266,77.85173,0.55176646,0.32533723
32.67999865859747,77.89173,0.5518338,0.32655802
32.69000079482794,77.94373,0.5520359,0.32655802
32.69999911636114,77.99173,0.55223805,0.32533723
32.71000125259161,78.051735,0.55244017,0.32533723
32.71999957412481,78.10373,0.55257493,0.32533723
32.73000171035528,78.11573,0.552777,0.32533723
32.740000031888485,78.119736,0.55291176,0.32533723
32.74999835342169,78.12373,0.5531138,0.32533723
32.76000048965216,78.147736,0.55331594,0.32533723
32.76999881118536,78.15573,0.5535181,0.32533723
32.78000094741583,78.23973,0.5537875,0.32411647
32.78999926894903,78.371735,0.5542591,0.32289568
32.8000014051795,78.483734,0.5547981,0.32045412
32.809999726712704,78.60773,0.5553371,0.31801257
32.82000186294317,78.69574,0.55580866,0.315571
32.830000184476376,78.75573,0.5562803,0.31312945
32.83999850600958,78.79573,0.5566845,0.3119087
32.85000064224005,78.87173,0.55695397,0.3106879
32.85999896377325,78.92373,0.5571561,0.3106879
32.87000110000372,78.94373,0.5572235,0.3106879
32.87999942153692,78.96773,0.5572235,0.3119087
32.89000155776739,79.011734,0.5572235,0.31312945
32.899999879300594,79.011734,0.5572235,0.31435025
32.9099982008338,79.00373,0.5572235,0.315571
32.920000337064266,78.97572,0.5572235,0.3167918
32.92999865859747,78.927734,0.5572235,0.31801257
32.94000079482794,78.87173,0.5572235,0.31923336
32.94999911636114,78.87573,0.5572235,0.32045412
32.96000125259161,78.89573,0.5572235,0.3216749
32.96999957412481,78.89973,0.5572235,0.32289568
32.98000171035528,78.90373,0.5572235,0.32411647
32.990000031888485,78.91973,0.55729085,0.32411647
32.99999835342169,78.91173,0.55729085,0.32533723
33.01000048965216,78.87974,0.5573582,0.32655802
33.01999881118536,78.87173,0.55742556,0.32655802
33.03000094741583,78.827736,0.55742556,0.3277788
33.03999926894903,78.80373,0.55742556,0.32899958
33.0500014051795,78.81973,0.5574929,0.33022034
33.059999726712704,78.87173,0.5575603,0.33022034
33.07000186294317,78.90373,0.5576277,0.33144113
33.080000184476376,78.93173,0.5576951,0.33144113
33.08999850600958,78.95173,0.55782986,0.3326619
33.10000064224005,78.91973,0.55789715,0.3326619
33.10999896377325,78.88373,0.5579645,0.3338827
33.12000110000372,78.90373,0.55823404,0.3326619
33.12999942153692,78.99173,0.55857086,0.33144113
33.14000155776739,79.07173,0.55904245,0.32899958
33.149999879300594,79.22773,0.55971617,0.32655802
33.1599982008338,79.443726,0.560592,0.3216749
33.170000337064266,79.65572,0.56166995,0.315571
33.17999865859747,79.88773,0.56281525,0.30824634
33.19000079482794,80.15973,0.5640953,0.30092168
33.19999911636114,80.347725,0.5649711,0.29603857
33.21000125259161,80.42773,0.5655101,0.293597
33.21999957412481,80.46372,0.56577957,0.29237625
33.23000171035528,80.543724,0.56604904,0.29237625
33.240000031888485,80.61973,0.56625116,0.29237625
33.24999835342169,80.71572,0.5664532,0.29115546
33.26000048965216,80.807724,0.56672275,0.2899347
33.26999881118536,80.85972,0.5669922,0.2899347
33.28000094741583,80.875725,0.5673291,0.2887139
33.28999926894903,80.915726,0.56766593,0.28749314
33.3000014051795,80.95572,0.5681375,0.28627235
33.309999726712704,81.00373,0.5686091,0.2838308
33.32000186294317,81.11572,0.5690807,0.28138924
33.330000184476376,81.251724,0.56961966,0.27894768
33.33999850600958,81.363716,0.5698892,0.27772692
33.35000064224005,81.41972,0.5698892,0.27894768
33.35999896377325,81.42372,0.56995654,0.28016847
33.37000110000372,81.40372,0.56995654,0.28016847
33.37999942153692,81.347725,0.56995654,0.28261003
33.39000155776739,81.29972,0.56995654,0.28261003
33.399999879300594,81.28372,0.57002395,0.2838308
33.4099982008338,81.25972,0.57002395,0.28505158
33.420000337064266,81.29972,0.57002395,0.28627235
33.42999865859747,81.31172,0.57002395,0.28749314
33.44000079482794,81.331726,0.57002395,0.2887139
33.44999911636114,81.31172,0.57002395,0.2899347
33.46000125259161,81.29972,0.57009125,0.2899347
33.46999957412481,81.263725,0.57009125,0.29115546
33.48000171035528,81.21172,0.57009125,0.29237625
33.490000031888485,81.19972,0.57009125,0.293597
33.49999835342169,81.19172,0.57009125,0.2948178
33.51000048965216,81.20373,0.57009125,0.29603857
33.51999881118536,81.22773,0.57015866,0.29603857
33.53000094741583,81.25972,0.57015866,0.29848012
33.53999926894903,81.25573,0.570226,0.29848012
33.5500014051795,81.21972,0.57029337,0.29970092
33.559999726712704,81.19172,0.57029337,0.29970092
33.57000186294317,81.17172,0.57029337,0.30214247
33.580000184476376,81.14773,0.5703608,0.30214247
33.58999850600958,81.16373,0.57042813,0.30214247
33.60000064224005,81.18773,0.57049555,0.30336323
33.60999896377325,81.19972,0.57049555,0.30458403
33.62000110000372,81.21573,0.5705629,0.3058048
33.62999942153692,81.251724,0.57063025,0.3058048
33.64000155776739,81.24772,0.57063025,0.30702558
33.649999879300594,81.20772,0.5706976,0.30824634
33.6599982008338,81.17172,0.57076496,0.30824634
33.670000337064266,81.17172,0.57076496,0.30946714
33.67999865859747,81.17972,0.5708324,0.3106879
33.69000079482794,81.17172,0.5708324,0.3119087
33.69999911636114,81.21573,0.5708324,0.31312945
33.71000125259161,81.21573,0.5708324,0.31312945
33.71999957412481,81.195724,0.5708997,0.31435025
33.73000171035528,81.18773,0.57096714,0.315571
33.740000031888485,81.18773,0.5710345,0.315571
33.74999835342169,81.15973,0.5710345,0.3167918
33.76000048965216,81.14773,0.57110184,0.31801257
33.76999881118536,81.15973,0.5711692,0.31801257
33.78000094741583,81.18372,0.5713713,0.31801257
33.78999926894903,81.23972,0.57157344,0.31801257
33.8000014051795,81.32772,0.5718429,0.31801257
33.809999726712704,81.415726,0.57224715,0.315571
33.82000186294317,81.459724,0.57271874,0.31312945
33.830000184476376,81.575714,0.57339245,0.3106879
33.83999850600958,81.72772,0.5742009,0.3058048
33.85000064224005,81.907715,0.5751441,0.29970092
33.85999896377325,82.11572,0.57615465,0.2948178
33.87000110000372,82.33572,0.57682836,0.29115546
33.87999942153692,82.41171,0.57709783,0.2899347
33.89000155776739,82.41572,0.57709783,0.29115546
33.899999879300594,82.40772,0.57709783,0.29237625
33.9099982008338,82.43172,0.57709783,0.293597
33.920000337064266,82.42372,0.5771652,0.293597
33.92999865859747,82.42772,0.5771652,0.29603857
33.94000079482794,82.43172,0.5771652,0.29603857
33.94999911636114,82.39172,0.5771652,0.29848012
33.96000125259161,82.34373,0.5771652,0.29848012
33.96999957412481,82.35572,0.5772326,0.29970092
33.98000171035528,82.34772,0.5772326,0.30092168
33.990000031888485,82.30772,0.5772326,0.30214247
33.99999835342169,82.31972,0.5772326,0.30336323
34.01000048965216,82.34373,0.57729995,0.30336323
34.01999881118536,82.33572,0.57729995,0.30458403
34.03000094741583,82.31172,0.57736737,0.3058048
34.03999926894903,82.34772,0.57736737,0.30702558
34.0500014051795,82.32772,0.577502,0.30702558
34.059999726712704,82.31172,0.5775694,0.30824634
34.07000186294317,82.30373,0.5775694,0.30824634
34.080000184476376,82.31972,0.5777042,0.30946714
34.08999850600958,82.32772,0.5777042,0.30946714
34.10000064224005,82.33572,0.57777154,0.3106879
34.10999896377325,82.38372,0.57797366,0.3106879
34.12000110000372,82.40772,0.5781084,0.3106879
34.12999942153692,82.41572,0.57824314,0.3106879
34.14000155776739,82.45171,0.5783779,0.3119087
34.149999879300594,82.47172,0.57857996,0.3119087
34.1599982008338,82.48372,0.5788495,0.30946714
34.170000337064266,82.55172,0.5793211,0.30824634
34.17999865859747,82.69572,0.57992744,0.3058048
34.19000079482794,82.85572,0.58060116,0.30214247
34.19999911636114,83.01572,0.58134216,0.29725936
34.21000125259161,83.17572,0.58201593,0.293597
34.21999957412481,83.267715,0.5824201,0.29237625
34.23000171035528,83.24771,0.5824201,0.293597
34.240000031888485,83.255714,0.5824875,0.293597
34.24999835342169,83.239716,0.5824875,0.29603857
34.26000048965216,83.24372,0.5824875,0.29603857
34.26999881118536,83.27172,0.5824875,0.29848012
34.28000094741583,83.29972,0.5824875,0.29848012
34.28999926894903,83.28771,0.5824875,0.29970092
34.3000014051795,83.255714,0.5824875,0.30092168
34.309999726712704,83.25172,0.5825549,0.30214247
34.32000186294317,83.211716,0.5825549,0.30336323
34.330000184476376,83.15172,0.5825549,0.30458403
34.33999850600958,83.15172,0.5825549,0.3058048
34.35000064224005,83.17572,0.5825549,0.3058048
34.35999896377325,83.19172,0.5825549,0.30824634
34.37000110000372,83.18771,0.5825549,0.30824634
34.37999942153692,83.20771,0.5825549,0.30946714
34.39000155776739,83.20771,0.5825549,0.3106879
34.399999879300594,83.12372,0.58262223,0.3119087
34.4099982008338,83.10772,0.58262223,0.31312945
34.420000337064266,83.103714,0.58262223,0.31435025
34.42999865859747,83.09171,0.58268964,0.31435025
34.44000079482794,83.115715,0.582757,0.315571
34.44999911636114,83.13572,0.582757,0.3167918
34.46000125259161,83.15172,0.582757,0.31801257
34.46999957412481,83.14772,0.58282435,0.31801257
34.48000171035528,83.13572,0.58282435,0.31923336
34.490000031888485,83.11971,0.58282435,0.32045412
34.49999835342169,83.06772,0.5828917,0.3216749
34.51000048965216,83.05972,0.5828917,0.32289568
34.51999881118536,83.07172,0.58295906,0.32411647
34.53000094741583,83.08772,0.58302647,0.32411647
34.53999926894903,83.115715,0.58302647,0.32533723
34.5500014051795,83.14772,0.58302647,0.32655802
34.559999726712704,83.12372,0.58302647,0.3277788
34.57000186294317,83.08372,0.5830938,0.3277788
34.580000184476376,83.099724,0.5832286,0.3277788
34.58999850600958,83.09171,0.5833633,0.32899958
34.60000064224005,83.09171,0.58343065,0.32899958
34.60999896377325,83.09171,0.58349806,0.33022034
34.62000110000372,83.131714,0.5835654,0.33022034
34.62999942153692,83.15172,0.5836328,0.33144113
34.64000155776739,83.16372,0.5837676,0.33144113
34.649999879300594,83.20372,0.58383495,0.3326619
34.6599982008338,83.239716,0.58396965,0.3326619
34.670000337064266,83.19572,0.5841044,0.3326619
34.67999865859747,83.227715,0.58430654,0.3326619
34.69000079482794,83.28771,0.584576,0.33144113
34.69999911636114,83.35172,0.5850476,0.33022034
34.71000125259161,83.47172,0.58558655,0.3277788
34.71999957412481,83.63972,0.58626026,0.32411647
34.73000171035528,83.811714,0.5870687,0.31923336
34.740000031888485,83.97172,0.5878098,0.315571
34.74999835342169,84.13572,0.5886183,0.3106879
34.76000048965216,84.27171,0.58929193,0.30824634
34.76999881118536,84.33172,0.5896288,0.3058048
34.78000094741583,84.34772,0.5897635,0.3058048
34.78999926894903,84.35171,0.5897635,0.30702558
34.8000014051795,84.379715,0.5898309,0.30824634
34.809999726712704,84.41571,0.5898309,0.30946714
34.82000186294317,84.447716,0.5898309,0.3106879
34.830000184476376,84.463715,0.5898983,0.3106879
34.83999850600958,84.42371,0.5898983,0.3119087
34.85000064224005,84.38772,0.59003305,0.3119087
34.85999896377325,84.38371,0.5901678,0.31312945
34.87000110000372,84.39571,0.5902351,0.31312945
34.87999942153692,84.367714,0.59030247,0.31435025
34.89000155776739,84.39972,0.5903699,0.31435025
34.899999879300594,84.43171,0.5903699,0.315571
34.9099982008338,84.45571,0.59043723,0.3167918
34.920000337064266,84.47971,0.59050465,0.3167918
34.92999865859747,84.48771,0.590572,0.31801257
34.94000079482794,84.45171,0.59063935,0.31801257
34.94999911636114,84.41571,0.59077406,0.31923336
34.96000125259161,84.44371,0.59097624,0.31801257
34.96999957412481,84.45971,0.59111094,0.31923336
34.98000171035528,84.51171,0.5913804,0.31801257
34.990000031888485,84.60771,0.59158254,0.31801257
34.99999835342169,84.68771,0.591852,0.3167918
35.01000048965216,84.70371,0.5920541,0.3167918
35.01999881118536,84.75171,0.5922563,0.3167918
35.03000094741583,84.80371,0.5925257,0.315571
35.03999926894903,84.811714,0.59279525,0.315571
35.0500014051795,84.83572,0.5931321,0.31435025
35.059999726712704,84.91971,0.5934689,0.31312945
35.07000186294317,85.00371,0.5939405,0.3119087
35.080000184476376,85.13171,0.59454685,0.30824634
35.08999850600958,85.30771,0.59522057,0.30458403
35.10000064224005,85.45571,0.59569216,0.30214247
35.10999896377325,85.507706,0.59602904,0.30092168
35.12000110000372,85.51971,0.5962985,0.29970092
35.12999942153692,85.5557,0.596568,0.29970092
35.14000155776739,85.60371,0.5969049,0.29848012
35.149999879300594,85.64771,0.5971743,0.29725936
35.1599982008338,85.727715,0.59737647,0.29725936
35.170000337064266,85.8077,0.5975786,0.29725936
35.17999865859747,85.83971,0.59778064,0.29725936
35.19000079482794,85.8877,0.5980502,0.29603857
35.19999911636114,85.97571,0.59852177,0.2948178
35.21000125259161,86.03171,0.59899336,0.29237625
35.21999957412481,86.10371,0.59946495,0.2899347
35.23000171035528,86.19971,0.59993654,0.2887139
35.240000031888485,86.27171,0.6003407,0.28627235
35.24999835342169,86.3397,0.60061026,0.28505158
35.26000048965216,86.44371,0.60087967,0.28505158
35.26999881118536,86.49171,0.60108185,0.2838308
35.28000094741583,86.4877,0.6012166,0.28505158
35.28999926894903,86.49171,0.60128397,0.28505158
35.3000014051795,86.507706,0.60128397,0.28627235
35.309999726712704,86.479706,0.60135126,0.28749314
35.32000186294317,86.451706,0.60135126,0.2887139
35.330000184476376,86.4477,0.60135126,0.2899347
35.33999850600958,86.439705,0.60135126,0.2899347
35.35000064224005,86.4197,0.60135126,0.29237625
35.35999896377325,86.439705,0.60135126,0.29237625
35.37000110000372,86.467705,0.60135126,0.293597
35.37999942153692,86.42771,0.60135126,0.2948178
35.39000155776739,86.3797,0.60135126,0.29603857
35.399999879300594,86.371704,0.60135126,0.29725936
35.4099982008338,86.355705,0.60135126,0.29848012
35.420000337064266,86.327705,0.60135126,0.29970092
35.42999865859747,86.3397,0.60135126,0.30092168
35.44000079482794,86.35971,0.60135126,0.30214247
35.44999911636114,86.3317,0.60135126,0.30336323
35.46000125259161,86.32371,0.60135126,0.30458403
35.46999957412481,86.315704,0.60135126,0.3058048
35.48000171035528,86.29171,0.60135126,0.30702558
35.490000031888485,86.27971,0.6014187,0.30824634
35.49999835342169,86.2757,0.6014187,0.30824634
35.51000048965216,86.259705,0.6014187,0.30946714
35.51999881118536,86.25571,0.601486,0.3106879
35.53000094741583,86.3037,0.6016208,0.3106879
35.53999926894903,86.3397,0.60168815,0.3119087
35.5500014051795,86.31971,0.60168815,0.3119087
35.559999726712704,86.29171,0.60168815,0.31312945
35.57000186294317,86.2757,0.60175556,0.31435025
35.580000184476376,86.25571,0.60175556,0.315571
35.58999850600958,86.24371,0.6018229,0.315571
35.60000064224005,86.2637,0.6018229,0.31801257
35.60999896377325,86.287704,0.6018229,0.31801257
35.62000110000372,86.2637,0.60189027,0.31923336
35.62999942153692,86.25171,0.60189027,0.32045412
35.64000155776739,86.2757,0.6019576,0.3216749
35.649999879300594,86.27971,0.6019576,0.3216749
35.6599982008338,86.2477,0.60202503,0.32289568
35.670000337064266,86.2357,0.60202503,0.32411647
35.67999865859747,86.2357,0.6020924,0.32533723
35.69000079482794,86.215706,0.60215974,0.32533723
35.69999911636114,86.24371,0.60222715,0.32533723
35.71000125259161,86.28371,0.6022945,0.32655802
35.71999957412481,86.299706,0.6024966,0.32655802
35.73000171035528,86.31971,0.60263133,0.32655802
35.740000031888485,86.3517,0.60290086,0.32655802
35.74999835342169,86.399704,0.60317034,0.32533723
35.76000048965216,86.451706,0.6035745,0.32411647
35.76999881118536,86.551704,0.6040461,0.3216749
35.78000094741583,86.69571,0.6047198,0.31801257
35.78999926894903,86.8477,0.60546094,0.31435025
35.8000014051795,87.0397,0.60626936,0.30946714
35.809999726712704,87.2477,0.60721254,0.30458403
35.82000186294317,87.43571,0.6080884,0.29970092
35.830000184476376,87.54371,0.60855997,0.29725936
35.83999850600958,87.591705,0.60882944,0.29603857
35.85000064224005,87.5957,0.60882944,0.29848012
35.85999896377325,87.591705,0.6088968,0.29848012
35.87000110000372,87.6237,0.6089642,0.29970092
35.87999942153692,87.707695,0.609099,0.29970092
35.89000155776739,87.7317,0.60923374,0.29970092
35.899999879300594,87.7317,0.6093684,0.29970092
35.9099982008338,87.747696,0.6094358,0.29970092
35.920000337064266,87.719696,0.60957056,0.30092168
35.92999865859747,87.679695,0.6097053,0.30092168
35.94000079482794,87.6997,0.6097727,0.30214247
35.94999911636114,87.72771,0.6099074,0.30214247
35.96000125259161,87.7637,0.6101095,0.30214247
35.96999957412481,87.82371,0.610379,0.30092168
35.98000171035528,87.9517,0.61071587,0.29970092
35.990000031888485,88.0317,0.61112005,0.29848012
35.99999835342169,88.0837,0.6115243,0.29603857
36.01000048965216,88.1357,0.61186117,0.2948178
36.01999881118536,88.1517,0.61213064,0.2948178
36.03000094741583,88.163704,0.6124675,0.293597
36.03999926894903,88.2477,0.61280435,0.29237625
36.0500014051795,88.359695,0.6131412,0.29115546
36.059999726712704,88.4197,0.6133433,0.29115546
36.07000186294317,88.4477,0.6134107,0.29115546
36.080000184476376,88.4597,0.6134107,0.29237625
36.08999850600958,88.455696,0.61347806,0.293597
36.10000064224005,88.40771,0.61347806,0.293597
36.10999896377325,88.3797,0.61347806,0.29603857
36.12000110000372,88.359695,0.61347806,0.29603857
36.12999942153692,88.3237,0.61347806,0.29848012
36.14000155776739,88.3437,0.61347806,0.29848012
36.149999879300594,88.387695,0.61347806,0.29970092
36.1599982008338,88.3917,0.6135454,0.30092168
36.170000337064266,88.3717,0.6135454,0.30214247
36.17999865859747,88.3397,0.6135454,0.30336323
36.19000079482794,88.3117,0.6135454,0.30458403
36.19999911636114,88.2717,0.6135454,0.3058048
36.21000125259161,88.2557,0.6135454,0.30702558
36.21999957412481,88.2837,0.6135454,0.30824634
36.23000171035528,88.2477,0.6135454,0.30946714
36.240000031888485,88.263695,0.6135454,0.30946714
36.24999835342169,88.299706,0.6136128,0.3106879
36.26000048965216,88.3077,0.6136128,0.3119087
36.26999881118536,88.275696,0.6136128,0.31312945
36.28000094741583,88.2397,0.6136128,0.31435025
36.28999926894903,88.1997,0.6136801,0.315571
36.3000014051795,88.1517,0.6136801,0.315571
36.309999726712704,88.18369,0.61374754,0.3167918
36.32000186294317,88.2397,0.6138149,0.31801257
36.330000184476376,88.263695,0.6138823,0.31801257
36.33999850600958,88.2717,0.6138823,0.31923336
36.35000064224005,88.2797,0.614017,0.31923336
36.35999896377325,88.287704,0.6141517,0.31923336
36.37000110000372,88.2677,0.6142865,0.31923336
36.37999942153692,88.259705,0.6142865,0.3216749
36.39000155776739,88.2837,0.6143539,0.3216749
36.399999879300594,88.2837,0.6144886,0.3216749
36.4099982008338,88.3157,0.614556,0.32289568
36.420000337064266,88.3437,0.6146233,0.32411647
36.42999865859747,88.36771,0.6146907,0.32411647
36.44000079482794,88.3757,0.6147581,0.32533723
36.44999911636114,88.3717,0.61489284,0.32533723
36.46000125259161,88.3757,0.6150276,0.32533723
36.46999957412481,88.3557,0.6151623,0.32533723
36.48000171035528,88.3637,0.615297,0.32533723
36.490000031888485,88.40771,0.6154992,0.32533723
36.49999835342169,88.4597,0.61570126,0.32533723
36.51000048965216,88.5317,0.61603814,0.32411647
36.51999881118536,88.623695,0.61637497,0.32289568
36.53000094741583,88.719696,0.6167792,0.3216749
36.53999926894903,88.79569,0.61731815,0.31801257
36.5500014051795,88.9197,0.61799186,0.315571
36.559999726712704,89.067696,0.6186656,0.3119087
36.57000186294317,89.195694,0.61933935,0.30824634
36.580000184476376,89.3357,0.6199456,0.30458403
36.58999850600958,89.443695,0.62028253,0.30458403
36.60000064224005,89.4917,0.6203499,0.30458403
36.60999896377325,89.4957,0.6203499,0.3058048
36.62000110000372,89.48769,0.62041724,0.3058048
36.62999942153692,89.5077,0.6204846,0.30702558
36.64000155776739,89.499695,0.62055194,0.30824634
36.649999879300594,89.4677,0.62055194,0.30824634
36.6599982008338,89.471695,0.62061936,0.30946714
36.670000337064266,89.459694,0.62061936,0.3106879
36.67999865859747,89.443695,0.6206867,0.3119087
36.69000079482794,89.4517,0.6206867,0.3119087
36.69999911636114,89.48369,0.6207541,0.31312945
36.71000125259161,89.47569,0.6207541,0.31435025
36.71999957412481,89.47569,0.6208215,0.315571
36.73000171035528,89.471695,0.6208215,0.315571
36.740000031888485,89.43569,0.6208215,0.31801257
36.74999835342169,89.387695,0.6208215,0.31801257
36.76000048965216,89.4117,0.6208888,0.31923336
36.76999881118536,89.443695,0.62102354,0.31923336
36.78000094741583,89.44769,0.62109095,0.32045412
36.78999926894903,89.48369,0.62122566,0.32045412
36.8000014051795,89.50369,0.62129307,0.3216749
36.809999726712704,89.4797,0.6213604,0.3216749
36.82000186294317,89.4797,0.62142783,0.32289568
36.830000184476376,89.511696,0.62156254,0.32289568
36.83999850600958,89.5077,0.62169725,0.32289568
36.85000064224005,89.499695,0.62176466,0.32411647
36.85999896377325,89.5357,0.621832,0.32411647
36.87000110000372,89.5597,0.62203413,0.32411647
36.87999942153692,89.611694,0.6223036,0.32289568
36.89000155776739,89.68769,0.62264043,0.3216749
36.899999879300594,89.7837,0.623112,0.31923336
36.9099982008338,89.86369,0.6237184,0.31801257
36.920000337064266,89.9957,0.62432474,0.31312945
36.92999865859747,90.16369,0.6251332,0.30946714
36.94000079482794,90.35969,0.62594163,0.30458403
36.94999911636114,90.50369,0.62668276,0.30092168
36.96000125259161,90.63169,0.62708694,0.29970092
36.96999957412481,90.67169,0.6272217,0.29970092
36.98000171035528,90.63969,0.6272217,0.30092168
36.990000031888485,90.62769,0.6272217,0.30214247
36.99999835342169,90.64369,0.6272217,0.30336323
37.01000048965216,90.66769,0.6272217,0.30458403
37.01999881118536,90.63969,0.62728906,0.30458403
37.03000094741583,90.64369,0.62728906,0.3058048
37.03999926894903,90.63169,0.62728906,0.30702558
37.0500014051795,90.58769,0.62728906,0.30824634
37.059999726712704,90.583694,0.6273564,0.30946714
37.07000186294317,90.59169,0.6273564,0.30946714
37.080000184476376,90.56369,0.62742376,0.3106879
37.08999850600958,90.55969,0.62742376,0.3119087
37.10000064224005,90.5797,0.6274912,0.31312945
37.10999896377325,90.61169,0.6275585,0.31312945
37.12000110000372,90.61969,0.62776065,0.31312945
37.12999942153692,90.67969,0.6280975,0.3119087
37.14000155776739,90.77169,0.6286365,0.30946714
37.149999879300594,90.847694,0.62924284,0.3058048
37.1599982008338,91.01969,0.63005126,0.30214247
37.170000337064266,91.22769,0.63112915,0.29603857
37.17999865859747,91.531685,0.6324766,0.2887139
37.19000079482794,91.807686,0.6336892,0.28016847
37.19999911636114,91.99569,0.63443035,0.27650613
37.21000125259161,92.13569,0.63490194,0.27406457
37.21999957412481,92.18769,0.6352388,0.2728438
37.23000171035528,92.251686,0.63557565,0.27162302
37.240000031888485,92.31569,0.6359125,0.27040225
37.24999835342169,92.37169,0.63624936,0.27040225
37.26000048965216,92.45568,0.6366536,0.2679607
37.26999881118536,92.56368,0.6371252,0.26551914
37.28000094741583,92.71568,0.63773155,0.2630776
37.28999926894903,92.82768,0.63847256,0.25941524
37.3000014051795,92.93968,0.63901156,0.25575292
37.309999726712704,92.963684,0.6392137,0.25575292
37.32000186294317,92.935684,0.6392137,0.25697368
37.330000184476376,92.93169,0.6392137,0.25819448
37.33999850600958,92.963684,0.6392137,0.25941524
37.35000064224005,92.97968,0.6392137,0.26063603
37.35999896377325,92.975685,0.6392137,0.2618568
37.37000110000372,92.975685,0.6392137,0.2630776
37.37999942153692,92.95569,0.6392137,0.26429835
37.39000155776739,92.89568,0.6392137,0.26551914
37.399999879300594,92.851685,0.6392137,0.2667399
37.4099982008338,92.83168,0.6392137,0.2667399
37.420000337064266,92.779686,0.6392137,0.2679607
37.42999865859747,92.779686,0.6392137,0.26918146
37.44000079482794,92.835686,0.6392137,0.27040225
37.44999911636114,92.84368,0.6392137,0.27162302
37.46000125259161,92.839676,0.6392137,0.2728438
37.46999957412481,92.81169,0.6392137,0.27406457
37.48000171035528,92.77169,0.6392137,0.27528536
37.490000031888485,92.70369,0.6392137,0.27650613
37.49999835342169,92.65568,0.6392137,0.27772692
37.51000048965216,92.66768,0.6392137,0.27894768
37.51999881118536,92.67969,0.6392137,0.28016847
37.53000094741583,92.69568,0.6392137,0.28138924
37.53999926894903,92.71568,0.6392137,0.28261003
37.5500014051795,92.711685,0.6392137,0.2838308
37.559999726712704,92.66768,0.6392137,0.28505158
37.57000186294317,92.643684,0.6392137,0.28627235
37.580000184476376,92.61169,0.6392137,0.28749314
37.58999850600958,92.55969,0.6392137,0.2887139
37.60000064224005,92.52769,0.6392137,0.2887139
37.60999896377325,92.571686,0.6392137,0.2899347
37.62000110000372,92.59569,0.6392137,0.29115546
37.62999942153692,92.60368,0.6392137,0.29237625
37.64000155776739,92.59569,0.6392137,0.293597
37.649999879300594,92.55569,0.6392137,0.2948178
37.6599982008338,92.49969,0.6392137,0.29603857
37.670000337064266,92.46769,0.6392137,0.29725936
37.67999865859747,92.46769,0.6392137,0.29848012
37.69000079482794,92.45969,0.6392137,0.29970092
37.69999911636114,92.46769,0.6392137,0.30092168
37.71000125259161,92.487686,0.6392137,0.30214247
37.71999957412481,92.51168,0.6392137,0.30336323
37.73000171035528,92.475685,0.6392137,0.30458403
37.740000031888485,92.45568,0.6392137,0.3058048
37.74999835342169,92.42368,0.6392137,0.30702558
37.76000048965216,92.379684,0.6392137,0.30824634
37.76999881118536,92.35568,0.6392137,0.30946714
37.78000094741583,92.36768,0.6392137,0.30946714
37.78999926894903,92.39969,0.6392137,0.3106879
37.8000014051795,92.379684,0.6392137,0.3119087
37.809999726712704,92.40368,0.6392137,0.31312945
37.82000186294317,92.38769,0.6392137,0.31435025
37.830000184476376,92.34369,0.6392137,0.315571
37.83999850600958,92.31569,0.6392137,0.3167918
37.85000064224005,92.31168,0.6392137,0.31801257
37.85999896377325,92.27168,0.6392137,0.31923336
37.87000110000372,92.26769,0.6392137,0.32045412
37.87999942153692,92.29169,0.6392137,0.3216749
37.89000155776739,92.30769,0.6392137,0.32289568
37.899999879300594,92.29968,0.6392137,0.32411647
37.9099982008338,92.30369,0.6392137,0.32533723
37.920000337064266,92.295685,0.63928103,0.32655802
37.92999865859747,92.23168,0.63928103,0.32655802
37.94000079482794,92.19569,0.63928103,0.3277788
37.94999911636114,92.20368,0.63928103,0.32899958
37.96000125259161,92.211685,0.63928103,0.33022034
37.96999957412481,92.20769,0.63928103,0.33144113
37.98000171035528,92.24368,0.63928103,0.3326619
37.990000031888485,92.23168,0.63934845,0.3338827
37.99999835342169,92.20368,0.63934845,0.3338827
38.01000048965216,92.18769,0.63934845,0.33510345
38.01999881118536,92.171684,0.6394158,0.33632424
38.03000094741583,92.15168,0.6394158,0.337545
38.03999926894903,92.12368,0.63948315,0.337545
38.0500014051795,92.14769,0.6395505,0.3387658
38.059999726712704,92.20769,0.6396853,0.3387658
38.07000186294317,92.24368,0.63982004,0.3387658
38.080000184476376,92.29169,0.64002216,0.3387658
38.08999850600958,92.33568,0.6402242,0.3387658
38.10000064224005,92.33568,0.64049375,0.337545
38.10999896377325,92.37169,0.6408306,0.337545
38.12000110000372,92.47168,0.6413695,0.3338827
38.12999942153692,92.643684,0.64211065,0.33022034
38.14000155776739,92.851685,0.6431886,0.32411647
38.149999879300594,93.19968,0.6446707,0.315571
38.1599982008338,93.515686,0.64615285,0.3058048
38.170000337064266,93.78768,0.6470287,0.30092168
38.17999865859747,93.86368,0.6474329,0.29970092
38.19000079482794,93.89968,0.64756763,0.29970092
38.19999911636114,93.89568,0.64776975,0.29970092
38.21000125259161,93.91568,0.6479719,0.29848012
38.21999957412481,93.99968,0.64824134,0.29848012
38.23000171035528,94.099686,0.6485109,0.29725936
38.240000031888485,94.21168,0.64898247,0.29603857
38.24999835342169,94.33168,0.6495214,0.293597
38.26000048965216,94.451675,0.6500604,0.2899347
38.26999881118536,94.52368,0.65066665,0.28749314
38.28000094741583,94.53568,0.65107095,0.28627235
38.28999926894903,94.54368,0.65120566,0.28627235
38.3000014051795,94.551674,0.65120566,0.28749314
38.309999726712704,94.57168,0.65120566,0.2887139
38.32000186294317,94.63567,0.65120566,0.2899347
38.330000184476376,94.69568,0.65120566,0.2899347
38.33999850600958,94.66768,0.651273,0.29115546
38.35000064224005,94.62368,0.651273,0.29237625
38.35999896377325,94.59568,0.651273,0.293597
38.37000110000372,94.53168,0.651273,0.2948178
38.37999942153692,94.47167,0.651273,0.29603857
38.39000155776739,94.46368,0.651273,0.29725936
38.399999879300594,94.47167,0.651273,0.29848012
38.4099982008338,94.50368,0.6513404,0.29848012
38.420000337064266,94.57168,0.6513404,0.29970092
38.42999865859747,94.615685,0.6513404,0.30092168
38.44000079482794,94.551674,0.6514078,0.30214247
38.44999911636114,94.47167,0.6514078,0.30336323
38.46000125259161,94.423676,0.6514078,0.30336323
38.46999957412481,94.41568,0.65147513,0.30458403
38.48000171035528,94.38768,0.65147513,0.3058048
38.490000031888485,94.44768,0.65147513,0.30702558
38.49999835342169,94.47568,0.65154254,0.30824634
38.51000048965216,94.50368,0.6516099,0.30824634
38.51999881118536,94.49967,0.6516099,0.30946714
38.53000094741583,94.51167,0.6516099,0.3106879
38.53999926894903,94.47167,0.6516773,0.3119087
38.5500014051795,94.39968,0.6517446,0.3119087
38.559999726712704,94.37168,0.65181196,0.31312945
38.57000186294317,94.38768,0.6519467,0.31312945
38.580000184476376,94.451675,0.6521489,0.31312945
38.58999850600958,94.53967,0.65228355,0.31312945
38.60000064224005,94.62768,0.6524183,0.31312945
38.60999896377325,94.62368,0.6525531,0.31312945
38.62000110000372,94.57568,0.6526205,0.31435025
38.62999942153692,94.53568,0.6526205,0.315571
38.64000155776739,94.48768,0.6526205,0.3167918
38.649999879300594,94.49168,0.65268785,0.3167918
38.6599982008338,94.51167,0.65282255,0.31801257
38.670000337064266,94.57168,0.6529573,0.31801257
38.67999865859747,94.62768,0.6530247,0.31801257
38.69000079482794,94.65568,0.65315944,0.31923336
38.69999911636114,94.69168,0.65329415,0.31923336
38.71000125259161,94.69568,0.65349627,0.31801257
38.71999957412481,94.69968,0.6539005,0.3167918
38.73000171035528,94.79167,0.6545068,0.31312945
38.740000031888485,94.939674,0.6553153,0.30946714
38.74999835342169,95.14768,0.6563259,0.30336323
38.76000048965216,95.43568,0.65740377,0.29725936
38.76999881118536,95.69968,0.6582796,0.29237625
38.78000094741583,95.81967,0.65854913,0.29115546
38.78999926894903,95.79967,0.6586164,0.29237625
38.8000014051795,95.76768,0.6586164,0.293597
38.809999726712704,95.73567,0.6586164,0.2948178
38.82000186294317,95.703674,0.6586164,0.29603857
38.830000184476376,95.71168,0.6586164,0.29725936
38.83999850600958,95.743675,0.6586164,0.29848012
38.85000064224005,95.74767,0.6586164,0.29970092
38.85999896377325,95.743675,0.6586164,0.29970092
38.87000110000372,95.73968,0.6586164,0.30214247
38.87999942153692,95.69567,0.6586164,0.30214247
38.89000155776739,95.62767,0.6586164,0.30336323
38.899999879300594,95.60767,0.6586164,0.30458403
38.9099982008338,95.603676,0.6586164,0.3058048
38.920000337064266,95.60767,0.6586164,0.30702558
38.92999865859747,95.63967,0.6586164,0.30824634
38.94000079482794,95.66368,0.6586164,0.30946714
38.94999911636114,95.65567,0.6586838,0.30946714
38.96000125259161,95.61168,0.6586838,0.3119087
38.96999957412481,95.575676,0.6586838,0.3119087
38.98000171035528,95.54767,0.6586838,0.31312945
38.990000031888485,95.50767,0.6586838,0.31435025
38.99999835342169,95.51568,0.6587512,0.315571
39.01000048965216,95.53967,0.6587512,0.3167918
39.01999881118536,95.535675,0.6587512,0.31801257
39.03000094741583,95.563675,0.65881854,0.31801257
39.03999926894903,95.591675,0.65888596,0.31923336
39.0500014051795,95.57967,0.65888596,0.32045412
39.059999726712704,95.53168,0.6590207,0.32045412
39.07000186294317,95.51967,0.65915537,0.32045412
39.080000184476376,95.55568,0.65935755,0.32045412
39.08999850600958,95.603676,0.659627,0.31923336
39.10000064224005,95.69567,0.65996385,0.31923336
39.10999896377325,95.83568,0.6603681,0.3167918
39.12000110000372,95.91568,0.66090703,0.315571
39.12999942153692,96.01167,0.66144603,0.3119087
39.14000155776739,96.13167,0.661985,0.30946714
39.149999879300594,96.23967,0.66259134,0.30702558
39.1599982008338,96.33567,0.6631977,0.30336323
39.170000337064266,96.47967,0.6638714,0.29970092
39.17999865859747,96.58367,0.6642756,0.29848012
39.19000079482794,96.64368,0.6644777,0.29848012
39.19999911636114,96.66767,0.66454506,0.29848012
39.21000125259161,96.71168,0.66454506,0.29970092
39.21999957412481,96.71967,0.66454506,0.30092168
39.23000171035528,96.69567,0.6646124,0.30214247
39.240000031888485,96.67168,0.6646124,0.30214247
39.24999835342169,96.62767,0.6646124,0.30336323
39.26000048965216,96.603676,0.6646124,0.30458403
39.26999881118536,96.591675,0.6646124,0.3058048
39.28000094741583,96.607666,0.6646124,0.30702558
39.28999926894903,96.603676,0.6646124,0.30824634
39.3000014051795,96.591675,0.6646124,0.30946714
39.309999726712704,96.603676,0.6646798,0.3106879
39.32000186294317,96.595665,0.6646798,0.3119087
39.330000184476376,96.555664,0.6646798,0.3119087
39.33999850600958,96.53167,0.6646798,0.31312945
39.35000064224005,96.51967,0.6647472,0.31435025
39.35999896377325,96.50767,0.6647472,0.315571
39.37000110000372,96.49967,0.6648146,0.315571
39.37999942153692,96.53967,0.6648146,0.31801257
39.39000155776739,96.551674,0.66488194,0.31801257
39.399999879300594,96.535675,0.6649493,0.31923336
39.4099982008338,96.551674,0.665084,0.31923336
39.420000337064266,96.563675,0.6651514,0.31923336
39.42999865859747,96.567665,0.6652862,0.31923336
39.44000079482794,96.58767,0.6655556,0.31923336
39.44999911636114,96.63967,0.6658251,0.31801257
39.46000125259161,96.73567,0.66622937,0.3167918
39.46999957412481,96.847664,0.66683567,0.31312945
39.48000171035528,97.02367,0.6675768,0.3106879
39.490000031888485,97.19567,0.6683852,0.3058048
39.49999835342169,97.371666,0.669261,0.30092168
39.51000048965216,97.52367,0.66993475,0.29725936
39.51999881118536,97.65167,0.67054105,0.293597
39.53000094741583,97.72767,0.6709453,0.29237625
39.53999926894903,97.73167,0.67101264,0.29237625
39.5500014051795,97.76767,0.67101264,0.293597
39.559999726712704,97.79567,0.67101264,0.2948178
39.57000186294317,97.78367,0.67101264,0.29603857
39.580000184476376,97.803665,0.67108005,0.29725936
39.58999850600958,97.79967,0.67108005,0.29848012
39.60000064224005,97.74767,0.6711474,0.29848012
39.60999896377325,97.73167,0.6712148,0.29970092
39.62000110000372,97.72767,0.6712822,0.29970092
39.62999942153692,97.70367,0.6714169,0.30092168
39.64000155776739,97.71567,0.67148423,0.30092168
39.649999879300594,97.75567,0.671619,0.30214247
39.6599982008338,97.81567,0.67175376,0.30214247
39.670000337064266,97.85167,0.67202324,0.30092168
39.67999865859747,97.92366,0.6723601,0.29970092
39.69000079482794,98.00366,0.67289907,0.29725936
39.69999911636114,98.07967,0.67350537,0.293597
39.71000125259161,98.19966,0.6741791,0.2899347
39.71999957412481,98.359665,0.67478544,0.28749314
39.73000171035528,98.483665,0.6753918,0.2838308
39.740000031888485,98.58766,0.67593074,0.28261003
39.74999835342169,98.70366,0.67640233,0.28016847
39.76000048965216,98.79966,0.6766718,0.28016847
39.76999881118536,98.819664,0.6766718,0.28016847
39.78000094741583,98.76767,0.67673916,0.28138924
39.78999926894903,98.78766,0.67673916,0.28261003
39.8000014051795,98.74366,0.67673916,0.2838308
39.809999726712704,98.72366,0.67673916,0.2838308
39.82000186294317,98.73166,0.67673916,0.28627235
39.830000184476376,98.73966,0.67673916,0.28627235
39.83999850600958,98.72767,0.67673916,0.2887139
39.85000064224005,98.71567,0.67673916,0.2887139
39.85999896377325,98.71567,0.67673916,0.2899347
39.87000110000372,98.65166,0.67673916,0.29115546
39.87999942153692,98.64366,0.67680657,0.29237625
39.89000155776739,98.635666,0.67680657,0.293597
39.899999879300594,98.635666,0.6768739,0.293597
39.9099982008338,98.60366,0.6768739,0.2948178
39.920000337064266,98.61566,0.6769413,0.29603857
39.92999865859747,98.62766,0.6769413,0.29725936
39.94000079482794,98.62766,0.6770087,0.29725936
39.94999911636114,98.611664,0.6770087,0.29848012
39.96000125259161,98.611664,0.6770087,0.29970092
39.96999957412481,98.57166,0.67707604,0.30092168
39.98000171035528,98.56367,0.6771434,0.30092168
39.990000031888485,98.57566,0.6771434,0.30214247
39.99999835342169,98.58766,0.67721075,0.30336323
40.01000048965216,98.579666,0.67727816,0.30336323
40.01999881118536,98.59167,0.67727816,0.30458403
40.03000094741583,98.58766,0.67727816,0.3058048
40.03999926894903,98.57166,0.6773455,0.30702558
40.0500014051795,98.57166,0.6774803,0.30702558
40.059999726712704,98.595665,0.67761505,0.30702558
40.07000186294317,98.61967,0.6777497,0.30824634
40.080000184476376,98.623665,0.6779519,0.30702558
40.08999850600958,98.679665,0.678154,0.30702558
40.10000064224005,98.69566,0.6782213,0.30824634
40.10999896377325,98.69566,0.67842346,0.30702558
40.12000110000372,98.75166,0.67869294,0.30702558
40.12999942153692,98.82366,0.67902976,0.3058048
40.14000155776739,98.91167,0.67956877,0.30336323
40.149999879300594,99.01566,0.6801077,0.29970092
40.1599982008338,99.155655,0.6807141,0.29725936
40.170000337064266,99.26766,0.681253,0.2948178
40.17999865859747,99.35566,0.6817246,0.29237625
40.19000079482794,99.455666,0.68212885,0.29115546
40.19999911636114,99.515656,0.68233097,0.29115546
40.21000125259161,99.52367,0.6824657,0.29115546
40.21999957412481,99.52766,0.6824657,0.29237625
40.23000171035528,99.53566,0.6824657,0.293597
40.240000031888485,99.53166,0.6824657,0.2948178
40.24999835342169,99.511665,0.6824657,0.29603857
40.26000048965216,99.52367,0.682533,0.29603857
40.26999881118536,99.50766,0.682533,0.29725936
40.28000094741583,99.46766,0.682533,0.29848012
40.28999926894903,99.46366,0.682533,0.29970092
40.3000014051795,99.443665,0.682533,0.30092168
40.309999726712704,99.43566,0.682533,0.30214247
40.32000186294317,99.42366,0.68260044,0.30214247
40.330000184476376,99.43966,0.68260044,0.30336323
40.33999850600958,99.43166,0.68260044,0.30458403
40.35000064224005,99.387665,0.6826678,0.3058048
40.35999896377325,99.387665,0.6826678,0.30702558
40.37000110000372,99.39566,0.6826678,0.30824634
40.37999942153692,99.35166,0.6827352,0.30824634
40.39000155776739,99.35566,0.6827352,0.30946714
40.399999879300594,99.38366,0.68280256,0.3106879
40.4099982008338,99.36766,0.68280256,0.3119087
40.420000337064266,99.347664,0.68280256,0.31312945
40.42999865859747,99.36766,0.6828699,0.31312945
40.44000079482794,99.36766,0.6828699,0.31435025
40.44999911636114,99.33166,0.6829373,0.315571
40.46000125259161,99.33166,0.6830046,0.315571
40.46999957412481,99.36366,0.6831394,0.315571
40.48000171035528,99.36366,0.6832068,0.3167918
40.490000031888485,99.37166,0.6833415,0.3167918
40.49999835342169,99.41166,0.68347627,0.31801257
40.51000048965216,99.427666,0.6835436,0.31801257
40.51999881118536,99.43966,0.6836784,0.31801257
40.53000094741583,99.471664,0.6838131,0.31801257
40.53999926894903,99.49166,0.68394786,0.31923336
40.5500014051795,99.49166,0.68408257,0.31923336
40.559999726712704,99.49166,0.6841499,0.31923336
40.57000186294317,99.515656,0.6842847,0.31923336
40.580000184476376,99.53166,0.6842847,0.3216749
40.58999850600958,99.50766,0.6842847,0.3216749
40.60000064224005,99.515656,0.6843521,0.32289568
40.60999896377325,99.52766,0.68441945,0.32411647
40.62000110000372,99.515656,0.68448687,0.32411647
40.62999942153692,99.515656,0.68448687,0.32533723
40.64000155776739,99.53966,0.6846215,0.32533723
40.649999879300594,99.53566,0.6848237,0.32533723
40.6599982008338,99.57166,0.68509316,0.32411647
40.670000337064266,99.65566,0.6854974,0.32411647
40.67999865859747,99.75566,0.685969,0.32045412
40.69000079482794,99.85566,0.68657535,0.31801257
40.69999911636114,99.999664,0.68718165,0.31435025
40.71000125259161,100.14366,0.68778795,0.3119087
40.71999957412481,100.26766,0.6883943,0.30946714
40.73000171035528,100.34366,0.6887312,0.30824634
40.740000031888485,100.403656,0.68893325,0.30702558
40.74999835342169,100.40765,0.68900067,0.30824634
40.76000048965216,100.403656,0.68900067,0.30946714
40.76999881118536,100.419655,0.68900067,0.3106879
40.78000094741583,100.427666,0.68900067,0.3119087
40.78999926894903,100.419655,0.689068,0.3119087
40.8000014051795,100.419655,0.68913543,0.31312945
40.809999726712704,100.431656,0.6892028,0.31312945
40.82000186294317,100.387665,0.6892028,0.31435025
40.830000184476376,100.363655,0.6892028,0.315571
40.83999850600958,100.335655,0.6892028,0.3167918
40.85000064224005,100.335655,0.6892028,0.31801257
40.85999896377325,100.335655,0.6892028,0.31923336
40.87000110000372,100.34366,0.68927014,0.31923336
40.87999942153692,100.36766,0.68927014,0.3216749
40.89000155776739,100.351654,0.6893375,0.3216749
40.899999879300594,100.319664,0.6893375,0.32289568
40.9099982008338,100.29966,0.68940485,0.32411647
40.920000337064266,100.291664,0.68947226,0.32411647
40.92999865859747,100.28365,0.6895396,0.32533723
40.94000079482794,100.31566,0.6895396,0.32655802
40.94999911636114,100.335655,0.689607,0.32655802
40.96000125259161,100.323654,0.689607,0.3277788
40.96999957412481,100.33965,0.68974173,0.3277788
40.98000171035528,100.359665,0.68980914,0.32899958
40.990000031888485,100.387665,0.6900112,0.32899958
40.99999835342169,100.379654,0.6902133,0.32899958
41.01000048965216,100.40765,0.6903481,0.32899958
41.01999881118536,100.419655,0.69055015,0.32899958
41.03000094741583,100.43566,0.6907523,0.32899958
41.03999926894903,100.50366,0.69102174,0.3277788
41.0500014051795,100.60766,0.6912913,0.32655802
41.059999726712704,100.67165,0.6916281,0.32533723
41.07000186294317,100.723656,0.69203234,0.32411647
41.080000184476376,100.81166,0.6925713,0.3216749
41.08999850600958,100.92365,0.69317764,0.31923336
41.10000064224005,101.03566,0.6937166,0.315571
41.10999896377325,101.17165,0.6942556,0.31312945
41.12000110000372,101.25565,0.69465977,0.3119087
41.12999942153692,101.335655,0.6949293,0.3106879
41.14000155776739,101.39566,0.6951314,0.3106879
41.149999879300594,101.43566,0.6951987,0.3119087
41.1599982008338,101.43566,0.6951987,0.3119087
41.170000337064266,101.403656,0.6951987,0.31312945
41.17999865859747,101.38365,0.6951987,0.31435025
41.19000079482794,101.36766,0.6951987,0.315571
41.19999911636114,101.32766,0.6951987,0.3167918
41.21000125259161,101.31965,0.6951987,0.31801257
41.21999957412481,101.33165,0.6951987,0.31923336
41.23000171035528,101.31165,0.6951987,0.32045412
41.240000031888485,101.28766,0.6951987,0.3216749
41.24999835342169,101.29966,0.6951987,0.32289568
41.26000048965216,101.28365,0.6951987,0.32411647
41.26999881118536,101.25165,0.6951987,0.32533723
41.28000094741583,101.25565,0.6952661,0.32533723
41.28999926894903,101.24766,0.6953335,0.32655802
41.3000014051795,101.239655,0.6954009,0.3277788
41.309999726712704,101.24365,0.6954009,0.3277788
41.32000186294317,101.25966,0.69546825,0.32899958
41.330000184476376,101.25565,0.69553566,0.32899958
41.33999850600958,101.24766,0.695603,0.33022034
41.35000064224005,101.25565,0.69567037,0.33144113
41.35999896377325,101.25966,0.6957377,0.33144113
41.37000110000372,101.23566,0.6958051,0.3326619
41.37999942153692,101.26366,0.6958051,0.3338827
41.39000155776739,101.27566,0.6958725,0.3338827
41.399999879300594,101.27566,0.6960072,0.33510345
41.4099982008338,101.31566,0.6963441,0.3338827
41.420000337064266,101.39965,0.6967483,0.3326619
41.42999865859747,101.49565,0.69728726,0.32899958
41.44000079482794,101.615654,0.69789356,0.32533723
41.44999911636114,101.79166,0.69876945,0.3216749
41.46000125259161,102.01165,0.69978,0.315571
41.46999957412481,102.25165,0.70099264,0.30824634
41.48000171035528,102.55164,0.7022727,0.30092168
41.490000031888485,102.79165,0.7031485,0.29603857
41.49999835342169,102.93165,0.70375484,0.29237625
41.51000048965216,102.99565,0.7041591,0.29115546
41.51999881118536,103.08765,0.7045633,0.2899347
41.53000094741583,103.17965,0.7049675,0.28749314
41.53999926894903,103.26765,0.7054391,0.28627235
41.5500014051795,103.38764,0.7058433,0.2838308
41.559999726712704,103.47965,0.7063823,0.28138924
41.57000186294317,103.59964,0.707056,0.27894768
41.580000184476376,103.72365,0.70772976,0.27406457
41.58999850600958,103.84765,0.7082687,0.2728438
41.60000064224005,103.88765,0.70840347,0.27162302
41.60999896377325,103.855644,0.70840347,0.2728438
41.62000110000372,103.855644,0.70840347,0.27406457
41.62999942153692,103.87965,0.70840347,0.27528536
41.64000155776739,103.87164,0.70847076,0.27650613
41.649999879300594,103.867645,0.70847076,0.27650613
41.6599982008338,103.867645,0.70847076,0.27894768
41.670000337064266,103.83165,0.70847076,0.27894768
41.67999865859747,103.78764,0.70847076,0.28016847
41.69000079482794,103.755646,0.70847076,0.28138924
41.69999911636114,103.73165,0.7085382,0.28261003
41.71000125259161,103.71565,0.7085382,0.2838308
41.71999957412481,103.73165,0.7085382,0.28505158
41.73000171035528,103.73965,0.7085382,0.28627235
41.740000031888485,103.73564,0.7085382,0.28749314
41.74999835342169,103.71964,0.7085382,0.2887139
41.76000048965216,103.70764,0.7085382,0.2899347
41.76999881118536,103.659645,0.7085382,0.2899347
41.78000094741583,103.61565,0.7085382,0.29237625
41.78999926894903,103.61165,0.7085382,0.29237625
41.8000014051795,103.61565,0.7085382,0.293597
41.809999726712704,103.60765,0.7085382,0.2948178
41.82000186294317,103.61565,0.7085382,0.29603857
41.830000184476376,103.59964,0.7085382,0.29725936
41.83999850600958,103.57965,0.7085382,0.29848012
41.85000064224005,103.547646,0.7085382,0.29970092
41.85999896377325,103.531654,0.7085382,0.30092168
41.87000110000372,103.49564,0.7085382,0.30214247
41.87999942153692,103.46764,0.7085382,0.30336323
41.89000155776739,103.46365,0.7085382,0.30458403
41.899999879300594,103.48364,0.7085382,0.3058048
41.9099982008338,103.48765,0.7085382,0.30702558
41.920000337064266,103.47165,0.7085382,0.30824634
41.92999865859747,103.44765,0.7085382,0.30946714
41.94000079482794,103.42764,0.7085382,0.30946714
41.94999911636114,103.37564,0.7085382,0.3119087
41.96000125259161,103.36365,0.7085382,0.3119087
41.96999957412481,103.35965,0.7085382,0.31312945
41.98000171035528,103.35165,0.7085382,0.31435025
41.990000031888485,103.367645,0.7085382,0.315571
41.99999835342169,103.36365,0.7085382,0.3167918
42.01000048965216,103.35565,0.7086055,0.31801257
42.01999881118536,103.33565,0.7086055,0.31923336
42.03000094741583,103.32365,0.7086055,0.31923336
42.03999926894903,103.29565,0.70867294,0.32045412
42.0500014051795,103.271645,0.70880765,0.32045412
42.059999726712704,103.29565,0.70887506,0.3216749
42.07000186294317,103.31565,0.7089424,0.3216749
42.080000184476376,103.339645,0.70900977,0.32289568
42.08999850600958,103.339645,0.7090771,0.32411647
42.10000064224005,103.37165,0.7092119,0.32411647
42.10999896377325,103.407646,0.70948136,0.32411647
42.12000110000372,103.41965,0.70975083,0.32289568
42.12999942153692,103.49564,0.71015507,0.32045412
42.14000155776739,103.58765,0.710694,0.31923336
42.149999879300594,103.72365,0.7113677,0.315571
42.1599982008338,103.91964,0.71224356,0.3106879
42.170000337064266,104.15565,0.7132541,0.30336323
42.17999865859747,104.39564,0.71433204,0.29848012
42.19000079482794,104.59564,0.7151405,0.293597
42.19999911636114,104.67564,0.71541,0.29237625
42.21000125259161,104.67964,0.71541,0.293597
42.21999957412481,104.619644,0.71541,0.2948178
42.23000171035528,104.63564,0.71541,0.29603857
42.240000031888485,104.65164,0.71541,0.29725936
42.24999835342169,104.65164,0.71547735,0.29848012
42.26000048965216,104.65565,0.71547735,0.29848012
42.26999881118536,104.671646,0.71547735,0.29970092
42.28000094741583,104.62364,0.71554476,0.30092168
42.28999926894903,104.591644,0.71554476,0.30214247
42.3000014051795,104.55564,0.71554476,0.30336323
42.309999726712704,104.535645,0.7156121,0.30336323
42.32000186294317,104.51564,0.7156121,0.30458403
42.330000184476376,104.53164,0.7156121,0.3058048
42.33999850600958,104.56765,0.7156121,0.30702558
42.35000064224005,104.575645,0.71567947,0.30824634
42.35999896377325,104.575645,0.7157469,0.30824634
42.37000110000372,104.55564,0.71581423,0.30946714
42.37999942153692,104.547646,0.71594894,0.30946714
42.39000155776739,104.51564,0.7160837,0.30946714
42.399999879300594,104.53965,0.71615106,0.3106879
42.4099982008338,104.57164,0.7162858,0.3106879
42.420000337064266,104.58364,0.71642053,0.3106879
42.42999865859747,104.64365,0.71662265,0.3106879
42.44000079482794,104.71165,0.7168922,0.30946714
42.44999911636114,104.78364,0.71729636,0.30824634
42.46000125259161,104.87164,0.71783537,0.3058048
42.46999957412481,104.991646,0.7185764,0.30214247
42.48000171035528,105.11564,0.7193175,0.29848012
42.490000031888485,105.255646,0.7199912,0.293597
42.49999835342169,105.36764,0.72039545,0.29237625
42.51000048965216,105.439644,0.7204628,0.293597
42.51999881118536,105.439644,0.7204628,0.2948178
42.53000094741583,105.43564,0.7204628,0.29603857
42.53999926894903,105.45964,0.7204628,0.29725936
42.5500014051795,105.45964,0.7205302,0.29725936
42.559999726712704,105.39164,0.7205302,0.29848012
42.57000186294317,105.36365,0.7205302,0.29970092
42.580000184476376,105.35164,0.7205302,0.30092168
42.58999850600958,105.32365,0.7205302,0.30214247
42.60000064224005,105.31964,0.7205302,0.30336323
42.60999896377325,105.33964,0.72059757,0.30336323
42.62000110000372,105.36365,0.72066486,0.30458403
42.62999942153692,105.34764,0.72066486,0.3058048
42.64000155776739,105.33964,0.72066486,0.30702558
42.649999879300594,105.32365,0.7207323,0.30824634
42.6599982008338,105.27964,0.7207323,0.30824634
42.670000337064266,105.243645,0.7207323,0.30946714
42.67999865859747,105.259636,0.7207996,0.3106879
42.69000079482794,105.25164,0.7207996,0.3119087
42.69999911636114,105.259636,0.7207996,0.31312945
42.71000125259161,105.27564,0.72086704,0.31435025
42.71999957412481,105.27564,0.72086704,0.31435025
42.73000171035528,105.24764,0.7209344,0.315571
42.740000031888485,105.231636,0.7209344,0.3167918
42.74999835342169,105.231636,0.7210018,0.31801257
42.76000048965216,105.191635,0.7210018,0.31801257
42.76999881118536,105.16764,0.7210018,0.31923336
42.78000094741583,105.21164,0.7210018,0.32045412
42.78999926894903,105.199646,0.7210018,0.3216749
42.8000014051795,105.191635,0.72106916,0.32289568
42.809999726712704,105.215645,0.7211365,0.32289568
42.82000186294317,105.215645,0.7212712,0.32411647
42.830000184476376,105.21164,0.721406,0.32411647
42.83999850600958,105.20764,0.7214734,0.32411647
42.85000064224005,105.215645,0.7216081,0.32411647
42.85999896377325,105.219635,0.72167546,0.32533723
42.87000110000372,105.215645,0.72167546,0.32655802
42.87999942153692,105.255646,0.7218102,0.32655802
42.89000155776739,105.29964,0.72201234,0.32655802
42.899999879300594,105.31564,0.7221471,0.32655802
42.9099982008338,105.35564,0.7224165,0.32655802
42.920000337064266,105.39564,0.7227534,0.32533723
42.92999865859747,105.479645,0.723225,0.32289568
42.94000079482794,105.55564,0.723764,0.32045412
42.94999911636114,105.73964,0.724505,0.3167918
42.96000125259161,105.89164,0.72524613,0.3119087
42.96999957412481,106.05563,0.7259198,0.30824634
42.98000171035528,106.21564,0.7266609,0.30458403
42.990000031888485,106.35164,0.7271325,0.30214247
42.99999835342169,106.387634,0.7273346,0.30214247
43.01000048965216,106.399635,0.7273346,0.30336323
43.01999881118536,106.37964,0.72740203,0.30336323
43.03000094741583,106.37164,0.72740203,0.3058048
43.03999926894903,106.35164,0.72740203,0.3058048
43.0500014051795,106.37563,0.7274694,0.30702558
43.059999726712704,106.39164,0.7274694,0.30824634
43.07000186294317,106.35164,0.7274694,0.30946714
43.080000184476376,106.34364,0.7274694,0.3106879
43.08999850600958,106.31564,0.7274694,0.3119087
43.10000064224005,106.259636,0.7274694,0.31312945
43.10999896377325,106.24364,0.7274694,0.31435025
43.12000110000372,106.26364,0.7274694,0.315571
43.12999942153692,106.26364,0.7274694,0.3167918
43.14000155776739,106.25564,0.7275367,0.3167918
43.149999879300594,106.26763,0.7275367,0.31801257
43.1599982008338,106.26364,0.7275367,0.31923336
43.170000337064266,106.20764,0.7275367,0.32045412
43.17999865859747,106.17564,0.7275367,0.3216749
43.19000079482794,106.17964,0.7276041,0.3216749
43.19999911636114,106.191635,0.72773886,0.32289568
43.21000125259161,106.191635,0.7278062,0.32289568
43.21999957412481,106.21564,0.727941,0.32411647
43.23000171035528,106.26364,0.7280757,0.32411647
43.240000031888485,106.26763,0.72821045,0.32411647
43.24999835342169,106.287636,0.7282778,0.32411647
43.26000048965216,106.29164,0.72834516,0.32533723
43.26999881118536,106.26364,0.72841257,0.32533723
43.28000094741583,106.23564,0.7284799,0.32655802
43.28999926894903,106.24364,0.7284799,0.3277788
43.3000014051795,106.27164,0.72854733,0.32899958
43.309999726712704,106.27564,0.7287494,0.3277788
43.32000186294317,106.33964,0.7289515,0.3277788
43.330000184476376,106.415634,0.72928834,0.32655802
43.33999850600958,106.45964,0.72962517,0.32533723
43.35000064224005,106.49964,0.73002946,0.32411647
43.35999896377325,106.579636,0.7303663,0.32289568
43.37000110000372,106.63963,0.7307031,0.3216749
43.37999942153692,106.68364,0.73104,0.32045412
43.39000155776739,106.79164,0.7315116,0.31923336
43.399999879300594,106.92364,0.7319832,0.315571
43.4099982008338,107.04364,0.7327243,0.31312945
43.420000337064266,107.22363,0.73339796,0.30824634
43.42999865859747,107.35563,0.7339369,0.3058048
43.44000079482794,107.387634,0.7342738,0.30458403
43.44999911636114,107.43164,0.73454326,0.30458403
43.46000125259161,107.47563,0.73488015,0.30336323
43.46999957412481,107.551636,0.735217,0.30214247
43.48000171035528,107.62763,0.7355538,0.30092168
43.490000031888485,107.71563,0.7359581,0.29970092
43.49999835342169,107.83563,0.73636234,0.29725936
43.51000048965216,107.93163,0.73696864,0.2948178
43.51999881118536,108.011635,0.73750764,0.29237625
43.53000094741583,108.14764,0.7380466,0.2887139
43.53999926894903,108.22363,0.73858553,0.28627235
43.5500014051795,108.29564,0.7390571,0.2838308
43.559999726712704,108.39563,0.73946136,0.28261003
43.57000186294317,108.48363,0.7397982,0.28261003
43.580000184476376,108.51963,0.73993295,0.28261003
43.58999850600958,108.55163,0.73993295,0.28261003
43.60000064224005,108.54764,0.73993295,0.2838308
43.60999896377325,108.50764,0.7400003,0.28505158
43.62000110000372,108.46363,0.7400003,0.28627235
43.62999942153692,108.43964,0.7400003,0.28749314
43.64000155776739,108.431625,0.7400003,0.2887139
43.649999879300594,108.399635,0.7400677,0.2887139
43.6599982008338,108.427635,0.7400677,0.2899347
43.670000337064266,108.427635,0.7400677,0.29115546
43.67999865859747,108.403625,0.7400677,0.29237625
43.69000079482794,108.387634,0.7400677,0.293597
43.69999911636114,108.387634,0.7400677,0.2948178
43.71000125259161,108.343636,0.7400677,0.29603857
43.71999957412481,108.30763,0.7401351,0.29603857
43.73000171035528,108.29564,0.7401351,0.29848012
43.740000031888485,108.29564,0.7401351,0.29848012
43.74999835342169,108.29163,0.7401351,0.29970092
43.76000048965216,108.28763,0.7401351,0.30092168
43.76999881118536,108.29163,0.7401351,0.30214247
43.78000094741583,108.26763,0.7402025,0.30336323
43.78999926894903,108.23163,0.7402025,0.30458403
43.8000014051795,108.235634,0.7402698,0.30458403
43.809999726712704,108.24363,0.74040455,0.3058048
43.82000186294317,108.22764,0.7405393,0.3058048
43.830000184476376,108.25163,0.7405393,0.30702558
43.83999850600958,108.26363,0.74060667,0.30702558
43.85000064224005,108.26363,0.74074143,0.30824634
43.85999896377325,108.29564,0.74087614,0.30824634
43.87000110000372,108.31963,0.7410109,0.30824634
43.87999942153692,108.31563,0.7411456,0.30824634
43.89000155776739,108.331635,0.7414151,0.30824634
43.899999879300594,108.387634,0.74175197,0.30702558
43.9099982008338,108.47964,0.7421562,0.3058048
43.920000337064266,108.57963,0.74269515,0.30214247
43.92999865859747,108.723625,0.7433015,0.29848012
43.94000079482794,108.86762,0.74397516,0.29603857
43.94999911636114,109.003624,0.7446489,0.29237625
43.96000125259161,109.14763,0.7453226,0.2887139
43.96999957412481,109.25963,0.7458616,0.28627235
43.98000171035528,109.343636,0.74613106,0.28505158
43.990000031888485,109.33163,0.74626577,0.28505158
43.99999835342169,109.33963,0.74626577,0.28627235
44.01000048965216,109.335625,0.74626577,0.28749314
44.01999881118536,109.32362,0.74626577,0.2887139
44.03000094741583,109.32362,0.74626577,0.2899347
44.03999926894903,109.33163,0.74626577,0.29115546
44.0500014051795,109.29963,0.74626577,0.29237625
44.059999726712704,109.251625,0.74626577,0.293597
44.07000186294317,109.22762,0.74626577,0.2948178
44.080000184476376,109.22762,0.74626577,0.29603857
44.08999850600958,109.17563,0.74626577,0.29725936
44.10000064224005,109.16763,0.74626577,0.29848012
44.10999896377325,109.19962,0.74626577,0.29970092
44.12000110000372,109.18762,0.74626577,0.29970092
44.12999942153692,109.18762,0.74626577,0.30214247
44.14000155776739,109.16363,0.74626577,0.30214247
44.149999879300594,109.12763,0.74626577,0.30336323
44.1599982008338,109.08763,0.74626577,0.30458403
44.170000337064266,109.06763,0.74626577,0.3058048
44.17999865859747,109.07563,0.74626577,0.30702558
44.19000079482794,109.05963,0.74626577,0.30824634
44.19999911636114,109.05963,0.74626577,0.30946714
44.21000125259161,109.06763,0.74626577,0.3106879
44.21999957412481,109.043625,0.7463332,0.3119087
44.23000171035528,109.011635,0.74640054,0.3119087
44.240000031888485,109.003624,0.74646795,0.31312945
44.24999835342169,109.00763,0.7465353,0.31312945
44.26000048965216,108.983635,0.7466026,0.31435025
44.26999881118536,108.987625,0.74667,0.315571
44.28000094741583,109.01963,0.74673736,0.315571
44.28999926894903,109.027626,0.7468721,0.315571
44.3000014051795,109.055626,0.74707425,0.315571
44.309999726712704,109.12363,0.74727637,0.315571
44.32000186294317,109.16363,0.74761325,0.31435025
44.330000184476376,109.18363,0.7479501,0.31312945
44.33999850600958,109.25562,0.74842167,0.3106879
44.35000064224005,109.37162,0.7489606,0.30824634
44.35999896377325,109.50762,0.749567,0.3058048
44.37000110000372,109.64763,0.7502407,0.30214247
44.37999942153692,109.84363,0.75091434,0.29848012
44.39000155776739,109.97963,0.7515881,0.2948178
44.399999879300594,110.09162,0.7521944,0.29237625
44.4099982008338,110.17963,0.7524639,0.29115546
44.420000337064266,110.16363,0.7524639,0.29237625
44.42999865859747,110.11962,0.7524639,0.293597
44.44000079482794,110.10763,0.75253123,0.293597
44.44999911636114,110.11962,0.75253123,0.2948178
44.46000125259161,110.13162,0.75253123,0.29603857
44.46999957412481,110.127625,0.75253123,0.29725936
44.48000171035528,110.13162,0.75253123,0.29848012
44.490000031888485,110.09563,0.75253123,0.29970092
44.49999835342169,110.04762,0.75253123,0.30092168
44.51000048965216,110.01163,0.75253123,0.30214247
44.51999881118536,109.99562,0.75253123,0.30336323
44.53000094741583,109.96363,0.75253123,0.30458403
44.53999926894903,109.96363,0.75253123,0.3058048
44.5500014051795,109.99562,0.75253123,0.30702558
44.559999726712704,109.97163,0.75253123,0.30824634
44.57000186294317,109.97163,0.75253123,0.30946714
44.580000184476376,109.94363,0.75253123,0.30946714
44.58999850600958,109.903625,0.75253123,0.3119087
44.60000064224005,109.863625,0.75259864,0.3119087
44.60999896377325,109.863625,0.75259864,0.31312945
44.62000110000372,109.863625,0.752666,0.31312945
44.62999942153692,109.87163,0.752666,0.315571
44.64000155776739,109.88763,0.7527334,0.315571
44.649999879300594,109.91562,0.75280076,0.3167918
44.6599982008338,109.90762,0.7528682,0.3167918
44.670000337064266,109.85963,0.7529355,0.31801257
44.67999865859747,109.86762,0.75307024,0.31801257
44.69000079482794,109.88763,0.753205,0.31801257
44.69999911636114,109.87562,0.75327235,0.31923336
44.71000125259161,109.891624,0.75333977,0.31923336
44.71999957412481,109.959625,0.7535418,0.31923336
44.73000171035528,110.003624,0.75374395,0.31923336
44.740000031888485,110.03163,0.7540808,0.31801257
44.74999835342169,110.127625,0.7544851,0.315571
44.76000048965216,110.211624,0.75495666,0.31435025
44.76999881118536,110.267624,0.75556296,0.3119087
44.78000094741583,110.40762,0.75616926,0.30824634
44.78999926894903,110.56762,0.7569104,0.30336323
44.8000014051795,110.74362,0.7575841,0.30092168
44.809999726712704,110.875626,0.75812304,0.29848012
44.82000186294317,110.96762,0.75832516,0.29848012
44.830000184476376,110.95562,0.75832516,0.29848012
44.83999850600958,110.92762,0.75832516,0.29970092
44.85000064224005,110.891624,0.75832516,0.30092168
44.85999896377325,110.89962,0.7583925,0.30214247
44.87000110000372,110.87962,0.7583925,0.30336323
44.87999942153692,110.87162,0.7584599,0.30336323
44.89000155776739,110.875626,0.7584599,0.30458403
44.899999879300594,110.85962,0.7585273,0.3058048
44.9099982008338,110.85962,0.75859463,0.3058048
44.920000337064266,110.85563,0.75859463,0.30702558
44.92999865859747,110.84762,0.75866205,0.30824634
44.94000079482794,110.82362,0.7587294,0.30824634
44.94999911636114,110.81962,0.7587294,0.30946714
44.96000125259161,110.83162,0.75879675,0.3106879
44.96999957412481,110.81162,0.75879675,0.3119087
44.98000171035528,110.79562,0.75879675,0.31312945
44.990000031888485,110.80762,0.7588641,0.31435025
44.99999835342169,110.79562,0.7588641,0.31435025
45.01000048965216,110.77162,0.75893146,0.315571
45.01999881118536,110.77563,0.7589989,0.3167918
45.03000094741583,110.77563,0.7590662,0.3167918
45.03999926894903,110.75562,0.75913364,0.31801257
45.0500014051795,110.75562,0.75913364,0.31923336
45.059999726712704,110.77962,0.759201,0.31923336
45.07000186294317,110.77962,0.759201,0.32045412
45.080000184476376,110.75562,0.7592684,0.3216749
45.08999850600958,110.75963,0.7593357,0.3216749
45.10000064224005,110.77162,0.7593357,0.32289568
45.10999896377325,110.74362,0.75947046,0.32411647
45.12000110000372,110.763626,0.7595378,0.32411647
45.12999942153692,110.77563,0.7596726,0.32411647
45.14000155776739,110.77162,0.75974,0.32533723
45.149999879300594,110.77162,0.75987464,0.32533723
45.1599982008338,110.81162,0.7600094,0.32533723
45.170000337064266,110.83962,0.7602115,0.32533723
45.17999865859747,110.863625,0.760481,0.32411647
45.19000079482794,110.93562,0.7608179,0.32289568
45.19999911636114,111.04762,0.7612895,0.3216749
45.21000125259161,111.11162,0.7618285,0.31923336
45.21999957412481,111.24362,0.7624348,0.315571
45.23000171035528,111.41162,0.7632432,0.3119087
45.240000031888485,111.603615,0.764119,0.30702558
45.24999835342169,111.75562,0.7647254,0.30336323
45.26000048965216,111.84762,0.7650623,0.30214247
45.26999881118536,111.879616,0.7651296,0.30214247
45.28000094741583,111.85561,0.7651296,0.30336323
45.28999926894903,111.85162,0.7651296,0.30458403
45.3000014051795,111.85561,0.765197,0.3058048
45.309999726712704,111.84362,0.765197,0.30702558
45.32000186294317,111.83162,0.765197,0.30824634
45.330000184476376,111.835625,0.76526433,0.30824634
45.33999850600958,111.82362,0.7653317,0.30946714
45.35000064224005,111.77562,0.7653317,0.3106879
45.35999896377325,111.78362,0.7653317,0.3119087
45.37000110000372,111.77162,0.7653991,0.3119087
45.37999942153692,111.76362,0.76546645,0.31312945
45.39000155776739,111.77562,0.7656012,0.31312945
45.399999879300594,111.83162,0.7658033,0.31312945
45.4099982008338,111.85561,0.76600546,0.31312945
45.420000337064266,111.88762,0.7663423,0.3119087
45.42999865859747,111.95562,0.76674646,0.3106879
45.44000079482794,112.05161,0.7672181,0.30824634
45.44999911636114,112.171616,0.7679592,0.30336323
45.46000125259161,112.351616,0.7690371,0.29848012
45.46999957412481,112.68362,0.7703172,0.2899347
45.48000171035528,112.95561,0.7715298,0.28261003
45.490000031888485,113.12761,0.7722035,0.27894768
45.49999835342169,113.24362,0.7725404,0.27772692
45.51000048965216,113.25961,0.7727425,0.27772692
45.51999881118536,113.24362,0.77280986,0.27894768
45.53000094741583,113.25961,0.7728773,0.27894768
45.53999926894903,113.283615,0.773012,0.27894768
45.5500014051795,113.27161,0.7730794,0.28016847
45.559999726712704,113.28761,0.7732141,0.28016847
45.57000186294317,113.31161,0.77334887,0.28016847
45.580000184476376,113.33562,0.773551,0.28016847
45.58999850600958,113.33961,0.7738204,0.28016847
45.60000064224005,113.38762,0.7741573,0.27894768
45.60999896377325,113.463615,0.7745615,0.27650613
45.62000110000372,113.559616,0.7751679,0.27406457
45.62999942153692,113.727615,0.7759089,0.26918146
45.64000155776739,113.93961,0.7767848,0.26429835
45.649999879300594,114.063614,0.7773237,0.2618568
45.6599982008338,114.08761,0.7774584,0.2618568
45.670000337064266,114.067604,0.7774584,0.2630776
45.67999865859747,114.05161,0.7774584,0.26429835
45.69000079482794,113.99962,0.7774584,0.26551914
45.69999911636114,114.00361,0.7774584,0.2667399
45.71000125259161,114.01561,0.7774584,0.2679607
45.72012545913458,113.979614,0.7774584,0.26918146
45.73000171035528,113.95962,0.7774584,0.27040225
45.740000031888485,113.95161,0.7774584,0.27162302
45.74999835342169,113.93162,0.7774584,0.2728438
45.76000048965216,113.867615,0.7774584,0.27406457
45.76999881118536,113.827614,0.7774584,0.27528536
45.78000094741583,113.83161,0.7774584,0.27650613
45.78999926894903,113.80761,0.7774584,0.27772692
45.8000014051795,113.80361,0.7774584,0.27894768
45.809999726712704,113.815605,0.7774584,0.28016847
45.82000186294317,113.78761,0.7774584,0.28016847
45.830000184476376,113.743614,0.7774584,0.28138924
45.83999850600958,113.73161,0.7774584,0.28261003
45.85000064224005,113.68361,0.7774584,0.2838308
45.85999896377325,113.67161,0.7774584,0.28505158
45.87000110000372,113.65562,0.7774584,0.28627235
45.87999942153692,113.66361,0.7774584,0.28749314
45.89000155776739,113.65562,0.7774584,0.2887139
45.899999879300594,113.63962,0.7774584,0.2899347
45.9099982008338,113.64361,0.7774584,0.29115546
45.920000337064266,113.615616,0.7774584,0.29237625
45.92999865859747,113.57162,0.7774584,0.293597
45.94000079482794,113.53162,0.7774584,0.2948178
45.94999911636114,113.523605,0.7774584,0.29603857
45.96000125259161,113.491615,0.7774584,0.29725936
45.96999957412481,113.51161,0.7774584,0.29848012
45.98000171035528,113.523605,0.7774584,0.29970092
45.990000031888485,113.507614,0.7774584,0.29970092
45.99999835342169,113.451614,0.7774584,0.30214247
46.01000048965216,113.42762,0.7774584,0.30214247
46.01999881118536,113.40761,0.7774584,0.30336323
46.03000094741583,113.39161,0.7774584,0.30458403
46.03999926894903,113.36362,0.7774584,0.3058048
46.0500014051795,113.37562,0.7774584,0.30702558
46.059999726712704,113.35962,0.7774584,0.30824634
46.07000186294317,113.34361,0.7774584,0.30946714
46.080000184476376,113.34762,0.77752584,0.30946714
46.08999850600958,113.33161,0.77752584,0.3119087
46.10000064224005,113.28761,0.77752584,0.3119087
46.10999896377325,113.26762,0.77752584,0.31312945
46.12000110000372,113.26361,0.7775932,0.31435025
46.12999942153692,113.24761,0.77766055,0.315571
46.14000155776739,113.25162,0.77766055,0.315571
46.149999879300594,113.27962,0.77772796,0.3167918
46.1599982008338,113.295616,0.77786267,0.3167918
46.170000337064266,113.30361,0.77799743,0.31801257
46.17999865859747,113.31962,0.7780648,0.31801257
46.19000079482794,113.31561,0.77813214,0.31923336
46.19999911636114,113.29162,0.7782669,0.31923336
46.21000125259161,113.28761,0.7783343,0.31923336
46.21999957412481,113.327614,0.77846897,0.31923336
46.23000171035528,113.33562,0.77860373,0.31923336
46.240000031888485,113.37161,0.7787385,0.32045412
46.24999835342169,113.40761,0.77887326,0.32045412
46.26000048965216,113.42762,0.77914274,0.31923336
46.26999881118536,113.47562,0.7795469,0.31801257
46.28000094741583,113.60361,0.7800859,0.315571
46.28999926894903,113.75161,0.7808944,0.3106879
46.3000014051795,113.96361,0.7820397,0.30458403
46.309999726712704,114.25162,0.78338706,0.29603857
46.32000186294317,114.49961,0.78433025,0.29115546
46.330000184476376,114.60761,0.7845998,0.2899347
46.33999850600958,114.59961,0.7845998,0.29115546
46.35000064224005,114.59161,0.7845998,0.29237625
46.35999896377325,114.59161,0.7845998,0.293597
46.37000110000372,114.53961,0.7845998,0.2948178
46.37999942153692,114.57961,0.7845998,0.29603857
46.39000155776739,114.5716,0.78466713,0.29603857
46.399999879300594,114.53961,0.78466713,0.29725936
46.4099982008338,114.51561,0.78466713,0.29848012
46.420000337064266,114.50362,0.78466713,0.29970092
46.42999865859747,114.48761,0.78466713,0.30092168
46.44000079482794,114.423615,0.78473455,0.30214247
46.44999911636114,114.41961,0.78473455,0.30336323
46.46000125259161,114.427605,0.78473455,0.30336323
46.46999957412481,114.43161,0.78473455,0.3058048
46.48000171035528,114.423615,0.78473455,0.3058048
46.490000031888485,114.439606,0.78480184,0.30702558
46.49999835342169,114.39161,0.7848692,0.30824634
46.51000048965216,114.39161,0.78500396,0.30824634
46.51999881118536,114.40761,0.7851387,0.30824634
46.53000094741583,114.41961,0.78527343,0.30824634
46.53999926894903,114.423615,0.7854082,0.30824634
46.5500014051795,114.47961,0.78567773,0.30824634
46.559999726712704,114.56761,0.78614926,0.3058048
46.57000186294317,114.70361,0.7868903,0.30214247
46.580000184476376,114.87161,0.7877662,0.29725936
46.58999850600958,115.091606,0.78877676,0.29115546
46.60000064224005,115.25561,0.7895852,0.28627235
46.60999896377325,115.331604,0.78992206,0.28505158
46.62000110000372,115.34761,0.78992206,0.28627235
46.62999942153692,115.343605,0.78992206,0.28749314
46.64000155776739,115.33561,0.78992206,0.2887139
46.649999879300594,115.35161,0.78992206,0.2899347
46.6599982008338,115.37961,0.78992206,0.29115546
46.670000337064266,115.343605,0.78992206,0.29237625
46.67999865859747,115.303604,0.7899894,0.293597
46.69000079482794,115.2636,0.7899894,0.293597
46.69999911636114,115.23961,0.7899894,0.29603857
46.71000125259161,115.1956,0.7899894,0.29603857
46.71999957412481,115.175606,0.7899894,0.29848012
46.73000171035528,115.19161,0.79005677,0.29848012
46.740000031888485,115.18761,0.79005677,0.29970092
46.74999835342169,115.1956,0.79005677,0.30092168
46.76000048965216,115.21961,0.79005677,0.30214247
46.76999881118536,115.175606,0.79005677,0.30336323
46.78000094741583,115.107605,0.7901241,0.30336323
46.78999926894903,115.079605,0.7901241,0.30458403
46.8000014051795,115.08361,0.79019153,0.3058048
46.809999726712704,115.075615,0.79019153,0.30702558
46.82000186294317,115.09561,0.79019153,0.30824634
46.830000184476376,115.11161,0.7902589,0.30824634
46.83999850600958,115.09561,0.7902589,0.30946714
46.85000064224005,115.07161,0.7903263,0.3106879
46.85999896377325,115.10361,0.790461,0.3106879
46.87000110000372,115.08361,0.7905284,0.3119087
46.87999942153692,115.04361,0.7905957,0.3119087
46.89000155776739,115.02761,0.7906631,0.31312945
46.899999879300594,115.047615,0.79086524,0.3119087
46.9099982008338,115.09961,0.791,0.31312945
46.920000337064266,115.14361,0.7911347,0.31312945
46.92999865859747,115.19161,0.7912694,0.31312945
46.94000079482794,115.175606,0.7914042,0.31312945
46.94999911636114,115.17961,0.79160637,0.31312945
46.96000125259161,115.22761,0.79201055,0.3119087
46.96999957412481,115.30761,0.7925495,0.30946714
46.98000171035528,115.45961,0.79329056,0.30458403
46.990000031888485,115.65561,0.7942338,0.29970092
46.99999835342169,115.89561,0.795177,0.2948178
47.01000048965216,116.0716,0.795918,0.2899347
47.01999881118536,116.147606,0.79625493,0.2887139
47.03000094741583,116.175606,0.79625493,0.2899347
47.03999926894903,116.1556,0.79625493,0.29115546
47.0500014051795,116.107605,0.7963223,0.29237625
47.059999726712704,116.10361,0.7963223,0.293597
47.07000186294317,116.1156,0.7963223,0.293597
47.080000184476376,116.1116,0.7963223,0.29603857
47.08999850600958,116.0996,0.7963223,0.29603857
47.10000064224005,116.08361,0.7963223,0.29848012
47.10999896377325,116.051605,0.7963223,0.29848012
47.12000110000372,115.995605,0.7963223,0.29970092
47.12999942153692,115.9716,0.79638964,0.30092168
47.14000155776739,115.955605,0.79638964,0.30214247
47.149999879300594,115.9316,0.79638964,0.30336323
47.1599982008338,115.94761,0.79638964,0.30458403
47.170000337064266,115.96361,0.79638964,0.3058048
47.17999865859747,115.955605,0.79638964,0.3058048
47.19000079482794,115.91961,0.79638964,0.30824634
47.19999911636114,115.8876,0.79638964,0.30824634
47.21000125259161,115.859604,0.79638964,0.30946714
47.21999957412481,115.8236,0.79638964,0.3106879
47.23000171035528,115.815605,0.79638964,0.3119087
47.240000031888485,115.81161,0.79638964,0.31312945
47.24999835342169,115.80361,0.79638964,0.31435025
47.26000048965216,115.79961,0.79638964,0.315571
47.26999881118536,115.8196,0.79638964,0.3167918
47.28000094741583,115.77561,0.79638964,0.31801257
47.28999926894903,115.73561,0.79638964,0.31923336
47.3000014051795,115.6996,0.79638964,0.32045412
47.309999726712704,115.6796,0.79638964,0.3216749
47.32000186294317,115.6396,0.79638964,0.32289568
47.330000184476376,115.663605,0.79638964,0.32411647
47.33999850600958,115.68361,0.79638964,0.32533723
47.35000064224005,115.6596,0.79638964,0.32655802
47.35999896377325,115.635605,0.79638964,0.3277788
47.37000110000372,115.6116,0.79638964,0.3277788
47.37999942153692,115.61561,0.796457,0.32899958
47.39000155776739,115.55161,0.796457,0.33022034
47.399999879300594,115.55961,0.79652435,0.33144113
47.4099982008338,115.59961,0.7966591,0.33144113
47.420000337064266,115.59961,0.7967939,0.33144113
47.42999865859747,115.635605,0.79692864,0.33144113
47.44000079482794,115.663605,0.79706335,0.33144113
47.44999911636114,115.71561,0.7973328,0.33144113
47.46000125259161,115.73561,0.7976023,0.33022034
47.46999957412481,115.7956,0.7980065,0.32899958
47.48000171035528,115.89161,0.7985455,0.32655802
47.490000031888485,115.983604,0.79915184,0.32411647
47.49999835342169,116.13161,0.79982555,0.31923336
47.51000048965216,116.331604,0.800634,0.315571
47.51999881118536,116.5276,0.8015098,0.3106879
47.53000094741583,116.707596,0.8023182,0.3058048
47.53999926894903,116.8436,0.8028572,0.30336323
47.5500014051795,116.9076,0.8031267,0.30214247
47.559999726712704,116.8876,0.8031941,0.30336323
47.57000186294317,116.899605,0.8031941,0.30458403
47.580000184476376,116.8956,0.80326146,0.30458403
47.58999850600958,116.89161,0.80326146,0.3058048
47.60000064224005,116.899605,0.80326146,0.30702558
47.60999896377325,116.9156,0.8033288,0.30824634
47.62000110000372,116.8876,0.8033288,0.30946714
47.62999942153692,116.83961,0.80339617,0.30946714
47.64000155776739,116.8276,0.8034636,0.3106879
47.649999879300594,116.8076,0.80353093,0.3119087
47.6599982008338,116.77161,0.8035983,0.3119087
47.670000337064266,116.77161,0.8036657,0.31312945
47.67999865859747,116.85161,0.80380046,0.31312945
47.69000079482794,116.9076,0.8041373,0.3119087
47.69999911636114,116.9476,0.8044741,0.3106879
47.71000125259161,117.0196,0.804811,0.30946714
47.71999957412481,117.0996,0.80534995,0.30702558
47.73000171035528,117.1676,0.80602366,0.30336323
47.740000031888485,117.2956,0.8065626,0.30092168
47.74999835342169,117.4276,0.8070342,0.29848012
47.76000048965216,117.4836,0.80743843,0.29725936
47.76999881118536,117.5596,0.8077079,0.29603857
47.78000094741583,117.639595,0.80797744,0.29603857
47.78999926894903,117.675606,0.80811214,0.29603857
47.8000014051795,117.6716,0.80824685,0.29603857
47.809999726712704,117.679596,0.80831426,0.29603857
47.82000186294317,117.6196,0.80831426,0.29848012
47.830000184476376,117.5916,0.80831426,0.29848012
47.83999850600958,117.567604,0.8083816,0.29970092
47.85000064224005,117.5916,0.8083816,0.30092168
47.85999896377325,117.579605,0.8083816,0.30214247
47.87000110000372,117.5636,0.80844903,0.30214247
47.87999942153692,117.5596,0.80844903,0.30336323
47.89000155776739,117.5476,0.80844903,0.30458403
47.899999879300594,117.4956,0.80844903,0.3058048
47.9099982008338,117.4716,0.80844903,0.30702558
47.920000337064266,117.4476,0.80844903,0.30824634
47.92999865859747,117.4076,0.80844903,0.30946714
47.94000079482794,117.4116,0.80844903,0.3106879
47.94999911636114,117.4356,0.80844903,0.3119087
47.96000125259161,117.4276,0.80844903,0.31312945
47.96999957412481,117.3796,0.80844903,0.31435025
47.98000171035528,117.355606,0.80844903,0.315571
47.990000031888485,117.3236,0.80844903,0.3167918
47.99999835342169,117.275604,0.8085164,0.3167918
48.01000048965216,117.275604,0.8085164,0.31801257
48.01999881118536,117.315605,0.8085838,0.31923336
48.03000094741583,117.307594,0.80871844,0.31923336
48.03999926894903,117.315605,0.8089206,0.31923336
48.0500014051795,117.3796,0.80912274,0.31923336
48.059999726712704,117.4036,0.8093248,0.31801257
48.07000186294317,117.39561,0.8095269,0.31801257
48.080000184476376,117.4436,0.80972904,0.31801257
48.08999850600958,117.4676,0.8099985,0.31801257
48.10000064224005,117.5156,0.81040275,0.315571
48.10999896377325,117.6436,0.8110091,0.31312945
48.12000110000372,117.82359,0.8117502,0.30824634
48.12999942153692,117.9916,0.8125586,0.30336323
48.14000155776739,118.1476,0.81336707,0.29970092
48.149999879300594,118.2996,0.8140408,0.29603857
48.1599982008338,118.3836,0.81444496,0.2948178
48.170000337064266,118.3996,0.8146471,0.293597
48.17999865859747,118.40759,0.8147145,0.2948178
48.19000079482794,118.42359,0.8147145,0.29603857
48.19999911636114,118.4116,0.8147145,0.29725936
48.21000125259161,118.4116,0.8147145,0.29848012
48.21999957412481,118.3996,0.8147145,0.29970092
48.23000171035528,118.3836,0.8147145,0.30092168
48.240000031888485,118.3356,0.8147145,0.30214247
48.24999835342169,118.2836,0.8147145,0.30336323
48.26000048965216,118.251595,0.8147145,0.30458403
48.26999881118536,118.2156,0.8147145,0.3058048
48.28000094741583,118.21159,0.8147145,0.30702558
48.28999926894903,118.2276,0.8147145,0.30824634
48.3000014051795,118.235596,0.8147145,0.30946714
48.309999726712704,118.191605,0.8147145,0.30946714
48.32000186294317,118.195595,0.81478184,0.3106879
48.330000184476376,118.1516,0.81484926,0.3119087
48.33999850600958,118.0996,0.81484926,0.3119087
48.35000064224005,118.0956,0.8149166,0.31312945
48.35999896377325,118.10359,0.81498396,0.31312945
48.37000110000372,118.0996,0.81498396,0.315571
48.37999942153692,118.0996,0.8150513,0.315571
48.39000155776739,118.11559,0.8150513,0.3167918
48.399999879300594,118.1356,0.8151861,0.3167918
48.4099982008338,118.0996,0.81525344,0.31801257
48.420000337064266,118.0796,0.81525344,0.31923336
48.42999865859747,118.0596,0.81525344,0.32045412
48.44000079482794,118.0116,0.81532085,0.32045412
48.44999911636114,118.0036,0.8153882,0.3216749
48.46000125259161,118.0436,0.8155229,0.3216749
48.46999957412481,118.08759,0.8156577,0.3216749
48.48000171035528,118.1076,0.8158598,0.3216749
48.490000031888485,118.127594,0.81599456,0.3216749
48.49999835342169,118.127594,0.81612927,0.3216749
48.51000048965216,118.1116,0.81639874,0.3216749
48.51999881118536,118.1636,0.8166682,0.32045412
48.53000094741583,118.251595,0.81720716,0.31801257
48.53999926894903,118.3836,0.8178809,0.315571
48.5500014051795,118.53959,0.81855464,0.3106879
48.559999726712704,118.73959,0.81929564,0.30824634
48.57000186294317,118.887596,0.819902,0.30336323
48.580000184476376,118.9836,0.82050836,0.30092168
48.58999850600958,119.05959,0.8208452,0.29970092
48.60000064224005,119.055595,0.8209126,0.30092168
48.60999896377325,119.00359,0.8209126,0.30214247
48.62000110000372,119.00359,0.8209126,0.30336323
48.62999942153692,119.027596,0.8209126,0.30336323
48.64000155776739,119.00759,0.8209126,0.3058048
48.649999879300594,119.0116,0.8209126,0.3058048
48.6599982008338,118.99159,0.8209126,0.30824634
48.670000337064266,118.95159,0.8209126,0.30824634
48.67999865859747,118.887596,0.8209126,0.30946714
48.69000079482794,118.8556,0.8209126,0.3106879
48.69999911636114,118.8556,0.8209126,0.3119087
48.71000125259161,118.83159,0.8209126,0.31312945
48.71999957412481,118.807594,0.8209126,0.31435025
48.73000171035528,118.8556,0.8209126,0.315571
48.740000031888485,118.835594,0.8209126,0.3167918
48.74999835342169,118.7876,0.8209126,0.31801257
48.76000048965216,118.75559,0.8209126,0.31923336
48.76999881118536,118.71559,0.8209126,0.32045412
48.78000094741583,118.6556,0.8209126,0.3216749
48.78999926894903,118.64759,0.82097995,0.3216749
48.8000014051795,118.667595,0.8210473,0.32289568
48.809999726712704,118.6636,0.8210473,0.32411647
48.82000186294317,118.6556,0.8211147,0.32411647
48.830000184476376,118.6636,0.8211821,0.32533723
48.83999850600958,118.6636,0.8212495,0.32533723
48.85000064224005,118.6236,0.82131684,0.32655802
48.85999896377325,118.611595,0.82145154,0.32655802
48.87000110000372,118.60759,0.8215189,0.3277788
48.87999942153692,118.60759,0.82165366,0.3277788
48.89000155776739,118.6276,0.82178843,0.3277788
48.899999879300594,118.6836,0.8218557,0.32899958
48.9099982008338,118.69959,0.8219905,0.32899958
48.920000337064266,118.6756,0.8220579,0.32899958
48.92999865859747,118.67159,0.8220579,0.33022034
48.94000079482794,118.639595,0.82212526,0.33144113
48.94999911636114,118.6036,0.82226,0.33144113
48.96000125259161,118.6156,0.8223274,0.3326619
48.96999957412481,118.6236,0.8223274,0.3338827
48.98000171035528,118.6356,0.8224621,0.3338827
48.990000031888485,118.639595,0.8225295,0.3338827
48.99999835342169,118.679596,0.8226642,0.33510345
49.01000048965216,118.71559,0.8230011,0.3338827
49.01999881118536,118.72759,0.823338,0.3326619
49.03000094741583,118.78359,0.82374215,0.33022034
49.03999926894903,118.9076,0.82441586,0.3277788
49.0500014051795,119.0116,0.8250222,0.32411647
49.059999726712704,119.1476,0.8256959,0.3216749
49.07000186294317,119.32759,0.82630223,0.31801257
49.080000184476376,119.42759,0.8267738,0.315571
49.08999850600958,119.47159,0.82704335,0.315571
49.10000064224005,119.50359,0.8271107,0.315571
49.10999896377325,119.49559,0.82717806,0.315571
49.12000110000372,119.45559,0.82717806,0.3167918
49.12999942153692,119.41959,0.82717806,0.31801257
49.14000155776739,119.40359,0.82717806,0.31923336
49.149999879300594,119.391594,0.82717806,0.32045412
49.1599982008338,119.363594,0.82717806,0.3216749
49.170000337064266,119.3716,0.82717806,0.32289568
49.17999865859747,119.33559,0.82717806,0.32411647
49.19000079482794,119.291595,0.82717806,0.32533723
49.19999911636114,119.25559,0.82717806,0.32655802
49.21000125259161,119.235596,0.8272454,0.3277788
49.21999957412481,119.1876,0.8272454,0.3277788
49.23000171035528,119.195595,0.8272454,0.32899958
49.240000031888485,119.20359,0.8273128,0.33022034
49.24999835342169,119.19159,0.8273802,0.33144113
49.26000048965216,119.16359,0.82744753,0.33144113
49.26999881118536,119.1476,0.82744753,0.3326619
49.28000094741583,119.12359,0.82744753,0.3338827
49.28999926894903,119.07559,0.82751495,0.3338827
49.3000014051795,119.05959,0.82751495,0.33510345
49.309999726712704,119.05959,0.82751495,0.33632424
49.32000186294317,119.0396,0.8275823,0.337545
49.330000184476376,119.03159,0.8276497,0.337545
49.33999850600958,119.04759,0.827717,0.3387658
49.35000064224005,119.043594,0.8279191,0.3387658
49.35999896377325,119.043594,0.8281213,0.3387658
49.37000110000372,119.0916,0.8285255,0.337545
49.37999942153692,119.15159,0.82879496,0.33632424
49.39000155776739,119.18359,0.8291992,0.3338827
49.399999879300594,119.251595,0.8296708,0.3326619
49.4099982008338,119.363594,0.8302098,0.32899958
49.420000337064266,119.527596,0.8310182,0.32533723
49.42999865859747,119.67959,0.8318267,0.32045412
49.44000079482794,119.847595,0.8326351,0.3167918
49.44999911636114,119.97959,0.83324146,0.31312945
49.46000125259161,119.97559,0.8335783,0.3119087
49.46999957412481,119.99959,0.83364564,0.31312945
49.48000171035528,119.96359,0.83364564,0.31312945
49.490000031888485,119.919586,0.83364564,0.315571
49.49999835342169,119.903595,0.83364564,0.315571
49.51000048965216,119.875595,0.83364564,0.31801257
49.51999881118536,119.81559,0.83364564,0.31801257
49.53000094741583,119.7436,0.83364564,0.31923336
49.53999926894903,119.68359,0.833713,0.32045412
49.5500014051795,119.6236,0.833713,0.3216749
49.559999726712704,119.50759,0.8337804,0.3216749
49.57000186294317,119.41959,0.83384776,0.32411647
49.580000184476376,119.363594,0.83384776,0.32411647
49.58999850600958,119.263596,0.8339825,0.32411647
49.60000064224005,119.17559,0.8341846,0.32411647
49.60999896377325,119.0516,0.83431935,0.32411647
49.62000110000372,118.807594,0.8345888,0.32411647
49.62999942153692,118.195595,0.8349257,0.32289568
49.64000155776739,99.347664,0.83526254,0.3216749
49.649999879300594,44.66385,0.8356668,0.32045412
49.6599982008338,43.191853,0.8362057,0.31801257
49.670000337064266,43.731853,0.83694685,0.31312945
49.67999865859747,43.075855,0.83789,0.30824634
49.69000079482794,43.56385,0.8391027,0.30092168
49.69999911636114,43.075855,0.84018064,0.293597
49.71000125259161,43.259853,0.84092176,0.2899347
49.71999957412481,43.53585,0.84132594,0.2887139
49.73000171035528,43.35985,0.84146065,0.2887139
49.740000031888485,43.42785,0.8415954,0.2887139
49.74999835342169,43.347855,0.84166276,0.2899347
49.76000048965216,43.351852,0.84179753,0.2899347
49.76999881118536,43.44785,0.8418649,0.2899347
49.78000094741583,43.41585,0.8419996,0.29115546
49.78999926894903,43.44785,0.84213436,0.29115546
49.8000014051795,43.39585,0.8422691,0.29115546
49.809999726712704,43.239853,0.84247124,0.29115546
49.82000186294317,43.39585,0.84280807,0.2899347
49.830000184476376,43.159855,0.84307754,0.2887139
49.83999850600958,43.46785,0.8434144,0.2887139
49.85000064224005,43.327854,0.84381866,0.28627235
49.85999896377325,43.44385,0.84429026,0.2838308
49.87000110000372,43.343853,0.8447618,0.28261003
49.87999942153692,43.347855,0.8453008,0.27894768
49.89000155776739,43.431854,0.845705,0.27772692
49.899999879300594,43.407856,0.84583974,0.27772692
49.9099982008338,43.42785,0.84583974,0.27894768
49.920000337064266,43.44385,0.84590715,0.28016847
49.92999865859747,43.31585,0.84590715,0.28138924
49.94000079482794,43.35985,0.84590715,0.28261003
49.94999911636114,43.29185,0.8459745,0.28261003
49.96000125259161,43.339855,0.8459745,0.2838308
49.96999957412481,43.299854,0.8459745,0.28505158
49.98000171035528,43.38385,0.84604186,0.28627235
49.990000031888485,43.347855,0.84604186,0.28749314
49.99999835342169,43.343853,0.84604186,0.2887139
50.01000048965216,43.371853,0.84604186,0.2899347
50.01999881118536,43.37585,0.84604186,0.2899347
50.03000094741583,43.431854,0.84604186,0.29237625
50.03999926894903,43.347855,0.84604186,0.29237625
50.0500014051795,43.419853,0.84604186,0.293597
50.059999726712704,43.35585,0.84604186,0.2948178
50.07000186294317,43.331852,0.84604186,0.29603857
50.080000184476376,43.26385,0.84604186,0.29725936
50.08999850600958,43.307854,0.84604186,0.29848012
50.10000064224005,43.303852,0.84604186,0.29970092
50.10999896377325,43.363853,0.84604186,0.30092168
50.12000110000372,43.367855,0.84604186,0.30214247
50.12999942153692,43.351852,0.84604186,0.30336323
50.14000155776739,43.331852,0.8461093,0.30336323
50.149999879300594,43.343853,0.8461093,0.30458403
50.1599982008338,43.411854,0.8461093,0.3058048
50.170000337064266,43.39585,0.8461766,0.30702558
50.17999865859747,43.41585,0.84631133,0.30824634
50.19000079482794,43.35585,0.84631133,0.30824634
50.19999911636114,43.29585,0.8464461,0.30824634
50.21000125259161,43.25585,0.84651345,0.30946714
50.21999957412481,43.29585,0.84658086,0.30946714
50.23000171035528,43.35985,0.84658086,0.3106879
50.240000031888485,43.343853,0.8466482,0.3119087
50.24999835342169,43.323853,0.8467156,0.3119087
50.26000048965216,43.323853,0.8467829,0.31312945
50.26999881118536,43.307854,0.84685034,0.31312945
50.28000094741583,43.343853,0.84685034,0.31435025
50.28999926894903,43.391853,0.8469177,0.315571
50.3000014051795,43.419853,0.84698504,0.315571
50.309999726712704,43.35585,0.84698504,0.31801257
50.32000186294317,43.351852,0.84705245,0.31801257
50.330000184476376,43.323853,0.8472546,0.31801257
50.33999850600958,43.29185,0.84745663,0.31801257
50.35000064224005,43.323853,0.84772617,0.3167918
50.35999896377325,43.363853,0.8481304,0.315571
50.37000110000372,43.327854,0.8485346,0.31312945
50.37999942153692,43.31185,0.84914094,0.3106879
50.39000155776739,43.31185,0.849882,0.30702558
50.399999879300594,43.343853,0.8508252,0.30214247
50.4099982008338,43.351852,0.85190314,0.29603857
50.420000337064266,43.319855,0.8526442,0.29115546
50.42999865859747,43.351852,0.8529137,0.2899347
50.44000079482794,43.327854,0.8529137,0.29115546
50.44999911636114,43.319855,0.8529137,0.29237625
50.46000125259161,43.31585,0.8529137,0.293597
50.46999957412481,43.319855,0.8529137,0.2948178
50.48000171035528,43.29585,0.8529137,0.29603857
50.490000031888485,43.33585,0.8529137,0.29725936
50.49999835342169,43.347855,0.8529137,0.29848012
50.51000048965216,43.339855,0.8529137,0.29970092
50.51999881118536,43.347855,0.8529137,0.30092168
50.53000094741583,43.35985,0.8529137,0.30214247
50.53999926894903,43.323853,0.8529137,0.30336323
50.5500014051795,43.33585,0.8529137,0.30336323
50.559999726712704,43.363853,0.8529811,0.30458403
50.57000186294317,43.347855,0.8529811,0.3058048
50.580000184476376,43.31185,0.8529811,0.30702558
50.58999850600958,43.28385,0.85304844,0.30824634
50.60000064224005,43.307854,0.85304844,0.30946714
50.60999896377325,43.323853,0.85304844,0.30946714
50.62000110000372,43.323853,0.85304844,0.3106879
50.62999942153692,43.379852,0.8531158,0.3119087
50.64000155776739,43.35585,0.8531158,0.31312945
50.649999879300594,43.303852,0.85318315,0.31312945
50.6599982008338,43.339855,0.85325056,0.31435025
50.670000337064266,43.33585,0.8533179,0.315571
50.67999865859747,43.331852,0.8533179,0.315571
50.69000079482794,43.339855,0.85338527,0.3167918
50.69999911636114,43.319855,0.8534527,0.31801257
50.71000125259161,43.303852,0.85358745,0.31801257
50.71999957412481,43.287853,0.8537895,0.31801257
50.73000171035528,43.307854,0.8539916,0.31801257
50.740000031888485,43.343853,0.8542611,0.3167918
50.74999835342169,43.363853,0.854598,0.315571
50.76000048965216,43.367855,0.8550696,0.31312945
50.76999881118536,43.35985,0.8557433,0.3106879
50.78000094741583,43.319855,0.8565517,0.3058048
50.78999926894903,43.319855,0.8574949,0.30092168
50.8000014051795,43.347855,0.8583707,0.29603857
50.809999726712704,43.307854,0.85877496,0.293597
50.82000186294317,43.287853,0.8588423,0.293597
50.830000184476376,43.29185,0.8588423,0.2948178
50.83999850600958,43.267853,0.8588423,0.29603857
50.85000064224005,43.29185,0.8588423,0.29725936
50.85999896377325,43.31585,0.8588423,0.29848012
50.87000110000372,43.351852,0.8588423,0.29970092
50.87999942153692,43.351852,0.8588423,0.30092168
50.89000155776739,43.33585,0.8588423,0.30214247
50.899999879300594,43.347855,0.8588423,0.30336323
50.9099982008338,43.367855,0.8588423,0.30458403
50.920000337064266,43.323853,0.8588423,0.3058048
50.92999865859747,43.33585,0.8588423,0.30702558
50.94000079482794,43.331852,0.8588423,0.30824634
50.94999911636114,43.29585,0.8588423,0.30946714
50.96000125259161,43.29585,0.8588423,0.3106879
50.96999957412481,43.307854,0.8588423,0.3119087
50.98000171035528,43.307854,0.8588423,0.31312945
50.990000031888485,43.299854,0.8588423,0.31312945
50.99999835342169,43.319855,0.8588423,0.31435025
51.01000048965216,43.343853,0.8588423,0.315571
51.01999881118536,43.331852,0.8588423,0.3167918
51.03000094741583,43.347855,0.8588423,0.31801257
51.03999926894903,43.339855,0.8588423,0.31923336
51.0500014051795,43.31585,0.8588423,0.32045412
51.059999726712704,43.303852,0.8589097,0.3216749
51.07000186294317,43.31585,0.8589097,0.32289568
51.080000184476376,43.327854,0.8589097,0.32411647
51.08999850600958,43.307854,0.858977,0.32411647
51.10000064224005,43.31585,0.858977,0.32533723
51.10999896377325,43.31185,0.85904443,0.32655802
51.12000110000372,43.29585,0.8591792,0.32655802
51.12999942153692,43.323853,0.85924655,0.3277788
51.14000155776739,43.351852,0.8593139,0.3277788
51.149999879300594,43.351852,0.8594487,0.3277788
51.1599982008338,43.323853,0.8595834,0.3277788
51.170000337064266,43.31585,0.8597855,0.3277788
51.17999865859747,43.331852,0.8599877,0.3277788
51.19000079482794,43.29585,0.8602571,0.32655802
51.19999911636114,43.323853,0.8606613,0.32533723
51.21000125259161,43.33585,0.8612003,0.32289568
51.21999957412481,43.31185,0.861874,0.31923336
51.23000171035528,43.303852,0.86254776,0.315571
51.240000031888485,43.307854,0.86328876,0.3119087
51.24999835342169,43.31185,0.8638951,0.30824634
51.26000048965216,43.299854,0.8643667,0.30702558
51.26999881118536,43.319855,0.8647036,0.3058048
51.28000094741583,43.327854,0.8648383,0.3058048
51.28999926894903,43.323853,0.86497307,0.3058048
51.3000014051795,43.299854,0.8650404,0.30702558
51.309999726712704,43.33585,0.8650404,0.30824634
51.32000186294317,43.327854,0.86510783,0.30824634
51.330000184476376,43.287853,0.86510783,0.30946714
51.33999850600958,43.31585,0.86510783,0.3106879
51.35000064224005,43.323853,0.86510783,0.3119087
51.35999896377325,43.299854,0.8651752,0.31312945
51.37000110000372,43.307854,0.8651752,0.31312945
51.37999942153692,43.327854,0.8651752,0.31435025
51.39000155776739,43.307854,0.8651752,0.315571
51.399999879300594,43.307854,0.8651752,0.3167918
51.4099982008338,43.331852,0.86524254,0.31801257
51.420000337064266,43.327854,0.86524254,0.31923336
51.42999865859747,43.303852,0.86524254,0.32045412
51.44000079482794,43.29185,0.8653099,0.32045412
51.44999911636114,43.29585,0.86537725,0.3216749
51.46000125259161,43.299854,0.865512,0.3216749
51.46999957412481,43.29585,0.86557937,0.32289568
51.48000171035528,43.33585,0.86571413,0.32289568
51.490000031888485,43.331852,0.86578155,0.32411647
51.49999835342169,43.31185,0.86591625,0.32411647
51.51000048965216,43.339855,0.8661184,0.32411647
51.51999881118536,43.327854,0.8661857,0.32411647
51.53000094741583,43.303852,0.8661857,0.32533723
51.53999926894903,43.327854,0.8663205,0.32533723
51.5500014051795,43.31585,0.8664552,0.32533723
51.559999726712704,43.29185,0.86652255,0.32655802
51.57000186294317,43.29585,0.8667247,0.32533723
51.580000184476376,43.31185,0.86706156,0.32533723
51.58999850600958,43.31185,0.86739844,0.32411647
51.60000064224005,43.307854,0.8678026,0.32289568
51.60999896377325,43.31585,0.86813945,0.32045412
51.62000110000372,43.35585,0.8685437,0.31923336
51.62999942153692,43.339855,0.868948,0.31801257
51.64000155776739,43.319855,0.8694869,0.315571
51.649999879300594,43.347855,0.8700932,0.3119087
51.6599982008338,43.319855,0.87076694,0.30824634
51.670000337064266,43.287853,0.8713733,0.3058048
51.67999865859747,43.299854,0.8717101,0.30458403
51.69000079482794,43.31185,0.87191224,0.30336323
51.69999911636114,43.29585,0.87211436,0.30336323
51.71000125259161,43.31185,0.8723165,0.30336323
51.71999957412481,43.323853,0.8724512,0.30336323
51.73000171035528,43.327854,0.87258595,0.30336323
51.740000031888485,43.319855,0.8727881,0.30336323
51.74999835342169,43.327854,0.87305754,0.30336323
51.76000048965216,43.343853,0.873327,0.30214247
51.76999881118536,43.319855,0.87359655,0.30214247
51.78000094741583,43.31185,0.8739334,0.29970092
51.78999926894903,43.31585,0.87433755,0.29848012
51.8000014051795,43.29185,0.8748092,0.29603857
51.809999726712704,43.303852,0.8752808,0.2948178
51.82000186294317,43.31585,0.8757524,0.29237625
51.830000184476376,43.307854,0.8761566,0.29115546
51.83999850600958,43.299854,0.87649345,0.2899347
51.85000064224005,43.323853,0.87683034,0.2887139
51.85999896377325,43.327854,0.87709975,0.28749314
51.87000110000372,43.327854,0.8772345,0.2887139
51.87999942153692,43.327854,0.8773693,0.2887139
51.89000155776739,43.319855,0.8773693,0.2899347
51.899999879300594,43.31585,0.8774367,0.2899347
51.9099982008338,43.299854,0.877504,0.29115546
51.920000337064266,43.31185,0.87757134,0.29115546
51.92999865859747,43.307854,0.87763876,0.29237625
51.94000079482794,43.29585,0.87763876,0.293597
51.94999911636114,43.303852,0.87763876,0.293597
51.96000125259161,43.323853,0.87763876,0.29603857
51.96999957412481,43.307854,0.87763876,0.29603857
51.98000171035528,43.31185,0.87763876,0.29848012
51.990000031888485,43.327854,0.87763876,0.29848012
51.99999835342169,43.319855,0.8777061,0.29970092
52.01000048965216,43.31585,0.8777061,0.30092168
52.01999881118536,43.319855,0.8777735,0.30214247
52.03000094741583,43.323853,0.8777735,0.30214247
52.03999926894903,43.31185,0.8777735,0.30336323
52.0500014051795,43.319855,0.8777735,0.30458403
52.059999726712704,43.331852,0.8777735,0.3058048
52.07000186294317,43.33585,0.8777735,0.30702558
52.080000184476376,43.327854,0.8777735,0.30824634
52.08999850600958,43.339855,0.8777735,0.30946714
