"TEST_HEADER_START","Data source","Date","Time","Start Timestamp","End Timestamp","Specimen identifier","TEST_HEADER_END","SPECIMEN_HEADER_START","Specimen type","Thickness (mm)","Area (sq mm)","Axial Gauge Length (mm)","Transverse Gauge Length (mm)","Grip Separation (mm)","SPECIMEN_HEADER_END","RESULTS_HEADER_START","Displacement at 0.000 N (%) ","Displacement at Maximum Load (%) ","Extension at Max Load (mm) ","Load at Break (N) ","Load at Max Position (N) ","RESULTS_HEADER_END"
"TEST_INFO_START","L180-192-2C-2026-04-19-14-11-47.mtwData","2026-04-19","14:11:47","2026-04-19 14:11:47.114","2026-04-19 14:11:47.165","32","TEST_INFO_END","SPECIMEN_INFO_START","Thickness",10.2,999999.9,7.6199994,7.6199994,25.0,"SPECIMEN_INFO_END","RESULTS_INFO_START","0.00","N/A","N/A","N/A","N/A","N/A","N/A","N/A","N/A","N/A","11.01","0.839","43.508","RESULTS_INFO_END"

"Time","Load (N)","Position (mm)","Control Out (V)"
0.0,0.19599932,0.0,0.39370078
0.01000000536441803,0.33199888,0.0011453028,0.3875969
0.019999995827674866,0.47999835,0.0026948298,0.37783068
0.030000001192092896,0.6479978,0.0046485816,0.3656229
0.03999999165534973,0.82399714,0.006400221,0.3546359
0.04999999701976776,0.87599707,0.007949749,0.34486967
0.06000000238418579,0.93599683,0.009634018,0.33510345
0.06999999284744263,1.0279964,0.011318286,0.32411647
0.07999999821186066,1.1399962,0.01253096,0.3167918
0.09000000357627869,1.2399957,0.013474151,0.3119087
0.09999999403953552,1.3799952,0.014484712,0.3058048
0.10999999940395355,1.5719947,0.015562643,0.29970092
0.12000000476837158,1.743994,0.016505836,0.293597
0.12999999523162842,1.791994,0.017112171,0.29115546
0.13999998569488525,1.7479941,0.017246913,0.29115546
0.15000000596046448,1.6479943,0.017246913,0.29237625
0.1599999964237213,1.5439948,0.017246913,0.293597
0.16999998688697815,1.5959946,0.017246913,0.2948178
0.18000000715255737,1.6639943,0.017246913,0.29603857
0.1899999976158142,1.8159938,0.017246913,0.29725936
0.19999998807907104,1.8559936,0.017246913,0.29725936
0.21000000834465027,1.9079934,0.017246913,0.29970092
0.2199999988079071,1.8399937,0.017246913,0.29970092
0.22999998927116394,1.7359941,0.017246913,0.30092168
0.24000000953674316,1.6359944,0.017246913,0.30214247
0.25,1.5919946,0.017246913,0.30336323
0.25999999046325684,1.6159946,0.017246913,0.30458403
0.27000001072883606,1.6719943,0.017246913,0.3058048
0.2800000011920929,1.8359938,0.017314283,0.30702558
0.28999999165534973,1.8879936,0.017381655,0.30702558
0.30000001192092896,1.8879936,0.017449025,0.30824634
0.3100000023841858,1.8239937,0.017583765,0.30824634
0.3199999928474426,1.7479941,0.017718507,0.30824634
0.32999998331069946,1.6639943,0.01792062,0.30824634
0.3400000035762787,1.6599942,0.018257475,0.30702558
0.3499999940395355,1.7719939,0.018661698,0.3058048
0.35999998450279236,1.8879936,0.019133294,0.30336323
0.3700000047683716,2.0119932,0.019807,0.29970092
0.3799999952316284,2.1279929,0.02061545,0.29603857
0.38999998569488525,2.2359924,0.02149127,0.2899347
0.3999999761581421,2.2279925,0.022434462,0.28627235
0.4100000262260437,2.1599927,0.022973426,0.28261003
0.42000001668930054,2.0799928,0.023040798,0.2838308
0.4300000071525574,1.9799932,0.023040798,0.2838308
0.4399999976158142,2.019993,0.023108168,0.28505158
0.44999998807907104,2.1839926,0.023108168,0.28627235
0.4599999785423279,2.367992,0.023108168,0.28749314
0.4699999690055847,2.4719915,0.02317554,0.28749314
0.48000001907348633,2.4879916,0.02317554,0.2887139
0.49000000953674316,2.3919919,0.02324291,0.2899347
0.5,2.2399924,0.023310281,0.2899347
0.5099999904632568,2.1079926,0.023445023,0.29115546
0.5199999809265137,2.0559928,0.023512393,0.29115546
0.5299999713897705,2.1079926,0.023579761,0.29237625
0.5400000214576721,2.2359924,0.023647133,0.29237625
0.550000011920929,2.383992,0.023781875,0.293597
0.5600000023841858,2.5039916,0.023916617,0.293597
0.5699999928474426,2.5319912,0.024118729,0.293597
0.5799999833106995,2.4639916,0.024388213,0.29237625
0.5899999737739563,2.343992,0.024725065,0.29115546
0.6000000238418579,2.2519925,0.02512929,0.2899347
0.6100000143051147,2.2319922,0.025533514,0.2887139
0.6200000047683716,2.339992,0.02600511,0.28627235
0.6299999952316284,2.4999914,0.026611445,0.2838308
0.6399999856948853,2.7159908,0.027285155,0.27894768
0.6499999761581421,2.8559904,0.028093604,0.27528536
0.6600000262260437,2.94799,0.02876731,0.27162302
0.6700000166893005,2.8679903,0.028969424,0.27040225
0.6800000071525574,2.6799908,0.028969424,0.27162302
0.6899999976158142,2.5559912,0.028969424,0.2728438
0.699999988079071,2.5159914,0.028969424,0.27406457
0.7099999785423279,2.6079912,0.028969424,0.27528536
0.7199999690055847,2.7959905,0.028969424,0.27650613
0.7300000190734863,2.98399,0.028969424,0.27772692
0.7400000095367432,3.0599897,0.029036794,0.27894768
0.75,2.98399,0.029036794,0.28016847
0.7599999904632568,2.8359904,0.029036794,0.28138924
0.7699999809265137,2.6519911,0.029036794,0.28138924
0.7799999713897705,2.5119913,0.029036794,0.2838308
0.7900000214576721,2.5159914,0.029104164,0.2838308
0.800000011920929,2.6519911,0.029104164,0.28505158
0.8100000023841858,2.8279903,0.029104164,0.28627235
0.8199999928474426,2.95199,0.029104164,0.28749314
0.8299999833106995,3.0199897,0.029104164,0.2887139
0.8399999737739563,2.9679897,0.029104164,0.2899347
0.8500000238418579,2.8199902,0.029104164,0.29115546
0.8600000143051147,2.6319911,0.029104164,0.29115546
0.8700000047683716,2.5519915,0.029104164,0.293597
0.8799999952316284,2.5439913,0.029104164,0.293597
0.8899999856948853,2.6839907,0.029171536,0.2948178
0.8999999761581421,2.8799903,0.029238906,0.29603857
0.9099999666213989,3.0399897,0.029306278,0.29603857
0.9199999570846558,3.0319896,0.029306278,0.29725936
0.9299999475479126,2.91999,0.029306278,0.29848012
0.940000057220459,2.7759907,0.029306278,0.29970092
0.9500000476837158,2.6119912,0.029373648,0.30092168
0.9600000381469727,2.5439913,0.029373648,0.30092168
0.9700000286102295,2.6079912,0.02944102,0.30214247
0.9800000190734863,2.7479906,0.02944102,0.30336323
0.9900000095367432,2.8759902,0.02950839,0.30458403
1.0,3.00399,0.02950839,0.3058048
1.0099999904632568,3.0159898,0.02957576,0.3058048
1.0199999809265137,2.93999,0.02957576,0.30702558
1.0299999713897705,2.7639906,0.02964313,0.30824634
1.0399999618530273,2.655991,0.02964313,0.30946714
1.0499999523162842,2.6119912,0.02964313,0.30946714
1.059999942779541,2.643991,0.02964313,0.3119087
1.0700000524520874,2.7879906,0.029710501,0.3119087
1.0800000429153442,2.94799,0.029777871,0.31312945
1.090000033378601,3.0359895,0.029845243,0.31312945
1.100000023841858,3.00399,0.029979983,0.31435025
1.1100000143051147,2.93599,0.029979983,0.31435025
1.1200000047683716,2.7959905,0.030047355,0.315571
1.1299999952316284,2.6519911,0.030047355,0.3167918
1.1399999856948853,2.6359909,0.030114727,0.3167918
1.149999976158142,2.7119908,0.030182095,0.31801257
1.159999966621399,2.8439906,0.030316839,0.31801257
1.1699999570846558,3.0119896,0.030451579,0.31801257
1.1799999475479126,3.1239893,0.03072106,0.31801257
1.190000057220459,3.1239893,0.030990543,0.3167918
1.2000000476837158,3.0199897,0.031260025,0.3167918
1.2100000381469727,2.91599,0.031664252,0.31435025
1.2200000286102295,2.86399,0.032203216,0.31312945
1.2300000190734863,2.8519902,0.032742184,0.30946714
1.2400000095367432,3.00399,0.03334852,0.3058048
1.25,3.203989,0.03422434,0.30214247
1.2599999904632568,3.4479883,0.03516753,0.29603857
1.2699999809265137,3.547988,0.035841238,0.293597
1.2799999713897705,3.547988,0.03624546,0.29115546
1.2899999618530273,3.443988,0.036514945,0.2899347
1.2999999523162842,3.3079886,0.03678443,0.2899347
1.309999942779541,3.243989,0.037053913,0.2887139
1.3200000524520874,3.3319888,0.037390765,0.28749314
1.3300000429153442,3.4599884,0.03779499,0.28627235
1.340000033378601,3.6479874,0.038199216,0.2838308
1.350000023841858,3.795987,0.03860344,0.28261003
1.3600000143051147,3.8599868,0.038872924,0.28138924
1.3700000047683716,3.759987,0.039007664,0.28261003
1.3799999952316284,3.6279879,0.039007664,0.2838308
1.3899999856948853,3.4959881,0.039007664,0.28505158
1.399999976158142,3.4359884,0.039007664,0.28627235
1.409999966621399,3.499988,0.039007664,0.28749314
1.4199999570846558,3.6439877,0.039075036,0.28749314
1.4299999475479126,3.7879872,0.039075036,0.2887139
1.440000057220459,3.8639867,0.039075036,0.2899347
1.4500000476837158,3.8719869,0.039075036,0.29115546
1.4600000381469727,3.7639873,0.039075036,0.29237625
1.4700000286102295,3.6159878,0.039075036,0.293597
1.4800000190734863,3.4919882,0.039075036,0.2948178
1.4900000095367432,3.4759881,0.039075036,0.29603857
1.5,3.499988,0.039075036,0.29725936
1.5099999904632568,3.6279879,0.039075036,0.29725936
1.5199999809265137,3.7679873,0.039075036,0.29970092
1.5299999713897705,3.8639867,0.039075036,0.29970092
1.5399999618530273,3.8359869,0.039075036,0.30092168
1.5499999523162842,3.7199874,0.039075036,0.30214247
1.559999942779541,3.5919876,0.039075036,0.30336323
1.5700000524520874,3.4959881,0.039075036,0.30458403
1.5800000429153442,3.463988,0.039075036,0.3058048
1.590000033378601,3.547988,0.039075036,0.30702558
1.600000023841858,3.6719875,0.039075036,0.30824634
1.6100000143051147,3.783987,0.039075036,0.30946714
1.6200000047683716,3.843987,0.039075036,0.3106879
1.6299999952316284,3.8359869,0.039075036,0.3119087
1.6399999856948853,3.7079875,0.039075036,0.31312945
1.649999976158142,3.5799878,0.039142404,0.31312945
1.659999966621399,3.507988,0.039142404,0.31435025
1.6699999570846558,3.499988,0.039142404,0.315571
1.6799999475479126,3.5559878,0.039142404,0.3167918
1.690000057220459,3.6959875,0.039209776,0.31801257
1.7000000476837158,3.8399868,0.039344516,0.31801257
1.7100000381469727,3.8639867,0.039411888,0.31923336
1.7200000286102295,3.823987,0.039479256,0.31923336
1.7300000190734863,3.7359872,0.039546628,0.32045412
1.7400000095367432,3.603988,0.03968137,0.32045412
1.75,3.539988,0.03981611,0.32045412
1.7599999904632568,3.5719879,0.040152967,0.31923336
1.7699999809265137,3.7119873,0.04048982,0.31801257
1.7799999713897705,3.827987,0.040759303,0.3167918
1.7899999618530273,3.9159868,0.040894046,0.31801257
1.7999999523162842,3.9639864,0.040894046,0.31923336
1.809999942779541,3.8959866,0.04096142,0.31923336
1.8200000524520874,3.795987,0.041028786,0.32045412
1.8300000429153442,3.7319872,0.041096155,0.32045412
1.840000033378601,3.7239873,0.041163526,0.3216749
1.850000023841858,3.7279873,0.041230895,0.3216749
1.8600000143051147,3.823987,0.04136564,0.32289568
1.869999885559082,3.9359868,0.04150038,0.32289568
1.880000114440918,4.0119863,0.041769862,0.3216749
1.8900001049041748,4.031986,0.042106718,0.32045412
1.9000000953674316,4.039986,0.042578313,0.31923336
1.9100000858306885,4.0159864,0.04318465,0.315571
1.9200000762939453,3.9959865,0.043993097,0.3119087
1.9300000667572021,4.055986,0.04500366,0.3058048
1.940000057220459,4.1639857,0.04587948,0.30092168
1.9500000476837158,4.2599854,0.04668793,0.29603857
1.9600000381469727,4.3799853,0.04749638,0.29115546
1.9700000286102295,4.4879847,0.048035342,0.2887139
1.9800000190734863,4.5159845,0.048304826,0.2887139
1.9900000095367432,4.4799848,0.048372198,0.2887139
2.0,4.459985,0.048372198,0.2899347
2.009999990463257,4.439985,0.048372198,0.29115546
2.0199999809265137,4.451985,0.048372198,0.29237625
2.0299999713897705,4.491985,0.048372198,0.293597
2.0399999618530273,4.567984,0.04843957,0.293597
2.049999952316284,4.579984,0.04843957,0.29603857
2.059999942779541,4.5639844,0.04843957,0.29603857
2.069999933242798,4.5399847,0.04843957,0.29725936
2.0799999237060547,4.5079846,0.04843957,0.29848012
2.0899999141693115,4.431985,0.04843957,0.29970092
2.0999999046325684,4.431985,0.04843957,0.30092168
2.109999895095825,4.455985,0.04850694,0.30214247
2.119999885559082,4.4959846,0.04850694,0.30336323
2.130000114440918,4.5359845,0.04850694,0.30458403
2.140000104904175,4.567984,0.04850694,0.3058048
2.1500000953674316,4.5759845,0.04850694,0.30702558
2.1600000858306885,4.511985,0.04850694,0.30702558
2.1700000762939453,4.4999847,0.04857431,0.30824634
2.180000066757202,4.4679847,0.04857431,0.30946714
2.190000057220459,4.4479847,0.04857431,0.3106879
2.200000047683716,4.459985,0.04857431,0.3119087
2.2100000381469727,4.523985,0.04864168,0.3119087
2.2200000286102295,4.5559845,0.04864168,0.31312945
2.2300000190734863,4.5599847,0.048709054,0.31435025
2.240000009536743,4.5839844,0.04877642,0.315571
2.25,4.567984,0.048843794,0.315571
2.259999990463257,4.5079846,0.048843794,0.3167918
2.2699999809265137,4.455985,0.048911165,0.3167918
2.2799999713897705,4.4799848,0.048978537,0.31801257
2.2899999618530273,4.5079846,0.049113274,0.31801257
2.299999952316284,4.5519843,0.049248017,0.31923336
2.309999942779541,4.6439843,0.049517497,0.31801257
2.319999933242798,4.703984,0.049989097,0.315571
2.3299999237060547,4.723984,0.050595433,0.31312945
2.3399999141693115,4.7599835,0.051134396,0.3106879
2.3499999046325684,4.755984,0.05153862,0.30824634
2.359999895095825,4.723984,0.051942848,0.30702558
2.369999885559082,4.723984,0.05234707,0.3058048
2.380000114440918,4.7919836,0.0527513,0.30336323
2.390000104904175,4.911983,0.05315552,0.30214247
2.4000000953674316,4.979983,0.053425003,0.30092168
2.4100000858306885,5.035983,0.053492375,0.30214247
2.4200000762939453,5.0639825,0.053492375,0.30336323
2.430000066757202,5.0239825,0.053559743,0.30336323
2.440000057220459,4.955983,0.053559743,0.30458403
2.450000047683716,4.9279833,0.053559743,0.3058048
2.4600000381469727,4.9159837,0.053559743,0.30702558
2.4700000286102295,4.923983,0.053559743,0.30824634
2.4800000190734863,4.9839835,0.053627115,0.30946714
2.490000009536743,5.039983,0.053627115,0.3106879
2.5,5.039983,0.053694487,0.3106879
2.509999990463257,5.031983,0.05376186,0.3119087
2.5199999809265137,5.011983,0.05376186,0.31312945
2.5299999713897705,4.971983,0.053829227,0.31312945
2.5399999618530273,4.9279833,0.053829227,0.31435025
2.549999952316284,4.931983,0.0538966,0.315571
2.559999942779541,4.999983,0.054031342,0.315571
2.569999933242798,5.031983,0.054166082,0.315571
2.5799999237060547,5.0879827,0.054233454,0.3167918
2.5899999141693115,5.1199827,0.054368194,0.3167918
2.5999999046325684,5.1279826,0.054502938,0.3167918
2.609999895095825,5.0879827,0.054637678,0.3167918
2.619999885559082,5.059983,0.05477242,0.3167918
2.630000114440918,5.0279827,0.05490716,0.3167918
2.640000104904175,5.0279827,0.054974534,0.31801257
2.6500000953674316,5.051983,0.0550419,0.31923336
2.6600000858306885,5.1359825,0.05517664,0.31923336
2.6700000762939453,5.1719823,0.05531138,0.31923336
2.680000066757202,5.1959825,0.055378754,0.32045412
2.690000057220459,5.2039824,0.055446126,0.32045412
2.700000047683716,5.1919823,0.05571561,0.32045412
2.7100000381469727,5.163982,0.05605246,0.31923336
2.7200000286102295,5.2039824,0.05645669,0.3167918
2.7300000190734863,5.2639823,0.056995656,0.31435025
2.740000009536743,5.3199816,0.05753462,0.3119087
2.75,5.3799815,0.058140956,0.30946714
2.759999990463257,5.4719815,0.058747295,0.30702558
2.7699999809265137,5.547981,0.059353627,0.30336323
2.7799999713897705,5.5599813,0.059825223,0.30092168
2.7899999618530273,5.575981,0.06002734,0.30092168
2.799999952316284,5.5319815,0.06002734,0.30092168
2.809999942779541,5.515981,0.06016208,0.30214247
2.819999933242798,5.5319815,0.06022945,0.30214247
2.8299999237060547,5.6159806,0.060296822,0.30336323
2.8399999141693115,5.671981,0.060296822,0.30458403
2.8499999046325684,5.6759806,0.060296822,0.3058048
2.859999895095825,5.6999807,0.060296822,0.30702558
2.869999885559082,5.6679807,0.06036419,0.30824634
2.880000114440918,5.6159806,0.06036419,0.30824634
2.890000104904175,5.5799813,0.060431566,0.30946714
2.9000000953674316,5.5599813,0.060498934,0.30946714
2.9100000858306885,5.571981,0.060633678,0.3106879
2.9200000762939453,5.6199813,0.060701046,0.3106879
2.930000066757202,5.6999807,0.060903158,0.3106879
2.940000057220459,5.7599807,0.06110527,0.3106879
2.950000047683716,5.77598,0.061374757,0.30946714
2.9600000381469727,5.7839804,0.061711606,0.30824634
2.9700000286102295,5.7839804,0.062115837,0.30702558
2.9800000190734863,5.7559805,0.062587425,0.3058048
2.990000009536743,5.77598,0.063059025,0.30336323
3.0,5.83998,0.06353062,0.30092168
3.009999990463257,5.9319797,0.06413696,0.29725936
3.0199999809265137,6.0159793,0.06467593,0.2948178
3.0299999713897705,6.123979,0.06521489,0.29237625
3.0399999618530273,6.179979,0.06568649,0.2899347
3.049999952316284,6.171979,0.0658886,0.2899347
3.059999942779541,6.111979,0.065955974,0.29115546
3.069999933242798,6.071979,0.065955974,0.29115546
3.0799999237060547,6.0519795,0.065955974,0.293597
3.0899999141693115,6.0959797,0.065955974,0.293597
3.0999999046325684,6.151979,0.065955974,0.29603857
3.109999895095825,6.235979,0.065955974,0.29603857
3.119999885559082,6.2439785,0.06602334,0.29725936
3.130000114440918,6.2239785,0.06602334,0.29848012
3.140000104904175,6.219979,0.06602334,0.29970092
3.1500000953674316,6.139979,0.06602334,0.30092168
3.1600000858306885,6.0759797,0.06609071,0.30092168
3.1700000762939453,6.0799794,0.06609071,0.30214247
3.180000066757202,6.1199794,0.06615808,0.30336323
3.190000057220459,6.171979,0.06615808,0.30458403
3.200000047683716,6.219979,0.06615808,0.3058048
3.2100000381469727,6.2679787,0.06615808,0.30702558
3.2200000286102295,6.2719784,0.06622545,0.30702558
3.2300000190734863,6.195979,0.06622545,0.30824634
3.240000009536743,6.159979,0.06622545,0.30946714
3.25,6.1279793,0.066292815,0.3106879
3.259999990463257,6.0879793,0.06636019,0.3106879
3.2699999809265137,6.123979,0.06636019,0.3119087
3.2799999713897705,6.175979,0.06642756,0.31312945
3.2899999618530273,6.2279787,0.06649493,0.31312945
3.299999952316284,6.2519784,0.0665623,0.31435025
3.309999942779541,6.2679787,0.06662967,0.315571
3.319999933242798,6.259979,0.066697046,0.315571
3.3299999237060547,6.195979,0.066764414,0.3167918
3.3399999141693115,6.1679792,0.06689916,0.3167918
3.3499999046325684,6.1839786,0.06710127,0.315571
3.359999895095825,6.2039785,0.06737075,0.315571
3.369999885559082,6.2919784,0.06764024,0.31435025
3.380000114440918,6.3759785,0.06797709,0.31312945
3.390000104904175,6.439978,0.068448685,0.3119087
3.4000000953674316,6.487978,0.06898765,0.30946714
3.4100000858306885,6.551978,0.06972873,0.30458403
3.4200000762939453,6.6279774,0.070671916,0.29970092
3.430000066757202,6.679977,0.07174985,0.293597
3.440000057220459,6.751977,0.072827786,0.28749314
3.450000047683716,6.7959766,0.0735015,0.2838308
3.4600000381469727,6.803977,0.073838346,0.28261003
3.4700000286102295,6.7679768,0.07390572,0.28261003
3.4800000190734863,6.7959766,0.07390572,0.2838308
3.490000009536743,6.891977,0.07397309,0.28505158
3.5,6.9399767,0.07397309,0.28627235
3.509999990463257,6.999976,0.07397309,0.28749314
3.5199999809265137,7.0479755,0.07397309,0.2887139
3.5299999713897705,6.995976,0.07397309,0.2899347
3.5399999618530273,6.9319763,0.07397309,0.2899347
3.549999952316284,6.859977,0.07397309,0.29115546
3.559999942779541,6.811977,0.07397309,0.29237625
3.569999933242798,6.791977,0.07397309,0.293597
3.5799999237060547,6.8559766,0.07404046,0.2948178
3.5899999141693115,6.9359765,0.07404046,0.29603857
3.5999999046325684,6.979976,0.07404046,0.29725936
3.609999895095825,6.987976,0.07404046,0.29848012
3.619999885559082,6.975976,0.07404046,0.29970092
3.630000114440918,6.9399767,0.07404046,0.30092168
3.640000104904175,6.8439765,0.07404046,0.30092168
3.6500000953674316,6.8279767,0.07404046,0.30336323
3.6600000858306885,6.8279767,0.07404046,0.30336323
3.6700000762939453,6.8439765,0.074107826,0.30458403
3.680000066757202,6.9159765,0.074107826,0.3058048
3.690000057220459,6.995976,0.074175194,0.30702558
3.700000047683716,7.023976,0.07430994,0.30702558
3.7100000381469727,6.999976,0.07444468,0.30702558
3.7200000286102295,6.9839764,0.07464679,0.30702558
3.7300000190734863,6.9399767,0.07491627,0.3058048
3.740000009536743,6.9119763,0.07525313,0.30458403
3.75,6.947976,0.075589985,0.30336323
3.759999990463257,7.0079765,0.07592684,0.30214247
3.7699999809265137,7.075976,0.07619632,0.30092168
3.7799999713897705,7.1359754,0.076533176,0.30092168
3.7899999618530273,7.2319756,0.0769374,0.29848012
3.799999952316284,7.2879753,0.07747637,0.29603857
3.809999942779541,7.339975,0.07815007,0.29237625
3.819999933242798,7.3879747,0.07889115,0.2887139
3.8299999237060547,7.367975,0.07936274,0.28627235
3.8399999141693115,7.311975,0.07949749,0.28749314
3.8499999046325684,7.251975,0.07949749,0.28749314
3.859999895095825,7.2799754,0.079564855,0.2887139
3.870000123977661,7.3639746,0.079564855,0.2899347
3.879999876022339,7.4479747,0.079564855,0.29115546
3.890000104904175,7.539974,0.07963223,0.29115546
3.8999998569488525,7.5959744,0.0796996,0.29237625
3.9100000858306885,7.5319743,0.0796996,0.293597
3.919999837875366,7.459975,0.079766974,0.293597
3.930000066757202,7.359975,0.079766974,0.29603857
3.93999981880188,7.3079753,0.079766974,0.29603857
3.950000047683716,7.2799754,0.079766974,0.29725936
3.9599997997283936,7.3479753,0.079766974,0.29848012
3.9700000286102295,7.4519744,0.079766974,0.29970092
3.9799997806549072,7.5319743,0.079766974,0.30092168
3.990000009536743,7.563974,0.079766974,0.30214247
3.999999761581421,7.5359745,0.079766974,0.30336323
4.009999990463257,7.4519744,0.079766974,0.30458403
4.020000219345093,7.3479753,0.079766974,0.3058048
4.0299999713897705,7.2959747,0.079766974,0.30702558
4.0400002002716064,7.319975,0.079766974,0.30824634
4.049999952316284,7.3479753,0.079766974,0.30946714
4.06000018119812,7.4239745,0.079766974,0.3106879
4.069999933242798,7.5319743,0.079766974,0.3119087
4.080000162124634,7.547974,0.079766974,0.31312945
4.0899999141693115,7.519974,0.079766974,0.31435025
4.1000001430511475,7.4719744,0.079766974,0.315571
4.109999895095825,7.371975,0.07983434,0.315571
4.120000123977661,7.2999754,0.07983434,0.3167918
4.129999876022339,7.303975,0.079969086,0.3167918
4.140000104904175,7.399975,0.0801712,0.3167918
4.1499998569488525,7.483975,0.08037331,0.3167918
4.1600000858306885,7.563974,0.080710165,0.315571
4.169999837875366,7.6439743,0.08091228,0.315571
4.180000066757202,7.635974,0.08118176,0.31435025
4.18999981880188,7.5759745,0.08158598,0.31312945
4.200000047683716,7.559974,0.08199021,0.3119087
4.2099997997283936,7.5719743,0.0824618,0.30946714
4.2200000286102295,7.5959744,0.08286602,0.30702558
4.229999780654907,7.6719737,0.08340499,0.30458403
4.240000009536743,7.8039737,0.0840787,0.30214247
4.249999761581421,7.9559727,0.08481978,0.29725936
4.259999990463257,8.043972,0.085426114,0.2948178
4.270000219345093,8.063972,0.08576297,0.293597
4.2799999713897705,7.9879727,0.08583034,0.293597
4.2900002002716064,7.875973,0.08583034,0.2948178
4.299999952316284,7.8239737,0.08583034,0.29603857
4.31000018119812,7.879973,0.08583034,0.29725936
4.319999933242798,7.939973,0.08583034,0.29848012
4.330000162124634,8.027973,0.08583034,0.29970092
4.3399999141693115,8.135972,0.085897714,0.30092168
4.3500001430511475,8.131972,0.085897714,0.30092168
4.359999895095825,8.087973,0.08596508,0.30214247
4.370000123977661,8.027973,0.08609982,0.30336323
4.379999876022339,7.939973,0.08616719,0.30336323
4.390000104904175,7.8559732,0.08616719,0.30458403
4.3999998569488525,7.8359733,0.08623456,0.30458403
4.4100000858306885,7.935973,0.08630193,0.3058048
4.419999837875366,8.043972,0.0863693,0.3058048
4.430000066757202,8.135972,0.086436674,0.30702558
4.43999981880188,8.175972,0.08650404,0.30702558
4.450000047683716,8.159972,0.08650404,0.30946714
4.4599997997283936,8.051972,0.08657141,0.30946714
4.4700000286102295,7.9879727,0.086706154,0.30946714
4.479999780654907,7.9599733,0.0868409,0.30946714
4.490000009536743,7.9679728,0.08704301,0.30946714
4.499999761581421,8.015973,0.0873125,0.30946714
4.509999990463257,8.131972,0.087649345,0.30702558
4.520000219345093,8.251971,0.088120945,0.3058048
4.5299999713897705,8.351972,0.08872728,0.30336323
4.5400002002716064,8.415972,0.08926625,0.29970092
4.549999952316284,8.395971,0.08993996,0.29603857
4.56000018119812,8.351972,0.09068103,0.29237625
4.569999933242798,8.327971,0.09128737,0.2899347
4.580000162124634,8.331971,0.09162422,0.2887139
4.5899999141693115,8.359971,0.09162422,0.2899347
4.6000001430511475,8.375972,0.09162422,0.29115546
4.609999895095825,8.467971,0.09162422,0.29115546
4.620000123977661,8.59197,0.09162422,0.293597
4.629999876022339,8.655971,0.09162422,0.293597
4.640000104904175,8.65997,0.09162422,0.29603857
4.6499998569488525,8.611971,0.09162422,0.29603857
4.6600000858306885,8.519971,0.09169159,0.29725936
4.669999837875366,8.395971,0.09169159,0.29848012
4.680000066757202,8.343972,0.09169159,0.29970092
4.68999981880188,8.411972,0.09169159,0.30092168
4.700000047683716,8.49997,0.09175897,0.30092168
4.7099997997283936,8.587971,0.09175897,0.30214247
4.7200000286102295,8.65997,0.091826335,0.30336323
4.729999780654907,8.651971,0.091826335,0.30458403
4.740000009536743,8.583971,0.091826335,0.3058048
4.749999761581421,8.523971,0.0918937,0.3058048
4.759999990463257,8.455971,0.09196108,0.30702558
4.770000219345093,8.395971,0.09196108,0.30824634
4.7799999713897705,8.403972,0.09196108,0.30946714
4.7900002002716064,8.475971,0.09202845,0.30946714
4.799999952316284,8.559971,0.092095815,0.3106879
4.81000018119812,8.623971,0.09216319,0.3119087
4.819999933242798,8.67197,0.09223056,0.3119087
4.830000162124634,8.65997,0.092297934,0.31312945
4.8399999141693115,8.56797,0.0923653,0.31312945
4.8500001430511475,8.491971,0.0923653,0.31435025
4.859999895095825,8.455971,0.09243267,0.315571
4.870000123977661,8.447971,0.09243267,0.3167918
4.879999876022339,8.49997,0.092500046,0.3167918
4.890000104904175,8.60797,0.092567414,0.3167918
4.8999998569488525,8.667971,0.09263478,0.31801257
4.9100000858306885,8.71197,0.0928369,0.31801257
4.919999837875366,8.70397,0.09303901,0.31801257
4.930000066757202,8.695971,0.093241125,0.3167918
4.93999981880188,8.619971,0.09357798,0.3167918
4.950000047683716,8.587971,0.093982205,0.31435025
4.9599997997283936,8.615971,0.09445379,0.31312945
4.9700000286102295,8.71597,0.09506013,0.30946714
4.979999780654907,8.79597,0.0955991,0.30702558
4.990000009536743,8.975969,0.096205436,0.30336323
4.999999761581421,9.087969,0.09681177,0.30092168
5.009999990463257,9.11597,0.09735074,0.29848012
5.020000219345093,9.0919695,0.09775496,0.29725936
5.0299999713897705,9.031969,0.097957075,0.29603857
5.0400002002716064,8.975969,0.097957075,0.29725936
5.049999952316284,8.93997,0.097957075,0.29848012
5.06000018119812,8.98397,0.09802445,0.29970092
5.069999933242798,9.083969,0.09802445,0.30092168
5.080000162124634,9.175968,0.09802445,0.30092168
5.0899999141693115,9.235969,0.09802445,0.30336323
5.1000001430511475,9.251968,0.09802445,0.30336323
5.109999895095825,9.175968,0.09809182,0.30458403
5.120000123977661,9.059969,0.09809182,0.3058048
5.129999876022339,8.97197,0.09809182,0.30702558
5.140000104904175,8.935969,0.09809182,0.30824634
5.1499998569488525,8.935969,0.09809182,0.30946714
5.1600000858306885,9.043969,0.09815918,0.30946714
5.169999837875366,9.163969,0.098226555,0.3106879
5.180000066757202,9.247969,0.09829392,0.3119087
5.18999981880188,9.255969,0.0983613,0.3119087
5.200000047683716,9.203968,0.0983613,0.31312945
5.2099997997283936,9.111969,0.0983613,0.31435025
5.2200000286102295,9.019969,0.098496035,0.31435025
5.229999780654907,8.987969,0.09856341,0.315571
5.240000009536743,9.01197,0.09863078,0.315571
5.249999761581421,9.083969,0.09869815,0.3167918
5.259999990463257,9.159968,0.09883289,0.3167918
5.270000219345093,9.259969,0.09890026,0.3167918
5.2799999713897705,9.279968,0.09890026,0.31923336
5.2900002002716064,9.219969,0.098967634,0.31923336
5.299999952316284,9.151969,0.098967634,0.32045412
5.31000018119812,9.087969,0.099035,0.3216749
5.319999933242798,9.039969,0.099035,0.32289568
5.330000162124634,9.05197,0.09910238,0.32289568
5.3399999141693115,9.123969,0.099169746,0.32411647
5.3500001430511475,9.203968,0.099237114,0.32411647
5.359999895095825,9.259969,0.09930449,0.32533723
5.370000123977661,9.303968,0.09937186,0.32533723
5.379999876022339,9.3159685,0.09957397,0.32533723
5.390000104904175,9.267968,0.099910825,0.32411647
5.3999998569488525,9.2239685,0.10024768,0.32289568
5.4100000858306885,9.227968,0.100651905,0.3216749
5.419999837875366,9.255969,0.10105613,0.32045412
5.430000066757202,9.307968,0.10146035,0.31801257
5.43999981880188,9.427968,0.101864584,0.3167918
5.450000047683716,9.507968,0.1022688,0.315571
5.4599997997283936,9.571968,0.102673024,0.31312945
5.4700000286102295,9.623967,0.10314462,0.3119087
5.479999780654907,9.667967,0.10375096,0.30824634
5.490000009536743,9.6719675,0.10428993,0.3058048
5.499999761581421,9.639967,0.10469415,0.30336323
5.509999990463257,9.631967,0.105031006,0.30336323
5.520000219345093,9.643968,0.105300486,0.30214247
5.5299999713897705,9.667967,0.1055026,0.30214247
5.5400002002716064,9.735967,0.10563734,0.30214247
5.549999952316284,9.835966,0.10583945,0.30214247
5.56000018119812,9.883966,0.106041566,0.30092168
5.569999933242798,9.9359665,0.106311046,0.30092168
5.580000162124634,9.971966,0.1066479,0.29970092
5.5899999141693115,9.971966,0.107052125,0.29848012
5.6000001430511475,9.9359665,0.10752372,0.29603857
5.609999895095825,9.923966,0.10799532,0.2948178
5.620000123977661,9.943966,0.10839954,0.29237625
5.629999876022339,10.035966,0.109005876,0.2899347
5.640000104904175,10.135965,0.10954484,0.28627235
5.6499998569488525,10.239965,0.11001644,0.2838308
5.6600000858306885,10.307965,0.11035329,0.2838308
5.669999837875366,10.291965,0.11048803,0.2838308
5.680000066757202,10.263965,0.1105554,0.2838308
5.68999981880188,10.215965,0.1105554,0.28505158
5.700000047683716,10.191965,0.1105554,0.28627235
5.7099997997283936,10.183965,0.1105554,0.28749314
5.7200000286102295,10.219966,0.1105554,0.2887139
5.729999780654907,10.287966,0.1105554,0.2899347
5.740000009536743,10.319964,0.1105554,0.29115546
5.749999761581421,10.343965,0.1105554,0.29237625
5.759999990463257,10.343965,0.1105554,0.293597
5.770000219345093,10.283965,0.1105554,0.2948178
5.7799999713897705,10.219966,0.11062277,0.29603857
5.7900002002716064,10.203965,0.11062277,0.29603857
5.799999952316284,10.187965,0.11062277,0.29725936
5.81000018119812,10.1999655,0.11062277,0.29848012
5.819999933242798,10.251965,0.11062277,0.29970092
5.830000162124634,10.3319645,0.11062277,0.30092168
5.8399999141693115,10.323965,0.11062277,0.30214247
5.8500001430511475,10.319964,0.11062277,0.30336323
5.859999895095825,10.295965,0.11062277,0.30458403
5.870000123977661,10.243965,0.11062277,0.3058048
5.879999876022339,10.179966,0.11062277,0.30702558
5.890000104904175,10.175965,0.11062277,0.30824634
5.8999998569488525,10.219966,0.11062277,0.30946714
5.9100000858306885,10.235965,0.11069014,0.30946714
5.919999837875366,10.267965,0.11069014,0.3106879
5.930000066757202,10.315966,0.11069014,0.3119087
5.93999981880188,10.311965,0.11069014,0.31312945
5.950000047683716,10.267965,0.11069014,0.31435025
5.9599997997283936,10.247966,0.11069014,0.315571
5.9700000286102295,10.207966,0.11069014,0.3167918
5.979999780654907,10.171966,0.11069014,0.31801257
5.990000009536743,10.191965,0.110757515,0.31923336
5.999999761581421,10.247966,0.11082488,0.31923336
6.009999990463257,10.299965,0.11089226,0.32045412
6.020000219345093,10.323965,0.11095963,0.32045412
6.0299999713897705,10.355966,0.11109437,0.32045412
6.0400002002716064,10.355966,0.11122911,0.3216749
6.049999952316284,10.299965,0.111431226,0.32045412
6.06000018119812,10.279964,0.111700706,0.32045412
6.069999933242798,10.315966,0.11203756,0.31923336
6.080000162124634,10.351965,0.112509154,0.3167918
6.0899999141693115,10.435964,0.11304812,0.31435025
6.1000001430511475,10.539965,0.113654464,0.3119087
6.109999895095825,10.6479645,0.11426079,0.30824634
6.120000123977661,10.695964,0.11486713,0.3058048
6.129999876022339,10.739964,0.11560821,0.30092168
6.140000104904175,10.835963,0.11641666,0.29725936
6.1499998569488525,10.847963,0.11709037,0.293597
6.1600000858306885,10.851964,0.11749459,0.29115546
6.169999837875366,10.863963,0.11769671,0.29115546
6.180000066757202,10.875963,0.117831446,0.29115546
6.18999981880188,10.907963,0.117831446,0.29237625
6.200000047683716,10.983963,0.11789882,0.293597
6.2099997997283936,11.055963,0.11789882,0.2948178
6.2200000286102295,11.067962,0.11796619,0.2948178
6.229999780654907,11.059962,0.11796619,0.29603857
6.240000009536743,11.051963,0.11796619,0.29725936
6.249999761581421,10.983963,0.11803356,0.29848012
6.259999990463257,10.919964,0.118100934,0.29848012
6.270000219345093,10.915963,0.118100934,0.29970092
6.2799999713897705,10.935963,0.118168294,0.30092168
6.2900002002716064,10.979962,0.11830304,0.30092168
6.299999952316284,11.047962,0.11843778,0.30092168
6.31000018119812,11.123962,0.118639894,0.30092168
6.319999933242798,11.167962,0.118909374,0.30092168
6.330000162124634,11.135962,0.11917886,0.29970092
6.3399999141693115,11.139962,0.11944834,0.29848012
6.3500001430511475,11.127962,0.11971783,0.29848012
6.359999895095825,11.075962,0.11991994,0.29725936
6.370000123977661,11.091963,0.12012205,0.29725936
6.379999876022339,11.159963,0.120324165,0.29725936
6.390000104904175,11.223962,0.120593645,0.29725936
6.3999998569488525,11.307962,0.1209305,0.29603857
6.4100000858306885,11.411962,0.121267356,0.293597
6.419999837875366,11.467961,0.12180632,0.29237625
6.430000066757202,11.479961,0.122345276,0.2887139
6.43999981880188,11.487961,0.12288425,0.28627235
6.450000047683716,11.459961,0.123288475,0.28505158
6.4599997997283936,11.407961,0.12349059,0.28505158
6.4700000286102295,11.375962,0.12355796,0.28505158
6.479999780654907,11.423962,0.12355796,0.28627235
6.490000009536743,11.527961,0.12355796,0.28749314
6.499999761581421,11.57196,0.12355796,0.2887139
6.509999990463257,11.67196,0.12355796,0.2899347
6.520000219345093,11.695961,0.12355796,0.29115546
6.5299999713897705,11.647961,0.12362532,0.29115546
6.5400002002716064,11.567961,0.12362532,0.293597
6.549999952316284,11.499961,0.12362532,0.293597
6.56000018119812,11.439961,0.12362532,0.29603857
6.569999933242798,11.411962,0.12362532,0.29603857
6.580000162124634,11.463961,0.1236927,0.29725936
6.5899999141693115,11.57196,0.1236927,0.29848012
6.6000001430511475,11.61196,0.1236927,0.29970092
6.609999895095825,11.65196,0.1236927,0.30092168
6.620000123977661,11.66396,0.123760074,0.30092168
6.629999876022339,11.595961,0.123760074,0.30214247
6.640000104904175,11.515961,0.12389481,0.30214247
6.6499998569488525,11.487961,0.12402955,0.30336323
6.6600000858306885,11.479961,0.1241643,0.30336323
6.669999837875366,11.527961,0.12436641,0.30336323
6.680000066757202,11.595961,0.1246359,0.30214247
6.68999981880188,11.70396,0.12483801,0.30214247
6.700000047683716,11.735959,0.124972746,0.30214247
6.7099997997283936,11.73196,0.12504011,0.30336323
6.7200000286102295,11.71996,0.12517485,0.30336323
6.729999780654907,11.69196,0.12537697,0.30336323
6.740000009536743,11.67196,0.12571383,0.30214247
6.749999761581421,11.695961,0.1259833,0.30092168
6.759999990463257,11.72796,0.12618542,0.30092168
6.770000219345093,11.763961,0.12638752,0.30092168
6.7799999713897705,11.79996,0.12665701,0.29970092
6.7900002002716064,11.871959,0.12699388,0.29848012
6.799999952316284,11.94796,0.12733072,0.29725936
6.81000018119812,11.951959,0.12773494,0.29603857
6.819999933242798,11.991959,0.12820654,0.293597
6.830000162124634,11.991959,0.12854339,0.29237625
6.8399999141693115,11.955959,0.1287455,0.29237625
6.8500001430511475,11.93596,0.12894762,0.29115546
6.859999895095825,11.955959,0.12908237,0.29237625
6.870000123977661,11.991959,0.12914972,0.29237625
6.879999876022339,12.047958,0.1292171,0.293597
6.890000104904175,12.12396,0.12928447,0.293597
6.8999998569488525,12.163959,0.12935184,0.2948178
6.9100000858306885,12.171959,0.12941921,0.29603857
6.919999837875366,12.139958,0.12941921,0.29725936
6.930000066757202,12.091959,0.12948659,0.29725936
6.93999981880188,12.067959,0.12955394,0.29848012
6.950000047683716,12.007958,0.12955394,0.29970092
6.9599997997283936,12.027959,0.12955394,0.30092168
6.9700000286102295,12.067959,0.12955394,0.30092168
6.979999780654907,12.087958,0.12955394,0.30214247
6.990000009536743,12.147959,0.12962133,0.30336323
6.999999761581421,12.183958,0.12962133,0.30458403
7.009999990463257,12.171959,0.1296887,0.3058048
7.020000219345093,12.103959,0.1296887,0.3058048
7.0299999713897705,12.059958,0.1296887,0.30702558
7.0400002002716064,12.039959,0.12975608,0.30824634
7.049999952316284,12.007958,0.12975608,0.30946714
7.06000018119812,12.04396,0.12975608,0.3106879
7.069999933242798,12.12396,0.12982343,0.3119087
7.080000162124634,12.143958,0.12982343,0.3119087
7.0899999141693115,12.151959,0.12982343,0.31312945
7.1000001430511475,12.163959,0.12982343,0.31435025
7.109999895095825,12.155958,0.12989081,0.315571
7.120000123977661,12.095959,0.12989081,0.3167918
7.129999876022339,12.059958,0.12989081,0.31801257
7.140000104904175,12.039959,0.12995818,0.31801257
7.1499998569488525,12.05596,0.13002555,0.31923336
7.1600000858306885,12.079959,0.13002555,0.32045412
7.169999837875366,12.147959,0.13009292,0.32045412
7.180000066757202,12.175959,0.1301603,0.3216749
7.18999981880188,12.183958,0.13022766,0.3216749
7.200000047683716,12.175959,0.13029504,0.32289568
7.2099997997283936,12.175959,0.13049714,0.32289568
7.2200000286102295,12.139958,0.13069926,0.32289568
7.229999780654907,12.115958,0.130834,0.32289568
7.240000009536743,12.151959,0.13110349,0.3216749
7.249999761581421,12.211958,0.13144034,0.32045412
7.259999990463257,12.275958,0.13191193,0.31923336
7.270000219345093,12.379957,0.13238353,0.3167918
7.2799999713897705,12.487957,0.13298985,0.31312945
7.2900002002716064,12.543957,0.13373095,0.30946714
7.299999952316284,12.611957,0.1345394,0.3058048
7.31000018119812,12.659957,0.1352131,0.30214247
7.319999933242798,12.611957,0.1354826,0.30092168
7.330000162124634,12.523957,0.1354826,0.30214247
7.3399999141693115,12.487957,0.1354826,0.30336323
7.3500001430511475,12.535957,0.1354826,0.30458403
7.359999895095825,12.627957,0.1354826,0.3058048
7.370000123977661,12.735957,0.13554995,0.3058048
7.379999876022339,12.811956,0.13554995,0.30702558
7.390000104904175,12.823956,0.13554995,0.30824634
7.3999998569488525,12.759956,0.13561733,0.30946714
7.4100000858306885,12.687956,0.13561733,0.3106879
7.419999837875366,12.571957,0.13561733,0.3119087
7.430000066757202,12.499958,0.1356847,0.3119087
7.43999981880188,12.511958,0.1356847,0.31312945
7.450000047683716,12.599957,0.13575207,0.31435025
7.4599997997283936,12.695957,0.13588682,0.31435025
7.4700000286102295,12.787956,0.13588682,0.315571
7.479999780654907,12.819957,0.13588682,0.3167918
7.490000009536743,12.795956,0.13595417,0.3167918
7.499999761581421,12.703957,0.13595417,0.31801257
7.509999990463257,12.627957,0.13595417,0.31923336
7.520000219345093,12.591957,0.13602155,0.32045412
7.5299999713897705,12.571957,0.13615629,0.32045412
7.5400002002716064,12.611957,0.13629103,0.32045412
7.549999952316284,12.711957,0.1363584,0.3216749
7.56000018119812,12.787956,0.1363584,0.32289568
7.569999933242798,12.811956,0.13642576,0.32289568
7.580000162124634,12.803957,0.13642576,0.32411647
7.5899999141693115,12.779957,0.13642576,0.32533723
7.6000001430511475,12.699957,0.13649315,0.32655802
7.609999895095825,12.635957,0.13649315,0.32655802
7.620000123977661,12.619957,0.13656051,0.3277788
7.629999876022339,12.671957,0.13669525,0.3277788
7.640000104904175,12.711957,0.13682999,0.32899958
7.6499998569488525,12.807957,0.13696474,0.32899958
7.6600000858306885,12.911956,0.1373016,0.3277788
7.669999837875366,12.959955,0.13784055,0.32533723
7.680000066757202,13.007956,0.13864902,0.32045412
7.68999981880188,13.123956,0.1397943,0.31312945
7.700000047683716,13.267955,0.14141122,0.30458403
7.7099997997283936,13.355955,0.14296073,0.2948178
7.7200000286102295,13.407954,0.14397131,0.2887139
7.729999780654907,13.415954,0.14484712,0.2838308
7.740000009536743,13.475954,0.14572293,0.27894768
7.749999761581421,13.611954,0.14686824,0.27162302
7.759999990463257,13.839953,0.14814828,0.26429835
7.770000219345093,14.051952,0.14895673,0.25941524
7.7799999713897705,14.075953,0.14922622,0.25819448
7.7900002002716064,14.051952,0.14922622,0.26063603
7.799999952316284,13.9839525,0.14922622,0.26063603
7.81000018119812,13.963952,0.14922622,0.2618568
7.819999933242798,13.947953,0.14922622,0.2630776
7.830000162124634,13.979952,0.14922622,0.26429835
7.8399999141693115,14.015953,0.14922622,0.26551914
7.8500001430511475,14.083952,0.14922622,0.2667399
7.859999895095825,14.135951,0.14922622,0.2679607
7.869999647140503,14.143952,0.14922622,0.26918146
7.879999876022339,14.071952,0.14922622,0.27040225
7.890000104904175,13.9839525,0.14922622,0.27162302
7.900000333786011,13.963952,0.14922622,0.2728438
7.90999960899353,13.911952,0.14922622,0.27406457
7.919999837875366,13.959952,0.14922622,0.27528536
7.930000066757202,14.011952,0.14922622,0.27650613
7.940000295639038,14.071952,0.14922622,0.27772692
7.949999570846558,14.087952,0.14922622,0.27772692
7.9599997997283936,14.087952,0.14922622,0.28016847
7.9700000286102295,14.087952,0.14922622,0.28016847
7.980000257492065,14.019952,0.14922622,0.28138924
7.989999532699585,13.967953,0.14922622,0.28261003
7.999999761581421,13.927953,0.14922622,0.2838308
8.009999990463257,13.935952,0.14922622,0.28505158
8.020000219345093,13.931952,0.14922622,0.28627235
8.030000448226929,14.011952,0.14922622,0.28749314
8.039999723434448,14.079952,0.14922622,0.2887139
8.049999952316284,14.091952,0.14922622,0.2899347
8.06000018119812,14.063952,0.14922622,0.29115546
8.070000410079956,14.0239525,0.14922622,0.29237625
8.079999685287476,13.975952,0.14922622,0.293597
8.089999914169312,13.947953,0.14922622,0.2948178
8.100000143051147,13.923952,0.14922622,0.29603857
8.110000371932983,13.955953,0.14922622,0.29725936
8.119999647140503,13.971952,0.14922622,0.29848012
8.129999876022339,14.003952,0.14922622,0.29970092
8.140000104904175,14.067952,0.14922622,0.29970092
8.15000033378601,14.091952,0.14922622,0.30092168
8.15999960899353,14.035953,0.14922622,0.30214247
8.169999837875366,13.975952,0.14929359,0.30336323
8.180000066757202,13.931952,0.14936095,0.30336323
8.190000295639038,13.887953,0.14936095,0.3058048
8.199999570846558,13.927953,0.14936095,0.3058048
8.209999799728394,13.959952,0.14942832,0.30702558
8.22000002861023,14.003952,0.1494957,0.30702558
8.230000257492065,14.019952,0.14956306,0.30824634
8.239999532699585,14.075953,0.14976518,0.30824634
8.249999761581421,14.119952,0.15003467,0.30702558
8.259999990463257,14.127952,0.15050626,0.3058048
8.270000219345093,14.143952,0.15097786,0.30336323
8.280000448226929,14.175951,0.1515842,0.29970092
8.289999723434448,14.207952,0.15246001,0.29603857
8.299999952316284,14.311951,0.15347058,0.2899347
8.31000018119812,14.48795,0.15441376,0.28505158
8.320000410079956,14.575951,0.15495273,0.28138924
8.329999685287476,14.535951,0.15508747,0.28138924
8.339999914169312,14.491951,0.15508747,0.28261003
8.350000143051147,14.491951,0.15508747,0.2838308
8.360000371932983,14.52795,0.15508747,0.28505158
8.369999647140503,14.56795,0.15508747,0.28627235
8.379999876022339,14.64395,0.15508747,0.28749314
8.390000104904175,14.69195,0.15508747,0.2887139
8.40000033378601,14.65195,0.15508747,0.2899347
8.40999960899353,14.631949,0.15508747,0.29115546
8.419999837875366,14.599951,0.15508747,0.29237625
8.430000066757202,14.531951,0.15508747,0.293597
8.440000295639038,14.483952,0.15508747,0.2948178
8.449999570846558,14.48795,0.15508747,0.29603857
8.459999799728394,14.51595,0.15508747,0.29725936
8.47000002861023,14.57195,0.15515484,0.29725936
8.480000257492065,14.65195,0.15515484,0.29848012
8.489999532699585,14.67595,0.15522222,0.29970092
8.499999761581421,14.64395,0.15522222,0.30092168
8.509999990463257,14.591949,0.15528958,0.30092168
8.520000219345093,14.54395,0.15528958,0.30214247
8.530000448226929,14.519951,0.15535696,0.30336323
8.539999723434448,14.48795,0.15542433,0.30336323
8.549999952316284,14.519951,0.15542433,0.30458403
8.56000018119812,14.58395,0.1554917,0.3058048
8.570000410079956,14.62395,0.15562645,0.3058048
8.579999685287476,14.67995,0.1556938,0.3058048
8.589999914169312,14.739949,0.15589593,0.3058048
8.600000143051147,14.73195,0.1561654,0.3058048
8.610000371932983,14.70795,0.15650226,0.30458403
8.619999647140503,14.72395,0.15704122,0.30214247
8.629999876022339,14.75995,0.15771493,0.29848012
8.640000104904175,14.83995,0.15859075,0.293597
8.65000033378601,14.955949,0.15946658,0.2887139
8.65999960899353,15.087948,0.16027501,0.2838308
8.669999837875366,15.115948,0.16067924,0.28261003
8.680000066757202,15.063949,0.16074662,0.28261003
8.690000295639038,15.043949,0.16074662,0.2838308
8.699999570846558,15.043949,0.16074662,0.28505158
8.709999799728394,15.051949,0.16074662,0.28627235
8.72000002861023,15.119948,0.16074662,0.28749314
8.730000257492065,15.199948,0.16074662,0.2887139
8.739999532699585,15.211948,0.16074662,0.2899347
8.749999761581421,15.215948,0.16074662,0.29115546
8.759999990463257,15.211948,0.16074662,0.29237625
8.770000219345093,15.159948,0.16074662,0.293597
8.780000448226929,15.051949,0.16074662,0.2948178
8.789999723434448,15.00795,0.16074662,0.29603857
8.799999952316284,15.043949,0.16074662,0.29725936
8.81000018119812,15.07595,0.16081397,0.29725936
8.820000410079956,15.139949,0.16081397,0.29848012
8.829999685287476,15.219949,0.16081397,0.29970092
8.839999914169312,15.235948,0.16081397,0.30092168
8.850000143051147,15.175948,0.16081397,0.30214247
8.860000371932983,15.135948,0.16088136,0.30336323
8.869999647140503,15.107948,0.16094872,0.30336323
8.879999876022339,15.051949,0.16094872,0.30458403
8.890000104904175,15.031949,0.16094872,0.3058048
8.90000033378601,15.039948,0.16101609,0.3058048
8.90999960899353,15.103949,0.16101609,0.30702558
8.919999837875366,15.159948,0.16108346,0.30824634
8.930000066757202,15.219949,0.16108346,0.30946714
8.940000295639038,15.243948,0.1612182,0.30946714
8.949999570846558,15.207949,0.16135295,0.30946714
8.959999799728394,15.163948,0.16148768,0.30946714
8.97000002861023,15.119948,0.16155507,0.3106879
8.980000257492065,15.095948,0.16155507,0.3119087
8.989999532699585,15.071949,0.16162243,0.31312945
8.999999761581421,15.123949,0.16162243,0.31312945
9.009999990463257,15.171948,0.16175717,0.31435025
9.020000219345093,15.259949,0.16195929,0.31312945
9.030000448226929,15.343947,0.16222878,0.31312945
9.039999723434448,15.395948,0.16256562,0.3119087
9.049999952316284,15.407948,0.1631046,0.30946714
9.06000018119812,15.415948,0.16384567,0.3058048
9.070000410079956,15.459948,0.1646541,0.30092168
9.079999685287476,15.507947,0.16566469,0.29603857
9.089999914169312,15.571946,0.16654049,0.2899347
9.100000143051147,15.627947,0.1670121,0.28749314
9.110000371932983,15.631947,0.1670121,0.2887139
9.119999647140503,15.587947,0.1670121,0.2899347
9.129999876022339,15.615947,0.16707946,0.29115546
9.140000104904175,15.715947,0.16707946,0.29237625
9.15000033378601,15.799946,0.16707946,0.293597
9.15999960899353,15.8439455,0.16707946,0.2948178
9.169999837875366,15.8439455,0.16707946,0.29603857
9.180000066757202,15.795946,0.16707946,0.29725936
9.190000295639038,15.687947,0.16707946,0.29725936
9.199999570846558,15.643947,0.16707946,0.29970092
9.209999799728394,15.611946,0.16707946,0.29970092
9.22000002861023,15.623946,0.16707946,0.30092168
9.230000257492065,15.639946,0.16714685,0.30214247
9.239999532699585,15.715947,0.16714685,0.30336323
9.249999761581421,15.779946,0.16714685,0.30458403
9.259999990463257,15.815946,0.1672142,0.3058048
9.270000219345093,15.811947,0.1672142,0.3058048
9.280000448226929,15.755947,0.1672142,0.30702558
9.289999723434448,15.687947,0.16728158,0.30824634
9.299999952316284,15.611946,0.16734895,0.30824634
9.31000018119812,15.611946,0.16741632,0.30946714
9.320000410079956,15.675947,0.16748369,0.30946714
9.329999685287476,15.715947,0.16748369,0.3119087
9.339999914169312,15.775946,0.16755107,0.3119087
9.350000143051147,15.823947,0.16761842,0.31312945
9.360000371932983,15.823947,0.16761842,0.31312945
9.369999647140503,15.799946,0.1676858,0.31435025
9.379999876022339,15.767946,0.16775317,0.315571
9.390000104904175,15.723947,0.16782054,0.315571
9.40000033378601,15.663947,0.16788791,0.3167918
9.40999960899353,15.679946,0.1679553,0.3167918
9.419999837875366,15.719946,0.1679553,0.31801257
9.430000066757202,15.763947,0.16802265,0.31923336
9.440000295639038,15.823947,0.16802265,0.32045412
9.449999570846558,15.859946,0.16809003,0.3216749
9.459999799728394,15.859946,0.16822477,0.3216749
9.47000002861023,15.807946,0.1683595,0.3216749
9.480000257492065,15.807946,0.16856162,0.3216749
9.489999532699585,15.799946,0.16883111,0.32045412
9.499999761581421,15.807946,0.16916795,0.31923336
9.509999990463257,15.8439455,0.16957217,0.3167918
9.520000219345093,15.9359455,0.17004378,0.315571
9.530000448226929,16.043945,0.17065011,0.31312945
9.539999723434448,16.131945,0.17125645,0.30946714
9.549999952316284,16.223944,0.17199753,0.3058048
9.56000018119812,16.307945,0.1727386,0.30092168
9.570000410079956,16.315945,0.17334494,0.29848012
9.579999685287476,16.243944,0.17347969,0.29848012
9.589999914169312,16.203945,0.17347969,0.29970092
9.600000143051147,16.175945,0.17354704,0.30092168
9.610000371932983,16.195944,0.17354704,0.30092168
9.619999647140503,16.307945,0.17354704,0.30336323
9.629999876022339,16.387943,0.17354704,0.30336323
9.640000104904175,16.443945,0.17354704,0.3058048
9.65000033378601,16.463943,0.17354704,0.3058048
9.65999960899353,16.447943,0.17354704,0.30702558
9.669999837875366,16.355944,0.17354704,0.30824634
9.680000066757202,16.251944,0.17354704,0.30946714
9.690000295639038,16.187944,0.17354704,0.3106879
9.699999570846558,16.187944,0.17354704,0.3119087
9.709999799728394,16.243944,0.17354704,0.31312945
9.72000002861023,16.331944,0.17354704,0.31435025
9.730000257492065,16.427944,0.17354704,0.315571
9.739999532699585,16.459944,0.17354704,0.3167918
9.749999761581421,16.411943,0.17354704,0.31801257
9.759999990463257,16.371944,0.17354704,0.31923336
9.770000219345093,16.279945,0.17354704,0.32045412
9.780000448226929,16.203945,0.17354704,0.3216749
9.789999723434448,16.171946,0.17354704,0.32289568
9.799999952316284,16.207945,0.17354704,0.32289568
9.81000018119812,16.251944,0.17354704,0.32533723
9.820000410079956,16.343945,0.17354704,0.32533723
9.829999685287476,16.427944,0.17361443,0.32655802
9.839999914169312,16.443945,0.17361443,0.3277788
9.850000143051147,16.375944,0.17361443,0.32899958
9.860000371932983,16.295944,0.17361443,0.33022034
9.869999647140503,16.227945,0.17361443,0.33144113
9.879999876022339,16.167944,0.1736818,0.33144113
9.890000104904175,16.179945,0.17374916,0.3326619
9.90000033378601,16.243944,0.17374916,0.3338827
9.90999960899353,16.315945,0.17381653,0.3338827
9.919999837875366,16.367945,0.17381653,0.33510345
9.930000066757202,16.403944,0.17388391,0.33632424
9.940000295639038,16.435946,0.17401865,0.33632424
9.949999570846558,16.391945,0.17422076,0.33632424
9.959999799728394,16.363945,0.17449024,0.33510345
9.97000002861023,16.347944,0.17496185,0.3326619
9.980000257492065,16.395945,0.17556818,0.33022034
9.989999532699585,16.487944,0.17630926,0.32655802
9.999999761581421,16.651943,0.17718507,0.3216749
10.009999990463257,16.811943,0.17812827,0.315571
10.020000219345093,16.903942,0.17900409,0.3119087
10.030000448226929,16.967943,0.17961043,0.30824634
10.039999723434448,16.935942,0.17981254,0.30702558
10.049999952316284,16.867943,0.17981254,0.30946714
10.06000018119812,16.811943,0.17987992,0.30946714
10.070000410079956,16.847942,0.17994727,0.3106879
10.079999685287476,16.907942,0.18001465,0.3106879
10.089999914169312,16.987942,0.18008202,0.3119087
10.100000143051147,17.091942,0.18008202,0.31312945
10.110000371932983,17.139942,0.18014939,0.31312945
10.119999647140503,17.115942,0.18014939,0.31435025
10.129999876022339,17.043941,0.18021676,0.315571
10.140000104904175,16.983942,0.18028413,0.315571
10.15000033378601,16.883942,0.1803515,0.3167918
10.15999960899353,16.855942,0.18048625,0.3167918
10.169999837875366,16.923943,0.18062098,0.3167918
10.180000066757202,17.031942,0.18089047,0.3167918
10.190000295639038,17.147942,0.1812947,0.315571
10.199999570846558,17.283941,0.18183365,0.3119087
10.209999799728394,17.40794,0.18264212,0.30824634
10.22000002861023,17.47594,0.18351793,0.30336323
10.230000257492065,17.46794,0.18432638,0.29848012
10.239999532699585,17.44794,0.18500009,0.2948178
10.249999761581421,17.391941,0.18547167,0.293597
10.259999990463257,17.303942,0.18560642,0.293597
10.270000219345093,17.31594,0.18560642,0.293597
10.280000448226929,17.435942,0.18567379,0.2948178
10.289999723434448,17.56794,0.18574116,0.29603857
10.299999952316284,17.707941,0.18574116,0.29725936
10.31000018119812,17.78394,0.18574116,0.29725936
10.320000410079956,17.79994,0.18580854,0.29848012
10.329999685287476,17.67994,0.18580854,0.29970092
10.339999914169312,17.53594,0.18580854,0.30092168
10.350000143051147,17.443941,0.18580854,0.30214247
10.360000371932983,17.35994,0.18580854,0.30336323
10.369999647140503,17.363941,0.18580854,0.30458403
10.379999876022339,17.491941,0.1858759,0.3058048
10.390000104904175,17.63594,0.1858759,0.3058048
10.40000033378601,17.739939,0.1858759,0.30702558
10.40999960899353,17.79994,0.1858759,0.30824634
10.419999837875366,17.73594,0.18594328,0.30946714
10.430000066757202,17.60794,0.18601064,0.30946714
10.440000295639038,17.47994,0.18601064,0.3106879
10.449999570846558,17.40394,0.18601064,0.3119087
10.459999799728394,17.37594,0.18607801,0.31312945
10.47000002861023,17.42394,0.18614538,0.31312945
10.480000257492065,17.55194,0.18614538,0.31435025
10.489999532699585,17.683939,0.18621276,0.315571
10.499999761581421,17.75594,0.1863475,0.315571
10.509999990463257,17.78794,0.18641487,0.3167918
10.520000219345093,17.73594,0.1865496,0.3167918
10.530000448226929,17.60394,0.18661699,0.3167918
10.539999723434448,17.51594,0.18681909,0.3167918
10.549999952316284,17.471941,0.18702121,0.3167918
10.56000018119812,17.52794,0.18722332,0.3167918
10.570000410079956,17.63994,0.18762754,0.315571
10.579999685287476,17.81194,0.18830125,0.3119087
10.589999914169312,18.019938,0.18897496,0.30824634
10.600000143051147,18.131939,0.18964867,0.30458403
10.610000371932983,18.115938,0.19018763,0.30214247
10.619999647140503,18.099937,0.19065922,0.29970092
10.629999876022339,18.04394,0.19119819,0.29725936
10.640000104904175,17.951939,0.19153506,0.29603857
10.65000033378601,17.927938,0.19166979,0.29603857
10.65999960899353,17.97194,0.19166979,0.29725936
10.669999837875366,18.067938,0.19173716,0.29725936
10.680000066757202,18.207937,0.19173716,0.29970092
10.690000295639038,18.351936,0.19173716,0.29970092
10.699999570846558,18.383938,0.19173716,0.30092168
10.709999799728394,18.327938,0.19173716,0.30214247
10.72000002861023,18.223938,0.19173716,0.30336323
10.730000257492065,18.127937,0.19180454,0.30458403
10.739999532699585,18.011938,0.19180454,0.3058048
10.749999761581421,17.96794,0.1918719,0.3058048
10.759999990463257,18.027939,0.1918719,0.30702558
10.770000219345093,18.139938,0.19193928,0.30824634
10.780000448226929,18.255938,0.19193928,0.30946714
10.789999723434448,18.351936,0.19200665,0.30946714
10.799999952316284,18.379936,0.19214138,0.3106879
10.81000018119812,18.303938,0.19214138,0.3119087
10.820000410079956,18.195938,0.19214138,0.3119087
10.829999685287476,18.10394,0.19227612,0.31312945
10.839999914169312,18.039938,0.19234349,0.31312945
10.850000143051147,18.055939,0.19241087,0.31435025
10.860000371932983,18.131939,0.19254561,0.31435025
10.869999647140503,18.247938,0.19261298,0.315571
10.879999876022339,18.323938,0.19268034,0.315571
10.890000104904175,18.387938,0.19268034,0.3167918
10.90000033378601,18.399937,0.1928151,0.3167918
10.90999960899353,18.331938,0.19288245,0.31801257
10.919999837875366,18.247938,0.19294983,0.31801257
10.930000066757202,18.187939,0.1930172,0.31923336
10.940000295639038,18.147938,0.19315194,0.31923336
10.949999570846558,18.159939,0.19328669,0.31923336
10.959999799728394,18.263937,0.1934888,0.31923336
10.97000002861023,18.383938,0.19375828,0.31923336
10.980000257492065,18.511938,0.19409513,0.3167918
10.989999532699585,18.583937,0.19456674,0.315571
10.999999761581421,18.639936,0.19517307,0.31312945
11.009999990463257,18.675936,0.19571203,0.30946714
11.020000219345093,18.599937,0.196251,0.30702558
11.030000448226929,18.587936,0.19672258,0.3058048
11.039999723434448,18.595936,0.1971268,0.30336323
11.049999952316284,18.607937,0.19746368,0.30214247
11.06000018119812,18.671936,0.19753104,0.30336323
11.070000410079956,18.763937,0.19753104,0.30336323
11.079999685287476,18.859936,0.19759841,0.30458403
11.089999914169312,18.895935,0.19759841,0.3058048
11.100000143051147,18.907936,0.19759841,0.30702558
11.110000371932983,18.887936,0.19766578,0.30702558
11.119999647140503,18.823936,0.19766578,0.30946714
11.129999876022339,18.735937,0.19773316,0.30946714
11.140000104904175,18.723936,0.19773316,0.3106879
11.15000033378601,18.699936,0.19773316,0.3119087
11.15999960899353,18.719936,0.19780052,0.31312945
11.169999837875366,18.795935,0.1978679,0.31312945
11.180000066757202,18.871937,0.19793527,0.31435025
11.190000295639038,18.907936,0.19800264,0.31435025
11.199999570846558,18.911936,0.19800264,0.315571
11.209999799728394,18.887936,0.19807,0.3167918
11.22000002861023,18.815935,0.19813739,0.3167918
11.230000257492065,18.763937,0.19820474,0.31801257
11.239999532699585,18.747936,0.19827212,0.31801257
11.249999761581421,18.767935,0.19833949,0.31923336
11.259999990463257,18.791937,0.19840686,0.31923336
11.270000219345093,18.851936,0.19847423,0.32045412
11.280000448226929,18.927937,0.19854161,0.3216749
11.289999723434448,18.943935,0.19860898,0.3216749
11.299999952316284,18.939936,0.19874372,0.32289568
11.31000018119812,18.947935,0.19894584,0.32289568
11.320000410079956,18.919935,0.19921532,0.3216749
11.329999685287476,18.911936,0.1994848,0.32045412
11.339999914169312,18.927937,0.19982165,0.31923336
11.350000143051147,18.979937,0.20022587,0.31801257
11.360000371932983,19.047935,0.20076483,0.315571
11.369999647140503,19.175934,0.20137118,0.31312945
11.379999876022339,19.291933,0.20197752,0.30946714
11.390000104904175,19.383934,0.20258385,0.3058048
11.40000033378601,19.399933,0.20312281,0.30336323
11.40999960899353,19.407934,0.20345968,0.30214247
11.419999837875366,19.355934,0.20359442,0.30214247
11.430000066757202,19.287935,0.20359442,0.30336323
11.440000295639038,19.275934,0.20359442,0.30458403
11.449999570846558,19.335934,0.20359442,0.3058048
11.459999799728394,19.419933,0.20359442,0.30702558
11.47000002861023,19.491934,0.20366178,0.30702558
11.480000257492065,19.559933,0.20372915,0.30824634
11.489999532699585,19.587933,0.20372915,0.30946714
11.499999761581421,19.499933,0.20372915,0.3106879
11.509999990463257,19.427933,0.20372915,0.3119087
11.520000219345093,19.339933,0.20379652,0.31312945
11.530000448226929,19.307934,0.20379652,0.31312945
11.539999723434448,19.299934,0.20379652,0.315571
11.549999952316284,19.379934,0.20379652,0.315571
11.56000018119812,19.439934,0.20379652,0.3167918
11.570000410079956,19.503935,0.20379652,0.31801257
11.579999685287476,19.539934,0.20379652,0.31923336
11.589999914169312,19.519934,0.20379652,0.32045412
11.600000143051147,19.467934,0.20379652,0.3216749
11.610000371932983,19.363934,0.20379652,0.32289568
11.619999647140503,19.315935,0.20379652,0.32411647
11.629999876022339,19.303934,0.20379652,0.32533723
11.640000104904175,19.315935,0.20379652,0.32655802
11.65000033378601,19.375935,0.20379652,0.3277788
11.65999960899353,19.463934,0.20379652,0.32899958
11.669999837875366,19.499933,0.20379652,0.33022034
11.680000066757202,19.511934,0.20379652,0.33144113
11.690000295639038,19.491934,0.20379652,0.3326619
11.699999570846558,19.419933,0.20379652,0.3326619
11.709999799728394,19.323935,0.20379652,0.33510345
11.72000002861023,19.287935,0.2038639,0.33510345
11.730000257492065,19.303934,0.2038639,0.33632424
11.739999532699585,19.343935,0.2038639,0.337545
11.749999761581421,19.383934,0.2038639,0.3387658
11.759999990463257,19.459934,0.20393126,0.3387658
11.770000219345093,19.495934,0.20393126,0.33998656
11.780000448226929,19.471933,0.20393126,0.34120736
11.789999723434448,19.459934,0.20406601,0.34120736
11.799999952316284,19.407934,0.20413339,0.34242812
11.81000018119812,19.347935,0.20426811,0.34242812
11.820000410079956,19.315935,0.2043355,0.3436489
11.829999685287476,19.363934,0.20447023,0.3436489
11.839999914169312,19.415934,0.20460497,0.3436489
11.850000143051147,19.475933,0.20473972,0.3436489
11.860000371932983,19.563932,0.20494182,0.3436489
11.869999647140503,19.639935,0.2052113,0.34242812
11.879999876022339,19.635933,0.20561554,0.34120736
11.890000104904175,19.663935,0.20608713,0.3387658
11.90000033378601,19.707932,0.2068282,0.33632424
11.90999960899353,19.775932,0.20770404,0.33022034
11.919999837875366,19.875933,0.20884933,0.32411647
11.930000066757202,20.039932,0.21019675,0.315571
11.940000295639038,20.179932,0.21134205,0.30946714
11.949999570846558,20.243933,0.2119484,0.3058048
11.959999799728394,20.263931,0.21248734,0.30336323
11.97000002861023,20.28793,0.21302631,0.30092168
11.980000257492065,20.371931,0.21370001,0.29725936
11.989999532699585,20.499931,0.2144411,0.293597
11.999999761581421,20.655928,0.21524955,0.2887139
12.009999990463257,20.81993,0.21619275,0.2838308
12.020000219345093,20.935928,0.21706857,0.27772692
12.030000448226929,20.995928,0.2176749,0.27650613
12.039999723434448,20.955929,0.21787702,0.27528536
12.049999952316284,20.831928,0.21787702,0.27650613
12.06000018119812,20.755928,0.21787702,0.27772692
12.070000410079956,20.78393,0.21794438,0.27772692
12.079999685287476,20.879929,0.21794438,0.27894768
12.089999914169312,20.97593,0.21794438,0.28016847
12.100000143051147,21.07993,0.21794438,0.28138924
12.110000371932983,21.155928,0.21794438,0.28261003
12.119999647140503,21.103928,0.21794438,0.2838308
12.129999876022339,21.02393,0.21794438,0.28505158
12.140000104904175,20.911928,0.21801175,0.28627235
12.15000033378601,20.811928,0.21801175,0.28627235
12.15999960899353,20.75193,0.21801175,0.28749314
12.169999837875366,20.799929,0.21801175,0.2887139
12.180000066757202,20.88393,0.21807912,0.2899347
12.190000295639038,20.99993,0.21807912,0.29115546
12.199999570846558,21.067928,0.21807912,0.29237625
12.209999799728394,21.107927,0.21807912,0.293597
12.22000002861023,21.047928,0.21807912,0.2948178
12.230000257492065,20.951927,0.21807912,0.29603857
12.239999532699585,20.859928,0.2181465,0.29603857
12.249999761581421,20.795929,0.2181465,0.29725936
12.259999990463257,20.76793,0.21821386,0.29848012
12.270000219345093,20.82793,0.21821386,0.29970092
12.280000448226929,20.935928,0.21821386,0.30092168
12.289999723434448,21.015928,0.21828124,0.30092168
12.299999952316284,21.067928,0.21841598,0.30092168
12.31000018119812,21.09993,0.21855073,0.30092168
12.320000410079956,21.071928,0.21868546,0.30214247
12.329999685287476,20.983929,0.21888757,0.30092168
12.339999914169312,20.959929,0.21915706,0.30092168
12.350000143051147,20.911928,0.21935917,0.30092168
12.360000371932983,20.93993,0.21962866,0.29970092
12.369999647140503,21.007927,0.2199655,0.29848012
12.379999876022339,21.151928,0.22023499,0.29725936
12.390000104904175,21.251928,0.22057183,0.29725936
12.40000033378601,21.315926,0.22084132,0.29603857
12.40999960899353,21.367928,0.22124554,0.2948178
12.419999837875366,21.395926,0.22171715,0.29237625
12.430000066757202,21.367928,0.22218874,0.29115546
12.440000295639038,21.367928,0.22259296,0.2887139
12.449999570846558,21.379927,0.22299719,0.28749314
12.459999799728394,21.371927,0.22313192,0.28749314
12.47000002861023,21.383926,0.22319931,0.28749314
12.480000257492065,21.439926,0.22319931,0.2887139
12.489999532699585,21.539927,0.22319931,0.2899347
12.499999761581421,21.563927,0.22319931,0.29115546
12.509999990463257,21.611925,0.22326666,0.29237625
12.520000219345093,21.607925,0.22333404,0.29237625
12.530000448226929,21.563927,0.22340141,0.293597
12.539999723434448,21.491926,0.2234688,0.293597
12.549999952316284,21.451925,0.22353615,0.2948178
12.56000018119812,21.431929,0.22353615,0.29603857
12.570000410079956,21.415926,0.22353615,0.29725936
12.579999685287476,21.471926,0.22353615,0.29848012
12.589999914169312,21.559927,0.22360353,0.29848012
12.600000143051147,21.607925,0.22360353,0.29970092
12.610000371932983,21.619926,0.22360353,0.30092168
12.619999647140503,21.603928,0.2236709,0.30214247
12.629999876022339,21.551926,0.2236709,0.30336323
12.640000104904175,21.487928,0.22373827,0.30336323
12.65000033378601,21.447927,0.22380564,0.30458403
12.65999960899353,21.459927,0.22387302,0.3058048
12.669999837875366,21.483927,0.22400776,0.3058048
12.680000066757202,21.531925,0.22407512,0.3058048
12.690000295639038,21.615927,0.22407512,0.30702558
12.699999570846558,21.639927,0.22414249,0.30824634
12.709999799728394,21.647924,0.22420986,0.30824634
12.72000002861023,21.651926,0.2243446,0.30824634
12.730000257492065,21.615927,0.22447935,0.30946714
12.739999532699585,21.559927,0.22461408,0.30946714
12.749999761581421,21.551926,0.22474882,0.30946714
12.759999990463257,21.587925,0.22501831,0.30946714
12.770000219345093,21.631926,0.2252878,0.30824634
12.780000448226929,21.751926,0.22575939,0.3058048
12.789999723434448,21.891926,0.22636573,0.30336323
12.799999952316284,21.991926,0.22697206,0.29970092
12.81000018119812,22.067924,0.22764577,0.29603857
12.820000410079956,22.115925,0.22838683,0.29237625
12.829999685287476,22.171923,0.22912793,0.2887139
12.839999914169312,22.135923,0.22953215,0.28627235
12.850000143051147,22.067924,0.22959952,0.28749314
12.860000371932983,22.067924,0.22959952,0.2887139
12.869999647140503,22.099924,0.22959952,0.2899347
12.879999876022339,22.183926,0.22959952,0.29115546
12.890000104904175,22.315924,0.22959952,0.29237625
12.90000033378601,22.407923,0.22966689,0.29237625
12.90999960899353,22.387922,0.22966689,0.293597
12.919999837875366,22.311924,0.22966689,0.2948178
12.930000066757202,22.235924,0.22966689,0.29603857
12.940000295639038,22.131924,0.22966689,0.29725936
12.949999570846558,22.071926,0.22973426,0.29725936
12.959999799728394,22.071926,0.22973426,0.29970092
12.97000002861023,22.155924,0.22973426,0.29970092
12.980000257492065,22.219925,0.22980164,0.30092168
12.989999532699585,22.327923,0.22980164,0.30214247
12.999999761581421,22.379925,0.22980164,0.30336323
13.009999990463257,22.359924,0.229869,0.30336323
13.020000219345093,22.275925,0.22993638,0.30458403
13.030000448226929,22.203924,0.22993638,0.3058048
13.039999723434448,22.139925,0.23000374,0.30702558
13.049999952316284,22.095924,0.23007111,0.30702558
13.06000018119812,22.131924,0.23007111,0.30824634
13.070000410079956,22.219925,0.23013848,0.30946714
13.079999685287476,22.295923,0.23013848,0.3106879
13.089999914169312,22.359924,0.23020586,0.3106879
13.100000143051147,22.399925,0.23027322,0.3119087
13.110000371932983,22.375923,0.23027322,0.31312945
13.119999647140503,22.259924,0.2303406,0.31312945
13.129999876022339,22.183926,0.2303406,0.31435025
13.140000104904175,22.147926,0.2303406,0.315571
13.15000033378601,22.143925,0.23040797,0.3167918
13.15999960899353,22.191923,0.23047535,0.3167918
13.169999837875366,22.299925,0.2305427,0.31801257
13.180000066757202,22.391924,0.23074482,0.3167918
13.190000295639038,22.443922,0.23087958,0.31801257
13.199999570846558,22.463923,0.23108168,0.3167918
13.209999799728394,22.455923,0.23141854,0.3167918
13.22000002861023,22.403923,0.23175539,0.315571
13.230000257492065,22.391924,0.23222698,0.31312945
13.239999532699585,22.451923,0.23276594,0.3106879
13.249999761581421,22.539923,0.23337229,0.30702558
13.259999990463257,22.615925,0.23391125,0.3058048
13.270000219345093,22.767923,0.23438284,0.30336323
13.280000448226929,22.895922,0.23485444,0.30092168
13.289999723434448,22.963923,0.23525867,0.29848012
13.299999952316284,22.94792,0.23552816,0.29848012
13.31000018119812,22.915922,0.23559551,0.29848012
13.320000410079956,22.843924,0.23559551,0.29970092
13.329999685287476,22.803923,0.23559551,0.30092168
13.339999914169312,22.863922,0.23566289,0.30214247
13.350000143051147,22.919922,0.23573026,0.30214247
13.360000371932983,22.971922,0.23573026,0.30336323
13.369999647140503,23.01192,0.23573026,0.30458403
13.379999876022339,23.027922,0.23573026,0.3058048
13.390000104904175,23.007921,0.23573026,0.30702558
13.40000033378601,22.94792,0.23579763,0.30824634
13.40999960899353,22.899921,0.23579763,0.30946714
13.419999837875366,22.851921,0.23579763,0.3106879
13.430000066757202,22.839922,0.235865,0.3106879
13.440000295639038,22.879923,0.235865,0.3119087
13.449999570846558,22.96792,0.23593238,0.31312945
13.459999799728394,23.007921,0.23593238,0.31435025
13.47000002861023,23.01192,0.23593238,0.315571
13.480000257492065,23.007921,0.23599975,0.315571
13.489999532699585,22.983923,0.23599975,0.3167918
13.499999761581421,22.931921,0.23599975,0.31801257
13.509999990463257,22.891922,0.23606712,0.31923336
13.520000219345093,22.871922,0.23613448,0.31923336
13.530000448226929,22.891922,0.23620187,0.32045412
13.539999723434448,22.951921,0.23633659,0.32045412
13.549999952316284,23.01192,0.23640397,0.3216749
13.56000018119812,23.059921,0.23653871,0.3216749
13.570000410079956,23.063921,0.23667344,0.3216749
13.579999685287476,23.063921,0.2368082,0.3216749
13.589999914169312,23.055922,0.23694293,0.3216749
13.600000143051147,22.96792,0.2370103,0.32289568
13.610000371932983,22.96792,0.2370103,0.32411647
13.619999647140503,22.979921,0.23707767,0.32411647
13.629999876022339,23.019922,0.23714504,0.32533723
13.640000104904175,23.059921,0.23721242,0.32533723
13.65000033378601,23.14392,0.23727979,0.32655802
13.65999960899353,23.179922,0.23734716,0.32655802
13.669999837875366,23.14792,0.2374819,0.3277788
13.680000066757202,23.159922,0.23775138,0.32655802
13.690000295639038,23.159922,0.23802087,0.32533723
13.699999570846558,23.14392,0.23842509,0.32411647
13.709999799728394,23.16392,0.23876195,0.32289568
13.72000002861023,23.23992,0.2390988,0.3216749
13.730000257492065,23.29992,0.23943564,0.32045412
13.739999532699585,23.37592,0.23977251,0.31923336
13.749999761581421,23.459919,0.24010935,0.31801257
13.759999990463257,23.53592,0.24058095,0.3167918
13.770000219345093,23.59992,0.2411199,0.31435025
13.780000448226929,23.63592,0.24165888,0.3119087
13.789999723434448,23.69192,0.24219784,0.30824634
13.799999952316284,23.695919,0.24253471,0.30702558
13.81000018119812,23.66792,0.24273682,0.30702558
13.820000410079956,23.67992,0.24287155,0.30702558
13.829999685287476,23.731918,0.2430063,0.30702558
13.839999914169312,23.81992,0.24320842,0.30702558
13.850000143051147,23.887918,0.24334316,0.30702558
13.860000371932983,23.95592,0.2434779,0.30824634
13.869999647140503,23.97592,0.24368,0.30702558
13.879999876022339,23.959917,0.2439495,0.30702558
13.890000104904175,23.959917,0.24421896,0.3058048
13.90000033378601,23.971918,0.24462318,0.30458403
13.90999960899353,23.99592,0.24516216,0.30214247
13.919999837875366,24.063917,0.2457011,0.29970092
13.930000066757202,24.183918,0.24630745,0.29603857
13.940000295639038,24.319918,0.24698114,0.293597
13.949999570846558,24.427916,0.24765487,0.2899347
13.959999799728394,24.511917,0.24812648,0.28749314
13.97000002861023,24.531918,0.24846332,0.28627235
13.980000257492065,24.491917,0.24859807,0.28627235
13.989999532699585,24.443916,0.24859807,0.28749314
13.999999761581421,24.431917,0.24859807,0.2887139
14.009999990463257,24.447916,0.24859807,0.2899347
14.020000219345093,24.499918,0.24859807,0.29115546
14.030000448226929,24.583916,0.24859807,0.29237625
14.039999723434448,24.639915,0.24859807,0.293597
14.049999952316284,24.603916,0.24859807,0.2948178
14.06000018119812,24.571917,0.24859807,0.29603857
14.070000410079956,24.511917,0.24859807,0.29603857
14.079999685287476,24.443916,0.24859807,0.29725936
14.089999914169312,24.403915,0.24859807,0.29848012
14.100000143051147,24.419918,0.24859807,0.29970092
14.110000371932983,24.487917,0.24859807,0.30092168
14.119999647140503,24.503916,0.24859807,0.30214247
14.129999876022339,24.571917,0.24859807,0.30336323
14.140000104904175,24.603916,0.24859807,0.30458403
14.15000033378601,24.563915,0.24859807,0.3058048
14.15999960899353,24.483915,0.24859807,0.30702558
14.169999837875366,24.435917,0.24859807,0.30824634
14.180000066757202,24.391916,0.24859807,0.30946714
14.190000295639038,24.399918,0.24859807,0.3106879
14.199999570846558,24.431917,0.24866542,0.3119087
14.209999799728394,24.491917,0.24866542,0.3119087
14.22000002861023,24.535917,0.24866542,0.31312945
14.230000257492065,24.559916,0.24866542,0.31435025
14.239999532699585,24.543917,0.24866542,0.315571
14.249999761581421,24.487917,0.24866542,0.3167918
14.259999990463257,24.427916,0.24866542,0.31801257
14.270000219345093,24.379917,0.24866542,0.31923336
14.280000448226929,24.379917,0.24866542,0.32045412
14.289999723434448,24.387917,0.24866542,0.3216749
14.299999952316284,24.459917,0.24873279,0.3216749
14.31000018119812,24.511917,0.24873279,0.32289568
14.320000410079956,24.535917,0.24873279,0.32411647
14.329999685287476,24.531918,0.24880016,0.32533723
14.339999914169312,24.503916,0.24886754,0.32533723
14.350000143051147,24.467916,0.24893491,0.32655802
14.360000371932983,24.403915,0.2490023,0.32655802
14.369999647140503,24.391916,0.24913701,0.3277788
14.379999876022339,24.451916,0.24927177,0.3277788
14.390000104904175,24.503916,0.24947388,0.3277788
14.40000033378601,24.583916,0.24974336,0.32655802
14.40999960899353,24.715916,0.25014758,0.32533723
14.419999837875366,24.791916,0.25068656,0.32289568
14.430000066757202,24.827917,0.25136027,0.31923336
14.440000295639038,24.883915,0.25203398,0.315571
14.449999570846558,24.915915,0.25270766,0.3119087
14.459999799728394,24.975914,0.2535161,0.30702558
14.47000002861023,25.067913,0.25432456,0.30336323
14.480000257492065,25.195915,0.25506565,0.29970092
14.489999532699585,25.355913,0.25560462,0.29725936
14.499999761581421,25.407913,0.25580674,0.29603857
14.509999990463257,25.455912,0.25594145,0.29603857
14.520000219345093,25.475912,0.25607622,0.29725936
14.530000448226929,25.471914,0.25621095,0.29725936
14.539999723434448,25.479914,0.2563457,0.29725936
14.549999952316284,25.507914,0.2565478,0.29725936
14.56000018119812,25.555912,0.25681728,0.29603857
14.570000410079956,25.555912,0.25708678,0.29603857
14.579999685287476,25.611912,0.25735626,0.2948178
14.589999914169312,25.651913,0.25755838,0.2948178
14.600000143051147,25.647911,0.25776047,0.2948178
14.610000371932983,25.655912,0.25789523,0.2948178
14.619999647140503,25.687912,0.25809732,0.2948178
14.629999876022339,25.711912,0.2582321,0.2948178
14.640000104904175,25.727911,0.25843418,0.293597
14.65000033378601,25.795912,0.25870368,0.293597
14.65999960899353,25.855913,0.25904053,0.29237625
14.669999837875366,25.89991,0.25951213,0.2899347
14.680000066757202,25.995913,0.26011848,0.28749314
14.690000295639038,26.063911,0.26059005,0.28505158
14.699999570846558,26.07591,0.2609269,0.2838308
14.709999799728394,26.05991,0.26106164,0.2838308
14.72000002861023,26.047913,0.26112902,0.28505158
14.730000257492065,26.043911,0.26112902,0.28627235
14.739999532699585,26.071913,0.26119637,0.28627235
14.749999761581421,26.13591,0.26119637,0.28749314
14.759999990463257,26.19591,0.26119637,0.2887139
14.770000219345093,26.18391,0.26119637,0.2899347
14.780000448226929,26.163912,0.26119637,0.29115546
14.789999723434448,26.13591,0.26119637,0.29237625
14.799999952316284,26.09991,0.26119637,0.293597
14.81000018119812,26.039911,0.26126376,0.2948178
14.820000410079956,26.03591,0.26126376,0.29603857
14.829999685287476,26.067911,0.26126376,0.29603857
14.839999914169312,26.095911,0.26133114,0.29725936
14.850000143051147,26.139912,0.26133114,0.29848012
14.860000371932983,26.19591,0.26139852,0.29970092
14.869999647140503,26.17991,0.26139852,0.29970092
14.879999876022339,26.127913,0.26146585,0.30092168
14.890000104904175,26.083912,0.2616006,0.30092168
14.90000033378601,26.083912,0.261668,0.30214247
14.90999960899353,26.07591,0.26173535,0.30214247
14.919999837875366,26.067911,0.26173535,0.30336323
14.930000066757202,26.119911,0.26180273,0.30458403
14.940000295639038,26.187912,0.26193747,0.30458403
14.949999570846558,26.21191,0.2620722,0.30458403
14.959999799728394,26.26391,0.2622743,0.30458403
14.97000002861023,26.28391,0.2625438,0.30336323
14.980000257492065,26.267912,0.26288065,0.30336323
14.989999532699585,26.267912,0.26315013,0.30214247
14.999999761581421,26.27591,0.26335225,0.30214247
15.009999990463257,26.287909,0.26362172,0.30092168
15.020000219345093,26.343912,0.26389122,0.29970092
15.030000448226929,26.459911,0.26422808,0.29970092
15.039999723434448,26.579908,0.26463228,0.29725936
15.049999952316284,26.623909,0.26490176,0.29725936
15.06000018119812,26.659908,0.26517126,0.29603857
15.070000410079956,26.66791,0.26544073,0.29603857
15.079999685287476,26.651909,0.2657102,0.2948178
15.089999914169312,26.65591,0.2660471,0.293597
15.100000143051147,26.67591,0.26624918,0.293597
15.110000371932983,26.703909,0.26631656,0.293597
15.119999647140503,26.71191,0.26631656,0.2948178
15.129999876022339,26.77191,0.26631656,0.29603857
15.140000104904175,26.82391,0.26638395,0.29725936
15.15000033378601,26.835909,0.26638395,0.29848012
15.15999960899353,26.807909,0.26638395,0.29970092
15.169999837875366,26.77991,0.26638395,0.30092168
15.180000066757202,26.735909,0.26638395,0.30092168
15.190000295639038,26.703909,0.26638395,0.30336323
15.199999570846558,26.69191,0.26645133,0.30336323
15.209999799728394,26.74391,0.26645133,0.30458403
15.22000002861023,26.75191,0.26651865,0.3058048
15.230000257492065,26.795908,0.26651865,0.3058048
15.239999532699585,26.831907,0.26651865,0.30702558
15.249999761581421,26.839909,0.26658604,0.30824634
15.259999990463257,26.807909,0.2667208,0.30824634
15.270000219345093,26.795908,0.26685554,0.30824634
15.280000448226929,26.759909,0.26692292,0.30946714
15.289999723434448,26.75191,0.26692292,0.3106879
15.299999952316284,26.755907,0.26699027,0.3119087
15.31000018119812,26.799908,0.26705763,0.3119087
15.320000410079956,26.85991,0.2671924,0.3119087
15.329999685287476,26.887909,0.26725978,0.31312945
15.339999914169312,26.919909,0.26732713,0.31312945
15.350000143051147,26.911907,0.26739448,0.31435025
15.360000371932983,26.867908,0.26739448,0.315571
15.369999647140503,26.839909,0.26752925,0.315571
15.379999876022339,26.831907,0.2675966,0.3167918
15.390000104904175,26.82391,0.2675966,0.3167918
15.40000033378601,26.839909,0.2675966,0.31801257
15.40999960899353,26.887909,0.267664,0.31923336
15.419999837875366,26.92791,0.267664,0.32045412
15.430000066757202,26.943909,0.26773137,0.3216749
15.440000295639038,26.943909,0.26773137,0.3216749
15.449999570846558,26.923908,0.26779872,0.32289568
15.459999799728394,26.879908,0.26779872,0.32411647
15.47000002861023,26.839909,0.26786608,0.32533723
15.480000257492065,26.851908,0.26793346,0.32533723
15.489999532699585,26.879908,0.26800084,0.32655802
15.499999761581421,26.90791,0.26800084,0.32655802
15.509999990463257,26.935907,0.26806822,0.3277788
15.520000219345093,26.98391,0.26813558,0.32899958
15.530000448226929,26.975908,0.26820293,0.32899958
15.539999723434448,26.955908,0.2682703,0.33022034
15.549999952316284,26.96391,0.26840505,0.33144113
15.56000018119812,26.94791,0.26847243,0.33144113
15.570000410079956,26.931908,0.26867452,0.33144113
15.579999685287476,26.975908,0.26887664,0.33022034
15.589999914169312,27.067907,0.26928088,0.32899958
15.600000143051147,27.155909,0.26975247,0.32655802
15.610000371932983,27.283907,0.27049354,0.32289568
15.619999647140503,27.427908,0.27130198,0.31801257
15.629999876022339,27.547907,0.2722452,0.31312945
15.640000104904175,27.623907,0.273121,0.30824634
15.65000033378601,27.651905,0.27359262,0.3058048
15.65999960899353,27.631905,0.27372736,0.3058048
15.669999837875366,27.579906,0.27372736,0.30702558
15.680000066757202,27.607906,0.27372736,0.30824634
15.690000295639038,27.699905,0.27372736,0.30946714
15.699999570846558,27.815907,0.27372736,0.3106879
15.709999799728394,27.883904,0.27372736,0.3119087
15.72000002861023,27.891905,0.27372736,0.31312945
15.730000257492065,27.839907,0.27372736,0.31435025
15.739999532699585,27.723907,0.27372736,0.315571
15.749999761581421,27.627907,0.2737947,0.315571
15.759999990463257,27.591906,0.2737947,0.3167918
15.770000219345093,27.607906,0.2737947,0.31801257
15.780000448226929,27.643908,0.2738621,0.31923336
15.789999723434448,27.763905,0.2738621,0.32045412
15.799999952316284,27.831905,0.27392945,0.32045412
15.81000018119812,27.855906,0.27399683,0.3216749
15.820000410079956,27.831905,0.2740642,0.3216749
15.829999685287476,27.783905,0.27419892,0.32289568
15.839999914169312,27.695906,0.2742663,0.32289568
15.850000143051147,27.611906,0.2743337,0.32411647
15.860000371932983,27.635906,0.2743337,0.32533723
15.869999647140503,27.679907,0.2743337,0.32655802
15.879999876022339,27.747904,0.27440107,0.32655802
15.890000104904175,27.835905,0.27440107,0.3277788
15.90000033378601,27.919905,0.27446842,0.32899958
15.910000562667847,27.907906,0.2745358,0.32899958
15.920000791549683,27.847904,0.27467054,0.32899958
15.929999113082886,27.799906,0.27487266,0.32899958
15.939999341964722,27.775906,0.27520952,0.32899958
15.949999570846558,27.795906,0.2756811,0.32655802
15.959999799728394,27.955906,0.27648956,0.3216749
15.97000002861023,28.187904,0.27756748,0.315571
15.980000257492065,28.499905,0.27911702,0.3058048
15.990000486373901,28.767902,0.28066653,0.29603857
16.000000715255737,28.963902,0.28174448,0.2899347
16.010000944137573,28.9759,0.2826203,0.28505158
16.019999265670776,28.943903,0.2834961,0.28016847
16.029999494552612,29.0119,0.28457403,0.27406457
16.03999972343445,29.195902,0.28578672,0.2667399
16.049999952316284,29.391901,0.28666252,0.2618568
16.06000018119812,29.5639,0.286932,0.26063603
16.070000410079956,29.651897,0.286932,0.2618568
16.080000638961792,29.667898,0.286932,0.2630776
16.090000867843628,29.6759,0.286932,0.26429835
16.09999918937683,29.6639,0.286932,0.26551914
16.109999418258667,29.611898,0.286932,0.2667399
16.119999647140503,29.5239,0.286932,0.2679607
16.12999987602234,29.5239,0.286932,0.26918146
16.140000104904175,29.535898,0.286932,0.27040225
16.15000033378601,29.5959,0.286932,0.27162302
16.160000562667847,29.611898,0.286932,0.2728438
16.170000791549683,29.6239,0.286932,0.27406457
16.179999113082886,29.631899,0.286932,0.27406457
16.18999934196472,29.571898,0.286932,0.27650613
16.199999570846558,29.559898,0.286932,0.27650613
16.209999799728394,29.5279,0.286932,0.27772692
16.22000002861023,29.491901,0.286932,0.27894768
16.230000257492065,29.475899,0.286932,0.28016847
16.2400004863739,29.5239,0.286932,0.28138924
16.250000715255737,29.551899,0.286932,0.28261003
16.260000944137573,29.5959,0.286932,0.2838308
16.269999265670776,29.5959,0.286932,0.28505158
16.279999494552612,29.5679,0.286932,0.28627235
16.28999972343445,29.499899,0.286932,0.28749314
16.299999952316284,29.4599,0.286932,0.2887139
16.31000018119812,29.475899,0.286932,0.2899347
16.320000410079956,29.4839,0.286932,0.29115546
16.330000638961792,29.4839,0.286932,0.29237625
16.340000867843628,29.5239,0.286932,0.293597
16.34999918937683,29.555899,0.286932,0.2948178
16.359999418258667,29.547901,0.286932,0.29603857
16.369999647140503,29.531898,0.286932,0.29603857
16.37999987602234,29.5159,0.286932,0.29725936
16.390000104904175,29.4519,0.286932,0.29848012
16.40000033378601,29.399899,0.286932,0.29970092
16.410000562667847,29.4159,0.286932,0.30092168
16.420000791549683,29.4519,0.286932,0.30214247
16.429999113082886,29.475899,0.286932,0.30336323
16.43999934196472,29.5039,0.286932,0.30458403
16.449999570846558,29.5279,0.286932,0.3058048
16.459999799728394,29.4959,0.286932,0.30702558
16.47000002861023,29.4439,0.286932,0.30824634
16.480000257492065,29.4439,0.28699937,0.30946714
16.4900004863739,29.419899,0.28706676,0.30946714
16.500000715255737,29.4039,0.28706676,0.3106879
16.510000944137573,29.419899,0.28706676,0.3119087
16.519999265670776,29.4479,0.28713414,0.31312945
16.529999494552612,29.4839,0.28726888,0.31312945
16.53999972343445,29.5199,0.28733623,0.31312945
16.549999952316284,29.547901,0.2874036,0.31435025
16.56000018119812,29.535898,0.28753835,0.31435025
16.570000410079956,29.4879,0.28780782,0.31312945
16.580000638961792,29.5399,0.28821206,0.3119087
16.590000867843628,29.631899,0.288751,0.30946714
16.59999918937683,29.739899,0.2894921,0.3058048
16.609999418258667,29.911898,0.29043528,0.30092168
16.619999647140503,30.131899,0.2915806,0.293597
16.62999987602234,30.291897,0.29259115,0.28749314
16.640000104904175,30.351896,0.29313013,0.28505158
16.65000033378601,30.339897,0.29326487,0.28505158
16.660000562667847,30.291897,0.29326487,0.28627235
16.670000791549683,30.247898,0.29326487,0.28749314
16.679999113082886,30.291897,0.29326487,0.2887139
16.68999934196472,30.387896,0.29326487,0.2899347
16.699999570846558,30.487896,0.29326487,0.29115546
16.709999799728394,30.519897,0.29333222,0.29115546
16.72000002861023,30.515896,0.29333222,0.29237625
16.730000257492065,30.483894,0.29333222,0.293597
16.7400004863739,30.339897,0.2933996,0.2948178
16.750000715255737,30.255896,0.2933996,0.29603857
16.760000944137573,30.251896,0.293467,0.29603857
16.769999265670776,30.267899,0.29353434,0.29725936
16.779999494552612,30.351896,0.29353434,0.29848012
16.78999972343445,30.455896,0.2936691,0.29848012
16.799999952316284,30.535896,0.2938038,0.29970092
16.81000018119812,30.531897,0.2938712,0.29970092
16.820000410079956,30.523895,0.2940733,0.29970092
16.830000638961792,30.475897,0.29427543,0.29848012
16.840000867843628,30.451897,0.29467964,0.29725936
16.84999918937683,30.459896,0.29515123,0.2948178
16.859999418258667,30.595896,0.2957576,0.29237625
16.869999647140503,30.767895,0.2964313,0.2887139
16.87999987602234,30.943895,0.29723972,0.28505158
16.890000104904175,31.119894,0.2977787,0.28138924
16.90000033378601,31.175894,0.29811555,0.28016847
16.910000562667847,31.119894,0.29811555,0.28138924
16.920000791549683,31.043896,0.29811555,0.28261003
16.929999113082886,30.983894,0.29818293,0.2838308
16.93999934196472,30.971893,0.29818293,0.2838308
16.949999570846558,31.011894,0.29818293,0.28627235
16.959999799728394,31.103895,0.29818293,0.28627235
16.97000002861023,31.175894,0.29818293,0.28749314
16.980000257492065,31.183893,0.29818293,0.2887139
16.9900004863739,31.155893,0.29818293,0.2899347
17.000000715255737,31.111895,0.29818293,0.29115546
17.010000944137573,31.011894,0.29818293,0.29237625
17.019999265670776,30.915894,0.29818293,0.293597
17.029999494552612,30.947895,0.29818293,0.2948178
17.03999972343445,30.983894,0.29818293,0.29603857
17.049999952316284,31.039894,0.29818293,0.29725936
17.06000018119812,31.115894,0.29818293,0.29848012
17.070000410079956,31.167892,0.29818293,0.29970092
17.080000638961792,31.143892,0.29818293,0.30092168
17.090000867843628,31.059895,0.29818293,0.30214247
17.09999918937683,30.987896,0.29818293,0.30336323
17.109999418258667,30.951893,0.29818293,0.30458403
17.119999647140503,30.903894,0.29818293,0.3058048
17.12999987602234,30.943895,0.29818293,0.3058048
17.140000104904175,31.023895,0.29825032,0.30702558
17.15000033378601,31.087893,0.29825032,0.30824634
17.160000562667847,31.135895,0.29831767,0.30946714
17.170000791549683,31.127893,0.29831767,0.30946714
17.179999113082886,31.075893,0.29838502,0.3106879
17.18999934196472,30.991894,0.2984524,0.3119087
17.199999570846558,30.923895,0.2984524,0.31312945
17.209999799728394,30.927896,0.2984524,0.31312945
17.22000002861023,30.951893,0.2985198,0.31435025
17.230000257492065,31.035894,0.29858714,0.315571
17.2400004863739,31.103895,0.29858714,0.3167918
17.250000715255737,31.147894,0.29865453,0.3167918
17.260000944137573,31.139894,0.29865453,0.31801257
17.269999265670776,31.115894,0.29865453,0.31923336
17.279999494552612,31.039894,0.2987219,0.32045412
17.28999972343445,30.975895,0.2987219,0.3216749
17.299999952316284,30.967896,0.2987893,0.3216749
17.31000018119812,31.007893,0.298924,0.3216749
17.320000410079956,31.067894,0.29905877,0.3216749
17.330000638961792,31.127893,0.29912612,0.32289568
17.340000867843628,31.203894,0.29932824,0.32289568
17.34999918937683,31.235895,0.29946297,0.32289568
17.359999418258667,31.191895,0.29953036,0.32289568
17.369999647140503,31.143892,0.29959774,0.32411647
17.37999987602234,31.127893,0.29979983,0.32411647
17.390000104904175,31.127893,0.30000195,0.32411647
17.40000033378601,31.179895,0.3003388,0.32289568
17.410000562667847,31.303892,0.30087778,0.32045412
17.420000791549683,31.503893,0.30161884,0.3167918
17.429999113082886,31.683893,0.30249467,0.3119087
17.43999934196472,31.867891,0.3035052,0.3058048
17.449999570846558,32.007893,0.30451578,0.29970092
17.459999799728394,32.03189,0.30518946,0.29603857
17.47000002861023,31.967892,0.3053916,0.29603857
17.480000257492065,31.895891,0.3053916,0.29725936
17.4900004863739,31.911892,0.3053916,0.29848012
17.500000715255737,31.97989,0.3053916,0.29970092
17.510000944137573,32.09989,0.3053916,0.29970092
17.519999265670776,32.231888,0.3053916,0.30092168
17.529999494552612,32.25989,0.3053916,0.30214247
17.53999972343445,32.20389,0.3053916,0.30336323
17.549999952316284,32.11589,0.3053916,0.30458403
17.56000018119812,31.98789,0.3053916,0.3058048
17.570000410079956,31.86389,0.3053916,0.30702558
17.580000638961792,31.85189,0.3053916,0.30824634
17.590000867843628,31.923891,0.3053916,0.30946714
17.59999918937683,32.01989,0.3053916,0.3106879
17.609999418258667,32.14389,0.3053916,0.3119087
17.619999647140503,32.20789,0.3053916,0.31312945
17.62999987602234,32.19589,0.3053916,0.31435025
17.640000104904175,32.09589,0.3053916,0.315571
17.65000033378601,31.967892,0.3053916,0.3167918
17.660000562667847,31.859892,0.30545896,0.3167918
17.670000791549683,31.843891,0.30545896,0.31801257
17.679999113082886,31.895891,0.30552635,0.31923336
17.68999934196472,32.00389,0.30552635,0.32045412
17.699999570846558,32.10389,0.30559373,0.32045412
17.709999799728394,32.16389,0.30559373,0.3216749
17.72000002861023,32.175888,0.30566108,0.32289568
17.730000257492065,32.12389,0.30572844,0.32289568
17.7400004863739,32.007893,0.30579582,0.32411647
17.750000715255737,31.93989,0.30599794,0.32411647
17.760000944137573,31.90789,0.3060653,0.32411647
17.769999265670776,31.95189,0.30620006,0.32533723
17.779999494552612,32.07189,0.30640218,0.32411647
17.78999972343445,32.21589,0.30660427,0.32411647
17.799999952316284,32.327892,0.30687377,0.32411647
17.81000018119812,32.37589,0.30721062,0.32289568
17.820000410079956,32.39589,0.30761483,0.32045412
17.830000638961792,32.37589,0.30815378,0.31923336
17.840000867843628,32.35989,0.30876014,0.315571
17.84999918937683,32.39989,0.30943382,0.3119087
17.859999418258667,32.56389,0.3102423,0.30702558
17.869999647140503,32.73589,0.310916,0.30336323
17.87999987602234,32.859886,0.31132022,0.30214247
17.890000104904175,32.94389,0.31145498,0.30214247
17.90000033378601,32.955887,0.31145498,0.30336323
17.910000562667847,32.92389,0.31145498,0.30458403
17.920000791549683,32.88789,0.31152236,0.3058048
17.929999113082886,32.863888,0.31152236,0.3058048
17.93999934196472,32.83989,0.31152236,0.30702558
17.949999570846558,32.807888,0.31152236,0.30824634
17.959999799728394,32.843887,0.31152236,0.30946714
17.97000002861023,32.92389,0.31152236,0.3106879
17.980000257492065,32.92389,0.31152236,0.3119087
17.9900004863739,32.92389,0.31152236,0.31312945
18.000000715255737,32.90789,0.31152236,0.31435025
18.010000944137573,32.879887,0.31152236,0.315571
18.019999265670776,32.82789,0.31152236,0.3167918
18.029999494552612,32.81989,0.31152236,0.31801257
18.03999972343445,32.83989,0.31152236,0.31923336
18.049999952316284,32.82789,0.31152236,0.32045412
18.06000018119812,32.87189,0.31152236,0.3216749
18.070000410079956,32.895885,0.31152236,0.32289568
18.080000638961792,32.90389,0.31152236,0.32289568
18.090000867843628,32.86789,0.31152236,0.32533723
18.09999918937683,32.83189,0.31152236,0.32533723
18.109999418258667,32.81989,0.3115897,0.32655802
18.119999647140503,32.775887,0.3115897,0.3277788
18.12999987602234,32.803886,0.31172445,0.32899958
18.140000104904175,32.82789,0.31172445,0.32899958
18.15000033378601,32.84789,0.31172445,0.33022034
18.160000562667847,32.86789,0.31179184,0.33144113
18.170000791549683,32.88789,0.31179184,0.3326619
18.179999113082886,32.895885,0.31192657,0.3326619
18.18999934196472,32.863888,0.31199393,0.3326619
18.199999570846558,32.84789,0.31199393,0.3338827
18.209999799728394,32.843887,0.3120613,0.33510345
18.22000002861023,32.859886,0.3123308,0.33510345
18.230000257492065,32.90789,0.31260028,0.3338827
18.2400004863739,33.03589,0.31307188,0.33144113
18.250000715255737,33.151886,0.31361085,0.32899958
18.260000944137573,33.247887,0.31435192,0.32533723
18.269999265670776,33.37589,0.31522775,0.31923336
18.279999494552612,33.503887,0.31617093,0.31435025
18.28999972343445,33.587887,0.31704676,0.30946714
18.299999952316284,33.64789,0.31765306,0.30702558
18.31000018119812,33.683887,0.3178552,0.3058048
18.320000410079956,33.667885,0.3178552,0.30702558
18.330000638961792,33.695885,0.31792256,0.30824634
18.340000867843628,33.771885,0.31798992,0.30946714
18.34999918937683,33.855885,0.31798992,0.30946714
18.359999418258667,33.895885,0.31798992,0.3119087
18.369999647140503,33.891884,0.3180573,0.3119087
18.37999987602234,33.851883,0.3180573,0.31312945
18.390000104904175,33.783886,0.31812468,0.31312945
18.40000033378601,33.711884,0.31812468,0.315571
18.410000562667847,33.703884,0.31812468,0.315571
18.420000791549683,33.723885,0.31812468,0.3167918
18.429999113082886,33.755886,0.31819203,0.31801257
18.43999934196472,33.839886,0.31819203,0.31923336
18.449999570846558,33.883884,0.31819203,0.32045412
18.459999799728394,33.875885,0.31819203,0.3216749
18.47000002861023,33.839886,0.31825942,0.3216749
18.480000257492065,33.791885,0.31825942,0.32289568
18.4900004863739,33.715885,0.3183268,0.32411647
18.500000715255737,33.663887,0.3183268,0.32533723
18.510000944137573,33.679886,0.31839415,0.32533723
18.519999265670776,33.751884,0.3184615,0.32655802
18.529999494552612,33.811886,0.3185289,0.32655802
18.53999972343445,33.887886,0.318731,0.32655802
18.549999952316284,33.971886,0.31900048,0.32655802
18.56000018119812,34.003883,0.31953946,0.32411647
18.570000410079956,34.043884,0.32021317,0.32045412
18.580000638961792,34.151886,0.32102162,0.315571
18.590000867843628,34.247883,0.32189742,0.3106879
18.59999918937683,34.331882,0.32270586,0.3058048
18.609999418258667,34.455883,0.32324484,0.30336323
18.619999647140503,34.551884,0.3235143,0.30336323
18.62999987602234,34.599884,0.3235817,0.30336323
18.640000104904175,34.61188,0.3235817,0.30458403
18.65000033378601,34.64788,0.32364908,0.3058048
18.660000562667847,34.699883,0.32371646,0.3058048
18.670000791549683,34.655884,0.32378381,0.30702558
18.679999113082886,34.62788,0.32378381,0.30824634
18.68999934196472,34.60388,0.32378381,0.30946714
18.699999570846558,34.56388,0.32378381,0.3106879
18.709999799728394,34.55588,0.32378381,0.3119087
18.72000002861023,34.579884,0.3238512,0.3119087
18.730000257492065,34.635883,0.32391855,0.31312945
18.7400004863739,34.655884,0.32398593,0.31312945
18.750000715255737,34.66788,0.32398593,0.31435025
18.760000944137573,34.671883,0.32398593,0.315571
18.769999265670776,34.63988,0.32398593,0.3167918
18.779999494552612,34.579884,0.32398593,0.31801257
18.78999972343445,34.587883,0.32398593,0.31923336
18.799999952316284,34.579884,0.32398593,0.32045412
18.81000018119812,34.575882,0.3240533,0.3216749
18.820000410079956,34.623882,0.32412067,0.3216749
18.830000638961792,34.66788,0.32412067,0.32289568
18.840000867843628,34.65988,0.32418805,0.32289568
18.84999918937683,34.655884,0.32432276,0.32411647
18.859999418258667,34.655884,0.3245249,0.32289568
18.869999647140503,34.671883,0.324727,0.32289568
18.87999987602234,34.643883,0.32492912,0.32289568
18.890000104904175,34.691883,0.3251986,0.32289568
18.90000033378601,34.755882,0.32553548,0.3216749
18.910000562667847,34.86388,0.32614177,0.31923336
18.920000791549683,34.99188,0.32674813,0.315571
18.929999113082886,35.17588,0.3274892,0.3119087
18.93999934196472,35.25988,0.3281629,0.30702558
18.949999570846558,35.31188,0.32883662,0.30458403
18.959999799728394,35.40788,0.32944295,0.30092168
18.97000002861023,35.41188,0.32977983,0.30092168
18.980000257492065,35.39188,0.32977983,0.30092168
18.9900004863739,35.39588,0.32977983,0.30214247
19.000000715255737,35.459877,0.32984716,0.30336323
19.010000944137573,35.515877,0.32984716,0.30458403
19.019999265670776,35.57988,0.32984716,0.3058048
19.029999494552612,35.611877,0.32991454,0.3058048
19.03999972343445,35.57988,0.32991454,0.30702558
19.049999952316284,35.479877,0.32991454,0.30824634
19.06000018119812,35.415882,0.32998192,0.30946714
19.070000410079956,35.39988,0.3300493,0.30946714
19.080000638961792,35.37988,0.3300493,0.3106879
19.090000867843628,35.41188,0.33011666,0.3119087
19.09999918937683,35.48788,0.33011666,0.31312945
19.109999418258667,35.555878,0.33018404,0.31312945
19.119999647140503,35.57588,0.33025143,0.31435025
19.12999987602234,35.583878,0.33031878,0.31435025
19.140000104904175,35.571877,0.33045352,0.315571
19.15000033378601,35.49188,0.3305209,0.315571
19.160000562667847,35.45188,0.3305209,0.3167918
19.170000791549683,35.45188,0.33058828,0.3167918
19.179999113082886,35.495876,0.33058828,0.31923336
19.18999934196472,35.50788,0.33065563,0.31923336
19.199999570846558,35.591877,0.33065563,0.32045412
19.209999799728394,35.62388,0.33065563,0.3216749
19.22000002861023,35.603878,0.330723,0.32289568
19.230000257492065,35.55188,0.330723,0.32289568
19.2400004863739,35.53188,0.33079037,0.32411647
19.250000715255737,35.47588,0.33085775,0.32533723
19.260000944137573,35.47588,0.3309251,0.32533723
19.269999265670776,35.48788,0.33105987,0.32533723
19.279999494552612,35.56788,0.33119458,0.32533723
19.28999972343445,35.619877,0.33132935,0.32655802
19.299999952316284,35.68388,0.33146408,0.32655802
19.31000018119812,35.74788,0.33173355,0.32533723
19.320000410079956,35.751877,0.3320704,0.32533723
19.330000638961792,35.75988,0.33240727,0.32289568
19.340000867843628,35.80388,0.33287886,0.3216749
19.34999918937683,35.87988,0.33341783,0.31923336
19.359999418258667,35.947876,0.3340242,0.315571
19.369999647140503,36.099876,0.33456314,0.31312945
19.37999987602234,36.211876,0.3351021,0.3106879
19.390000104904175,36.311874,0.33550632,0.30946714
19.40000033378601,36.315876,0.3356411,0.30946714
19.410000562667847,36.295876,0.3356411,0.3106879
19.420000791549683,36.28388,0.3356411,0.3119087
19.429999113082886,36.24788,0.3356411,0.3119087
19.43999934196472,36.255875,0.3356411,0.31312945
19.449999570846558,36.279877,0.3356411,0.31435025
19.459999799728394,36.299877,0.3356411,0.315571
19.47000002861023,36.315876,0.33570844,0.3167918
19.480000257492065,36.343876,0.33570844,0.31801257
19.4900004863739,36.327877,0.33577582,0.31801257
19.500000715255737,36.263878,0.33577582,0.31923336
19.510000944137573,36.24788,0.33584318,0.32045412
19.519999265670776,36.22788,0.33584318,0.3216749
19.529999494552612,36.239876,0.33591056,0.3216749
19.53999972343445,36.263878,0.33591056,0.32289568
19.549999952316284,36.291874,0.33591056,0.32411647
19.56000018119812,36.323875,0.3359779,0.32533723
19.570000410079956,36.319878,0.3360453,0.32533723
19.580000638961792,36.335876,0.33611268,0.32655802
19.590000867843628,36.323875,0.33611268,0.3277788
19.59999918937683,36.267876,0.33618006,0.32899958
19.609999418258667,36.255875,0.33624738,0.32899958
19.619999647140503,36.251877,0.33631477,0.32899958
19.62999987602234,36.275875,0.33638215,0.33022034
19.640000104904175,36.307877,0.3365169,0.33022034
19.65000033378601,36.379875,0.33665162,0.33144113
19.660000562667847,36.439877,0.33685374,0.33022034
19.670000791549683,36.439877,0.33712322,0.33022034
19.679999113082886,36.46388,0.3374601,0.32899958
19.68999934196472,36.487877,0.33772957,0.3277788
19.699999570846558,36.507874,0.33813378,0.32655802
19.709999799728394,36.563873,0.33860537,0.32411647
19.72000002861023,36.699875,0.3392117,0.3216749
19.730000257492065,36.851875,0.33988544,0.31801257
19.7400004863739,36.975872,0.3406265,0.31435025
19.750000715255737,37.103874,0.34123284,0.3119087
19.760000944137573,37.163876,0.3415697,0.30946714
19.769999265670776,37.139874,0.34177178,0.30946714
19.779999494552612,37.095875,0.34177178,0.3106879
19.78999972343445,37.075874,0.34177178,0.3119087
19.799999952316284,37.083874,0.34177178,0.31312945
19.81000018119812,37.115875,0.34177178,0.31312945
19.820000410079956,37.183872,0.34177178,0.315571
19.830000638961792,37.255875,0.34177178,0.315571
19.840000867843628,37.223873,0.34177178,0.3167918
19.84999918937683,37.179874,0.34177178,0.31801257
19.859999418258667,37.143875,0.34177178,0.31923336
19.869999647140503,37.079876,0.34177178,0.32045412
19.87999987602234,37.03187,0.34177178,0.3216749
19.890000104904175,37.047874,0.34177178,0.32289568
19.90000033378601,37.095875,0.34177178,0.32411647
19.910000562667847,37.139874,0.34177178,0.32533723
19.920000791549683,37.187874,0.34177178,0.32655802
19.929999113082886,37.19187,0.34177178,0.3277788
19.93999934196472,37.167873,0.34177178,0.32899958
19.949999570846558,37.091873,0.34177178,0.33022034
19.959999799728394,37.03187,0.34177178,0.33144113
19.97000002861023,37.015873,0.34177178,0.3326619
19.980000257492065,36.995872,0.34177178,0.3338827
19.9900004863739,37.051872,0.34177178,0.33510345
20.000000715255737,37.107872,0.34177178,0.33510345
20.010000944137573,37.147873,0.34177178,0.33632424
20.019999265670776,37.13587,0.34177178,0.337545
20.029999494552612,37.139874,0.34183916,0.3387658
20.03999972343445,37.091873,0.34183916,0.33998656
20.049999952316284,37.007874,0.34183916,0.34120736
20.06000018119812,36.979874,0.34183916,0.34242812
20.070000410079956,36.991875,0.34183916,0.3436489
20.080000638961792,37.023876,0.34190655,0.3436489
20.090000867843628,37.075874,0.34190655,0.34486967
20.09999918937683,37.151875,0.34197393,0.34609047
20.109999418258667,37.167873,0.34210867,0.34609047
20.119999647140503,37.139874,0.3422434,0.34609047
20.12999987602234,37.115875,0.34231076,0.34731123
20.140000104904175,37.091873,0.34244552,0.34731123
20.15000033378601,37.055874,0.34258023,0.34731123
20.160000562667847,37.059875,0.3426476,0.34853202
20.170000791549683,37.159874,0.34284973,0.34853202
20.179999113082886,37.243874,0.3431866,0.34609047
20.18999934196472,37.33987,0.34359083,0.34486967
20.199999570846558,37.447872,0.3441298,0.34242812
20.209999799728394,37.583874,0.34487087,0.3387658
20.22000002861023,37.66387,0.34581405,0.3338827
20.230000257492065,37.77587,0.34689197,0.32655802
20.2400004863739,37.96387,0.348172,0.31923336
20.250000715255737,38.12787,0.34924996,0.31312945
20.260000944137573,38.23987,0.34999102,0.30946714
20.269999265670776,38.33987,0.35046265,0.30702558
20.279999494552612,38.47187,0.35093424,0.30458403
20.28999972343445,38.57987,0.35154057,0.30092168
20.299999952316284,38.75587,0.3521469,0.29848012
20.31000018119812,38.89187,0.3528206,0.2948178
20.320000410079956,39.00387,0.35362905,0.29115546
20.330000638961792,39.111866,0.35450485,0.28627235
20.340000867843628,39.191868,0.3551786,0.28261003
20.34999918937683,39.231865,0.3555828,0.28016847
20.359999418258667,39.191868,0.35571757,0.28138924
20.369999647140503,39.18387,0.35571757,0.28138924
20.37999987602234,39.243866,0.35571757,0.28261003
20.390000104904175,39.303864,0.35571757,0.2838308
20.40000033378601,39.359867,0.35571757,0.28505158
20.410000562667847,39.427864,0.35571757,0.28627235
20.420000791549683,39.407864,0.35571757,0.28749314
20.429999113082886,39.323864,0.35571757,0.2887139
20.43999934196472,39.271866,0.35571757,0.2899347
20.449999570846558,39.18387,0.35571757,0.29115546
20.459999799728394,39.15587,0.35571757,0.29237625
20.47000002861023,39.175865,0.35571757,0.293597
20.480000257492065,39.243866,0.35571757,0.2948178
20.4900004863739,39.295864,0.35571757,0.29603857
20.500000715255737,39.335865,0.35571757,0.29725936
20.510000944137573,39.339867,0.35571757,0.29848012
20.519999265670776,39.291866,0.35571757,0.29970092
20.529999494552612,39.203865,0.35571757,0.30092168
20.53999972343445,39.115868,0.35571757,0.30092168
20.549999952316284,39.107864,0.35571757,0.30336323
20.56000018119812,39.119865,0.35571757,0.30336323
20.570000410079956,39.159866,0.35571757,0.30458403
20.580000638961792,39.251865,0.35571757,0.3058048
20.590000867843628,39.299866,0.35571757,0.30702558
20.59999918937683,39.263866,0.35571757,0.30824634
20.609999418258667,39.223866,0.35571757,0.30946714
20.619999647140503,39.175865,0.35571757,0.3106879
20.62999987602234,39.095867,0.35571757,0.3119087
20.640000104904175,39.055866,0.35571757,0.31312945
20.65000033378601,39.095867,0.35571757,0.31435025
20.660000562667847,39.151867,0.35571757,0.315571
20.670000791549683,39.195866,0.35571757,0.3167918
20.679999113082886,39.247868,0.35578492,0.3167918
20.68999934196472,39.25987,0.35578492,0.31801257
20.699999570846558,39.187866,0.35578492,0.31923336
20.709999799728394,39.127865,0.35578492,0.32045412
20.72000002861023,39.06387,0.35578492,0.3216749
20.730000257492065,39.031868,0.35578492,0.32289568
20.7400004863739,39.055866,0.35591966,0.32289568
20.750000715255737,39.143867,0.35612178,0.32289568
20.760000944137573,39.243866,0.3563239,0.32289568
20.769999265670776,39.27987,0.35645863,0.32289568
20.779999494552612,39.331867,0.3567281,0.3216749
20.78999972343445,39.359867,0.35706496,0.3216749
20.799999952316284,39.359867,0.35740182,0.31923336
20.81000018119812,39.367867,0.35794076,0.3167918
20.820000410079956,39.471867,0.3586145,0.31312945
20.830000638961792,39.635864,0.35942295,0.30946714
20.840000867843628,39.807865,0.3604335,0.30336323
20.84999918937683,40.047863,0.36137667,0.29848012
20.859999418258667,40.19186,0.36198303,0.2948178
20.869999647140503,40.219864,0.3622525,0.2948178
20.87999987602234,40.175865,0.3622525,0.29603857
20.890000104904175,40.131863,0.3622525,0.29725936
20.90000033378601,40.09986,0.3623199,0.29725936
20.910000562667847,40.09986,0.3623199,0.29848012
20.920000791549683,40.163864,0.3623199,0.29970092
20.929999113082886,40.247864,0.36238727,0.30092168
20.93999934196472,40.28386,0.36238727,0.30092168
20.949999570846558,40.263863,0.36238727,0.30214247
20.959999799728394,40.227863,0.36238727,0.30336323
20.97000002861023,40.143864,0.36238727,0.30458403
20.980000257492065,40.083866,0.36245462,0.3058048
20.9900004863739,40.07186,0.36245462,0.30702558
21.000000715255737,40.095863,0.36245462,0.30824634
21.010000944137573,40.135864,0.36245462,0.30946714
21.019999265670776,40.219864,0.362522,0.30946714
21.029999494552612,40.267864,0.36258936,0.3106879
21.03999972343445,40.275864,0.36265674,0.3119087
21.049999952316284,40.235863,0.36279148,0.3119087
21.06000018119812,40.21186,0.36299357,0.3119087
21.070000410079956,40.187862,0.36319572,0.3106879
21.080000638961792,40.19186,0.3634652,0.3106879
21.090000867843628,40.271862,0.36393678,0.30824634
21.09999918937683,40.435863,0.36454314,0.3058048
21.109999418258667,40.59186,0.3652842,0.30092168
21.119999647140503,40.763863,0.36602527,0.29725936
21.12999987602234,40.923862,0.36683372,0.29237625
21.140000104904175,40.97586,0.36744007,0.2899347
21.15000033378601,40.923862,0.3675748,0.2899347
21.160000562667847,40.85186,0.3675748,0.29115546
21.170000791549683,40.81586,0.3675748,0.29237625
21.179999113082886,40.84386,0.3675748,0.293597
21.18999934196472,40.92786,0.3675748,0.2948178
21.199999570846558,41.03586,0.3675748,0.29603857
21.209999799728394,41.119858,0.3675748,0.29725936
21.22000002861023,41.06786,0.3675748,0.29725936
21.230000257492065,41.02786,0.3675748,0.29970092
21.2400004863739,40.94786,0.3675748,0.29970092
21.250000715255737,40.827858,0.3675748,0.30092168
21.260000944137573,40.77986,0.3675748,0.30214247
21.269999265670776,40.811863,0.3675748,0.30336323
21.279999494552612,40.87586,0.3675748,0.30458403
21.28999972343445,40.951862,0.3675748,0.3058048
21.299999952316284,41.03586,0.3675748,0.30702558
21.31000018119812,41.05586,0.3675748,0.30824634
21.320000410079956,40.96386,0.3675748,0.30946714
21.330000638961792,40.86786,0.3675748,0.3106879
21.340000867843628,40.799862,0.3675748,0.3119087
21.34999918937683,40.76786,0.3676422,0.3119087
21.359999418258667,40.75186,0.3676422,0.31312945
21.369999647140503,40.839863,0.3676422,0.31435025
21.37999987602234,40.92786,0.3676422,0.315571
21.390000104904175,40.967857,0.36770955,0.3167918
21.40000033378601,40.99586,0.36770955,0.31801257
21.410000562667847,40.971863,0.3677769,0.31801257
21.420000791549683,40.88786,0.3677769,0.31923336
21.429999113082886,40.791862,0.3677769,0.32045412
21.43999934196472,40.75586,0.3677769,0.3216749
21.449999570846558,40.76786,0.36784428,0.32289568
21.459999799728394,40.839863,0.36797905,0.32289568
21.47000002861023,40.94386,0.3680464,0.32289568
21.480000257492065,41.02786,0.36811376,0.32411647
21.4900004863739,41.05186,0.36824852,0.32411647
21.500000715255737,40.991863,0.36838326,0.32533723
21.510000944137573,40.94786,0.36845064,0.32533723
21.519999265670776,40.88386,0.36858535,0.32533723
21.529999494552612,40.831863,0.3687201,0.32533723
21.53999972343445,40.88786,0.36885485,0.32533723
21.549999952316284,40.967857,0.36905694,0.32533723
21.56000018119812,41.07186,0.3692591,0.32533723
21.570000410079956,41.20386,0.3696633,0.32411647
21.580000638961792,41.331856,0.3701349,0.3216749
21.590000867843628,41.403862,0.37074122,0.31923336
21.59999918937683,41.419857,0.37141496,0.315571
21.609999418258667,41.46386,0.37208864,0.3119087
21.619999647140503,41.50786,0.37276235,0.30824634
21.62999987602234,41.59586,0.37336868,0.3058048
21.640000104904175,41.67986,0.37377292,0.30336323
21.65000033378601,41.811855,0.37390766,0.30336323
21.660000562667847,41.875854,0.37390766,0.30458403
21.670000791549683,41.891857,0.37390766,0.3058048
21.679999113082886,41.915855,0.37390766,0.30702558
21.68999934196472,41.915855,0.37390766,0.30824634
21.699999570846558,41.83986,0.37397504,0.30946714
21.709999799728394,41.79586,0.37397504,0.30946714
21.72000002861023,41.77586,0.3740424,0.3106879
21.730000257492065,41.76786,0.37410975,0.3119087
21.7400004863739,41.779858,0.37410975,0.31312945
21.750000715255737,41.827858,0.37410975,0.31312945
21.760000944137573,41.883858,0.37417713,0.31435025
21.769999265670776,41.903854,0.3742445,0.315571
21.779999494552612,41.919857,0.3743119,0.315571
21.78999972343445,41.88786,0.3743119,0.3167918
21.799999952316284,41.855854,0.37444663,0.3167918
21.81000018119812,41.81986,0.37451398,0.31801257
21.820000410079956,41.81986,0.37464872,0.31923336
21.830000638961792,41.831856,0.3747161,0.31923336
21.840000867843628,41.85986,0.3747835,0.31923336
21.84999918937683,41.92786,0.3749182,0.31923336
21.859999418258667,41.97986,0.37498558,0.32045412
21.869999647140503,41.991856,0.37498558,0.3216749
21.87999987602234,41.95186,0.37505296,0.32289568
21.890000104904175,41.915855,0.37505296,0.32289568
21.90000033378601,41.903854,0.3751877,0.32411647
21.910000562667847,41.891857,0.37525508,0.32411647
21.920000791549683,41.923855,0.3753898,0.32411647
21.929999113082886,41.995853,0.37559193,0.32411647
21.93999934196472,42.03986,0.3758614,0.32411647
21.949999570846558,42.115856,0.3761309,0.32289568
21.959999799728394,42.219856,0.37653512,0.3216749
21.97000002861023,42.255856,0.37693936,0.32045412
21.980000257492065,42.255856,0.37734357,0.31801257
21.9900004863739,42.295856,0.37768042,0.3167918
22.000000715255737,42.343857,0.37808463,0.315571
22.010000944137573,42.403854,0.37848887,0.31312945
22.019999265670776,42.503857,0.37902784,0.3106879
22.029999494552612,42.687855,0.37963417,0.30824634
22.03999972343445,42.807854,0.38017315,0.3058048
22.049999952316284,42.871853,0.38050997,0.30458403
22.06000018119812,42.871853,0.38064474,0.30458403
22.070000410079956,42.807854,0.38064474,0.3058048
22.080000638961792,42.763855,0.38064474,0.30702558
22.090000867843628,42.751854,0.3807121,0.30702558
22.09999918937683,42.81185,0.3807121,0.30824634
22.109999418258667,42.835854,0.38077947,0.30946714
22.119999647140503,42.875854,0.38077947,0.3106879
22.12999987602234,42.939854,0.3809142,0.3106879
22.140000104904175,42.959854,0.38104895,0.3106879
22.15000033378601,42.915855,0.38104895,0.3119087
22.160000562667847,42.863857,0.38111633,0.31312945
22.170000791549683,42.807854,0.38125107,0.31312945
22.179999113082886,42.807854,0.38131842,0.31312945
22.18999934196472,42.843857,0.3814532,0.31312945
22.199999570846558,42.915855,0.38152054,0.31435025
22.209999799728394,42.979855,0.38158792,0.315571
22.22000002861023,43.007854,0.38172266,0.315571
22.230000257492065,43.031853,0.3818574,0.315571
22.2400004863739,43.051853,0.3820595,0.315571
22.250000715255737,43.027855,0.382329,0.31435025
22.260000944137573,43.039852,0.38266584,0.31312945
22.269999265670776,43.095856,0.38320482,0.3106879
22.279999494552612,43.211853,0.3837438,0.30824634
22.28999972343445,43.327854,0.38435012,0.3058048
22.299999952316284,43.49585,0.38495645,0.30214247
22.31000018119812,43.639854,0.38563016,0.29970092
22.320000410079956,43.70385,0.38610175,0.29603857
22.330000638961792,43.73585,0.3864386,0.29603857
22.340000867843628,43.711853,0.38657334,0.29603857
22.34999918937683,43.683853,0.38657334,0.29725936
22.359999418258667,43.65185,0.38657334,0.29725936
22.369999647140503,43.69585,0.38664073,0.29848012
22.37999987602234,43.76385,0.38664073,0.29970092
22.390000104904175,43.77985,0.38664073,0.30092168
22.40000033378601,43.81585,0.38664073,0.30214247
22.410000562667847,43.823853,0.38664073,0.30336323
22.420000791549683,43.74785,0.38664073,0.30458403
22.429999113082886,43.671852,0.38664073,0.3058048
22.43999934196472,43.639854,0.38664073,0.30702558
22.449999570846558,43.62385,0.38664073,0.30824634
22.459999799728394,43.62785,0.38664073,0.30946714
22.47000002861023,43.671852,0.38664073,0.3106879
22.480000257492065,43.74785,0.38664073,0.3119087
22.4900004863739,43.75985,0.38664073,0.3119087
22.500000715255737,43.75585,0.3867081,0.31312945
22.510000944137573,43.73585,0.3867755,0.31312945
22.519999265670776,43.683853,0.38684282,0.31435025
22.529999494552612,43.615852,0.3869102,0.315571
22.53999972343445,43.619854,0.3869102,0.3167918
22.549999952316284,43.639854,0.38697758,0.3167918
22.56000018119812,43.67585,0.38704497,0.31801257
22.570000410079956,43.74385,0.38711232,0.31801257
22.580000638961792,43.81585,0.38724706,0.31923336
22.590000867843628,43.843853,0.3873818,0.31923336
22.59999918937683,43.81585,0.38751656,0.31923336
22.609999418258667,43.79185,0.38765126,0.31923336
22.619999647140503,43.75985,0.38778603,0.31923336
22.62999987602234,43.76385,0.3881229,0.31923336
22.640000104904175,43.859848,0.3885271,0.3167918
22.65000033378601,44.003853,0.38906607,0.31435025
22.660000562667847,44.14785,0.38967243,0.3119087
22.670000791549683,44.29985,0.3904135,0.30702558
22.679999113082886,44.451847,0.39122194,0.30336323
22.68999934196472,44.56785,0.39209777,0.29848012
22.699999570846558,44.63985,0.39277145,0.293597
22.709999799728394,44.675846,0.39324304,0.29237625
22.72000002861023,44.651848,0.3933778,0.29237625
22.730000257492065,44.651848,0.3933778,0.293597
22.7400004863739,44.67185,0.3933778,0.2948178
22.750000715255737,44.787846,0.39344516,0.29603857
22.760000944137573,44.89985,0.39351255,0.29603857
22.769999265670776,44.903847,0.39351255,0.29725936
22.779999494552612,44.895847,0.39351255,0.29848012
22.78999972343445,44.83185,0.39351255,0.29970092
22.799999952316284,44.73985,0.39351255,0.30092168
22.81000018119812,44.631847,0.39351255,0.30214247
22.820000410079956,44.635845,0.39351255,0.30336323
22.830000638961792,44.66785,0.39351255,0.30458403
22.840000867843628,44.71185,0.39351255,0.3058048
22.84999918937683,44.79985,0.39351255,0.30702558
22.859999418258667,44.875847,0.39351255,0.30702558
22.869999647140503,44.843845,0.39351255,0.30824634
22.87999987602234,44.76785,0.39351255,0.30946714
22.890000104904175,44.71185,0.39351255,0.3106879
22.90000033378601,44.623848,0.39351255,0.3119087
22.910000562667847,44.57185,0.39351255,0.31312945
22.920000791549683,44.631847,0.39364728,0.31312945
22.929999113082886,44.735847,0.39371464,0.31435025
22.93999934196472,44.791847,0.3938494,0.31435025
22.949999570846558,44.859848,0.39398414,0.31435025
22.959999799728394,44.89185,0.39418626,0.31435025
22.97000002861023,44.855846,0.39445573,0.31312945
22.980000257492065,44.843845,0.39485994,0.3119087
22.9900004863739,44.89185,0.3952642,0.3106879
23.000000715255737,44.931847,0.39566842,0.30946714
23.010000944137573,44.96385,0.39600527,0.30702558
23.019999265670776,45.075848,0.39640948,0.3058048
23.029999494552612,45.235847,0.39688107,0.30336323
23.03999972343445,45.419846,0.3974874,0.30092168
23.049999952316284,45.55184,0.3982285,0.29725936
23.06000018119812,45.639843,0.39883482,0.293597
23.070000410079956,45.64384,0.39917168,0.29237625
23.080000638961792,45.559845,0.39923906,0.293597
23.090000867843628,45.507847,0.39923906,0.2948178
23.09999918937683,45.535847,0.39930642,0.2948178
23.109999418258667,45.583843,0.39930642,0.29603857
23.119999647140503,45.647846,0.39930642,0.29725936
23.12999987602234,45.759846,0.3993738,0.29848012
23.140000104904175,45.783844,0.3993738,0.29970092
23.15000033378601,45.743843,0.39944118,0.29970092
23.160000562667847,45.68384,0.39944118,0.30092168
23.170000791549683,45.583843,0.39944118,0.30214247
23.179999113082886,45.479843,0.39950857,0.30336323
23.18999934196472,45.48385,0.3995759,0.30336323
23.199999570846558,45.555847,0.3995759,0.30458403
23.209999799728394,45.64384,0.39964327,0.3058048
23.22000002861023,45.715847,0.39971066,0.30702558
23.230000257492065,45.771843,0.39971066,0.30702558
23.2400004863739,45.771843,0.39977804,0.30824634
23.250000715255737,45.687847,0.39991277,0.30824634
23.260000944137573,45.623844,0.4000475,0.30824634
23.269999265670776,45.603844,0.40024963,0.30824634
23.279999494552612,45.615845,0.40045172,0.30824634
23.28999972343445,45.675846,0.40072122,0.30702558
23.299999952316284,45.787846,0.4009233,0.30702558
23.31000018119812,45.89184,0.40112543,0.30702558
23.320000410079956,45.963844,0.4013949,0.3058048
23.330000638961792,46.019844,0.40166438,0.3058048
23.340000867843628,46.043842,0.40200126,0.30458403
23.34999918937683,46.02384,0.4024055,0.30214247
23.359999418258667,46.031845,0.4028771,0.30092168
23.369999647140503,46.091843,0.40334868,0.29848012
23.37999987602234,46.223843,0.40388763,0.29603857
23.390000104904175,46.34784,0.4044266,0.293597
23.40000033378601,46.467842,0.40476346,0.29237625
23.410000562667847,46.543842,0.4048982,0.29237625
23.420000791549683,46.55984,0.40496558,0.293597
23.429999113082886,46.531845,0.40496558,0.293597
23.43999934196472,46.511845,0.40496558,0.2948178
23.449999570846558,46.45584,0.40503296,0.29603857
23.459999799728394,46.419838,0.40503296,0.29725936
23.47000002861023,46.44784,0.40503296,0.29848012
23.480000257492065,46.48384,0.4051003,0.29848012
23.4900004863739,46.52384,0.4051003,0.29970092
23.500000715255737,46.535843,0.4051003,0.30092168
23.510000944137573,46.54784,0.4051003,0.30214247
23.519999265670776,46.495842,0.4051003,0.30336323
23.529999494552612,46.43584,0.40516767,0.30458403
23.53999972343445,46.423843,0.40523505,0.30458403
23.549999952316284,46.45584,0.4053698,0.3058048
23.56000018119812,46.471844,0.40543717,0.3058048
23.570000410079956,46.48384,0.40550452,0.30702558
23.580000638961792,46.515842,0.40550452,0.30702558
23.590000867843628,46.531845,0.40550452,0.30946714
23.59999918937683,46.52784,0.40550452,0.30946714
23.609999418258667,46.531845,0.40550452,0.3119087
23.619999647140503,46.50384,0.4055719,0.3119087
23.62999987602234,46.45584,0.4055719,0.31312945
23.640000104904175,46.45584,0.40563926,0.31312945
23.65000033378601,46.48384,0.40570664,0.31435025
23.660000562667847,46.511845,0.40570664,0.315571
23.670000791549683,46.511845,0.40577403,0.315571
23.679999113082886,46.53984,0.40577403,0.3167918
23.68999934196472,46.52784,0.4058414,0.31801257
23.699999570846558,46.511845,0.40590873,0.31923336
23.709999799728394,46.511845,0.40590873,0.31923336
23.72000002861023,46.515842,0.40590873,0.3216749
23.730000257492065,46.48384,0.40590873,0.3216749
23.7400004863739,46.467842,0.40590873,0.32289568
23.750000715255737,46.48384,0.40597612,0.32411647
23.760000944137573,46.51984,0.40597612,0.32533723
23.769999265670776,46.52784,0.4060435,0.32533723
23.779999494552612,46.55184,0.4060435,0.32655802
23.78999972343445,46.543842,0.40611088,0.3277788
23.799999952316284,46.51984,0.40617824,0.32899958
23.81000018119812,46.50384,0.40624562,0.32899958
23.820000410079956,46.515842,0.40638036,0.32899958
23.830000638961792,46.563843,0.40658247,0.32899958
23.840000867843628,46.59584,0.40685195,0.3277788
23.84999918937683,46.675842,0.4071888,0.32655802
23.859999418258667,46.75584,0.4076604,0.32533723
23.869999647140503,46.86784,0.40819937,0.32289568
23.87999987602234,46.967842,0.40894043,0.31923336
23.890000104904175,47.11984,0.40974888,0.31435025
23.90000033378601,47.27984,0.41069207,0.30946714
23.910000562667847,47.40784,0.4115005,0.30458403
23.920000791549683,47.467834,0.41190475,0.30214247
23.929999113082886,47.49184,0.41190475,0.30336323
23.93999934196472,47.47184,0.41190475,0.30458403
23.949999570846558,47.503838,0.41197214,0.3058048
23.959999799728394,47.567837,0.41197214,0.30702558
23.97000002861023,47.57984,0.41197214,0.30824634
23.980000257492065,47.57184,0.41197214,0.30946714
23.9900004863739,47.595837,0.4120395,0.30946714
24.000000715255737,47.56384,0.4120395,0.3106879
24.010000944137573,47.51984,0.41210687,0.3119087
24.019999265670776,47.483837,0.41217425,0.3119087
24.029999494552612,47.45184,0.41217425,0.31312945
24.03999972343445,47.455837,0.41217425,0.31435025
24.049999952316284,47.49584,0.41217425,0.315571
24.06000018119812,47.57184,0.41217425,0.3167918
24.070000410079956,47.595837,0.41224164,0.3167918
24.080000638961792,47.575836,0.41224164,0.31923336
24.090000867843628,47.547836,0.41237634,0.31923336
24.09999918937683,47.531837,0.41244373,0.31923336
24.109999418258667,47.487835,0.41244373,0.32045412
24.119999647140503,47.47184,0.41244373,0.3216749
24.12999987602234,47.49184,0.41257846,0.3216749
24.140000104904175,47.54384,0.41278058,0.32289568
24.15000033378601,47.61984,0.41305006,0.3216749
24.160000562667847,47.75184,0.4133869,0.32045412
24.170000791549683,47.871838,0.41399324,0.3167918
24.179999113082886,47.955837,0.41486907,0.31312945
24.18999934196472,48.111835,0.41594702,0.3058048
24.199999570846558,48.315838,0.41742915,0.29603857
24.209999799728394,48.523834,0.41884395,0.2887139
24.22000002861023,48.711834,0.41971976,0.28261003
24.230000257492065,48.83583,0.42046085,0.27894768
24.2400004863739,48.971836,0.4212019,0.27528536
24.250000715255737,49.131836,0.4220104,0.27162302
24.260000944137573,49.37583,0.42302093,0.26551914
24.269999265670776,49.63183,0.42409888,0.25941524
24.279999494552612,49.75983,0.4247052,0.25575292
24.28999972343445,49.743828,0.42483994,0.25575292
24.299999952316284,49.67583,0.42483994,0.25697368
24.31000018119812,49.615833,0.42483994,0.25819448
24.320000410079956,49.58383,0.42483994,0.25941524
24.330000638961792,49.635834,0.42483994,0.26063603
24.340000867843628,49.707832,0.42483994,0.2618568
24.34999918937683,49.76383,0.42483994,0.2630776
24.359999418258667,49.78783,0.42483994,0.26429835
24.369999647140503,49.78383,0.42483994,0.26551914
24.37999987602234,49.69583,0.42483994,0.2667399
24.390000104904175,49.611828,0.42483994,0.2667399
24.40000033378601,49.53983,0.42483994,0.2679607
24.410000562667847,49.53983,0.42483994,0.26918146
24.420000791549683,49.57183,0.42483994,0.27040225
24.429999113082886,49.61983,0.42483994,0.27162302
24.43999934196472,49.67183,0.42483994,0.2728438
24.449999570846558,49.71983,0.42483994,0.27406457
24.459999799728394,49.68383,0.42483994,0.27528536
24.47000002861023,49.615833,0.42483994,0.27650613
24.480000257492065,49.555832,0.42483994,0.27772692
24.4900004863739,49.475834,0.42483994,0.27894768
24.500000715255737,49.455833,0.42483994,0.28016847
24.510000944137573,49.503834,0.42483994,0.28138924
24.519999265670776,49.547832,0.42483994,0.28261003
24.529999494552612,49.595833,0.42483994,0.2838308
24.53999972343445,49.66783,0.42483994,0.28505158
24.549999952316284,49.64783,0.42483994,0.28627235
24.56000018119812,49.595833,0.42483994,0.28749314
24.570000410079956,49.495834,0.42483994,0.28749314
24.580000638961792,49.455833,0.42483994,0.2887139
24.590000867843628,49.41183,0.42483994,0.2899347
24.59999918937683,49.43183,0.42483994,0.29115546
24.609999418258667,49.51183,0.42483994,0.29237625
24.619999647140503,49.567833,0.42483994,0.293597
24.62999987602234,49.567833,0.42483994,0.2948178
24.640000104904175,49.563835,0.42483994,0.29603857
24.65000033378601,49.53183,0.42483994,0.29725936
24.660000562667847,49.463833,0.42483994,0.29848012
24.670000791549683,49.37183,0.42483994,0.29970092
24.679999113082886,49.37183,0.42483994,0.30092168
24.68999934196472,49.37583,0.42483994,0.30214247
24.699999570846558,49.423832,0.42483994,0.30336323
24.709999799728394,49.495834,0.42483994,0.30458403
24.72000002861023,49.55183,0.42483994,0.3058048
24.730000257492065,49.53583,0.42483994,0.30702558
24.7400004863739,49.455833,0.42483994,0.30702558
24.750000715255737,49.423832,0.42483994,0.30946714
24.760000944137573,49.35983,0.42483994,0.30946714
24.769999265670776,49.331833,0.42483994,0.3119087
24.779999494552612,49.34783,0.42490733,0.3119087
24.78999972343445,49.403835,0.42490733,0.31312945
24.799999952316284,49.443832,0.42490733,0.31435025
24.81000018119812,49.47983,0.42497468,0.31435025
24.820000410079956,49.51583,0.42510942,0.315571
24.830000638961792,49.503834,0.42524415,0.315571
24.840000867843628,49.443832,0.4254463,0.315571
24.84999918937683,49.42783,0.425581,0.315571
24.859999418258667,49.44783,0.4258505,0.31435025
24.869999647140503,49.51983,0.42632207,0.3119087
24.87999987602234,49.68783,0.42692843,0.30946714
24.890000104904175,49.887833,0.4276695,0.3058048
24.90000033378601,50.07983,0.4286801,0.29970092
24.910000562667847,50.315826,0.42989275,0.29237625
24.920000791549683,50.495827,0.43083593,0.28749314
24.929999113082886,50.52783,0.43124017,0.28505158
24.93999934196472,50.42383,0.43124017,0.28627235
24.949999570846558,50.37183,0.43124017,0.28749314
24.959999799728394,50.39983,0.43124017,0.2887139
24.97000002861023,50.47183,0.43130755,0.2899347
24.980000257492065,50.583828,0.43130755,0.2899347
24.9900004863739,50.687828,0.43130755,0.29115546
25.000000715255737,50.711826,0.43130755,0.29237625
25.010000944137573,50.639828,0.43130755,0.293597
25.019999265670776,50.52783,0.4313749,0.2948178
25.029999494552612,50.427826,0.4313749,0.29603857
25.03999972343445,50.31983,0.4313749,0.29725936
25.049999952316284,50.32383,0.43144226,0.29725936
25.06000018119812,50.439827,0.43144226,0.29848012
25.070000410079956,50.55583,0.43150964,0.29970092
25.080000638961792,50.66383,0.43171176,0.29970092
25.090000867843628,50.727825,0.43191385,0.29970092
25.09999918937683,50.73583,0.43218336,0.29848012
25.109999418258667,50.679825,0.4325202,0.29725936
25.119999647140503,50.639828,0.4329918,0.29603857
25.12999987602234,50.687828,0.43359813,0.29237625
25.140000104904175,50.815826,0.43440658,0.28749314
25.15000033378601,51.031826,0.4352824,0.28261003
25.160000562667847,51.315823,0.4361582,0.27772692
25.170000791549683,51.519825,0.43662983,0.27528536
25.179999113082886,51.551826,0.43662983,0.27650613
25.18999934196472,51.507824,0.43669719,0.27772692
25.199999570846558,51.427826,0.43669719,0.27894768
25.209999799728394,51.351826,0.43669719,0.28016847
25.22000002861023,51.315823,0.43669719,0.28138924
25.230000257492065,51.347828,0.43669719,0.28138924
25.2400004863739,51.395824,0.43669719,0.2838308
25.250000715255737,51.443825,0.43669719,0.2838308
25.260000944137573,51.507824,0.43669719,0.28627235
25.269999265670776,51.507824,0.43669719,0.28627235
25.279999494552612,51.439827,0.43669719,0.28749314
25.28999972343445,51.347828,0.43669719,0.2887139
25.299999952316284,51.303825,0.43669719,0.2899347
25.31000018119812,51.263824,0.43669719,0.29115546
25.320000410079956,51.259827,0.43669719,0.29237625
25.330000638961792,51.315823,0.43669719,0.293597
25.340000867843628,51.38783,0.43669719,0.2948178
25.34999918937683,51.407825,0.43676457,0.29603857
25.359999418258667,51.439827,0.43676457,0.29603857
25.369999647140503,51.38783,0.43676457,0.29725936
25.37999987602234,51.327827,0.43676457,0.29848012
25.390000104904175,51.239826,0.43676457,0.29970092
25.40000033378601,51.211826,0.43683195,0.30092168
25.410000562667847,51.243824,0.43683195,0.30214247
25.420000791549683,51.27582,0.4368993,0.30214247
25.429999113082886,51.339825,0.4368993,0.30336323
25.43999934196472,51.403824,0.43696666,0.30458403
25.449999570846558,51.419827,0.43703404,0.3058048
25.459999799728394,51.36783,0.43703404,0.3058048
25.47000002861023,51.327827,0.43710142,0.30702558
25.480000257492065,51.307827,0.43723616,0.30702558
25.4900004863739,51.279827,0.43730354,0.30824634
25.500000715255737,51.287827,0.4373709,0.30824634
25.510000944137573,51.327827,0.43743825,0.30946714
25.519999265670776,51.375824,0.43750563,0.30946714
25.529999494552612,51.43582,0.43757302,0.3106879
25.53999972343445,51.479828,0.43757302,0.3119087
25.549999952316284,51.467827,0.43770775,0.3119087
25.56000018119812,51.43582,0.43790987,0.3119087
25.570000410079956,51.423824,0.43817937,0.3106879
25.580000638961792,51.471825,0.4385162,0.30946714
25.590000867843628,51.52782,0.43898782,0.30702558
25.59999918937683,51.651825,0.43959412,0.3058048
25.609999418258667,51.823826,0.44026786,0.30092168
25.619999647140503,52.007824,0.4410763,0.29725936
25.62999987602234,52.203823,0.4420195,0.29115546
25.640000104904175,52.36782,0.44282794,0.28749314
25.65000033378601,52.399822,0.4430974,0.28627235
25.660000562667847,52.35182,0.4430974,0.28749314
25.670000791549683,52.283825,0.4430974,0.2887139
25.679999113082886,52.303818,0.4430974,0.2899347
25.68999934196472,52.34382,0.4430974,0.29115546
25.699999570846558,52.395824,0.4430974,0.29237625
25.709999799728394,52.487823,0.4430974,0.293597
25.72000002861023,52.51182,0.4430974,0.2948178
25.730000257492065,52.45182,0.4430974,0.29603857
25.7400004863739,52.38782,0.4430974,0.29603857
25.750000715255737,52.315823,0.4430974,0.29725936
25.760000944137573,52.255825,0.4430974,0.29848012
25.769999265670776,52.243824,0.4430974,0.29970092
25.779999494552612,52.287823,0.4430974,0.30092168
25.78999972343445,52.35182,0.4430974,0.30214247
25.799999952316284,52.40382,0.4431648,0.30336323
25.81000018119812,52.427822,0.4431648,0.30458403
25.820000410079956,52.419823,0.4431648,0.3058048
25.830000638961792,52.335823,0.4431648,0.30702558
25.840000867843628,52.24782,0.4431648,0.30702558
25.84999918937683,52.203823,0.4431648,0.30946714
25.859999418258667,52.19982,0.4431648,0.30946714
25.869999647140503,52.219822,0.4431648,0.3119087
25.87999987602234,52.295822,0.4431648,0.3119087
25.890000104904175,52.375824,0.44323218,0.31312945
25.90000033378601,52.399822,0.4433669,0.31312945
25.910000562667847,52.395824,0.4433669,0.31435025
25.920000791549683,52.33182,0.4433669,0.315571
25.929999113082886,52.25182,0.44343427,0.315571
25.93999934196472,52.187824,0.44343427,0.3167918
25.949999570846558,52.187824,0.44350165,0.31801257
25.959999799728394,52.243824,0.44350165,0.31923336
25.97000002861023,52.303818,0.443569,0.31923336
25.980000257492065,52.35982,0.443569,0.3216749
25.9900004863739,52.427822,0.44370377,0.3216749
26.000000715255737,52.43182,0.44377112,0.3216749
26.010000944137573,52.36382,0.44390586,0.3216749
26.019999265670776,52.335823,0.44397324,0.32289568
26.029999494552612,52.29182,0.44410798,0.32289568
26.03999972343445,52.263824,0.44424272,0.32289568
26.049999952316284,52.31182,0.44437745,0.32289568
26.06000018119812,52.45182,0.44457957,0.32289568
26.070000410079956,52.555824,0.44491643,0.3216749
26.080000638961792,52.65182,0.44525328,0.3216749
26.090000867843628,52.71582,0.4456575,0.31923336
26.09999918937683,52.755817,0.44619647,0.3167918
26.109999418258667,52.78382,0.4468028,0.31312945
26.119999647140503,52.86382,0.44747654,0.3106879
26.12999987602234,52.987816,0.4482176,0.3058048
26.140000104904175,53.12382,0.44902605,0.30214247
26.15000033378601,53.26382,0.44949764,0.29970092
26.160000562667847,53.36382,0.44963238,0.29970092
26.170000791549683,53.387817,0.44963238,0.30092168
26.179999113082886,53.391815,0.44963238,0.30214247
26.18999934196472,53.391815,0.44963238,0.30336323
26.199999570846558,53.37582,0.44963238,0.30458403
26.209999799728394,53.339817,0.44963238,0.3058048
26.22000002861023,53.299816,0.44963238,0.30702558
26.230000257492065,53.327816,0.44963238,0.30824634
26.2400004863739,53.33182,0.44963238,0.30946714
26.250000715255737,53.32382,0.44963238,0.3106879
26.260000944137573,53.34382,0.44963238,0.3119087
26.269999265670776,53.347816,0.44963238,0.31312945
26.279999494552612,53.339817,0.44963238,0.31312945
26.28999972343445,53.30782,0.44963238,0.315571
26.299999952316284,53.30782,0.44963238,0.315571
26.31000018119812,53.29182,0.44963238,0.3167918
26.320000410079956,53.25182,0.44963238,0.31801257
26.330000638961792,53.259815,0.44963238,0.31923336
26.340000867843628,53.259815,0.44963238,0.32045412
26.34999918937683,53.29182,0.44963238,0.3216749
26.359999418258667,53.299816,0.44969973,0.32289568
26.369999647140503,53.28782,0.44969973,0.32289568
26.37999987602234,53.26382,0.44969973,0.32533723
26.390000104904175,53.227818,0.44969973,0.32533723
26.40000033378601,53.235817,0.44969973,0.32655802
26.410000562667847,53.235817,0.44969973,0.3277788
26.420000791549683,53.20382,0.44969973,0.32899958
26.429999113082886,53.24382,0.4497671,0.33022034
26.43999934196472,53.255817,0.4497671,0.33144113
26.449999570846558,53.255817,0.4497671,0.3326619
26.459999799728394,53.25182,0.4497671,0.3338827
26.47000002861023,53.259815,0.4497671,0.33510345
26.480000257492065,53.25182,0.44990185,0.33510345
26.4900004863739,53.227818,0.45003662,0.33510345
26.500000715255737,53.26382,0.45017132,0.33510345
26.510000944137573,53.29582,0.45037347,0.33510345
26.519999265670776,53.34382,0.45064294,0.3338827
26.529999494552612,53.40382,0.45097977,0.3326619
26.53999972343445,53.50382,0.4514514,0.33144113
26.549999952316284,53.60782,0.45205772,0.3277788
26.56000018119812,53.73982,0.45293355,0.32289568
26.570000410079956,53.903816,0.4539441,0.31801257
26.580000638961792,54.07982,0.4548873,0.3119087
26.590000867843628,54.21982,0.45562837,0.30824634
26.59999918937683,54.263817,0.45596525,0.30702558
26.609999418258667,54.279816,0.4560326,0.30702558
26.619999647140503,54.28781,0.45609996,0.30824634
26.62999987602234,54.299816,0.45609996,0.30946714
26.640000104904175,54.359818,0.45609996,0.3106879
26.65000033378601,54.419815,0.45609996,0.3119087
26.660000562667847,54.419815,0.45609996,0.31312945
26.670000791549683,54.403816,0.45609996,0.31435025
26.679999113082886,54.383816,0.45609996,0.315571
26.68999934196472,54.311817,0.45616734,0.315571
26.699999570846558,54.255814,0.45616734,0.3167918
26.709999799728394,54.243816,0.45616734,0.31801257
26.72000002861023,54.251816,0.45623472,0.31923336
26.730000257492065,54.28781,0.45623472,0.31923336
26.7400004863739,54.347813,0.45636946,0.32045412
26.750000715255737,54.407814,0.45643684,0.32045412
26.760000944137573,54.415813,0.45657155,0.3216749
26.769999265670776,54.391815,0.45677367,0.32045412
26.779999494552612,54.39982,0.45704314,0.32045412
26.78999972343445,54.419815,0.45744738,0.31801257
26.799999952316284,54.503815,0.45798635,0.315571
26.81000018119812,54.643814,0.4587948,0.3119087
26.820000410079956,54.839813,0.45960325,0.30702558
26.830000638961792,55.015816,0.4604117,0.30336323
26.840000867843628,55.187813,0.46115276,0.29970092
26.84999918937683,55.30781,0.46162435,0.29603857
26.859999418258667,55.33181,0.46182647,0.29603857
26.869999647140503,55.267815,0.46182647,0.29725936
26.87999987602234,55.21981,0.46182647,0.29848012
26.890000104904175,55.24381,0.46189386,0.29970092
26.90000033378601,55.251812,0.46189386,0.29970092
26.910000562667847,55.31581,0.46189386,0.30092168
26.920000791549683,55.383812,0.46189386,0.30214247
26.929999113082886,55.39181,0.46189386,0.30336323
26.93999934196472,55.335808,0.46189386,0.30458403
26.949999570846558,55.287815,0.46189386,0.3058048
26.959999799728394,55.21981,0.46189386,0.30702558
26.97000002861023,55.159813,0.46196124,0.30824634
26.980000257492065,55.175816,0.46196124,0.30946714
26.9900004863739,55.215813,0.46196124,0.3106879
27.000000715255737,55.247814,0.46196124,0.3119087
27.010000944137573,55.299812,0.46196124,0.31312945
27.019999265670776,55.33181,0.4620286,0.31312945
27.029999494552612,55.31581,0.4620286,0.31435025
27.03999972343445,55.247814,0.4620286,0.315571
27.049999952316284,55.187813,0.46209595,0.3167918
27.06000018119812,55.167812,0.46209595,0.3167918
27.070000410079956,55.14781,0.46209595,0.31801257
27.080000638961792,55.179813,0.4622307,0.31923336
27.090000867843628,55.271812,0.4622981,0.31923336
27.09999918937683,55.335808,0.46250018,0.31923336
27.109999418258667,55.35581,0.46263492,0.31923336
27.119999647140503,55.359814,0.4627023,0.32045412
27.12999987602234,55.359814,0.46283707,0.32045412
27.140000104904175,55.30381,0.46303916,0.32045412
27.15000033378601,55.29581,0.46324128,0.31923336
27.160000562667847,55.37581,0.46364552,0.31923336
27.170000791549683,55.47581,0.4641171,0.315571
27.179999113082886,55.61581,0.46465605,0.31312945
27.18999934196472,55.791813,0.46532977,0.3106879
27.199999570846558,55.93581,0.4659361,0.30702558
27.209999799728394,56.019806,0.4666098,0.30336323
27.22000002861023,56.099808,0.46721613,0.30092168
27.230000257492065,56.151806,0.46762037,0.29848012
27.2400004863739,56.131805,0.4677551,0.29970092
27.250000715255737,56.107807,0.4677551,0.29970092
27.260000944137573,56.13981,0.4677551,0.30092168
27.269999265670776,56.19581,0.4677551,0.30214247
27.279999494552612,56.25181,0.4677551,0.30336323
27.28999972343445,56.30381,0.4678225,0.30458403
27.299999952316284,56.31581,0.4678225,0.3058048
27.31000018119812,56.25181,0.4678225,0.30702558
27.320000410079956,56.16781,0.46788988,0.30702558
27.330000638961792,56.11581,0.46788988,0.30824634
27.340000867843628,56.099808,0.4679572,0.30946714
27.34999918937683,56.08781,0.4679572,0.3106879
27.359999418258667,56.15581,0.46802458,0.3106879
27.369999647140503,56.24781,0.46802458,0.3119087
27.37999987602234,56.27581,0.46809196,0.31312945
27.390000104904175,56.267807,0.46809196,0.31435025
27.40000033378601,56.23581,0.46815935,0.31435025
27.410000562667847,56.17981,0.46815935,0.315571
27.420000791549683,56.107807,0.4682267,0.3167918
27.429999113082886,56.09181,0.46829408,0.3167918
27.43999934196472,56.107807,0.46836147,0.31801257
27.449999570846558,56.16781,0.46842882,0.31801257
27.459999799728394,56.219807,0.46849617,0.31923336
27.47000002861023,56.311806,0.46863094,0.31923336
27.480000257492065,56.31981,0.46863094,0.32045412
27.4900004863739,56.259808,0.46863094,0.3216749
27.500000715255737,56.22781,0.46869832,0.32289568
27.510000944137573,56.175808,0.46869832,0.32289568
27.519999265670776,56.11581,0.46869832,0.32533723
27.529999494552612,56.13581,0.46876568,0.32533723
27.53999972343445,56.20381,0.4689004,0.32533723
27.549999952316284,56.279808,0.46903515,0.32533723
27.56000018119812,56.33981,0.46910253,0.32655802
27.570000410079956,56.371807,0.46930462,0.32655802
27.580000638961792,56.37581,0.4694394,0.32655802
27.590000867843628,56.331806,0.4696415,0.32655802
27.59999918937683,56.34781,0.46997836,0.32533723
27.609999418258667,56.399807,0.47038257,0.32289568
27.619999647140503,56.47581,0.47092155,0.3216749
27.62999987602234,56.631805,0.47152787,0.31801257
27.640000104904175,56.82781,0.47220156,0.315571
27.65000033378601,56.983807,0.4728753,0.3119087
27.660000562667847,57.099808,0.47341427,0.30824634
27.670000791549683,57.13981,0.4737511,0.30702558
27.679999113082886,57.131805,0.47381848,0.30702558
27.68999934196472,57.051807,0.47381848,0.30946714
27.699999570846558,57.023808,0.47381848,0.30946714
27.709999799728394,57.071808,0.47388586,0.3106879
27.72000002861023,57.13981,0.47388586,0.3119087
27.730000257492065,57.175804,0.47388586,0.31312945
27.7400004863739,57.211807,0.47388586,0.31435025
27.750000715255737,57.219803,0.47395322,0.315571
27.760000944137573,57.143806,0.47395322,0.315571
27.769999265670776,57.103806,0.47402057,0.3167918
27.779999494552612,57.047806,0.47402057,0.31801257
27.78999972343445,57.019806,0.47408795,0.31923336
27.799999952316284,57.023808,0.47415534,0.31923336
27.81000018119812,57.103806,0.47415534,0.32045412
27.820000410079956,57.167805,0.47422272,0.3216749
27.830000638961792,57.195805,0.47422272,0.32289568
27.840000867843628,57.187805,0.47429007,0.32289568
27.84999918937683,57.183807,0.47435743,0.32289568
27.859999418258667,57.13981,0.4744248,0.32411647
27.869999647140503,57.063805,0.4744922,0.32533723
27.87999987602234,57.083805,0.47455955,0.32533723
27.890000104904175,57.11981,0.47476166,0.32533723
27.90000033378601,57.187805,0.47496378,0.32533723
27.910000562667847,57.263805,0.47509852,0.32533723
27.920000791549683,57.331806,0.47523326,0.32533723
27.929999113082886,57.359802,0.47543538,0.32533723
27.93999934196472,57.371807,0.47557014,0.32533723
27.949999570846558,57.359802,0.4758396,0.32533723
27.959999799728394,57.367805,0.47617644,0.32411647
27.97000002861023,57.371807,0.47644594,0.32289568
27.980000257492065,57.475803,0.47691754,0.3216749
27.9900004863739,57.627804,0.47752386,0.31801257
28.000000715255737,57.7918,0.47826493,0.31435025
28.010000944137573,57.959805,0.4788713,0.3106879
28.019999265670776,58.0758,0.47941026,0.30824634
28.029999494552612,58.099804,0.47967973,0.30702558
28.03999972343445,58.0638,0.47974712,0.30824634
28.049999952316284,58.0238,0.47974712,0.30946714
28.06000018119812,58.0038,0.47974712,0.3106879
28.070000410079956,58.0038,0.47974712,0.3119087
28.080000638961792,58.071804,0.47974712,0.31312945
28.090000867843628,58.1358,0.47974712,0.31435025
28.09999918937683,58.151802,0.47974712,0.315571
28.109999418258667,58.1358,0.47974712,0.3167918
28.119999647140503,58.0958,0.47974712,0.3167918
28.12999987602234,58.039803,0.47974712,0.31923336
28.140000104904175,57.9518,0.47974712,0.31923336
28.15000033378601,57.935806,0.47974712,0.3216749
28.160000562667847,57.979805,0.47974712,0.3216749
28.170000791549683,58.0158,0.47974712,0.32289568
28.179999113082886,58.051804,0.47974712,0.32411647
28.18999934196472,58.0958,0.47974712,0.32533723
28.199999570846558,58.0758,0.47974712,0.32655802
28.209999799728394,58.027805,0.47974712,0.3277788
28.22000002861023,57.959805,0.47974712,0.32899958
28.230000257492065,57.9238,0.47974712,0.33022034
28.2400004863739,57.871803,0.47974712,0.33144113
28.250000715255737,57.887806,0.47974712,0.3326619
28.260000944137573,57.947803,0.47974712,0.3338827
28.269999265670776,57.991802,0.47974712,0.33510345
28.279999494552612,58.011803,0.47974712,0.33632424
28.28999972343445,58.0358,0.47974712,0.33632424
28.299999952316284,57.9758,0.47974712,0.3387658
28.31000018119812,57.9038,0.4798145,0.3387658
28.320000410079956,57.8638,0.4798145,0.33998656
28.330000638961792,57.851803,0.4798145,0.34120736
28.340000867843628,57.8638,0.4798145,0.34242812
28.34999918937683,57.895805,0.4798145,0.3436489
28.359999418258667,57.9318,0.4798145,0.34486967
28.369999647140503,57.9718,0.4798145,0.34609047
28.37999987602234,57.947803,0.4798145,0.34731123
28.390000104904175,57.927803,0.4798145,0.34853202
28.40000033378601,57.895805,0.4799492,0.34853202
28.410000562667847,57.835804,0.4800166,0.34853202
28.420000791549683,57.827805,0.48015133,0.34853202
28.429999113082886,57.871803,0.48028606,0.34975278
28.43999934196472,57.939804,0.48035344,0.34975278
28.449999570846558,57.9718,0.4804208,0.35097358
28.459999799728394,58.027805,0.48055556,0.35097358
28.47000002861023,58.071804,0.48075765,0.35097358
28.480000257492065,58.1158,0.48109454,0.34975278
28.4900004863739,58.143803,0.48149875,0.34853202
28.500000715255737,58.1958,0.48197034,0.34609047
28.510000944137573,58.303802,0.48264405,0.34242812
28.519999265670776,58.419804,0.4834525,0.337545
28.529999494552612,58.659798,0.4845978,0.33144113
28.53999972343445,58.9558,0.4859452,0.32289568
28.549999952316284,59.243797,0.48722526,0.315571
28.56000018119812,59.415794,0.48796633,0.3119087
28.570000410079956,59.4878,0.48843792,0.30946714
28.580000638961792,59.5118,0.4889095,0.30702558
28.590000867843628,59.571796,0.48944846,0.30458403
28.59999918937683,59.7198,0.49012223,0.30092168
28.609999418258667,59.895794,0.49086326,0.29725936
28.619999647140503,60.107796,0.49180645,0.29237625
28.62999987602234,60.323795,0.49274966,0.28627235
28.640000104904175,60.507793,0.49349076,0.28261003
28.65000033378601,60.543793,0.4937602,0.28138924
28.660000562667847,60.471794,0.4938276,0.28261003
28.670000791549683,60.407795,0.4938276,0.2838308
28.679999113082886,60.411793,0.49389493,0.28505158
28.68999934196472,60.407795,0.49389493,0.28505158
28.699999570846558,60.50379,0.49389493,0.28627235
28.709999799728394,60.575794,0.49389493,0.28749314
28.72000002861023,60.579796,0.49396235,0.2887139
28.730000257492065,60.579796,0.49396235,0.2899347
28.7400004863739,60.515797,0.49396235,0.29115546
28.750000715255737,60.419792,0.49396235,0.29115546
28.760000944137573,60.327793,0.49396235,0.293597
28.769999265670776,60.315796,0.49396235,0.293597
28.779999494552612,60.355797,0.4940297,0.2948178
28.78999972343445,60.407795,0.4940297,0.29603857
28.799999952316284,60.459793,0.4940297,0.29725936
28.81000018119812,60.523792,0.4940297,0.29848012
28.820000410079956,60.51179,0.4940297,0.29970092
28.830000638961792,60.427795,0.4940297,0.30092168
28.840000867843628,60.375797,0.4940297,0.30092168
28.84999918937683,60.327793,0.49409705,0.30214247
28.859999418258667,60.259792,0.49409705,0.30336323
28.869999647140503,60.299793,0.49416444,0.30458403
28.87999987602234,60.347794,0.49416444,0.3058048
28.890000104904175,60.411793,0.49416444,0.30702558
28.90000033378601,60.459793,0.4942318,0.30702558
28.910000562667847,60.46379,0.4942318,0.30824634
28.920000791549683,60.439793,0.49443394,0.30824634
28.929999113082886,60.387794,0.49456865,0.30824634
28.93999934196472,60.363796,0.4947708,0.30824634
28.949999570846558,60.403793,0.49504024,0.30702558
28.959999799728394,60.455795,0.49530974,0.30702558
28.97000002861023,60.547794,0.495714,0.3058048
28.980000257492065,60.71579,0.49625295,0.30336323
28.9900004863739,60.879795,0.4967919,0.29970092
29.000000715255737,60.995792,0.497533,0.29603857
29.010000944137573,61.14779,0.49840876,0.29115546
29.019999265670776,61.287792,0.49928463,0.28627235
29.029999494552612,61.335793,0.49975622,0.2838308
29.03999972343445,61.30379,0.49982357,0.28505158
29.049999952316284,61.291794,0.49982357,0.28627235
29.06000018119812,61.31979,0.49982357,0.28749314
29.070000410079956,61.37979,0.49982357,0.28749314
29.080000638961792,61.46379,0.49982357,0.2899347
29.090000867843628,61.511787,0.49982357,0.2899347
29.09999918937683,61.491787,0.49982357,0.29115546
29.109999418258667,61.411793,0.49982357,0.29237625
29.119999647140503,61.343792,0.49989098,0.293597
29.12999987602234,61.25979,0.49989098,0.2948178
29.140000104904175,61.21579,0.49989098,0.29603857
29.15000033378601,61.24779,0.49989098,0.29725936
29.160000562667847,61.31979,0.49989098,0.29848012
29.170000791549683,61.37579,0.49989098,0.29970092
29.179999113082886,61.44379,0.49995834,0.29970092
29.18999934196472,61.43579,0.49995834,0.30092168
29.199999570846558,61.383793,0.50002575,0.30092168
29.209999799728394,61.27979,0.50002575,0.30336323
29.22000002861023,61.231792,0.50002575,0.30336323
29.230000257492065,61.203793,0.5000931,0.30458403
29.2400004863739,61.20779,0.5001604,0.3058048
29.250000715255737,61.28379,0.5002278,0.3058048
29.260000944137573,61.383793,0.50029516,0.30702558
29.269999265670776,61.411793,0.50029516,0.30824634
29.279999494552612,61.42779,0.5003626,0.30824634
29.28999972343445,61.39579,0.5004299,0.30946714
29.299999952316284,61.35179,0.5004973,0.30946714
29.31000018119812,61.25979,0.5004973,0.3119087
29.320000410079956,61.22779,0.5006994,0.3119087
29.330000638961792,61.29979,0.5009015,0.3119087
29.340000867843628,61.37179,0.50110364,0.3106879
29.34999918937683,61.46379,0.50130576,0.3106879
29.359999418258667,61.57179,0.50164264,0.30946714
29.369999647140503,61.68779,0.5021816,0.3058048
29.37999987602234,61.75179,0.50285524,0.30336323
29.390000104904175,61.86379,0.50359637,0.29848012
29.40000033378601,61.97979,0.5044048,0.2948178
29.410000562667847,62.07179,0.50521326,0.2899347
29.420000791549683,62.171787,0.50561744,0.2887139
29.429999113082886,62.23179,0.50561744,0.2899347
29.43999934196472,62.27179,0.50561744,0.29115546
29.449999570846558,62.31579,0.50561744,0.29115546
29.459999799728394,62.371788,0.50561744,0.293597
29.47000002861023,62.371788,0.50568485,0.293597
29.480000257492065,62.33979,0.50568485,0.2948178
29.4900004863739,62.275787,0.50568485,0.29603857
29.500000715255737,62.239788,0.50568485,0.29725936
29.510000944137573,62.191788,0.50568485,0.29848012
29.519999265670776,62.16779,0.50568485,0.29970092
29.529999494552612,62.215786,0.50568485,0.30092168
29.53999972343445,62.243786,0.5057522,0.30092168
29.549999952316284,62.27179,0.5057522,0.30214247
29.56000018119812,62.29179,0.5057522,0.30336323
29.570000410079956,62.287785,0.5057522,0.30458403
29.580000638961792,62.22779,0.5057522,0.3058048
29.590000867843628,62.15979,0.5058196,0.30702558
29.59999918937683,62.151787,0.505887,0.30702558
29.609999418258667,62.143787,0.505887,0.30824634
29.619999647140503,62.15579,0.5059543,0.30946714
29.62999987602234,62.219788,0.5060217,0.30946714
29.640000104904175,62.267784,0.5060217,0.3106879
29.65000033378601,62.255787,0.5060217,0.3119087
29.660000562667847,62.24779,0.50608903,0.31312945
29.670000791549683,62.24779,0.5062238,0.31312945
29.679999113082886,62.22379,0.50635856,0.31312945
29.68999934196472,62.18379,0.5064259,0.31435025
29.699999570846558,62.18779,0.5064933,0.31435025
29.709999799728394,62.219788,0.50662804,0.315571
29.72000002861023,62.255787,0.5066954,0.315571
29.730000257492065,62.295788,0.5067628,0.3167918
29.7400004863739,62.367786,0.50683016,0.3167918
29.750000715255737,62.371788,0.5070322,0.3167918
29.760000944137573,62.36379,0.5072344,0.3167918
29.769999265670776,62.375786,0.50750387,0.315571
29.779999494552612,62.399788,0.50777334,0.315571
29.78999972343445,62.423786,0.50811017,0.31312945
29.799999952316284,62.559784,0.5086491,0.3119087
29.81000018119812,62.699783,0.5093229,0.30824634
29.820000410079956,62.879784,0.5099292,0.30458403
29.830000638961792,62.987785,0.5104682,0.30214247
29.840000867843628,63.099785,0.5109398,0.29970092
29.84999918937683,63.143784,0.51120925,0.29970092
29.859999418258667,63.107784,0.51141137,0.29970092
29.869999647140503,63.071785,0.5114787,0.29970092
29.87999987602234,63.091785,0.5114787,0.30092168
29.890000104904175,63.099785,0.5115461,0.30092168
29.90000033378601,63.147785,0.5115461,0.30336323
29.910000562667847,63.211784,0.5116135,0.30336323
29.920000791549683,63.235786,0.5116135,0.30458403
29.929999113082886,63.195786,0.5116135,0.3058048
29.93999934196472,63.151783,0.5116135,0.30702558
29.949999570846558,63.123783,0.51168084,0.30702558
29.959999799728394,63.087788,0.51174825,0.30824634
29.97000002861023,63.051785,0.51174825,0.30946714
29.980000257492065,63.095787,0.51181555,0.30946714
29.9900004863739,63.127785,0.51181555,0.3119087
30.000000715255737,63.15579,0.51188296,0.3119087
30.010000944137573,63.211784,0.5119503,0.31312945
30.019999265670776,63.219784,0.51201767,0.31312945
30.029999494552612,63.179787,0.5120851,0.31435025
30.03999972343445,63.123783,0.51215243,0.31435025
30.049999952316284,63.123783,0.5122872,0.315571
30.06000018119812,63.119785,0.51235455,0.315571
30.070000410079956,63.135788,0.5124219,0.3167918
30.080000638961792,63.20378,0.5125567,0.3167918
30.090000867843628,63.251785,0.5125567,0.31801257
30.09999918937683,63.259785,0.512624,0.31801257
30.109999418258667,63.267784,0.5127588,0.31923336
30.119999647140503,63.299786,0.5128935,0.31923336
30.12999987602234,63.259785,0.5128935,0.31923336
30.140000104904175,63.183784,0.51296085,0.32045412
30.15000033378601,63.179787,0.51296085,0.3216749
30.160000562667847,63.20378,0.51296085,0.32289568
30.170000791549683,63.219784,0.51302826,0.32289568
30.179999113082886,63.259785,0.51302826,0.32533723
30.18999934196472,63.323784,0.51316303,0.32533723
30.199999570846558,63.319786,0.5132304,0.32533723
30.209999799728394,63.323784,0.51329774,0.32655802
30.22000002861023,63.295788,0.51343244,0.32655802
30.230000257492065,63.311783,0.513702,0.32655802
30.2400004863739,63.303783,0.51397145,0.32533723
30.250000715255737,63.38378,0.5142409,0.32411647
30.260000944137573,63.487785,0.51457775,0.32289568
30.269999265670776,63.555782,0.51491463,0.3216749
30.279999494552612,63.663784,0.5152515,0.3216749
30.28999972343445,63.743782,0.51558834,0.31923336
30.299999952316284,63.819786,0.5159926,0.31801257
30.31000018119812,63.831783,0.5164642,0.315571
30.320000410079956,63.915783,0.5170032,0.31312945
30.330000638961792,64.02778,0.5176094,0.3106879
30.340000867843628,64.09178,0.51808107,0.30824634
30.34999918937683,64.17978,0.51835054,0.30702558
30.359999418258667,64.24378,0.5184853,0.30702558
30.369999647140503,64.28378,0.5184853,0.30946714
30.37999987602234,64.27578,0.51855266,0.30946714
30.390000104904175,64.30378,0.5186201,0.3106879
30.40000033378601,64.323784,0.51868737,0.3106879
30.410000562667847,64.30378,0.51882213,0.3119087
30.420000791549683,64.295784,0.5188895,0.3119087
30.429999113082886,64.29178,0.5189569,0.31312945
30.43999934196472,64.27978,0.51902425,0.31312945
30.449999570846558,64.27578,0.51902425,0.31435025
30.459999799728394,64.31178,0.519159,0.31435025
30.47000002861023,64.32778,0.5192263,0.315571
30.480000257492065,64.335785,0.5192263,0.3167918
30.4900004863739,64.34778,0.5192937,0.3167918
30.500000715255737,64.33978,0.5193611,0.31801257
30.510000944137573,64.323784,0.5194285,0.31923336
30.519999265670776,64.31578,0.51949584,0.31923336
30.529999494552612,64.33978,0.51956326,0.31923336
30.53999972343445,64.35578,0.5197653,0.31923336
30.549999952316284,64.38378,0.51996744,0.31923336
30.56000018119812,64.447784,0.52023697,0.31923336
30.570000410079956,64.53978,0.5205738,0.3167918
30.580000638961792,64.603775,0.52111274,0.315571
30.590000867843628,64.71178,0.5217191,0.3119087
30.59999918937683,64.84378,0.52232546,0.30946714
30.609999418258667,64.95178,0.5229991,0.3058048
30.619999647140503,65.06378,0.52374023,0.30214247
30.62999987602234,65.17978,0.52434653,0.29848012
30.640000104904175,65.26778,0.5246834,0.29725936
30.65000033378601,65.27978,0.52475077,0.29725936
30.660000562667847,65.30378,0.52475077,0.29970092
30.670000791549683,65.33178,0.5248181,0.29970092
30.679999113082886,65.34378,0.52488554,0.30092168
30.68999934196472,65.36378,0.5249529,0.30092168
30.699999570846558,65.37178,0.52502024,0.30214247
30.709999799728394,65.379776,0.52502024,0.30336323
30.72000002861023,65.31578,0.52502024,0.30336323
30.730000257492065,65.28777,0.52502024,0.3058048
30.7400004863739,65.30378,0.5250876,0.3058048
30.750000715255737,65.32378,0.52515495,0.30702558
30.760000944137573,65.33178,0.5252897,0.30702558
30.769999265670776,65.34778,0.5252897,0.30824634
30.779999494552612,65.38378,0.5253571,0.30824634
30.78999972343445,65.36378,0.5254245,0.30946714
30.799999952316284,65.37178,0.5255592,0.30946714
30.81000018119812,65.37178,0.52562654,0.3106879
30.820000410079956,65.34778,0.52562654,0.3119087
30.830000638961792,65.34778,0.5257613,0.3119087
30.840000867843628,65.379776,0.5259634,0.3119087
30.84999918937683,65.45178,0.5263003,0.3106879
30.859999418258667,65.52378,0.5267045,0.30824634
30.869999647140503,65.615776,0.5271761,0.30702558
30.87999987602234,65.73177,0.527715,0.30336323
30.890000104904175,65.81578,0.5283214,0.30092168
30.90000033378601,65.94377,0.5290625,0.29725936
30.910000562667847,66.087776,0.5298709,0.29237625
30.920000791549683,66.22377,0.53054464,0.2887139
30.929999113082886,66.30777,0.5309489,0.28749314
30.93999934196472,66.379776,0.531151,0.28749314
30.949999570846558,66.395775,0.531151,0.28749314
30.959999799728394,66.40377,0.53121835,0.2887139
30.97000002861023,66.39977,0.53121835,0.2899347
30.980000257492065,66.435776,0.53121835,0.29115546
30.9900004863739,66.40377,0.53121835,0.29237625
31.000000715255737,66.379776,0.53121835,0.293597
31.010000944137573,66.34777,0.53121835,0.2948178
31.019999265670776,66.351776,0.53121835,0.29603857
31.029999494552612,66.33177,0.53121835,0.29725936
31.03999972343445,66.311775,0.53121835,0.29848012
31.049999952316284,66.31978,0.53121835,0.29970092
31.06000018119812,66.32378,0.53121835,0.30092168
31.070000410079956,66.311775,0.53121835,0.30092168
31.080000638961792,66.33577,0.53121835,0.30336323
31.090000867843628,66.31978,0.53121835,0.30336323
31.09999918937683,66.271774,0.53121835,0.30458403
31.109999418258667,66.26377,0.53121835,0.3058048
31.119999647140503,66.25178,0.53121835,0.30702558
31.12999987602234,66.23978,0.53121835,0.30824634
31.140000104904175,66.255775,0.53121835,0.30946714
31.15000033378601,66.26377,0.53121835,0.3106879
31.160000562667847,66.25178,0.53121835,0.3119087
31.170000791549683,66.23177,0.53121835,0.31312945
31.179999113082886,66.22377,0.53121835,0.31435025
31.18999934196472,66.21977,0.53121835,0.315571
31.199999570846558,66.199776,0.53121835,0.3167918
31.209999799728394,66.16778,0.53121835,0.31801257
31.22000002861023,66.17978,0.53121835,0.31923336
31.230000257492065,66.17978,0.53121835,0.32045412
31.2400004863739,66.15577,0.53121835,0.3216749
31.250000715255737,66.171776,0.53121835,0.32289568
31.260000944137573,66.159775,0.53121835,0.32289568
31.269999265670776,66.13978,0.53121835,0.32533723
31.279999494552612,66.119774,0.53121835,0.32533723
31.28999972343445,66.119774,0.53128576,0.32655802
31.299999952316284,66.11178,0.53128576,0.3277788
31.31000018119812,66.11178,0.5313531,0.3277788
31.320000410079956,66.13577,0.5314878,0.32899958
31.330000638961792,66.19177,0.53175735,0.3277788
31.340000867843628,66.22377,0.53202677,0.32655802
31.34999918937683,66.29578,0.53243107,0.32533723
31.359999418258667,66.423775,0.53297,0.32289568
31.369999647140503,66.50378,0.5335763,0.31923336
31.37999987602234,66.59977,0.53418267,0.3167918
31.390000104904175,66.72377,0.534789,0.31312945
31.40000033378601,66.87177,0.5355975,0.30946714
31.410000562667847,67.05577,0.5365407,0.30458403
31.420000791549683,67.22377,0.5372817,0.29970092
31.429999113082886,67.355774,0.537686,0.29848012
31.43999934196472,67.36377,0.5377533,0.29970092
31.449999570846558,67.33977,0.5377533,0.29970092
31.459999799728394,67.35177,0.5377533,0.30092168
31.47000002861023,67.37177,0.5378207,0.30214247
31.480000257492065,67.36377,0.5378207,0.30336323
31.4900004863739,67.38777,0.53788805,0.30336323
31.500000715255737,67.41577,0.5379554,0.30458403
31.510000944137573,67.37977,0.5380228,0.3058048
31.519999265670776,67.37177,0.53809017,0.3058048
31.529999494552612,67.37977,0.53822494,0.3058048
31.53999972343445,67.37177,0.5382922,0.30702558
31.549999952316284,67.35177,0.538427,0.30702558
31.56000018119812,67.40377,0.5386292,0.30702558
31.570000410079956,67.46377,0.5387639,0.30702558
31.580000638961792,67.479774,0.53883123,0.30702558
31.590000867843628,67.507774,0.5388986,0.30824634
31.59999918937683,67.51977,0.53903335,0.30824634
31.609999418258667,67.523766,0.5392355,0.30824634
31.619999647140503,67.51577,0.5394376,0.30824634
31.62999987602234,67.56377,0.5396397,0.30824634
31.640000104904175,67.61177,0.5399092,0.30702558
31.65000033378601,67.66777,0.54024607,0.3058048
31.660000562667847,67.74377,0.54065025,0.30458403
31.670000791549683,67.83177,0.5409871,0.30336323
31.679999113082886,67.927765,0.54145867,0.30092168
31.68999934196472,68.00777,0.5419303,0.29848012
31.699999570846558,68.107765,0.5424019,0.29725936
31.709999799728394,68.15577,0.5426714,0.29603857
31.72000002861023,68.135765,0.54280615,0.29603857
31.730000257492065,68.12777,0.5428735,0.29725936
31.7400004863739,68.16377,0.5428735,0.29848012
31.750000715255737,68.16377,0.5429409,0.29848012
31.760000944137573,68.18377,0.5429409,0.29970092
31.769999265670776,68.191765,0.5429409,0.30092168
31.779999494552612,68.203766,0.5429409,0.30214247
31.78999972343445,68.15577,0.54300827,0.30336323
31.799999952316284,68.15977,0.54300827,0.30458403
31.81000018119812,68.13976,0.54300827,0.3058048
31.820000410079956,68.08377,0.54307556,0.3058048
31.830000638961792,68.067764,0.54307556,0.30702558
31.840000867843628,68.09977,0.54307556,0.30824634
31.84999918937683,68.11977,0.543143,0.30946714
31.859999418258667,68.15177,0.5432103,0.30946714
31.870001554489136,68.19577,0.5433451,0.30946714
31.87999987602234,68.219765,0.54341245,0.3106879
31.889998197555542,68.15177,0.54347986,0.3119087
31.90000033378601,68.107765,0.54347986,0.3119087
31.909998655319214,68.11177,0.54347986,0.31312945
31.920000791549683,68.10377,0.5435472,0.31435025
31.929999113082886,68.107765,0.5435472,0.315571
31.940001249313354,68.135765,0.5435472,0.3167918
31.949999570846558,68.17976,0.5435472,0.31801257
31.960001707077026,68.15177,0.54361457,0.31801257
31.97000002861023,68.15977,0.5436819,0.31923336
31.979998350143433,68.17177,0.5438167,0.31923336
31.9900004863739,68.147766,0.54388404,0.32045412
31.999998807907104,68.10377,0.54388404,0.3216749
32.01000094413757,68.08777,0.54388404,0.32289568
32.019999265670776,68.107765,0.54388404,0.32289568
32.030001401901245,68.11977,0.54395145,0.32411647
32.03999972343445,68.15577,0.54395145,0.32533723
32.05000185966492,68.191765,0.54395145,0.32655802
32.06000018119812,68.17177,0.54395145,0.3277788
32.06999850273132,68.12377,0.54395145,0.32899958
32.08000063896179,68.09577,0.5440188,0.32899958
32.089998960494995,68.107765,0.5440862,0.33022034
32.100001096725464,68.09577,0.5442209,0.33022034
32.10999941825867,68.13177,0.54435563,0.33022034
32.120001554489136,68.175766,0.5444904,0.33144113
32.12999987602234,68.21177,0.54469246,0.33144113
32.13999819755554,68.27977,0.54489464,0.33022034
32.15000033378601,68.34377,0.5451641,0.32899958
32.159998655319214,68.41577,0.54556835,0.3277788
32.17000079154968,68.455765,0.5461073,0.32533723
32.179999113082886,68.55977,0.54684836,0.3216749
32.190001249313354,68.72376,0.5477242,0.3167918
32.19999957084656,68.91977,0.5486674,0.3119087
32.210001707077026,69.10377,0.54940844,0.30702558
32.22000002861023,69.231766,0.54967797,0.30702558
32.22999835014343,69.23977,0.54967797,0.30702558
32.2400004863739,69.19576,0.54967797,0.30824634
32.249998807907104,69.19576,0.54967797,0.30946714
32.26000094413757,69.20776,0.54967797,0.3106879
32.269999265670776,69.203766,0.54967797,0.3119087
32.280001401901245,69.203766,0.54967797,0.31312945
32.28999972343445,69.203766,0.54967797,0.31435025
32.30000185966492,69.203766,0.54967797,0.315571
32.31000018119812,69.15576,0.54967797,0.3167918
32.31999850273132,69.135765,0.54967797,0.31801257
32.33000063896179,69.13177,0.54967797,0.31923336
32.339998960494995,69.107765,0.54967797,0.32045412
32.350001096725464,69.09977,0.5497453,0.3216749
32.35999941825867,69.13177,0.5497453,0.3216749
32.370001554489136,69.11977,0.5497453,0.32289568
32.37999987602234,69.13976,0.5497453,0.32411647
32.38999819755554,69.11977,0.5497453,0.32533723
32.40000033378601,69.095764,0.5497453,0.32655802
32.409998655319214,69.067764,0.5498127,0.3277788
32.42000079154968,69.05977,0.5498127,0.32899958
32.429999113082886,69.067764,0.5498127,0.32899958
32.440001249313354,69.067764,0.5498801,0.33022034
32.44999957084656,69.067764,0.5499474,0.33144113
32.460001707077026,69.123764,0.55014956,0.33144113
32.47000002861023,69.147766,0.55028427,0.33144113
32.47999835014343,69.151764,0.5503517,0.33144113
32.4900004863739,69.151764,0.55041903,0.3326619
32.499998807907104,69.14377,0.5504864,0.3326619
32.51000094413757,69.11576,0.55055374,0.3338827
32.519999265670776,69.123764,0.55075586,0.3338827
32.530001401901245,69.20776,0.55102533,0.3326619
32.53999972343445,69.32777,0.5514296,0.33144113
32.55000185966492,69.43176,0.5519686,0.32899958
32.56000018119812,69.57176,0.552777,0.32533723
32.56999850273132,69.76776,0.5539223,0.3167918
32.58000063896179,70.039764,0.5555392,0.30824634
32.589998960494995,70.331764,0.55681926,0.29970092
32.600001096725464,70.527756,0.5576277,0.29603857
32.60999941825867,70.60376,0.5583014,0.29237625
32.620001554489136,70.707756,0.5589751,0.28749314
32.62999987602234,70.88376,0.5597836,0.2838308
32.63999819755554,71.13176,0.5607941,0.27772692
32.65000033378601,71.40776,0.5619394,0.27162302
32.659998655319214,71.59176,0.5626131,0.2679607
32.67000079154968,71.63176,0.56274784,0.2679607
32.679999113082886,71.56376,0.56274784,0.26918146
32.690001249313354,71.50776,0.56274784,0.27040225
32.69999957084656,71.487755,0.56274784,0.27162302
32.710001707077026,71.49576,0.56274784,0.2728438
32.72000002861023,71.51976,0.56274784,0.27406457
32.72999835014343,71.55976,0.56274784,0.27528536
32.7400004863739,71.59176,0.56274784,0.27650613
32.749998807907104,71.58776,0.56274784,0.27772692
32.76000094413757,71.527756,0.56274784,0.27772692
32.769999265670776,71.47575,0.56274784,0.28016847
32.780001401901245,71.38776,0.56274784,0.28016847
32.78999972343445,71.33976,0.56274784,0.28138924
32.80000185966492,71.38776,0.56274784,0.28261003
32.81000018119812,71.43575,0.56274784,0.2838308
32.81999850273132,71.45176,0.56274784,0.28505158
32.83000063896179,71.46776,0.56274784,0.28627235
32.839998960494995,71.459755,0.56274784,0.28749314
32.850001096725464,71.42375,0.56274784,0.2887139
32.85999941825867,71.35576,0.56274784,0.2899347
32.870001554489136,71.291756,0.56274784,0.29115546
32.87999987602234,71.27176,0.56274784,0.29237625
32.88999819755554,71.24776,0.56274784,0.293597
32.90000033378601,71.291756,0.56274784,0.2948178
32.909998655319214,71.35976,0.56274784,0.29603857
32.92000079154968,71.391754,0.56274784,0.29725936
32.929999113082886,71.363754,0.56274784,0.29725936
32.940001249313354,71.33576,0.56274784,0.29970092
32.94999957084656,71.26776,0.56274784,0.29970092
32.960001707077026,71.19976,0.56274784,0.30092168
32.97000002861023,71.179756,0.56274784,0.30214247
32.97999835014343,71.21576,0.56274784,0.30336323
32.9900004863739,71.22776,0.56274784,0.30458403
32.999998807907104,71.23975,0.56274784,0.3058048
33.01000094413757,71.28375,0.56274784,0.30702558
33.019999265670776,71.28776,0.56274784,0.30824634
33.030001401901245,71.23975,0.56274784,0.30946714
33.03999972343445,71.179756,0.56274784,0.3106879
33.05000185966492,71.14375,0.56274784,0.3119087
33.06000018119812,71.10376,0.56274784,0.31312945
33.06999850273132,71.10376,0.56274784,0.31435025
33.08000063896179,71.14375,0.56274784,0.315571
33.089998960494995,71.18776,0.56274784,0.3167918
33.100001096725464,71.211754,0.56274784,0.3167918
33.10999941825867,71.183754,0.56274784,0.31923336
33.120001554489136,71.16376,0.56274784,0.31923336
33.12999987602234,71.10776,0.56274784,0.3216749
33.13999819755554,71.05176,0.56274784,0.3216749
33.15000033378601,71.04376,0.56274784,0.32289568
33.159998655319214,71.05976,0.56274784,0.32411647
33.17000079154968,71.055756,0.56274784,0.32533723
33.179999113082886,71.10376,0.56274784,0.32655802
33.190001249313354,71.12776,0.56274784,0.3277788
33.19999957084656,71.12376,0.56274784,0.32899958
33.210001707077026,71.07976,0.56274784,0.33022034
33.22000002861023,71.04776,0.56281525,0.33144113
33.22999835014343,71.01576,0.56281525,0.33144113
33.2400004863739,70.95576,0.5628826,0.3326619
33.249998807907104,70.99175,0.5628826,0.3338827
33.26000094413757,71.03175,0.5628826,0.33510345
33.269999265670776,71.071754,0.56294996,0.33510345
33.280001401901245,71.111755,0.5632194,0.33510345
33.28999972343445,71.17175,0.56348896,0.3338827
33.30000185966492,71.19976,0.56375843,0.3338827
33.31000018119812,71.23975,0.5641627,0.33144113
33.31999850273132,71.319756,0.56490374,0.32899958
33.33000063896179,71.49176,0.5658469,0.32289568
33.339998960494995,71.73975,0.567127,0.315571
33.350001096725464,72.055756,0.5685417,0.30702558
33.35999941825867,72.30376,0.5693502,0.30214247
33.370001554489136,72.363754,0.56948495,0.30214247
33.37999987602234,72.335754,0.5695523,0.30336323
33.38999819755554,72.319756,0.5695523,0.30336323
33.40000033378601,72.319756,0.5695523,0.30458403
33.409998655319214,72.31576,0.5695523,0.3058048
33.42000079154968,72.34376,0.56961966,0.30702558
33.429999113082886,72.40775,0.56968707,0.30702558
33.440001249313354,72.41175,0.5698218,0.30702558
33.44999957084656,72.41175,0.5698892,0.30824634
33.460001707077026,72.391754,0.56995654,0.30946714
33.47000002861023,72.32375,0.57002395,0.30946714
33.47999835014343,72.28775,0.57009125,0.3106879
33.4900004863739,72.33975,0.57029337,0.3106879
33.499998807907104,72.43975,0.5705629,0.30946714
33.51000094413757,72.55175,0.5710345,0.30824634
33.519999265670776,72.66375,0.57164085,0.30458403
33.530001401901245,72.83975,0.57244927,0.29970092
33.53999972343445,73.02775,0.57339245,0.2948178
33.55000185966492,73.139755,0.5742009,0.2899347
33.56000018119812,73.17575,0.574403,0.2899347
33.56999850273132,73.15175,0.574403,0.29115546
33.58000063896179,73.10775,0.57447034,0.29237625
33.589998960494995,73.13175,0.57447034,0.29237625
33.600001096725464,73.22775,0.57447034,0.293597
33.60999941825867,73.267746,0.57447034,0.2948178
33.620001554489136,73.29575,0.57447034,0.29603857
33.62999987602234,73.28775,0.57447034,0.29725936
33.63999819755554,73.22375,0.57447034,0.29848012
33.65000033378601,73.13175,0.57447034,0.29970092
33.659998655319214,73.043755,0.57447034,0.30092168
33.67000079154968,73.03975,0.57447034,0.30214247
33.679999113082886,73.04775,0.57453775,0.30336323
33.690001249313354,73.10775,0.57453775,0.30336323
33.69999957084656,73.19175,0.57453775,0.3058048
33.710001707077026,73.20775,0.57453775,0.3058048
33.72000002861023,73.17175,0.5746051,0.30702558
33.72999835014343,73.13175,0.5746051,0.30824634
33.7400004863739,73.05175,0.5746725,0.30946714
33.749998807907104,72.99175,0.5746725,0.30946714
33.76000094413757,72.97975,0.5746725,0.3119087
33.769999265670776,73.01175,0.5746725,0.3119087
33.780001401901245,73.06775,0.5746725,0.31312945
33.78999972343445,73.09175,0.5747399,0.31435025
33.80000185966492,73.13175,0.5747399,0.315571
33.81000018119812,73.17175,0.5748073,0.315571
33.81999850273132,73.10775,0.57494193,0.315571
33.83000063896179,73.05975,0.57500935,0.3167918
33.839998960494995,73.01575,0.5750767,0.3167918
33.850001096725464,73.01175,0.57521147,0.31801257
33.85999941825867,73.03575,0.57534623,0.31801257
33.870001554489136,73.11575,0.5754135,0.31923336
33.87999987602234,73.20775,0.5755483,0.31923336
33.88999819755554,73.23175,0.5757504,0.31923336
33.90000033378601,73.29975,0.5760199,0.31801257
33.909998655319214,73.35175,0.5764915,0.315571
33.92000079154968,73.41575,0.57709783,0.31312945
33.929999113082886,73.47975,0.57777154,0.30946714
33.940001249313354,73.62775,0.57857996,0.30458403
33.94999957084656,73.839745,0.57959056,0.29970092
33.960001707077026,74.059746,0.58053374,0.293597
33.97000002861023,74.239746,0.58107275,0.29115546
33.97999835014343,74.31574,0.5811401,0.29115546
33.9900004863739,74.295746,0.5811401,0.29237625
33.999998807907104,74.25175,0.5811401,0.293597
34.01000094413757,74.25975,0.5811401,0.2948178
34.019999265670776,74.239746,0.5811401,0.29603857
34.030001401901245,74.20374,0.58120745,0.29725936
34.03999972343445,74.215744,0.58120745,0.29848012
34.05000185966492,74.24775,0.58120745,0.29970092
34.06000018119812,74.243744,0.58120745,0.30092168
34.06999850273132,74.22375,0.5812748,0.30092168
34.08000063896179,74.215744,0.5812748,0.30214247
34.089998960494995,74.18375,0.5812748,0.30336323
34.100001096725464,74.15575,0.5814096,0.30336323
34.10999941825867,74.15975,0.5814096,0.30458403
34.120001554489136,74.199745,0.5814769,0.3058048
34.12999987602234,74.19575,0.58154434,0.3058048
34.13999819755554,74.199745,0.58154434,0.30702558
34.15000033378601,74.21975,0.58154434,0.30824634
34.159998655319214,74.21175,0.58154434,0.30946714
34.17000079154968,74.16775,0.58154434,0.3106879
34.179999113082886,74.17574,0.5816117,0.3119087
34.190001249313354,74.17975,0.58167905,0.3119087
34.19999957084656,74.15975,0.58167905,0.31312945
34.210001707077026,74.15575,0.5817464,0.31435025
34.22000002861023,74.19175,0.58188117,0.31435025
34.22999835014343,74.215744,0.58201593,0.31435025
34.2400004863739,74.20775,0.5820833,0.315571
34.249998807907104,74.243744,0.58221805,0.315571
34.26000094413757,74.25175,0.58228534,0.315571
34.269999265670776,74.23575,0.5824201,0.3167918
34.280001401901245,74.27575,0.58262223,0.315571
34.28999972343445,74.311745,0.5828917,0.315571
34.30000185966492,74.36375,0.5832286,0.31435025
34.31000018119812,74.43175,0.5835654,0.31312945
34.31999850273132,74.531746,0.584037,0.3106879
34.33000063896179,74.65575,0.584576,0.30824634
34.339998960494995,74.743744,0.5851823,0.3058048
34.350001096725464,74.88374,0.5858561,0.30092168
34.35999941825867,75.059746,0.5866645,0.29725936
34.370001554489136,75.13574,0.58720344,0.2948178
34.37999987602234,75.19575,0.58740556,0.2948178
34.38999819755554,75.21175,0.587473,0.2948178
34.40000033378601,75.22374,0.587473,0.29603857
34.409998655319214,75.19575,0.587473,0.29725936
34.42000079154968,75.239746,0.587473,0.29848012
34.429999113082886,75.25174,0.587473,0.29970092
34.440001249313354,75.22374,0.587473,0.30092168
34.44999957084656,75.21175,0.587473,0.30214247
34.460001707077026,75.19575,0.587473,0.30336323
34.47000002861023,75.16775,0.587473,0.30458403
34.47999835014343,75.12375,0.587473,0.3058048
34.4900004863739,75.11174,0.587473,0.30702558
34.499998807907104,75.115746,0.587473,0.30824634
34.51000094413757,75.131744,0.587473,0.30946714
34.519999265670776,75.14774,0.587473,0.3106879
34.530001401901245,75.16775,0.587473,0.3119087
34.53999972343445,75.12775,0.587473,0.3119087
34.55000185966492,75.08375,0.587473,0.31312945
34.56000018119812,75.06774,0.587473,0.31435025
34.56999850273132,75.06374,0.587473,0.315571
34.58000063896179,75.04375,0.587473,0.3167918
34.589998960494995,75.03574,0.587473,0.31801257
34.600001096725464,75.05575,0.587473,0.31923336
34.60999941825867,75.059746,0.587473,0.32045412
34.620001554489136,75.059746,0.587473,0.3216749
34.62999987602234,75.059746,0.587473,0.32289568
34.63999819755554,75.03974,0.587473,0.32411647
34.65000033378601,74.98375,0.587473,0.32533723
34.659998655319214,74.94775,0.5875403,0.32533723
34.67000079154968,74.96774,0.5876076,0.32655802
34.679999113082886,74.975746,0.58767503,0.32655802
34.690001249313354,74.991745,0.58767503,0.32899958
34.69999957084656,75.02374,0.58767503,0.32899958
34.710001707077026,75.02374,0.58767503,0.33144113
34.72000002861023,74.98375,0.58767503,0.33144113
34.72999835014343,74.979744,0.5877424,0.3326619
34.7400004863739,74.97174,0.5878098,0.3326619
34.749998807907104,74.98375,0.58794457,0.3326619
34.76000094413757,74.99574,0.5881466,0.3326619
34.769999265670776,75.05575,0.58834875,0.3326619
34.780001401901245,75.11174,0.5886183,0.3326619
34.78999972343445,75.171745,0.5888877,0.33144113
34.80000185966492,75.25974,0.58929193,0.33022034
34.81000018119812,75.36374,0.5898309,0.32655802
34.81999850273132,75.47174,0.590572,0.32289568
34.83000063896179,75.643745,0.59158254,0.31801257
34.839998960494995,75.87174,0.59259313,0.3119087
34.850001096725464,76.03574,0.59340155,0.30702558
34.85999941825867,76.103745,0.59373844,0.3058048
34.870001554489136,76.13974,0.5938058,0.30702558
34.87999987602234,76.13574,0.5938058,0.30824634
34.88999819755554,76.131744,0.5938058,0.30946714
34.90000033378601,76.15174,0.5938058,0.3106879
34.909998655319214,76.19574,0.5938058,0.3119087
34.92000079154968,76.19974,0.5938058,0.3119087
34.929999113082886,76.17974,0.5938732,0.31312945
34.940001249313354,76.13574,0.5938732,0.31435025
34.94999957084656,76.11174,0.5938732,0.315571
34.960001707077026,76.05574,0.5938732,0.3167918
34.97000002861023,76.04374,0.5938732,0.31801257
34.97999835014343,76.06774,0.5938732,0.31923336
34.9900004863739,76.075745,0.5938732,0.32045412
34.999998807907104,76.07974,0.5938732,0.3216749
35.01000094413757,76.103745,0.5938732,0.32289568
35.019999265670776,76.11574,0.5938732,0.32289568
35.030001401901245,76.05974,0.5938732,0.32533723
35.03999972343445,76.00774,0.5938732,0.32533723
35.05000185966492,75.99974,0.5938732,0.32655802
35.06000018119812,75.963745,0.5938732,0.3277788
35.06999850273132,75.94774,0.5938732,0.32899958
35.08000063896179,75.99974,0.5938732,0.33022034
35.089998960494995,76.01974,0.5938732,0.33144113
35.100001096725464,76.00774,0.5938732,0.3326619
35.10999941825867,76.01974,0.5938732,0.3338827
35.120001554489136,75.991745,0.5938732,0.33510345
35.12999987602234,75.95975,0.5938732,0.33632424
35.13999819755554,75.90374,0.5939405,0.33632424
35.15000033378601,75.91975,0.59407526,0.33632424
35.159998655319214,75.97174,0.5943448,0.33632424
35.17000079154968,76.03574,0.5946142,0.33510345
35.179999113082886,76.15974,0.59501845,0.3338827
35.190001249313354,76.283745,0.5956248,0.33144113
35.19999957084656,76.38774,0.5964333,0.32655802
35.210001707077026,76.59574,0.5974438,0.3216749
35.22000002861023,76.76774,0.59845436,0.315571
35.22999835014343,76.955734,0.59939754,0.30946714
35.2400004863739,77.08374,0.6000039,0.30702558
35.249998807907104,77.163734,0.60027343,0.3058048
35.26000094413757,77.19974,0.6003407,0.30702558
35.269999265670776,77.21574,0.6003407,0.30702558
35.280001401901245,77.22374,0.6003407,0.30946714
35.28999972343445,77.26374,0.6003407,0.30946714
35.30000185966492,77.26774,0.6004081,0.3106879
35.31000018119812,77.23974,0.6004755,0.3119087
35.31999850273132,77.23974,0.6004755,0.3119087
35.33000063896179,77.20773,0.60054284,0.31312945
35.339998960494995,77.13974,0.60061026,0.31312945
35.350001096725464,77.163734,0.6006776,0.31435025
35.35999941825867,77.19974,0.600745,0.315571
35.370001554489136,77.23573,0.60087967,0.315571
35.37999987602234,77.26774,0.6009471,0.315571
35.38999819755554,77.299736,0.60108185,0.3167918
35.40000033378601,77.33574,0.60135126,0.315571
35.409998655319214,77.37574,0.6018229,0.31435025
35.42000079154968,77.43574,0.6022945,0.3119087
35.429999113082886,77.54774,0.6028335,0.30946714
35.440001249313354,77.63973,0.6034398,0.3058048
35.44999957084656,77.759735,0.6040461,0.30336323
35.460001707077026,77.91573,0.6047198,0.29970092
35.47000002861023,78.08373,0.6052588,0.29725936
35.47999835014343,78.14373,0.60559565,0.29603857
35.4900004863739,78.17973,0.60559565,0.29603857
35.499998807907104,78.14373,0.605663,0.29725936
35.51000094413757,78.12774,0.605663,0.29848012
35.519999265670776,78.091736,0.605663,0.29970092
35.530001401901245,78.119736,0.605663,0.30092168
35.53999972343445,78.11173,0.605663,0.30214247
35.55000185966492,78.11173,0.605663,0.30336323
35.56000018119812,78.107735,0.605663,0.30458403
35.56999850273132,78.11173,0.605663,0.3058048
35.58000063896179,78.08774,0.605663,0.30702558
35.589998960494995,78.04774,0.605663,0.30702558
35.600001096725464,78.03173,0.605663,0.30946714
35.60999941825867,77.99973,0.605663,0.30946714
35.620001554489136,77.98773,0.605663,0.3119087
35.62999987602234,78.00774,0.605663,0.3119087
35.63999819755554,78.023735,0.605663,0.31312945
35.65000033378601,78.01574,0.605663,0.31435025
35.659998655319214,77.99973,0.605663,0.315571
35.67000079154968,77.995735,0.605663,0.3167918
35.679999113082886,77.95174,0.605663,0.31801257
35.690001249313354,77.92373,0.605663,0.31923336
35.69999957084656,77.92373,0.605663,0.32045412
35.710001707077026,77.93173,0.605663,0.3216749
35.72000002861023,77.90373,0.605663,0.32289568
35.72999835014343,77.91573,0.605663,0.32411647
35.7400004863739,77.955734,0.605663,0.32533723
35.749998807907104,77.91973,0.605663,0.32655802
35.76000094413757,77.90774,0.605663,0.32655802
35.769999265670776,77.89574,0.6057304,0.3277788
35.780001401901245,77.86774,0.6057304,0.32899958
35.78999972343445,77.83173,0.60579777,0.33022034
35.80000185966492,77.855736,0.60593253,0.33022034
35.81000018119812,77.91573,0.6059999,0.33144113
35.81999850273132,77.91973,0.6060673,0.33144113
35.83000063896179,77.92373,0.606202,0.33144113
35.839998960494995,77.95174,0.6063367,0.33144113
35.850001096725464,77.97574,0.6064041,0.3326619
35.85999941825867,77.955734,0.6065389,0.3326619
35.870001554489136,77.97173,0.60660625,0.3326619
35.87999987602234,77.97574,0.6066736,0.3338827
35.88999819755554,77.97574,0.6066736,0.33510345
35.90000033378601,77.96373,0.60674095,0.33632424
35.909998655319214,78.01574,0.6068757,0.33632424
35.92000079154968,78.063736,0.6070105,0.33632424
35.929999113082886,78.06773,0.6071452,0.33632424
35.940001249313354,78.091736,0.6073473,0.33632424
35.94999957084656,78.11573,0.6075494,0.33632424
35.960001707077026,78.13973,0.60788625,0.33510345
35.97000002861023,78.21173,0.6082905,0.3326619
35.97999835014343,78.343735,0.60882944,0.33144113
35.9900004863739,78.47974,0.60950315,0.32655802
35.999998807907104,78.59973,0.6102443,0.32289568
36.01000094413757,78.771736,0.6109853,0.31923336
36.019999265670776,78.90373,0.6115243,0.3167918
36.030001401901245,78.97173,0.6117938,0.315571
36.03999972343445,78.97173,0.61186117,0.3167918
36.05000185966492,78.94774,0.61186117,0.31801257
36.06000018119812,78.93573,0.61186117,0.31923336
36.06999850273132,78.94373,0.6119285,0.31923336
36.08000063896179,78.983734,0.6119285,0.32045412
36.089998960494995,79.011734,0.6119285,0.3216749
36.100001096725464,78.99973,0.6119285,0.32289568
36.10999941825867,78.96373,0.6119285,0.32411647
36.120001554489136,78.94774,0.6119959,0.32533723
36.12999987602234,78.90774,0.6120632,0.32655802
36.13999819755554,78.87974,0.6120632,0.32655802
36.15000033378601,78.89973,0.6120632,0.3277788
36.159998655319214,78.91173,0.61213064,0.32899958
36.17000079154968,78.94373,0.612198,0.32899958
36.179999113082886,78.95973,0.61226535,0.33022034
36.190001249313354,78.97173,0.61226535,0.33144113
36.19999957084656,78.96373,0.61226535,0.3326619
36.210001707077026,78.90373,0.61233276,0.3326619
36.22000002861023,78.90774,0.6124675,0.3326619
36.22999835014343,78.93973,0.61260223,0.3338827
36.2400004863739,78.93173,0.61280435,0.3326619
36.249998807907104,79.00373,0.6130065,0.3326619
36.26000094413757,79.079735,0.6131412,0.3326619
36.269999265670776,79.10373,0.6133433,0.3326619
36.280001401901245,79.12773,0.61354536,0.3326619
36.28999972343445,79.17973,0.6138149,0.33144113
36.30000185966492,79.22773,0.6141517,0.33144113
36.31000018119812,79.26373,0.6144886,0.32899958
36.31999850273132,79.32373,0.6149602,0.3277788
36.33000063896179,79.46773,0.61556655,0.32411647
36.339998960494995,79.599724,0.6163076,0.3216749
36.350001096725464,79.77172,0.6169813,0.3167918
36.35999941825867,79.91972,0.6175203,0.31435025
36.370001554489136,79.987724,0.61778975,0.31312945
36.37999987602234,79.97573,0.6178571,0.31435025
36.38999819755554,79.94772,0.6178571,0.315571
36.40000033378601,79.943726,0.6178571,0.3167918
36.409998655319214,79.91573,0.6178571,0.31801257
36.42000079154968,79.94772,0.6179245,0.31923336
36.429999113082886,79.97573,0.6179245,0.31923336
36.440001249313354,79.97573,0.6179245,0.3216749
36.44999957084656,79.943726,0.6179245,0.3216749
36.460001707077026,79.943726,0.6179245,0.32289568
36.47000002861023,79.91173,0.6179245,0.32411647
36.47999835014343,79.86372,0.6179245,0.32533723
36.4900004863739,79.85172,0.6179245,0.32655802
36.499998807907104,79.87173,0.6179245,0.3277788
36.51000094413757,79.86773,0.61799186,0.32899958
36.519999265670776,79.88373,0.61799186,0.32899958
36.530001401901245,79.93573,0.6180593,0.33022034
36.53999972343445,79.927734,0.61812663,0.33144113
36.55000185966492,79.87573,0.61812663,0.3326619
36.56000018119812,79.83972,0.618194,0.3326619
36.56999850273132,79.831726,0.618194,0.3338827
36.58000063896179,79.81973,0.6182614,0.33510345
36.589998960494995,79.82773,0.6183287,0.33510345
36.600001096725464,79.86773,0.6183961,0.33632424
36.60999941825867,79.88773,0.6183961,0.337545
36.620001554489136,79.903725,0.61853087,0.337545
36.62999987602234,79.93973,0.61880034,0.33632424
36.63999819755554,80.00373,0.61913717,0.33632424
36.65000033378601,80.04773,0.6195414,0.3338827
36.659998655319214,80.12773,0.62014776,0.33144113
36.67000079154968,80.27173,0.6208888,0.32655802
36.679999113082886,80.45172,0.62176466,0.32289568
36.690001249313354,80.68373,0.6228426,0.315571
36.69999957084656,80.95172,0.62405527,0.30824634
36.710001707077026,81.21172,0.62520057,0.30214247
36.72000002861023,81.35572,0.6258742,0.29848012
36.72999835014343,81.43572,0.6263458,0.29603857
36.7400004863739,81.49972,0.6267501,0.2948178
36.749998807907104,81.56772,0.6272217,0.29237625
36.76000094413757,81.67572,0.62782806,0.2899347
36.769999265670776,81.83172,0.6285017,0.28627235
36.780001401901245,82.01173,0.6291754,0.28261003
36.78999972343445,82.167725,0.62998384,0.27772692
36.80000185966492,82.35172,0.6307923,0.27406457
36.81000018119812,82.44772,0.6312639,0.27162302
36.81999850273132,82.43572,0.63146603,0.27162302
36.83000063896179,82.38372,0.63146603,0.27162302
36.839998960494995,82.39172,0.63153344,0.2728438
36.850001096725464,82.40372,0.63153344,0.27406457
36.85999941825867,82.42772,0.63153344,0.27528536
36.870001554489136,82.47572,0.63153344,0.27650613
36.87999987602234,82.49972,0.63153344,0.27772692
36.88999819755554,82.44372,0.63160074,0.27772692
36.90000033378601,82.39572,0.63160074,0.27894768
36.909998655319214,82.35572,0.63160074,0.28016847
36.92000079154968,82.32772,0.63160074,0.28138924
36.929999113082886,82.28372,0.63166815,0.28261003
36.940001249313354,82.29172,0.63166815,0.2838308
36.94999957084656,82.31972,0.63166815,0.28505158
36.960001707077026,82.35972,0.63166815,0.28627235
36.97000002861023,82.36772,0.63166815,0.28749314
36.97999835014343,82.35972,0.63166815,0.28749314
36.9900004863739,82.33172,0.63166815,0.2899347
36.999998807907104,82.24772,0.63166815,0.2899347
37.01000094413757,82.19172,0.63166815,0.29115546
37.019999265670776,82.19172,0.63166815,0.29237625
37.030001401901245,82.18771,0.63166815,0.293597
37.03999972343445,82.21172,0.63166815,0.2948178
37.05000185966492,82.25972,0.63166815,0.29603857
37.06000018119812,82.25972,0.63166815,0.29725936
37.06999850273132,82.239716,0.63166815,0.29848012
37.08000063896179,82.20372,0.63166815,0.29970092
37.089998960494995,82.167725,0.63166815,0.30092168
37.100001096725464,82.11971,0.63166815,0.30214247
37.10999941825867,82.07972,0.63166815,0.30336323
37.120001554489136,82.10372,0.63166815,0.30458403
37.12999987602234,82.12772,0.6317355,0.30458403
37.13999819755554,82.15172,0.6317355,0.3058048
37.15000033378601,82.19172,0.63180286,0.30702558
37.159998655319214,82.21172,0.6319376,0.30702558
37.17000079154968,82.15971,0.6320724,0.30702558
37.179999113082886,82.13172,0.6322071,0.30702558
37.190001249313354,82.13572,0.63234186,0.30702558
37.19999957084656,82.15172,0.6324766,0.30824634
37.210001707077026,82.195724,0.63274604,0.30702558
37.22000002861023,82.27972,0.6329482,0.30702558
37.22999835014343,82.38372,0.63328505,0.3058048
37.2400004863739,82.45572,0.6336892,0.30336323
37.249998807907104,82.57172,0.6342282,0.30092168
37.26000094413757,82.66772,0.6348345,0.29848012
37.269999265670776,82.76772,0.63557565,0.2948178
37.280001401901245,82.88772,0.6364515,0.2899347
37.28999972343445,83.06772,0.63719255,0.28627235
37.30000185966492,83.171715,0.6375968,0.2838308
37.31000018119812,83.20771,0.6375968,0.28505158
37.31999850273132,83.23172,0.6375968,0.28627235
37.33000063896179,83.25972,0.63766414,0.28749314
37.339998960494995,83.26372,0.63766414,0.28749314
37.350001096725464,83.24372,0.63766414,0.2899347
37.35999941825867,83.227715,0.63766414,0.2899347
37.370001554489136,83.199715,0.63766414,0.29115546
37.37999987602234,83.14772,0.63766414,0.29237625
37.38999819755554,83.11971,0.63766414,0.293597
37.40000033378601,83.13972,0.63766414,0.2948178
37.409998655319214,83.103714,0.63773155,0.29603857
37.42000079154968,83.13572,0.63773155,0.29725936
37.429999113082886,83.18771,0.6377989,0.29725936
37.440001249313354,83.183716,0.6377989,0.29848012
37.44999957084656,83.13572,0.6377989,0.29970092
37.460001707077026,83.099724,0.63786626,0.30092168
37.47000002861023,83.08772,0.6379336,0.30092168
37.47999835014343,83.075714,0.63800097,0.30214247
37.4900004863739,83.08372,0.6380684,0.30214247
37.499998807907104,83.131714,0.63813573,0.30336323
37.51000094413757,83.143715,0.6382705,0.30336323
37.519999265670776,83.143715,0.6382705,0.30458403
37.530001401901245,83.16372,0.6382705,0.3058048
37.53999972343445,83.16771,0.63833785,0.30702558
37.55000185966492,83.115715,0.63833785,0.30702558
37.56000018119812,83.115715,0.63833785,0.30946714
37.56999850273132,83.09171,0.63833785,0.30946714
37.58000063896179,83.07172,0.63840526,0.3106879
37.589998960494995,83.07172,0.63840526,0.3119087
37.600001096725464,83.12372,0.63840526,0.31312945
37.60999941825867,83.143715,0.63847256,0.31312945
37.620001554489136,83.10772,0.63847256,0.31435025
37.62999987602234,83.10772,0.6386073,0.315571
37.63999819755554,83.12372,0.63880944,0.31435025
37.65000033378601,83.127716,0.6390115,0.31435025
37.659998655319214,83.15971,0.63928103,0.31312945
37.67000079154968,83.24372,0.6396853,0.3119087
37.679999113082886,83.379715,0.6402916,0.30946714
37.690001249313354,83.50771,0.6410327,0.3058048
37.69999957084656,83.71972,0.6419085,0.30092168
37.710001707077026,83.93172,0.6427843,0.29603857
37.72000002861023,84.059715,0.6435254,0.29115546
37.72999835014343,84.09971,0.64372754,0.29115546
37.7400004863739,84.09971,0.64372754,0.29237625
37.749998807907104,84.06772,0.64372754,0.293597
37.76000094413757,84.05171,0.64372754,0.2948178
37.769999265670776,84.10772,0.64372754,0.29603857
37.780001401901245,84.143715,0.64372754,0.29725936
37.78999972343445,84.15171,0.64372754,0.29725936
37.80000185966492,84.11971,0.64372754,0.29970092
37.81000018119812,84.10772,0.64372754,0.29970092
37.81999850273132,84.05572,0.64372754,0.30092168
37.83000063896179,83.98772,0.64372754,0.30214247
37.839998960494995,83.96771,0.64372754,0.30336323
37.850001096725464,83.96371,0.64372754,0.30458403
37.85999941825867,83.975716,0.64372754,0.3058048
37.870001554489136,84.01172,0.64372754,0.30702558
37.87999987602234,84.05572,0.64372754,0.30824634
37.88999819755554,84.04371,0.64372754,0.30946714
37.90000033378601,83.97971,0.64379483,0.3106879
37.909998655319214,83.93172,0.64379483,0.3119087
37.92000079154968,83.89971,0.64379483,0.31312945
37.929999113082886,83.87171,0.64379483,0.31312945
37.940001249313354,83.879715,0.64379483,0.315571
37.94999957084656,83.92771,0.64379483,0.315571
37.960001707077026,83.935715,0.64386225,0.3167918
37.97000002861023,83.935715,0.64386225,0.31801257
37.97999835014343,83.95171,0.64386225,0.31923336
37.9900004863739,83.947716,0.6439296,0.31923336
37.999998807907104,83.89971,0.643997,0.32045412
38.01000094413757,83.863716,0.64406437,0.3216749
38.019999265670776,83.863716,0.64419913,0.3216749
38.030001401901245,83.891716,0.6442665,0.3216749
38.03999972343445,83.92771,0.64433384,0.32289568
38.05000185966492,83.99171,0.6444686,0.32289568
38.06000018119812,84.03171,0.6446033,0.32289568
38.06999850273132,84.00771,0.6446707,0.32411647
38.08000063896179,84.00771,0.6448055,0.32411647
38.089998960494995,84.01172,0.64500755,0.32411647
38.100001096725464,84.019714,0.64520967,0.32289568
38.10999941825867,84.047714,0.64547914,0.32289568
38.120001554489136,84.143715,0.6458833,0.3216749
38.12999987602234,84.29172,0.6464897,0.31923336
38.13999819755554,84.41171,0.6471634,0.315571
38.15000033378601,84.59171,0.64783716,0.3119087
38.159998655319214,84.767715,0.6485109,0.30702558
38.17000079154968,84.87971,0.6491172,0.30458403
38.179999113082886,84.923706,0.64958876,0.30214247
38.190001249313354,84.96771,0.64985824,0.30092168
38.19999957084656,84.98771,0.64985824,0.30336323
38.210001707077026,84.98771,0.64992565,0.30336323
38.22000002861023,85.019714,0.64992565,0.30458403
38.22999835014343,85.059715,0.64992565,0.3058048
38.2400004863739,85.07171,0.649993,0.30702558
38.249998807907104,85.059715,0.649993,0.30702558
38.26000094413757,85.0397,0.65006036,0.30824634
38.269999265670776,84.99571,0.65006036,0.30946714
38.280001401901245,84.94771,0.65006036,0.3106879
38.28999972343445,84.92771,0.6501277,0.3119087
38.30000185966492,84.94771,0.6502625,0.3119087
38.31000018119812,84.9717,0.6502625,0.31312945
38.31999850273132,85.00371,0.6503298,0.31312945
38.33000063896179,85.08371,0.6504646,0.31312945
38.339998960494995,85.103714,0.65053195,0.31435025
38.350001096725464,85.059715,0.65059936,0.315571
38.35999941825867,85.03171,0.65073407,0.315571
38.370001554489136,85.0117,0.65086883,0.315571
38.37999987602234,85.00371,0.6509362,0.315571
38.38999819755554,85.01571,0.6509362,0.3167918
38.40000033378601,85.059715,0.65100354,0.31801257
38.409998655319214,85.079704,0.65100354,0.31923336
38.42000079154968,85.09571,0.65107095,0.31923336
38.429999113082886,85.12371,0.65120566,0.32045412
38.440001249313354,85.143715,0.651273,0.32045412
38.44999957084656,85.09971,0.65134037,0.3216749
38.460001707077026,85.079704,0.65154254,0.3216749
38.47000002861023,85.115715,0.65181196,0.32045412
38.47999835014343,85.16771,0.6520815,0.31923336
38.4900004863739,85.22372,0.65235096,0.31923336
38.499998807907104,85.35171,0.6527552,0.31801257
38.51000094413757,85.46371,0.653092,0.3167918
38.519999265670776,85.51971,0.6534289,0.315571
38.530001401901245,85.56371,0.6537658,0.31435025
38.53999972343445,85.60371,0.6541026,0.31312945
38.55000185966492,85.6517,0.6545068,0.3106879
38.56000018119812,85.6917,0.65491104,0.30946714
38.56999850273132,85.8077,0.6553827,0.30702558
38.58000063896179,85.9157,0.6557195,0.3058048
38.589998960494995,85.9717,0.65592164,0.3058048
38.600001096725464,86.00371,0.655989,0.30702558
38.60999941825867,86.02771,0.655989,0.30702558
38.620001554489136,86.01571,0.65605634,0.30824634
38.62999987602234,85.9557,0.65605634,0.30946714
38.63999819755554,85.95971,0.65605634,0.3106879
38.65000033378601,85.927704,0.65605634,0.3119087
38.659998655319214,85.923706,0.6561237,0.31312945
38.67000079154968,85.927704,0.6561237,0.31312945
38.679999113082886,85.967705,0.6561237,0.315571
38.690001249313354,85.9437,0.6561237,0.315571
38.69999957084656,85.927704,0.6561911,0.3167918
38.710001707077026,85.91971,0.6561911,0.31801257
38.72000002861023,85.9157,0.65625846,0.31923336
38.72999835014343,85.89171,0.65625846,0.31923336
38.7400004863739,85.86371,0.65625846,0.32045412
38.749998807907104,85.87171,0.65625846,0.3216749
38.76000094413757,85.85971,0.6563259,0.32289568
38.769999265670776,85.86371,0.65639323,0.32289568
38.780001401901245,85.90771,0.6564606,0.32411647
38.78999972343445,85.91971,0.6564606,0.32533723
38.80000185966492,85.8877,0.65652794,0.32533723
38.81000018119812,85.895706,0.6566627,0.32655802
38.81999850273132,85.91171,0.6568648,0.32533723
38.83000063896179,85.927704,0.6570669,0.32533723
38.839998960494995,85.97571,0.65726906,0.32533723
38.850001096725464,86.035706,0.65740377,0.32533723
38.85999941825867,86.091705,0.65767324,0.32533723
38.870001554489136,86.11571,0.6580101,0.32411647
38.87999987602234,86.20371,0.65841436,0.3216749
38.88999819755554,86.343704,0.65902066,0.31923336
38.90000033378601,86.467705,0.6596944,0.315571
38.909998655319214,86.6037,0.66050285,0.3119087
38.92000079154968,86.7917,0.6613786,0.30702558
38.929999113082886,86.94771,0.66211975,0.30214247
38.940001249313354,87.0557,0.6626587,0.29970092
38.94999957084656,87.1237,0.6627261,0.29970092
38.960001707077026,87.1357,0.66279346,0.30092168
38.97000002861023,87.11571,0.66286075,0.30092168
38.97999835014343,87.1357,0.66292816,0.30214247
38.9900004863739,87.1757,0.6629955,0.30336323
38.999998807907104,87.1677,0.6629955,0.30458403
39.01000094413757,87.1517,0.66306293,0.30458403
39.019999265670776,87.13171,0.6631303,0.3058048
39.030001401901245,87.1397,0.6631977,0.3058048
39.03999972343445,87.10771,0.66326505,0.30702558
39.05000185966492,87.1117,0.66326505,0.30824634
39.06000018119812,87.1277,0.6633324,0.30946714
39.06999850273132,87.1477,0.66339976,0.30946714
39.08000063896179,87.163704,0.6634671,0.3106879
39.089998960494995,87.1877,0.6636019,0.3106879
39.100001096725464,87.1957,0.6636692,0.3119087
39.10999941825867,87.17171,0.663804,0.3119087
39.120001554489136,87.19971,0.66407347,0.3106879
39.12999987602234,87.2837,0.6644777,0.30946714
39.13999819755554,87.343704,0.66488194,0.30702558
39.15000033378601,87.43571,0.66535354,0.3058048
39.159998655319214,87.5477,0.6658925,0.30336323
39.17000079154968,87.6717,0.6664315,0.30092168
39.179999113082886,87.7877,0.66697043,0.29725936
39.190001249313354,87.911705,0.6675768,0.2948178
39.19999957084656,88.0557,0.66811574,0.29115546
39.210001707077026,88.0877,0.66852,0.2899347
39.22000002861023,88.11571,0.66872203,0.2899347
39.22999835014343,88.1517,0.6687894,0.29115546
39.2400004863739,88.1597,0.6688568,0.29115546
39.249998807907104,88.1517,0.6688568,0.29237625
39.26000094413757,88.1957,0.66892415,0.293597
39.269999265670776,88.1877,0.66892415,0.2948178
39.280001401901245,88.1717,0.66892415,0.29603857
39.28999972343445,88.1357,0.66892415,0.29725936
39.30000185966492,88.1317,0.66892415,0.29725936
39.31000018119812,88.1077,0.66892415,0.29970092
39.31999850273132,88.0437,0.66892415,0.29970092
39.33000063896179,88.0637,0.66892415,0.30092168
39.339998960494995,88.07571,0.66892415,0.30214247
39.350001096725464,88.0717,0.66892415,0.30336323
39.35999941825867,88.0597,0.66892415,0.30458403
39.370001554489136,88.0717,0.66892415,0.3058048
39.37999987602234,88.039696,0.66892415,0.30702558
39.38999819755554,87.999695,0.66892415,0.30824634
39.40000033378601,87.979706,0.66899157,0.30946714
39.409998655319214,87.967705,0.66899157,0.30946714
39.42000079154968,87.967705,0.6690589,0.3106879
39.429999113082886,87.9597,0.6690589,0.3119087
39.440001249313354,88.0037,0.6691936,0.3119087
39.44999957084656,88.0037,0.669261,0.31312945
39.460001707077026,87.967705,0.669261,0.31435025
39.47000002861023,87.967705,0.669261,0.315571
39.47999835014343,87.971695,0.6693284,0.3167918
39.4900004863739,87.9357,0.6693284,0.3167918
39.499998807907104,87.9157,0.6693284,0.31801257
39.51000094413757,87.9357,0.66939574,0.31923336
39.519999265670776,87.9557,0.6695305,0.31923336
39.530001401901245,87.979706,0.6696653,0.31923336
39.53999972343445,88.035706,0.66986734,0.31923336
39.55000185966492,88.0797,0.67006946,0.31923336
39.56000018119812,88.0797,0.6703389,0.31801257
39.56999850273132,88.1597,0.6708105,0.315571
39.58000063896179,88.2837,0.67134947,0.31312945
39.589998960494995,88.3837,0.6718885,0.3106879
39.600001096725464,88.4997,0.6724948,0.30824634
39.60999941825867,88.6717,0.6731011,0.30458403
39.620001554489136,88.82369,0.6739096,0.29970092
39.62999987602234,88.9637,0.67465067,0.29603857
39.63999819755554,89.0917,0.6750549,0.2948178
39.65000033378601,89.1237,0.67512226,0.29603857
39.659998655319214,89.09969,0.67512226,0.29603857
39.67000079154968,89.05969,0.6751896,0.29725936
39.679999113082886,89.0837,0.6751896,0.29848012
39.690001249313354,89.09969,0.6751896,0.29970092
39.69999957084656,89.1037,0.6751896,0.30092168
39.710001707077026,89.0917,0.6751896,0.30092168
39.72000002861023,89.09969,0.6751896,0.30336323
39.72999835014343,89.07169,0.6751896,0.30336323
39.7400004863739,89.0157,0.675257,0.30458403
39.749998807907104,89.011696,0.675257,0.3058048
39.76000094413757,88.9957,0.675257,0.30702558
39.769999265670776,88.983696,0.675257,0.30824634
39.780001401901245,88.999695,0.675257,0.30946714
39.78999972343445,89.00769,0.675257,0.3106879
39.80000185966492,89.0157,0.675257,0.3119087
39.81000018119812,88.9877,0.6753244,0.3119087
39.81999850273132,88.955696,0.6753244,0.31312945
39.83000063896179,88.9517,0.6753244,0.31435025
39.839998960494995,88.903694,0.6753918,0.315571
39.850001096725464,88.915695,0.67545915,0.315571
39.85999941825867,88.943695,0.67552656,0.3167918
39.870001554489136,88.9597,0.67559385,0.3167918
39.87999987602234,88.97969,0.6756612,0.31801257
39.88999819755554,88.9917,0.6757286,0.31923336
39.90000033378601,89.00769,0.6757286,0.31923336
39.909998655319214,88.9597,0.6757286,0.3216749
39.92000079154968,88.9517,0.675796,0.3216749
39.929999113082886,88.9517,0.67593074,0.3216749
39.940001249313354,88.955696,0.6760655,0.3216749
39.94999957084656,88.9917,0.6762002,0.32289568
39.960001707077026,89.0357,0.67640233,0.3216749
39.97000002861023,89.09969,0.6766718,0.3216749
39.97999835014343,89.1437,0.6769413,0.32045412
39.9900004863739,89.19169,0.6771434,0.32045412
39.999998807907104,89.2677,0.6774803,0.31923336
40.01000094413757,89.28369,0.67788446,0.31801257
40.019999265670776,89.37969,0.67835605,0.315571
40.030001401901245,89.50369,0.67889506,0.31312945
40.03999972343445,89.61569,0.67950135,0.3106879
40.05000185966492,89.75169,0.6801751,0.30702558
40.06000018119812,89.8797,0.6806467,0.30458403
40.06999850273132,89.94769,0.68084884,0.30458403
40.08000063896179,89.93969,0.68084884,0.3058048
40.089998960494995,89.93969,0.68091613,0.3058048
40.100001096725464,89.931694,0.68091613,0.30702558
40.10999941825867,89.931694,0.68091613,0.30824634
40.120001554489136,89.915695,0.68091613,0.30946714
40.12999987602234,89.94769,0.68098354,0.30946714
40.13999819755554,89.94769,0.68098354,0.3119087
40.15000033378601,89.9277,0.68098354,0.3119087
40.159998655319214,89.903694,0.6810509,0.31312945
40.17000079154968,89.8917,0.6810509,0.31435025
40.179999113082886,89.859695,0.6810509,0.315571
40.190001249313354,89.8397,0.68111825,0.315571
40.19999957084656,89.875694,0.681253,0.3167918
40.210001707077026,89.915695,0.6813204,0.3167918
40.22000002861023,89.915695,0.68145514,0.3167918
40.22999835014343,89.931694,0.6815225,0.31801257
40.2400004863739,89.931694,0.6815225,0.31923336
40.249998807907104,89.92369,0.68158984,0.31923336
40.26000094413757,89.915695,0.68165725,0.32045412
40.269999265670776,89.93969,0.681792,0.32045412
40.280001401901245,89.931694,0.681792,0.3216749
40.28999972343445,89.92369,0.6818594,0.32289568
40.30000185966492,89.93569,0.6818594,0.32289568
40.31000018119812,89.95169,0.6819267,0.32411647
40.31999850273132,89.94769,0.6819267,0.32533723
40.33000063896179,89.931694,0.6819267,0.32655802
40.339998960494995,89.91169,0.6819267,0.3277788
40.350001096725464,89.887695,0.6819941,0.32899958
40.35999941825867,89.875694,0.6819941,0.32899958
40.370001554489136,89.887695,0.68212885,0.33022034
40.37999987602234,89.90769,0.6821962,0.33022034
40.38999819755554,89.915695,0.6822636,0.33144113
40.40000033378601,89.915695,0.68233097,0.33144113
40.409998655319214,89.955696,0.6823983,0.3326619
40.42000079154968,89.955696,0.682533,0.3326619
40.429999113082886,89.94769,0.6826678,0.3326619
40.440001249313354,89.987686,0.6828699,0.3326619
40.44999957084656,90.039696,0.6832068,0.33144113
40.460001707077026,90.11569,0.6836783,0.32899958
40.47000002861023,90.235695,0.6842847,0.32655802
40.47999835014343,90.41569,0.6850258,0.32289568
40.4900004863739,90.62769,0.685969,0.3167918
40.499998807907104,90.78368,0.6869122,0.3119087
40.51000094413757,90.95169,0.6875185,0.30824634
40.519999265670776,90.99969,0.68765324,0.30946714
40.530001401901245,90.9677,0.68765324,0.30946714
40.53999972343445,90.95569,0.68765324,0.3119087
40.55000185966492,90.98369,0.68765324,0.3119087
40.56000018119812,90.99969,0.68765324,0.31312945
40.56999850273132,90.99569,0.68765324,0.31435025
40.58000063896179,90.99969,0.68765324,0.315571
40.589998960494995,90.99569,0.68765324,0.3167918
40.600001096725464,90.94369,0.68765324,0.31801257
40.60999941825867,90.91169,0.68765324,0.31923336
40.620001554489136,90.87969,0.68765324,0.32045412
40.62999987602234,90.847694,0.68772066,0.3216749
40.63999819755554,90.85569,0.68772066,0.32289568
40.65000033378601,90.90369,0.68778795,0.32289568
40.659998655319214,90.93569,0.68778795,0.32411647
40.67000079154968,90.919685,0.68778795,0.32533723
40.679999113082886,90.88369,0.68778795,0.32655802
40.690001249313354,90.87169,0.68785536,0.32655802
40.69999957084656,90.831696,0.68785536,0.3277788
40.710001707077026,90.79569,0.6879227,0.32899958
40.72000002861023,90.83569,0.68799007,0.32899958
40.72999835014343,90.85569,0.68812484,0.33022034
40.7400004863739,90.851685,0.68812484,0.33144113
40.749998807907104,90.891685,0.68812484,0.3326619
40.76000094413757,90.88369,0.68812484,0.3326619
40.769999265670776,90.87169,0.68812484,0.33510345
40.780001401901245,90.851685,0.68819225,0.33510345
40.78999972343445,90.859695,0.6883943,0.33510345
40.80000185966492,90.85569,0.6885291,0.33510345
40.81000018119812,90.851685,0.68866384,0.33510345
40.81999850273132,90.93569,0.68900067,0.3338827
40.83000063896179,91.05969,0.6895396,0.33144113
40.839998960494995,91.20369,0.69028074,0.3277788
40.850001096725464,91.431694,0.6913586,0.3216749
40.85999941825867,91.71969,0.6928408,0.31312945
40.870001554489136,92.05569,0.6943903,0.30336323
40.87999987602234,92.26769,0.69546825,0.29725936
40.88999819755554,92.45169,0.69627666,0.29237625
40.90000033378601,92.599686,0.69708514,0.28749314
40.909998655319214,92.78368,0.6980283,0.28261003
40.92000079154968,93.031685,0.6991736,0.27528536
40.929999113082886,93.35568,0.70031893,0.2679607
40.940001249313354,93.53968,0.70085794,0.2667399
40.94999957084656,93.57168,0.7009253,0.2667399
40.960001707077026,93.53568,0.7009253,0.2679607
40.97000002861023,93.49568,0.7009253,0.26918146
40.97999835014343,93.44368,0.7009253,0.27040225
40.9900004863739,93.423676,0.7009253,0.27162302
40.999998807907104,93.44368,0.7009253,0.2728438
41.01000094413757,93.43968,0.7009253,0.27406457
41.019999265670776,93.45969,0.70099264,0.27406457
41.030001401901245,93.47968,0.70099264,0.27528536
41.03999972343445,93.43968,0.70099264,0.27650613
41.05000185966492,93.37568,0.70099264,0.27772692
41.06000018119812,93.32768,0.70099264,0.27894768
41.06999850273132,93.29968,0.70106,0.28016847
41.08000063896179,93.295685,0.70106,0.28016847
41.089998960494995,93.28768,0.70106,0.28138924
41.100001096725464,93.34768,0.70106,0.28261003
41.10999941825867,93.33568,0.70106,0.2838308
41.120001554489136,93.31168,0.70106,0.28505158
41.12999987602234,93.29968,0.70106,0.28627235
41.13999819755554,93.26369,0.70106,0.28749314
41.15000033378601,93.20769,0.70106,0.2887139
41.159998655319214,93.17568,0.70106,0.2899347
41.17000079154968,93.183685,0.70112735,0.29115546
41.179999113082886,93.17568,0.70112735,0.29115546
41.190001249313354,93.19168,0.70112735,0.293597
41.19999957084656,93.23569,0.70112735,0.293597
41.210001707077026,93.22369,0.70112735,0.29603857
41.22000002861023,93.16769,0.70119476,0.29603857
41.22999835014343,93.16368,0.70119476,0.29725936
41.2400004863739,93.131676,0.70119476,0.29848012
41.249998807907104,93.10368,0.70119476,0.29970092
41.26000094413757,93.087685,0.70119476,0.30092168
41.269999265670776,93.11968,0.70119476,0.30092168
41.280001401901245,93.127686,0.7012621,0.30336323
41.28999972343445,93.10368,0.7012621,0.30336323
41.30000185966492,93.11169,0.7012621,0.30458403
41.31000018119812,93.11968,0.7012621,0.3058048
41.31999850273132,93.059685,0.7012621,0.30702558
41.33000063896179,93.019684,0.7012621,0.30824634
41.339998960494995,92.99968,0.7013295,0.30946714
41.350001096725464,93.00768,0.7013969,0.30946714
41.35999941825867,93.03568,0.7014643,0.3106879
41.370001554489136,93.087685,0.70159894,0.3106879
41.37999987602234,93.15168,0.7018011,0.3106879
41.38999819755554,93.183685,0.70213795,0.30946714
41.40000033378601,93.27168,0.7027443,0.30702558
41.409998655319214,93.40368,0.70348537,0.30214247
41.42000079154968,93.59168,0.7044959,0.29603857
41.429999113082886,93.779686,0.7057086,0.2899347
41.440001249313354,94.043686,0.7066518,0.2838308
41.44999957084656,94.15968,0.70698863,0.28261003
41.460001707077026,94.17568,0.70698863,0.2838308
41.47000002861023,94.19168,0.70698863,0.28505158
41.47999835014343,94.19968,0.70698863,0.28627235
41.4900004863739,94.20368,0.70698863,0.28749314
41.499998807907104,94.18768,0.70698863,0.28749314
41.51000094413757,94.17168,0.70698863,0.2899347
41.519999265670776,94.14768,0.70698863,0.2899347
41.530001401901245,94.11568,0.70698863,0.29115546
41.53999972343445,94.099686,0.70698863,0.29237625
41.55000185966492,94.09568,0.70698863,0.293597
41.56000018119812,94.063675,0.70698863,0.2948178
41.56999850273132,94.063675,0.70698863,0.29603857
41.58000063896179,94.07968,0.70698863,0.29725936
41.589998960494995,94.08768,0.707056,0.29848012
41.600001096725464,94.05168,0.707056,0.29970092
41.60999941825867,94.035675,0.707056,0.29970092
41.620001554489136,94.01568,0.707056,0.30092168
41.62999987602234,93.97168,0.707056,0.30214247
41.63999819755554,93.95968,0.707056,0.30336323
41.65000033378601,93.97968,0.707056,0.30458403
41.659998655319214,93.97968,0.707056,0.3058048
41.67000079154968,93.95968,0.707056,0.30702558
41.679999113082886,93.94368,0.707056,0.30824634
41.690001249313354,93.95567,0.707056,0.30946714
41.69999957084656,93.93968,0.707056,0.3106879
41.710001707077026,93.90368,0.707056,0.3119087
41.72000002861023,93.89168,0.7071234,0.31312945
41.72999835014343,93.87968,0.7071234,0.31312945
41.7400004863739,93.84368,0.7071234,0.315571
41.749998807907104,93.88368,0.70719075,0.315571
41.76000094413757,93.91168,0.70725816,0.3167918
41.769999265670776,93.93168,0.7073929,0.3167918
41.780001401901245,93.92368,0.7075276,0.3167918
41.78999972343445,93.93168,0.70772976,0.3167918
41.80000185966492,93.98768,0.7080666,0.315571
41.81000018119812,94.047676,0.7085382,0.31312945
41.81999850273132,94.18768,0.7091445,0.30946714
41.83000063896179,94.37968,0.71008766,0.30458403
41.839998960494995,94.60368,0.711233,0.29848012
41.850001096725464,94.84768,0.7123109,0.29237625
41.85999941825867,95.00367,0.7127825,0.2899347
41.870001554489136,95.03168,0.7127825,0.29115546
41.87999987602234,94.995674,0.7127825,0.29115546
41.88999819755554,94.98768,0.7127825,0.293597
41.90000033378601,94.99168,0.7127825,0.293597
41.909998655319214,94.99968,0.7127825,0.29603857
41.92000079154968,95.01567,0.7127825,0.29603857
41.929999113082886,95.03168,0.7127825,0.29725936
41.940001249313354,95.007675,0.7127825,0.29848012
41.94999957084656,94.95968,0.7127825,0.29970092
41.960001707077026,94.923676,0.7128499,0.30092168
41.97000002861023,94.87568,0.7128499,0.30214247
41.97999835014343,94.83167,0.7128499,0.30336323
41.9900004863739,94.86368,0.7128499,0.30458403
41.999998807907104,94.90368,0.7128499,0.3058048
42.01000094413757,94.89967,0.7128499,0.3058048
42.019999265670776,94.89967,0.7128499,0.30702558
42.030001401901245,94.89168,0.7128499,0.30824634
42.03999972343445,94.85568,0.71291727,0.30946714
42.05000185966492,94.79968,0.71291727,0.3106879
42.06000018119812,94.783676,0.71291727,0.3119087
42.06999850273132,94.77568,0.7129846,0.31312945
42.08000063896179,94.783676,0.7129846,0.31312945
42.089998960494995,94.78768,0.7129846,0.31435025
42.100001096725464,94.83167,0.71305203,0.315571
42.10999941825867,94.85168,0.71318674,0.315571
42.120001554489136,94.82368,0.71318674,0.3167918
42.12999987602234,94.80768,0.71318674,0.31801257
42.13999819755554,94.783676,0.7132541,0.31923336
42.15000033378601,94.74768,0.7132541,0.31923336
42.159998655319214,94.73168,0.7133215,0.32045412
42.17000079154968,94.771675,0.71338886,0.3216749
42.179999113082886,94.79167,0.7134562,0.3216749
42.190001249313354,94.80367,0.7135236,0.32289568
42.19999957084656,94.85568,0.7137257,0.3216749
42.210001707077026,94.91968,0.7139952,0.3216749
42.22000002861023,94.951675,0.7143994,0.31923336
42.22999835014343,95.035675,0.71507317,0.3167918
42.2400004863739,95.175674,0.71594894,0.3119087
42.249998807907104,95.38767,0.7169595,0.3058048
42.26000094413757,95.63567,0.7180374,0.29970092
42.269999265670776,95.87167,0.71891326,0.2948178
42.280001401901245,96.01567,0.71925014,0.293597
42.28999972343445,96.02367,0.7193175,0.293597
42.30000185966492,96.01167,0.7193175,0.2948178
42.31000018119812,95.98368,0.7193175,0.29603857
42.31999850273132,95.967674,0.7193175,0.29725936
42.33000063896179,95.967674,0.7193175,0.29848012
42.339998960494995,95.98368,0.7193175,0.29970092
42.350001096725464,95.97167,0.7193175,0.30092168
42.35999941825867,95.93567,0.7193175,0.30214247
42.370001554489136,95.923676,0.7193175,0.30336323
42.37999987602234,95.93167,0.7193175,0.30458403
42.38999819755554,95.87967,0.7193175,0.3058048
42.40000033378601,95.84367,0.7193175,0.30702558
42.409998655319214,95.84768,0.7193175,0.30702558
42.42000079154968,95.855675,0.7193175,0.30946714
42.429999113082886,95.84768,0.7193175,0.30946714
42.440001249313354,95.87167,0.7193175,0.3119087
42.44999957084656,95.883675,0.7193175,0.3119087
42.460001707077026,95.83167,0.7193175,0.31312945
42.47000002861023,95.783676,0.7193175,0.31435025
42.47999835014343,95.783676,0.7193175,0.315571
42.4900004863739,95.783676,0.71938485,0.3167918
42.499998807907104,95.76367,0.71938485,0.31801257
42.51000094413757,95.77167,0.71938485,0.31923336
42.519999265670776,95.76768,0.71945226,0.31923336
42.530001401901245,95.76367,0.7195196,0.32045412
42.53999972343445,95.76768,0.7195196,0.3216749
42.55000185966492,95.783676,0.71958697,0.3216749
42.56000018119812,95.76768,0.71958697,0.32289568
42.56999850273132,95.73167,0.7196543,0.32411647
42.58000063896179,95.72367,0.7196543,0.32533723
42.589998960494995,95.73968,0.7197891,0.32533723
42.600001096725464,95.77968,0.71992385,0.32533723
42.60999941825867,95.81167,0.7200586,0.32533723
42.620001554489136,95.86368,0.7202607,0.32533723
42.62999987602234,95.84768,0.72039545,0.32533723
42.63999819755554,95.87967,0.7207323,0.32533723
42.65000033378601,95.96368,0.7211365,0.32289568
42.659998655319214,96.07967,0.72167546,0.32045412
42.67000079154968,96.19568,0.72234917,0.3167918
42.679999113082886,96.37567,0.72315764,0.31312945
42.690001249313354,96.563675,0.7240334,0.30702558
42.69999957084656,96.75167,0.72490925,0.30214247
42.710001707077026,96.87967,0.7254482,0.29970092
42.72000002861023,96.93967,0.72558296,0.29970092
42.72999835014343,96.93167,0.72558296,0.30092168
42.7400004863739,96.87967,0.72565037,0.30214247
42.749998807907104,96.89167,0.72565037,0.30336323
42.76000094413757,96.91967,0.72565037,0.30458403
42.769999265670776,96.90767,0.72565037,0.3058048
42.780001401901245,96.915665,0.72565037,0.30702558
42.78999972343445,96.90767,0.72565037,0.30702558
42.80000185966492,96.87967,0.72565037,0.30946714
42.81000018119812,96.827675,0.72565037,0.30946714
42.81999850273132,96.80766,0.72565037,0.3119087
42.83000063896179,96.80766,0.72565037,0.3119087
42.839998960494995,96.79167,0.72565037,0.31312945
42.850001096725464,96.78367,0.72565037,0.31435025
42.85999941825867,96.79567,0.72565037,0.315571
42.870001554489136,96.79967,0.72565037,0.3167918
42.87999987602234,96.77968,0.72565037,0.31801257
42.88999819755554,96.76367,0.72565037,0.31923336
42.90000033378601,96.759674,0.72565037,0.32045412
42.909998655319214,96.70367,0.72565037,0.3216749
42.92000079154968,96.68767,0.72565037,0.32289568
42.929999113082886,96.69567,0.72565037,0.32411647
42.940001249313354,96.70767,0.72565037,0.32533723
42.94999957084656,96.69968,0.72565037,0.32655802
42.960001707077026,96.71168,0.72565037,0.32655802
42.97000002861023,96.69968,0.72565037,0.32899958
42.97999835014343,96.65167,0.72565037,0.32899958
42.9900004863739,96.619675,0.72565037,0.33144113
42.999998807907104,96.61567,0.72565037,0.33144113
43.01000094413757,96.603676,0.7257177,0.3326619
43.019999265670776,96.595665,0.7257177,0.3338827
43.030001401901245,96.623665,0.7257177,0.33510345
43.03999972343445,96.635666,0.7258525,0.33510345
43.05000185966492,96.64767,0.7259872,0.33510345
43.06000018119812,96.67967,0.7261893,0.33510345
43.06999850273132,96.70767,0.72639143,0.33510345
43.08000063896179,96.72767,0.7266609,0.3338827
43.089998960494995,96.77567,0.7270651,0.3326619
43.100001096725464,96.90367,0.7275367,0.33022034
43.10999941825867,97.04767,0.7282778,0.32655802
43.120001554489136,97.219666,0.7291536,0.3216749
43.12999987602234,97.45167,0.7300968,0.3167918
43.13999819755554,97.64767,0.73097265,0.3119087
43.15000033378601,97.775665,0.7315116,0.30824634
43.159998655319214,97.81167,0.73178107,0.30824634
43.17000079154968,97.83967,0.7318484,0.30824634
43.179999113082886,97.827675,0.7318484,0.30946714
43.190001249313354,97.791664,0.73191583,0.3106879
43.19999957084656,97.83567,0.73191583,0.3119087
43.210001707077026,97.871666,0.7320506,0.3119087
43.22000002861023,97.90367,0.73211795,0.31312945
43.22999835014343,97.88367,0.73211795,0.31312945
43.2400004863739,97.847664,0.73211795,0.315571
43.249998807907104,97.791664,0.73211795,0.315571
43.26000094413757,97.74367,0.73211795,0.3167918
43.269999265670776,97.74767,0.73211795,0.31801257
43.280001401901245,97.78367,0.7321853,0.31923336
43.28999972343445,97.803665,0.7321853,0.32045412
43.30000185966492,97.80766,0.7322527,0.3216749
43.31000018119812,97.819664,0.73232,0.3216749
43.31999850273132,97.80766,0.73232,0.32289568
43.33000063896179,97.77167,0.7323874,0.32289568
43.339998960494995,97.77167,0.73258954,0.32289568
43.350001096725464,97.827675,0.73292637,0.32289568
43.35999941825867,97.871666,0.7333306,0.32045412
43.370001554489136,98.03166,0.7340043,0.3167918
43.37999987602234,98.20367,0.7348128,0.3119087
43.38999819755554,98.42367,0.735756,0.30702558
43.40000033378601,98.60366,0.7365644,0.30336323
43.409998655319214,98.77166,0.7372381,0.29970092
43.42000079154968,98.82766,0.73757493,0.29725936
43.429999113082886,98.81166,0.7376423,0.29848012
43.440001249313354,98.79966,0.7376423,0.29970092
43.44999957084656,98.803665,0.7376423,0.30092168
43.460001707077026,98.81567,0.7376423,0.30214247
43.47000002861023,98.847664,0.7377097,0.30336323
43.47999835014343,98.86366,0.7377097,0.30336323
43.4900004863739,98.847664,0.7377097,0.3058048
43.499998807907104,98.81567,0.7377097,0.3058048
43.51000094413757,98.75966,0.7377097,0.30702558
43.519999265670776,98.747665,0.73777705,0.30824634
43.530001401901245,98.71567,0.73777705,0.30946714
43.53999972343445,98.71567,0.73784447,0.30946714
43.55000185966492,98.763664,0.73784447,0.3106879
43.56000018119812,98.78766,0.7379118,0.3119087
43.56999850273132,98.78366,0.7379118,0.31312945
43.58000063896179,98.78366,0.7379118,0.31435025
43.589998960494995,98.74366,0.7379118,0.315571
43.600001096725464,98.68767,0.7379118,0.3167918
43.60999941825867,98.64366,0.73797923,0.3167918
43.620001554489136,98.64366,0.73797923,0.31801257
43.62999987602234,98.679665,0.73797923,0.31923336
43.63999819755554,98.67166,0.73797923,0.32045412
43.65000033378601,98.69166,0.73797923,0.3216749
43.659998655319214,98.69967,0.7380466,0.32289568
43.67000079154968,98.67567,0.7380466,0.32289568
43.679999113082886,98.62766,0.7381139,0.32411647
43.690001249313354,98.623665,0.7381813,0.32533723
43.69999957084656,98.611664,0.73831606,0.32533723
43.710001707077026,98.623665,0.7385182,0.32533723
43.72000002861023,98.69166,0.7386529,0.32533723
43.72999835014343,98.747665,0.738855,0.32533723
43.7400004863739,98.79966,0.73912454,0.32411647
43.749998807907104,98.83567,0.73946136,0.32289568
43.76000094413757,98.927666,0.7400677,0.32045412
43.769999265670776,99.09966,0.740674,0.3167918
43.780001401901245,99.21566,0.7414151,0.31312945
43.78999972343445,99.36766,0.7421562,0.30946714
43.80000185966492,99.49567,0.7428972,0.3058048
43.81000018119812,99.61966,0.7435036,0.30214247
43.81999850273132,99.763664,0.74384046,0.30092168
43.83000063896179,99.82366,0.74384046,0.30214247
43.839998960494995,99.803665,0.74390787,0.30214247
43.850001096725464,99.763664,0.74390787,0.30336323
43.85999941825867,99.75566,0.74390787,0.30458403
43.870001554489136,99.75966,0.74390787,0.3058048
43.87999987602234,99.75566,0.74390787,0.30702558
43.88999819755554,99.73166,0.74390787,0.30824634
43.90000033378601,99.72766,0.74390787,0.30946714
43.909998655319214,99.68366,0.74390787,0.3106879
43.92000079154968,99.679665,0.74390787,0.3119087
43.929999113082886,99.67566,0.74397516,0.3119087
43.940001249313354,99.68366,0.74397516,0.31312945
43.94999957084656,99.65166,0.74397516,0.31435025
43.960001707077026,99.63566,0.74397516,0.315571
43.97000002861023,99.64366,0.74397516,0.3167918
43.97999835014343,99.60766,0.74397516,0.31801257
43.9900004863739,99.57966,0.74397516,0.31923336
43.999998807907104,99.57966,0.74397516,0.32045412
44.01000094413757,99.57966,0.74397516,0.3216749
44.019999265670776,99.56766,0.7440425,0.32289568
44.030001401901245,99.57566,0.7440425,0.32289568
44.03999972343445,99.57166,0.7441099,0.32411647
44.05000185966492,99.55167,0.7442447,0.32411647
44.06000018119812,99.54766,0.74431205,0.32533723
44.06999850273132,99.58366,0.74437946,0.32533723
44.08000063896179,99.59966,0.7444468,0.32655802
44.089998960494995,99.57966,0.7445815,0.32655802
44.100001096725464,99.57566,0.7445815,0.3277788
44.10999941825867,99.58766,0.7446489,0.32899958
44.120001554489136,99.57566,0.7446489,0.32899958
44.12999987602234,99.57566,0.7446489,0.33144113
44.13999819755554,99.58366,0.7446489,0.33144113
44.15000033378601,99.59167,0.7447163,0.3326619
44.159998655319214,99.53166,0.74478364,0.3326619
44.17000079154968,99.55566,0.744851,0.3338827
44.179999113082886,99.56766,0.744851,0.33510345
44.190001249313354,99.57166,0.74498576,0.33510345
44.19999957084656,99.58366,0.7451879,0.33510345
44.210001707077026,99.63966,0.7453226,0.33510345
44.22000002861023,99.679665,0.7456595,0.3338827
44.22999835014343,99.739655,0.74606365,0.3326619
44.2400004863739,99.83166,0.7465353,0.33022034
44.249998807907104,99.98366,0.74720895,0.32655802
44.26000094413757,100.11966,0.74801743,0.32289568
44.269999265670776,100.291664,0.74882585,0.31923336
44.280001401901245,100.45565,0.7494322,0.315571
44.28999972343445,100.52766,0.74976903,0.31312945
44.30000185966492,100.55566,0.74983644,0.31435025
44.31000018119812,100.55566,0.74983644,0.315571
44.31999850273132,100.55966,0.74983644,0.3167918
44.33000063896179,100.53966,0.74983644,0.31801257
44.339998960494995,100.54366,0.74983644,0.31923336
44.350001096725464,100.56365,0.74983644,0.32045412
44.35999941825867,100.55166,0.74983644,0.3216749
44.370001554489136,100.49565,0.74983644,0.32289568
44.37999987602234,100.49565,0.7499038,0.32289568
44.38999819755554,100.48366,0.7499038,0.32411647
44.40000033378601,100.43566,0.7499038,0.32533723
44.409998655319214,100.43566,0.7499038,0.32655802
44.42000079154968,100.46766,0.7499038,0.3277788
44.429999113082886,100.44366,0.7499038,0.32899958
44.440001249313354,100.427666,0.7499038,0.33022034
44.44999957084656,100.41166,0.7499038,0.33144113
44.460001707077026,100.41566,0.74997115,0.3326619
44.47000002861023,100.38366,0.74997115,0.3326619
44.47999835014343,100.359665,0.74997115,0.33510345
44.4900004863739,100.379654,0.75003856,0.33510345
44.499998807907104,100.38366,0.7501059,0.33510345
44.51000094413757,100.375656,0.75017333,0.33632424
44.519999265670776,100.419655,0.75017333,0.337545
44.530001401901245,100.42366,0.7502407,0.3387658
44.53999972343445,100.403656,0.75030804,0.3387658
44.55000185966492,100.41166,0.75044274,0.3387658
44.56000018119812,100.42366,0.7505775,0.3387658
44.56999850273132,100.447655,0.7507797,0.3387658
44.58000063896179,100.49966,0.7511165,0.3387658
44.589998960494995,100.56365,0.7513859,0.337545
44.600001096725464,100.611664,0.75165546,0.33632424
44.60999941825867,100.67566,0.75205964,0.33510345
44.620001554489136,100.78765,0.75259864,0.3326619
44.62999987602234,100.93565,0.75327235,0.32899958
44.63999819755554,101.08366,0.7540808,0.32411647
44.65000033378601,101.24365,0.7548219,0.32045412
44.659998655319214,101.379654,0.75542825,0.3167918
44.67000079154968,101.45165,0.75583243,0.3167918
44.679999113082886,101.47965,0.7558998,0.3167918
44.690001249313354,101.51965,0.7558998,0.3167918
44.69999957084656,101.515656,0.7559672,0.31801257
44.710001707077026,101.49165,0.7559672,0.31923336
44.72000002861023,101.50765,0.75603455,0.32045412
44.72999835014343,101.515656,0.75603455,0.3216749
44.7400004863739,101.49565,0.75603455,0.32289568
44.749998807907104,101.459656,0.75610197,0.32289568
44.76000094413757,101.42365,0.75610197,0.32411647
44.769999265670776,101.43965,0.75610197,0.32533723
44.780001401901245,101.39965,0.75610197,0.32655802
44.78999972343445,101.41165,0.75616926,0.32655802
44.80000185966492,101.45165,0.75616926,0.32899958
44.81000018119812,101.42765,0.7562367,0.32899958
44.81999850273132,101.41165,0.7562367,0.33022034
44.83000063896179,101.39965,0.756304,0.33144113
44.839998960494995,101.39965,0.756304,0.3326619
44.850001096725464,101.37165,0.7563714,0.3326619
44.85999941825867,101.375656,0.7563714,0.3338827
44.870001554489136,101.37165,0.7564388,0.33510345
44.87999987602234,101.39566,0.75650615,0.33510345
44.88999819755554,101.391655,0.75657356,0.33632424
44.90000033378601,101.45565,0.7567756,0.33510345
44.909998655319214,101.515656,0.75717986,0.33510345
44.92000079154968,101.57966,0.7575841,0.3326619
44.929999113082886,101.66365,0.75819045,0.33022034
44.940001249313354,101.807655,0.75893146,0.32533723
44.94999957084656,101.947655,0.75980735,0.32045412
44.960001707077026,102.19965,0.7609526,0.31312945
44.97000002861023,102.52365,0.7623,0.3058048
44.97999835014343,102.77566,0.76337796,0.29970092
44.9900004863739,102.92765,0.7640517,0.29603857
44.999998807907104,103.02365,0.76452327,0.293597
45.01000094413757,103.10765,0.76499486,0.29115546
45.019999265670776,103.21965,0.76553386,0.2887139
45.030001401901245,103.34365,0.7662075,0.28627235
45.03999972343445,103.49165,0.7668812,0.28138924
45.05000185966492,103.64765,0.76762235,0.27772692
45.06000018119812,103.78764,0.76843077,0.27406457
45.06999850273132,103.935646,0.7689697,0.27162302
45.08000063896179,103.991646,0.76917183,0.27040225
45.089998960494995,103.963646,0.76917183,0.27162302
45.100001096725464,103.935646,0.76923925,0.2728438
45.10999941825867,103.91964,0.76923925,0.27406457
45.120001554489136,103.91565,0.76923925,0.27528536
45.12999987602234,103.93164,0.76923925,0.27650613
45.13999819755554,103.951645,0.76923925,0.27772692
45.15000033378601,103.93164,0.76923925,0.27772692
45.159998655319214,103.87565,0.76923925,0.28016847
45.17000079154968,103.83165,0.76923925,0.28016847
45.179999113082886,103.83165,0.76923925,0.28138924
45.190001249313354,103.80364,0.76923925,0.28261003
45.19999957084656,103.77165,0.76923925,0.2838308
45.210001707077026,103.77165,0.76923925,0.28505158
45.22000002861023,103.77564,0.76923925,0.28627235
45.22999835014343,103.75165,0.76923925,0.28749314
45.2400004863739,103.75964,0.76923925,0.2887139
45.249998807907104,103.73965,0.76923925,0.2899347
45.26000094413757,103.699646,0.76923925,0.29115546
45.269999265670776,103.63565,0.76923925,0.29237625
45.280001401901245,103.62765,0.76923925,0.293597
45.28999972343445,103.64365,0.76923925,0.2948178
45.30000185966492,103.61165,0.76923925,0.29603857
45.31000018119812,103.63964,0.76923925,0.29725936
45.31999850273132,103.65165,0.76923925,0.29725936
45.33000063896179,103.61565,0.76923925,0.29970092
45.339998960494995,103.57965,0.76923925,0.29970092
45.350001096725464,103.55164,0.76923925,0.30092168
45.35999941825867,103.52364,0.76923925,0.30214247
45.370001554489136,103.49564,0.76923925,0.30336323
45.37999987602234,103.49965,0.76923925,0.30458403
45.38999819755554,103.507645,0.76923925,0.3058048
45.40000033378601,103.49965,0.76923925,0.30702558
45.409998655319214,103.47965,0.76923925,0.30824634
45.42000079154968,103.49564,0.7693066,0.30946714
45.429999113082886,103.47565,0.7693066,0.3106879
45.440001249313354,103.41564,0.7693066,0.3119087
45.44999957084656,103.38764,0.76937395,0.3119087
45.460001707077026,103.37965,0.7694413,0.31312945
45.47000002861023,103.40365,0.76950866,0.31312945
45.47999835014343,103.435646,0.7695761,0.31435025
45.4900004863739,103.48765,0.76971084,0.31435025
45.499998807907104,103.45965,0.76971084,0.315571
45.51000094413757,103.40365,0.76971084,0.3167918
45.519999265670776,103.407646,0.7697782,0.31801257
45.530001401901245,103.41965,0.7698456,0.31801257
45.53999972343445,103.435646,0.77004766,0.31801257
45.55000185966492,103.46365,0.77018243,0.31801257
45.56000018119812,103.48765,0.77038455,0.31801257
45.56999850273132,103.51165,0.7705866,0.31801257
45.58000063896179,103.54365,0.7707887,0.3167918
45.589998960494995,103.631645,0.7710582,0.3167918
45.600001096725464,103.72365,0.7714625,0.315571
45.60999941825867,103.77165,0.77200145,0.3119087
45.620001554489136,103.89164,0.7727425,0.30946714
45.62999987602234,104.05564,0.773551,0.30336323
45.63999819755554,104.271645,0.7744942,0.29848012
45.65000033378601,104.46764,0.7753026,0.293597
45.659998655319214,104.59564,0.7757068,0.29237625
45.67000079154968,104.62765,0.7757742,0.293597
45.679999113082886,104.59564,0.7757742,0.293597
45.690001249313354,104.58364,0.7757742,0.29603857
45.69999957084656,104.59964,0.7757742,0.29603857
45.710001707077026,104.59564,0.7757742,0.29725936
45.72000002861023,104.56765,0.7757742,0.29848012
45.72999835014343,104.53965,0.7757742,0.29970092
45.7400004863739,104.519646,0.77584153,0.30092168
45.749998807907104,104.51165,0.7759089,0.30214247
45.76000094413757,104.519646,0.7759089,0.30214247
45.769999265670776,104.519646,0.7759089,0.30336323
45.780001401901245,104.48364,0.7759089,0.30458403
45.78999972343445,104.45564,0.7759763,0.3058048
45.80000185966492,104.47564,0.77604365,0.3058048
45.81000018119812,104.48364,0.77604365,0.30702558
45.81999850273132,104.49965,0.7761784,0.30702558
45.83000063896179,104.49965,0.77624583,0.30824634
45.839998960494995,104.47564,0.77624583,0.30946714
45.850001096725464,104.439644,0.7763131,0.30946714
45.85999941825867,104.439644,0.7763805,0.3106879
45.870001554489136,104.46364,0.7764479,0.3119087
45.87999987602234,104.47564,0.7764479,0.31312945
45.88999819755554,104.46764,0.77658266,0.31312945
45.90000033378601,104.519646,0.7767848,0.31312945
45.909998655319214,104.535645,0.77698684,0.3119087
45.92000079154968,104.563644,0.77718896,0.3119087
45.929999113082886,104.631645,0.77752584,0.3106879
45.940001249313354,104.73965,0.7780648,0.30824634
45.94999957084656,104.839645,0.77867115,0.3058048
45.960001707077026,104.92764,0.77927744,0.30214247
45.97000002861023,105.10364,0.7800185,0.29848012
45.97999835014343,105.31164,0.780827,0.293597
45.9900004863739,105.41564,0.781366,0.29115546
45.999998807907104,105.46764,0.7815007,0.29115546
46.01000094413757,105.45564,0.7815007,0.29237625
46.019999265670776,105.42364,0.7815007,0.293597
46.030001401901245,105.411644,0.7815007,0.2948178
46.03999972343445,105.41964,0.7815007,0.29603857
46.05000185966492,105.43164,0.7815007,0.29725936
46.06000018119812,105.40365,0.7815007,0.29848012
46.06999850273132,105.39964,0.7815007,0.29970092
46.08000063896179,105.37164,0.7815007,0.30092168
46.089998960494995,105.36764,0.7815007,0.30214247
46.100001096725464,105.32764,0.7815007,0.30336323
46.10999941825867,105.31164,0.7815007,0.30458403
46.120001554489136,105.29964,0.7815007,0.3058048
46.12999987602234,105.26364,0.78156805,0.3058048
46.13999819755554,105.27964,0.78156805,0.30702558
46.15000033378601,105.29565,0.78156805,0.30824634
46.159998655319214,105.27964,0.78156805,0.30946714
46.17000079154968,105.23964,0.7816354,0.3106879
46.179999113082886,105.215645,0.7816354,0.3119087
46.190001249313354,105.20764,0.7817028,0.3119087
46.19999957084656,105.18364,0.7817028,0.31312945
46.210001707077026,105.21164,0.7817028,0.31435025
46.22000002861023,105.219635,0.7817028,0.315571
46.22999835014343,105.187645,0.78177017,0.315571
46.2400004863739,105.17964,0.7818375,0.3167918
46.249998807907104,105.19564,0.7818375,0.31801257
46.26000094413757,105.187645,0.78190494,0.31923336
46.269999265670776,105.15564,0.7819723,0.31923336
46.280001401901245,105.18364,0.782107,0.32045412
46.28999972343445,105.199646,0.78224176,0.31923336
46.30000185966492,105.18364,0.7823091,0.32045412
46.31000018119812,105.191635,0.7823765,0.3216749
46.31999850273132,105.227646,0.7824439,0.3216749
46.33000063896179,105.259636,0.78257865,0.3216749
46.339998960494995,105.24764,0.78271335,0.32289568
46.350001096725464,105.26765,0.7828481,0.32289568
46.35999941825867,105.27564,0.78305024,0.32289568
46.370001554489136,105.31564,0.7833197,0.3216749
46.37999987602234,105.37565,0.7836566,0.3216749
46.38999819755554,105.47564,0.7840608,0.31923336
46.40000033378601,105.58364,0.7845998,0.315571
46.409998655319214,105.69563,0.78527343,0.31312945
46.42000079154968,105.84764,0.78594714,0.30946714
46.429999113082886,106.00364,0.7865535,0.3058048
46.440001249313354,106.107635,0.7870251,0.30336323
46.44999957084656,106.159645,0.7872946,0.30336323
46.460001707077026,106.17564,0.7874967,0.30336323
46.47000002861023,106.16764,0.78756404,0.30336323
46.47999835014343,106.18764,0.78756404,0.30458403
46.4900004863739,106.21564,0.78763145,0.3058048
46.499998807907104,106.23963,0.78763145,0.30702558
46.51000094413757,106.19564,0.78763145,0.30824634
46.519999265670776,106.18764,0.7876988,0.30824634
46.530001401901245,106.159645,0.7876988,0.30946714
46.53999972343445,106.151634,0.7876988,0.3106879
46.55000185966492,106.131645,0.7876988,0.3119087
46.56000018119812,106.123634,0.78776616,0.31312945
46.56999850273132,106.119644,0.7878336,0.31312945
46.58000063896179,106.107635,0.7879009,0.31435025
46.589998960494995,106.131645,0.7879683,0.31435025
46.600001096725464,106.163635,0.78803563,0.315571
46.60999941825867,106.151634,0.78810304,0.315571
46.620001554489136,106.131645,0.7881704,0.3167918
46.62999987602234,106.12764,0.78830516,0.3167918
46.63999819755554,106.131645,0.7883725,0.31801257
46.65000033378601,106.135635,0.7885072,0.31801257
46.659998655319214,106.18764,0.78857464,0.31923336
46.67000079154968,106.219635,0.78870934,0.31923336
46.679999113082886,106.21164,0.7888441,0.31923336
46.690001249313354,106.20764,0.7889789,0.31923336
46.69999957084656,106.23564,0.7889789,0.32045412
46.710001707077026,106.231636,0.7891136,0.32045412
46.72000002861023,106.219635,0.78924835,0.3216749
46.72999835014343,106.23564,0.7893831,0.3216749
46.7400004863739,106.259636,0.7895852,0.3216749
46.749998807907104,106.31564,0.78992206,0.31923336
46.76000094413757,106.40764,0.79039365,0.31801257
46.769999265670776,106.54364,0.79086524,0.315571
46.780001401901245,106.63963,0.7912694,0.31312945
46.78999972343445,106.675644,0.79167366,0.3119087
46.80000185966492,106.735634,0.7920779,0.3106879
46.81000018119812,106.82363,0.7924148,0.30946714
46.81999850273132,106.899635,0.79281896,0.30702558
46.83000063896179,106.99164,0.7932232,0.3058048
46.839998960494995,107.079636,0.7935601,0.30458403
46.850001096725464,107.09964,0.79376215,0.30458403
46.85999941825867,107.11164,0.7938295,0.3058048
46.870001554489136,107.11964,0.7938969,0.3058048
46.87999987602234,107.13964,0.7938969,0.30702558
46.88999819755554,107.11563,0.7938969,0.30824634
46.90000033378601,107.079636,0.79396427,0.30946714
46.909998655319214,107.051636,0.79396427,0.3106879
46.92000079154968,107.04764,0.79396427,0.3119087
46.929999113082886,107.039635,0.79396427,0.31312945
46.940001249313354,107.05563,0.79396427,0.31312945
46.94999957084656,107.04764,0.79396427,0.315571
46.960001707077026,106.99564,0.7940317,0.315571
46.97000002861023,106.983635,0.7940317,0.3167918
46.97999835014343,106.967636,0.7940317,0.31801257
46.9900004863739,106.95963,0.7940317,0.31923336
46.999998807907104,106.96364,0.7940317,0.32045412
47.01000094413757,106.95963,0.7940317,0.3216749
47.019999265670776,106.94763,0.7940317,0.32289568
47.030001401901245,106.91164,0.7940317,0.32289568
47.03999972343445,106.92364,0.79409903,0.32411647
47.05000185966492,106.93964,0.79409903,0.32533723
47.06000018119812,106.91963,0.79409903,0.32655802
47.06999850273132,106.87963,0.79409903,0.3277788
47.08000063896179,106.85163,0.79409903,0.32899958
47.089998960494995,106.84764,0.79409903,0.33022034
47.100001096725464,106.83963,0.7941664,0.33144113
47.10999941825867,106.86363,0.7941664,0.33144113
47.120001554489136,106.87963,0.7942338,0.3326619
47.12999987602234,106.85163,0.7943011,0.3326619
47.13999819755554,106.83963,0.7945033,0.3326619
47.15000033378601,106.899635,0.7947054,0.3326619
47.159998655319214,106.93964,0.79497486,0.33144113
47.17000079154968,106.97964,0.79524434,0.33144113
47.179999113082886,107.01563,0.7955138,0.33022034
47.190001249313354,107.09163,0.79578334,0.33022034
47.19999957084656,107.14363,0.7961875,0.3277788
47.210001707077026,107.259636,0.7967939,0.32533723
47.22000002861023,107.43164,0.7975349,0.3216749
47.22999835014343,107.63164,0.7984108,0.3167918
47.2400004863739,107.78363,0.79928654,0.3119087
47.249998807907104,107.95963,0.8001624,0.30702558
47.26000094413757,108.09963,0.80076873,0.30336323
47.269999265670776,108.18764,0.8011056,0.30214247
47.280001401901245,108.23163,0.8012403,0.30214247
47.28999972343445,108.26363,0.8013077,0.30336323
47.30000185966492,108.25963,0.80137503,0.30336323
47.31000018119812,108.24763,0.80144244,0.30458403
47.31999850273132,108.27163,0.80144244,0.3058048
47.33000063896179,108.275635,0.80144244,0.30702558
47.339998960494995,108.23163,0.8015098,0.30702558
47.350001096725464,108.18363,0.8015098,0.30946714
47.35999941825867,108.15163,0.8015098,0.30946714
47.370001554489136,108.15163,0.8015098,0.3106879
47.37999987602234,108.139626,0.8015098,0.3119087
47.38999819755554,108.16763,0.8015098,0.31312945
47.40000033378601,108.17963,0.8015772,0.31435025
47.409998655319214,108.14363,0.8015772,0.315571
47.42000079154968,108.12363,0.8015772,0.3167918
47.429999113082886,108.095634,0.80164456,0.3167918
47.440001249313354,108.09963,0.8017119,0.31801257
47.44999957084656,108.11964,0.8019814,0.3167918
47.460001707077026,108.18363,0.8023182,0.315571
47.47000002861023,108.275635,0.8027898,0.31435025
47.47999835014343,108.359634,0.80326146,0.3119087
47.4900004863739,108.50764,0.80386776,0.30824634
47.499998807907104,108.64763,0.8044741,0.3058048
47.51000094413757,108.759636,0.8051478,0.30214247
47.519999265670776,108.86363,0.8057542,0.29970092
47.530001401901245,108.983635,0.80636054,0.29603857
47.53999972343445,109.071625,0.80669737,0.2948178
47.55000185966492,109.10763,0.8068995,0.2948178
47.56000018119812,109.13163,0.80696684,0.2948178
47.56999850273132,109.15962,0.80696684,0.29603857
47.58000063896179,109.11962,0.80696684,0.29725936
47.589998960494995,109.08763,0.8070342,0.29848012
47.600001096725464,109.10763,0.8070342,0.29970092
47.60999941825867,109.09563,0.80710155,0.29970092
47.620001554489136,109.06363,0.80710155,0.30092168
47.62999987602234,109.04763,0.80716896,0.30214247
47.63999819755554,109.043625,0.80716896,0.30336323
47.65000033378601,109.00763,0.80716896,0.30458403
47.659998655319214,109.003624,0.80716896,0.3058048
47.67000079154968,109.027626,0.80716896,0.30702558
47.679999113082886,109.01963,0.80716896,0.30702558
47.690001249313354,108.987625,0.80716896,0.30946714
47.69999957084656,108.959625,0.80716896,0.30946714
47.710001707077026,108.93562,0.80716896,0.3119087
47.72000002861023,108.915634,0.80716896,0.3119087
47.72999835014343,108.89963,0.8072363,0.31312945
47.7400004863739,108.91163,0.8072363,0.31435025
47.749998807907104,108.88363,0.8072363,0.315571
47.76000094413757,108.86363,0.8072363,0.3167918
47.769999265670776,108.89563,0.8073037,0.3167918
47.780001401901245,108.91163,0.8073711,0.31801257
47.78999972343445,108.88763,0.80750585,0.31801257
47.80000185966492,108.88363,0.80764055,0.31801257
47.81000018119812,108.89163,0.80777526,0.31801257
47.81999850273132,108.915634,0.80797744,0.31801257
47.83000063896179,108.96763,0.80831426,0.3167918
47.839998960494995,109.06763,0.80878586,0.315571
47.850001096725464,109.19163,0.80925745,0.31312945
47.85999941825867,109.275635,0.8097964,0.3106879
47.870001554489136,109.41162,0.81040275,0.30702558
47.87999987602234,109.52763,0.81107646,0.30458403
47.88999819755554,109.64763,0.8118175,0.29970092
47.90000033378601,109.81162,0.8125586,0.29603857
47.909998655319214,109.92763,0.8130302,0.293597
47.92000079154968,109.99163,0.81316495,0.293597
47.929999113082886,109.959625,0.81316495,0.2948178
47.940001249313354,109.97163,0.81323236,0.29603857
47.94999957084656,109.999626,0.81323236,0.29725936
47.960001707077026,109.97963,0.81323236,0.29725936
47.97000002861023,109.94363,0.81323236,0.29970092
47.97999835014343,109.92363,0.81323236,0.29970092
47.9900004863739,109.89563,0.81323236,0.30092168
47.999998807907104,109.86762,0.8132997,0.30214247
48.01000094413757,109.85162,0.8132997,0.30336323
48.019999265670776,109.87562,0.8132997,0.30458403
48.030001401901245,109.85162,0.81336707,0.3058048
48.03999972343445,109.83163,0.81336707,0.3058048
48.05000185966492,109.82362,0.81336707,0.30702558
48.06000018119812,109.83163,0.8134344,0.30824634
48.06999850273132,109.78362,0.8134344,0.30946714
48.08000063896179,109.77963,0.8135018,0.30946714
48.089998960494995,109.77563,0.8135018,0.3119087
48.100001096725464,109.73963,0.8135018,0.3119087
48.10999941825867,109.72763,0.8135692,0.31312945
48.120001554489136,109.751625,0.8135692,0.31435025
48.12999987602234,109.751625,0.81363654,0.31435025
48.13999819755554,109.72763,0.81363654,0.315571
48.15000033378601,109.723625,0.8137713,0.315571
48.159998655319214,109.73563,0.81383866,0.3167918
48.17000079154968,109.723625,0.81397337,0.3167918
48.179999113082886,109.73563,0.8140408,0.31801257
48.190001249313354,109.763626,0.8141755,0.31801257
48.19999957084656,109.78763,0.81437767,0.31801257
48.210001707077026,109.81563,0.8145797,0.3167918
48.22000002861023,109.87163,0.81484926,0.3167918
48.22999835014343,109.91163,0.8151187,0.3167918
48.2400004863739,109.94363,0.8153882,0.315571
48.249998807907104,110.01963,0.8158598,0.31312945
48.26000094413757,110.111626,0.8163314,0.3119087
48.269999265670776,110.18762,0.81673557,0.30946714
48.280001401901245,110.25562,0.81720716,0.30702558
48.28999972343445,110.39963,0.8178135,0.30458403
48.30000185966492,110.51962,0.8183525,0.30214247
48.31000018119812,110.60762,0.8187567,0.29970092
48.31999850273132,110.63562,0.81889147,0.29970092
48.33000063896179,110.64762,0.8189588,0.30092168
48.339998960494995,110.63162,0.8189588,0.30214247
48.350001096725464,110.599625,0.81902623,0.30336323
48.35999941825867,110.59562,0.81902623,0.30336323
48.370001554489136,110.599625,0.81902623,0.3058048
48.37999987602234,110.57563,0.81902623,0.3058048
48.38999819755554,110.55562,0.81902623,0.30702558
48.40000033378601,110.55162,0.81902623,0.30824634
48.409998655319214,110.52762,0.81902623,0.30946714
48.42000079154968,110.49563,0.81902623,0.3106879
48.429999113082886,110.47163,0.81902623,0.3119087
48.440001249313354,110.45563,0.8190936,0.31312945
48.44999957084656,110.45563,0.8192283,0.31312945
48.460001707077026,110.503624,0.81936306,0.31312945
48.47000002861023,110.503624,0.8194978,0.31312945
48.47999835014343,110.51962,0.8195652,0.31435025
48.4900004863739,110.47163,0.8195652,0.315571
48.499998807907104,110.48363,0.8196326,0.315571
48.51000094413757,110.48762,0.81969994,0.3167918
48.519999265670776,110.45962,0.81976724,0.3167918
48.530001401901245,110.46763,0.81976724,0.31801257
48.53999972343445,110.46763,0.81983465,0.31923336
48.55000185966492,110.46362,0.81983465,0.32045412
48.56000018119812,110.44363,0.819902,0.3216749
48.56999850273132,110.45162,0.819902,0.3216749
48.58000063896179,110.42362,0.819902,0.32289568
48.589998960494995,110.39562,0.8199694,0.32411647
48.600001096725464,110.38763,0.8199694,0.32533723
48.60999941825867,110.36762,0.82003677,0.32533723
48.620001554489136,110.403625,0.82017154,0.32655802
48.62999987602234,110.40762,0.82030624,0.32655802
48.63999819755554,110.42763,0.8203736,0.32655802
48.65000033378601,110.41962,0.820441,0.3277788
48.659998655319214,110.41563,0.8206431,0.3277788
48.67000079154968,110.43962,0.8207779,0.3277788
48.679999113082886,110.49962,0.8210473,0.32655802
48.690001249313354,110.53962,0.82145154,0.32533723
48.69999957084656,110.62362,0.82192314,0.32289568
48.710001707077026,110.73563,0.8225295,0.32045412
48.72000002861023,110.91162,0.82327056,0.315571
48.72999835014343,111.07162,0.8241464,0.3119087
48.7400004863739,111.263626,0.82488745,0.30702558
48.749998807907104,111.36362,0.82535905,0.3058048
48.76000094413757,111.36362,0.82542646,0.3058048
48.769999265670776,111.319626,0.82542646,0.30702558
48.780001401901245,111.33962,0.82542646,0.30824634
48.78999972343445,111.34762,0.82542646,0.30946714
48.80000185966492,111.33962,0.82542646,0.3106879
48.81000018119812,111.323616,0.82542646,0.3119087
48.81999850273132,111.30362,0.82542646,0.31312945
48.83000063896179,111.24762,0.82542646,0.31435025
48.839998960494995,111.215614,0.82542646,0.315571
48.850001096725464,111.211624,0.82542646,0.3167918
48.85999941825867,111.16362,0.82542646,0.3167918
48.870001554489136,111.11962,0.82542646,0.31923336
48.87999987602234,111.13162,0.82542646,0.31923336
48.88999819755554,111.14362,0.82542646,0.32045412
48.90000033378601,111.13962,0.82542646,0.3216749
48.909998655319214,111.10362,0.8254938,0.32289568
48.92000079154968,111.06763,0.8254938,0.32411647
48.929999113082886,111.03963,0.8254938,0.32533723
48.940001249313354,110.987625,0.8254938,0.32655802
48.94999957084656,110.991615,0.8254938,0.32655802
48.960001707077026,110.99562,0.8254938,0.32899958
48.97000002861023,110.96762,0.82556117,0.32899958
48.97999835014343,110.95562,0.82556117,0.33022034
48.9900004863739,110.959625,0.82556117,0.33144113
48.999998807907104,110.93562,0.82556117,0.3326619
49.01000094413757,110.87962,0.8256285,0.3326619
49.019999265670776,110.87162,0.8256285,0.33510345
49.030001401901245,110.83962,0.8256285,0.33510345
49.03999972343445,110.79962,0.8257633,0.33632424
49.05000185966492,110.84762,0.82589805,0.33632424
49.06000018119812,110.88762,0.8261001,0.33632424
49.06999850273132,110.93562,0.82636964,0.33510345
49.08000063896179,110.95562,0.82657176,0.33510345
49.089998960494995,111.01163,0.8269086,0.3338827
49.100001096725464,111.07162,0.82744753,0.33144113
49.10999941825867,111.18762,0.82832336,0.32655802
49.120001554489136,111.43962,0.829536,0.31923336
49.12999987602234,111.75961,0.83108556,0.30946714
49.13999819755554,112.06362,0.83270246,0.29970092
49.15000033378601,112.351616,0.83384776,0.293597
49.159998655319214,112.56362,0.83479095,0.28749314
49.17000079154968,112.743614,0.8358689,0.28138924
49.179999113082886,112.95162,0.83708155,0.27406457
49.190001249313354,113.19162,0.8382942,0.2667399
49.19999957084656,113.35962,0.8389679,0.2630776
49.210001707077026,113.34762,0.8391027,0.2630776
49.22000002861023,113.26762,0.8391027,0.26429835
49.22999835014343,113.20362,0.8391027,0.26551914
49.2400004863739,113.143616,0.8391027,0.2667399
49.249998807907104,113.03162,0.8391027,0.2679607
49.26000094413757,112.89162,0.8391027,0.26918146
49.269999265670776,112.71162,0.8391027,0.27040225
49.280001401901245,112.479614,0.8391027,0.27162302
49.28999972343445,112.255615,0.8391027,0.27162302
49.30000185966492,111.99162,0.8391027,0.27406457
49.31000018119812,111.49162,0.8391027,0.27406457
49.31999850273132,110.79162,0.8391027,0.27650613
49.33000063896179,76.119736,0.8391027,0.27650613
49.339998960494995,44.679848,0.8391701,0.27772692
49.350001096725464,44.07985,0.8391701,0.27894768
49.35999941825867,42.895855,0.8391701,0.28016847
49.370001554489136,43.271854,0.8391701,0.28138924
49.37999987602234,43.639854,0.8391701,0.28261003
49.38999819755554,43.115856,0.8391701,0.2838308
49.40000033378601,43.70385,0.8391701,0.28505158
49.409998655319214,43.551853,0.8391701,0.28627235
49.42000079154968,43.54785,0.8391701,0.28749314
49.429999113082886,43.72385,0.8391701,0.28749314
49.440001249313354,43.479855,0.8391701,0.2899347
49.44999957084656,43.73985,0.8391701,0.2899347
49.460001707077026,43.579853,0.8391701,0.29115546
49.47000002861023,43.71985,0.83923745,0.29237625
49.47999835014343,43.663853,0.83923745,0.293597
49.4900004863739,43.48785,0.83923745,0.2948178
49.499998807907104,43.531853,0.83923745,0.29603857
49.51000094413757,43.431854,0.83923745,0.29725936
49.519999265670776,43.599854,0.83923745,0.29725936
49.530001401901245,43.591854,0.83923745,0.29970092
49.53999972343445,43.57585,0.83923745,0.29970092
49.55000185966492,43.62385,0.83923745,0.30092168
49.56000018119812,43.479855,0.83923745,0.30214247
49.56999850273132,43.68785,0.83923745,0.30336323
49.58000063896179,43.61185,0.83923745,0.30458403
49.589998960494995,43.69985,0.83923745,0.3058048
49.600001096725464,43.58385,0.8393048,0.30702558
49.60999941825867,43.54785,0.8393048,0.30824634
49.620001554489136,43.55585,0.8393048,0.30946714
49.62999987602234,43.47185,0.8393048,0.3106879
49.63999819755554,43.599854,0.83937216,0.3106879
49.65000033378601,43.503853,0.8394395,0.3119087
49.659998655319214,43.60785,0.8395069,0.3119087
49.67000079154968,43.53585,0.8395743,0.31312945
49.679999113082886,43.58785,0.8397764,0.31312945
49.690001249313354,43.599854,0.84004587,0.3119087
49.69999957084656,43.59585,0.84051746,0.30946714
49.710001707077026,43.659855,0.8411912,0.3058048
49.72000002861023,43.599854,0.84213436,0.30092168
49.72999835014343,43.551853,0.84327966,0.293597
49.7400004863739,43.539852,0.8443576,0.2887139
49.749998807907104,43.551853,0.8448292,0.28627235
49.76000094413757,43.523853,0.84489655,0.28627235
49.769999265670776,43.50785,0.84489655,0.28749314
49.780001401901245,43.531853,0.84489655,0.2887139
49.78999972343445,43.551853,0.84489655,0.2899347
49.80000185966492,43.61185,0.84489655,0.29115546
49.81000018119812,43.54385,0.84489655,0.29237625
49.81999850273132,43.60785,0.84489655,0.293597
49.83000063896179,43.539852,0.84489655,0.2948178
49.839998960494995,43.57585,0.84496397,0.2948178
49.850001096725464,43.615852,0.84496397,0.29603857
49.85999941825867,43.60385,0.84496397,0.29725936
49.870001554489136,43.57585,0.8450313,0.29848012
49.87999987602234,43.523853,0.8450313,0.29970092
49.88999819755554,43.551853,0.8450313,0.30092168
49.90000033378601,43.511852,0.8450313,0.30092168
49.909998655319214,43.56785,0.8450313,0.30336323
49.92000079154968,43.551853,0.8450313,0.30336323
49.929999113082886,43.59585,0.8450313,0.3058048
49.940001249313354,43.523853,0.8450313,0.3058048
49.94999957084656,43.53585,0.8450313,0.30702558
49.960001707077026,43.579853,0.8450313,0.30824634
49.97000002861023,43.57585,0.84509873,0.30946714
49.97999835014343,43.58385,0.84509873,0.3106879
49.9900004863739,43.579853,0.84509873,0.3119087
49.999998807907104,43.571854,0.84509873,0.31312945
50.01000094413757,43.511852,0.84509873,0.31435025
50.019999265670776,43.54785,0.84509873,0.315571
50.030001401901245,43.551853,0.84509873,0.315571
50.03999972343445,43.559853,0.8451661,0.3167918
50.05000185966492,43.571854,0.8451661,0.31801257
50.06000018119812,43.53585,0.8451661,0.31923336
50.06999850273132,43.56385,0.8452334,0.31923336
50.08000063896179,43.539852,0.8453008,0.32045412
50.089998960494995,43.551853,0.84543556,0.32045412
50.100001096725464,43.56785,0.8456377,0.32045412
50.10999941825867,43.539852,0.8459745,0.31923336
50.120001554489136,43.531853,0.8464461,0.3167918
50.12999987602234,43.55585,0.8471198,0.31312945
50.13999819755554,43.559853,0.848063,0.30824634
50.15000033378601,43.531853,0.8492083,0.30092168
50.159998655319214,43.551853,0.85028625,0.29603857
50.17000079154968,43.51585,0.8508252,0.29237625
50.179999113082886,43.55585,0.8508252,0.293597
50.190001249313354,43.551853,0.8508252,0.2948178
50.19999957084656,43.57585,0.8508252,0.29603857
50.210001707077026,43.56385,0.8508252,0.29725936
50.22000002861023,43.54385,0.8508252,0.29848012
50.22999835014343,43.51985,0.8508252,0.29970092
50.2400004863739,43.539852,0.8508252,0.30092168
50.249998807907104,43.531853,0.8508252,0.30214247
50.26000094413757,43.51985,0.8508252,0.30336323
50.269999265670776,43.55585,0.8508252,0.30458403
50.280001401901245,43.523853,0.8508926,0.30458403
50.28999972343445,43.53585,0.8508926,0.3058048
50.30000185966492,43.559853,0.8508926,0.30702558
50.31000018119812,43.58385,0.8508926,0.30824634
50.31999850273132,43.571854,0.8508926,0.30946714
50.33000063896179,43.551853,0.8508926,0.3106879
50.339998960494995,43.53585,0.8508926,0.3119087
50.350001096725464,43.54385,0.8508926,0.31312945
50.35999941825867,43.503853,0.8508926,0.31435025
50.370001554489136,43.539852,0.8508926,0.315571
50.37999987602234,43.54385,0.8508926,0.3167918
50.38999819755554,43.50785,0.8508926,0.31801257
50.40000033378601,43.51985,0.85095996,0.31801257
50.409998655319214,43.539852,0.85095996,0.31923336
50.42000079154968,43.54785,0.85095996,0.32045412
50.429999113082886,43.559853,0.85095996,0.3216749
50.440001249313354,43.571854,0.8510273,0.32289568
50.44999957084656,43.55585,0.851162,0.32289568
50.460001707077026,43.51985,0.8512294,0.32289568
50.47000002861023,43.511852,0.8512968,0.32411647
50.47999835014343,43.53585,0.8512968,0.32533723
50.4900004863739,43.54785,0.8512968,0.32655802
50.499998807907104,43.499855,0.8513642,0.32655802
50.51000094413757,43.51985,0.85149896,0.32655802
50.519999265670776,43.539852,0.8516336,0.3277788
50.530001401901245,43.531853,0.85190314,0.32655802
50.53999972343445,43.571854,0.85223997,0.32533723
50.55000185966492,43.579853,0.8528463,0.32289568
50.56000018119812,43.57585,0.85358745,0.31923336
50.56999850273132,43.57585,0.854598,0.31312945
50.58000063896179,43.54785,0.85567594,0.30702558
50.589998960494995,43.52785,0.8566865,0.30092168
50.600001096725464,43.511852,0.8572254,0.29848012
50.60999941825867,43.503853,0.8573602,0.29848012
50.620001554489136,43.53585,0.8573602,0.29970092
50.62999987602234,43.531853,0.8573602,0.30092168
50.63999819755554,43.51585,0.8573602,0.30092168
50.65000033378601,43.559853,0.8573602,0.30336323
50.659998655319214,43.559853,0.8573602,0.30336323
50.67000079154968,43.54385,0.8573602,0.3058048
50.679999113082886,43.52785,0.8573602,0.3058048
50.690001249313354,43.52785,0.8573602,0.30702558
50.69999957084656,43.51985,0.8573602,0.30824634
50.710001707077026,43.52785,0.8573602,0.30946714
50.72000002861023,43.523853,0.8573602,0.3106879
50.72999835014343,43.52785,0.8573602,0.3119087
50.7400004863739,43.50785,0.8573602,0.31312945
50.749998807907104,43.53585,0.8573602,0.31435025
50.76000094413757,43.56385,0.8573602,0.315571
50.769999265670776,43.54785,0.85742754,0.3167918
50.780001401901245,43.539852,0.85742754,0.3167918
50.78999972343445,43.54785,0.85742754,0.31923336
50.80000185966492,43.531853,0.85742754,0.31923336
50.81000018119812,43.531853,0.85742754,0.32045412
50.81999850273132,43.56385,0.85742754,0.3216749
50.83000063896179,43.52785,0.8574949,0.32289568
50.839998960494995,43.52785,0.8574949,0.32411647
50.850001096725464,43.503853,0.8574949,0.32533723
50.85999941825867,43.531853,0.85756224,0.32533723
50.870001554489136,43.551853,0.85762966,0.32655802
50.87999987602234,43.539852,0.85762966,0.3277788
50.88999819755554,43.55585,0.8577644,0.3277788
50.90000033378601,43.559853,0.85789907,0.3277788
50.909998655319214,43.523853,0.85803384,0.3277788
50.92000079154968,43.539852,0.8581686,0.32899958
50.929999113082886,43.539852,0.8584381,0.3277788
50.940001249313354,43.51985,0.8587076,0.32655802
50.94999957084656,43.50785,0.8591118,0.32533723
50.960001707077026,43.511852,0.85965073,0.32289568
50.97000002861023,43.531853,0.86018974,0.32045412
50.97999835014343,43.53585,0.86086345,0.3167918
50.9900004863739,43.54385,0.8616045,0.31312945
50.999998807907104,43.571854,0.86248034,0.30824634
51.01000094413757,43.531853,0.8630867,0.30458403
51.019999265670776,43.523853,0.8633562,0.30336323
51.030001401901245,43.539852,0.8634235,0.30458403
51.03999972343445,43.54385,0.8634909,0.3058048
51.05000185966492,43.51585,0.8634909,0.30702558
51.06000018119812,43.51985,0.8634909,0.30702558
51.06999850273132,43.52785,0.8635583,0.30824634
51.08000063896179,43.50785,0.8635583,0.30946714
51.089998960494995,43.51985,0.8635583,0.3106879
51.100001096725464,43.53585,0.8635583,0.3119087
51.10999941825867,43.539852,0.8635583,0.31312945
51.120001554489136,43.50785,0.8635583,0.31435025
51.12999987602234,43.531853,0.8635583,0.315571
51.13999819755554,43.55585,0.86362565,0.315571
51.15000033378601,43.551853,0.86362565,0.3167918
51.159998655319214,43.53585,0.86362565,0.31801257
51.17000079154968,43.55585,0.86362565,0.31923336
51.179999113082886,43.523853,0.86362565,0.32045412
51.190001249313354,43.499855,0.86362565,0.3216749
51.19999957084656,43.53585,0.86362565,0.32289568
51.210001707077026,43.531853,0.86362565,0.32411647
51.22000002861023,43.531853,0.86369306,0.32533723
51.22999835014343,43.511852,0.86369306,0.32533723
51.2400004863739,43.51985,0.86369306,0.32655802
51.249998807907104,43.52785,0.86376035,0.3277788
51.26000094413757,43.531853,0.8639625,0.3277788
51.269999265670776,43.53585,0.86409724,0.3277788
51.280001401901245,43.559853,0.8642993,0.3277788
51.28999972343445,43.523853,0.8645688,0.32655802
51.30000185966492,43.539852,0.86490566,0.32655802
51.31000018119812,43.54385,0.8653099,0.32411647
51.31999850273132,43.559853,0.86591625,0.3216749
51.33000063896179,43.551853,0.8667247,0.3167918
51.339998960494995,43.539852,0.8676005,0.3119087
51.350001096725464,43.54385,0.8683416,0.30702558
51.35999941825867,43.51985,0.86901534,0.30458403
51.370001554489136,43.52785,0.8694195,0.30214247
51.37999987602234,43.551853,0.8695543,0.30214247
51.38999819755554,43.531853,0.86962163,0.30336323
51.40000033378601,43.52785,0.86962163,0.30458403
51.409998655319214,43.54785,0.86962163,0.3058048
51.42000079154968,43.54785,0.86962163,0.30702558
51.429999113082886,43.511852,0.869689,0.30702558
51.440001249313354,43.53585,0.869689,0.30824634
51.44999957084656,43.539852,0.869689,0.30946714
51.460001707077026,43.52785,0.8697564,0.3106879
51.47000002861023,43.51985,0.8697564,0.3119087
51.47999835014343,43.53585,0.86982375,0.3119087
51.4900004863739,43.53585,0.86982375,0.31312945
51.499998807907104,43.531853,0.86982375,0.31435025
51.51000094413757,43.54785,0.8698911,0.315571
51.519999265670776,43.54785,0.8699585,0.315571
51.530001401901245,43.52785,0.8700932,0.3167918
51.53999972343445,43.51985,0.8700932,0.3167918
51.55000185966492,43.54785,0.8701606,0.31923336
51.56000018119812,43.539852,0.8701606,0.31923336
51.56999850273132,43.51985,0.87022793,0.31923336
51.58000063896179,43.52785,0.87022793,0.3216749
51.589998960494995,43.531853,0.87022793,0.3216749
51.600001096725464,43.53585,0.87029535,0.32289568
51.60999941825867,43.539852,0.8703627,0.32289568
51.620001554489136,43.56385,0.8705649,0.32289568
51.62999987602234,43.54785,0.8708343,0.32289568
51.63999819755554,43.53585,0.8712385,0.3216749
51.65000033378601,43.531853,0.8718449,0.31801257
51.659998655319214,43.53585,0.87258595,0.31435025
51.67000079154968,43.51985,0.8734618,0.30946714
51.679999113082886,43.511852,0.87420285,0.3058048
51.690001249313354,43.511852,0.8748092,0.30214247
51.69999957084656,43.523853,0.87521344,0.30092168
51.710001707077026,43.50785,0.87534815,0.30092168
51.72000002861023,43.571854,0.8754155,0.30092168
