"TEST_HEADER_START","Data source","Date","Time","Start Timestamp","End Timestamp","Specimen identifier","TEST_HEADER_END","SPECIMEN_HEADER_START","Specimen type","Thickness (mm)","Area (sq mm)","Axial Gauge Length (mm)","Transverse Gauge Length (mm)","Grip Separation (mm)","SPECIMEN_HEADER_END","RESULTS_HEADER_START","Displacement at 0.000 N (%) ","Displacement at Maximum Load (%) ","Extension at Max Load (mm) ","Load at Break (N) ","Load at Max Position (N) ","RESULTS_HEADER_END"
"TEST_INFO_START","L180-192-3C-2026-04-19-14-19-43.mtwData","2026-04-19","14:19:43","2026-04-19 14:19:43.657","2026-04-19 14:19:43.714","35","TEST_INFO_END","SPECIMEN_INFO_START","Thickness",10.2,999999.9,7.6199994,7.6199994,25.0,"SPECIMEN_INFO_END","RESULTS_INFO_START","0.00","N/A","N/A","N/A","N/A","N/A","N/A","N/A","N/A","N/A","12.21","0.931","41.648","RESULTS_INFO_END"

"Time","Load (N)","Position (mm)","Control Out (V)"
0.0,0.14399952,0.0,0.39614233
0.01000000536441803,0.295999,0.0011453028,0.39003846
0.019999995827674866,0.48799834,0.0027622008,0.38027224
0.030000001192092896,0.60399795,0.004311728,0.37050602
0.03999999165534973,0.68799764,0.0056591425,0.36318135
0.04999999701976776,0.7559974,0.006939187,0.3546359
0.06000000238418579,0.8559971,0.008421344,0.34609047
0.06999999284744263,0.9959966,0.00983613,0.337545
0.07999999821186066,1.1479961,0.01077932,0.33144113
0.09000000357627869,1.2359958,0.011318286,0.32899958
0.09999999403953552,1.2919956,0.011722512,0.32655802
0.10999999940395355,1.3559954,0.012126735,0.32533723
0.12000000476837158,1.4519951,0.012598331,0.32289568
0.12999999523162842,1.5319948,0.013069926,0.3216749
0.13999998569488525,1.5519947,0.0135415215,0.31923336
0.15000000596046448,1.5919946,0.014147858,0.3167918
0.1599999964237213,1.6119945,0.014686824,0.31312945
0.16999998688697815,1.6119945,0.014956307,0.31312945
0.18000000715255737,1.5599947,0.015023679,0.31312945
0.1899999976158142,1.5799946,0.015023679,0.31435025
0.19999998807907104,1.5959946,0.015091049,0.315571
0.21000000834465027,1.6559944,0.015158419,0.3167918
0.2199999988079071,1.7199942,0.0152931595,0.3167918
0.22999998927116394,1.7959938,0.015427901,0.3167918
0.24000000953674316,1.8359938,0.015630014,0.3167918
0.25,1.759994,0.015764756,0.3167918
0.25999999046325684,1.7199942,0.015966868,0.3167918
0.27000001072883606,1.6799942,0.01610161,0.3167918
0.2800000011920929,1.6519943,0.016236352,0.3167918
0.28999999165534973,1.6719943,0.016438464,0.3167918
0.30000001192092896,1.7999939,0.016707946,0.315571
0.3100000023841858,1.9279935,0.0170448,0.31435025
0.3199999928474426,1.9919932,0.017516395,0.3119087
0.32999998331069946,2.083993,0.018190103,0.30824634
0.3400000035762787,2.1239927,0.018998552,0.30458403
0.3499999940395355,2.1399927,0.019874372,0.29970092
0.35999998450279236,2.1199927,0.020817561,0.2948178
0.3700000047683716,2.1239927,0.02149127,0.29115546
0.3799999952316284,2.1479926,0.021760752,0.2899347
0.38999998569488525,2.1439927,0.021760752,0.29115546
0.3999999761581421,2.1879926,0.021760752,0.29237625
0.4100000262260437,2.319992,0.021760752,0.293597
0.42000001668930054,2.4439917,0.021760752,0.2948178
0.4300000071525574,2.4759915,0.021828122,0.2948178
0.4399999976158142,2.4399917,0.021828122,0.29603857
0.44999998807907104,2.363992,0.021828122,0.29725936
0.4599999785423279,2.2719922,0.021895494,0.29848012
0.4699999690055847,2.1959925,0.021895494,0.29970092
0.48000001907348633,2.1999927,0.021962864,0.29970092
0.49000000953674316,2.2599924,0.022030236,0.30092168
0.5,2.335992,0.022030236,0.30214247
0.5099999904632568,2.4319918,0.022097606,0.30214247
0.5199999809265137,2.5159914,0.022097606,0.30336323
0.5299999713897705,2.4999914,0.022164978,0.30458403
0.5400000214576721,2.3919919,0.022232348,0.30458403
0.550000011920929,2.323992,0.02229972,0.3058048
0.5600000023841858,2.2599924,0.02236709,0.3058048
0.5699999928474426,2.2239923,0.02236709,0.30824634
0.5799999833106995,2.2719922,0.022434462,0.30824634
0.5899999737739563,2.3719919,0.022501832,0.30946714
0.6000000238418579,2.4599917,0.022501832,0.3106879
0.6100000143051147,2.5039916,0.022636572,0.3106879
0.6200000047683716,2.5279915,0.022636572,0.3119087
0.6299999952316284,2.4759915,0.022636572,0.31312945
0.6399999856948853,2.3799918,0.022636572,0.31435025
0.6499999761581421,2.2919922,0.022636572,0.315571
0.6600000262260437,2.2679923,0.022636572,0.3167918
0.6700000166893005,2.3079922,0.022636572,0.3167918
0.6800000071525574,2.387992,0.022703942,0.31801257
0.6899999976158142,2.4919918,0.022771314,0.31801257
0.699999988079071,2.5519915,0.022771314,0.32045412
0.7099999785423279,2.5159914,0.022838684,0.32045412
0.7199999690055847,2.4679914,0.022973426,0.32045412
0.7300000190734863,2.3999918,0.023108168,0.32045412
0.7400000095367432,2.359992,0.023310281,0.32045412
0.75,2.351992,0.023579761,0.32045412
0.7599999904632568,2.3959918,0.023849245,0.31923336
0.7699999809265137,2.5239913,0.02425347,0.31801257
0.7799999713897705,2.6519911,0.024792437,0.315571
0.7900000214576721,2.7279906,0.025264032,0.31312945
0.800000011920929,2.7759907,0.025668256,0.3119087
0.8100000023841858,2.8079903,0.026274594,0.30824634
0.8199999928474426,2.8039904,0.027083043,0.30458403
0.8299999833106995,2.8239903,0.02789149,0.29970092
0.8399999737739563,2.8799903,0.028565198,0.29603857
0.8500000238418579,2.92799,0.029036794,0.293597
0.8600000143051147,2.97999,0.02950839,0.29237625
0.8700000047683716,3.0719895,0.029912615,0.2899347
0.8799999952316284,3.223989,0.030451579,0.28749314
0.8899999856948853,3.3079886,0.030990543,0.28505158
0.8999999761581421,3.3679886,0.031462137,0.28261003
0.9099999666213989,3.3319888,0.031664252,0.28261003
0.9199999570846558,3.263989,0.03173162,0.28261003
0.9299999475479126,3.203989,0.031798992,0.2838308
0.940000057220459,3.1639893,0.031866364,0.28505158
0.9500000476837158,3.263989,0.032001104,0.28505158
0.9600000381469727,3.3319888,0.032135848,0.28505158
0.9700000286102295,3.4199882,0.032270588,0.28505158
0.9800000190734863,3.4719882,0.03240533,0.28505158
0.9900000095367432,3.511988,0.032607444,0.28505158
1.0,3.463988,0.032742184,0.28505158
1.0099999904632568,3.3639884,0.032876927,0.28627235
1.0199999809265137,3.3159888,0.033011667,0.28627235
1.0299999713897705,3.3159888,0.033213776,0.28627235
1.0399999618530273,3.3479886,0.03334852,0.28627235
1.0499999523162842,3.4319882,0.03341589,0.28627235
1.059999942779541,3.547988,0.03355063,0.28627235
1.0700000524520874,3.6079876,0.033618003,0.28749314
1.0800000429153442,3.583988,0.033752743,0.28749314
1.090000033378601,3.559988,0.033752743,0.2887139
1.100000023841858,3.487988,0.033820115,0.2899347
1.1100000143051147,3.4119885,0.033887487,0.2899347
1.1200000047683716,3.3759885,0.033954855,0.29115546
1.1299999952316284,3.4279883,0.0340896,0.29115546
1.1399999856948853,3.4959881,0.03415697,0.29237625
1.149999976158142,3.5559878,0.03422434,0.29237625
1.159999966621399,3.6239877,0.034359083,0.29237625
1.1699999570846558,3.6519876,0.034493823,0.29237625
1.1799999475479126,3.6359875,0.034628566,0.293597
1.190000057220459,3.551988,0.034763306,0.293597
1.2000000476837158,3.527988,0.03483068,0.2948178
1.2100000381469727,3.5039883,0.03503279,0.2948178
1.2200000286102295,3.535988,0.03516753,0.2948178
1.2300000190734863,3.603988,0.035369642,0.293597
1.2400000095367432,3.7119873,0.035706494,0.29237625
1.25,3.7879872,0.036178093,0.29115546
1.2599999904632568,3.8759866,0.03678443,0.28749314
1.2699999809265137,3.9279866,0.037458133,0.2838308
1.2799999713897705,3.9119868,0.0379971,0.28138924
1.2899999618530273,3.8399868,0.038401328,0.28016847
1.2999999523162842,3.783987,0.03873818,0.27894768
1.309999942779541,3.827987,0.039142404,0.27650613
1.3200000524520874,3.9399865,0.039479256,0.27528536
1.3300000429153442,4.0359864,0.03968137,0.27528536
1.340000033378601,4.119986,0.03968137,0.27650613
1.350000023841858,4.175986,0.03968137,0.27772692
1.3600000143051147,4.1839857,0.03974874,0.27894768
1.3700000047683716,4.115986,0.03974874,0.28016847
1.3799999952316284,4.0639863,0.03974874,0.28138924
1.3899999856948853,3.9999862,0.03981611,0.28138924
1.399999976158142,3.9559867,0.03981611,0.28261003
1.409999966621399,3.9679866,0.039883483,0.2838308
1.4199999570846558,4.0639863,0.039950855,0.2838308
1.4299999475479126,4.1599855,0.039950855,0.28505158
1.440000057220459,4.1999855,0.040018223,0.28627235
1.4500000476837158,4.207986,0.040085595,0.28627235
1.4600000381469727,4.167986,0.040152967,0.28749314
1.4700000286102295,4.1039863,0.040220335,0.28749314
1.4800000190734863,4.0359864,0.040287707,0.2887139
1.4900000095367432,4.031986,0.04035508,0.2887139
1.5,4.0439863,0.04042245,0.2899347
1.5099999904632568,4.0839863,0.04048982,0.29115546
1.5199999809265137,4.155986,0.04055719,0.29115546
1.5299999713897705,4.2559857,0.040691935,0.29115546
1.5399999618530273,4.2639856,0.040826675,0.29237625
1.5499999523162842,4.2679853,0.041096155,0.29115546
1.559999942779541,4.2239857,0.041298267,0.29115546
1.5700000524520874,4.1799855,0.04150038,0.29115546
1.5800000429153442,4.127986,0.041702494,0.29115546
1.590000033378601,4.147986,0.041971978,0.2899347
1.600000023841858,4.2719855,0.0423762,0.2887139
1.6100000143051147,4.395985,0.042847797,0.28627235
1.6200000047683716,4.5199847,0.04338676,0.28261003
1.6299999952316284,4.6039844,0.043790985,0.28138924
1.6399999856948853,4.5719843,0.04392573,0.28138924
1.649999976158142,4.459985,0.043993097,0.28261003
1.659999966621399,4.3679852,0.043993097,0.2838308
1.6699999570846558,4.3479853,0.043993097,0.28505158
1.6799999475479126,4.395985,0.04406047,0.28505158
1.690000057220459,4.455985,0.04412784,0.28627235
1.7000000476837158,4.5479846,0.04412784,0.28749314
1.7100000381469727,4.6279845,0.04412784,0.2887139
1.7200000286102295,4.631984,0.044195212,0.2887139
1.7300000190734863,4.5719843,0.044195212,0.29115546
1.7400000095367432,4.491985,0.04426258,0.29115546
1.75,4.4279847,0.044464696,0.29115546
1.7599999904632568,4.419985,0.04473418,0.2899347
1.7699999809265137,4.4679847,0.0451384,0.2887139
1.7799999713897705,4.5959845,0.045475256,0.28749314
1.7899999618530273,4.695984,0.045744736,0.28749314
1.7999999523162842,4.711984,0.045812108,0.28749314
1.809999942779541,4.6919837,0.04587948,0.28749314
1.8200000524520874,4.675984,0.04587948,0.2887139
1.8300000429153442,4.6239843,0.04594685,0.2899347
1.840000033378601,4.6079845,0.04608159,0.2899347
1.850000023841858,4.631984,0.046216335,0.2899347
1.8600000143051147,4.667984,0.046283703,0.29115546
1.869999885559082,4.687984,0.046283703,0.29237625
1.880000114440918,4.723984,0.046351075,0.29237625
1.8900001049041748,4.7839837,0.04648582,0.29237625
1.9000000953674316,4.7719836,0.04662056,0.293597
1.9100000858306885,4.739984,0.04668793,0.293597
1.9200000762939453,4.715984,0.0467553,0.2948178
1.9300000667572021,4.695984,0.046890043,0.2948178
1.940000057220459,4.695984,0.046890043,0.29603857
1.9500000476837158,4.719984,0.046957415,0.29603857
1.9600000381469727,4.7439837,0.047024783,0.29725936
1.9700000286102295,4.787984,0.047092155,0.29848012
1.9800000190734863,4.7919836,0.047092155,0.29970092
1.9900000095367432,4.8239837,0.047226895,0.29970092
2.0,4.8319836,0.047294263,0.30092168
2.009999990463257,4.7999835,0.047361635,0.30092168
2.0199999809265137,4.755984,0.047361635,0.30214247
2.0299999713897705,4.751984,0.04749638,0.30214247
2.0399999618530273,4.7639837,0.047563747,0.30214247
2.049999952316284,4.795984,0.04776586,0.30214247
2.059999942779541,4.8519835,0.047967974,0.30214247
2.069999933242798,4.931983,0.048170086,0.30214247
2.0799999237060547,4.955983,0.04843957,0.30092168
2.0899999141693115,4.943983,0.04877642,0.30092168
2.0999999046325684,4.9839835,0.049180645,0.29848012
2.109999895095825,5.007983,0.04965224,0.29603857
2.119999885559082,5.007983,0.050056465,0.2948178
2.130000114440918,5.0279827,0.05032595,0.2948178
2.140000104904175,5.0639825,0.050595433,0.293597
2.1500000953674316,5.123983,0.050864916,0.29237625
2.1600000858306885,5.1759825,0.051134396,0.29237625
2.1700000762939453,5.259982,0.05140388,0.29115546
2.180000066757202,5.3199816,0.051673364,0.29115546
2.190000057220459,5.327982,0.051875476,0.29115546
2.200000047683716,5.2559824,0.051942848,0.29115546
2.2100000381469727,5.239982,0.05201022,0.29115546
2.2200000286102295,5.2039824,0.052077588,0.29237625
2.2300000190734863,5.207982,0.052077588,0.293597
2.240000009536743,5.2719817,0.05214496,0.2948178
2.25,5.327982,0.05214496,0.2948178
2.259999990463257,5.3399816,0.05214496,0.29603857
2.2699999809265137,5.355982,0.05221233,0.29725936
2.2799999713897705,5.3639817,0.0522797,0.29848012
2.2899999618530273,5.331982,0.05234707,0.29848012
2.299999952316284,5.2639823,0.052414443,0.29970092
2.309999942779541,5.2319818,0.052414443,0.30092168
2.319999933242798,5.247982,0.052414443,0.30214247
2.3299999237060547,5.279982,0.052414443,0.30214247
2.3399999141693115,5.315982,0.052481815,0.30336323
2.3499999046325684,5.391982,0.052549183,0.30458403
2.359999895095825,5.4199815,0.052616555,0.30458403
2.369999885559082,5.3999815,0.052683927,0.3058048
2.380000114440918,5.347982,0.052683927,0.30702558
2.390000104904175,5.311982,0.052683927,0.30824634
2.4000000953674316,5.2919817,0.0527513,0.30824634
2.4100000858306885,5.2639823,0.0527513,0.30946714
2.4200000762939453,5.307982,0.052818667,0.3106879
2.430000066757202,5.371982,0.05295341,0.3106879
2.440000057220459,5.4239817,0.053020783,0.3106879
2.450000047683716,5.4399815,0.05308815,0.3119087
2.4600000381469727,5.4679813,0.05322289,0.3119087
2.4700000286102295,5.4399815,0.053425003,0.3119087
2.4800000190734863,5.3839817,0.053627115,0.3119087
2.490000009536743,5.3679814,0.053829227,0.3119087
2.5,5.375982,0.054031342,0.3106879
2.509999990463257,5.4279814,0.054300822,0.3106879
2.5199999809265137,5.499981,0.054637678,0.30946714
2.5299999713897705,5.6079807,0.054974534,0.30824634
2.5399999618530273,5.687981,0.055446126,0.3058048
2.549999952316284,5.7439804,0.05591772,0.30458403
2.559999942779541,5.76798,0.05645669,0.30092168
2.569999933242798,5.8079805,0.056995656,0.29848012
2.5799999237060547,5.8039804,0.05753462,0.29603857
2.5899999141693115,5.78798,0.058073584,0.293597
2.5999999046325684,5.8279805,0.05841044,0.29237625
2.609999895095825,5.88398,0.05861255,0.29237625
2.619999885559082,5.9319797,0.058679923,0.29237625
2.630000114440918,5.9639797,0.058679923,0.293597
2.640000104904175,6.043979,0.058747295,0.2948178
2.6500000953674316,6.0559797,0.058747295,0.29603857
2.6600000858306885,6.02798,0.058747295,0.29725936
2.6700000762939453,5.9839797,0.058814663,0.29725936
2.680000066757202,5.9759793,0.058882035,0.29848012
2.690000057220459,5.9519796,0.058949407,0.29848012
2.700000047683716,5.92798,0.05901678,0.29970092
2.7100000381469727,5.93998,0.05901678,0.30092168
2.7200000286102295,5.9839797,0.059084147,0.30214247
2.7300000190734863,6.043979,0.059084147,0.30214247
2.740000009536743,6.0599794,0.059151515,0.30458403
2.75,6.083979,0.059151515,0.30458403
2.759999990463257,6.0599794,0.05928626,0.30458403
2.7699999809265137,6.023979,0.059353627,0.3058048
2.7799999713897705,6.00798,0.05948837,0.3058048
2.7899999618530273,6.023979,0.059555743,0.3058048
2.799999952316284,6.0199795,0.059690483,0.3058048
2.809999942779541,6.02798,0.059690483,0.30824634
2.819999933242798,6.091979,0.059690483,0.30824634
2.8299999237060547,6.1079793,0.059757855,0.30946714
2.8399999141693115,6.103979,0.059825223,0.3106879
2.8499999046325684,6.1159787,0.059959967,0.3106879
2.859999895095825,6.135979,0.06016208,0.3106879
2.869999885559082,6.139979,0.060431566,0.30946714
2.880000114440918,6.1199794,0.060768414,0.30824634
2.890000104904175,6.191979,0.061240014,0.30702558
2.9000000953674316,6.2679787,0.06177898,0.30458403
2.9100000858306885,6.343978,0.06252006,0.30092168
2.9200000762939453,6.455978,0.063328505,0.2948178
2.930000066757202,6.591977,0.06440644,0.2899347
2.940000057220459,6.695977,0.065484375,0.28261003
2.950000047683716,6.739977,0.066292815,0.27894768
2.9600000381469727,6.7119775,0.06649493,0.27772692
2.9700000286102295,6.639977,0.0665623,0.27894768
2.9800000190734863,6.6239777,0.0665623,0.28016847
2.990000009536743,6.6479774,0.0665623,0.28138924
3.0,6.7879767,0.0665623,0.28261003
3.009999990463257,6.8839765,0.0665623,0.28261003
3.0199999809265137,6.967976,0.0665623,0.28505158
3.0299999713897705,6.9599767,0.0665623,0.28505158
3.0399999618530273,6.887976,0.0665623,0.28627235
3.049999952316284,6.783977,0.0665623,0.28749314
3.059999942779541,6.6359773,0.0665623,0.2887139
3.069999933242798,6.6159773,0.0665623,0.2899347
3.0799999237060547,6.6719775,0.0665623,0.29115546
3.0899999141693115,6.783977,0.0665623,0.29237625
3.0999999046325684,6.8679767,0.0665623,0.293597
3.109999895095825,6.9599767,0.0665623,0.2948178
3.119999885559082,6.9359765,0.0665623,0.29603857
3.130000114440918,6.8399763,0.06662967,0.29603857
3.140000104904175,6.763977,0.06662967,0.29848012
3.1500000953674316,6.6919775,0.06662967,0.29848012
3.1600000858306885,6.6359773,0.06662967,0.29970092
3.1700000762939453,6.659977,0.06662967,0.30092168
3.180000066757202,6.7599773,0.06662967,0.30214247
3.190000057220459,6.891977,0.06662967,0.30336323
3.200000047683716,6.927976,0.06662967,0.30458403
3.2100000381469727,6.9159765,0.06662967,0.3058048
3.2200000286102295,6.8799767,0.06662967,0.30702558
3.2300000190734863,6.755977,0.06662967,0.30824634
3.240000009536743,6.639977,0.06662967,0.30946714
3.25,6.6439776,0.06662967,0.3106879
3.259999990463257,6.6919775,0.06662967,0.3119087
3.2699999809265137,6.763977,0.06662967,0.31312945
3.2799999713897705,6.8159766,0.066697046,0.31435025
3.2899999618530273,6.9039764,0.066697046,0.31435025
3.299999952316284,6.9199767,0.066697046,0.315571
3.309999942779541,6.8679767,0.066697046,0.3167918
3.319999933242798,6.771977,0.066697046,0.31801257
3.3299999237060547,6.719977,0.066764414,0.31923336
3.3399999141693115,6.6879773,0.06689916,0.31923336
3.3499999046325684,6.695977,0.067033894,0.31923336
3.359999895095825,6.8079767,0.06716864,0.31923336
3.369999885559082,6.927976,0.067438126,0.31801257
3.380000114440918,7.019976,0.06790972,0.3167918
3.390000104904175,7.107976,0.06851605,0.31435025
3.4000000953674316,7.1799755,0.06925713,0.3106879
3.4100000858306885,7.1759753,0.07013295,0.30458403
3.4200000762939453,7.183975,0.07121088,0.29848012
3.430000066757202,7.251975,0.07222145,0.29237625
3.440000057220459,7.2759757,0.07276041,0.2899347
3.450000047683716,7.2999754,0.07296253,0.2899347
3.4600000381469727,7.323975,0.0730299,0.29115546
3.4700000286102295,7.4319744,0.073097266,0.29115546
3.4800000190734863,7.547974,0.073097266,0.29237625
3.490000009536743,7.6039743,0.07316464,0.29237625
3.5,7.639974,0.07329938,0.293597
3.509999990463257,7.607974,0.073366754,0.293597
3.5199999809265137,7.5079746,0.073366754,0.2948178
3.5299999713897705,7.399975,0.07343412,0.29603857
3.5399999618530273,7.3879747,0.0735015,0.29603857
3.549999952316284,7.4119744,0.073636234,0.29603857
3.559999942779541,7.4759746,0.073838346,0.29603857
3.569999933242798,7.607974,0.074107826,0.29603857
3.5799999237060547,7.7239738,0.07444468,0.2948178
3.5899999141693115,7.8239737,0.074848905,0.29237625
3.5999999046325684,7.8039737,0.0753205,0.29115546
3.609999895095825,7.7839737,0.075859465,0.2887139
3.619999885559082,7.731974,0.076331064,0.28627235
3.630000114440918,7.7239738,0.077004775,0.28261003
3.640000104904175,7.775974,0.07761111,0.27894768
3.6500000953674316,7.875973,0.078015335,0.27772692
3.6600000858306885,7.951973,0.07815007,0.27772692
3.6700000762939453,7.9879727,0.07815007,0.27894768
3.680000066757202,8.039972,0.07815007,0.28016847
3.690000057220459,8.067972,0.07815007,0.28138924
3.700000047683716,8.067972,0.07821744,0.28261003
3.7100000381469727,8.043972,0.07821744,0.2838308
3.7200000286102295,7.9879727,0.07821744,0.28505158
3.7300000190734863,7.951973,0.07828481,0.28505158
3.740000009536743,7.931973,0.07835218,0.28627235
3.75,7.9599733,0.07835218,0.28627235
3.759999990463257,8.0239725,0.07841955,0.2887139
3.7699999809265137,8.035973,0.07841955,0.2887139
3.7799999713897705,8.047973,0.07848693,0.2899347
3.7899999618530273,8.071973,0.078554295,0.2899347
3.799999952316284,8.071973,0.07862166,0.29115546
3.809999942779541,8.039972,0.07875641,0.29115546
3.819999933242798,8.007973,0.078823775,0.29237625
3.8299999237060547,7.9799733,0.07889115,0.29237625
3.8399999141693115,7.9799733,0.07895852,0.293597
3.8499999046325684,8.015973,0.07909326,0.293597
3.859999895095825,8.095973,0.079295374,0.293597
3.870000123977661,8.183972,0.079564855,0.29237625
3.879999876022339,8.223971,0.07983434,0.29237625
3.890000104904175,8.203972,0.08010382,0.29115546
3.8999998569488525,8.207973,0.08037331,0.29115546
3.9100000858306885,8.187972,0.080710165,0.2887139
3.919999837875366,8.183972,0.08111439,0.28749314
3.930000066757202,8.251971,0.08158598,0.28505158
3.93999981880188,8.363972,0.08219232,0.28261003
3.950000047683716,8.467971,0.082731284,0.28016847
3.9599997997283936,8.559971,0.08333762,0.27650613
3.9700000286102295,8.619971,0.08380921,0.27528536
3.9799997806549072,8.60797,0.083943956,0.27528536
3.990000009536743,8.527971,0.083943956,0.27650613
3.999999761581421,8.459971,0.083943956,0.27650613
4.009999990463257,8.495971,0.083943956,0.27894768
4.020000219345093,8.535971,0.08401133,0.27894768
4.0299999713897705,8.611971,0.08401133,0.28016847
4.0400002002716064,8.68797,0.0840787,0.28138924
4.049999952316284,8.74397,0.0840787,0.28261003
4.06000018119812,8.691971,0.0840787,0.28261003
4.069999933242798,8.615971,0.08414607,0.2838308
4.080000162124634,8.575971,0.08414607,0.28505158
4.0899999141693115,8.507971,0.08421344,0.28627235
4.1000001430511475,8.515971,0.08421344,0.28627235
4.109999895095825,8.531971,0.08428081,0.28749314
4.120000123977661,8.619971,0.08428081,0.2887139
4.129999876022339,8.68397,0.084415555,0.2887139
4.140000104904175,8.72797,0.0845503,0.2887139
4.1499998569488525,8.73997,0.08461767,0.2899347
4.1600000858306885,8.71197,0.084685035,0.29115546
4.169999837875366,8.639971,0.08481978,0.29115546
4.180000066757202,8.56797,0.08481978,0.29237625
4.18999981880188,8.555971,0.08481978,0.29237625
4.200000047683716,8.57997,0.08488715,0.293597
4.2099997997283936,8.623971,0.08495452,0.2948178
4.2200000286102295,8.72797,0.08508926,0.2948178
4.229999780654907,8.78397,0.08508926,0.29603857
4.240000009536743,8.78797,0.085156634,0.29603857
4.249999761581421,8.74397,0.085224,0.29725936
4.259999990463257,8.70397,0.08529138,0.29848012
4.270000219345093,8.663971,0.085426114,0.29848012
4.2799999713897705,8.627971,0.08549349,0.29848012
4.2900002002716064,8.627971,0.08562823,0.29848012
4.299999952316284,8.719971,0.08583034,0.29848012
4.31000018119812,8.79597,0.08596508,0.29848012
4.319999933242798,8.85997,0.08616719,0.29848012
4.330000162124634,8.91997,0.086436674,0.29848012
4.3399999141693115,8.935969,0.08677353,0.29603857
4.3500001430511475,8.91197,0.08717775,0.2948178
4.359999895095825,8.84797,0.08751461,0.293597
4.370000123977661,8.86797,0.08791883,0.29237625
4.379999876022339,8.87197,0.08818831,0.29115546
4.390000104904175,8.907969,0.08852517,0.29115546
4.3999998569488525,9.039969,0.08892939,0.2887139
4.4100000858306885,9.167969,0.08940099,0.28749314
4.419999837875366,9.259969,0.089805216,0.28505158
4.430000066757202,9.279968,0.090142064,0.2838308
4.43999981880188,9.291968,0.090411544,0.28261003
4.450000047683716,9.215969,0.090613656,0.28261003
4.4599997997283936,9.139969,0.09068103,0.2838308
4.4700000286102295,9.103969,0.09068103,0.28505158
4.479999780654907,9.159968,0.09068103,0.28627235
4.490000009536743,9.227968,0.09068103,0.28627235
4.499999761581421,9.3159685,0.09068103,0.2887139
4.509999990463257,9.391968,0.0907484,0.2887139
4.520000219345093,9.435968,0.0907484,0.2899347
4.5299999713897705,9.347968,0.0907484,0.29115546
4.5400002002716064,9.259969,0.090815775,0.29237625
4.549999952316284,9.199968,0.090815775,0.29237625
4.56000018119812,9.155969,0.090815775,0.2948178
4.569999933242798,9.147969,0.090815775,0.2948178
4.580000162124634,9.2239685,0.09088314,0.29603857
4.5899999141693115,9.311968,0.09095051,0.29603857
4.6000001430511475,9.387968,0.09101789,0.29725936
4.609999895095825,9.399968,0.091085255,0.29848012
4.620000123977661,9.403968,0.09115262,0.29848012
4.629999876022339,9.323969,0.09122,0.29970092
4.640000104904175,9.239968,0.09128737,0.30092168
4.6499998569488525,9.191969,0.091354735,0.30092168
4.6600000858306885,9.199968,0.091354735,0.30214247
4.669999837875366,9.259969,0.09142211,0.30214247
4.680000066757202,9.323969,0.091556855,0.30214247
4.68999981880188,9.447968,0.09169159,0.30336323
4.700000047683716,9.499968,0.091826335,0.30336323
4.7099997997283936,9.467968,0.0918937,0.30458403
4.7200000286102295,9.407968,0.09202845,0.30458403
4.729999780654907,9.363968,0.09223056,0.30458403
4.740000009536743,9.303968,0.0923653,0.30458403
4.749999761581421,9.303968,0.092500046,0.30458403
4.759999990463257,9.359968,0.09263478,0.30458403
4.770000219345093,9.435968,0.092769526,0.30458403
4.7799999713897705,9.511968,0.09297164,0.30458403
4.7900002002716064,9.571968,0.093241125,0.30458403
4.799999952316284,9.627967,0.09344324,0.30336323
4.81000018119812,9.615968,0.09371272,0.30336323
4.819999933242798,9.571968,0.093982205,0.30214247
4.830000162124634,9.527967,0.09425168,0.30214247
4.8399999141693115,9.539968,0.09445379,0.30092168
4.8500001430511475,9.551968,0.09472328,0.30092168
4.859999895095825,9.639967,0.09506013,0.29970092
4.870000123977661,9.779966,0.095464356,0.29848012
4.879999876022339,9.891966,0.09607069,0.2948178
4.890000104904175,9.999966,0.0967444,0.29115546
4.8999998569488525,10.011966,0.097215995,0.2887139
4.9100000858306885,9.975966,0.09762023,0.28749314
4.919999837875366,9.903966,0.09782234,0.28749314
4.930000066757202,9.831967,0.097957075,0.28749314
4.93999981880188,9.839967,0.09802445,0.2887139
4.950000047683716,9.911966,0.09802445,0.2887139
4.9599997997283936,10.019966,0.09809182,0.2899347
4.9700000286102295,10.139966,0.098226555,0.2899347
4.979999780654907,10.247966,0.09842867,0.2899347
4.990000009536743,10.255965,0.09869815,0.2899347
4.999999761581421,10.207966,0.098967634,0.2887139
5.009999990463257,10.099966,0.09930449,0.28749314
5.020000219345093,10.063966,0.09977608,0.28505158
5.0299999713897705,10.087965,0.100382425,0.28261003
5.0400002002716064,10.151966,0.10085402,0.28016847
5.049999952316284,10.295965,0.10125824,0.27894768
5.06000018119812,10.435964,0.1015951,0.27772692
5.069999933242798,10.503963,0.101864584,0.27650613
5.080000162124634,10.555964,0.102066696,0.27650613
5.0899999141693115,10.539965,0.10213406,0.27650613
5.1000001430511475,10.467964,0.10213406,0.27772692
5.109999895095825,10.387964,0.102201425,0.27894768
5.120000123977661,10.375965,0.102201425,0.28016847
5.129999876022339,10.387964,0.1022688,0.28138924
5.140000104904175,10.451964,0.1022688,0.28138924
5.1499998569488525,10.487965,0.1022688,0.28261003
5.1600000858306885,10.547964,0.1022688,0.2838308
5.169999837875366,10.571963,0.1022688,0.28505158
5.180000066757202,10.5159645,0.1022688,0.28627235
5.18999981880188,10.479964,0.1022688,0.28749314
5.200000047683716,10.435964,0.1022688,0.2887139
5.2099997997283936,10.379965,0.10233617,0.2899347
5.2200000286102295,10.371964,0.10233617,0.29115546
5.229999780654907,10.439964,0.10233617,0.29237625
5.240000009536743,10.479964,0.10233617,0.29237625
5.249999761581421,10.531963,0.10233617,0.2948178
5.259999990463257,10.551964,0.10240354,0.2948178
5.270000219345093,10.555964,0.10240354,0.29603857
5.2799999713897705,10.503963,0.10240354,0.29725936
5.2900002002716064,10.411964,0.10240354,0.29848012
5.299999952316284,10.399964,0.10247091,0.29848012
5.31000018119812,10.395964,0.10247091,0.29970092
5.319999933242798,10.423965,0.10253828,0.30092168
5.330000162124634,10.459965,0.102605656,0.30092168
5.3399999141693115,10.567965,0.102673024,0.30214247
5.3500001430511475,10.6079645,0.10280777,0.30214247
5.359999895095825,10.587964,0.10280777,0.30336323
5.370000123977661,10.535964,0.102875136,0.30458403
5.379999876022339,10.475964,0.102942504,0.30458403
5.390000104904175,10.447965,0.10300988,0.3058048
5.3999998569488525,10.419965,0.10314462,0.3058048
5.4100000858306885,10.495964,0.10321199,0.3058048
5.419999837875366,10.551964,0.103346735,0.30702558
5.430000066757202,10.623964,0.1034141,0.30702558
5.43999981880188,10.6479645,0.10354885,0.30824634
5.450000047683716,10.679963,0.10368358,0.30824634
5.4599997997283936,10.655964,0.1038857,0.30702558
5.4700000286102295,10.615964,0.10415518,0.30702558
5.479999780654907,10.6079645,0.10449204,0.3058048
5.490000009536743,10.6479645,0.10489626,0.30458403
5.499999761581421,10.707963,0.10543523,0.30092168
5.509999990463257,10.799963,0.106041566,0.29848012
5.520000219345093,10.915963,0.10651316,0.29603857
5.5299999713897705,11.007962,0.10698475,0.2948178
5.5400002002716064,11.027962,0.10738898,0.29237625
5.549999952316284,11.027962,0.107793204,0.29115546
5.56000018119812,11.079962,0.1082648,0.2887139
5.569999933242798,11.103963,0.10887114,0.28627235
5.580000162124634,11.151962,0.10927536,0.2838308
5.5899999141693115,11.183962,0.10967959,0.28261003
5.6000001430511475,11.235962,0.10994907,0.28261003
5.609999895095825,11.247962,0.11001644,0.28261003
5.620000123977661,11.251962,0.11001644,0.2838308
5.629999876022339,11.283961,0.11008381,0.28505158
5.640000104904175,11.295961,0.11015118,0.28505158
5.6499998569488525,11.303962,0.11021855,0.28505158
5.6600000858306885,11.339961,0.11035329,0.28627235
5.669999837875366,11.371962,0.11042066,0.28627235
5.680000066757202,11.351961,0.1105554,0.28627235
5.68999981880188,11.315962,0.11062277,0.28749314
5.700000047683716,11.331962,0.11082488,0.28749314
5.7099997997283936,11.367961,0.11116174,0.28627235
5.7200000286102295,11.403961,0.11156596,0.28505158
5.729999780654907,11.48396,0.111970186,0.28261003
5.740000009536743,11.547961,0.112239674,0.28261003
5.749999761581421,11.547961,0.112441786,0.28138924
5.759999990463257,11.53596,0.1126439,0.28138924
5.770000219345093,11.52396,0.112711266,0.28261003
5.7799999713897705,11.519961,0.112711266,0.2838308
5.7900002002716064,11.52396,0.11277864,0.2838308
5.799999952316284,11.579961,0.11298075,0.2838308
5.81000018119812,11.67996,0.11331761,0.28261003
5.819999933242798,11.7559595,0.113654464,0.28138924
5.830000162124634,11.77996,0.11405869,0.28016847
5.8399999141693115,11.803959,0.11453027,0.27772692
5.8500001430511475,11.803959,0.114934504,0.27650613
5.859999895095825,11.78396,0.115203984,0.27528536
5.870000123977661,11.74396,0.115406096,0.27528536
5.879999876022339,11.77196,0.11560821,0.27528536
5.890000104904175,11.795959,0.11567558,0.27528536
5.8999998569488525,11.875959,0.11567558,0.27650613
5.9100000858306885,11.94796,0.11574295,0.27772692
5.919999837875366,12.00396,0.11581032,0.27772692
5.930000066757202,12.01596,0.115877695,0.27894768
5.93999981880188,11.959959,0.11594506,0.27894768
5.950000047683716,11.927959,0.11594506,0.28138924
5.9599997997283936,11.863959,0.11594506,0.28138924
5.9700000286102295,11.823959,0.11594506,0.28261003
5.979999780654907,11.823959,0.11601243,0.2838308
5.990000009536743,11.89596,0.11607981,0.28505158
5.999999761581421,11.927959,0.11607981,0.28505158
6.009999990463257,11.979959,0.116147175,0.28627235
6.020000219345093,12.00396,0.11628192,0.28627235
6.0299999713897705,11.999959,0.11634929,0.28627235
6.0400002002716064,11.951959,0.11641666,0.28749314
6.049999952316284,11.903959,0.11648403,0.2887139
6.06000018119812,11.87996,0.1165514,0.2887139
6.069999933242798,11.87996,0.116618775,0.2899347
6.080000162124634,11.89996,0.116618775,0.29115546
6.0899999141693115,11.939959,0.11668614,0.29115546
6.1000001430511475,12.047958,0.11682089,0.29237625
6.109999895095825,12.087958,0.11695563,0.29237625
6.120000123977661,12.095959,0.11709037,0.29237625
6.129999876022339,12.08396,0.117359854,0.29237625
6.140000104904175,12.063959,0.117561966,0.29115546
6.1499998569488525,12.011959,0.117831446,0.29115546
6.1600000858306885,11.991959,0.118100934,0.2899347
6.169999837875366,12.067959,0.11850515,0.2887139
6.180000066757202,12.151959,0.118842006,0.28749314
6.18999981880188,12.247958,0.11924623,0.28505158
6.200000047683716,12.347958,0.11965045,0.28505158
6.2099997997283936,12.419958,0.12005468,0.28261003
6.2200000286102295,12.475957,0.12066102,0.27894768
6.229999780654907,12.4679575,0.12113261,0.27650613
6.240000009536743,12.443958,0.121469475,0.27528536
6.249999761581421,12.387958,0.121536836,0.27650613
6.259999990463257,12.339957,0.121536836,0.27772692
6.270000219345093,12.339957,0.12160421,0.27894768
6.2799999713897705,12.447957,0.12160421,0.27894768
6.2900002002716064,12.539958,0.12160421,0.28138924
6.299999952316284,12.603957,0.12160421,0.28138924
6.31000018119812,12.651957,0.12167159,0.28261003
6.319999933242798,12.623957,0.12167159,0.2838308
6.330000162124634,12.535957,0.12173895,0.28505158
6.3399999141693115,12.447957,0.12173895,0.28505158
6.3500001430511475,12.403958,0.12180632,0.28627235
6.359999895095825,12.375958,0.12180632,0.28749314
6.370000123977661,12.411958,0.12180632,0.2887139
6.379999876022339,12.503957,0.12180632,0.2899347
6.390000104904175,12.595957,0.1218737,0.29115546
6.3999998569488525,12.639956,0.12194106,0.29115546
6.4100000858306885,12.615957,0.122008435,0.29115546
6.419999837875366,12.583957,0.122008435,0.29237625
6.430000066757202,12.487957,0.122008435,0.293597
6.43999981880188,12.395958,0.12207581,0.2948178
6.450000047683716,12.387958,0.12214317,0.2948178
6.4599997997283936,12.451958,0.12221054,0.29603857
6.4700000286102295,12.511958,0.12221054,0.29725936
6.479999780654907,12.5599575,0.12221054,0.29848012
6.490000009536743,12.631957,0.12221054,0.29970092
6.499999761581421,12.655957,0.12221054,0.30092168
6.509999990463257,12.619957,0.122277915,0.30092168
6.520000219345093,12.543957,0.122277915,0.30214247
6.5299999713897705,12.507957,0.122345276,0.30336323
6.5400002002716064,12.443958,0.12241265,0.30458403
6.549999952316284,12.443958,0.12248003,0.30458403
6.56000018119812,12.479958,0.12248003,0.3058048
6.569999933242798,12.575957,0.12254739,0.3058048
6.580000162124634,12.647958,0.12261476,0.30702558
6.5899999141693115,12.671957,0.12268214,0.30824634
6.6000001430511475,12.671957,0.1227495,0.30824634
6.609999895095825,12.635957,0.122816876,0.30946714
6.620000123977661,12.551957,0.122816876,0.3106879
6.629999876022339,12.503957,0.12295163,0.3106879
6.640000104904175,12.527957,0.12308636,0.3106879
6.6499998569488525,12.563957,0.12315374,0.3119087
6.6600000858306885,12.611957,0.123288475,0.3119087
6.669999837875366,12.695957,0.12335585,0.3119087
6.680000066757202,12.759956,0.12342321,0.31312945
6.68999981880188,12.739957,0.12355796,0.31435025
6.700000047683716,12.695957,0.12362532,0.31435025
6.7099997997283936,12.663957,0.1236927,0.31435025
6.7200000286102295,12.643957,0.12389481,0.31435025
6.729999780654907,12.639956,0.12409692,0.31435025
6.740000009536743,12.667957,0.124433786,0.31312945
6.749999761581421,12.799956,0.12483801,0.3119087
6.759999990463257,12.899957,0.12530959,0.30946714
6.770000219345093,12.951956,0.12571383,0.30824634
6.7799999713897705,13.035956,0.12618542,0.3058048
6.7900002002716064,13.051955,0.12672439,0.30336323
6.799999952316284,13.051955,0.12719598,0.30092168
6.81000018119812,13.027955,0.12760021,0.29970092
6.819999933242798,13.051955,0.12780233,0.29848012
6.830000162124634,13.039955,0.12786968,0.29970092
6.8399999141693115,13.035956,0.12786968,0.30092168
6.8500001430511475,13.103956,0.12786968,0.30214247
6.859999895095825,13.199955,0.12786968,0.30336323
6.870000123977661,13.255955,0.12793706,0.30336323
6.879999876022339,13.227955,0.12793706,0.30458403
6.890000104904175,13.243955,0.12800443,0.3058048
6.8999998569488525,13.175955,0.12800443,0.30702558
6.9100000858306885,13.103956,0.12800443,0.30824634
6.919999837875366,13.091955,0.1280718,0.30824634
6.930000066757202,13.095955,0.12813917,0.30946714
6.93999981880188,13.107955,0.12813917,0.3106879
6.950000047683716,13.143954,0.12813917,0.3119087
6.9599997997283936,13.203955,0.12820654,0.3119087
6.9700000286102295,13.283955,0.1282739,0.31312945
6.979999780654907,13.267955,0.12834127,0.31312945
6.990000009536743,13.215955,0.12840866,0.31435025
6.999999761581421,13.175955,0.12847602,0.31435025
7.009999990463257,13.119955,0.12854339,0.315571
7.020000219345093,13.091955,0.12861076,0.3167918
7.0299999713897705,13.143954,0.12867814,0.3167918
7.0400002002716064,13.195955,0.1287455,0.31801257
7.049999952316284,13.279954,0.12888025,0.31801257
7.06000018119812,13.287955,0.12888025,0.31923336
7.069999933242798,13.327955,0.12894762,0.32045412
7.080000162124634,13.283955,0.12894762,0.32045412
7.0899999141693115,13.235955,0.12901498,0.3216749
7.1000001430511475,13.199955,0.12914972,0.3216749
7.109999895095825,13.199955,0.1292171,0.32289568
7.120000123977661,13.187955,0.12928447,0.32289568
7.129999876022339,13.199955,0.12935184,0.32411647
7.140000104904175,13.291954,0.12948659,0.32411647
7.1499998569488525,13.359954,0.1296887,0.32411647
7.1600000858306885,13.431954,0.13002555,0.32289568
7.169999837875366,13.479954,0.13056453,0.32045412
7.180000066757202,13.543954,0.13137297,0.315571
7.18999981880188,13.631953,0.13251828,0.30946714
7.200000047683716,13.771954,0.13406779,0.29970092
7.2099997997283936,13.951952,0.13561733,0.2899347
7.2200000286102295,14.059952,0.13669525,0.2838308
7.229999780654907,14.063952,0.1375037,0.27894768
7.240000009536743,14.087952,0.13837953,0.27406457
7.249999761581421,14.235951,0.13945746,0.2679607
7.259999990463257,14.48795,0.1407375,0.26063603
7.270000219345093,14.627951,0.14154595,0.25575292
7.2799999713897705,14.6959505,0.14181544,0.25575292
7.2900002002716064,14.659949,0.14181544,0.25575292
7.299999952316284,14.615951,0.14181544,0.25697368
7.31000018119812,14.57995,0.14181544,0.25819448
7.319999933242798,14.6039505,0.14181544,0.25941524
7.330000162124634,14.64395,0.14181544,0.26063603
7.3399999141693115,14.655951,0.14181544,0.2618568
7.3500001430511475,14.68795,0.14181544,0.2630776
7.359999895095825,14.71995,0.14181544,0.26429835
7.370000123977661,14.72395,0.14181544,0.26551914
7.379999876022339,14.659949,0.14181544,0.2667399
7.390000104904175,14.619951,0.14181544,0.2679607
7.3999998569488525,14.591949,0.14181544,0.26918146
7.4100000858306885,14.54395,0.14181544,0.27040225
7.419999837875366,14.6039505,0.14181544,0.27162302
7.430000066757202,14.667951,0.14181544,0.2728438
7.43999981880188,14.70795,0.14181544,0.2728438
7.450000047683716,14.68795,0.14181544,0.27528536
7.4599997997283936,14.667951,0.14181544,0.27528536
7.4700000286102295,14.67595,0.14181544,0.27650613
7.479999780654907,14.631949,0.14181544,0.27772692
7.490000009536743,14.591949,0.14181544,0.27894768
7.499999761581421,14.563951,0.14181544,0.28016847
7.509999990463257,14.575951,0.14181544,0.28138924
7.520000219345093,14.59595,0.14181544,0.28261003
7.5299999713897705,14.63595,0.14181544,0.2838308
7.5400002002716064,14.69195,0.14181544,0.28505158
7.549999952316284,14.67995,0.14181544,0.28627235
7.56000018119812,14.631949,0.14181544,0.28749314
7.569999933242798,14.60795,0.14181544,0.2887139
7.580000162124634,14.57995,0.14181544,0.2899347
7.5899999141693115,14.56795,0.14181544,0.29115546
7.6000001430511475,14.559951,0.14181544,0.29237625
7.609999895095825,14.599951,0.14181544,0.29237625
7.620000123977661,14.62395,0.14181544,0.2948178
7.629999876022339,14.631949,0.14181544,0.2948178
7.640000104904175,14.64395,0.14181544,0.29603857
7.6499998569488525,14.68395,0.14181544,0.29725936
7.6600000858306885,14.64395,0.14181544,0.29848012
7.669999837875366,14.57995,0.14181544,0.29970092
7.680000066757202,14.547951,0.14181544,0.30092168
7.68999981880188,14.53995,0.14181544,0.30214247
7.700000047683716,14.563951,0.14181544,0.30336323
7.7099997997283936,14.575951,0.14181544,0.30458403
7.7200000286102295,14.64795,0.14181544,0.3058048
7.729999780654907,14.63995,0.14181544,0.30702558
7.740000009536743,14.631949,0.14181544,0.30824634
7.749999761581421,14.6039505,0.14181544,0.30946714
7.759999990463257,14.575951,0.14181544,0.3106879
7.770000219345093,14.551951,0.14188279,0.3106879
7.7799999713897705,14.52795,0.14188279,0.3119087
7.7900002002716064,14.55595,0.14195018,0.31312945
7.799999952316284,14.591949,0.14195018,0.31435025
7.81000018119812,14.6039505,0.14195018,0.315571
7.819999933242798,14.62395,0.14201754,0.315571
7.830000162124634,14.655951,0.14208493,0.3167918
7.8399999141693115,14.64395,0.14221966,0.3167918
7.8500001430511475,14.6039505,0.1423544,0.31801257
7.859999895095825,14.62395,0.1425565,0.3167918
7.869999647140503,14.659949,0.14289337,0.315571
7.879999876022339,14.74395,0.1434997,0.3119087
7.890000104904175,14.87195,0.14437552,0.30824634
7.900000333786011,15.015949,0.14552082,0.30092168
7.90999960899353,15.199948,0.14680086,0.293597
7.919999837875366,15.291947,0.14774406,0.2887139
7.930000066757202,15.2639475,0.14808092,0.28627235
7.940000295639038,15.163948,0.14808092,0.28749314
7.949999570846558,15.071949,0.14808092,0.2887139
7.9599997997283936,15.047948,0.14808092,0.2899347
7.9700000286102295,15.195948,0.14808092,0.29115546
7.980000257492065,15.327949,0.14808092,0.29237625
7.989999532699585,15.439947,0.14808092,0.293597
7.999999761581421,15.479947,0.14808092,0.2948178
8.009999990463257,15.463948,0.14808092,0.29603857
8.020000219345093,15.351948,0.14808092,0.29725936
8.030000448226929,15.199948,0.14808092,0.29848012
8.039999723434448,15.099949,0.14808092,0.29970092
8.049999952316284,15.083949,0.14808092,0.30092168
8.06000018119812,15.111949,0.14808092,0.30214247
8.070000410079956,15.239948,0.14808092,0.30214247
8.079999685287476,15.395948,0.14808092,0.30458403
8.089999914169312,15.451947,0.14808092,0.30458403
8.100000143051147,15.439947,0.14814828,0.3058048
8.110000371932983,15.399947,0.14814828,0.30702558
8.119999647140503,15.279948,0.14821565,0.30824634
8.129999876022339,15.147948,0.14821565,0.30824634
8.140000104904175,15.059949,0.14828302,0.30946714
8.15000033378601,15.107948,0.14828302,0.3106879
8.15999960899353,15.219949,0.14828302,0.3119087
8.169999837875366,15.299948,0.14835039,0.3119087
8.180000066757202,15.411947,0.14835039,0.31312945
8.190000295639038,15.467947,0.14841777,0.31435025
8.199999570846558,15.423948,0.14848512,0.31435025
8.209999799728394,15.3159485,0.1485525,0.315571
8.22000002861023,15.239948,0.14861988,0.3167918
8.230000257492065,15.171948,0.148822,0.3167918
8.239999532699585,15.167949,0.14909148,0.315571
8.249999761581421,15.291947,0.1494957,0.31435025
8.259999990463257,15.475946,0.1501694,0.3106879
8.270000219345093,15.699946,0.15104522,0.3058048
8.280000448226929,15.903946,0.15212315,0.29970092
8.289999723434448,16.007946,0.15306635,0.293597
8.299999952316284,15.959947,0.15347058,0.29237625
8.31000018119812,15.767946,0.15353794,0.29237625
8.320000410079956,15.607947,0.15353794,0.293597
8.329999685287476,15.563947,0.15353794,0.2948178
8.339999914169312,15.667947,0.15353794,0.29603857
8.350000143051147,15.835946,0.15353794,0.29725936
8.360000371932983,16.051945,0.15353794,0.29848012
8.369999647140503,16.171946,0.15353794,0.29970092
8.379999876022339,16.179945,0.15353794,0.30092168
8.390000104904175,16.031946,0.15360531,0.30092168
8.40000033378601,15.855946,0.15360531,0.30214247
8.40999960899353,15.675947,0.15360531,0.30336323
8.419999837875366,15.575947,0.15360531,0.30458403
8.430000066757202,15.595947,0.15360531,0.3058048
8.440000295639038,15.763947,0.15367268,0.30702558
8.449999570846558,15.931945,0.15367268,0.30824634
8.459999799728394,16.083946,0.15367268,0.30946714
8.47000002861023,16.135944,0.15374006,0.30946714
8.480000257492065,16.087944,0.15374006,0.3106879
8.489999532699585,15.931945,0.15374006,0.3119087
8.499999761581421,15.751946,0.15380742,0.31312945
8.509999990463257,15.635947,0.1538748,0.31312945
8.520000219345093,15.623946,0.1538748,0.31435025
8.530000448226929,15.687947,0.1538748,0.315571
8.539999723434448,15.847946,0.15394217,0.3167918
8.549999952316284,16.023945,0.15400954,0.3167918
8.56000018119812,16.127945,0.1540769,0.31801257
8.570000410079956,16.135944,0.15421164,0.31801257
8.579999685287476,16.079945,0.15441376,0.31801257
8.589999914169312,15.975945,0.15475062,0.3167918
8.600000143051147,15.863946,0.15508747,0.315571
8.610000371932983,15.835946,0.15562645,0.31312945
8.619999647140503,15.951945,0.15630014,0.30946714
8.629999876022339,16.127945,0.15710859,0.30458403
8.640000104904175,16.363945,0.15805177,0.29970092
8.65000033378601,16.587944,0.15899497,0.2948178
8.65999960899353,16.723944,0.15960132,0.29115546
8.669999837875366,16.703943,0.15980342,0.29115546
8.680000066757202,16.527945,0.15980342,0.29237625
8.690000295639038,16.403944,0.15980342,0.293597
8.699999570846558,16.335945,0.1598708,0.293597
8.709999799728394,16.363945,0.1598708,0.2948178
8.72000002861023,16.475943,0.1598708,0.29603857
8.730000257492065,16.675943,0.1598708,0.29725936
8.739999532699585,16.779943,0.1598708,0.29848012
8.749999761581421,16.771942,0.1598708,0.29970092
8.759999990463257,16.723944,0.1598708,0.30092168
8.770000219345093,16.611942,0.1598708,0.30214247
8.780000448226929,16.455944,0.1598708,0.30336323
8.789999723434448,16.331944,0.1598708,0.30458403
8.799999952316284,16.359943,0.15993816,0.30458403
8.81000018119812,16.435946,0.16000554,0.3058048
8.820000410079956,16.563944,0.16000554,0.30702558
8.829999685287476,16.691942,0.16007291,0.30702558
8.839999914169312,16.783943,0.16007291,0.30824634
8.850000143051147,16.763943,0.16014028,0.30946714
8.860000371932983,16.631943,0.16014028,0.3106879
8.869999647140503,16.495943,0.16014028,0.3119087
8.879999876022339,16.399944,0.16014028,0.31312945
8.890000104904175,16.363945,0.16014028,0.31435025
8.90000033378601,16.423944,0.16020764,0.31435025
8.90999960899353,16.551945,0.16027501,0.315571
8.919999837875366,16.663942,0.16027501,0.3167918
8.930000066757202,16.727943,0.1603424,0.3167918
8.940000295639038,16.779943,0.16047713,0.3167918
8.949999570846558,16.731943,0.16061187,0.31801257
8.959999799728394,16.635944,0.16067924,0.31801257
8.97000002861023,16.503942,0.16081397,0.31801257
8.980000257492065,16.475943,0.16094872,0.31801257
8.989999532699585,16.467943,0.16108346,0.31923336
8.999999761581421,16.547943,0.1612182,0.31923336
9.009999990463257,16.659943,0.16128558,0.32045412
9.020000219345093,16.807943,0.16148768,0.31923336
9.030000448226929,16.875942,0.16162243,0.32045412
9.039999723434448,16.843943,0.16175717,0.32045412
9.049999952316284,16.811943,0.16182455,0.32045412
9.06000018119812,16.747942,0.16202666,0.32045412
9.070000410079956,16.675943,0.16222878,0.32045412
9.079999685287476,16.667944,0.16256562,0.31923336
9.089999914169312,16.755943,0.1628351,0.31801257
9.100000143051147,16.827942,0.16317196,0.3167918
9.110000371932983,16.947943,0.16357619,0.315571
9.119999647140503,17.103943,0.16411516,0.31312945
9.129999876022339,17.227942,0.16485623,0.30946714
9.140000104904175,17.283941,0.16546255,0.3058048
9.15000033378601,17.239943,0.16600153,0.30336323
9.15999960899353,17.18794,0.16627102,0.30214247
9.169999837875366,17.059942,0.16633838,0.30336323
9.180000066757202,17.023943,0.16640575,0.30458403
9.190000295639038,17.063942,0.16640575,0.30458403
9.199999570846558,17.21594,0.16647314,0.3058048
9.209999799728394,17.347942,0.16647314,0.30702558
9.22000002861023,17.435942,0.16654049,0.30824634
9.230000257492065,17.48394,0.16660787,0.30824634
9.239999532699585,17.42794,0.16660787,0.30946714
9.249999761581421,17.32394,0.16660787,0.3106879
9.259999990463257,17.15994,0.16667524,0.3119087
9.270000219345093,17.103943,0.16680998,0.3119087
9.280000448226929,17.103943,0.16687736,0.3119087
9.289999723434448,17.163942,0.1670121,0.3119087
9.299999952316284,17.31594,0.16714685,0.3119087
9.31000018119812,17.45194,0.16728158,0.31312945
9.320000410079956,17.50394,0.16741632,0.31312945
9.329999685287476,17.52394,0.1676858,0.31312945
9.339999914169312,17.48794,0.1679553,0.3119087
9.350000143051147,17.42394,0.16822477,0.3106879
9.360000371932983,17.37994,0.16862899,0.30946714
9.369999647140503,17.383942,0.16916795,0.30702558
9.379999876022339,17.45194,0.16970693,0.30458403
9.390000104904175,17.571941,0.17011115,0.30214247
9.40000033378601,17.69194,0.17058274,0.30092168
9.40999960899353,17.79994,0.1709196,0.29970092
9.419999837875366,17.87994,0.17118908,0.29848012
9.430000066757202,17.883938,0.1713912,0.29848012
9.440000295639038,17.819939,0.1713912,0.29970092
9.449999570846558,17.77194,0.17145856,0.30092168
9.459999799728394,17.711939,0.17145856,0.30092168
9.47000002861023,17.69194,0.17145856,0.30214247
9.480000257492065,17.75594,0.17145856,0.30336323
9.489999532699585,17.80794,0.17145856,0.30458403
9.499999761581421,17.867939,0.17152594,0.3058048
9.509999990463257,17.895939,0.17152594,0.3058048
9.520000219345093,17.919939,0.17152594,0.30824634
9.530000448226929,17.883938,0.17152594,0.30824634
9.539999723434448,17.77994,0.17159331,0.30946714
9.549999952316284,17.73194,0.17159331,0.3106879
9.56000018119812,17.69994,0.17159331,0.3119087
9.570000410079956,17.69594,0.17159331,0.31312945
9.579999685287476,17.739939,0.17166068,0.31435025
9.589999914169312,17.871939,0.17166068,0.31435025
9.600000143051147,17.927938,0.17172804,0.315571
9.610000371932983,17.903938,0.17179543,0.3167918
9.619999647140503,17.87994,0.17179543,0.31801257
9.629999876022339,17.85194,0.17186278,0.31801257
9.640000104904175,17.77594,0.17193016,0.31923336
9.65000033378601,17.73194,0.17193016,0.32045412
9.65999960899353,17.74394,0.17193016,0.32045412
9.669999837875366,17.79994,0.1720649,0.3216749
9.680000066757202,17.867939,0.17219964,0.3216749
9.690000295639038,17.93594,0.17233437,0.3216749
9.699999570846558,17.99594,0.17240176,0.3216749
9.709999799728394,17.991938,0.17253649,0.32289568
9.72000002861023,17.951939,0.17267124,0.32289568
9.730000257492065,17.88794,0.1727386,0.32411647
9.739999532699585,17.89194,0.17300808,0.32289568
9.749999761581421,17.895939,0.1732102,0.32289568
9.759999990463257,17.91594,0.17347969,0.3216749
9.770000219345093,18.04794,0.17395128,0.32045412
9.780000448226929,18.175938,0.17469236,0.3167918
9.789999723434448,18.319937,0.17550081,0.3119087
9.799999952316284,18.443937,0.17630926,0.30702558
9.81000018119812,18.527937,0.1771177,0.30336323
9.820000410079956,18.543936,0.17785878,0.29848012
9.829999685287476,18.471937,0.17839776,0.29603857
9.839999914169312,18.431938,0.17859986,0.29603857
9.850000143051147,18.383938,0.17866723,0.29603857
9.860000371932983,18.419937,0.1787346,0.29725936
9.869999647140503,18.503937,0.17880198,0.29725936
9.879999876022339,18.683937,0.17880198,0.29848012
9.890000104904175,18.759935,0.17886934,0.29970092
9.90000033378601,18.807936,0.17893672,0.30092168
9.90999960899353,18.779936,0.17900409,0.30092168
9.919999837875366,18.699936,0.17900409,0.30214247
9.930000066757202,18.579937,0.17900409,0.30336323
9.940000295639038,18.447937,0.17900409,0.30458403
9.949999570846558,18.451937,0.17907146,0.30458403
9.959999799728394,18.475937,0.17913882,0.3058048
9.97000002861023,18.591936,0.17927356,0.3058048
9.980000257492065,18.703936,0.17934094,0.30702558
9.989999532699585,18.823936,0.17940831,0.30702558
9.999999761581421,18.843937,0.17954305,0.30824634
10.009999990463257,18.755936,0.1796778,0.30824634
10.020000219345093,18.707937,0.17987992,0.30824634
10.030000448226929,18.655937,0.18014939,0.30702558
10.039999723434448,18.639936,0.1805536,0.3058048
10.049999952316284,18.707937,0.18109258,0.30336323
10.06000018119812,18.839935,0.18163154,0.29970092
10.070000410079956,18.963936,0.18217051,0.29848012
10.079999685287476,19.031935,0.18250737,0.29603857
10.089999914169312,19.099936,0.18291159,0.2948178
10.100000143051147,19.159935,0.18338318,0.29237625
10.110000371932983,19.171934,0.1837874,0.29115546
10.119999647140503,19.139935,0.18412428,0.2899347
10.129999876022339,19.115936,0.184259,0.2899347
10.140000104904175,19.095936,0.18432638,0.29115546
10.15000033378601,19.095936,0.18432638,0.29237625
10.15999960899353,19.119934,0.18439373,0.29237625
10.169999837875366,19.207935,0.18439373,0.293597
10.180000066757202,19.267935,0.18439373,0.2948178
10.190000295639038,19.279934,0.18439373,0.29603857
10.199999570846558,19.295935,0.18439373,0.29725936
10.209999799728394,19.283934,0.18446112,0.29848012
10.22000002861023,19.215935,0.18446112,0.29848012
10.230000257492065,19.135935,0.18452848,0.29970092
10.239999532699585,19.111935,0.18452848,0.30092168
10.249999761581421,19.095936,0.18452848,0.30214247
10.259999990463257,19.131935,0.18452848,0.30336323
10.270000219345093,19.199934,0.18459585,0.30336323
10.280000448226929,19.279934,0.18459585,0.30458403
10.289999723434448,19.291933,0.18459585,0.3058048
10.299999952316284,19.259935,0.18459585,0.30702558
10.31000018119812,19.227934,0.18466322,0.30824634
10.320000410079956,19.183935,0.18466322,0.30946714
10.329999685287476,19.131935,0.1847306,0.30946714
10.339999914169312,19.083935,0.1847306,0.3106879
10.350000143051147,19.119934,0.18479796,0.3119087
10.360000371932983,19.171934,0.18479796,0.31312945
10.369999647140503,19.199934,0.18479796,0.31435025
10.379999876022339,19.271935,0.18486534,0.31435025
10.390000104904175,19.299934,0.18486534,0.315571
10.40000033378601,19.275934,0.18493271,0.3167918
10.40999960899353,19.199934,0.18493271,0.31801257
10.419999837875366,19.183935,0.18493271,0.31801257
10.430000066757202,19.151936,0.18500009,0.31923336
10.440000295639038,19.147934,0.18506745,0.32045412
10.449999570846558,19.183935,0.1852022,0.32045412
10.459999799728394,19.239935,0.18533693,0.32045412
10.47000002861023,19.259935,0.18540432,0.3216749
10.480000257492065,19.291933,0.18547167,0.3216749
10.489999532699585,19.303934,0.18553905,0.32289568
10.499999761581421,19.307934,0.18553905,0.32411647
10.509999990463257,19.259935,0.18553905,0.32533723
10.520000219345093,19.195934,0.18560642,0.32533723
10.530000448226929,19.195934,0.18560642,0.32655802
10.539999723434448,19.219934,0.18574116,0.3277788
10.549999952316284,19.271935,0.18580854,0.3277788
10.56000018119812,19.315935,0.18594328,0.3277788
10.570000410079956,19.375935,0.18607801,0.3277788
10.579999685287476,19.399933,0.1863475,0.3277788
10.589999914169312,19.423935,0.18668436,0.32655802
10.600000143051147,19.483934,0.18708858,0.32411647
10.610000371932983,19.507933,0.18762754,0.32289568
10.619999647140503,19.535933,0.18816651,0.31923336
10.629999876022339,19.583933,0.18877284,0.3167918
10.640000104904175,19.655933,0.1893118,0.31435025
10.65000033378601,19.711933,0.18985078,0.3106879
10.65999960899353,19.763931,0.19032238,0.30946714
10.669999837875366,19.823933,0.19052449,0.30824634
10.680000066757202,19.815933,0.19052449,0.3106879
10.690000295639038,19.799934,0.19052449,0.3106879
10.699999570846558,19.771933,0.19059186,0.3119087
10.709999799728394,19.811934,0.19059186,0.31312945
10.72000002861023,19.851933,0.19059186,0.31435025
10.730000257492065,19.867931,0.19059186,0.315571
10.739999532699585,19.87993,0.19065922,0.3167918
10.749999761581421,19.87993,0.19065922,0.3167918
10.759999990463257,19.855932,0.19065922,0.31801257
10.770000219345093,19.815933,0.19072661,0.31923336
10.780000448226929,19.835934,0.19072661,0.32045412
10.789999723434448,19.815933,0.19072661,0.3216749
10.799999952316284,19.803932,0.19079396,0.3216749
10.81000018119812,19.803932,0.19079396,0.32289568
10.820000410079956,19.855932,0.19086134,0.32411647
10.829999685287476,19.891933,0.19092871,0.32411647
10.839999914169312,19.903933,0.19099608,0.32533723
10.850000143051147,19.923931,0.19106345,0.32655802
10.860000371932983,19.895933,0.19113083,0.32655802
10.869999647140503,19.843931,0.19126557,0.32655802
10.879999876022339,19.831932,0.1914003,0.32655802
10.890000104904175,19.899931,0.19166979,0.32655802
10.90000033378601,19.931932,0.19180454,0.32655802
10.90999960899353,19.943932,0.19193928,0.32655802
10.919999837875366,19.963932,0.19214138,0.32655802
10.930000066757202,20.019932,0.19241087,0.32655802
10.940000295639038,20.043932,0.19274771,0.32533723
10.949999570846558,20.103931,0.19308458,0.32411647
10.959999799728394,20.15193,0.19355616,0.3216749
10.97000002861023,20.21993,0.1941625,0.31923336
10.980000257492065,20.263931,0.19483621,0.315571
10.989999532699585,20.35193,0.19550993,0.3119087
10.999999761581421,20.43593,0.19618364,0.30824634
11.009999990463257,20.45593,0.19665523,0.3058048
11.020000219345093,20.43193,0.1969247,0.30458403
11.030000448226929,20.42393,0.19699207,0.3058048
11.039999723434448,20.42793,0.19699207,0.30702558
11.049999952316284,20.439932,0.19699207,0.30824634
11.06000018119812,20.50393,0.19705945,0.30824634
11.070000410079956,20.57993,0.19705945,0.30946714
11.079999685287476,20.62393,0.1971268,0.3106879
11.089999914169312,20.59993,0.1971268,0.3119087
11.100000143051147,20.58393,0.1971268,0.31312945
11.110000371932983,20.52793,0.1971268,0.31435025
11.119999647140503,20.46393,0.1971268,0.315571
11.129999876022339,20.42393,0.1971268,0.3167918
11.140000104904175,20.44793,0.19726156,0.3167918
11.15000033378601,20.495932,0.1973963,0.3167918
11.15999960899353,20.563929,0.19753104,0.3167918
11.169999837875366,20.60793,0.19759841,0.31801257
11.180000066757202,20.631931,0.19766578,0.31801257
11.190000295639038,20.60393,0.19766578,0.31923336
11.199999570846558,20.55193,0.19773316,0.32045412
11.209999799728394,20.53593,0.19773316,0.3216749
11.22000002861023,20.50793,0.19780052,0.3216749
11.230000257492065,20.52393,0.19807,0.3216749
11.239999532699585,20.59593,0.19847423,0.31923336
11.249999761581421,20.73593,0.1990132,0.3167918
11.259999990463257,20.84393,0.19975428,0.31312945
11.270000219345093,20.967928,0.2006301,0.30824634
11.280000448226929,21.115929,0.2017754,0.30214247
11.289999723434448,21.255928,0.20305546,0.2948178
11.299999952316284,21.311928,0.20413339,0.28749314
11.31000018119812,21.267927,0.20473972,0.28505158
11.320000410079956,21.195929,0.20507656,0.28261003
11.329999685287476,21.171928,0.20541342,0.28261003
11.339999914169312,21.211927,0.2056829,0.28138924
11.350000143051147,21.363928,0.20601976,0.28016847
11.360000371932983,21.555925,0.20642398,0.27894768
11.369999647140503,21.707926,0.20676084,0.27772692
11.379999876022339,21.791925,0.2070977,0.27650613
11.390000104904175,21.835926,0.20743455,0.27528536
11.40000033378601,21.823925,0.20790614,0.2728438
11.40999960899353,21.743925,0.2084451,0.27040225
11.419999837875366,21.679926,0.20898408,0.2679607
11.430000066757202,21.687925,0.2093883,0.26551914
11.440000295639038,21.663927,0.20945565,0.2667399
11.449999570846558,21.687925,0.20945565,0.2679607
11.459999799728394,21.771925,0.20945565,0.26918146
11.47000002861023,21.903925,0.20945565,0.27040225
11.480000257492065,21.991926,0.20945565,0.27162302
11.489999532699585,21.999924,0.20945565,0.2728438
11.499999761581421,21.995924,0.20945565,0.27406457
11.509999990463257,21.919924,0.20945565,0.27528536
11.520000219345093,21.811926,0.20945565,0.27650613
11.530000448226929,21.711926,0.20945565,0.27650613
11.539999723434448,21.687925,0.20945565,0.27894768
11.549999952316284,21.703928,0.20945565,0.27894768
11.56000018119812,21.771925,0.20945565,0.28138924
11.570000410079956,21.895926,0.20945565,0.28138924
11.579999685287476,21.983925,0.20945565,0.28261003
11.589999914169312,21.967926,0.20945565,0.2838308
11.600000143051147,21.919924,0.20945565,0.28505158
11.610000371932983,21.835926,0.20945565,0.28627235
11.619999647140503,21.747925,0.20945565,0.28749314
11.629999876022339,21.667925,0.20945565,0.2887139
11.640000104904175,21.683928,0.20945565,0.2899347
11.65000033378601,21.719927,0.20945565,0.29115546
11.65999960899353,21.795927,0.20945565,0.29237625
11.669999837875366,21.879925,0.20945565,0.293597
11.680000066757202,21.967926,0.20945565,0.2948178
11.690000295639038,21.939924,0.20945565,0.29603857
11.699999570846558,21.871925,0.20945565,0.29603857
11.709999799728394,21.751926,0.20945565,0.29848012
11.72000002861023,21.679926,0.20945565,0.29848012
11.730000257492065,21.659927,0.20945565,0.30092168
11.739999532699585,21.659927,0.20945565,0.30092168
11.749999761581421,21.767925,0.20945565,0.30214247
11.759999990463257,21.819927,0.20945565,0.30336323
11.770000219345093,21.875927,0.20952304,0.30458403
11.780000448226929,21.895926,0.20952304,0.3058048
11.789999723434448,21.887926,0.20952304,0.3058048
11.799999952316284,21.819927,0.20952304,0.30824634
11.81000018119812,21.723925,0.20952304,0.30824634
11.820000410079956,21.627926,0.20952304,0.3106879
11.829999685287476,21.627926,0.20952304,0.3106879
11.839999914169312,21.663927,0.20952304,0.3119087
11.850000143051147,21.735926,0.20952304,0.31312945
11.860000371932983,21.843925,0.20952304,0.31435025
11.869999647140503,21.899925,0.2095904,0.315571
11.879999876022339,21.891926,0.20965779,0.3167918
11.890000104904175,21.835926,0.20972514,0.3167918
11.90000033378601,21.823925,0.20972514,0.31801257
11.90999960899353,21.739927,0.20979252,0.31801257
11.919999837875366,21.683928,0.20992726,0.31923336
11.930000066757202,21.699926,0.20999463,0.31923336
11.940000295639038,21.767925,0.21012937,0.32045412
11.949999570846558,21.819927,0.21012937,0.32045412
11.959999799728394,21.887926,0.21019675,0.3216749
11.97000002861023,21.931927,0.21026412,0.3216749
11.980000257492065,21.939924,0.21039885,0.32289568
11.989999532699585,21.907925,0.21046624,0.32289568
11.999999761581421,21.839928,0.21053359,0.32411647
12.009999990463257,21.823925,0.21073571,0.32411647
12.020000219345093,21.807926,0.21093781,0.32289568
12.030000448226929,21.839928,0.21113995,0.32289568
12.039999723434448,21.951925,0.21154417,0.3216749
12.049999952316284,22.071926,0.21208313,0.31923336
12.06000018119812,22.215923,0.21275683,0.315571
12.070000410079956,22.315924,0.21363266,0.3106879
12.079999685287476,22.471924,0.21464321,0.30458403
12.089999914169312,22.571924,0.21578853,0.29848012
12.100000143051147,22.595924,0.2167317,0.29237625
12.110000371932983,22.551924,0.21713592,0.29115546
12.119999647140503,22.495924,0.21733804,0.29115546
12.129999876022339,22.463923,0.21747279,0.29115546
12.140000104904175,22.511923,0.21760753,0.29115546
12.15000033378601,22.675922,0.21780963,0.29115546
12.15999960899353,22.819921,0.21794438,0.29115546
12.169999837875366,22.939922,0.2181465,0.29115546
12.180000066757202,22.983923,0.2183486,0.29115546
12.190000295639038,22.995922,0.21855073,0.2899347
12.199999570846558,22.951921,0.21888757,0.2887139
12.209999799728394,22.843924,0.21929179,0.28749314
12.22000002861023,22.799923,0.2197634,0.28627235
12.230000257492065,22.819921,0.22023499,0.28261003
12.239999532699585,22.907923,0.22077395,0.28138924
12.249999761581421,23.08392,0.22138028,0.27772692
12.259999990463257,23.23992,0.22171715,0.27650613
12.270000219345093,23.311922,0.2217845,0.27650613
12.280000448226929,23.291922,0.2217845,0.27894768
12.289999723434448,23.243921,0.2217845,0.27894768
12.299999952316284,23.211922,0.2217845,0.28138924
12.31000018119812,23.159922,0.2217845,0.28138924
12.320000410079956,23.135921,0.2217845,0.28261003
12.329999685287476,23.139923,0.2217845,0.2838308
12.339999914169312,23.17192,0.2217845,0.28505158
12.350000143051147,23.21992,0.2217845,0.28627235
12.360000371932983,23.247921,0.2217845,0.28749314
12.369999647140503,23.27592,0.2217845,0.2887139
12.379999876022339,23.255922,0.2217845,0.2899347
12.390000104904175,23.155922,0.2217845,0.29115546
12.40000033378601,23.135921,0.2217845,0.29237625
12.40999960899353,23.10392,0.2217845,0.293597
12.419999837875366,23.119923,0.22185189,0.293597
12.430000066757202,23.131922,0.22185189,0.2948178
12.440000295639038,23.20792,0.22185189,0.29603857
12.449999570846558,23.235922,0.22191925,0.29725936
12.459999799728394,23.243921,0.22191925,0.29848012
12.47000002861023,23.22792,0.22191925,0.29970092
12.480000257492065,23.21992,0.22191925,0.30092168
12.489999532699585,23.14392,0.22191925,0.30214247
12.499999761581421,23.079922,0.22191925,0.30214247
12.509999990463257,23.09192,0.22198662,0.30336323
12.520000219345093,23.12792,0.22205399,0.30458403
12.530000448226929,23.17192,0.22205399,0.30458403
12.539999723434448,23.19592,0.22205399,0.3058048
12.549999952316284,23.25992,0.22212137,0.30702558
12.56000018119812,23.23992,0.22218874,0.30824634
12.570000410079956,23.20392,0.22225611,0.30824634
12.579999685287476,23.167921,0.22225611,0.30946714
12.589999914169312,23.167921,0.22232348,0.3106879
12.600000143051147,23.139923,0.22239086,0.3106879
12.610000371932983,23.131922,0.22239086,0.3119087
12.619999647140503,23.167921,0.2225256,0.3119087
12.629999876022339,23.247921,0.22259296,0.31312945
12.640000104904175,23.291922,0.2227277,0.31312945
12.65000033378601,23.30792,0.22286244,0.31312945
12.65999960899353,23.32792,0.22292982,0.31435025
12.669999837875366,23.25992,0.22299719,0.31435025
12.680000066757202,23.211922,0.22306456,0.315571
12.690000295639038,23.211922,0.22313192,0.3167918
12.699999570846558,23.231922,0.22326666,0.3167918
12.709999799728394,23.28392,0.22340141,0.3167918
12.72000002861023,23.30392,0.2234688,0.3167918
12.730000257492065,23.371922,0.22360353,0.31801257
12.739999532699585,23.403921,0.22373827,0.31801257
12.749999761581421,23.435919,0.22400776,0.3167918
12.759999990463257,23.459919,0.22427723,0.3167918
12.770000219345093,23.49992,0.22474882,0.31435025
12.780000448226929,23.51992,0.2252878,0.3119087
12.789999723434448,23.56792,0.22582676,0.30946714
12.799999952316284,23.66392,0.2264331,0.3058048
12.81000018119812,23.75992,0.22703944,0.30336323
12.820000410079956,23.87592,0.22771315,0.29970092
12.829999685287476,23.971918,0.22831948,0.29603857
12.839999914169312,24.035917,0.22865632,0.2948178
12.850000143051147,24.043919,0.22885844,0.2948178
12.860000371932983,23.999918,0.22892581,0.29603857
12.869999647140503,24.003918,0.22899319,0.29603857
12.879999876022339,24.027918,0.22899319,0.29725936
12.890000104904175,24.055918,0.22899319,0.29848012
12.90000033378601,24.08792,0.22912793,0.29970092
12.90999960899353,24.135918,0.2291953,0.29970092
12.919999837875366,24.163918,0.2291953,0.30092168
12.930000066757202,24.139917,0.22926266,0.30092168
12.940000295639038,24.099918,0.22933003,0.30214247
12.949999570846558,24.063917,0.22939742,0.30214247
12.959999799728394,24.043919,0.22946477,0.30336323
12.97000002861023,24.015917,0.22959952,0.30336323
12.980000257492065,24.103918,0.22966689,0.30458403
12.989999532699585,24.135918,0.22980164,0.30458403
12.999999761581421,24.183918,0.22980164,0.3058048
13.009999990463257,24.171917,0.229869,0.3058048
13.020000219345093,24.195917,0.23000374,0.30702558
13.030000448226929,24.183918,0.23013848,0.30702558
13.039999723434448,24.175917,0.2303406,0.30702558
13.049999952316284,24.211916,0.23061009,0.3058048
13.06000018119812,24.231916,0.23087958,0.3058048
13.070000410079956,24.267916,0.23114905,0.30458403
13.079999685287476,24.327917,0.2314859,0.30336323
13.089999914169312,24.391916,0.23182276,0.30214247
13.100000143051147,24.459917,0.23215961,0.30092168
13.110000371932983,24.487917,0.23242909,0.30092168
13.119999647140503,24.511917,0.23276594,0.29848012
13.129999876022339,24.579916,0.23317017,0.29725936
13.140000104904175,24.643915,0.23370913,0.2948178
13.15000033378601,24.731916,0.23445022,0.29115546
13.15999960899353,24.835915,0.23498918,0.2887139
13.169999837875366,24.879915,0.2353934,0.28627235
13.180000066757202,24.879915,0.23573026,0.28627235
13.190000295639038,24.899916,0.23593238,0.28505158
13.199999570846558,24.943916,0.23599975,0.28627235
13.209999799728394,24.943916,0.23599975,0.28749314
13.22000002861023,24.947914,0.23599975,0.2887139
13.230000257492065,24.983915,0.23599975,0.2899347
13.239999532699585,25.039915,0.23599975,0.29115546
13.249999761581421,25.027914,0.23606712,0.29237625
13.259999990463257,24.999916,0.23606712,0.29237625
13.270000219345093,25.039915,0.23613448,0.293597
13.280000448226929,24.979916,0.23613448,0.2948178
13.289999723434448,24.915915,0.23613448,0.2948178
13.299999952316284,24.931915,0.23620187,0.29603857
13.31000018119812,24.975914,0.23626922,0.29603857
13.320000410079956,25.015915,0.23633659,0.29725936
13.329999685287476,25.035915,0.23647133,0.29725936
13.339999914169312,25.083914,0.23667344,0.29725936
13.350000143051147,25.123913,0.23694293,0.29725936
13.360000371932983,25.131914,0.23721242,0.29603857
13.369999647140503,25.167913,0.23768401,0.2948178
13.379999876022339,25.231915,0.23822297,0.29237625
13.390000104904175,25.271914,0.23869458,0.2887139
13.40000033378601,25.311914,0.2390988,0.28749314
13.40999960899353,25.379913,0.2395704,0.28505158
13.419999837875366,25.483913,0.240042,0.2838308
13.430000066757202,25.579912,0.24037884,0.28261003
13.440000295639038,25.599913,0.24058095,0.28261003
13.449999570846558,25.643913,0.24064833,0.28261003
13.459999799728394,25.627913,0.24071568,0.2838308
13.47000002861023,25.599913,0.24071568,0.28505158
13.480000257492065,25.587914,0.24071568,0.28627235
13.489999532699585,25.615913,0.24078307,0.28627235
13.499999761581421,25.615913,0.24078307,0.28749314
13.509999990463257,25.623913,0.24078307,0.2887139
13.520000219345093,25.647911,0.24085043,0.2887139
13.530000448226929,25.647911,0.24085043,0.29115546
13.539999723434448,25.639914,0.24085043,0.29115546
13.549999952316284,25.611912,0.2409178,0.29237625
13.56000018119812,25.615913,0.2409178,0.293597
13.570000410079956,25.595913,0.24098517,0.2948178
13.579999685287476,25.599913,0.24105255,0.2948178
13.589999914169312,25.607914,0.24105255,0.29603857
13.600000143051147,25.643913,0.2411199,0.29603857
13.610000371932983,25.643913,0.2411199,0.29848012
13.619999647140503,25.635912,0.24118729,0.29848012
13.629999876022339,25.651913,0.24118729,0.29970092
13.640000104904175,25.619913,0.24118729,0.30092168
13.65000033378601,25.619913,0.24125466,0.30214247
13.65999960899353,25.595913,0.24125466,0.30214247
13.669999837875366,25.623913,0.24125466,0.30458403
13.680000066757202,25.627913,0.24132203,0.30458403
13.690000295639038,25.623913,0.24132203,0.3058048
13.699999570846558,25.651913,0.2413894,0.3058048
13.709999799728394,25.679913,0.24145678,0.30702558
13.72000002861023,25.671911,0.24152415,0.30824634
13.730000257492065,25.651913,0.24165888,0.30824634
13.739999532699585,25.707912,0.241861,0.30824634
13.749999761581421,25.735912,0.24213049,0.30702558
13.759999990463257,25.747911,0.24246733,0.3058048
13.770000219345093,25.819914,0.24287155,0.30458403
13.780000448226929,25.923912,0.24341053,0.30214247
13.789999723434448,26.01991,0.24401686,0.29848012
13.799999952316284,26.087912,0.24455582,0.29603857
13.81000018119812,26.19591,0.24522953,0.29237625
13.820000410079956,26.29591,0.24590322,0.2899347
13.829999685287476,26.39191,0.2466443,0.28505158
13.839999914169312,26.459911,0.24725065,0.28261003
13.850000143051147,26.51991,0.24772225,0.28016847
13.860000371932983,26.54391,0.24792434,0.28016847
13.869999647140503,26.547909,0.24792434,0.28138924
13.879999876022339,26.579908,0.24799173,0.28138924
13.890000104904175,26.595911,0.24799173,0.28261003
13.90000033378601,26.623909,0.24799173,0.2838308
13.90999960899353,26.651909,0.24799173,0.28505158
13.919999837875366,26.679909,0.24799173,0.28627235
13.930000066757202,26.663908,0.2480591,0.28627235
13.940000295639038,26.59191,0.2480591,0.28749314
13.949999570846558,26.579908,0.2480591,0.2887139
13.959999799728394,26.56391,0.24812648,0.2899347
13.97000002861023,26.55191,0.24812648,0.29115546
13.980000257492065,26.547909,0.24812648,0.29237625
13.989999532699585,26.61991,0.24819385,0.29237625
13.999999761581421,26.659908,0.24819385,0.293597
14.009999990463257,26.64791,0.24819385,0.2948178
14.020000219345093,26.623909,0.24819385,0.29603857
14.030000448226929,26.60791,0.2482612,0.29725936
14.039999723434448,26.571909,0.2482612,0.29848012
14.049999952316284,26.55591,0.24832857,0.29848012
14.06000018119812,26.559908,0.24832857,0.29970092
14.070000410079956,26.59191,0.24839595,0.30092168
14.079999685287476,26.599909,0.24846332,0.30092168
14.089999914169312,26.61591,0.24859807,0.30092168
14.100000143051147,26.69191,0.24873279,0.30214247
14.110000371932983,26.72391,0.24886754,0.30214247
14.119999647140503,26.703909,0.24913701,0.30214247
14.129999876022339,26.703909,0.24933913,0.30092168
14.140000104904175,26.71191,0.24954124,0.30092168
14.15000033378601,26.71191,0.24967599,0.30092168
14.15999960899353,26.73191,0.24987811,0.30092168
14.169999837875366,26.815908,0.25021496,0.29970092
14.180000066757202,26.939909,0.25055182,0.29848012
14.190000295639038,27.003908,0.25095603,0.29603857
14.199999570846558,27.095907,0.25142762,0.2948178
14.209999799728394,27.167908,0.2519666,0.29237625
14.22000002861023,27.219908,0.2524382,0.2899347
14.230000257492065,27.235909,0.25297713,0.28749314
14.239999532699585,27.239906,0.25331402,0.28627235
14.249999761581421,27.271908,0.25365087,0.28505158
14.259999990463257,27.303907,0.25378558,0.28505158
14.270000219345093,27.339907,0.25385296,0.28627235
14.280000448226929,27.399906,0.25385296,0.28627235
14.289999723434448,27.443907,0.25385296,0.2887139
14.299999952316284,27.467907,0.25392035,0.2887139
14.31000018119812,27.475906,0.25398773,0.2899347
14.320000410079956,27.463907,0.25412247,0.2899347
14.329999685287476,27.411907,0.25412247,0.29115546
14.339999914169312,27.359905,0.25418982,0.29115546
14.350000143051147,27.359905,0.25418982,0.29237625
14.360000371932983,27.399906,0.2542572,0.293597
14.369999647140503,27.435905,0.25439194,0.293597
14.379999876022339,27.475906,0.2545267,0.293597
14.390000104904175,27.555906,0.25459406,0.2948178
14.40000033378601,27.559906,0.2547288,0.2948178
14.40999960899353,27.523907,0.25479618,0.29603857
14.419999837875366,27.491907,0.25486353,0.29603857
14.430000066757202,27.479906,0.2549309,0.29725936
14.440000295639038,27.475906,0.2549983,0.29725936
14.449999570846558,27.451908,0.25506565,0.29848012
14.459999799728394,27.515905,0.255133,0.29848012
14.47000002861023,27.583906,0.25526777,0.29848012
14.480000257492065,27.623907,0.2554025,0.29970092
14.489999532699585,27.643908,0.25553724,0.29970092
14.499999761581421,27.655905,0.25560462,0.30092168
14.509999990463257,27.635906,0.25573936,0.30092168
14.520000219345093,27.611906,0.25600883,0.29970092
14.530000448226929,27.631905,0.25627834,0.29848012
14.539999723434448,27.695906,0.25668254,0.29848012
14.549999952316284,27.803904,0.25708678,0.29603857
14.56000018119812,27.887905,0.25762573,0.293597
14.570000410079956,28.011906,0.25809732,0.29115546
14.579999685287476,28.119904,0.25870368,0.2887139
14.589999914169312,28.167904,0.25917527,0.28627235
14.600000143051147,28.203905,0.2595795,0.28505158
14.610000371932983,28.187904,0.25971422,0.28505158
14.619999647140503,28.151905,0.25971422,0.28627235
14.629999876022339,28.127905,0.25971422,0.28627235
14.640000104904175,28.163904,0.2597816,0.28749314
14.65000033378601,28.259903,0.2597816,0.2887139
14.65999960899353,28.299904,0.2597816,0.2899347
14.669999837875366,28.339905,0.25984898,0.29115546
14.680000066757202,28.343904,0.25984898,0.29115546
14.690000295639038,28.279903,0.25991634,0.29237625
14.699999570846558,28.179903,0.25991634,0.293597
14.709999799728394,28.147905,0.25991634,0.2948178
14.72000002861023,28.139904,0.25998372,0.2948178
14.730000257492065,28.163904,0.25998372,0.29603857
14.739999532699585,28.195904,0.25998372,0.29725936
14.749999761581421,28.291903,0.2600511,0.29848012
14.759999990463257,28.351902,0.2601858,0.29848012
14.770000219345093,28.335903,0.2602532,0.29970092
14.780000448226929,28.295904,0.2602532,0.30092168
14.789999723434448,28.239904,0.2602532,0.30214247
14.799999952316284,28.195904,0.2602532,0.30214247
14.81000018119812,28.131905,0.2602532,0.30458403
14.820000410079956,28.187904,0.26032057,0.30458403
14.829999685287476,28.247906,0.26032057,0.3058048
14.839999914169312,28.287905,0.26032057,0.30702558
14.850000143051147,28.319904,0.26038796,0.30702558
14.860000371932983,28.347902,0.26038796,0.30824634
14.869999647140503,28.311903,0.2604553,0.30946714
14.879999876022339,28.247906,0.2604553,0.3106879
14.890000104904175,28.207905,0.2605227,0.3106879
14.90000033378601,28.187904,0.26059005,0.3119087
14.90999960899353,28.199903,0.2606574,0.3119087
14.919999837875366,28.215904,0.2606574,0.31435025
14.930000066757202,28.267904,0.2606574,0.31435025
14.940000295639038,28.335903,0.2606574,0.3167918
14.949999570846558,28.347902,0.26072478,0.3167918
14.959999799728394,28.323904,0.26072478,0.31801257
14.97000002861023,28.307903,0.26079217,0.31801257
14.980000257492065,28.279903,0.26085955,0.31923336
14.989999532699585,28.227905,0.26099426,0.31923336
14.999999761581421,28.247906,0.26106164,0.32045412
15.009999990463257,28.283905,0.26112902,0.32045412
15.020000219345093,28.311903,0.26126376,0.32045412
15.030000448226929,28.383904,0.26139852,0.3216749
15.039999723434448,28.431904,0.26153323,0.3216749
15.049999952316284,28.487902,0.26173535,0.3216749
15.06000018119812,28.479904,0.26200482,0.32045412
15.070000410079956,28.495903,0.26240906,0.31923336
15.079999685287476,28.547903,0.26288065,0.3167918
15.089999914169312,28.583902,0.26341963,0.31435025
15.100000143051147,28.691902,0.26409334,0.3106879
15.110000371932983,28.855902,0.2648344,0.30702558
15.119999647140503,29.015902,0.2655755,0.30214247
15.129999876022339,29.139902,0.26624918,0.29970092
15.140000104904175,29.1719,0.26651865,0.29848012
15.15000033378601,29.1639,0.26651865,0.29970092
15.15999960899353,29.1119,0.26651865,0.30092168
15.169999837875366,29.083902,0.26651865,0.30214247
15.180000066757202,29.1319,0.26651865,0.30336323
15.190000295639038,29.1879,0.26651865,0.30458403
15.199999570846558,29.207901,0.26658604,0.30458403
15.209999799728394,29.231901,0.26658604,0.3058048
15.22000002861023,29.255901,0.26658604,0.30702558
15.230000257492065,29.2159,0.26658604,0.30824634
15.239999532699585,29.151901,0.26658604,0.30946714
15.249999761581421,29.0879,0.26665342,0.3106879
15.259999990463257,29.095901,0.2667208,0.3106879
15.270000219345093,29.119902,0.26685554,0.3106879
15.280000448226929,29.155901,0.26685554,0.3119087
15.289999723434448,29.2039,0.26685554,0.31312945
15.299999952316284,29.2359,0.26685554,0.31435025
15.31000018119812,29.2239,0.26692292,0.315571
15.320000410079956,29.1879,0.26692292,0.3167918
15.329999685287476,29.1919,0.26692292,0.31801257
15.339999914169312,29.1239,0.26699027,0.31801257
15.350000143051147,29.1239,0.26699027,0.31923336
15.360000371932983,29.1359,0.26699027,0.32045412
15.369999647140503,29.1599,0.26705763,0.3216749
15.379999876022339,29.1919,0.26705763,0.32289568
15.390000104904175,29.2159,0.267125,0.32289568
15.40000033378601,29.263899,0.2671924,0.32411647
15.40999960899353,29.263899,0.26725978,0.32411647
15.419999837875366,29.207901,0.26732713,0.32533723
15.430000066757202,29.183899,0.26746187,0.32533723
15.440000295639038,29.2159,0.26773137,0.32533723
15.449999570846558,29.2519,0.26806822,0.32411647
15.459999799728394,29.3519,0.26860717,0.32045412
15.47000002861023,29.5279,0.26948297,0.3167918
15.480000257492065,29.7559,0.2706957,0.30824634
15.489999532699585,30.0159,0.27237993,0.29848012
15.499999761581421,30.255896,0.27392945,0.2887139
15.509999990463257,30.415897,0.27507475,0.28261003
15.520000219345093,30.423897,0.27601796,0.27650613
15.530000448226929,30.459896,0.27709588,0.27162302
15.539999723434448,30.691896,0.27837595,0.2630776
15.549999952316284,30.931894,0.27945387,0.25697368
15.56000018119812,31.107893,0.27985808,0.25453213
15.570000410079956,31.159895,0.27992547,0.25575292
15.579999685287476,31.191895,0.27992547,0.25697368
15.589999914169312,31.199894,0.27992547,0.25697368
15.600000143051147,31.191895,0.27992547,0.25941524
15.610000371932983,31.155893,0.27992547,0.25941524
15.619999647140503,31.131893,0.27992547,0.26063603
15.629999876022339,31.103895,0.27992547,0.2618568
15.640000104904175,31.059895,0.27992547,0.2630776
15.65000033378601,31.135895,0.27992547,0.26429835
15.65999960899353,31.147894,0.27992547,0.26551914
15.669999837875366,31.167892,0.27992547,0.2667399
15.680000066757202,31.111895,0.27992547,0.2679607
15.690000295639038,31.119894,0.27992547,0.26918146
15.699999570846558,31.095894,0.27992547,0.27040225
15.709999799728394,31.071894,0.27992547,0.27162302
15.72000002861023,31.079895,0.27992547,0.2728438
15.730000257492065,31.047894,0.27992547,0.27406457
15.739999532699585,31.043896,0.27992547,0.27528536
15.749999761581421,31.047894,0.27992547,0.27650613
15.759999990463257,31.111895,0.27992547,0.27772692
15.770000219345093,31.131893,0.27992547,0.27894768
15.780000448226929,31.095894,0.27992547,0.27894768
15.789999723434448,31.059895,0.27992547,0.28138924
15.799999952316284,31.035894,0.27992547,0.28138924
15.81000018119812,31.007893,0.27992547,0.28261003
15.820000410079956,30.979895,0.27992547,0.2838308
15.829999685287476,31.019896,0.27992547,0.28505158
15.839999914169312,31.031895,0.27992547,0.28627235
15.850000143051147,31.031895,0.27992547,0.28749314
15.860000371932983,31.015894,0.27992547,0.2887139
15.869999647140503,31.043896,0.27992547,0.2899347
15.879999876022339,31.039894,0.27992547,0.29115546
15.890000104904175,30.995893,0.27992547,0.29237625
15.90000033378601,30.971893,0.27992547,0.293597
15.910000562667847,30.967896,0.27992547,0.2948178
15.920000791549683,30.959894,0.27992547,0.29603857
15.929999113082886,30.987896,0.27992547,0.29725936
15.939999341964722,31.023895,0.27992547,0.29848012
15.949999570846558,31.051893,0.27992547,0.29970092
15.959999799728394,30.999895,0.27992547,0.30092168
15.97000002861023,30.963896,0.27992547,0.30092168
15.980000257492065,30.975895,0.27992547,0.30214247
15.990000486373901,30.943895,0.27992547,0.30336323
16.000000715255737,30.935894,0.27992547,0.30458403
16.010000944137573,30.943895,0.27992547,0.3058048
16.019999265670776,30.959894,0.27992547,0.30702558
16.029999494552612,30.971893,0.27992547,0.30824634
16.03999972343445,30.975895,0.27992547,0.30946714
16.049999952316284,30.983894,0.27992547,0.3106879
16.06000018119812,30.967896,0.27992547,0.3119087
16.070000410079956,30.923895,0.27992547,0.31312945
16.080000638961792,30.911894,0.27992547,0.31435025
16.090000867843628,30.927896,0.27999285,0.31435025
16.09999918937683,30.883896,0.27999285,0.3167918
16.109999418258667,30.919895,0.27999285,0.3167918
16.119999647140503,30.947895,0.27999285,0.31801257
16.12999987602234,30.943895,0.27999285,0.31923336
16.140000104904175,30.927896,0.2800602,0.32045412
16.15000033378601,30.943895,0.2800602,0.3216749
16.160000562667847,30.939896,0.28012756,0.3216749
16.170000791549683,30.919895,0.28019494,0.32289568
16.179999113082886,30.899895,0.28026232,0.32289568
16.18999934196472,30.935894,0.28046444,0.32411647
16.199999570846558,30.999895,0.28080127,0.3216749
16.209999799728394,31.107893,0.28134024,0.32045412
16.22000002861023,31.251894,0.28208134,0.315571
16.230000257492065,31.435892,0.28315926,0.30946714
16.2400004863739,31.615892,0.2844393,0.30214247
16.250000715255737,31.739893,0.2855846,0.2948178
16.260000944137573,31.807892,0.28612354,0.29237625
16.269999265670776,31.755892,0.28619093,0.29237625
16.279999494552612,31.723892,0.28619093,0.293597
16.28999972343445,31.727892,0.28619093,0.2948178
16.299999952316284,31.843891,0.2862583,0.29603857
16.31000018119812,31.947891,0.2862583,0.29725936
16.320000410079956,32.02789,0.2862583,0.29848012
16.330000638961792,32.05989,0.2862583,0.29970092
16.340000867843628,32.01989,0.2863257,0.29970092
16.34999918937683,31.90389,0.2863257,0.30092168
16.359999418258667,31.755892,0.28639305,0.30214247
16.369999647140503,31.703894,0.28639305,0.30214247
16.37999987602234,31.703894,0.28639305,0.30458403
16.390000104904175,31.791891,0.28646043,0.30458403
16.40000033378601,31.895891,0.28646043,0.3058048
16.410000562667847,32.03989,0.28659517,0.3058048
16.420000791549683,32.08389,0.28666252,0.30702558
16.429999113082886,32.02789,0.2867299,0.30702558
16.43999934196472,31.95989,0.28686467,0.30824634
16.449999570846558,31.88389,0.28706676,0.30702558
16.459999799728394,31.85189,0.28747097,0.3058048
16.47000002861023,31.895891,0.2879426,0.30336323
16.480000257492065,32.07989,0.28854892,0.30092168
16.4900004863739,32.27189,0.28935736,0.29603857
16.500000715255737,32.51189,0.2902332,0.29115546
16.510000944137573,32.69589,0.29104164,0.28627235
16.519999265670776,32.755886,0.2913785,0.28627235
16.529999494552612,32.65189,0.2913785,0.28627235
16.53999972343445,32.483887,0.2913785,0.2887139
16.549999952316284,32.43989,0.2913785,0.2887139
16.56000018119812,32.45189,0.2913785,0.2899347
16.570000410079956,32.57589,0.2913785,0.29115546
16.580000638961792,32.69189,0.2913785,0.29237625
16.590000867843628,32.787888,0.2913785,0.293597
16.59999918937683,32.81189,0.2913785,0.2948178
16.609999418258667,32.731888,0.29144585,0.29603857
16.619999647140503,32.627888,0.29144585,0.29603857
16.62999987602234,32.51189,0.29144585,0.29848012
16.640000104904175,32.42389,0.29144585,0.29848012
16.65000033378601,32.39989,0.29144585,0.30092168
16.660000562667847,32.49589,0.29144585,0.30092168
16.670000791549683,32.63189,0.29151323,0.30214247
16.679999113082886,32.739887,0.29151323,0.30336323
16.68999934196472,32.77189,0.29151323,0.30458403
16.699999570846558,32.739887,0.29151323,0.3058048
16.709999799728394,32.607887,0.2915806,0.3058048
16.72000002861023,32.46389,0.2915806,0.30702558
16.730000257492065,32.40789,0.2915806,0.30824634
16.7400004863739,32.427887,0.29164797,0.30946714
16.750000715255737,32.49189,0.29164797,0.3106879
16.760000944137573,32.59989,0.29171532,0.3106879
16.769999265670776,32.719887,0.2917827,0.3119087
16.779999494552612,32.77989,0.2918501,0.3119087
16.78999972343445,32.75189,0.2918501,0.31312945
16.799999952316284,32.64789,0.29191747,0.31435025
16.81000018119812,32.523888,0.29191747,0.315571
16.820000410079956,32.43189,0.29205218,0.3167918
16.830000638961792,32.46389,0.29211956,0.3167918
16.840000867843628,32.54789,0.2922543,0.3167918
16.84999918937683,32.67989,0.29245642,0.3167918
16.859999418258667,32.807888,0.29265854,0.3167918
16.869999647140503,32.88789,0.29299536,0.31435025
16.87999987602234,32.967888,0.293467,0.31312945
16.890000104904175,32.98789,0.29414067,0.30946714
16.90000033378601,32.995888,0.29494914,0.3058048
16.910000562667847,33.087887,0.29582497,0.29970092
16.920000791549683,33.227886,0.29676813,0.2948178
16.929999113082886,33.343887,0.29750922,0.29115546
16.93999934196472,33.451885,0.2977787,0.2899347
16.949999570846558,33.547886,0.29784608,0.29115546
16.959999799728394,33.619884,0.29784608,0.29115546
16.97000002861023,33.643887,0.29791346,0.29237625
16.980000257492065,33.655884,0.29791346,0.293597
16.9900004863739,33.643887,0.29791346,0.2948178
17.000000715255737,33.587887,0.29791346,0.29603857
17.010000944137573,33.507885,0.29798082,0.29603857
17.019999265670776,33.495884,0.29804817,0.29725936
17.029999494552612,33.519886,0.29804817,0.29848012
17.03999972343445,33.543884,0.29804817,0.29970092
17.049999952316284,33.563885,0.29804817,0.30092168
17.06000018119812,33.603886,0.29811555,0.30092168
17.070000410079956,33.627888,0.29811555,0.30214247
17.080000638961792,33.595886,0.29811555,0.30336323
17.090000867843628,33.563885,0.29811555,0.30458403
17.09999918937683,33.523888,0.29818293,0.3058048
17.109999418258667,33.491886,0.29818293,0.30702558
17.119999647140503,33.471886,0.29818293,0.30824634
17.12999987602234,33.543884,0.29825032,0.30824634
17.140000104904175,33.579887,0.29831767,0.30946714
17.15000033378601,33.591885,0.29831767,0.3106879
17.160000562667847,33.603886,0.29838502,0.3106879
17.170000791549683,33.615887,0.29838502,0.3119087
17.179999113082886,33.571884,0.2984524,0.31312945
17.18999934196472,33.507885,0.2984524,0.31435025
17.199999570846558,33.507885,0.2984524,0.315571
17.209999799728394,33.48789,0.2984524,0.3167918
17.22000002861023,33.515884,0.2984524,0.31801257
17.230000257492065,33.519886,0.2985198,0.31801257
17.2400004863739,33.607887,0.2985198,0.31923336
17.250000715255737,33.615887,0.2985198,0.32045412
17.260000944137573,33.587887,0.29858714,0.3216749
17.269999265670776,33.555885,0.29858714,0.3216749
17.279999494552612,33.535885,0.2987219,0.32289568
17.28999972343445,33.519886,0.2987893,0.32289568
17.299999952316284,33.519886,0.29899138,0.32289568
17.31000018119812,33.599884,0.2991935,0.32289568
17.320000410079956,33.667885,0.29932824,0.32289568
17.330000638961792,33.691883,0.29953036,0.32289568
17.340000867843628,33.719887,0.29973245,0.3216749
17.34999918937683,33.771885,0.29993457,0.3216749
17.359999418258667,33.791885,0.3001367,0.3216749
17.369999647140503,33.795887,0.3004062,0.3216749
17.37999987602234,33.851883,0.30087778,0.31923336
17.390000104904175,33.919884,0.301282,0.31801257
17.40000033378601,33.99988,0.30182093,0.315571
17.410000562667847,34.123882,0.30249467,0.3119087
17.420000791549683,34.287884,0.30323574,0.30824634
17.429999113082886,34.423885,0.30390942,0.30458403
17.43999934196472,34.447884,0.3043137,0.30214247
17.449999570846558,34.439884,0.3044484,0.30214247
17.459999799728394,34.39588,0.3044484,0.30336323
17.47000002861023,34.403885,0.30451578,0.30458403
17.480000257492065,34.407883,0.30458316,0.30458403
17.4900004863739,34.48788,0.30458316,0.3058048
17.500000715255737,34.53588,0.30458316,0.30702558
17.510000944137573,34.56388,0.30458316,0.30824634
17.519999265670776,34.559883,0.30458316,0.30946714
17.529999494552612,34.55588,0.30458316,0.3106879
17.53999972343445,34.50388,0.30465052,0.3119087
17.549999952316284,34.415882,0.30465052,0.3119087
17.56000018119812,34.39588,0.30465052,0.31435025
17.570000410079956,34.403885,0.3047179,0.31435025
17.580000638961792,34.475883,0.30485263,0.31435025
17.590000867843628,34.52788,0.30492,0.315571
17.59999918937683,34.607883,0.30498737,0.3167918
17.609999418258667,34.595882,0.30505475,0.3167918
17.619999647140503,34.52788,0.30518946,0.3167918
17.62999987602234,34.531883,0.3053916,0.3167918
17.640000104904175,34.547882,0.30559373,0.3167918
17.65000033378601,34.58388,0.30593058,0.315571
17.660000562667847,34.615883,0.30640218,0.31435025
17.670000791549683,34.77188,0.3070085,0.3106879
17.679999113082886,34.91188,0.30768222,0.30702558
17.68999934196472,35.04788,0.30835593,0.30336323
17.699999570846558,35.15988,0.30896226,0.30092168
17.709999799728394,35.22788,0.30943382,0.29848012
17.72000002861023,35.21188,0.30970332,0.29725936
17.730000257492065,35.143883,0.3097707,0.29848012
17.7400004863739,35.13588,0.3097707,0.29848012
17.750000715255737,35.20388,0.3098381,0.29970092
17.760000944137573,35.263878,0.3098381,0.30092168
17.769999265670776,35.32788,0.3098381,0.30214247
17.779999494552612,35.38388,0.3098381,0.30336323
17.78999972343445,35.367878,0.3098381,0.30458403
17.799999952316284,35.30788,0.30990544,0.30458403
17.81000018119812,35.26788,0.30990544,0.3058048
17.820000410079956,35.21188,0.30990544,0.30702558
17.830000638961792,35.15988,0.3099728,0.30824634
17.840000867843628,35.13588,0.3099728,0.30946714
17.84999918937683,35.21188,0.31004018,0.3106879
17.859999418258667,35.299877,0.31010756,0.3106879
17.869999647140503,35.35188,0.31010756,0.3119087
17.87999987602234,35.38388,0.31017494,0.3119087
17.890000104904175,35.32788,0.31017494,0.31312945
17.90000033378601,35.255882,0.3102423,0.31435025
17.910000562667847,35.16788,0.31030965,0.315571
17.920000791549683,35.18388,0.31030965,0.3167918
17.929999113082886,35.23188,0.31037703,0.3167918
17.93999934196472,35.25188,0.3104444,0.31801257
17.949999570846558,35.29188,0.31051177,0.31801257
17.959999799728394,35.35588,0.31051177,0.31923336
17.97000002861023,35.39188,0.31057915,0.32045412
17.980000257492065,35.35988,0.31064653,0.32045412
17.9900004863739,35.319878,0.3107139,0.3216749
18.000000715255737,35.30788,0.31084862,0.3216749
18.010000944137573,35.23188,0.3109834,0.3216749
18.019999265670776,35.21988,0.31105074,0.32289568
18.029999494552612,35.30788,0.31118548,0.32289568
18.03999972343445,35.44388,0.31145498,0.3216749
18.049999952316284,35.55188,0.31192657,0.32045412
18.06000018119812,35.631878,0.31246552,0.31801257
18.070000410079956,35.72788,0.3132066,0.31435025
18.080000638961792,35.83188,0.31408244,0.30824634
18.090000867843628,35.91588,0.3148909,0.30458403
18.09999918937683,36.007877,0.31569934,0.29970092
18.109999418258667,36.083878,0.31623828,0.29725936
18.119999647140503,36.099876,0.3165078,0.29603857
18.12999987602234,36.135876,0.31657514,0.29725936
18.140000104904175,36.235874,0.31657514,0.29848012
18.15000033378601,36.299877,0.31657514,0.29970092
18.160000562667847,36.343876,0.31664252,0.29970092
18.170000791549683,36.359875,0.31664252,0.30092168
18.179999113082886,36.327877,0.31664252,0.30214247
18.18999934196472,36.24788,0.31664252,0.30336323
18.199999570846558,36.17188,0.31670988,0.30458403
18.209999799728394,36.167877,0.31670988,0.3058048
18.22000002861023,36.175877,0.31677726,0.3058048
18.230000257492065,36.19188,0.31677726,0.30702558
18.2400004863739,36.219875,0.3168446,0.30824634
18.250000715255737,36.319878,0.3168446,0.30946714
18.260000944137573,36.339878,0.316912,0.30946714
18.269999265670776,36.339878,0.31697938,0.3106879
18.279999494552612,36.28388,0.31704676,0.3106879
18.28999972343445,36.22788,0.31711408,0.3119087
18.299999952316284,36.15188,0.31718147,0.31312945
18.31000018119812,36.159878,0.31718147,0.31312945
18.320000410079956,36.251877,0.31731623,0.31435025
18.330000638961792,36.327877,0.31745097,0.31435025
18.340000867843628,36.379875,0.3175857,0.31435025
18.34999918937683,36.439877,0.31778783,0.31435025
18.359999418258667,36.44388,0.3180573,0.31435025
18.369999647140503,36.46388,0.3183268,0.3119087
18.37999987602234,36.459877,0.318731,0.3106879
18.390000104904175,36.511875,0.31926996,0.30824634
18.40000033378601,36.603874,0.31980893,0.3058048
18.410000562667847,36.651875,0.32028055,0.30458403
18.420000791549683,36.755875,0.32061738,0.30214247
18.429999113082886,36.883873,0.32095423,0.30092168
18.43999934196472,37.019875,0.32142583,0.29970092
18.449999570846558,37.051872,0.32183006,0.29725936
18.459999799728394,37.083874,0.32203218,0.29725936
18.47000002861023,37.051872,0.32209957,0.29848012
18.480000257492065,37.007874,0.32209957,0.29848012
18.4900004863739,36.995872,0.32209957,0.30092168
18.500000715255737,37.027874,0.32209957,0.30092168
18.510000944137573,37.051872,0.32209957,0.30214247
18.519999265670776,37.075874,0.32216692,0.30336323
18.529999494552612,37.107872,0.32223427,0.30458403
18.53999972343445,37.147873,0.32223427,0.30458403
18.549999952316284,37.127872,0.32223427,0.3058048
18.56000018119812,37.063873,0.32223427,0.30702558
18.570000410079956,36.987877,0.32223427,0.30824634
18.580000638961792,36.955875,0.32230166,0.30946714
18.590000867843628,36.979874,0.32230166,0.3106879
18.59999918937683,37.035873,0.32236904,0.3106879
18.609999418258667,37.099873,0.32236904,0.3119087
18.619999647140503,37.13587,0.3224364,0.31312945
18.62999987602234,37.115875,0.32250378,0.31435025
18.640000104904175,37.095875,0.32257116,0.31435025
18.65000033378601,37.075874,0.32257116,0.315571
18.660000562667847,37.015873,0.32257116,0.3167918
18.670000791549683,36.971874,0.32257116,0.31801257
18.679999113082886,37.015873,0.3226385,0.31801257
18.68999934196472,37.051872,0.32277325,0.31801257
18.699999570846558,37.099873,0.32284063,0.31923336
18.709999799728394,37.151875,0.32284063,0.32045412
18.72000002861023,37.19187,0.322908,0.3216749
18.730000257492065,37.155872,0.322908,0.3216749
18.7400004863739,37.079876,0.32297537,0.32289568
18.750000715255737,37.079876,0.3231101,0.32289568
18.760000944137573,37.095875,0.32331222,0.32289568
18.769999265670776,37.123875,0.323447,0.32289568
18.779999494552612,37.159874,0.3235143,0.32411647
18.78999972343445,37.235874,0.3235817,0.32411647
18.799999952316284,37.239876,0.32364908,0.32533723
18.81000018119812,37.239876,0.32371646,0.32655802
18.820000410079956,37.239876,0.3238512,0.32655802
18.830000638961792,37.26787,0.32398593,0.32655802
18.840000867843628,37.251873,0.32418805,0.32655802
18.84999918937683,37.263874,0.3245249,0.32533723
18.859999418258667,37.331875,0.32486174,0.32411647
18.869999647140503,37.42787,0.32533333,0.3216749
18.87999987602234,37.55987,0.32600704,0.31801257
18.890000104904175,37.723873,0.32668075,0.31435025
18.90000033378601,37.871872,0.32742184,0.3106879
18.910000562667847,37.95187,0.32809556,0.30824634
18.920000791549683,37.975872,0.32849976,0.3058048
18.929999113082886,37.97187,0.3286345,0.3058048
18.93999934196472,37.95187,0.3286345,0.30702558
18.949999570846558,37.959873,0.32870188,0.30824634
18.959999799728394,37.98787,0.32870188,0.30824634
18.97000002861023,38.06787,0.32870188,0.3106879
18.980000257492065,38.10387,0.32870188,0.3106879
18.9900004863739,38.107872,0.32870188,0.3119087
19.000000715255737,38.09987,0.32870188,0.31312945
19.010000944137573,38.05587,0.32870188,0.31435025
19.019999265670776,37.96387,0.32870188,0.315571
19.029999494552612,37.89987,0.32876924,0.3167918
19.03999972343445,37.90387,0.32876924,0.31801257
19.049999952316284,37.947872,0.32883662,0.31801257
19.06000018119812,38.02787,0.328904,0.31923336
19.070000410079956,38.09187,0.3289714,0.31923336
19.080000638961792,38.135868,0.3290387,0.32045412
19.090000867843628,38.107872,0.3290387,0.3216749
19.09999918937683,38.04387,0.3291061,0.3216749
19.109999418258667,37.995872,0.32917348,0.32289568
19.119999647140503,37.99187,0.3293082,0.32289568
19.12999987602234,37.995872,0.32944295,0.32289568
19.140000104904175,38.02387,0.32964507,0.32289568
19.15000033378601,38.11187,0.32971245,0.32411647
19.160000562667847,38.14787,0.32977983,0.32411647
19.170000791549683,38.20387,0.32991454,0.32411647
19.179999113082886,38.20787,0.3300493,0.32533723
19.18999934196472,38.231873,0.33025143,0.32411647
19.199999570846558,38.19587,0.33045352,0.32411647
19.209999799728394,38.13187,0.33058828,0.32411647
19.22000002861023,38.18387,0.33085775,0.32411647
19.230000257492065,38.25587,0.33112723,0.32289568
19.2400004863739,38.37987,0.33159882,0.3216749
19.250000715255737,38.50387,0.3321378,0.31923336
19.260000944137573,38.679867,0.33281147,0.315571
19.269999265670776,38.79187,0.33355257,0.3106879
19.279999494552612,38.88387,0.33422628,0.30702558
19.28999972343445,38.91987,0.33469787,0.3058048
19.299999952316284,38.895866,0.3349,0.30458403
19.31000018119812,38.84387,0.3349,0.3058048
19.320000410079956,38.823868,0.33496734,0.30702558
19.330000638961792,38.91987,0.33496734,0.30824634
19.340000867843628,39.00787,0.33503473,0.30824634
19.34999918937683,39.07987,0.33503473,0.3106879
19.359999418258667,39.103867,0.33503473,0.3106879
19.369999647140503,39.07987,0.3351021,0.3119087
19.37999987602234,38.983868,0.3351021,0.31312945
19.390000104904175,38.887867,0.33523685,0.31435025
19.40000033378601,38.903866,0.33537158,0.31312945
19.410000562667847,38.923866,0.33550632,0.31435025
19.420000791549683,38.93987,0.33550632,0.31435025
19.429999113082886,38.999866,0.3355737,0.315571
19.43999934196472,39.075867,0.3355737,0.3167918
19.449999570846558,39.147865,0.3356411,0.3167918
19.459999799728394,39.107864,0.3356411,0.31801257
19.47000002861023,39.06387,0.33570844,0.31923336
19.480000257492065,38.999866,0.33570844,0.32045412
19.4900004863739,38.94787,0.33584318,0.32045412
19.500000715255737,38.96787,0.33611268,0.32045412
19.510000944137573,39.06387,0.33638215,0.31923336
19.519999265670776,39.191868,0.33678636,0.31801257
19.529999494552612,39.315865,0.33725795,0.315571
19.53999972343445,39.43987,0.33799905,0.3119087
19.549999952316284,39.611866,0.33894223,0.3058048
19.56000018119812,39.775864,0.34002018,0.29970092
19.570000410079956,39.911865,0.34130022,0.29237625
19.580000638961792,40.019863,0.34217602,0.28749314
19.590000867843628,40.055866,0.34258023,0.28627235
19.59999918937683,40.019863,0.3426476,0.28627235
19.609999418258667,40.059864,0.342715,0.28627235
19.619999647140503,40.159863,0.342715,0.28749314
19.62999987602234,40.275864,0.342715,0.2887139
19.640000104904175,40.315865,0.342715,0.2899347
19.65000033378601,40.34386,0.34278238,0.29115546
19.660000562667847,40.287865,0.34278238,0.29237625
19.670000791549683,40.207863,0.34284973,0.29237625
19.679999113082886,40.111862,0.34284973,0.293597
19.68999934196472,40.059864,0.34284973,0.2948178
19.699999570846558,40.05186,0.3429171,0.29603857
19.709999799728394,40.087864,0.3429171,0.29725936
19.72000002861023,40.19186,0.3429171,0.29848012
19.730000257492065,40.319862,0.3429845,0.29848012
19.7400004863739,40.315865,0.34305185,0.29970092
19.750000715255737,40.275864,0.3431192,0.30092168
19.760000944137573,40.215866,0.34325397,0.30092168
19.769999265670776,40.151863,0.3433887,0.30092168
19.779999494552612,40.131863,0.34359083,0.30092168
19.78999972343445,40.163864,0.3438603,0.29970092
19.799999952316284,40.30386,0.3443319,0.29725936
19.81000018119812,40.43186,0.34480348,0.2948178
19.820000410079956,40.583862,0.3452077,0.293597
19.830000638961792,40.699863,0.3456793,0.29115546
19.840000867843628,40.791862,0.34628564,0.2887139
19.84999918937683,40.85586,0.34695935,0.28505158
19.859999418258667,40.86386,0.34749833,0.28261003
19.869999647140503,40.84786,0.3477678,0.28138924
19.87999987602234,40.807858,0.3477678,0.28261003
19.890000104904175,40.819862,0.3477678,0.2838308
19.90000033378601,40.89186,0.3477678,0.28505158
19.910000562667847,41.04386,0.3477678,0.28627235
19.920000791549683,41.079857,0.3477678,0.28749314
19.929999113082886,41.06786,0.3477678,0.2887139
19.93999934196472,41.01986,0.3477678,0.2899347
19.949999570846558,40.93986,0.3477678,0.29115546
19.959999799728394,40.839863,0.3477678,0.29237625
19.97000002861023,40.763863,0.34783518,0.29237625
19.980000257492065,40.79586,0.34783518,0.2948178
19.9900004863739,40.827858,0.34783518,0.2948178
20.000000715255737,40.91186,0.34783518,0.29603857
20.010000944137573,41.01186,0.34783518,0.29725936
20.019999265670776,41.05186,0.34783518,0.29848012
20.029999494552612,40.999863,0.34783518,0.29970092
20.03999972343445,40.87186,0.34783518,0.30092168
20.049999952316284,40.787857,0.34783518,0.30214247
20.06000018119812,40.73586,0.34783518,0.30336323
20.070000410079956,40.75586,0.34783518,0.30458403
20.080000638961792,40.791862,0.34783518,0.3058048
20.090000867843628,40.89186,0.34783518,0.30702558
20.09999918937683,40.951862,0.34790254,0.30702558
20.109999418258667,40.971863,0.34796992,0.30824634
20.119999647140503,40.95986,0.3480373,0.30824634
20.12999987602234,40.903862,0.3480373,0.3106879
20.140000104904175,40.811863,0.3480373,0.3106879
20.15000033378601,40.71186,0.3480373,0.3119087
20.160000562667847,40.70386,0.3480373,0.31312945
20.170000791549683,40.77586,0.3480373,0.31435025
20.179999113082886,40.85586,0.3480373,0.315571
20.18999934196472,40.91986,0.3480373,0.3167918
20.199999570846558,40.999863,0.34810466,0.31801257
20.209999799728394,40.94786,0.348172,0.31801257
20.22000002861023,40.86386,0.3482394,0.31923336
20.230000257492065,40.83586,0.34837416,0.31923336
20.2400004863739,40.77586,0.3484415,0.32045412
20.250000715255737,40.75586,0.3484415,0.32045412
20.260000944137573,40.77986,0.34857625,0.3216749
20.269999265670776,40.89186,0.34877837,0.3216749
20.279999494552612,41.01586,0.3489131,0.3216749
20.28999972343445,41.07586,0.34904784,0.3216749
20.299999952316284,41.13986,0.3493847,0.32045412
20.31000018119812,41.147858,0.34978893,0.31923336
20.320000410079956,41.15586,0.35032788,0.3167918
20.330000638961792,41.171864,0.35106897,0.3119087
20.340000867843628,41.311855,0.35194477,0.30702558
20.34999918937683,41.52386,0.35302272,0.30092168
20.359999418258667,41.75586,0.3540333,0.2948178
20.369999647140503,41.94786,0.354707,0.29237625
20.37999987602234,42.043858,0.3549091,0.29115546
20.390000104904175,42.01986,0.35497648,0.29237625
20.40000033378601,41.97986,0.35497648,0.29237625
20.410000562667847,41.959858,0.35504383,0.2948178
20.420000791549683,41.963856,0.35504383,0.2948178
20.429999113082886,41.963856,0.35504383,0.29603857
20.43999934196472,41.991856,0.3551786,0.29603857
20.449999570846558,42.06786,0.35524598,0.29725936
20.459999799728394,42.107853,0.35538068,0.29725936
20.47000002861023,42.115856,0.3555828,0.29725936
20.480000257492065,42.13186,0.35591966,0.29603857
20.4900004863739,42.155857,0.3562565,0.2948178
20.500000715255737,42.183857,0.3567281,0.29237625
20.510000944137573,42.243855,0.35733446,0.2899347
20.519999265670776,42.407856,0.35794076,0.28627235
20.529999494552612,42.543858,0.3586819,0.28261003
20.53999972343445,42.683857,0.35935557,0.27894768
20.549999952316284,42.763855,0.35982716,0.27650613
20.56000018119812,42.799854,0.35989454,0.27772692
20.570000410079956,42.775856,0.35989454,0.27894768
20.580000638961792,42.739853,0.35996193,0.27894768
20.590000867843628,42.723858,0.35996193,0.28016847
20.59999918937683,42.759853,0.35996193,0.28138924
20.609999418258667,42.775856,0.35996193,0.28261003
20.619999647140503,42.795856,0.35996193,0.2838308
20.62999987602234,42.839855,0.35996193,0.28505158
20.640000104904175,42.823856,0.35996193,0.28627235
20.65000033378601,42.775856,0.35996193,0.28749314
20.660000562667847,42.719852,0.36002928,0.2887139
20.670000791549683,42.707855,0.36002928,0.2887139
20.679999113082886,42.683857,0.36009663,0.2899347
20.68999934196472,42.703857,0.36009663,0.29115546
20.699999570846558,42.759853,0.36016402,0.29237625
20.709999799728394,42.799854,0.36016402,0.29237625
20.72000002861023,42.795856,0.36016402,0.2948178
20.730000257492065,42.783855,0.3602314,0.2948178
20.7400004863739,42.759853,0.3602314,0.29603857
20.750000715255737,42.735855,0.3602314,0.29725936
20.760000944137573,42.671852,0.3602314,0.29848012
20.769999265670776,42.667854,0.36029878,0.29848012
20.779999494552612,42.683857,0.36029878,0.29970092
20.78999972343445,42.695854,0.36029878,0.30092168
20.799999952316284,42.743855,0.36036614,0.30214247
20.81000018119812,42.787853,0.36036614,0.30336323
20.820000410079956,42.81185,0.3604335,0.30336323
20.830000638961792,42.759853,0.36056826,0.30458403
20.840000867843628,42.739853,0.3606356,0.30458403
20.84999918937683,42.739853,0.36077037,0.30458403
20.859999418258667,42.731853,0.36083773,0.3058048
20.869999647140503,42.719852,0.36090508,0.3058048
20.87999987602234,42.763855,0.36097246,0.30702558
20.890000104904175,42.823856,0.36097246,0.30824634
20.90000033378601,42.819855,0.36103985,0.30824634
20.910000562667847,42.835854,0.36103985,0.3106879
20.920000791549683,42.843857,0.3611072,0.3106879
20.929999113082886,42.819855,0.36117458,0.3119087
20.93999934196472,42.763855,0.36124197,0.3119087
20.949999570846558,42.775856,0.36137667,0.3119087
20.959999799728394,42.807854,0.36144406,0.31312945
20.97000002861023,42.831852,0.36157882,0.31312945
20.980000257492065,42.887856,0.3617809,0.31312945
20.9900004863739,42.963852,0.36198303,0.3119087
21.000000715255737,43.01985,0.3623199,0.3119087
21.010000944137573,43.055855,0.3627241,0.30946714
21.019999265670776,43.13185,0.36319572,0.30824634
21.029999494552612,43.20385,0.36380205,0.30458403
21.03999972343445,43.31185,0.36440837,0.30214247
21.049999952316284,43.391853,0.36514944,0.29725936
21.06000018119812,43.53585,0.36589053,0.2948178
21.070000410079956,43.663853,0.36642948,0.29115546
21.080000638961792,43.731853,0.36669898,0.29115546
21.090000867843628,43.75585,0.36676636,0.29115546
21.09999918937683,43.75585,0.36676636,0.29237625
21.109999418258667,43.75585,0.36683372,0.29237625
21.119999647140503,43.74385,0.3669011,0.293597
21.12999987602234,43.77985,0.3669011,0.2948178
21.140000104904175,43.78785,0.3669011,0.29603857
21.15000033378601,43.79985,0.36696845,0.29603857
21.160000562667847,43.76385,0.36696845,0.29725936
21.170000791549683,43.76785,0.36703584,0.29848012
21.179999113082886,43.76385,0.36703584,0.29970092
21.18999934196472,43.73985,0.36703584,0.30092168
21.199999570846558,43.751854,0.36710322,0.30092168
21.209999799728394,43.78385,0.36710322,0.30214247
21.22000002861023,43.78385,0.36723793,0.30214247
21.230000257492065,43.78385,0.3673053,0.30336323
21.2400004863739,43.803852,0.3673053,0.30458403
21.250000715255737,43.803852,0.36744007,0.30458403
21.260000944137573,43.81585,0.3675748,0.30458403
21.269999265670776,43.81185,0.3676422,0.3058048
21.279999494552612,43.80785,0.3676422,0.30702558
21.28999972343445,43.795853,0.36770955,0.30824634
21.299999952316284,43.79985,0.3677769,0.30824634
21.31000018119812,43.82785,0.3677769,0.30946714
21.320000410079956,43.87585,0.36791167,0.3106879
21.330000638961792,43.88785,0.36797905,0.3106879
21.340000867843628,43.87585,0.36818114,0.3106879
21.34999918937683,43.91585,0.36838326,0.30946714
21.359999418258667,43.931854,0.36858535,0.30946714
21.369999647140503,43.97985,0.36885485,0.30824634
21.37999987602234,43.991848,0.3691917,0.30824634
21.390000104904175,44.08385,0.36946118,0.30702558
21.40000033378601,44.143852,0.36979803,0.3058048
21.410000562667847,44.19585,0.3701349,0.30458403
21.420000791549683,44.25985,0.37040436,0.30458403
21.429999113082886,44.33585,0.37074122,0.30336323
21.43999934196472,44.37985,0.37101072,0.30214247
21.449999570846558,44.411846,0.37148228,0.30092168
21.459999799728394,44.499847,0.37202126,0.29725936
21.47000002861023,44.595844,0.37249288,0.2948178
21.480000257492065,44.655846,0.3728297,0.2948178
21.4900004863739,44.67185,0.37296447,0.2948178
21.500000715255737,44.69985,0.37296447,0.29603857
21.510000944137573,44.68785,0.3730992,0.29603857
21.519999265670776,44.703846,0.3731666,0.29603857
21.529999494552612,44.763847,0.3733013,0.29603857
21.53999972343445,44.787846,0.3733013,0.29725936
21.549999952316284,44.77985,0.37336868,0.29848012
21.56000018119812,44.76785,0.37336868,0.29970092
21.570000410079956,44.775845,0.37343606,0.30092168
21.580000638961792,44.73985,0.37343606,0.30092168
21.590000867843628,44.71185,0.37350345,0.30214247
21.59999918937683,44.727848,0.3735708,0.30214247
21.609999418258667,44.755848,0.37363815,0.30336323
21.619999647140503,44.771847,0.37363815,0.30458403
21.62999987602234,44.751846,0.37363815,0.3058048
21.640000104904175,44.775845,0.37363815,0.30702558
21.65000033378601,44.775845,0.37370554,0.30824634
21.660000562667847,44.73185,0.37370554,0.30824634
21.670000791549683,44.71185,0.37377292,0.30946714
21.679999113082886,44.763847,0.37384027,0.3106879
21.68999934196472,44.735847,0.37384027,0.3119087
21.699999570846558,44.723846,0.37384027,0.3119087
21.709999799728394,44.755848,0.37390766,0.31312945
21.72000002861023,44.75985,0.37390766,0.31435025
21.730000257492065,44.763847,0.37390766,0.315571
21.7400004863739,44.73985,0.37397504,0.3167918
21.750000715255737,44.76785,0.3740424,0.3167918
21.760000944137573,44.763847,0.37410975,0.31801257
21.769999265670776,44.76785,0.3742445,0.31801257
21.779999494552612,44.787846,0.37437925,0.31801257
21.78999972343445,44.835846,0.37464872,0.3167918
21.799999952316284,44.907845,0.37505296,0.315571
21.81000018119812,45.007847,0.37565932,0.31312945
21.820000410079956,45.159843,0.376333,0.30946714
21.830000638961792,45.299843,0.37707406,0.30458403
21.840000867843628,45.419846,0.3778825,0.30092168
21.84999918937683,45.519844,0.3786236,0.29603857
21.859999418258667,45.611843,0.37916255,0.2948178
21.869999647140503,45.651844,0.3793647,0.293597
21.87999987602234,45.627846,0.37943205,0.2948178
21.890000104904175,45.659843,0.37943205,0.29603857
21.90000033378601,45.723843,0.37949944,0.29603857
21.910000562667847,45.779846,0.37963417,0.29603857
21.920000791549683,45.811844,0.3797689,0.29603857
21.929999113082886,45.835846,0.3798363,0.29725936
21.93999934196472,45.819843,0.37990367,0.29848012
21.949999570846558,45.767845,0.37997103,0.29848012
21.959999799728394,45.727844,0.37997103,0.29970092
21.97000002861023,45.723843,0.38010576,0.30092168
21.980000257492065,45.759846,0.38030788,0.29970092
21.9900004863739,45.82384,0.38050997,0.29970092
22.000000715255737,45.93584,0.38084683,0.29848012
22.010000944137573,46.035843,0.38125107,0.29725936
22.019999265670776,46.103844,0.38179,0.2948178
22.029999494552612,46.16784,0.38226163,0.29237625
22.03999972343445,46.219845,0.38273323,0.2899347
22.049999952316284,46.259846,0.38313743,0.2887139
22.06000018119812,46.271843,0.38360906,0.28627235
22.070000410079956,46.375843,0.38421538,0.2838308
22.080000638961792,46.563843,0.3848891,0.28016847
22.090000867843628,46.70784,0.3853607,0.27772692
22.09999918937683,46.79584,0.38569754,0.27650613
22.109999418258667,46.82384,0.3857649,0.27650613
22.119999647140503,46.807842,0.3857649,0.27894768
22.12999987602234,46.74784,0.3857649,0.27894768
22.140000104904175,46.69984,0.3857649,0.28138924
22.15000033378601,46.715843,0.3857649,0.28138924
22.160000562667847,46.73184,0.3857649,0.28261003
22.170000791549683,46.72784,0.3857649,0.2838308
22.179999113082886,46.783844,0.3857649,0.28505158
22.18999934196472,46.807842,0.38583228,0.28627235
22.199999570846558,46.79184,0.38583228,0.28749314
22.209999799728394,46.73184,0.38583228,0.2887139
22.22000002861023,46.68784,0.38583228,0.2899347
22.230000257492065,46.651844,0.38583228,0.29115546
22.2400004863739,46.627842,0.38583228,0.29237625
22.250000715255737,46.66384,0.38583228,0.29237625
22.260000944137573,46.70784,0.38589966,0.293597
22.269999265670776,46.71984,0.38589966,0.2948178
22.279999494552612,46.73584,0.38589966,0.29603857
22.28999972343445,46.75184,0.38589966,0.29725936
22.299999952316284,46.70784,0.38589966,0.29848012
22.31000018119812,46.66384,0.38589966,0.29970092
22.320000410079956,46.627842,0.38589966,0.30092168
22.330000638961792,46.61984,0.38589966,0.30214247
22.340000867843628,46.627842,0.38596702,0.30214247
22.34999918937683,46.66384,0.38596702,0.30336323
22.359999418258667,46.70784,0.38596702,0.30458403
22.369999647140503,46.73184,0.38596702,0.3058048
22.37999987602234,46.68784,0.38596702,0.30702558
22.390000104904175,46.65584,0.38596702,0.30824634
22.40000033378601,46.627842,0.38603437,0.30824634
22.410000562667847,46.59584,0.38603437,0.3106879
22.420000791549683,46.58784,0.38610175,0.3106879
22.429999113082886,46.611843,0.38616914,0.3119087
22.43999934196472,46.66784,0.38623652,0.3119087
22.449999570846558,46.70784,0.38630387,0.31312945
22.459999799728394,46.703842,0.3864386,0.31312945
22.47000002861023,46.723843,0.38657334,0.31312945
22.480000257492065,46.73984,0.3867755,0.31312945
22.4900004863739,46.75584,0.38711232,0.3119087
22.500000715255737,46.77984,0.38744918,0.3106879
22.510000944137573,46.855843,0.38778603,0.30946714
22.519999265670776,46.92384,0.3881229,0.30824634
22.529999494552612,46.983837,0.38845974,0.30702558
22.53999972343445,47.08384,0.3887292,0.3058048
22.549999952316284,47.17984,0.3892008,0.30458403
22.56000018119812,47.28784,0.38973978,0.30214247
22.570000410079956,47.39984,0.39048088,0.29725936
22.580000638961792,47.54384,0.39128932,0.293597
22.590000867843628,47.59984,0.3918283,0.29115546
22.59999918937683,47.623837,0.3920304,0.29115546
22.609999418258667,47.607838,0.39209777,0.29115546
22.619999647140503,47.607838,0.39209777,0.29237625
22.62999987602234,47.655838,0.39216512,0.29237625
22.640000104904175,47.67584,0.39216512,0.2948178
22.65000033378601,47.759834,0.3922325,0.2948178
22.660000562667847,47.779835,0.3922999,0.29603857
22.670000791549683,47.755836,0.39236724,0.29603857
22.679999113082886,47.72384,0.3924346,0.29603857
22.68999934196472,47.67584,0.39250198,0.29725936
22.699999570846558,47.63184,0.39250198,0.29848012
22.709999799728394,47.607838,0.39256936,0.29970092
22.72000002861023,47.647835,0.39263672,0.29970092
22.730000257492065,47.715836,0.39263672,0.30092168
22.7400004863739,47.759834,0.39263672,0.30214247
22.750000715255737,47.779835,0.3927041,0.30336323
22.760000944137573,47.79184,0.39277145,0.30336323
22.769999265670776,47.77184,0.39283884,0.30458403
22.779999494552612,47.69984,0.39297357,0.30458403
22.78999972343445,47.67984,0.39310834,0.30458403
22.799999952316284,47.715836,0.39331043,0.30458403
22.81000018119812,47.747837,0.39351255,0.30458403
22.820000410079956,47.81184,0.39371464,0.30458403
22.830000638961792,47.90384,0.39398414,0.30336323
22.840000867843628,48.007835,0.39418626,0.30336323
22.84999918937683,48.051834,0.39459047,0.30214247
22.859999418258667,48.10384,0.39506206,0.29970092
22.869999647140503,48.167835,0.39553368,0.29725936
22.87999987602234,48.20384,0.39607266,0.2948178
22.890000104904175,48.239834,0.39654425,0.29237625
22.90000033378601,48.339836,0.3970158,0.29115546
22.910000562667847,48.435837,0.39721793,0.2899347
22.920000791549683,48.491833,0.3973527,0.29115546
22.929999113082886,48.53583,0.3974874,0.29115546
22.93999934196472,48.563835,0.3974874,0.29237625
22.949999570846558,48.575832,0.39755479,0.29237625
22.959999799728394,48.543835,0.39762217,0.293597
22.97000002861023,48.507835,0.39762217,0.2948178
22.980000257492065,48.487835,0.39762217,0.29603857
22.9900004863739,48.443832,0.39768952,0.29603857
23.000000715255737,48.463833,0.39768952,0.29725936
23.010000944137573,48.511833,0.3977569,0.29848012
23.019999265670776,48.53583,0.3977569,0.29970092
23.029999494552612,48.555832,0.3978243,0.29970092
23.03999972343445,48.539837,0.39789164,0.30092168
23.049999952316284,48.555832,0.397959,0.30092168
23.06000018119812,48.531834,0.39802638,0.30214247
23.070000410079956,48.49584,0.39809376,0.30214247
23.080000638961792,48.491833,0.39816114,0.30336323
23.090000867843628,48.547836,0.3982285,0.30458403
23.09999918937683,48.543835,0.3982285,0.30458403
23.109999418258667,48.559834,0.3982285,0.3058048
23.119999647140503,48.587837,0.39829585,0.30702558
23.12999987602234,48.603832,0.39836323,0.30824634
23.140000104904175,48.579834,0.39836323,0.30824634
23.15000033378601,48.555832,0.39836323,0.3106879
23.160000562667847,48.539837,0.39836323,0.3106879
23.170000791549683,48.503834,0.39843062,0.3119087
23.179999113082886,48.49584,0.39843062,0.31312945
23.18999934196472,48.527836,0.39849797,0.31435025
23.199999570846558,48.555832,0.39849797,0.31435025
23.209999799728394,48.58383,0.39863274,0.315571
23.22000002861023,48.567837,0.39863274,0.3167918
23.230000257492065,48.58383,0.39863274,0.31801257
23.2400004863739,48.567837,0.39863274,0.31801257
23.250000715255737,48.523834,0.3987001,0.31923336
23.260000944137573,48.519836,0.39876744,0.32045412
23.269999265670776,48.551834,0.3989022,0.32045412
23.279999494552612,48.567837,0.3989696,0.32045412
23.28999972343445,48.58383,0.39903694,0.3216749
23.299999952316284,48.627834,0.39917168,0.3216749
23.31000018119812,48.667835,0.39930642,0.3216749
23.320000410079956,48.683834,0.39950857,0.3216749
23.330000638961792,48.703835,0.39971066,0.3216749
23.340000867843628,48.759834,0.4000475,0.32045412
23.34999918937683,48.795834,0.4005191,0.31801257
23.359999418258667,48.887833,0.4011928,0.315571
23.369999647140503,49.063835,0.40193388,0.3106879
23.37999987602234,49.223835,0.40267497,0.30702558
23.390000104904175,49.37983,0.40348342,0.30214247
23.40000033378601,49.50783,0.40408975,0.29970092
23.410000562667847,49.55183,0.40435922,0.29848012
23.420000791549683,49.543835,0.40435922,0.29970092
23.429999113082886,49.483833,0.40435922,0.30092168
23.43999934196472,49.50783,0.40435922,0.30214247
23.449999570846558,49.55183,0.4044266,0.30214247
23.459999799728394,49.59983,0.4044266,0.30336323
23.47000002861023,49.61983,0.4044266,0.30458403
23.480000257492065,49.635834,0.404494,0.3058048
23.4900004863739,49.62383,0.40456137,0.3058048
23.500000715255737,49.567833,0.40456137,0.30702558
23.510000944137573,49.51583,0.40456137,0.30824634
23.519999265670776,49.499832,0.4046287,0.30946714
23.529999494552612,49.503834,0.40476346,0.30946714
23.53999972343445,49.547832,0.4048308,0.3106879
23.549999952316284,49.59983,0.4048308,0.3119087
23.56000018119812,49.64383,0.4048308,0.3119087
23.570000410079956,49.63983,0.4048308,0.31435025
23.580000638961792,49.603832,0.4048982,0.31435025
23.590000867843628,49.58383,0.4048982,0.315571
23.59999918937683,49.543835,0.4048982,0.3167918
23.609999418258667,49.51183,0.40496558,0.31801257
23.619999647140503,49.51583,0.40496558,0.31801257
23.62999987602234,49.55183,0.40503296,0.31923336
23.640000104904175,49.57983,0.40503296,0.32045412
23.65000033378601,49.59983,0.40503296,0.3216749
23.660000562667847,49.62383,0.4051003,0.3216749
23.670000791549683,49.63183,0.40516767,0.32289568
23.679999113082886,49.603832,0.40523505,0.32411647
23.68999934196472,49.55983,0.4053698,0.32411647
23.699999570846558,49.59983,0.4055719,0.32411647
23.709999799728394,49.64383,0.40590873,0.3216749
23.72000002861023,49.73983,0.40638036,0.32045412
23.730000257492065,49.887833,0.40712145,0.3167918
23.7400004863739,50.11583,0.408132,0.3106879
23.750000715255737,50.39183,0.4095468,0.30214247
23.760000944137573,50.647827,0.4110963,0.29237625
23.769999265670776,50.883827,0.41224164,0.28627235
23.779999494552612,50.971825,0.41291532,0.28261003
23.78999972343445,51.02783,0.41365638,0.27894768
23.799999952316284,51.131824,0.41446483,0.27406457
23.81000018119812,51.407825,0.41554278,0.2679607
23.820000410079956,51.68782,0.41668808,0.26063603
23.830000638961792,51.899822,0.41742915,0.25697368
23.840000867843628,52.007824,0.4175639,0.25697368
23.84999918937683,51.967823,0.4175639,0.25819448
23.859999418258667,51.895824,0.4175639,0.25941524
23.869999647140503,51.823826,0.4175639,0.26063603
23.87999987602234,51.851826,0.4175639,0.26063603
23.890000104904175,51.823826,0.4175639,0.2630776
23.90000033378601,51.863823,0.4175639,0.2630776
23.910000562667847,51.923824,0.4175639,0.26551914
23.920000791549683,51.975822,0.4175639,0.26551914
23.929999113082886,51.951824,0.4175639,0.2667399
23.93999934196472,51.871826,0.4175639,0.2679607
23.949999570846558,51.835823,0.4175639,0.26918146
23.959999799728394,51.755825,0.4175639,0.27040225
23.97000002861023,51.739826,0.4175639,0.27162302
23.980000257492065,51.74782,0.4175639,0.2728438
23.9900004863739,51.811825,0.4175639,0.27406457
24.000000715255737,51.843822,0.4175639,0.27528536
24.010000944137573,51.847824,0.4175639,0.27650613
24.019999265670776,51.843822,0.4175639,0.27772692
24.029999494552612,51.827824,0.4175639,0.27894768
24.03999972343445,51.731827,0.4175639,0.28016847
24.049999952316284,51.655823,0.4175639,0.28138924
24.06000018119812,51.667824,0.4175639,0.28261003
24.070000410079956,51.663826,0.4175639,0.28261003
24.080000638961792,51.70782,0.4175639,0.28505158
24.090000867843628,51.763824,0.4175639,0.28505158
24.09999918937683,51.791824,0.4175639,0.28627235
24.109999418258667,51.791824,0.4175639,0.28749314
24.119999647140503,51.743824,0.4175639,0.2887139
24.12999987602234,51.68782,0.4175639,0.2899347
24.140000104904175,51.647823,0.4175639,0.29115546
24.15000033378601,51.607822,0.4175639,0.29237625
24.160000562667847,51.611824,0.4175639,0.293597
24.170000791549683,51.671825,0.4175639,0.2948178
24.179999113082886,51.703823,0.4175639,0.29603857
24.18999934196472,51.719826,0.4175639,0.29725936
24.199999570846558,51.735825,0.4175639,0.29848012
24.209999799728394,51.691826,0.4175639,0.29970092
24.22000002861023,51.619827,0.4175639,0.30092168
24.230000257492065,51.575825,0.4175639,0.30214247
24.2400004863739,51.571827,0.4175639,0.30214247
24.250000715255737,51.575825,0.4175639,0.30458403
24.260000944137573,51.599827,0.41763127,0.30458403
24.269999265670776,51.647823,0.41763127,0.3058048
24.279999494552612,51.679825,0.41769865,0.3058048
24.28999972343445,51.683823,0.41776603,0.30702558
24.299999952316284,51.643826,0.41776603,0.30824634
24.31000018119812,51.623825,0.41776603,0.30946714
24.320000410079956,51.56782,0.41783336,0.3106879
24.330000638961792,51.54782,0.41790074,0.3106879
24.340000867843628,51.543823,0.41796812,0.3119087
24.34999918937683,51.627823,0.41796812,0.31312945
24.359999418258667,51.667824,0.4180355,0.31312945
24.369999647140503,51.683823,0.41810286,0.31435025
24.37999987602234,51.695824,0.41810286,0.315571
24.390000104904175,51.679825,0.41817024,0.315571
24.40000033378601,51.643826,0.41830498,0.3167918
24.410000562667847,51.643826,0.4185071,0.315571
24.420000791549683,51.699825,0.4189113,0.31435025
24.429999113082886,51.827824,0.41951764,0.3119087
24.43999934196472,52.003826,0.42046085,0.3058048
24.449999570846558,52.283825,0.42180824,0.29848012
24.459999799728394,52.575817,0.42315567,0.2899347
24.47000002861023,52.755817,0.4239641,0.28505158
24.480000257492065,52.74382,0.42416626,0.28505158
24.4900004863739,52.69582,0.42416626,0.28627235
24.500000715255737,52.63982,0.42416626,0.28749314
24.510000944137573,52.65982,0.42416626,0.2887139
24.519999265670776,52.70782,0.42416626,0.2899347
24.529999494552612,52.83582,0.42416626,0.29115546
24.53999972343445,52.88382,0.42416626,0.29237625
24.549999952316284,52.87582,0.42416626,0.29237625
24.56000018119812,52.83982,0.42416626,0.2948178
24.570000410079956,52.75182,0.42416626,0.2948178
24.580000638961792,52.63982,0.42416626,0.29603857
24.590000867843628,52.54382,0.42416626,0.29725936
24.59999918937683,52.587822,0.42416626,0.29848012
24.609999418258667,52.65182,0.4242336,0.29970092
24.619999647140503,52.759823,0.4242336,0.30092168
24.62999987602234,52.81982,0.4242336,0.30214247
24.640000104904175,52.847816,0.4242336,0.30214247
24.65000033378601,52.787823,0.4242336,0.30458403
24.660000562667847,52.65982,0.42430097,0.30458403
24.670000791549683,52.607822,0.42430097,0.3058048
24.679999113082886,52.53982,0.42436835,0.3058048
24.68999934196472,52.54782,0.42436835,0.30824634
24.699999570846558,52.579823,0.42443573,0.30824634
24.709999799728394,52.70782,0.42443573,0.30946714
24.72000002861023,52.78382,0.4245031,0.3106879
24.730000257492065,52.81582,0.42457047,0.3106879
24.7400004863739,52.78382,0.42457047,0.3119087
24.750000715255737,52.735817,0.4247052,0.3119087
24.760000944137573,52.66382,0.42490733,0.3119087
24.769999265670776,52.63582,0.4251768,0.3119087
24.779999494552612,52.72782,0.4256484,0.30946714
24.78999972343445,52.91182,0.42625475,0.3058048
24.799999952316284,53.12382,0.42713055,0.30092168
24.81000018119812,53.411816,0.42820847,0.2948178
24.820000410079956,53.619816,0.42915168,0.2899347
24.830000638961792,53.679817,0.4294885,0.2887139
24.840000867843628,53.571815,0.4294885,0.2899347
24.84999918937683,53.483818,0.4294885,0.29115546
24.859999418258667,53.439816,0.4294885,0.29237625
24.869999647140503,53.459816,0.4294885,0.29237625
24.87999987602234,53.55582,0.4294885,0.2948178
24.890000104904175,53.67582,0.4294885,0.2948178
24.90000033378601,53.763817,0.4294885,0.29603857
24.910000562667847,53.731815,0.4294885,0.29725936
24.920000791549683,53.691814,0.4294885,0.29848012
24.929999113082886,53.55582,0.4294885,0.29970092
24.93999934196472,53.407818,0.4295559,0.30092168
24.949999570846558,53.359818,0.4295559,0.30214247
24.959999799728394,53.415817,0.4295559,0.30336323
24.97000002861023,53.527817,0.4295559,0.30458403
24.980000257492065,53.595818,0.4295559,0.30458403
24.9900004863739,53.659817,0.4295559,0.3058048
25.000000715255737,53.683815,0.42962328,0.30702558
25.010000944137573,53.60782,0.42962328,0.30824634
25.019999265670776,53.483818,0.42969066,0.30824634
25.029999494552612,53.415817,0.42969066,0.3106879
25.03999972343445,53.359818,0.42975798,0.3106879
25.049999952316284,53.379818,0.42975798,0.3119087
25.06000018119812,53.44782,0.42975798,0.31312945
25.070000410079956,53.58782,0.42982537,0.31435025
25.080000638961792,53.659817,0.42982537,0.31435025
25.090000867843628,53.65582,0.42989275,0.315571
25.09999918937683,53.615818,0.42989275,0.3167918
25.109999418258667,53.511814,0.42996013,0.31801257
25.119999647140503,53.407818,0.43002748,0.31801257
25.12999987602234,53.37582,0.43016222,0.31801257
25.140000104904175,53.439816,0.43029696,0.31801257
25.15000033378601,53.547817,0.4304991,0.31801257
25.160000562667847,53.663815,0.4306338,0.31801257
25.170000791549683,53.747818,0.43090332,0.31801257
25.179999113082886,53.867817,0.43124017,0.3167918
25.18999934196472,53.907818,0.43177915,0.31435025
25.199999570846558,53.907818,0.43245283,0.3106879
25.209999799728394,53.995815,0.43326128,0.3058048
25.22000002861023,54.123814,0.4341371,0.30092168
25.230000257492065,54.279816,0.43501294,0.29603857
25.2400004863739,54.459812,0.4355519,0.2948178
25.250000715255737,54.57981,0.43561926,0.2948178
25.260000944137573,54.639812,0.43561926,0.29603857
25.269999265670776,54.62781,0.43561926,0.29603857
25.279999494552612,54.631817,0.43568662,0.29725936
25.28999972343445,54.615814,0.43568662,0.29848012
25.299999952316284,54.567814,0.43568662,0.29970092
25.31000018119812,54.519814,0.43568662,0.30092168
25.320000410079956,54.491817,0.435754,0.30214247
25.330000638961792,54.515816,0.435754,0.30214247
25.340000867843628,54.523815,0.435754,0.30458403
25.34999918937683,54.571815,0.43582138,0.30458403
25.359999418258667,54.607815,0.43582138,0.3058048
25.369999647140503,54.619812,0.43582138,0.30702558
25.37999987602234,54.575813,0.43588874,0.30702558
25.390000104904175,54.543816,0.43588874,0.30824634
25.40000033378601,54.503815,0.43588874,0.30946714
25.410000562667847,54.471817,0.43595612,0.3106879
25.420000791549683,54.475815,0.43609086,0.3106879
25.429999113082886,54.547813,0.43609086,0.3119087
25.43999934196472,54.563816,0.43609086,0.31312945
25.449999570846558,54.575813,0.4361582,0.31435025
25.459999799728394,54.587814,0.4361582,0.31435025
25.47000002861023,54.591816,0.4361582,0.3167918
25.480000257492065,54.555813,0.4361582,0.3167918
25.4900004863739,54.491817,0.4362256,0.31801257
25.500000715255737,54.479813,0.4362256,0.31923336
25.510000944137573,54.475815,0.43629298,0.32045412
25.519999265670776,54.511814,0.43636036,0.32045412
25.529999494552612,54.551815,0.43636036,0.3216749
25.53999972343445,54.595814,0.4364277,0.3216749
25.549999952316284,54.591816,0.4364277,0.32289568
25.56000018119812,54.555813,0.4364277,0.32411647
25.570000410079956,54.535812,0.4364277,0.32533723
25.580000638961792,54.511814,0.4364951,0.32655802
25.590000867843628,54.495815,0.4364951,0.3277788
25.59999918937683,54.483814,0.43656245,0.3277788
25.609999418258667,54.519814,0.43662983,0.32899958
25.619999647140503,54.547813,0.43669719,0.33022034
25.62999987602234,54.607815,0.4368993,0.32899958
25.640000104904175,54.643814,0.43703404,0.33022034
25.65000033378601,54.699814,0.4373709,0.32899958
25.660000562667847,54.711815,0.43770775,0.3277788
25.670000791549683,54.747814,0.438112,0.32655802
25.679999113082886,54.80781,0.4385162,0.32411647
25.68999934196472,54.895813,0.43898782,0.3216749
25.699999570846558,55.035812,0.43959412,0.31923336
25.709999799728394,55.187813,0.44026786,0.315571
25.72000002861023,55.383812,0.44100893,0.3119087
25.730000257492065,55.495808,0.44175,0.30702558
25.7400004863739,55.591812,0.44228896,0.30458403
25.750000715255737,55.639812,0.44249105,0.30458403
25.760000944137573,55.62381,0.44255844,0.30458403
25.769999265670776,55.59981,0.44262582,0.3058048
25.779999494552612,55.59981,0.44262582,0.30702558
25.78999972343445,55.65181,0.44262582,0.30824634
25.799999952316284,55.70781,0.4426932,0.30824634
25.81000018119812,55.723812,0.4426932,0.3106879
25.820000410079956,55.73981,0.44276056,0.3106879
25.830000638961792,55.74781,0.44282794,0.3119087
25.840000867843628,55.68381,0.44282794,0.3119087
25.84999918937683,55.591812,0.44282794,0.31435025
25.859999418258667,55.58381,0.44282794,0.31435025
25.869999647140503,55.57181,0.44282794,0.3167918
25.87999987602234,55.631813,0.4428953,0.3167918
25.890000104904175,55.66381,0.44296268,0.31801257
25.90000033378601,55.73581,0.44296268,0.31801257
25.910000562667847,55.73981,0.44303003,0.31923336
25.920000791549683,55.699814,0.44303003,0.32045412
25.929999113082886,55.675808,0.4430974,0.32045412
25.93999934196472,55.631813,0.4431648,0.3216749
25.949999570846558,55.61581,0.44323218,0.3216749
25.959999799728394,55.59981,0.44329953,0.32289568
25.97000002861023,55.679813,0.44350165,0.32289568
25.980000257492065,55.77981,0.44370377,0.32289568
25.9900004863739,55.84781,0.44404063,0.3216749
26.000000715255737,55.94381,0.44457957,0.31923336
26.010000944137573,56.05581,0.44525328,0.315571
26.019999265670776,56.147808,0.44592696,0.3119087
26.029999494552612,56.20781,0.44646594,0.30946714
26.03999972343445,56.279808,0.44693756,0.30702558
26.049999952316284,56.351807,0.44734177,0.3058048
26.06000018119812,56.391808,0.44740915,0.3058048
26.070000410079956,56.423805,0.44740915,0.30702558
26.080000638961792,56.491806,0.44747654,0.30824634
26.090000867843628,56.531807,0.44747654,0.30946714
26.09999918937683,56.519806,0.44747654,0.3106879
26.109999418258667,56.51581,0.4475439,0.3106879
26.119999647140503,56.483807,0.4475439,0.3119087
26.12999987602234,56.423805,0.4475439,0.31312945
26.140000104904175,56.359806,0.44761124,0.31435025
26.15000033378601,56.399807,0.44761124,0.315571
26.160000562667847,56.411808,0.44767863,0.315571
26.170000791549683,56.463806,0.447746,0.3167918
26.179999113082886,56.491806,0.44781336,0.3167918
26.18999934196472,56.539806,0.44788074,0.31801257
26.199999570846558,56.519806,0.44794813,0.31801257
26.209999799728394,56.463806,0.44801548,0.31923336
26.22000002861023,56.45981,0.44808283,0.32045412
26.230000257492065,56.443806,0.44815022,0.32045412
26.2400004863739,56.41581,0.4482176,0.3216749
26.250000715255737,56.451805,0.44828498,0.3216749
26.260000944137573,56.519806,0.44835234,0.32289568
26.269999265670776,56.563805,0.44848707,0.32289568
26.279999494552612,56.59181,0.44855446,0.32411647
26.28999972343445,56.61981,0.4486892,0.32411647
26.299999952316284,56.61981,0.44882393,0.32411647
26.31000018119812,56.59581,0.44902605,0.32411647
26.320000410079956,56.607807,0.44929552,0.32289568
26.330000638961792,56.691807,0.44969973,0.3216749
26.340000867843628,56.803806,0.4502387,0.31923336
26.34999918937683,56.943806,0.45091245,0.315571
26.359999418258667,57.147804,0.45178825,0.3106879
26.369999647140503,57.343807,0.45266405,0.3058048
26.37999987602234,57.503807,0.45353988,0.30092168
26.390000104904175,57.599804,0.4542136,0.29725936
26.40000033378601,57.635803,0.45455045,0.29603857
26.410000562667847,57.603806,0.45461783,0.29603857
26.420000791549683,57.563805,0.45461783,0.29848012
26.429999113082886,57.615807,0.45468518,0.29848012
26.43999934196472,57.711803,0.45475256,0.29970092
26.449999570846558,57.767803,0.45475256,0.30092168
26.459999799728394,57.787804,0.45475256,0.30214247
26.47000002861023,57.787804,0.45481992,0.30214247
26.480000257492065,57.7518,0.45481992,0.30336323
26.4900004863739,57.671803,0.4548873,0.30458403
26.500000715255737,57.587803,0.4548873,0.30458403
26.510000944137573,57.579803,0.45495465,0.3058048
26.519999265670776,57.615807,0.45495465,0.30702558
26.529999494552612,57.643806,0.45502204,0.30824634
26.53999972343445,57.715805,0.45508942,0.30824634
26.549999952316284,57.795807,0.45508942,0.30946714
26.56000018119812,57.7918,0.4551568,0.3106879
26.570000410079956,57.719803,0.4552915,0.3106879
26.580000638961792,57.695805,0.4553589,0.3106879
26.590000867843628,57.6318,0.45542628,0.3119087
26.59999918937683,57.599804,0.45549363,0.3119087
26.609999418258667,57.647804,0.45562837,0.31312945
26.619999647140503,57.7438,0.4557631,0.31312945
26.62999987602234,57.8398,0.45596525,0.31312945
26.640000104904175,57.915806,0.45630208,0.3119087
26.65000033378601,58.0158,0.45677367,0.30946714
26.660000562667847,58.0758,0.4572453,0.30702558
26.670000791549683,58.0918,0.45771688,0.3058048
26.679999113082886,58.123802,0.45825583,0.30214247
26.68999934196472,58.1958,0.45872742,0.30092168
26.699999570846558,58.2718,0.459199,0.29848012
26.709999799728394,58.391804,0.45960325,0.29603857
26.72000002861023,58.5238,0.4599401,0.29603857
26.730000257492065,58.663803,0.46014223,0.2948178
26.7400004863739,58.663803,0.4602096,0.29603857
26.750000715255737,58.6358,0.4602096,0.29725936
26.760000944137573,58.5878,0.4602096,0.29848012
26.769999265670776,58.531803,0.4602096,0.29970092
26.779999494552612,58.4878,0.4602096,0.30092168
26.78999972343445,58.483803,0.4602096,0.30214247
26.799999952316284,58.5238,0.4602096,0.30336323
26.81000018119812,58.5678,0.4602096,0.30458403
26.820000410079956,58.5878,0.4602096,0.3058048
26.830000638961792,58.6158,0.4602096,0.3058048
26.840000867843628,58.5998,0.46027696,0.30702558
26.84999918937683,58.531803,0.46027696,0.30824634
26.859999418258667,58.4558,0.46027696,0.30946714
26.869999647140503,58.4478,0.4603443,0.3106879
26.87999987602234,58.4518,0.4603443,0.3106879
26.890000104904175,58.4558,0.4603443,0.3119087
26.90000033378601,58.511803,0.4603443,0.31312945
26.910000562667847,58.5398,0.4604117,0.31435025
26.920000791549683,58.551804,0.46047908,0.31435025
26.929999113082886,58.5438,0.46047908,0.3167918
26.93999934196472,58.499798,0.46047908,0.3167918
26.949999570846558,58.4718,0.46054643,0.31801257
26.959999799728394,58.4358,0.46061382,0.31801257
26.97000002861023,58.4278,0.4606812,0.31923336
26.980000257492065,58.4878,0.46074855,0.32045412
26.9900004863739,58.527798,0.46074855,0.3216749
27.000000715255737,58.5638,0.46074855,0.3216749
27.010000944137573,58.5798,0.46074855,0.32411647
27.019999265670776,58.5638,0.4608159,0.32411647
27.029999494552612,58.527798,0.4608159,0.32533723
27.03999972343445,58.4678,0.4608833,0.32655802
27.049999952316284,58.483803,0.46101803,0.32655802
27.06000018119812,58.527798,0.46115276,0.32655802
27.070000410079956,58.5358,0.4612875,0.32655802
27.080000638961792,58.6038,0.46142226,0.32655802
27.090000867843628,58.6558,0.461557,0.32655802
27.09999918937683,58.6758,0.46162435,0.3277788
27.109999418258667,58.659798,0.46175912,0.3277788
27.119999647140503,58.651802,0.46182647,0.32899958
27.12999987602234,58.6478,0.46189386,0.32899958
27.140000104904175,58.619797,0.4620286,0.33022034
27.15000033378601,58.6558,0.4622307,0.32899958
27.160000562667847,58.7518,0.46256757,0.3277788
27.170000791549683,58.8318,0.46297178,0.32655802
27.179999113082886,58.959797,0.46344337,0.32411647
27.18999934196472,59.0598,0.46398234,0.3216749
27.199999570846558,59.1878,0.46452132,0.31923336
27.209999799728394,59.2478,0.46512765,0.3167918
27.22000002861023,59.3318,0.46580136,0.31312945
27.230000257492065,59.443798,0.46627295,0.3106879
27.2400004863739,59.471798,0.46647507,0.3106879
27.250000715255737,59.4918,0.46647507,0.3119087
27.260000944137573,59.515797,0.46654245,0.3119087
27.269999265670776,59.567795,0.46654245,0.31312945
27.279999494552612,59.583797,0.46654245,0.31435025
27.28999972343445,59.5798,0.46654245,0.315571
27.299999952316284,59.563797,0.46654245,0.3167918
27.31000018119812,59.551796,0.46654245,0.31801257
27.320000410079956,59.4878,0.4666098,0.31801257
27.330000638961792,59.451797,0.4666098,0.32045412
27.340000867843628,59.4678,0.4666098,0.32045412
27.34999918937683,59.4638,0.4666098,0.3216749
27.359999418258667,59.479797,0.46667716,0.32289568
27.369999647140503,59.515797,0.46674454,0.32411647
27.37999987602234,59.5478,0.46674454,0.32411647
27.390000104904175,59.5398,0.46681193,0.32533723
27.40000033378601,59.499798,0.46687928,0.32655802
27.410000562667847,59.4878,0.46694666,0.32655802
27.420000791549683,59.483795,0.46701404,0.3277788
27.429999113082886,59.479797,0.46708143,0.3277788
27.43999934196472,59.4918,0.46714875,0.32899958
27.449999570846558,59.575794,0.46728352,0.32899958
27.459999799728394,59.607796,0.46748564,0.32899958
27.47000002861023,59.631798,0.46762037,0.32899958
27.480000257492065,59.6518,0.46768773,0.33022034
27.4900004863739,59.6238,0.4677551,0.33022034
27.500000715255737,59.595795,0.4678225,0.33144113
27.510000944137573,59.5798,0.46802458,0.33144113
27.519999265670776,59.643795,0.46815935,0.33144113
27.529999494552612,59.695797,0.46836147,0.33022034
27.53999972343445,59.743797,0.46856356,0.33022034
27.549999952316284,59.827793,0.46883303,0.33022034
27.56000018119812,59.927795,0.46923724,0.3277788
27.570000410079956,60.015797,0.4698436,0.32533723
27.580000638961792,60.091797,0.4705173,0.3216749
27.590000867843628,60.227795,0.4712584,0.31801257
27.59999918937683,60.347794,0.47193208,0.31435025
27.609999418258667,60.435795,0.47247106,0.3119087
27.619999647140503,60.495796,0.47274053,0.3106879
27.62999987602234,60.559795,0.4728079,0.3119087
27.640000104904175,60.563793,0.4728079,0.31312945
27.65000033378601,60.563793,0.4728753,0.31312945
27.660000562667847,60.611794,0.4728753,0.31435025
27.670000791549683,60.64379,0.47294265,0.315571
27.679999113082886,60.619793,0.47294265,0.3167918
27.68999934196472,60.563793,0.47301003,0.3167918
27.699999570846558,60.543793,0.4730774,0.31801257
27.709999799728394,60.519794,0.4730774,0.31923336
27.72000002861023,60.499794,0.4730774,0.32045412
27.730000257492065,60.527794,0.47314477,0.32045412
27.7400004863739,60.607796,0.4733469,0.32045412
27.750000715255737,60.675793,0.47361636,0.32045412
27.760000944137573,60.679794,0.47361636,0.32045412
27.769999265670776,60.687794,0.47368374,0.3216749
27.779999494552612,60.667793,0.4737511,0.3216749
27.78999972343445,60.627796,0.47395322,0.32289568
27.799999952316284,60.671795,0.47422272,0.3216749
27.81000018119812,60.75579,0.47455955,0.32045412
27.820000410079956,60.827793,0.47496378,0.31801257
27.830000638961792,60.951794,0.47563747,0.315571
27.840000867843628,61.159794,0.47644594,0.3106879
27.84999918937683,61.36779,0.47752386,0.30458403
27.859999418258667,61.61579,0.4788713,0.29603857
27.869999647140503,61.811787,0.4800166,0.2899347
27.87999987602234,61.963787,0.4806903,0.28627235
27.890000104904175,61.975792,0.48116186,0.2838308
27.90000033378601,62.059788,0.48163348,0.28138924
27.910000562667847,62.18379,0.48210508,0.27894768
27.920000791549683,62.367786,0.48264405,0.27772692
27.929999113082886,62.495785,0.48304826,0.27528536
27.93999934196472,62.599785,0.48351988,0.2728438
27.949999570846558,62.719784,0.48405886,0.27162302
27.959999799728394,62.787785,0.4845978,0.2679607
27.97000002861023,62.823788,0.4850694,0.26551914
27.980000257492065,62.827785,0.4852715,0.26551914
27.9900004863739,62.795788,0.4852715,0.2667399
28.000000715255737,62.779785,0.4853389,0.2679607
28.010000944137573,62.807785,0.4853389,0.26918146
28.019999265670776,62.927784,0.4853389,0.27040225
28.029999494552612,62.955788,0.4853389,0.27162302
28.03999972343445,62.943787,0.4853389,0.27162302
28.049999952316284,62.90379,0.4853389,0.2728438
28.06000018119812,62.851784,0.48540622,0.27406457
28.070000410079956,62.755787,0.48540622,0.27528536
28.080000638961792,62.715786,0.48540622,0.27650613
28.090000867843628,62.691788,0.48540622,0.27772692
28.09999918937683,62.727787,0.48540622,0.27894768
28.109999418258667,62.783787,0.48540622,0.28016847
28.119999647140503,62.831783,0.48540622,0.28138924
28.12999987602234,62.891785,0.48540622,0.28261003
28.140000104904175,62.827785,0.48540622,0.28261003
28.15000033378601,62.759785,0.48540622,0.28505158
28.160000562667847,62.671787,0.4854736,0.28505158
28.170000791549683,62.643787,0.4854736,0.28627235
28.179999113082886,62.635788,0.4854736,0.28749314
28.18999934196472,62.65579,0.4854736,0.2887139
28.199999570846558,62.743786,0.4854736,0.2899347
28.209999799728394,62.787785,0.4854736,0.29115546
28.22000002861023,62.775787,0.485541,0.29115546
28.230000257492065,62.759785,0.485541,0.29237625
28.2400004863739,62.719784,0.48560837,0.293597
28.250000715255737,62.671787,0.48560837,0.2948178
28.260000944137573,62.583786,0.48567572,0.2948178
28.269999265670776,62.575787,0.48567572,0.29603857
28.279999494552612,62.635788,0.48567572,0.29725936
28.28999972343445,62.68379,0.48567572,0.29848012
28.299999952316284,62.73179,0.48567572,0.29970092
28.31000018119812,62.755787,0.48567572,0.30092168
28.320000410079956,62.735786,0.48567572,0.30214247
28.330000638961792,62.659786,0.48567572,0.30336323
28.340000867843628,62.583786,0.4857431,0.30458403
28.34999918937683,62.575787,0.48581046,0.30458403
28.359999418258667,62.579784,0.48587784,0.3058048
28.369999647140503,62.615788,0.4859452,0.3058048
28.37999987602234,62.687786,0.48601258,0.30702558
28.390000104904175,62.735786,0.48607996,0.30702558
28.40000033378601,62.759785,0.48614734,0.30824634
28.410000562667847,62.75179,0.4862147,0.30824634
28.420000791549683,62.739784,0.48628205,0.30946714
28.429999113082886,62.695786,0.48641682,0.30946714
28.43999934196472,62.615788,0.48641682,0.3106879
28.449999570846558,62.627785,0.48655155,0.3106879
28.459999799728394,62.70379,0.4866863,0.3106879
28.47000002861023,62.759785,0.48682103,0.3119087
28.480000257492065,62.81579,0.4868884,0.3119087
28.4900004863739,62.895786,0.4870905,0.3119087
28.500000715255737,62.90379,0.48722526,0.3119087
28.510000944137573,62.875786,0.48742738,0.3119087
28.519999265670776,62.875786,0.48762947,0.3119087
28.529999494552612,62.919785,0.48796633,0.3106879
28.53999972343445,62.967785,0.48843792,0.30824634
28.549999952316284,63.079784,0.48897693,0.3058048
28.56000018119812,63.243782,0.4896506,0.30214247
28.570000410079956,63.471783,0.49045905,0.29848012
28.580000638961792,63.66778,0.49140227,0.29237625
28.590000867843628,63.79578,0.4921433,0.2887139
28.59999918937683,63.871784,0.4924128,0.28749314
28.609999418258667,63.803783,0.49248016,0.2887139
28.619999647140503,63.72778,0.49248016,0.2899347
28.62999987602234,63.739784,0.49248016,0.29115546
28.640000104904175,63.803783,0.49248016,0.29237625
28.65000033378601,63.863785,0.49254757,0.29237625
28.660000562667847,63.89978,0.49254757,0.293597
28.670000791549683,63.93978,0.49254757,0.2948178
28.679999113082886,63.915783,0.49254757,0.29603857
28.68999934196472,63.82778,0.49254757,0.29725936
28.699999570846558,63.755783,0.4926149,0.29848012
28.709999799728394,63.715782,0.4926149,0.29848012
28.72000002861023,63.69578,0.4926823,0.30092168
28.730000257492065,63.719784,0.4926823,0.30092168
28.7400004863739,63.80778,0.4926823,0.30214247
28.750000715255737,63.875782,0.49274966,0.30214247
28.760000944137573,63.90778,0.492817,0.30336323
28.769999265670776,63.88378,0.4928844,0.30458403
28.779999494552612,63.83578,0.49295175,0.30458403
28.78999972343445,63.76778,0.4930865,0.30458403
28.799999952316284,63.751785,0.4932886,0.30458403
28.81000018119812,63.811783,0.4936255,0.30336323
28.820000410079956,63.943783,0.49409705,0.30092168
28.830000638961792,64.083786,0.49470338,0.29848012
28.840000867843628,64.27978,0.4953771,0.2948178
28.84999918937683,64.47178,0.4961182,0.29115546
28.859999418258667,64.63578,0.49699405,0.28627235
28.869999647140503,64.74378,0.4978025,0.28261003
28.87999987602234,64.755775,0.49820668,0.28016847
28.890000104904175,64.755775,0.4982741,0.28138924
28.90000033378601,64.715775,0.4982741,0.28138924
28.910000562667847,64.72778,0.4982741,0.28261003
28.920000791549683,64.81578,0.4982741,0.2838308
28.929999113082886,64.93178,0.4982741,0.28505158
28.93999934196472,64.94378,0.4982741,0.28627235
28.949999570846558,64.91178,0.4982741,0.28749314
28.959999799728394,64.86778,0.4982741,0.2887139
28.97000002861023,64.783775,0.4982741,0.2899347
28.980000257492065,64.67978,0.4982741,0.29115546
28.9900004863739,64.65178,0.4982741,0.29237625
29.000000715255737,64.66778,0.4982741,0.293597
29.010000944137573,64.73178,0.4982741,0.2948178
29.019999265670776,64.78778,0.4982741,0.29603857
29.029999494552612,64.86378,0.4982741,0.29603857
29.03999972343445,64.85978,0.4982741,0.29848012
29.049999952316284,64.783775,0.4982741,0.29848012
29.06000018119812,64.655785,0.4982741,0.30092168
29.070000410079956,64.60778,0.4982741,0.30092168
29.080000638961792,64.57178,0.4982741,0.30214247
29.090000867843628,64.59178,0.4982741,0.30336323
29.09999918937683,64.66378,0.4982741,0.30458403
29.109999418258667,64.73578,0.4982741,0.3058048
29.119999647140503,64.767784,0.4982741,0.30702558
29.12999987602234,64.74378,0.4982741,0.30824634
29.140000104904175,64.72378,0.4982741,0.30946714
29.15000033378601,64.643776,0.4982741,0.3106879
29.160000562667847,64.55178,0.49834144,0.3119087
29.170000791549683,64.51178,0.49834144,0.3119087
29.179999113082886,64.54378,0.49840876,0.31312945
29.18999934196472,64.59978,0.49840876,0.31435025
29.199999570846558,64.68378,0.49840876,0.315571
29.209999799728394,64.73578,0.49840876,0.3167918
29.22000002861023,64.71978,0.49847618,0.3167918
29.230000257492065,64.68378,0.49861094,0.31801257
29.2400004863739,64.59978,0.49867827,0.31801257
29.250000715255737,64.603775,0.49881303,0.31801257
29.260000944137573,64.57978,0.4988804,0.31923336
29.269999265670776,64.56778,0.49894777,0.32045412
29.279999494552612,64.65978,0.49901512,0.32045412
29.28999972343445,64.74778,0.4991499,0.32045412
29.299999952316284,64.80778,0.49928463,0.32045412
29.31000018119812,64.84378,0.4994194,0.3216749
29.320000410079956,64.83178,0.4994867,0.3216749
29.330000638961792,64.79178,0.49968883,0.3216749
29.340000867843628,64.74778,0.49989098,0.3216749
29.34999918937683,64.767784,0.5002278,0.32045412
29.359999418258667,64.90778,0.50076675,0.31801257
29.369999647140503,65.059784,0.5013731,0.31435025
29.37999987602234,65.22378,0.5019795,0.3119087
29.390000104904175,65.39977,0.5026532,0.30824634
29.40000033378601,65.55177,0.50332683,0.30458403
29.410000562667847,65.659775,0.5038658,0.30214247
29.420000791549683,65.64777,0.5041353,0.30092168
29.429999113082886,65.65177,0.5042701,0.30092168
29.43999934196472,65.59578,0.50433743,0.30214247
29.449999570846558,65.60777,0.5044048,0.30214247
29.459999799728394,65.67578,0.5044048,0.30458403
29.47000002861023,65.75977,0.5044048,0.30458403
29.480000257492065,65.82378,0.50447214,0.3058048
29.4900004863739,65.80778,0.50453955,0.3058048
29.500000715255737,65.783775,0.50453955,0.30824634
29.510000944137573,65.71178,0.50453955,0.30824634
29.519999265670776,65.62778,0.50453955,0.3106879
29.529999494552612,65.60777,0.5046069,0.3106879
29.53999972343445,65.619774,0.5046069,0.3119087
29.549999952316284,65.643776,0.5046743,0.3119087
29.56000018119812,65.70378,0.5046743,0.31312945
29.570000410079956,65.77978,0.5046743,0.31435025
29.580000638961792,65.79177,0.5046743,0.315571
29.590000867843628,65.75977,0.50474167,0.3167918
29.59999918937683,65.66378,0.50474167,0.31801257
29.609999418258667,65.643776,0.504809,0.31801257
29.619999647140503,65.61178,0.5049437,0.31801257
29.62999987602234,65.619774,0.5050785,0.31923336
29.640000104904175,65.67978,0.50521326,0.31923336
29.65000033378601,65.79177,0.505348,0.31923336
29.660000562667847,65.867775,0.5055501,0.31923336
29.670000791549683,65.89178,0.50568485,0.31923336
29.679999113082886,65.89178,0.5057522,0.32045412
29.68999934196472,65.839775,0.505887,0.32045412
29.699999570846558,65.799774,0.5060217,0.32045412
29.709999799728394,65.79578,0.50615644,0.32045412
29.72000002861023,65.855774,0.50635856,0.32045412
29.730000257492065,65.92778,0.5065606,0.32045412
29.7400004863739,66.01577,0.50683016,0.31923336
29.750000715255737,66.131775,0.507167,0.31801257
29.760000944137573,66.23177,0.5075712,0.3167918
29.769999265670776,66.25977,0.5079081,0.315571
29.779999494552612,66.26778,0.5083123,0.31435025
29.78999972343445,66.31978,0.5087165,0.3119087
29.799999952316284,66.37177,0.5091881,0.3106879
29.81000018119812,66.48377,0.5097945,0.30702558
29.820000410079956,66.63577,0.5103334,0.30458403
29.830000638961792,66.783775,0.5107376,0.30214247
29.840000867843628,66.855774,0.5109398,0.30214247
29.84999918937683,66.87577,0.51107454,0.30214247
29.859999418258667,66.89977,0.5111419,0.30336323
29.869999647140503,66.86378,0.51120925,0.30458403
29.87999987602234,66.83177,0.5112766,0.30458403
29.890000104904175,66.79578,0.51134396,0.3058048
29.90000033378601,66.84777,0.5114787,0.3058048
29.910000562667847,66.86378,0.5115461,0.3058048
29.920000791549683,66.89977,0.51168084,0.30702558
29.929999113082886,66.97177,0.51174825,0.30702558
29.93999934196472,66.979774,0.51181555,0.30824634
29.949999570846558,66.95177,0.51188296,0.30824634
29.959999799728394,66.90777,0.5119503,0.30946714
29.97000002861023,66.92777,0.5120851,0.30946714
29.980000257492065,66.91977,0.51221985,0.30946714
29.9900004863739,66.94777,0.51248926,0.30946714
30.000000715255737,67.02777,0.51282614,0.30824634
30.010000944137573,67.15577,0.5132304,0.3058048
30.019999265670776,67.25177,0.513702,0.30458403
30.029999494552612,67.367775,0.51430833,0.30092168
30.03999972343445,67.495766,0.51491463,0.29848012
30.049999952316284,67.58777,0.51552093,0.29603857
30.06000018119812,67.66377,0.5161273,0.29237625
30.070000410079956,67.73177,0.5165989,0.2899347
30.080000638961792,67.815765,0.51693577,0.2887139
30.090000867843628,67.87577,0.5171378,0.2887139
30.09999918937683,67.93177,0.5172726,0.2887139
30.109999418258667,67.98777,0.5172726,0.2899347
30.119999647140503,67.98377,0.51734,0.29115546
30.12999987602234,67.967766,0.51734,0.29115546
30.140000104904175,67.95177,0.51734,0.29237625
30.15000033378601,67.93177,0.51734,0.293597
30.160000562667847,67.89177,0.51740736,0.2948178
30.170000791549683,67.85977,0.51740736,0.29603857
30.179999113082886,67.87977,0.5174747,0.29603857
30.18999934196472,67.899765,0.5174747,0.29725936
30.199999570846558,67.94377,0.5176094,0.29848012
30.209999799728394,67.94377,0.5177442,0.29848012
30.22000002861023,67.98377,0.5177442,0.29970092
30.230000257492065,67.94377,0.5178116,0.29970092
30.2400004863739,67.90777,0.5179463,0.30092168
30.250000715255737,67.90777,0.51808107,0.30092168
30.260000944137573,67.967766,0.5182832,0.30092168
30.269999265670776,68.00777,0.5184853,0.29970092
30.279999494552612,68.067764,0.51882213,0.29970092
30.28999972343445,68.16377,0.519159,0.29725936
30.299999952316284,68.26377,0.51969796,0.2948178
30.31000018119812,68.37577,0.52023697,0.29237625
30.320000410079956,68.46377,0.5207759,0.2899347
30.330000638961792,68.57577,0.5213148,0.28749314
30.340000867843628,68.61977,0.52192116,0.2838308
30.34999918937683,68.73977,0.5225275,0.28138924
30.359999418258667,68.86777,0.52306646,0.27894768
30.369999647140503,68.955765,0.523336,0.27894768
30.37999987602234,68.99976,0.523336,0.27894768
30.390000104904175,68.98776,0.523336,0.28016847
30.40000033378601,68.99177,0.523336,0.28138924
30.410000562667847,68.983765,0.523336,0.28261003
30.420000791549683,68.94777,0.523336,0.2838308
30.429999113082886,68.94777,0.523336,0.28505158
30.43999934196472,68.927765,0.523336,0.28627235
30.449999570846558,68.90376,0.523336,0.28749314
30.459999799728394,68.89177,0.523336,0.2887139
30.47000002861023,68.90777,0.523336,0.2899347
30.480000257492065,68.90777,0.523336,0.29115546
30.4900004863739,68.89577,0.523336,0.29237625
30.500000715255737,68.883766,0.523336,0.29237625
30.510000944137573,68.89577,0.523336,0.2948178
30.519999265670776,68.86777,0.523336,0.2948178
30.529999494552612,68.84777,0.523336,0.29603857
30.53999972343445,68.831764,0.523336,0.29725936
30.549999952316284,68.83977,0.523336,0.29848012
30.56000018119812,68.831764,0.523336,0.29970092
30.570000410079956,68.82777,0.523336,0.30092168
30.580000638961792,68.81976,0.5234034,0.30214247
30.590000867843628,68.81976,0.5234034,0.30214247
30.59999918937683,68.803764,0.5234034,0.30458403
30.609999418258667,68.79977,0.5234034,0.30458403
30.619999647140503,68.787766,0.5234707,0.3058048
30.62999987602234,68.75576,0.5234707,0.30702558
30.640000104904175,68.76777,0.5234707,0.30824634
30.65000033378601,68.77977,0.5234707,0.30946714
30.660000562667847,68.775764,0.5234707,0.3106879
30.670000791549683,68.759766,0.5234707,0.3119087
30.679999113082886,68.76376,0.52353805,0.3119087
30.68999934196472,68.78377,0.52353805,0.31312945
30.699999570846558,68.759766,0.52360547,0.31435025
30.709999799728394,68.73576,0.52360547,0.315571
30.72000002861023,68.731766,0.5236728,0.315571
30.730000257492065,68.747765,0.52374023,0.3167918
30.7400004863739,68.74377,0.5238076,0.3167918
30.750000715255737,68.76376,0.52394235,0.31801257
30.760000944137573,68.81177,0.52400964,0.31801257
30.769999265670776,68.79977,0.52407706,0.31923336
30.779999494552612,68.79176,0.5241444,0.31923336
30.78999972343445,68.79977,0.5242792,0.32045412
30.799999952316284,68.859764,0.52441394,0.32045412
30.81000018119812,68.86777,0.52454865,0.32045412
30.820000410079956,68.871765,0.52475077,0.32045412
30.830000638961792,68.939766,0.52502024,0.31923336
30.840000867843628,69.011765,0.5254245,0.31801257
30.84999918937683,69.079765,0.5258287,0.3167918
30.859999418258667,69.163765,0.5262329,0.31435025
30.869999647140503,69.27976,0.52663714,0.31312945
30.87999987602234,69.33576,0.5271088,0.3106879
30.890000104904175,69.42377,0.52764773,0.30824634
30.90000033378601,69.55976,0.5283214,0.30458403
30.910000562667847,69.72776,0.5290625,0.30092168
30.920000791549683,69.84376,0.52960145,0.29848012
30.929999113082886,69.89577,0.5298035,0.29725936
30.93999934196472,69.91176,0.5298709,0.29848012
30.949999570846558,69.91176,0.5298709,0.29970092
30.959999799728394,69.89577,0.5298709,0.30092168
30.97000002861023,69.91176,0.5299383,0.30092168
30.980000257492065,69.94776,0.5299383,0.30214247
30.9900004863739,69.93976,0.5299383,0.30336323
31.000000715255737,69.91176,0.5299383,0.30458403
31.010000944137573,69.92376,0.5299383,0.3058048
31.019999265670776,69.899765,0.5299383,0.30702558
31.029999494552612,69.87176,0.5299383,0.30824634
31.03999972343445,69.831764,0.5299383,0.30946714
31.049999952316284,69.85577,0.5299383,0.3106879
31.06000018119812,69.84776,0.5300057,0.3119087
31.070000410079956,69.85176,0.5300057,0.3119087
31.080000638961792,69.86776,0.53007305,0.31312945
31.090000867843628,69.88376,0.53014046,0.31435025
31.09999918937683,69.87976,0.5302078,0.31435025
31.109999418258667,69.85176,0.5303425,0.31435025
31.119999647140503,69.86776,0.5304099,0.315571
31.12999987602234,69.88376,0.53054464,0.315571
31.140000104904175,69.887764,0.5306794,0.315571
31.15000033378601,69.915764,0.53074676,0.3167918
31.160000562667847,69.955765,0.53088146,0.3167918
31.170000791549683,69.97976,0.5309489,0.31801257
31.179999113082886,69.98376,0.5310836,0.31801257
31.18999934196472,70.01976,0.53128576,0.31801257
31.199999570846558,70.03176,0.53142047,0.31801257
31.209999799728394,70.05976,0.53175735,0.3167918
31.22000002861023,70.107765,0.53216153,0.315571
31.230000257492065,70.22376,0.5326331,0.31312945
31.2400004863739,70.35176,0.53317213,0.3106879
31.250000715255737,70.47976,0.5337111,0.30824634
31.260000944137573,70.59176,0.53431743,0.30458403
31.269999265670776,70.71176,0.5348564,0.30214247
31.279999494552612,70.78376,0.5352606,0.30092168
31.28999972343445,70.77176,0.5353953,0.30092168
31.299999952316284,70.807755,0.5355301,0.30092168
31.31000018119812,70.819756,0.5355301,0.30214247
31.320000410079956,70.82776,0.5355301,0.30336323
31.330000638961792,70.81576,0.5355975,0.30336323
31.340000867843628,70.85976,0.5355975,0.30458403
31.34999918937683,70.86776,0.5355975,0.3058048
31.359999418258667,70.83976,0.5355975,0.30702558
31.369999647140503,70.819756,0.5355975,0.30824634
31.37999987602234,70.79576,0.5355975,0.30946714
31.390000104904175,70.75176,0.5355975,0.3106879
31.40000033378601,70.735756,0.5355975,0.3119087
31.410000562667847,70.76376,0.5355975,0.31312945
31.420000791549683,70.79176,0.5355975,0.31435025
31.429999113082886,70.78776,0.5356648,0.31435025
31.43999934196472,70.79176,0.5357322,0.315571
31.449999570846558,70.79576,0.5357322,0.3167918
31.459999799728394,70.75176,0.5357322,0.31801257
31.47000002861023,70.72776,0.53579956,0.31801257
31.480000257492065,70.72376,0.53579956,0.31923336
31.4900004863739,70.75176,0.5358669,0.32045412
31.500000715255737,70.73975,0.5359343,0.32045412
31.510000944137573,70.779755,0.5360691,0.3216749
31.519999265670776,70.819756,0.53613645,0.3216749
31.529999494552612,70.83576,0.53613645,0.32289568
31.53999972343445,70.807755,0.53620374,0.32411647
31.549999952316284,70.78376,0.53620374,0.32533723
31.56000018119812,70.779755,0.53627115,0.32533723
31.570000410079956,70.76776,0.5363385,0.32655802
31.580000638961792,70.75976,0.5363385,0.3277788
31.590000867843628,70.77176,0.5363385,0.32899958
31.59999918937683,70.79576,0.5364059,0.32899958
31.609999418258667,70.80376,0.5364733,0.33022034
31.619999647140503,70.81176,0.5365407,0.33022034
31.62999987602234,70.82376,0.5365407,0.33144113
31.640000104904175,70.79976,0.53660804,0.3326619
31.65000033378601,70.77176,0.53660804,0.3338827
31.660000562667847,70.779755,0.5366754,0.3338827
31.670000791549683,70.78376,0.5366754,0.33510345
31.679999113082886,70.77576,0.53674275,0.33632424
31.68999934196472,70.80376,0.5368101,0.33632424
31.699999570846558,70.847755,0.53694487,0.337545
31.709999799728394,70.87576,0.537147,0.33632424
31.72000002861023,70.89576,0.5373491,0.33632424
31.730000257492065,70.931755,0.5376186,0.33632424
31.7400004863739,70.999756,0.5380228,0.3338827
31.750000715255737,71.08376,0.53856176,0.33144113
31.760000944137573,71.211754,0.5393029,0.3277788
31.769999265670776,71.41576,0.54017866,0.32289568
31.779999494552612,71.65176,0.54112184,0.31801257
31.78999972343445,71.84376,0.5419977,0.3119087
31.799999952316284,71.91576,0.5424019,0.3106879
31.81000018119812,71.96375,0.5424019,0.3119087
31.820000410079956,71.92375,0.5424693,0.31312945
31.830000638961792,71.88776,0.5424693,0.31435025
31.840000867843628,71.89976,0.5424693,0.315571
31.84999918937683,71.95576,0.5424693,0.3167918
31.859999418258667,71.95576,0.5424693,0.3167918
31.870001554489136,71.95176,0.5424693,0.31801257
31.87999987602234,71.98376,0.5424693,0.31923336
31.889998197555542,71.92776,0.5424693,0.32045412
31.90000033378601,71.86775,0.5424693,0.3216749
31.909998655319214,71.807755,0.5425366,0.32289568
31.920000791549683,71.81176,0.5425366,0.32411647
31.929999113082886,71.82375,0.54260397,0.32533723
31.940001249313354,71.847755,0.5426714,0.32533723
31.949999570846558,71.95176,0.54280615,0.32533723
31.960001707077026,71.959755,0.54280615,0.32655802
31.97000002861023,71.92375,0.54280615,0.3277788
31.979998350143433,71.89976,0.54280615,0.32899958
31.9900004863739,71.87976,0.5428735,0.33022034
31.999998807907104,71.847755,0.5428735,0.33022034
32.01000094413757,71.835754,0.5428735,0.33144113
32.019999265670776,71.83976,0.5428735,0.3326619
32.030001401901245,71.86775,0.5428735,0.3338827
32.03999972343445,71.891754,0.5428735,0.33510345
32.05000185966492,71.89976,0.5429409,0.33632424
32.06000018119812,71.92375,0.54300827,0.33632424
32.06999850273132,71.87976,0.54300827,0.337545
32.08000063896179,71.807755,0.54300827,0.3387658
32.089998960494995,71.77176,0.54307556,0.33998656
32.100001096725464,71.79575,0.54307556,0.34120736
32.10999941825867,71.835754,0.54327774,0.33998656
32.120001554489136,71.919754,0.54361457,0.33998656
32.12999987602234,72.05975,0.5441535,0.33632424
32.13999819755554,72.22775,0.5450294,0.33144113
32.15000033378601,72.447754,0.5461747,0.32533723
32.159998655319214,72.707756,0.5477242,0.3167918
32.17000079154968,73.043755,0.5493411,0.3058048
32.179999113082886,73.23575,0.5504864,0.29970092
32.190001249313354,73.40375,0.5514296,0.293597
32.19999957084656,73.60375,0.55237275,0.2887139
32.210001707077026,73.87575,0.55365276,0.28138924
32.22000002861023,74.239746,0.55493283,0.2728438
32.22999835014343,74.45574,0.5557413,0.26918146
32.2400004863739,74.559746,0.555876,0.2679607
32.249998807907104,74.531746,0.555876,0.26918146
32.26000094413757,74.43975,0.555876,0.27040225
32.269999265670776,74.43175,0.555876,0.27162302
32.280001401901245,74.41175,0.555876,0.2728438
32.28999972343445,74.41575,0.555876,0.27406457
32.30000185966492,74.40375,0.555876,0.27528536
32.31000018119812,74.44375,0.555876,0.27650613
32.31999850273132,74.463745,0.555876,0.27772692
32.33000063896179,74.463745,0.555876,0.27894768
32.339998960494995,74.41975,0.555876,0.28016847
32.350001096725464,74.36375,0.555876,0.28138924
32.35999941825867,74.311745,0.555876,0.28261003
32.370001554489136,74.27174,0.555876,0.2838308
32.37999987602234,74.32775,0.555876,0.28505158
32.38999819755554,74.351746,0.555876,0.28627235
32.40000033378601,74.35574,0.555876,0.28627235
32.409998655319214,74.34775,0.555876,0.2887139
32.42000079154968,74.34375,0.555876,0.2887139
32.429999113082886,74.295746,0.555876,0.2899347
32.440001249313354,74.239746,0.555876,0.29115546
32.44999957084656,74.21175,0.555876,0.29237625
32.460001707077026,74.20374,0.555876,0.293597
32.47000002861023,74.18375,0.555876,0.2948178
32.47999835014343,74.21975,0.555876,0.29603857
32.4900004863739,74.25975,0.555876,0.29725936
32.499998807907104,74.29175,0.555876,0.29848012
32.51000094413757,74.25975,0.555876,0.29970092
32.519999265670776,74.21175,0.555876,0.30092168
32.530001401901245,74.15975,0.555876,0.30214247
32.53999972343445,74.09975,0.555876,0.30336323
32.55000185966492,74.09975,0.555876,0.30458403
32.56000018119812,74.13975,0.555876,0.3058048
32.56999850273132,74.171745,0.555876,0.3058048
32.58000063896179,74.17975,0.555876,0.30824634
32.589998960494995,74.171745,0.5559434,0.30824634
32.600001096725464,74.16775,0.5559434,0.30946714
32.60999941825867,74.14775,0.5559434,0.3106879
32.620001554489136,74.09175,0.5559434,0.3119087
32.62999987602234,74.04775,0.5559434,0.31312945
32.63999819755554,74.04775,0.5559434,0.31435025
32.65000033378601,74.031746,0.5559434,0.315571
32.659998655319214,74.04775,0.5559434,0.3167918
32.67000079154968,74.103745,0.5560108,0.3167918
32.679999113082886,74.143745,0.5560782,0.31801257
32.690001249313354,74.11975,0.5560782,0.31923336
32.69999957084656,74.07175,0.55614555,0.31923336
32.710001707077026,74.04775,0.5562129,0.32045412
32.72000002861023,74.05575,0.5563476,0.32045412
32.72999835014343,74.07175,0.55661714,0.32045412
32.7400004863739,74.15975,0.55695397,0.31801257
32.749998807907104,74.283745,0.5574929,0.3167918
32.76000094413757,74.43975,0.5581667,0.3119087
32.769999265670776,74.65175,0.5592446,0.30702558
32.780001401901245,74.95574,0.5604573,0.29848012
32.78999972343445,75.12775,0.56133306,0.2948178
32.80000185966492,75.15575,0.56160253,0.293597
32.81000018119812,75.087746,0.5616699,0.293597
32.81999850273132,75.075745,0.5616699,0.2948178
32.83000063896179,75.103745,0.5616699,0.29603857
32.839998960494995,75.16775,0.5616699,0.29725936
32.850001096725464,75.239746,0.5616699,0.29848012
32.85999941825867,75.25974,0.5616699,0.29970092
32.870001554489136,75.21974,0.5616699,0.30092168
32.87999987602234,75.17574,0.5616699,0.30214247
32.88999819755554,75.13574,0.5617373,0.30336323
32.90000033378601,75.047745,0.5617373,0.30458403
32.909998655319214,74.99574,0.5617373,0.30458403
32.92000079154968,74.99974,0.5617373,0.3058048
32.929999113082886,75.06374,0.5617373,0.30702558
32.940001249313354,75.131744,0.56180465,0.30824634
32.94999957084656,75.16775,0.56180465,0.30946714
32.960001707077026,75.199745,0.56180465,0.3106879
32.97000002861023,75.12375,0.56180465,0.3119087
32.97999835014343,75.031746,0.56180465,0.31312945
32.9900004863739,74.95574,0.56180465,0.31435025
32.999998807907104,74.979744,0.56187207,0.31435025
33.01000094413757,74.979744,0.5619394,0.315571
33.019999265670776,75.01575,0.5619394,0.3167918
33.030001401901245,75.087746,0.5619394,0.31801257
33.03999972343445,75.13574,0.56200683,0.31801257
33.05000185966492,75.12375,0.56200683,0.31923336
33.06000018119812,75.08375,0.5620742,0.32045412
33.06999850273132,75.05575,0.5621415,0.32045412
33.08000063896179,74.991745,0.5622089,0.3216749
33.089998960494995,74.94775,0.56227624,0.3216749
33.100001096725464,74.97174,0.56234366,0.32289568
33.10999941825867,75.06774,0.5624784,0.32289568
33.120001554489136,75.159744,0.5626805,0.32289568
33.12999987602234,75.227745,0.56294996,0.3216749
33.13999819755554,75.31574,0.5633542,0.32045412
33.15000033378601,75.38774,0.5640279,0.3167918
33.159998655319214,75.51174,0.5649711,0.3119087
33.17000079154968,75.687744,0.5661164,0.3058048
33.179999113082886,75.923744,0.5670596,0.29970092
33.190001249313354,76.01974,0.56753117,0.29725936
33.19999957084656,76.02774,0.56753117,0.29848012
33.210001707077026,76.08374,0.56753117,0.29970092
33.22000002861023,76.15574,0.56753117,0.30092168
33.22999835014343,76.18374,0.56753117,0.30214247
33.2400004863739,76.19974,0.56753117,0.30336323
33.249998807907104,76.16374,0.56753117,0.30458403
33.26000094413757,76.09974,0.56753117,0.3058048
33.269999265670776,76.031746,0.56753117,0.3058048
33.280001401901245,75.99974,0.5675986,0.30702558
33.28999972343445,76.01974,0.5675986,0.30824634
33.30000185966492,76.02374,0.5675986,0.30946714
33.31000018119812,76.03574,0.5675986,0.3106879
33.31999850273132,76.08774,0.5675986,0.3119087
33.33000063896179,76.11174,0.5675986,0.31312945
33.339998960494995,76.08774,0.5675986,0.31435025
33.350001096725464,76.031746,0.5675986,0.315571
33.35999941825867,75.97174,0.5675986,0.3167918
33.370001554489136,75.90774,0.5675986,0.31801257
33.37999987602234,75.87574,0.5675986,0.31923336
33.38999819755554,75.91574,0.5675986,0.32045412
33.40000033378601,75.99974,0.56766593,0.32045412
33.409998655319214,76.02374,0.56766593,0.3216749
33.42000079154968,76.00374,0.56766593,0.32289568
33.429999113082886,76.00774,0.5677333,0.32411647
33.440001249313354,75.963745,0.5678007,0.32411647
33.44999957084656,75.94774,0.56786805,0.32533723
33.460001707077026,75.88774,0.56786805,0.32655802
33.47000002861023,75.91574,0.56800276,0.32655802
33.47999835014343,75.93974,0.5680701,0.32655802
33.4900004863739,75.963745,0.5682049,0.3277788
33.499998807907104,76.07974,0.56833965,0.3277788
33.51000094413757,76.143745,0.5685417,0.3277788
33.519999265670776,76.13574,0.5686765,0.3277788
33.530001401901245,76.13974,0.568946,0.32655802
33.53999972343445,76.16374,0.5693502,0.32533723
33.55000185966492,76.21974,0.5698892,0.32289568
33.56000018119812,76.38774,0.57076496,0.31801257
33.56999850273132,76.60374,0.57170814,0.3119087
33.58000063896179,76.83574,0.57271874,0.30702558
33.589998960494995,77.06773,0.5734598,0.30214247
33.600001096725464,77.15574,0.57379663,0.30092168
33.60999941825867,77.175735,0.57386404,0.30214247
33.620001554489136,77.14374,0.57386404,0.30336323
33.62999987602234,77.08374,0.57386404,0.30458403
33.63999819755554,77.08374,0.57386404,0.3058048
33.65000033378601,77.11174,0.57386404,0.3058048
33.659998655319214,77.10374,0.57386404,0.30824634
33.67000079154968,77.13974,0.57386404,0.30824634
33.679999113082886,77.16773,0.57386404,0.3106879
33.690001249313354,77.14374,0.57386404,0.3106879
33.69999957084656,77.08374,0.5739314,0.3119087
33.710001707077026,77.04374,0.5739314,0.31312945
33.72000002861023,77.01574,0.5739314,0.31435025
33.72999835014343,77.00774,0.57399875,0.31435025
33.7400004863739,77.01174,0.57399875,0.3167918
33.749998807907104,77.05974,0.57399875,0.3167918
33.76000094413757,77.09974,0.57406616,0.31801257
33.769999265670776,77.07174,0.57406616,0.31923336
33.780001401901245,77.05974,0.57406616,0.32045412
33.78999972343445,77.035736,0.57406616,0.3216749
33.80000185966492,77.00774,0.5741335,0.3216749
33.81000018119812,76.955734,0.5741335,0.32289568
33.81999850273132,76.97174,0.5742009,0.32411647
33.83000063896179,76.983734,0.5742683,0.32411647
33.839998960494995,77.03174,0.57433563,0.32533723
33.850001096725464,77.051735,0.57433563,0.32655802
33.85999941825867,77.07974,0.574403,0.32655802
33.870001554489136,77.063736,0.574403,0.3277788
33.87999987602234,77.00374,0.57447034,0.32899958
33.88999819755554,76.983734,0.57453775,0.33022034
33.90000033378601,77.01174,0.5746051,0.33022034
33.909998655319214,76.995735,0.5747399,0.33022034
33.92000079154968,77.04374,0.5748073,0.33144113
33.929999113082886,77.07574,0.5748746,0.33144113
33.940001249313354,77.119736,0.57500935,0.33144113
33.94999957084656,77.175735,0.5752788,0.33144113
33.960001707077026,77.19574,0.5755483,0.33022034
33.97000002861023,77.247734,0.5758178,0.33022034
33.97999835014343,77.26774,0.576222,0.32899958
33.9900004863739,77.31174,0.57662624,0.32655802
33.999998807907104,77.43174,0.5771652,0.32411647
34.01000094413757,77.57174,0.5777042,0.3216749
34.019999265670776,77.747734,0.57844526,0.31801257
34.030001401901245,77.93173,0.5792537,0.31312945
34.03999972343445,78.09973,0.57986003,0.3106879
34.05000185966492,78.16773,0.5802643,0.30824634
34.06000018119812,78.15974,0.5803316,0.30946714
34.06999850273132,78.12373,0.5803316,0.3106879
34.08000063896179,78.15573,0.580399,0.3106879
34.089998960494995,78.135735,0.580399,0.3119087
34.100001096725464,78.13973,0.580399,0.31312945
34.10999941825867,78.19974,0.58053374,0.31435025
34.120001554489136,78.22774,0.58053374,0.31435025
34.12999987602234,78.21573,0.58053374,0.315571
34.13999819755554,78.175735,0.58053374,0.3167918
34.15000033378601,78.12373,0.58053374,0.31801257
34.159998655319214,78.07574,0.58053374,0.31923336
34.17000079154968,78.023735,0.58053374,0.32045412
34.179999113082886,78.063736,0.58060116,0.32045412
34.190001249313354,78.119736,0.58060116,0.3216749
34.19999957084656,78.135735,0.58060116,0.32289568
34.210001707077026,78.13174,0.5806685,0.32411647
34.22000002861023,78.147736,0.58073586,0.32411647
34.22999835014343,78.12774,0.5808032,0.32533723
34.2400004863739,78.08774,0.580938,0.32655802
34.249998807907104,78.08373,0.58100533,0.32655802
34.26000094413757,78.079735,0.5811401,0.32655802
34.269999265670776,78.107735,0.58120745,0.3277788
34.280001401901245,78.12774,0.5812748,0.3277788
34.28999972343445,78.23573,0.58154434,0.3277788
34.30000185966492,78.327736,0.58188117,0.32655802
34.31000018119812,78.399734,0.58228534,0.32411647
34.31999850273132,78.471725,0.58295906,0.32045412
34.33000063896179,78.61973,0.5837002,0.3167918
34.339998960494995,78.703735,0.58444124,0.31312945
34.350001096725464,78.80373,0.58504754,0.3106879
34.35999941825867,78.93973,0.5854518,0.30824634
34.370001554489136,79.00373,0.5856539,0.30824634
34.37999987602234,79.023735,0.5856539,0.30946714
34.38999819755554,79.04773,0.5857213,0.30946714
34.40000033378601,79.083725,0.5857213,0.3106879
34.409998655319214,79.10373,0.58578867,0.3119087
34.42000079154968,79.03573,0.58578867,0.31312945
34.429999113082886,79.00773,0.58578867,0.31435025
34.440001249313354,78.983734,0.58578867,0.315571
34.44999957084656,78.95973,0.58578867,0.3167918
34.460001707077026,78.96373,0.5858561,0.3167918
34.47000002861023,79.011734,0.5858561,0.31801257
34.47999835014343,79.02773,0.58592343,0.31923336
34.4900004863739,79.02773,0.5859907,0.31923336
34.499998807907104,79.02773,0.5859907,0.32045412
34.51000094413757,79.011734,0.5859907,0.3216749
34.519999265670776,78.983734,0.5859907,0.32289568
34.530001401901245,78.91973,0.5859907,0.32411647
34.53999972343445,78.92373,0.5859907,0.32533723
34.55000185966492,78.93173,0.58605814,0.32655802
34.56000018119812,78.93173,0.5861255,0.32655802
34.56999850273132,78.96773,0.5861929,0.3277788
34.58000063896179,79.023735,0.58626026,0.3277788
34.589998960494995,78.99973,0.58626026,0.32899958
34.600001096725464,78.95973,0.5863276,0.33022034
34.60999941825867,78.95173,0.586395,0.33022034
34.620001554489136,78.94774,0.58652973,0.33022034
34.62999987602234,78.97572,0.5865971,0.33144113
34.63999819755554,78.99173,0.5867992,0.33144113
34.65000033378601,79.05973,0.586934,0.33144113
34.659998655319214,79.091736,0.5870687,0.33144113
34.67000079154968,79.11173,0.5873382,0.33144113
34.679999113082886,79.20773,0.5877424,0.32899958
34.690001249313354,79.33973,0.58841616,0.32655802
34.69999957084656,79.46773,0.58929193,0.3216749
34.710001707077026,79.61973,0.5902351,0.315571
34.72000002861023,79.831726,0.5912457,0.3106879
34.72999835014343,80.04373,0.59212154,0.30458403
34.7400004863739,80.13973,0.5926605,0.30214247
34.749998807907104,80.21573,0.59279525,0.30214247
34.76000094413757,80.251724,0.5928626,0.30336323
34.769999265670776,80.23173,0.5928626,0.30458403
34.780001401901245,80.24373,0.59292996,0.30458403
34.78999972343445,80.263725,0.59292996,0.3058048
34.80000185966492,80.28773,0.59292996,0.30702558
34.81000018119812,80.247734,0.59292996,0.30824634
34.81999850273132,80.22773,0.59292996,0.30946714
34.83000063896179,80.21172,0.5929973,0.3106879
34.839998960494995,80.17172,0.5929973,0.3119087
34.850001096725464,80.15572,0.5930647,0.3119087
34.85999941825867,80.18372,0.5930647,0.31312945
34.870001554489136,80.19972,0.5930647,0.31435025
34.87999987602234,80.21172,0.5931321,0.315571
34.88999819755554,80.195724,0.59319943,0.315571
34.90000033378601,80.22773,0.59319943,0.3167918
34.909998655319214,80.20373,0.59326684,0.31801257
34.92000079154968,80.15572,0.59326684,0.31801257
34.929999113082886,80.15572,0.59340155,0.31923336
34.940001249313354,80.17172,0.5934689,0.31923336
34.94999957084656,80.16373,0.5936037,0.32045412
34.960001707077026,80.19972,0.593671,0.32045412
34.97000002861023,80.25973,0.5938732,0.32045412
34.97999835014343,80.33973,0.5941426,0.31923336
34.9900004863739,80.39173,0.59454685,0.31801257
34.999998807907104,80.46372,0.5950858,0.315571
35.01000094413757,80.56772,0.5956248,0.31312945
35.019999265670776,80.65572,0.5962311,0.3106879
35.030001401901245,80.763725,0.5967701,0.30702558
35.03999972343445,80.88772,0.5972417,0.30458403
35.05000185966492,81.00373,0.59778064,0.30214247
35.06000018119812,81.11172,0.5981849,0.30092168
35.06999850273132,81.17972,0.598387,0.30092168
35.08000063896179,81.18372,0.598387,0.30214247
35.089998960494995,81.15973,0.598387,0.30336323
35.100001096725464,81.13972,0.598387,0.30458403
35.10999941825867,81.11572,0.598387,0.30458403
35.120001554489136,81.10372,0.598387,0.3058048
35.12999987602234,81.11973,0.598387,0.30702558
35.13999819755554,81.10773,0.598387,0.30824634
35.15000033378601,81.123726,0.59845436,0.30946714
35.159998655319214,81.123726,0.59845436,0.3106879
35.17000079154968,81.095726,0.59845436,0.3119087
35.179999113082886,81.07172,0.59845436,0.31312945
35.190001249313354,81.055725,0.59845436,0.31435025
35.19999957084656,81.04373,0.59852177,0.31435025
35.210001707077026,81.01972,0.59852177,0.315571
35.22000002861023,81.03572,0.59852177,0.3167918
35.22999835014343,81.03973,0.59852177,0.31801257
35.2400004863739,81.027725,0.59852177,0.31923336
35.249998807907104,81.01972,0.59852177,0.32045412
35.26000094413757,81.027725,0.5985891,0.3216749
35.269999265670776,81.01173,0.5986565,0.3216749
35.280001401901245,80.98373,0.5986565,0.32289568
35.28999972343445,80.95172,0.5986565,0.32411647
35.30000185966492,80.97573,0.5986565,0.32533723
35.31000018119812,80.98373,0.5987238,0.32655802
35.31999850273132,80.97573,0.5987238,0.32655802
35.33000063896179,81.015724,0.5987238,0.3277788
35.339998960494995,80.999725,0.5987238,0.32899958
35.350001096725464,80.96772,0.5987912,0.33022034
35.35999941825867,80.959724,0.59892595,0.33022034
35.370001554489136,81.01173,0.59912807,0.33022034
35.37999987602234,81.04373,0.5993302,0.33022034
35.38999819755554,81.05173,0.59946495,0.33022034
35.40000033378601,81.083725,0.59959966,0.33022034
35.409998655319214,81.11172,0.5996671,0.33144113
35.42000079154968,81.10773,0.5997344,0.33144113
35.429999113082886,81.13573,0.5998018,0.3326619
35.440001249313354,81.14372,0.5999365,0.3326619
35.44999957084656,81.15973,0.60007125,0.3326619
35.460001707077026,81.17972,0.6004081,0.33144113
35.47000002861023,81.24372,0.600745,0.33144113
35.47999835014343,81.37173,0.6011492,0.32899958
35.4900004863739,81.44372,0.60175556,0.32533723
35.499998807907104,81.571724,0.6024292,0.3216749
35.51000094413757,81.72372,0.60303557,0.31923336
35.519999265670776,81.83172,0.6036419,0.3167918
35.530001401901245,81.935715,0.6040461,0.31435025
35.53999972343445,81.975716,0.6042482,0.31435025
35.55000185966492,81.99172,0.6042482,0.315571
35.56000018119812,81.98373,0.60431564,0.3167918
35.56999850273132,81.971725,0.604383,0.3167918
35.58000063896179,82.01572,0.604383,0.31801257
35.589998960494995,82.03572,0.604383,0.31923336
35.600001096725464,82.00772,0.604383,0.32045412
35.60999941825867,81.975716,0.6044504,0.32045412
35.620001554489136,81.971725,0.6044504,0.3216749
35.62999987602234,81.947716,0.6044504,0.32289568
35.63999819755554,81.91972,0.6044504,0.32411647
35.65000033378601,81.92772,0.60451776,0.32533723
35.659998655319214,81.935715,0.60451776,0.32655802
35.67000079154968,81.931725,0.6045851,0.32655802
35.679999113082886,81.943726,0.6045851,0.3277788
35.690001249313354,81.947716,0.6045851,0.32899958
35.69999957084656,81.943726,0.60465246,0.33022034
35.710001707077026,81.915726,0.60465246,0.33144113
35.72000002861023,81.89572,0.6047198,0.33144113
35.72999835014343,81.91972,0.60478723,0.3326619
35.7400004863739,81.89972,0.6048546,0.3326619
35.749998807907104,81.91972,0.604922,0.3338827
35.76000094413757,81.97972,0.60512406,0.3338827
35.769999265670776,81.999725,0.6052588,0.3338827
35.780001401901245,82.03572,0.6053936,0.3338827
35.78999972343445,82.05572,0.605663,0.3338827
35.80000185966492,82.08772,0.60579777,0.3338827
35.81000018119812,82.08372,0.6059999,0.3338827
35.81999850273132,82.08372,0.6061346,0.3338827
35.83000063896179,82.14372,0.6064041,0.3326619
35.839998960494995,82.20372,0.60660625,0.3326619
35.850001096725464,82.24772,0.6068083,0.3326619
35.85999941825867,82.29972,0.6071452,0.33144113
35.870001554489136,82.40772,0.6075494,0.32899958
35.87999987602234,82.49972,0.608021,0.3277788
35.88999819755554,82.57972,0.60869473,0.32411647
35.90000033378601,82.71972,0.6093684,0.32045412
35.909998655319214,82.847725,0.61004215,0.3167918
35.92000079154968,82.93172,0.61044633,0.315571
35.929999113082886,82.99972,0.61071587,0.31435025
35.940001249313354,83.04372,0.6107832,0.315571
35.94999957084656,83.05972,0.6107832,0.3167918
35.960001707077026,83.05972,0.6107832,0.31801257
35.97000002861023,83.05972,0.61085063,0.31801257
35.97999835014343,83.09171,0.61085063,0.31923336
35.9900004863739,83.05572,0.6109179,0.32045412
35.999998807907104,83.00772,0.6109179,0.3216749
36.01000094413757,83.01972,0.6109853,0.3216749
36.019999265670776,83.00772,0.6109853,0.32289568
36.030001401901245,82.99972,0.6110527,0.32411647
36.03999972343445,82.99172,0.6110527,0.32533723
36.05000185966492,83.01972,0.6110527,0.32655802
36.06000018119812,83.01572,0.6110527,0.3277788
36.06999850273132,82.98772,0.61112005,0.3277788
36.08000063896179,83.02772,0.6112548,0.3277788
36.089998960494995,83.05972,0.61159164,0.3277788
36.100001096725464,83.11172,0.6117938,0.32655802
36.10999941825867,83.11971,0.6120632,0.32655802
36.120001554489136,83.19572,0.6124675,0.32411647
36.12999987602234,83.31972,0.6130738,0.3216749
36.13999819755554,83.49572,0.61394966,0.3167918
36.15000033378601,83.70371,0.6150276,0.3106879
36.159998655319214,83.98371,0.6162402,0.30214247
36.17000079154968,84.24371,0.6175203,0.2948178
36.179999113082886,84.44371,0.61846346,0.2899347
36.190001249313354,84.56371,0.61893505,0.28749314
36.19999957084656,84.63972,0.61933935,0.28627235
36.210001707077026,84.69172,0.6197435,0.28505158
36.22000002861023,84.799706,0.62028253,0.28138924
36.22999835014343,84.97571,0.6208888,0.27894768
36.2400004863739,85.103714,0.62142783,0.27650613
36.249998807907104,85.23571,0.6220341,0.2728438
36.26000094413757,85.35571,0.62264043,0.27040225
36.269999265670776,85.447716,0.62317944,0.2667399
36.280001401901245,85.48771,0.6235163,0.2667399
36.28999972343445,85.451706,0.6235163,0.2667399
36.30000185966492,85.423706,0.6235837,0.2679607
36.31000018119812,85.451706,0.6235837,0.26918146
36.31999850273132,85.47171,0.6235837,0.27040225
36.33000063896179,85.51971,0.6235837,0.27162302
36.339998960494995,85.51971,0.6235837,0.2728438
36.350001096725464,85.49971,0.6235837,0.27406457
36.35999941825867,85.43171,0.6235837,0.27528536
36.370001554489136,85.39171,0.6235837,0.27650613
36.37999987602234,85.34771,0.623651,0.27650613
36.38999819755554,85.31971,0.623651,0.27772692
36.40000033378601,85.31971,0.623651,0.27894768
36.409998655319214,85.36371,0.623651,0.28016847
36.42000079154968,85.38771,0.623651,0.28138924
36.429999113082886,85.38771,0.623651,0.28261003
36.440001249313354,85.38771,0.623651,0.2838308
36.44999957084656,85.343704,0.623651,0.28505158
36.460001707077026,85.26771,0.623651,0.28627235
36.47000002861023,85.19171,0.623651,0.28749314
36.47999835014343,85.20371,0.623651,0.2887139
36.4900004863739,85.20371,0.623651,0.2899347
36.499998807907104,85.23171,0.623651,0.29115546
36.51000094413757,85.25971,0.623651,0.29237625
36.519999265670776,85.28371,0.623651,0.29237625
36.530001401901245,85.25571,0.623651,0.2948178
36.53999972343445,85.20771,0.6237184,0.2948178
36.55000185966492,85.187706,0.6237184,0.29603857
36.56000018119812,85.13971,0.6237184,0.29725936
36.56999850273132,85.09971,0.62378573,0.29848012
36.58000063896179,85.119705,0.62378573,0.29848012
36.589998960494995,85.17571,0.62385315,0.29970092
36.600001096725464,85.20771,0.6239205,0.30092168
36.60999941825867,85.22771,0.6239879,0.30092168
36.620001554489136,85.215706,0.6239879,0.30214247
36.62999987602234,85.19171,0.6239879,0.30336323
36.63999819755554,85.127716,0.6239879,0.30458403
36.65000033378601,85.075714,0.62405527,0.3058048
36.659998655319214,85.103714,0.62405527,0.3058048
36.67000079154968,85.115715,0.6241227,0.30702558
36.679999113082886,85.13171,0.6241227,0.30824634
36.690001249313354,85.155716,0.6242573,0.30824634
36.69999957084656,85.20771,0.62432474,0.30946714
36.710001707077026,85.20771,0.6243921,0.30946714
36.72000002861023,85.17171,0.6244595,0.3106879
36.72999835014343,85.147705,0.62452686,0.3106879
36.7400004863739,85.15171,0.6246616,0.3119087
36.749998807907104,85.159706,0.62479633,0.3119087
36.76000094413757,85.16771,0.6248637,0.3119087
36.769999265670776,85.22372,0.6249311,0.31312945
36.780001401901245,85.27971,0.6251332,0.31312945
36.78999972343445,85.32371,0.6253353,0.3119087
36.80000185966492,85.379715,0.6256048,0.3119087
36.81000018119812,85.411705,0.626009,0.3106879
36.81999850273132,85.475716,0.626548,0.30824634
36.83000063896179,85.57571,0.6271543,0.30458403
36.839998960494995,85.71171,0.62789536,0.30092168
36.850001096725464,85.90771,0.62877125,0.29603857
36.85999941825867,86.11571,0.62971437,0.2899347
36.870001554489136,86.28371,0.6302534,0.28749314
36.87999987602234,86.371704,0.63038814,0.28749314
36.88999819755554,86.343704,0.6304555,0.2887139
36.90000033378601,86.3037,0.6304555,0.2899347
36.909998655319214,86.30771,0.6304555,0.29115546
36.92000079154968,86.315704,0.6305228,0.29237625
36.929999113082886,86.29571,0.6305228,0.29237625
36.940001249313354,86.3037,0.6305228,0.293597
36.94999957084656,86.327705,0.6305902,0.2948178
36.960001707077026,86.3037,0.6305902,0.29603857
36.97000002861023,86.2757,0.6305902,0.29725936
36.97999835014343,86.27171,0.63065755,0.29725936
36.9900004863739,86.24371,0.63065755,0.29848012
36.999998807907104,86.215706,0.63065755,0.29970092
37.01000094413757,86.187706,0.63065755,0.30092168
37.019999265670776,86.24371,0.63072497,0.30214247
37.030001401901245,86.24371,0.63085973,0.30214247
37.03999972343445,86.2637,0.6309271,0.30214247
37.05000185966492,86.27171,0.6309271,0.30336323
37.06000018119812,86.27971,0.63099444,0.30458403
37.06999850273132,86.2637,0.63119656,0.30458403
37.08000063896179,86.27171,0.63146603,0.30336323
37.089998960494995,86.3517,0.63180286,0.30214247
37.100001096725464,86.44371,0.63227445,0.30092168
37.10999941825867,86.57171,0.6328808,0.29725936
37.120001554489136,86.70771,0.6335545,0.293597
37.12999987602234,86.86371,0.6342282,0.29115546
37.13999819755554,86.9917,0.63490194,0.28749314
37.15000033378601,87.1117,0.6355083,0.2838308
37.159998655319214,87.2197,0.6359799,0.28261003
37.17000079154968,87.23971,0.63604724,0.28261003
37.179999113082886,87.19971,0.63604724,0.2838308
37.190001249313354,87.1917,0.63604724,0.28505158
37.19999957084656,87.23971,0.63604724,0.28627235
37.210001707077026,87.2637,0.63604724,0.28627235
37.22000002861023,87.25171,0.6361146,0.28749314
37.22999835014343,87.2237,0.6361146,0.2887139
37.2400004863739,87.21171,0.6361146,0.2899347
37.249998807907104,87.1517,0.6361146,0.29115546
37.26000094413757,87.119705,0.6361146,0.29237625
37.269999265670776,87.119705,0.6361146,0.293597
37.280001401901245,87.11571,0.6361146,0.2948178
37.28999972343445,87.1277,0.6361146,0.29603857
37.30000185966492,87.1277,0.6361146,0.29603857
37.31000018119812,87.1677,0.6361146,0.29848012
37.31999850273132,87.14371,0.6361146,0.29848012
37.33000063896179,87.10371,0.6361146,0.30092168
37.339998960494995,87.0597,0.6361146,0.30092168
37.350001096725464,87.0397,0.6361146,0.30214247
37.35999941825867,87.0157,0.6361146,0.30336323
37.370001554489136,86.99971,0.6361146,0.30458403
37.37999987602234,87.0597,0.636182,0.3058048
37.38999819755554,87.04771,0.636182,0.30702558
37.40000033378601,87.0397,0.636182,0.30824634
37.409998655319214,87.02771,0.636182,0.30824634
37.42000079154968,87.0157,0.636182,0.3106879
37.429999113082886,86.99971,0.63624936,0.3106879
37.440001249313354,86.967705,0.63624936,0.3119087
37.44999957084656,86.967705,0.6363168,0.3119087
37.460001707077026,86.979706,0.63638407,0.31312945
37.47000002861023,86.9917,0.6364515,0.31435025
37.47999835014343,87.0197,0.6365862,0.31435025
37.4900004863739,87.06771,0.6366536,0.31435025
37.499998807907104,87.04771,0.63672096,0.315571
37.51000094413757,87.023705,0.63678837,0.3167918
37.519999265670776,87.0197,0.6368557,0.3167918
37.530001401901245,87.0117,0.636923,0.31801257
37.53999972343445,87.0117,0.6369904,0.31801257
37.55000185966492,87.0317,0.6370578,0.31923336
37.56000018119812,87.0597,0.63719255,0.31923336
37.56999850273132,87.0837,0.6373273,0.31923336
37.58000063896179,87.1237,0.6373946,0.32045412
37.589998960494995,87.1277,0.6375294,0.32045412
37.600001096725464,87.14371,0.6377989,0.31923336
37.60999941825867,87.1757,0.6380684,0.31923336
37.620001554489136,87.2277,0.63847256,0.3167918
37.62999987602234,87.3357,0.6390115,0.315571
37.63999819755554,87.455696,0.6395505,0.3119087
37.65000033378601,87.6037,0.64015687,0.30946714
37.659998655319214,87.75571,0.6408306,0.3058048
37.67000079154968,87.9037,0.6415043,0.30214247
37.679999113082886,88.0317,0.64211065,0.29848012
37.690001249313354,88.07571,0.6424475,0.29848012
37.69999957084656,88.1117,0.6425148,0.29848012
37.710001707077026,88.1117,0.64258224,0.29970092
37.72000002861023,88.0957,0.64258224,0.30092168
37.72999835014343,88.1117,0.64258224,0.30214247
37.7400004863739,88.1317,0.64258224,0.30214247
37.749998807907104,88.1357,0.6426496,0.30336323
37.76000094413757,88.1237,0.6426496,0.30458403
37.769999265670776,88.1237,0.6426496,0.3058048
37.780001401901245,88.0957,0.6426496,0.30702558
37.78999972343445,88.039696,0.6426496,0.30824634
37.80000185966492,88.011696,0.64271694,0.30824634
37.81000018119812,88.0237,0.64271694,0.30946714
37.81999850273132,88.039696,0.6427843,0.3106879
37.83000063896179,88.067696,0.64291906,0.3106879
37.839998960494995,88.0997,0.6429864,0.3119087
37.850001096725464,88.1357,0.6431212,0.3119087
37.85999941825867,88.1077,0.6431886,0.31312945
37.870001554489136,88.04771,0.6431886,0.31312945
37.87999987602234,88.04771,0.6432559,0.31435025
37.88999819755554,88.07571,0.64332324,0.31435025
37.90000033378601,88.0637,0.643458,0.315571
37.909998655319214,88.1037,0.6435254,0.315571
37.92000079154968,88.1237,0.6435254,0.3167918
37.929999113082886,88.1437,0.6435928,0.31801257
37.940001249313354,88.1237,0.6436602,0.31801257
37.94999957084656,88.1437,0.64372754,0.31923336
37.960001707077026,88.1517,0.64386225,0.32045412
37.97000002861023,88.1197,0.643997,0.31923336
37.97999835014343,88.1277,0.64419913,0.31923336
37.9900004863739,88.1797,0.6444686,0.31801257
37.999998807907104,88.2677,0.6448055,0.3167918
38.01000094413757,88.3957,0.64520967,0.315571
38.019999265670776,88.4677,0.64568126,0.31312945
38.030001401901245,88.5757,0.6460855,0.3119087
38.03999972343445,88.6317,0.6465571,0.30946714
38.05000185966492,88.6997,0.64709604,0.30702558
38.06000018119812,88.8277,0.6477024,0.30458403
38.06999850273132,88.9877,0.6483761,0.30092168
38.08000063896179,89.0797,0.64878035,0.29848012
38.089998960494995,89.111694,0.64898247,0.29848012
38.100001096725464,89.1717,0.6490498,0.29970092
38.10999941825867,89.15569,0.6491172,0.30092168
38.120001554489136,89.167694,0.6491845,0.30092168
38.12999987602234,89.1757,0.6491845,0.30214247
38.13999819755554,89.18369,0.6492519,0.30214247
38.15000033378601,89.151695,0.6493193,0.30336323
38.159998655319214,89.1437,0.64938664,0.30458403
38.17000079154968,89.1757,0.64945406,0.30458403
38.179999113082886,89.15569,0.64945406,0.3058048
38.190001249313354,89.1357,0.64958876,0.3058048
38.19999957084656,89.1597,0.6496561,0.30702558
38.210001707077026,89.163704,0.6496561,0.30824634
38.22000002861023,89.163704,0.6497235,0.30824634
38.22999835014343,89.18369,0.6497909,0.30946714
38.2400004863739,89.1877,0.6497909,0.3106879
38.249998807907104,89.167694,0.64985824,0.3106879
38.26000094413757,89.1477,0.64985824,0.3119087
38.269999265670776,89.12769,0.64992565,0.31312945
38.280001401901245,89.151695,0.64992565,0.31435025
38.28999972343445,89.1597,0.649993,0.31435025
38.30000185966492,89.139694,0.6501277,0.315571
38.31000018119812,89.1877,0.6503298,0.31435025
38.31999850273132,89.23169,0.65059936,0.31435025
38.33000063896179,89.291695,0.6509362,0.31312945
38.339998960494995,89.37969,0.6514078,0.3106879
38.350001096725464,89.4917,0.65201414,0.30824634
38.35999941825867,89.5997,0.65262043,0.30458403
38.370001554489136,89.723694,0.6532268,0.30214247
38.37999987602234,89.87169,0.6538331,0.29848012
38.38999819755554,90.00369,0.65443945,0.29603857
38.40000033378601,90.11969,0.65491104,0.293597
38.409998655319214,90.16369,0.6552479,0.29237625
38.42000079154968,90.207695,0.6553153,0.29237625
38.429999113082886,90.179695,0.6553153,0.2948178
38.440001249313354,90.167694,0.6553153,0.2948178
38.44999957084656,90.179695,0.6553153,0.29603857
38.460001707077026,90.207695,0.6553827,0.29725936
38.47000002861023,90.17569,0.6553827,0.29848012
38.47999835014343,90.1717,0.6553827,0.29970092
38.4900004863739,90.1717,0.6553827,0.30092168
38.499998807907104,90.167694,0.6553827,0.30214247
38.51000094413757,90.12769,0.6553827,0.30336323
38.519999265670776,90.09969,0.65545,0.30336323
38.530001401901245,90.12369,0.65558475,0.30458403
38.53999972343445,90.15569,0.6557195,0.30458403
38.55000185966492,90.15569,0.6557869,0.30458403
38.56000018119812,90.167694,0.6557869,0.3058048
38.56999850273132,90.179695,0.6557869,0.30702558
38.58000063896179,90.1437,0.6558543,0.30824634
38.589998960494995,90.139694,0.65592164,0.30824634
38.600001096725464,90.14769,0.655989,0.30946714
38.60999941825867,90.151695,0.65605634,0.30946714
38.620001554489136,90.13569,0.6561237,0.3106879
38.62999987602234,90.18769,0.6563259,0.3106879
38.63999819755554,90.26769,0.6566627,0.30946714
38.65000033378601,90.33569,0.6571343,0.30702558
38.659998655319214,90.4237,0.65767324,0.30458403
38.67000079154968,90.55169,0.6582122,0.30214247
38.679999113082886,90.6757,0.6587512,0.29970092
38.690001249313354,90.763695,0.65935755,0.29603857
38.69999957084656,90.88369,0.65996385,0.293597
38.710001707077026,91.04769,0.660705,0.2899347
38.72000002861023,91.155685,0.6612439,0.28627235
38.72999835014343,91.24769,0.66158074,0.28505158
38.7400004863739,91.26369,0.66164815,0.28627235
38.749998807907104,91.27569,0.66164815,0.28749314
38.76000094413757,91.24369,0.66164815,0.2887139
38.769999265670776,91.22769,0.6617155,0.2887139
38.780001401901245,91.26769,0.6617155,0.2899347
38.78999972343445,91.27169,0.66178286,0.29115546
38.80000185966492,91.23169,0.66178286,0.29237625
38.81000018119812,91.21569,0.66178286,0.293597
38.81999850273132,91.22369,0.6618502,0.2948178
38.83000063896179,91.18769,0.6618502,0.2948178
38.839998960494995,91.183685,0.6618502,0.29603857
38.850001096725464,91.15969,0.6618502,0.29725936
38.85999941825867,91.16369,0.6618502,0.29848012
38.870001554489136,91.151695,0.6618502,0.29970092
38.87999987602234,91.13569,0.6618502,0.30092168
38.88999819755554,91.143684,0.6618502,0.30214247
38.90000033378601,91.11969,0.6618502,0.30336323
38.909998655319214,91.11969,0.6619176,0.30458403
38.92000079154968,91.09569,0.6619176,0.30458403
38.929999113082886,91.09969,0.6619176,0.3058048
38.940001249313354,91.06769,0.661985,0.30702558
38.94999957084656,91.06369,0.66205233,0.30702558
38.960001707077026,91.083694,0.66205233,0.30824634
38.97000002861023,91.10368,0.6621871,0.30824634
38.97999835014343,91.10368,0.6623218,0.30946714
38.9900004863739,91.111694,0.6624566,0.30946714
38.999998807907104,91.151695,0.66259134,0.30946714
39.01000094413757,91.171684,0.66279346,0.30946714
39.019999265670776,91.19969,0.66306293,0.30824634
39.030001401901245,91.2597,0.6633324,0.30824634
39.03999972343445,91.31569,0.6636692,0.30702558
39.05000185966492,91.39969,0.6640061,0.3058048
39.06000018119812,91.45569,0.6642756,0.30458403
39.06999850273132,91.54769,0.6646124,0.30336323
39.08000063896179,91.58369,0.66501665,0.30214247
39.089998960494995,91.65569,0.66548824,0.30092168
39.100001096725464,91.74769,0.6660272,0.29848012
39.10999941825867,91.91168,0.66663355,0.2948178
39.120001554489136,92.003685,0.6671725,0.29237625
39.12999987602234,92.071686,0.6675094,0.29115546
39.13999819755554,92.13169,0.6677115,0.2899347
39.15000033378601,92.143684,0.66777885,0.29115546
39.159998655319214,92.13969,0.66784626,0.29237625
39.17000079154968,92.13569,0.66784626,0.29237625
39.179999113082886,92.155685,0.66784626,0.293597
39.190001249313354,92.127686,0.66784626,0.2948178
39.19999957084656,92.12368,0.66784626,0.29603857
39.210001707077026,92.12368,0.6679136,0.29725936
39.22000002861023,92.13169,0.6679136,0.29848012
39.22999835014343,92.09569,0.6679136,0.29970092
39.2400004863739,92.05569,0.6679136,0.30092168
39.249998807907104,92.059685,0.6679136,0.30214247
39.26000094413757,92.05569,0.6679136,0.30214247
39.269999265670776,92.04768,0.6679136,0.30458403
39.280001401901245,92.03969,0.6679136,0.30458403
39.28999972343445,92.02769,0.6679136,0.3058048
39.30000185966492,92.01169,0.66798097,0.30702558
39.31000018119812,91.987686,0.66798097,0.30824634
39.31999850273132,92.02369,0.6680484,0.30824634
39.33000063896179,92.01169,0.66811574,0.30946714
39.339998960494995,91.987686,0.6681831,0.3106879
39.350001096725464,91.991684,0.66825044,0.3106879
39.35999941825867,92.01569,0.66831785,0.3119087
39.370001554489136,92.019684,0.66845256,0.3119087
39.37999987602234,92.03969,0.66852,0.3119087
39.38999819755554,92.043686,0.6685873,0.31312945
39.40000033378601,92.05569,0.66865474,0.31435025
39.409998655319214,92.05569,0.6687894,0.31435025
39.42000079154968,92.059685,0.66899157,0.31435025
39.429999113082886,92.12368,0.6691936,0.31435025
39.440001249313354,92.16769,0.66939574,0.31312945
39.44999957084656,92.19168,0.6696653,0.3119087
39.460001707077026,92.24769,0.66993475,0.3119087
39.47000002861023,92.33169,0.6703389,0.3106879
39.47999835014343,92.407684,0.6708105,0.30824634
39.4900004863739,92.51168,0.67134947,0.3058048
39.499998807907104,92.65968,0.6719558,0.30214247
39.51000094413757,92.77169,0.67262954,0.29970092
39.519999265670776,92.87968,0.67316854,0.29603857
39.530001401901245,92.94369,0.673438,0.29603857
39.53999972343445,92.98768,0.6735727,0.29603857
39.55000185966492,92.991684,0.6735727,0.29725936
39.56000018119812,92.963684,0.67364013,0.29725936
39.56999850273132,92.98369,0.67364013,0.29848012
39.58000063896179,93.003685,0.67364013,0.29970092
39.589998960494995,92.97169,0.6737075,0.30092168
39.600001096725464,92.94369,0.6737075,0.30214247
39.60999941825867,92.98369,0.6737075,0.30336323
39.620001554489136,92.95168,0.6737075,0.30458403
39.62999987602234,92.92769,0.6737075,0.3058048
39.63999819755554,92.89968,0.6737075,0.3058048
39.65000033378601,92.90369,0.6737749,0.30702558
39.659998655319214,92.89968,0.67384225,0.30824634
39.67000079154968,92.90369,0.6739096,0.30824634
39.679999113082886,92.95968,0.67397696,0.30946714
39.690001249313354,92.95168,0.6741117,0.30946714
39.69999957084656,92.935684,0.6741117,0.3106879
39.710001707077026,92.91168,0.6741117,0.3119087
39.72000002861023,92.91168,0.6741117,0.31312945
39.72999835014343,92.90369,0.6741791,0.31312945
39.7400004863739,92.87569,0.6741791,0.31435025
39.749998807907104,92.88769,0.6741791,0.315571
39.76000094413757,92.89968,0.6741791,0.3167918
39.769999265670776,92.89568,0.6741791,0.31801257
39.780001401901245,92.87968,0.6741791,0.31923336
39.78999972343445,92.86768,0.6741791,0.32045412
39.80000185966492,92.85568,0.6742465,0.3216749
39.81000018119812,92.851685,0.67431384,0.3216749
39.81999850273132,92.851685,0.67431384,0.32289568
39.83000063896179,92.85568,0.6743812,0.32411647
39.839998960494995,92.851685,0.6744486,0.32411647
39.850001096725464,92.85969,0.6745159,0.32533723
39.85999941825867,92.88769,0.6745159,0.32655802
39.870001554489136,92.85568,0.6745159,0.3277788
39.87999987602234,92.839676,0.6745159,0.32899958
39.88999819755554,92.807686,0.6745833,0.32899958
39.90000033378601,92.835686,0.6745833,0.33022034
39.909998655319214,92.807686,0.6745833,0.33144113
39.92000079154968,92.795685,0.67465067,0.33144113
39.929999113082886,92.81568,0.674718,0.3326619
39.940001249313354,92.84769,0.67478544,0.3338827
39.94999957084656,92.863686,0.6749202,0.3338827
39.960001707077026,92.85969,0.6750549,0.3338827
39.97000002861023,92.90369,0.675257,0.3338827
39.97999835014343,92.935684,0.67552656,0.3338827
39.9900004863739,92.963684,0.675796,0.3326619
39.999998807907104,93.03568,0.6762002,0.33022034
40.01000094413757,93.17969,0.67680657,0.3277788
40.019999265670776,93.32768,0.67754763,0.32411647
40.030001401901245,93.49568,0.67842346,0.31923336
40.03999972343445,93.70768,0.67936665,0.31435025
40.05000185966492,93.88767,0.6801077,0.30946714
40.06000018119812,93.93968,0.68044454,0.30824634
40.06999850273132,93.94768,0.68044454,0.30946714
40.08000063896179,93.94768,0.68044454,0.3106879
40.089998960494995,93.935684,0.68044454,0.3119087
40.100001096725464,93.94768,0.68044454,0.31312945
40.10999941825867,93.975685,0.68051195,0.31312945
40.120001554489136,93.991684,0.68051195,0.31435025
40.12999987602234,93.97968,0.68051195,0.315571
40.13999819755554,93.91968,0.68051195,0.3167918
40.15000033378601,93.93168,0.68051195,0.31801257
40.159998655319214,93.87968,0.68051195,0.31923336
40.17000079154968,93.83568,0.68051195,0.32045412
40.179999113082886,93.83168,0.68051195,0.3216749
40.190001249313354,93.89968,0.6806467,0.3216749
40.19999957084656,93.935684,0.68084884,0.3216749
40.210001707077026,93.95968,0.68091613,0.3216749
40.22000002861023,93.963684,0.68091613,0.32411647
40.22999835014343,93.93968,0.68091613,0.32411647
40.2400004863739,93.87568,0.68091613,0.32655802
40.249998807907104,93.85168,0.68091613,0.32655802
40.26000094413757,93.85168,0.68098354,0.3277788
40.269999265670776,93.86368,0.68098354,0.32899958
40.280001401901245,93.86768,0.6810509,0.32899958
40.28999972343445,93.90368,0.6810509,0.33022034
40.30000185966492,93.94368,0.68118566,0.33022034
40.31000018119812,93.93168,0.6813204,0.33144113
40.31999850273132,93.95168,0.68158984,0.33022034
40.33000063896179,94.007675,0.68206143,0.32899958
40.339998960494995,94.12368,0.6827352,0.32411647
40.350001096725464,94.30768,0.6838805,0.31801257
40.35999941825867,94.66768,0.68543,0.30824634
40.370001554489136,95.063675,0.6871143,0.29848012
40.37999987602234,95.40367,0.6883943,0.29115546
40.38999819755554,95.60767,0.6893375,0.28505158
40.40000033378601,95.79967,0.69028074,0.27894768
40.409998655319214,96.02367,0.69149333,0.2728438
40.42000079154968,96.26767,0.69270605,0.26551914
40.429999113082886,96.46367,0.6935145,0.26063603
40.440001249313354,96.54767,0.69364923,0.26063603
40.44999957084656,96.535675,0.69364923,0.2618568
40.460001707077026,96.53967,0.69364923,0.2630776
40.47000002861023,96.563675,0.69364923,0.26429835
40.47999835014343,96.58767,0.69364923,0.26551914
40.4900004863739,96.53167,0.69364923,0.2667399
40.499998807907104,96.47967,0.69364923,0.2679607
40.51000094413757,96.44768,0.69364923,0.26918146
40.519999265670776,96.42767,0.69364923,0.27040225
40.530001401901245,96.41567,0.69364923,0.27162302
40.53999972343445,96.42367,0.69364923,0.2728438
40.55000185966492,96.41167,0.69364923,0.2728438
40.56000018119812,96.39567,0.69364923,0.27528536
40.56999850273132,96.371666,0.69364923,0.27528536
40.58000063896179,96.367676,0.69364923,0.27650613
40.589998960494995,96.34767,0.69364923,0.27772692
40.600001096725464,96.30767,0.69364923,0.27894768
40.60999941825867,96.25567,0.69364923,0.28016847
40.620001554489136,96.259674,0.69364923,0.28138924
40.62999987602234,96.24767,0.69364923,0.28261003
40.63999819755554,96.25567,0.69364923,0.2838308
40.65000033378601,96.27967,0.69364923,0.28505158
40.659998655319214,96.271675,0.69364923,0.28627235
40.67000079154968,96.23967,0.69364923,0.28749314
40.679999113082886,96.19167,0.69364923,0.2887139
40.690001249313354,96.18367,0.69364923,0.2899347
40.69999957084656,96.16768,0.69364923,0.29115546
40.710001707077026,96.13967,0.69364923,0.29237625
40.72000002861023,96.14367,0.69364923,0.29237625
40.72999835014343,96.15967,0.69364923,0.2948178
40.7400004863739,96.15167,0.69364923,0.2948178
40.749998807907104,96.10767,0.69364923,0.29603857
40.76000094413757,96.13167,0.69364923,0.29725936
40.769999265670776,96.10367,0.69364923,0.29848012
40.780001401901245,96.05167,0.69364923,0.29970092
40.78999972343445,95.99967,0.69364923,0.30092168
40.80000185966492,96.04367,0.69364923,0.30214247
40.81000018119812,96.03168,0.69364923,0.30336323
40.81999850273132,96.03967,0.69364923,0.30458403
40.83000063896179,96.047676,0.6937166,0.3058048
40.839998960494995,96.01567,0.6937166,0.3058048
40.850001096725464,95.98368,0.6937166,0.30702558
40.85999941825867,95.97167,0.6937166,0.30824634
40.870001554489136,95.95567,0.6937166,0.30946714
40.87999987602234,95.939674,0.6937166,0.3106879
40.88999819755554,95.90368,0.6937166,0.3119087
40.90000033378601,95.92767,0.6937166,0.31312945
40.909998655319214,95.95567,0.6937166,0.31435025
40.92000079154968,95.93567,0.6937166,0.315571
40.929999113082886,95.91967,0.6937166,0.3167918
40.940001249313354,95.91568,0.6937166,0.31801257
40.94999957084656,95.88767,0.693784,0.31801257
40.960001707077026,95.86368,0.693784,0.32045412
40.97000002861023,95.86368,0.69385135,0.32045412
40.97999835014343,95.87967,0.6939187,0.3216749
40.9900004863739,95.87568,0.6939187,0.3216749
40.999998807907104,95.86767,0.6939861,0.32289568
41.01000094413757,95.883675,0.6940535,0.32411647
41.019999265670776,95.89167,0.6941208,0.32411647
41.030001401901245,95.93167,0.6943903,0.32411647
41.03999972343445,95.95967,0.6947271,0.3216749
41.05000185966492,96.07967,0.6953335,0.32045412
41.06000018119812,96.20768,0.69614196,0.315571
41.06999850273132,96.41567,0.69728726,0.30824634
41.08000063896179,96.75167,0.6986347,0.29970092
41.089998960494995,97.00767,0.6996452,0.2948178
41.100001096725464,97.12767,0.69998205,0.29237625
41.10999941825867,97.11967,0.69998205,0.2948178
41.120001554489136,97.07967,0.69998205,0.2948178
41.12999987602234,97.09167,0.69998205,0.29603857
41.13999819755554,97.09567,0.69998205,0.29725936
41.15000033378601,97.111664,0.69998205,0.29848012
41.159998655319214,97.12767,0.69998205,0.29970092
41.17000079154968,97.10767,0.70004946,0.30092168
41.179999113082886,97.06767,0.70004946,0.30214247
41.190001249313354,97.05967,0.70004946,0.30336323
41.19999957084656,97.01167,0.70004946,0.30458403
41.210001707077026,96.97167,0.70004946,0.3058048
41.22000002861023,96.94767,0.70004946,0.3058048
41.22999835014343,96.97967,0.7001168,0.30702558
41.2400004863739,97.00367,0.7001168,0.30824634
41.249998807907104,96.99967,0.7001168,0.30946714
41.26000094413757,97.00767,0.7001168,0.3106879
41.269999265670776,96.98767,0.7001168,0.3119087
41.280001401901245,96.94367,0.7001842,0.3119087
41.28999972343445,96.90767,0.70031893,0.3119087
41.30000185966492,96.94367,0.70038635,0.31312945
41.31000018119812,96.951675,0.70052105,0.31312945
41.31999850273132,96.983665,0.70065576,0.31435025
41.33000063896179,97.02367,0.7009253,0.31312945
41.339998960494995,97.11567,0.7012621,0.3119087
41.350001096725464,97.22367,0.7018011,0.30946714
41.35999941825867,97.34767,0.70260954,0.30458403
41.370001554489136,97.555664,0.70362014,0.29970092
41.37999987602234,97.75166,0.7046307,0.293597
41.38999819755554,97.88367,0.7053044,0.2899347
41.40000033378601,97.94367,0.7054391,0.2899347
41.409998655319214,97.983665,0.7054391,0.29115546
41.42000079154968,97.99166,0.7054391,0.29237625
41.429999113082886,98.01167,0.7054391,0.293597
41.440001249313354,98.01967,0.7054391,0.2948178
41.44999957084656,98.00366,0.7054391,0.29603857
41.460001707077026,97.97566,0.7054391,0.29603857
41.47000002861023,97.94367,0.7054391,0.29848012
41.47999835014343,97.927666,0.7055065,0.29848012
41.4900004863739,97.887665,0.7055065,0.29970092
41.499998807907104,97.859665,0.7055065,0.30092168
41.51000094413757,97.85566,0.7055065,0.30214247
41.519999265670776,97.88367,0.7055065,0.30336323
41.530001401901245,97.89566,0.7055065,0.30458403
41.53999972343445,97.887665,0.7055065,0.3058048
41.55000185966492,97.87967,0.7055065,0.30702558
41.56000018119812,97.831665,0.70557386,0.30702558
41.56999850273132,97.79567,0.70557386,0.30824634
41.58000063896179,97.78367,0.70564127,0.30946714
41.589998960494995,97.79567,0.7057086,0.3106879
41.600001096725464,97.803665,0.7057086,0.3106879
41.60999941825867,97.803665,0.7057759,0.3119087
41.620001554489136,97.819664,0.7057759,0.31312945
41.62999987602234,97.827675,0.7057759,0.31435025
41.63999819755554,97.81567,0.7058433,0.31435025
41.65000033378601,97.78367,0.7058433,0.315571
41.659998655319214,97.75567,0.7059107,0.3167918
41.67000079154968,97.73966,0.7059107,0.31801257
41.679999113082886,97.735664,0.70604545,0.31801257
41.690001249313354,97.75567,0.70611286,0.31801257
41.69999957084656,97.819664,0.70624757,0.31923336
41.710001707077026,97.86367,0.7064497,0.31801257
41.72000002861023,97.89167,0.70671916,0.31801257
41.72999835014343,97.94367,0.707056,0.3167918
41.7400004863739,98.01167,0.7075276,0.31435025
41.749998807907104,98.11967,0.7082687,0.3106879
41.76000094413757,98.275665,0.7090771,0.3058048
41.769999265670776,98.511665,0.709953,0.30092168
41.780001401901245,98.67166,0.7108288,0.29725936
41.78999972343445,98.81567,0.7113677,0.293597
41.80000185966492,98.89566,0.7115699,0.293597
41.81000018119812,98.915665,0.7115699,0.2948178
41.81999850273132,98.899666,0.7115699,0.29603857
41.83000063896179,98.89166,0.7115699,0.29725936
41.839998960494995,98.87966,0.7115699,0.29848012
41.850001096725464,98.86766,0.7115699,0.29970092
41.85999941825867,98.843666,0.7116372,0.29970092
41.870001554489136,98.847664,0.7116372,0.30092168
41.87999987602234,98.87567,0.7116372,0.30214247
41.88999819755554,98.83966,0.71170455,0.30336323
41.90000033378601,98.81166,0.71170455,0.30458403
41.909998655319214,98.81166,0.71170455,0.3058048
41.92000079154968,98.79966,0.71177197,0.3058048
41.929999113082886,98.79567,0.71177197,0.30702558
41.940001249313354,98.77966,0.71177197,0.30824634
41.94999957084656,98.803665,0.7118393,0.30946714
41.960001707077026,98.76767,0.7118393,0.3106879
41.97000002861023,98.73166,0.7118393,0.3119087
41.97999835014343,98.76767,0.71190673,0.3119087
41.9900004863739,98.77166,0.7119741,0.31312945
41.999998807907104,98.73966,0.7120415,0.31312945
42.01000094413757,98.75166,0.7120415,0.31435025
42.019999265670776,98.74366,0.71210885,0.315571
42.030001401901245,98.74366,0.71210885,0.3167918
42.03999972343445,98.75166,0.71224356,0.3167918
42.05000185966492,98.76767,0.7123783,0.3167918
42.06000018119812,98.79966,0.7123783,0.31801257
42.06999850273132,98.75966,0.7124457,0.31801257
42.08000063896179,98.77166,0.7125131,0.31923336
42.089998960494995,98.78366,0.71258044,0.32045412
42.100001096725464,98.78766,0.7126478,0.32045412
42.10999941825867,98.75567,0.7126478,0.3216749
42.120001554489136,98.74366,0.7126478,0.32289568
42.12999987602234,98.76767,0.71271515,0.32411647
42.13999819755554,98.75567,0.7127825,0.32411647
42.15000033378601,98.74366,0.7127825,0.32533723
42.159998655319214,98.763664,0.7127825,0.32655802
42.17000079154968,98.74366,0.7127825,0.3277788
42.179999113082886,98.71166,0.7128499,0.32899958
42.190001249313354,98.71166,0.71291727,0.32899958
42.19999957084656,98.75966,0.7131194,0.32899958
42.210001707077026,98.79966,0.71338886,0.3277788
42.22000002861023,98.86366,0.7137257,0.3277788
42.22999835014343,98.94366,0.71413,0.32533723
42.2400004863739,99.04767,0.7146016,0.32289568
42.249998807907104,99.12767,0.71507317,0.3216749
42.26000094413757,99.223656,0.7156121,0.31923336
42.269999265670776,99.35166,0.7162185,0.315571
42.280001401901245,99.515656,0.7168922,0.3119087
42.28999972343445,99.61966,0.71756583,0.30824634
42.30000185966492,99.739655,0.7179701,0.30702558
42.31000018119812,99.79966,0.7181722,0.30702558
42.31999850273132,99.803665,0.7181722,0.30824634
42.33000063896179,99.79166,0.71823955,0.30824634
42.339998960494995,99.79966,0.71830696,0.30946714
42.350001096725464,99.803665,0.71830696,0.3106879
42.35999941825867,99.78366,0.71830696,0.3119087
42.370001554489136,99.775665,0.71830696,0.31312945
42.37999987602234,99.79166,0.7183743,0.31312945
42.38999819755554,99.75566,0.7183743,0.31435025
42.40000033378601,99.74366,0.7183743,0.315571
42.409998655319214,99.74366,0.718509,0.315571
42.42000079154968,99.75566,0.7185764,0.3167918
42.429999113082886,99.763664,0.7186438,0.31801257
42.440001249313354,99.747665,0.7186438,0.31801257
42.44999957084656,99.779655,0.71877855,0.31801257
42.460001707077026,99.79566,0.7188459,0.31923336
42.47000002861023,99.763664,0.71891326,0.32045412
42.47999835014343,99.763664,0.71898067,0.32045412
42.4900004863739,99.767654,0.71898067,0.3216749
42.499998807907104,99.77166,0.71904796,0.32289568
42.51000094413757,99.74366,0.71904796,0.32411647
42.519999265670776,99.747665,0.71904796,0.32533723
42.530001401901245,99.739655,0.7191154,0.32655802
42.53999972343445,99.72766,0.7191154,0.32655802
42.55000185966492,99.73166,0.7191827,0.3277788
42.56000018119812,99.75166,0.71925014,0.3277788
42.56999850273132,99.739655,0.7193175,0.32899958
42.58000063896179,99.71966,0.71945226,0.32899958
42.589998960494995,99.77166,0.71958697,0.32899958
42.600001096725464,99.79966,0.71985644,0.3277788
42.60999941825867,99.86366,0.72019327,0.3277788
42.620001554489136,99.95966,0.7207996,0.32411647
42.62999987602234,100.11566,0.72147334,0.3216749
42.63999819755554,100.24766,0.7220797,0.31801257
42.65000033378601,100.359665,0.72268605,0.315571
42.659998655319214,100.459656,0.7230903,0.31312945
42.67000079154968,100.50766,0.7233597,0.3119087
42.679999113082886,100.515656,0.7234271,0.31312945
42.690001249313354,100.50766,0.7234271,0.31435025
42.69999957084656,100.54766,0.72349447,0.31435025
42.710001707077026,100.54766,0.72349447,0.3167918
42.72000002861023,100.53565,0.7235619,0.3167918
42.72999835014343,100.53166,0.7235619,0.31801257
42.7400004863739,100.52365,0.7235619,0.31923336
42.749998807907104,100.48366,0.7235619,0.32045412
42.76000094413757,100.45166,0.72362924,0.32045412
42.769999265670776,100.45565,0.72362924,0.3216749
42.780001401901245,100.49166,0.723764,0.3216749
42.78999972343445,100.48366,0.7238313,0.32289568
42.80000185966492,100.48366,0.7238313,0.32411647
42.81000018119812,100.52365,0.7238987,0.32411647
42.81999850273132,100.49565,0.72396606,0.32533723
42.83000063896179,100.46766,0.72396606,0.32655802
42.839998960494995,100.47566,0.72396606,0.3277788
42.850001096725464,100.47166,0.7240334,0.3277788
42.85999941825867,100.459656,0.7241682,0.32899958
42.870001554489136,100.47966,0.72430295,0.32899958
42.87999987602234,100.52365,0.72430295,0.33022034
42.88999819755554,100.51166,0.7243703,0.33022034
42.90000033378601,100.48366,0.7243703,0.33144113
42.909998655319214,100.48366,0.72443765,0.3326619
42.92000079154968,100.50766,0.7245724,0.3326619
42.929999113082886,100.50766,0.7247072,0.3326619
42.940001249313354,100.52766,0.72490925,0.3326619
42.94999957084656,100.59566,0.72511137,0.3326619
42.960001707077026,100.627655,0.7254482,0.33144113
42.97000002861023,100.70765,0.7259872,0.32899958
42.97999835014343,100.85166,0.7266609,0.32533723
42.9900004863739,101.04766,0.72767144,0.32045412
42.999998807907104,101.28365,0.7286146,0.31435025
43.01000094413757,101.45565,0.72962517,0.30824634
43.019999265670776,101.655655,0.7303663,0.30458403
43.030001401901245,101.751656,0.7308379,0.30214247
43.03999972343445,101.79965,0.73097265,0.30214247
43.05000185966492,101.79166,0.73104,0.30336323
43.06000018119812,101.81165,0.73104,0.30458403
43.06999850273132,101.82365,0.73104,0.3058048
43.08000063896179,101.82365,0.73117477,0.3058048
43.089998960494995,101.84366,0.73124206,0.3058048
43.100001096725464,101.82365,0.73124206,0.30702558
43.10999941825867,101.79965,0.7313768,0.30824634
43.120001554489136,101.767654,0.7313768,0.30824634
43.12999987602234,101.779655,0.73144424,0.30946714
43.13999819755554,101.767654,0.7315116,0.3106879
43.15000033378601,101.77165,0.73164636,0.3106879
43.159998655319214,101.79565,0.7317137,0.3106879
43.17000079154968,101.87166,0.73191583,0.3106879
43.179999113082886,101.89966,0.7322527,0.3106879
43.190001249313354,101.959656,0.73258954,0.30824634
43.19999957084656,102.031654,0.73306113,0.3058048
43.210001707077026,102.09566,0.7335327,0.30458403
43.22000002861023,102.17966,0.7340043,0.30214247
43.22999835014343,102.24365,0.7344085,0.30092168
43.2400004863739,102.367645,0.7348128,0.29848012
43.249998807907104,102.44765,0.7351496,0.29725936
43.26000094413757,102.50765,0.73541915,0.29725936
43.269999265670776,102.57565,0.735756,0.29603857
43.280001401901245,102.631645,0.7359581,0.29603857
43.28999972343445,102.61165,0.7360928,0.29603857
43.30000185966492,102.57565,0.7360928,0.29725936
43.31000018119812,102.57965,0.7360928,0.29848012
43.31999850273132,102.57565,0.73616016,0.29848012
43.33000063896179,102.56365,0.73616016,0.29970092
43.339998960494995,102.57165,0.73616016,0.30092168
43.350001096725464,102.591644,0.73616016,0.30214247
43.35999941825867,102.57565,0.73616016,0.30336323
43.370001554489136,102.54765,0.73616016,0.30458403
43.37999987602234,102.531654,0.73616016,0.3058048
43.38999819755554,102.48366,0.73616016,0.30702558
43.40000033378601,102.43965,0.73616016,0.30824634
43.409998655319214,102.431656,0.73616016,0.30946714
43.42000079154968,102.45165,0.7362276,0.30946714
43.429999113082886,102.47165,0.7362276,0.3106879
43.440001249313354,102.45965,0.7362276,0.3119087
43.44999957084656,102.43965,0.7362276,0.31312945
43.460001707077026,102.435646,0.7362949,0.31435025
43.47000002861023,102.39965,0.7362949,0.315571
43.47999835014343,102.34365,0.7362949,0.3167918
43.4900004863739,102.35565,0.7362949,0.31801257
43.499998807907104,102.363655,0.7362949,0.31801257
43.51000094413757,102.33165,0.7362949,0.32045412
43.519999265670776,102.33165,0.7362949,0.32045412
43.530001401901245,102.367645,0.7363623,0.3216749
43.53999972343445,102.35565,0.7364297,0.3216749
43.55000185966492,102.31565,0.7364297,0.32289568
43.56000018119812,102.31565,0.73649704,0.32411647
43.56999850273132,102.299644,0.73649704,0.32533723
43.58000063896179,102.28365,0.7365644,0.32655802
43.589998960494995,102.28365,0.7365644,0.32655802
43.600001096725464,102.31165,0.7365644,0.3277788
43.60999941825867,102.323654,0.73663175,0.32899958
43.620001554489136,102.307655,0.73663175,0.33022034
43.62999987602234,102.31565,0.73669916,0.33022034
43.63999819755554,102.295654,0.7367665,0.33144113
43.65000033378601,102.267654,0.7367665,0.3326619
43.659998655319214,102.24365,0.7369013,0.3326619
43.67000079154968,102.31965,0.73717076,0.33144113
43.679999113082886,102.37965,0.7374402,0.33144113
43.690001249313354,102.407646,0.7376423,0.33144113
43.69999957084656,102.44765,0.73784447,0.33144113
43.710001707077026,102.49565,0.73797923,0.33144113
43.72000002861023,102.53965,0.73824865,0.33022034
43.72999835014343,102.55565,0.7385182,0.33022034
43.7400004863739,102.631645,0.738855,0.3277788
43.749998807907104,102.71565,0.73939395,0.32655802
43.76000094413757,102.79165,0.73993295,0.32289568
43.769999265670776,102.951645,0.7405393,0.32045412
43.780001401901245,103.08765,0.7411456,0.3167918
43.78999972343445,103.23565,0.74175197,0.31435025
43.80000185966492,103.28765,0.7420888,0.31312945
43.81000018119812,103.34365,0.74222356,0.31312945
43.81999850273132,103.33565,0.74222356,0.31435025
43.83000063896179,103.311646,0.7422909,0.315571
43.839998960494995,103.30365,0.7422909,0.3167918
43.850001096725464,103.33565,0.7422909,0.31801257
43.85999941825867,103.31565,0.74235827,0.31801257
43.870001554489136,103.28765,0.74235827,0.31923336
43.87999987602234,103.299644,0.74235827,0.32045412
43.88999819755554,103.28765,0.7424256,0.3216749
43.90000033378601,103.26765,0.7424256,0.3216749
43.909998655319214,103.23565,0.74249303,0.32289568
43.92000079154968,103.23164,0.7425604,0.32411647
43.929999113082886,103.243645,0.7425604,0.32411647
43.940001249313354,103.25165,0.7425604,0.32655802
43.94999957084656,103.25165,0.7426278,0.32655802
43.960001707077026,103.25965,0.7426278,0.3277788
43.97000002861023,103.239655,0.74269515,0.3277788
43.97999835014343,103.215645,0.7427625,0.32899958
43.9900004863739,103.239655,0.7428299,0.33022034
43.999998807907104,103.22365,0.7428972,0.33022034
44.01000094413757,103.21965,0.7429646,0.33144113
44.019999265670776,103.23164,0.7430994,0.33144113
44.030001401901245,103.26765,0.7432341,0.33144113
44.03999972343445,103.279655,0.74336886,0.33144113
44.05000185966492,103.31965,0.7435709,0.33144113
44.06000018119812,103.35965,0.74384046,0.33144113
44.06999850273132,103.40365,0.7440425,0.33022034
44.08000063896179,103.42365,0.7442447,0.33022034
44.089998960494995,103.43965,0.7445141,0.33022034
44.100001096725464,103.49165,0.7446489,0.33022034
44.10999941825867,103.547646,0.7449184,0.32899958
44.120001554489136,103.591644,0.74525523,0.3277788
44.12999987602234,103.67565,0.7457268,0.32655802
44.13999819755554,103.811646,0.74626577,0.32289568
44.15000033378601,103.935646,0.74693954,0.32045412
44.159998655319214,104.03964,0.74754584,0.3167918
44.17000079154968,104.16364,0.74808484,0.31435025
44.179999113082886,104.23964,0.74835426,0.31312945
44.190001249313354,104.23164,0.74842167,0.31435025
44.19999957084656,104.20364,0.74842167,0.315571
44.210001707077026,104.23964,0.748489,0.3167918
44.22000002861023,104.23164,0.748489,0.3167918
44.22999835014343,104.23964,0.748489,0.31801257
44.2400004863739,104.23964,0.748489,0.31923336
44.249998807907104,104.227646,0.748489,0.32045412
44.26000094413757,104.187645,0.748489,0.3216749
44.269999265670776,104.13965,0.74855644,0.32289568
44.280001401901245,104.147644,0.7486238,0.32289568
44.28999972343445,104.131645,0.7486238,0.32411647
44.30000185966492,104.13564,0.74869114,0.32533723
44.31000018119812,104.159645,0.74889326,0.32411647
44.31999850273132,104.199646,0.7489606,0.32533723
44.33000063896179,104.22364,0.7489606,0.32655802
44.339998960494995,104.199646,0.749028,0.3277788
44.350001096725464,104.187645,0.7490954,0.3277788
44.35999941825867,104.199646,0.74936485,0.3277788
44.370001554489136,104.215645,0.7496343,0.32655802
44.37999987602234,104.255646,0.7499038,0.32655802
44.38999819755554,104.34764,0.75017333,0.32533723
44.40000033378601,104.43165,0.7505775,0.32411647
44.409998655319214,104.51564,0.7510491,0.3216749
44.42000079154968,104.64764,0.7517228,0.31801257
44.429999113082886,104.81965,0.75259864,0.31312945
44.440001249313354,105.02364,0.7536766,0.30702558
44.44999957084656,105.231636,0.7548219,0.29970092
44.460001707077026,105.479645,0.75583243,0.2948178
44.47000002861023,105.60364,0.756304,0.29237625
44.47999835014343,105.63164,0.75650615,0.29237625
44.4900004863739,105.65964,0.75657356,0.29237625
44.499998807907104,105.69563,0.75657356,0.293597
44.51000094413757,105.69563,0.7566409,0.2948178
44.519999265670776,105.66764,0.7566409,0.2948178
44.530001401901245,105.65964,0.7566409,0.29603857
44.53999972343445,105.64364,0.7566409,0.29725936
44.55000185966492,105.59564,0.7566409,0.29848012
44.56000018119812,105.56764,0.75670826,0.29970092
44.56999850273132,105.55965,0.75670826,0.30092168
44.58000063896179,105.54364,0.75670826,0.30214247
44.589998960494995,105.535645,0.75670826,0.30336323
44.600001096725464,105.56764,0.75670826,0.30458403
44.60999941825867,105.57164,0.75670826,0.3058048
44.620001554489136,105.519646,0.7567756,0.3058048
44.62999987602234,105.48764,0.7567756,0.30702558
44.63999819755554,105.46764,0.7567756,0.30824634
44.65000033378601,105.43564,0.7567756,0.30946714
44.659998655319214,105.41564,0.7567756,0.3106879
44.67000079154968,105.439644,0.7567756,0.3119087
44.679999113082886,105.443634,0.7567756,0.31312945
44.690001249313354,105.43164,0.756843,0.31312945
44.69999957084656,105.41564,0.756843,0.31435025
44.710001707077026,105.42764,0.756843,0.315571
44.72000002861023,105.39964,0.7569104,0.3167918
44.72999835014343,105.36764,0.7569104,0.31801257
44.7400004863739,105.33964,0.75697774,0.31801257
44.749998807907104,105.35964,0.75704515,0.31923336
44.76000094413757,105.37964,0.7572472,0.31923336
44.769999265670776,105.439644,0.75751674,0.31801257
44.780001401901245,105.519646,0.7579209,0.3167918
44.78999972343445,105.64764,0.75845987,0.31435025
44.80000185966492,105.73964,0.75913364,0.3106879
44.81000018119812,105.86364,0.75987464,0.30702558
44.81999850273132,106.02763,0.76061577,0.30214247
44.83000063896179,106.17564,0.7614242,0.29848012
44.839998960494995,106.29164,0.7619631,0.29603857
44.850001096725464,106.36764,0.7621653,0.2948178
44.85999941825867,106.40363,0.7621653,0.29603857
44.870001554489136,106.387634,0.76223266,0.29725936
44.87999987602234,106.39564,0.76223266,0.29848012
44.88999819755554,106.41964,0.7623,0.29848012
44.90000033378601,106.387634,0.7623,0.29970092
44.909998655319214,106.35564,0.7623,0.30092168
44.92000079154968,106.287636,0.7623,0.30214247
44.929999113082886,106.29964,0.7623,0.30336323
44.940001249313354,106.27963,0.7623,0.30458403
44.94999957084656,106.28364,0.7623,0.3058048
44.960001707077026,106.27963,0.7623,0.30702558
44.97000002861023,106.28364,0.7623,0.30824634
44.97999835014343,106.24764,0.7623,0.30946714
44.9900004863739,106.22364,0.7623,0.3106879
44.999998807907104,106.203636,0.7623674,0.3106879
45.01000094413757,106.17964,0.7623674,0.3119087
45.019999265670776,106.131645,0.7623674,0.31312945
45.030001401901245,106.159645,0.7624348,0.31435025
45.03999972343445,106.191635,0.76250213,0.31435025
45.05000185966492,106.191635,0.7625695,0.315571
45.06000018119812,106.18364,0.7626369,0.3167918
45.06999850273132,106.20764,0.7627716,0.3167918
45.08000063896179,106.199646,0.762839,0.3167918
45.089998960494995,106.17164,0.7629064,0.31801257
45.100001096725464,106.18764,0.7630411,0.31801257
45.10999941825867,106.22364,0.76317585,0.31801257
45.120001554489136,106.259636,0.7634454,0.31801257
45.12999987602234,106.31164,0.76384956,0.3167918
45.13999819755554,106.43564,0.76432115,0.31435025
45.15000033378601,106.523636,0.76499486,0.3106879
45.159998655319214,106.71164,0.7658707,0.3058048
45.17000079154968,106.92364,0.7668812,0.29970092
45.179999113082886,107.13163,0.76789176,0.293597
45.190001249313354,107.28364,0.76856554,0.2899347
45.19999957084656,107.35164,0.76890236,0.2887139
45.210001707077026,107.399635,0.7690371,0.2887139
45.22000002861023,107.427635,0.7690371,0.29115546
45.22999835014343,107.43563,0.76917183,0.29115546
45.2400004863739,107.45964,0.7693066,0.29115546
45.249998807907104,107.483635,0.76950866,0.29115546
45.26000094413757,107.48763,0.7696434,0.29115546
45.269999265670776,107.495636,0.7697782,0.29115546
45.280001401901245,107.53564,0.77004766,0.2899347
45.28999972343445,107.57564,0.77045184,0.2887139
45.30000185966492,107.64364,0.77085614,0.28627235
45.31000018119812,107.70363,0.7712603,0.28505158
45.31999850273132,107.82363,0.77166456,0.2838308
45.33000063896179,107.93564,0.77213615,0.28138924
45.339998960494995,108.03163,0.7727425,0.27894768
45.350001096725464,108.15563,0.77328146,0.27650613
45.35999941825867,108.20363,0.7736183,0.27528536
45.370001554489136,108.17564,0.7736857,0.27528536
45.37999987602234,108.16763,0.7736857,0.27650613
45.38999819755554,108.15964,0.7736857,0.27772692
45.40000033378601,108.17564,0.7736857,0.27894768
45.409998655319214,108.15964,0.7736857,0.28016847
45.42000079154968,108.15163,0.7736857,0.28138924
45.429999113082886,108.15563,0.7736857,0.28261003
45.440001249313354,108.11964,0.7736857,0.2838308
45.44999957084656,108.07563,0.7736857,0.28505158
45.460001707077026,108.051636,0.7736857,0.28627235
45.47000002861023,108.02363,0.7736857,0.28627235
45.47999835014343,107.97564,0.7736857,0.2887139
45.4900004863739,107.971634,0.7736857,0.2887139
45.499998807907104,108.02363,0.7736857,0.29115546
45.51000094413757,108.03563,0.7736857,0.29115546
45.519999265670776,107.99963,0.7736857,0.29237625
45.530001401901245,107.95563,0.7736857,0.293597
45.53999972343445,107.91163,0.7736857,0.2948178
45.55000185966492,107.88364,0.7736857,0.29603857
45.56000018119812,107.85163,0.7736857,0.29725936
45.56999850273132,107.86363,0.7736857,0.29848012
45.58000063896179,107.85963,0.77375305,0.29970092
45.589998960494995,107.843636,0.77375305,0.30092168
45.600001096725464,107.85163,0.77375305,0.30214247
45.60999941825867,107.85963,0.7738204,0.30214247
45.620001554489136,107.82363,0.7738204,0.30336323
45.62999987602234,107.77963,0.7738204,0.30458403
45.63999819755554,107.75563,0.7738204,0.3058048
45.65000033378601,107.75164,0.7738878,0.3058048
45.659998655319214,107.747635,0.7738878,0.30702558
45.67000079154968,107.76763,0.77395517,0.30824634
45.679999113082886,107.803635,0.7740226,0.30824634
45.690001249313354,107.787636,0.77408993,0.30946714
45.69999957084656,107.759636,0.77408993,0.3106879
45.710001707077026,107.73963,0.77408993,0.3119087
45.72000002861023,107.69963,0.7741573,0.3119087
45.72999835014343,107.69563,0.7741573,0.31435025
45.7400004863739,107.68763,0.77422464,0.31435025
45.749998807907104,107.69963,0.77422464,0.315571
45.76000094413757,107.70363,0.77422464,0.3167918
45.769999265670776,107.69563,0.774292,0.31801257
45.780001401901245,107.735634,0.7744942,0.3167918
45.78999972343445,107.77163,0.7746289,0.31801257
45.80000185966492,107.775635,0.7747636,0.31801257
45.81000018119812,107.75164,0.77489835,0.31801257
45.81999850273132,107.71563,0.77489835,0.31923336
45.83000063896179,107.747635,0.77496576,0.31923336
45.839998960494995,107.77963,0.77510047,0.32045412
45.850001096725464,107.803635,0.7751679,0.32045412
45.85999941825867,107.86764,0.7753026,0.32045412
45.870001554489136,107.85163,0.77536994,0.3216749
45.87999987602234,107.82764,0.7755047,0.3216749
45.88999819755554,107.82764,0.7757068,0.3216749
45.90000033378601,107.85963,0.7759089,0.3216749
45.909998655319214,107.89963,0.77624583,0.32045412
45.92000079154968,107.97963,0.77671736,0.31801257
45.929999113082886,108.11563,0.7773237,0.31435025
45.940001249313354,108.28763,0.7780648,0.3119087
45.94999957084656,108.47163,0.7788059,0.30702558
45.960001707077026,108.59963,0.7795469,0.30336323
45.97000002861023,108.72763,0.7800859,0.30092168
45.97999835014343,108.763626,0.78028804,0.30092168
45.9900004863739,108.723625,0.7804228,0.30092168
45.999998807907104,108.73563,0.7804228,0.30214247
46.01000094413757,108.77563,0.7804228,0.30214247
46.019999265670776,108.78363,0.78049016,0.30336323
46.030001401901245,108.78763,0.78049016,0.30458403
46.03999972343445,108.80363,0.78049016,0.3058048
46.05000185966492,108.76763,0.78055745,0.3058048
46.06000018119812,108.73963,0.78062487,0.30702558
46.06999850273132,108.695625,0.78062487,0.30824634
46.08000063896179,108.68763,0.78062487,0.30946714
46.089998960494995,108.655624,0.7806922,0.3106879
46.100001096725464,108.64763,0.7806922,0.3106879
46.10999941825867,108.691635,0.78075963,0.3119087
46.120001554489136,108.72763,0.7808944,0.3119087
46.12999987602234,108.73563,0.78096175,0.31312945
46.13999819755554,108.719635,0.7810291,0.31312945
46.15000033378601,108.723625,0.78109646,0.31435025
46.159998655319214,108.65963,0.7811638,0.31435025
46.17000079154968,108.63563,0.7812986,0.315571
46.179999113082886,108.67563,0.78143334,0.315571
46.190001249313354,108.73563,0.78156805,0.315571
46.19999957084656,108.759636,0.78156805,0.3167918
46.210001707077026,108.73963,0.7816354,0.3167918
46.22000002861023,108.763626,0.7817028,0.31801257
46.22999835014343,108.74363,0.78177017,0.31801257
46.2400004863739,108.70763,0.7818375,0.31923336
46.249998807907104,108.695625,0.78190494,0.32045412
46.26000094413757,108.71163,0.7820397,0.32045412
46.269999265670776,108.731636,0.78224176,0.32045412
46.280001401901245,108.791626,0.7825113,0.31923336
46.28999972343445,108.86363,0.7827807,0.31801257
46.30000185966492,108.947624,0.78305024,0.31801257
46.31000018119812,108.99563,0.78338706,0.3167918
46.31999850273132,109.01963,0.7837913,0.315571
46.33000063896179,109.09563,0.78419554,0.31435025
46.339998960494995,109.14363,0.7845998,0.3119087
46.350001096725464,109.22762,0.7850714,0.30946714
46.35999941825867,109.36763,0.7856777,0.30702558
46.370001554489136,109.499626,0.786284,0.30336323
46.37999987602234,109.60363,0.78662086,0.30214247
46.38999819755554,109.66362,0.78682303,0.30214247
46.40000033378601,109.67963,0.7868903,0.30214247
46.409998655319214,109.667625,0.7869577,0.30336323
46.42000079154968,109.61562,0.7870251,0.30458403
46.429999113082886,109.61562,0.78709245,0.30458403
46.440001249313354,109.60763,0.78715986,0.3058048
46.44999957084656,109.62362,0.7872272,0.3058048
46.460001707077026,109.64763,0.7872946,0.30702558
46.47000002861023,109.68763,0.7874293,0.30702558
46.47999835014343,109.69162,0.7874967,0.30824634
46.4900004863739,109.655624,0.78763145,0.30824634
46.499998807907104,109.63163,0.7876988,0.30824634
46.51000094413757,109.66362,0.7878336,0.30946714
46.519999265670776,109.655624,0.7879009,0.30946714
46.530001401901245,109.64763,0.7879683,0.3106879
46.53999972343445,109.68763,0.7881704,0.3106879
46.55000185966492,109.74763,0.78830516,0.3106879
46.56000018119812,109.77563,0.78857464,0.30946714
46.56999850273132,109.819626,0.7889115,0.30824634
46.58000063896179,109.90762,0.7893157,0.30702558
46.589998960494995,109.97163,0.7898547,0.30458403
46.600001096725464,110.05963,0.7905284,0.30092168
46.60999941825867,110.195625,0.7911347,0.29725936
46.620001554489136,110.335625,0.7918084,0.2948178
46.62999987602234,110.47962,0.7924148,0.29115546
46.63999819755554,110.60363,0.7929537,0.2887139
46.65000033378601,110.69962,0.7932232,0.28749314
46.659998655319214,110.70362,0.7933579,0.2887139
46.67000079154968,110.66362,0.7934253,0.2887139
46.679999113082886,110.683624,0.79362744,0.2887139
46.690001249313354,110.71162,0.79376215,0.2887139
46.69999957084656,110.723625,0.79376215,0.2899347
46.710001707077026,110.683624,0.79376215,0.29115546
46.72000002861023,110.70362,0.7938295,0.29237625
46.72999835014343,110.70362,0.7938969,0.29237625
46.7400004863739,110.69962,0.79396427,0.293597
46.749998807907104,110.69163,0.7940317,0.293597
46.76000094413757,110.71963,0.7941664,0.2948178
46.769999265670776,110.70362,0.79443586,0.293597
46.780001401901245,110.73563,0.7947054,0.29237625
46.78999972343445,110.80762,0.7950422,0.29115546
46.80000185966492,110.89962,0.7954464,0.2899347
46.81000018119812,110.963615,0.7958507,0.2887139
46.81999850273132,111.01962,0.7961875,0.28627235
46.83000063896179,111.09562,0.79659176,0.28505158
46.839998960494995,111.16362,0.79699594,0.2838308
46.850001096725464,111.21962,0.79740024,0.28261003
46.85999941825867,111.32762,0.7979392,0.28016847
46.870001554489136,111.43162,0.7984108,0.27772692
46.87999987602234,111.507614,0.79881495,0.27528536
46.88999819755554,111.535614,0.7990844,0.27528536
46.90000033378601,111.587616,0.7992192,0.27528536
46.909998655319214,111.59162,0.7992192,0.27650613
46.92000079154968,111.575615,0.79928654,0.27650613
46.929999113082886,111.531624,0.79928654,0.27894768
46.940001249313354,111.55162,0.79928654,0.27894768
46.94999957084656,111.503624,0.79928654,0.28138924
46.960001707077026,111.48762,0.79928654,0.28138924
46.97000002861023,111.47162,0.79935396,0.28261003
46.97999835014343,111.49562,0.79935396,0.2838308
46.9900004863739,111.45962,0.79935396,0.28505158
46.999998807907104,111.42762,0.79935396,0.28627235
47.01000094413757,111.41962,0.7994213,0.28627235
47.019999265670776,111.39162,0.7994213,0.28749314
47.030001401901245,111.39162,0.7994213,0.2887139
47.03999972343445,111.36362,0.7994213,0.2899347
47.05000185966492,111.34762,0.7994213,0.29115546
47.06000018119812,111.33163,0.7994887,0.29237625
47.06999850273132,111.31562,0.7994887,0.29237625
47.08000063896179,111.29962,0.7994887,0.2948178
47.089998960494995,111.29962,0.7994887,0.2948178
47.100001096725464,111.267624,0.7994887,0.29603857
47.10999941825867,111.23562,0.7994887,0.29725936
47.120001554489136,111.24762,0.7994887,0.29848012
47.12999987602234,111.22762,0.7995561,0.29970092
47.13999819755554,111.19162,0.7995561,0.30092168
47.15000033378601,111.20762,0.7995561,0.30214247
47.159998655319214,111.18762,0.7996234,0.30214247
47.17000079154968,111.183624,0.7996234,0.30336323
47.179999113082886,111.15962,0.7996234,0.30458403
47.190001249313354,111.17162,0.7996234,0.3058048
47.19999957084656,111.16762,0.79975814,0.3058048
47.210001707077026,111.155624,0.7998929,0.3058048
47.22000002861023,111.17162,0.7999603,0.30702558
47.22999835014343,111.195625,0.80002767,0.30824634
47.2400004863739,111.17962,0.8001624,0.30824634
47.249998807907104,111.19162,0.80029714,0.30824634
47.26000094413757,111.24762,0.80049926,0.30824634
47.269999265670776,111.255615,0.800634,0.30824634
47.280001401901245,111.255615,0.8008361,0.30824634
47.28999972343445,111.295616,0.8010382,0.30824634
47.30000185966492,111.37962,0.80137503,0.3058048
47.31000018119812,111.40362,0.8017119,0.3058048
47.31999850273132,111.447624,0.8020488,0.30458403
47.33000063896179,111.535614,0.8023856,0.30336323
47.339998960494995,111.61962,0.8028572,0.30092168
47.350001096725464,111.68762,0.80326146,0.29970092
47.35999941825867,111.767624,0.8036657,0.29725936
47.370001554489136,111.903625,0.80427206,0.2948178
47.37999987602234,112.00762,0.804811,0.29237625
47.38999819755554,112.07961,0.8052826,0.2899347
47.40000033378601,112.13562,0.80555207,0.2887139
47.409998655319214,112.17562,0.8056194,0.2899347
47.42000079154968,112.13962,0.8056868,0.29115546
47.429999113082886,112.131615,0.8056868,0.29115546
47.440001249313354,112.13962,0.8056868,0.29237625
47.44999957084656,112.13962,0.8056868,0.293597
47.460001707077026,112.11961,0.8056868,0.2948178
47.47000002861023,112.10362,0.8057542,0.29603857
47.47999835014343,112.10362,0.8057542,0.29725936
47.4900004863739,112.06762,0.8057542,0.29848012
47.499998807907104,112.03562,0.8057542,0.29970092
47.51000094413757,112.01962,0.8057542,0.30092168
47.519999265670776,112.01562,0.80582154,0.30092168
47.530001401901245,111.98762,0.80582154,0.30214247
47.53999972343445,111.98762,0.80582154,0.30336323
47.55000185966492,112.01161,0.80588895,0.30458403
47.56000018119812,111.99962,0.80588895,0.30458403
47.56999850273132,111.94363,0.80588895,0.3058048
47.58000063896179,111.93162,0.80588895,0.30702558
47.589998960494995,111.91562,0.80588895,0.30824634
47.600001096725464,111.91562,0.80595624,0.30946714
47.60999941825867,111.88762,0.80602366,0.3106879
47.620001554489136,111.89962,0.806091,0.3106879
47.62999987602234,111.91562,0.80615836,0.3119087
47.63999819755554,111.93162,0.80615836,0.3119087
47.65000033378601,111.89962,0.8062258,0.31312945
47.659998655319214,111.923615,0.80629313,0.31435025
47.67000079154968,111.895615,0.8064279,0.31435025
47.679999113082886,111.89162,0.8065626,0.31435025
47.690001249313354,111.907616,0.80662996,0.315571
47.69999957084656,111.94762,0.8067647,0.315571
47.710001707077026,111.96762,0.80696684,0.315571
47.72000002861023,111.97562,0.80716896,0.31435025
47.72999835014343,112.05161,0.8073711,0.31435025
47.7400004863739,112.09161,0.80764055,0.31435025
47.749998807907104,112.12362,0.80791,0.31312945
47.76000094413757,112.159615,0.80831426,0.3119087
47.769999265670776,112.255615,0.80878586,0.30946714
47.780001401901245,112.351616,0.8093922,0.3058048
47.78999972343445,112.463615,0.8099985,0.30336323
47.80000185966492,112.62762,0.8106723,0.30092168
47.81000018119812,112.76362,0.8112112,0.29725936
47.81999850273132,112.84761,0.8116154,0.29603857
47.83000063896179,112.87561,0.8118175,0.2948178
47.839998960494995,112.88761,0.8118175,0.29603857
47.850001096725464,112.85962,0.8118849,0.29725936
47.85999941825867,112.83561,0.8119523,0.29848012
47.870001554489136,112.87162,0.81201965,0.29848012
47.87999987602234,112.88362,0.81201965,0.29970092
47.88999819755554,112.85962,0.81201965,0.30092168
47.90000033378601,112.81562,0.812087,0.30214247
47.909998655319214,112.823616,0.812087,0.30214247
47.92000079154968,112.799614,0.812087,0.30458403
47.929999113082886,112.76761,0.812087,0.30458403
47.940001249313354,112.73161,0.812087,0.3058048
47.94999957084656,112.73562,0.812087,0.30702558
47.960001707077026,112.71961,0.812087,0.30824634
47.97000002861023,112.69962,0.812087,0.30946714
47.97999835014343,112.727615,0.812087,0.3106879
47.9900004863739,112.71162,0.812087,0.3119087
47.999998807907104,112.67561,0.812087,0.31312945
48.01000094413757,112.63162,0.812087,0.31435025
48.019999265670776,112.62762,0.8121544,0.31435025
48.030001401901245,112.615616,0.8121544,0.3167918
48.03999972343445,112.575615,0.8121544,0.3167918
48.05000185966492,112.57962,0.8121544,0.31801257
48.06000018119812,112.615616,0.81222177,0.31923336
48.06999850273132,112.59962,0.8122892,0.32045412
48.08000063896179,112.58361,0.8123565,0.32045412
48.089998960494995,112.59962,0.8124238,0.3216749
48.100001096725464,112.587616,0.81249124,0.3216749
48.10999941825867,112.55162,0.81249124,0.32289568
48.120001554489136,112.53962,0.81249124,0.32411647
48.12999987602234,112.55561,0.81249124,0.32533723
48.13999819755554,112.54362,0.8125586,0.32655802
48.15000033378601,112.52362,0.8125586,0.32655802
48.159998655319214,112.53162,0.8125586,0.3277788
48.17000079154968,112.52362,0.8125586,0.32899958
48.179999113082886,112.49962,0.812626,0.33022034
48.190001249313354,112.47162,0.812626,0.33144113
48.19999957084656,112.45962,0.812626,0.3326619
48.210001707077026,112.447624,0.81269336,0.3338827
48.22000002861023,112.43961,0.81269336,0.3338827
48.22999835014343,112.46761,0.8128281,0.3338827
48.2400004863739,112.491615,0.8130302,0.3338827
48.249998807907104,112.51561,0.81316495,0.3338827
48.26000094413757,112.52762,0.81336707,0.3338827
48.269999265670776,112.57162,0.81363654,0.3338827
48.280001401901245,112.62762,0.81397337,0.3326619
48.28999972343445,112.671616,0.81444496,0.33022034
48.30000185966492,112.811615,0.8151187,0.32655802
48.31000018119812,112.98361,0.81599456,0.3216749
48.31999850273132,113.20362,0.81693774,0.3167918
48.33000063896179,113.37961,0.8178809,0.3119087
48.339998960494995,113.547615,0.81855464,0.30824634
48.350001096725464,113.61961,0.81868935,0.30824634
48.35999941825867,113.57961,0.81868935,0.30824634
48.370001554489136,113.55161,0.81868935,0.3106879
48.37999987602234,113.56761,0.81868935,0.3106879
48.38999819755554,113.56361,0.81868935,0.3119087
48.40000033378601,113.559616,0.81868935,0.31312945
48.409998655319214,113.547615,0.81868935,0.31435025
48.42000079154968,113.55561,0.81868935,0.315571
48.429999113082886,113.52761,0.81868935,0.3167918
48.440001249313354,113.47161,0.81868935,0.31801257
48.44999957084656,113.43961,0.81868935,0.31923336
48.460001707077026,113.41562,0.81868935,0.32045412
48.47000002861023,113.39161,0.81868935,0.3216749
48.47999835014343,113.40761,0.8187567,0.3216749
48.4900004863739,113.41562,0.8187567,0.32411647
48.499998807907104,113.41961,0.8187567,0.32411647
48.51000094413757,113.395615,0.8187567,0.32533723
48.519999265670776,113.36362,0.8187567,0.32655802
48.530001401901245,113.33161,0.81882405,0.3277788
48.53999972343445,113.31161,0.81889147,0.3277788
48.55000185966492,113.31962,0.81902623,0.3277788
48.56000018119812,113.327614,0.8190936,0.32899958
48.56999850273132,113.33562,0.8190936,0.33022034
48.58000063896179,113.33961,0.819161,0.33144113
48.589998960494995,113.37961,0.81929564,0.33144113
48.600001096725464,113.43161,0.8196326,0.33022034
48.60999941825867,113.47562,0.82003677,0.3277788
48.620001554489136,113.55161,0.8207779,0.32533723
48.62999987602234,113.755615,0.82192314,0.31801257
48.63999819755554,114.04361,0.8234053,0.30946714
48.65000033378601,114.40761,0.8250896,0.29848012
48.659998655319214,114.755615,0.82630223,0.29115546
48.67000079154968,114.95961,0.8272454,0.28505158
48.679999113082886,115.17961,0.82825595,0.28016847
48.690001249313354,115.37561,0.829536,0.2728438
48.69999957084656,115.675606,0.8308161,0.26429835
48.710001707077026,115.883606,0.8316245,0.26063603
48.72000002861023,115.91961,0.8317593,0.25941524
48.72999835014343,115.91961,0.8317593,0.26063603
48.7400004863739,115.9116,0.8317593,0.2618568
48.749998807907104,115.89561,0.8317593,0.2630776
48.76000094413757,115.8876,0.8317593,0.26429835
48.769999265670776,115.86761,0.8317593,0.26551914
48.780001401901245,115.83161,0.8317593,0.2667399
48.78999972343445,115.7956,0.8317593,0.2679607
48.80000185966492,115.7556,0.8317593,0.26918146
48.81000018119812,115.74361,0.8317593,0.27040225
48.81999850273132,115.7276,0.8317593,0.27162302
48.83000063896179,115.64361,0.8317593,0.2728438
48.839998960494995,115.6596,0.8317593,0.27406457
48.850001096725464,115.6596,0.8317593,0.27528536
48.85999941825867,115.6516,0.8317593,0.27650613
48.870001554489136,115.62761,0.8317593,0.27772692
48.87999987602234,115.6116,0.8318267,0.27772692
48.88999819755554,115.55961,0.8318267,0.27894768
48.90000033378601,115.5036,0.8318267,0.28016847
48.909998655319214,115.4876,0.8318267,0.28138924
48.92000079154968,115.48361,0.8318267,0.28261003
48.929999113082886,115.4756,0.8318267,0.2838308
48.940001249313354,115.45161,0.8318267,0.28505158
48.94999957084656,115.46361,0.8318267,0.28627235
48.960001707077026,115.4356,0.8318267,0.28749314
48.97000002861023,115.39161,0.8318267,0.2887139
48.97999835014343,115.371605,0.8318267,0.2899347
48.9900004863739,115.35161,0.8318267,0.29115546
48.999998807907104,115.327614,0.8318267,0.29237625
49.01000094413757,115.28761,0.8318267,0.29237625
49.019999265670776,115.29561,0.83189404,0.293597
49.030001401901245,115.343605,0.83189404,0.2948178
49.03999972343445,115.299614,0.83189404,0.29603857
49.05000185966492,115.2636,0.83189404,0.29725936
49.06000018119812,115.24361,0.83196133,0.29848012
49.06999850273132,115.20761,0.83196133,0.29848012
49.08000063896179,115.175606,0.83196133,0.29970092
49.089998960494995,115.1956,0.83202875,0.30092168
49.100001096725464,115.21561,0.83202875,0.30214247
49.10999941825867,115.203606,0.8320961,0.30214247
49.120001554489136,115.16361,0.8320961,0.30336323
49.12999987602234,115.17161,0.8321635,0.30458403
49.13999819755554,115.1956,0.8322983,0.30458403
49.15000033378601,115.1836,0.8325677,0.30458403
49.159998655319214,115.20761,0.8328372,0.30336323
49.17000079154968,115.2916,0.8333088,0.30092168
49.179999113082886,115.40361,0.8340499,0.29725936
49.190001249313354,115.59161,0.83499306,0.29237625
49.19999957084656,115.8476,0.8362057,0.28505158
49.210001707077026,116.09561,0.83714896,0.27894768
49.22000002861023,116.18761,0.83741844,0.27894768
49.22999835014343,116.1636,0.83741844,0.28016847
49.2400004863739,116.1276,0.83741844,0.28138924
49.249998807907104,116.119606,0.83741844,0.28261003
49.26000094413757,116.10361,0.83741844,0.28261003
49.269999265670776,116.119606,0.83741844,0.2838308
49.280001401901245,116.12361,0.83741844,0.28505158
49.28999972343445,116.0876,0.83741844,0.28627235
49.30000185966492,116.04361,0.83741844,0.28749314
49.31000018119812,116.04361,0.8374858,0.2887139
49.31999850273132,115.9916,0.8374858,0.2899347
49.33000063896179,115.9436,0.8374858,0.29115546
49.339998960494995,115.9156,0.8374858,0.29237625
49.350001096725464,115.927605,0.8374858,0.29237625
49.35999941825867,115.9316,0.8374858,0.2948178
49.370001554489136,115.9156,0.8374858,0.2948178
49.37999987602234,115.94761,0.83755314,0.29603857
49.38999819755554,115.89561,0.83755314,0.29725936
49.40000033378601,115.855606,0.83762056,0.29848012
49.409998655319214,115.81161,0.83762056,0.29848012
49.42000079154968,115.81161,0.8376879,0.29970092
49.429999113082886,115.8076,0.8376879,0.30092168
49.440001249313354,115.7796,0.8376879,0.30214247
49.44999957084656,115.82761,0.83775526,0.30214247
49.460001707077026,115.8076,0.83775526,0.30336323
49.47000002861023,115.81161,0.83775526,0.30458403
49.47999835014343,115.7556,0.83775526,0.3058048
49.4900004863739,115.7396,0.83775526,0.30702558
49.499998807907104,115.6876,0.83775526,0.30824634
49.51000094413757,115.65561,0.83775526,0.30946714
49.519999265670776,115.64361,0.8378226,0.3106879
49.530001401901245,115.691605,0.8378226,0.3119087
49.53999972343445,115.703606,0.83789,0.3119087
49.55000185966492,115.691605,0.83789,0.31312945
49.56000018119812,115.68361,0.83802474,0.31312945
49.56999850273132,115.6596,0.83809215,0.31435025
49.58000063896179,115.64361,0.8381595,0.31435025
49.589998960494995,115.59961,0.8382269,0.315571
49.600001096725464,115.63161,0.8382942,0.3167918
49.60999941825867,115.62761,0.83836156,0.3167918
49.620001554489136,115.635605,0.8384963,0.3167918
49.62999987602234,115.703606,0.8386311,0.31801257
49.63999819755554,115.74361,0.83890057,0.3167918
49.65000033378601,115.787605,0.8393048,0.31435025
49.659998655319214,115.8876,0.8399785,0.3119087
49.67000079154968,116.0716,0.84098905,0.3058048
49.679999113082886,116.2716,0.84213436,0.29970092
49.690001249313354,116.49161,0.8431449,0.29237625
49.69999957084656,116.6396,0.8436165,0.29115546
49.710001707077026,116.719604,0.8436839,0.29115546
49.72000002861023,116.6956,0.8436839,0.29237625
49.72999835014343,116.6596,0.8436839,0.293597
49.7400004863739,116.6516,0.8436839,0.2948178
49.749998807907104,116.6396,0.8436839,0.29603857
49.76000094413757,116.595604,0.8436839,0.29725936
49.769999265670776,116.5636,0.8436839,0.29848012
49.780001401901245,116.5636,0.8436839,0.29970092
49.78999972343445,116.5156,0.8436839,0.30092168
49.80000185966492,116.5036,0.8436839,0.30214247
49.81000018119812,116.4996,0.8436839,0.30336323
49.81999850273132,116.4956,0.8436839,0.30458403
49.83000063896179,116.4756,0.8436839,0.3058048
49.839998960494995,116.4356,0.84375125,0.3058048
49.850001096725464,116.4356,0.84375125,0.30702558
49.85999941825867,116.4076,0.84375125,0.30824634
49.870001554489136,116.37561,0.84375125,0.30946714
49.87999987602234,116.383606,0.84375125,0.3106879
49.88999819755554,116.3636,0.84375125,0.3119087
49.90000033378601,116.33561,0.84375125,0.31312945
49.909998655319214,116.32761,0.84375125,0.31435025
49.92000079154968,116.331604,0.84375125,0.315571
49.929999113082886,116.3116,0.84375125,0.3167918
49.940001249313354,116.2716,0.84381866,0.3167918
49.94999957084656,116.26761,0.84381866,0.31801257
49.960001707077026,116.2516,0.84381866,0.31923336
49.97000002861023,116.2316,0.84381866,0.32045412
49.97999835014343,116.219604,0.843886,0.3216749
49.9900004863739,116.2356,0.8439534,0.3216749
49.999998807907104,116.247604,0.8440208,0.32289568
50.01000094413757,116.22761,0.84408814,0.32411647
50.019999265670776,116.23961,0.8442902,0.32411647
50.030001401901245,116.2716,0.8444924,0.32289568
50.03999972343445,116.2836,0.84469444,0.32289568
50.05000185966492,116.30761,0.8450313,0.3216749
50.06000018119812,116.4036,0.8455029,0.32045412
50.06999850273132,116.5276,0.8461093,0.3167918
50.08000063896179,116.6876,0.84705245,0.3119087
50.089998960494995,116.8956,0.84799564,0.3058048
50.100001096725464,117.1276,0.8490062,0.29970092
50.10999941825867,117.251595,0.8496799,0.29603857
50.120001554489136,117.315605,0.84994936,0.29603857
50.12999987602234,117.3236,0.84994936,0.29603857
50.13999819755554,117.3236,0.84994936,0.29848012
50.15000033378601,117.2996,0.84994936,0.29848012
50.159998655319214,117.287605,0.84994936,0.30092168
50.17000079154968,117.2996,0.84994936,0.30092168
50.179999113082886,117.2996,0.84994936,0.30214247
50.190001249313354,117.251595,0.84994936,0.30336323
50.19999957084656,117.2156,0.84994936,0.30458403
50.210001707077026,117.191605,0.84994936,0.3058048
50.22000002861023,117.1276,0.84994936,0.30702558
50.22999835014343,117.0956,0.84994936,0.30824634
50.2400004863739,117.1076,0.84994936,0.30946714
50.249998807907104,117.1196,0.84994936,0.3106879
50.26000094413757,117.1076,0.84994936,0.3119087
50.269999265670776,117.0996,0.84994936,0.31312945
50.280001401901245,117.0956,0.84994936,0.31435025
50.28999972343445,117.0316,0.84994936,0.315571
50.30000185966492,116.95961,0.84994936,0.3167918
50.31000018119812,116.9476,0.84994936,0.31801257
50.31999850273132,116.9716,0.8500167,0.31801257
50.33000063896179,116.967606,0.8500167,0.31923336
50.339998960494995,116.9356,0.8500167,0.32045412
50.350001096725464,116.9476,0.8500167,0.3216749
50.35999941825867,116.927605,0.8500167,0.32289568
50.370001554489136,116.8836,0.8500167,0.32411647
50.37999987602234,116.8636,0.8500167,0.32533723
50.38999819755554,116.8556,0.8500841,0.32655802
50.40000033378601,116.81161,0.8501515,0.32655802
50.409998655319214,116.8156,0.8502189,0.3277788
50.42000079154968,116.8356,0.85028625,0.3277788
50.429999113082886,116.8716,0.8503536,0.3277788
50.440001249313354,116.8556,0.8503536,0.33022034
50.44999957084656,116.8236,0.850421,0.33022034
50.460001707077026,116.8556,0.8506231,0.33022034
50.47000002861023,116.83961,0.85075784,0.33022034
50.47999835014343,116.8356,0.8508926,0.33022034
50.4900004863739,116.9036,0.851162,0.33022034
50.499998807907104,116.955605,0.85143155,0.32899958
50.51000094413757,117.0156,0.8517684,0.3277788
50.519999265670776,117.0796,0.8521726,0.32655802
50.530001401901245,117.1996,0.85271156,0.32411647
50.53999972343445,117.303604,0.8532505,0.3216749
50.55000185966492,117.387596,0.8539243,0.31801257
50.56000018119812,117.5636,0.85486746,0.31312945
50.56999850273132,117.7436,0.85567594,0.30824634
50.58000063896179,117.8676,0.85628223,0.30458403
50.589998960494995,117.9356,0.8565517,0.30458403
50.600001096725464,117.9916,0.85661906,0.30458403
50.60999941825867,117.987595,0.8566865,0.3058048
50.620001554489136,117.967606,0.8567538,0.3058048
50.62999987602234,117.9836,0.85682124,0.30702558
50.63999819755554,117.971596,0.85688853,0.30702558
50.65000033378601,117.931595,0.85688853,0.30824634
50.659998655319214,117.899605,0.85695595,0.30946714
50.67000079154968,117.903595,0.85695595,0.3106879
50.679999113082886,117.8956,0.85695595,0.3119087
50.690001249313354,117.8676,0.8570233,0.3119087
50.69999957084656,117.8676,0.85709065,0.31312945
50.710001707077026,117.8676,0.85709065,0.31435025
50.72000002861023,117.8396,0.85715806,0.31435025
50.72999835014343,117.8196,0.8572254,0.315571
50.7400004863739,117.831604,0.85729283,0.3167918
50.749998807907104,117.8276,0.8573602,0.3167918
50.76000094413757,117.8076,0.8574949,0.3167918
50.769999265670776,117.8116,0.85762966,0.31801257
50.780001401901245,117.8716,0.8578318,0.3167918
50.78999972343445,117.8876,0.8581686,0.3167918
50.80000185966492,117.959595,0.8586402,0.31435025
50.81000018119812,118.0916,0.85917914,0.3106879
50.81999850273132,118.195595,0.8597855,0.30824634
50.83000063896179,118.28759,0.8603245,0.3058048
50.839998960494995,118.3836,0.86086345,0.30336323
50.850001096725464,118.4676,0.86133504,0.30092168
50.85999941825867,118.53959,0.8616045,0.30092168
50.870001554489136,118.5356,0.86167186,0.30092168
50.87999987602234,118.53159,0.86167186,0.30214247
50.88999819755554,118.53159,0.86167186,0.30336323
50.90000033378601,118.53959,0.8617392,0.30458403
50.909998655319214,118.499596,0.8617392,0.30458403
50.92000079154968,118.4796,0.8617392,0.3058048
50.929999113082886,118.4716,0.8617392,0.30702558
50.940001249313354,118.4116,0.86180663,0.30824634
50.94999957084656,118.3996,0.86180663,0.30946714
50.960001707077026,118.40759,0.86180663,0.3106879
50.97000002861023,118.387596,0.861874,0.3106879
50.97999835014343,118.39559,0.8619414,0.3119087
50.9900004863739,118.3756,0.8619414,0.31312945
50.999998807907104,118.3716,0.8619414,0.31435025
51.01000094413757,118.3356,0.8619414,0.315571
51.019999265670776,118.28759,0.8619414,0.3167918
51.030001401901245,118.2836,0.86200875,0.3167918
51.03999972343445,118.2756,0.86207616,0.31801257
51.05000185966492,118.2716,0.86214346,0.31801257
51.06000018119812,118.2716,0.86214346,0.31923336
51.06999850273132,118.2756,0.8622108,0.32045412
51.08000063896179,118.2716,0.8622782,0.32045412
51.089998960494995,118.2556,0.8623456,0.3216749
51.100001096725464,118.2676,0.862413,0.3216749
51.10999941825867,118.251595,0.86254776,0.32289568
51.120001554489136,118.235596,0.8626151,0.32289568
51.12999987602234,118.2476,0.8627498,0.32411647
51.13999819755554,118.2716,0.8628846,0.32411647
51.15000033378601,118.3036,0.8630867,0.32411647
51.159998655319214,118.319595,0.8634235,0.3216749
51.17000079154968,118.4276,0.8639625,0.32045412
51.179999113082886,118.5636,0.86463624,0.3167918
51.190001249313354,118.7036,0.86557937,0.3106879
51.19999957084656,118.87159,0.86652255,0.3058048
51.210001707077026,119.08759,0.86739844,0.30092168
51.22000002861023,119.23159,0.86820686,0.29603857
51.22999835014343,119.3436,0.86861104,0.2948178
51.2400004863739,119.40359,0.8688132,0.2948178
51.249998807907104,119.3996,0.8688132,0.2948178
51.26000094413757,119.3716,0.8688132,0.29603857
51.269999265670776,119.363594,0.8688132,0.29725936
51.280001401901245,119.35559,0.86888057,0.29848012
51.28999972343445,119.3316,0.86888057,0.29970092
51.30000185966492,119.28759,0.86888057,0.30092168
51.31000018119812,119.27159,0.86888057,0.30214247
51.31999850273132,119.2476,0.86888057,0.30336323
51.33000063896179,119.21159,0.86888057,0.30458403
51.339998960494995,119.16359,0.86888057,0.3058048
51.350001096725464,119.195595,0.86888057,0.3058048
51.35999941825867,119.17559,0.86888057,0.30824634
51.370001554489136,119.127594,0.86888057,0.30824634
51.37999987602234,119.0956,0.86888057,0.30946714
51.38999819755554,119.0956,0.86888057,0.3106879
51.40000033378601,119.0516,0.86888057,0.3119087
51.409998655319214,119.00759,0.86888057,0.31312945
51.42000079154968,119.01959,0.8689479,0.31435025
51.429999113082886,119.0156,0.8689479,0.315571
51.440001249313354,119.00759,0.86901534,0.315571
51.44999957084656,118.987595,0.8690826,0.3167918
51.460001707077026,118.9956,0.8692174,0.3167918
51.47000002861023,119.00759,0.8694195,0.3167918
51.47999835014343,118.9956,0.86962163,0.3167918
51.4900004863739,119.0636,0.8699585,0.315571
51.499998807907104,119.15159,0.87049747,0.3119087
51.51000094413757,119.279594,0.8712385,0.30946714
51.519999265670776,119.41559,0.87191224,0.30458403
51.530001401901245,119.555595,0.87265337,0.30214247
51.53999972343445,119.6916,0.873327,0.29725936
51.55000185966492,119.8116,0.8740007,0.2948178
51.56000018119812,119.92359,0.8745397,0.29115546
51.56999850273132,119.9556,0.87474185,0.29115546
51.58000063896179,119.9556,0.87474185,0.29237625
51.589998960494995,119.915596,0.87474185,0.293597
51.600001096725464,119.919586,0.87474185,0.2948178
51.60999941825867,119.9276,0.87474185,0.29603857
51.620001554489136,119.89559,0.87474185,0.29725936
51.62999987602234,119.85559,0.87474185,0.29848012
51.63999819755554,119.835594,0.87474185,0.29970092
51.65000033378601,119.78759,0.8748092,0.29970092
51.659998655319214,119.73559,0.8748092,0.30092168
51.67000079154968,119.72359,0.8748092,0.30214247
51.679999113082886,119.72359,0.8748092,0.30336323
51.690001249313354,119.7036,0.87487656,0.30458403
51.69999957084656,119.6916,0.87487656,0.3058048
51.710001707077026,119.70759,0.87487656,0.3058048
51.72000002861023,119.6636,0.87487656,0.30824634
51.72999835014343,119.62759,0.8749439,0.30824634
51.7400004863739,119.60359,0.8749439,0.30946714
51.749998807907104,119.5676,0.8749439,0.3106879
51.76000094413757,119.555595,0.87501127,0.3106879
51.769999265670776,119.527596,0.8750787,0.3119087
51.780001401901245,119.56359,0.8750787,0.31312945
51.78999972343445,119.543594,0.8750787,0.31435025
51.80000185966492,119.527596,0.87514603,0.31435025
51.81000018119812,119.50759,0.87521344,0.315571
51.81999850273132,119.499596,0.8752808,0.3167918
51.83000063896179,119.47159,0.87534815,0.3167918
51.839998960494995,119.459595,0.8754155,0.31801257
51.850001096725464,119.46359,0.87548286,0.31801257
51.85999941825867,119.47159,0.87548286,0.31923336
51.870001554489136,119.45559,0.87555027,0.32045412
51.87999987602234,119.48359,0.87568504,0.32045412
51.88999819755554,119.4916,0.8757524,0.3216749
51.90000033378601,119.4796,0.87588716,0.3216749
51.909998655319214,119.44759,0.87602186,0.3216749
51.92000079154968,119.47159,0.87635875,0.32045412
51.929999113082886,119.555595,0.8767629,0.31923336
51.940001249313354,119.62759,0.8772345,0.3167918
51.94999957084656,119.73959,0.8778409,0.31312945
51.960001707077026,119.89959,0.87844723,0.3106879
51.97000002861023,120.00759,0.8790536,0.30702558
51.97999835014343,120.111595,0.87965983,0.30458403
51.9900004863739,120.179596,0.88006413,0.30336323
51.999998807907104,120.21959,0.88019884,0.30336323
52.01000094413757,120.195595,0.88019884,0.30458403
52.019999265670776,120.167595,0.88019884,0.3058048
52.030001401901245,120.18359,0.8802662,0.3058048
52.03999972343445,120.171585,0.8802662,0.30702558
52.05000185966492,120.171585,0.8802662,0.30824634
52.06000018119812,120.12359,0.8802662,0.30946714
52.06999850273132,120.12359,0.8803336,0.3106879
52.08000063896179,120.08759,0.8803336,0.3119087
52.089998960494995,120.01559,0.8803336,0.3119087
52.100001096725464,119.99959,0.8803336,0.31435025
52.10999941825867,119.98759,0.88040096,0.31435025
52.120001554489136,119.97959,0.88040096,0.315571
52.12999987602234,119.9836,0.88040096,0.3167918
52.13999819755554,119.97959,0.88040096,0.31801257
52.15000033378601,119.9956,0.8804683,0.31801257
52.159998655319214,119.91159,0.8804683,0.31923336
52.17000079154968,119.85559,0.8804683,0.32045412
52.179999113082886,119.85159,0.8805357,0.3216749
52.190001249313354,119.839584,0.8805357,0.32289568
52.19999957084656,119.8116,0.8805357,0.32411647
52.210001707077026,119.835594,0.8805357,0.32533723
52.22000002861023,119.835594,0.8806031,0.32533723
52.22999835014343,119.819595,0.8806705,0.32655802
52.2400004863739,119.80359,0.8807378,0.32655802
52.249998807907104,119.79559,0.8807378,0.3277788
52.26000094413757,119.75559,0.88087255,0.32899958
52.269999265670776,119.7316,0.8809399,0.32899958
52.280001401901245,119.73959,0.8810073,0.33022034
52.28999972343445,119.751595,0.8811421,0.33022034
52.30000185966492,119.76359,0.88120943,0.33022034
52.31000018119812,119.79959,0.8814115,0.33022034
52.31999850273132,119.84359,0.881681,0.33022034
52.33000063896179,119.85559,0.88181573,0.33022034
52.339998960494995,119.83159,0.8819505,0.33022034
52.350001096725464,119.82759,0.8821526,0.33022034
52.35999941825867,119.85559,0.8823547,0.33022034
52.370001554489136,119.86759,0.88248944,0.33022034
52.37999987602234,119.89959,0.882759,0.33022034
52.38999819755554,119.9836,0.8830958,0.3277788
52.40000033378601,120.08759,0.8835,0.32655802
52.409998655319214,120.18359,0.88410634,0.32289568
52.42000079154968,120.29159,0.8849148,0.31923336
52.429999113082886,120.463585,0.8856559,0.31435025
52.440001249313354,120.5676,0.8863296,0.3119087
52.44999957084656,120.61559,0.88673383,0.30946714
52.460001707077026,120.65959,0.88686854,0.3106879
52.47000002861023,120.67159,0.88686854,0.3106879
52.47999835014343,120.67159,0.88686854,0.3119087
52.4900004863739,120.64359,0.88686854,0.31312945
52.499998807907104,120.65159,0.88693595,0.31435025
52.51000094413757,120.61159,0.88693595,0.315571
52.519999265670776,120.55559,0.88693595,0.3167918
52.530001401901245,120.519585,0.88693595,0.31801257
52.53999972343445,120.491585,0.88693595,0.31801257
52.55000185966492,120.475586,0.8870033,0.31923336
52.56000018119812,120.45559,0.8870033,0.32045412
52.56999850273132,120.46759,0.8870033,0.3216749
52.58000063896179,120.47159,0.88707066,0.3216749
52.589998960494995,120.487595,0.8872054,0.32289568
52.600001096725464,120.49559,0.8874749,0.3216749
52.60999941825867,120.50759,0.88767695,0.3216749
52.620001554489136,120.451584,0.8878117,0.3216749
52.62999987602234,120.451584,0.88808125,0.3216749
52.63999819755554,120.53959,0.8884181,0.32045412
52.65000033378601,120.65959,0.8888897,0.31801257
52.659998655319214,120.755585,0.889496,0.315571
52.67000079154968,120.88758,0.89030445,0.3106879
52.679999113082886,121.11959,0.8913824,0.30458403
52.690001249313354,121.33159,0.89266247,0.29725936
52.69999957084656,121.52759,0.89380777,0.2899347
52.710001707077026,121.67959,0.8944141,0.28627235
52.72000002861023,121.71558,0.89468354,0.28627235
52.72999835014343,121.73559,0.89488566,0.28505158
52.7400004863739,121.75959,0.89502037,0.28627235
52.749998807907104,121.82759,0.89522254,0.28627235
52.76000094413757,121.879585,0.89542466,0.28505158
52.769999265670776,121.88758,0.89569414,0.28505158
52.780001401901245,121.90359,0.8959636,0.2838308
52.78999972343445,121.91559,0.89630044,0.28261003
52.80000185966492,121.923584,0.89663726,0.28138924
52.81000018119812,121.92758,0.8969742,0.28016847
52.81999850273132,121.99959,0.89731103,0.27894768
52.83000063896179,122.08358,0.8977152,0.27772692
52.839998960494995,122.19158,0.8982542,0.27528536
52.850001096725464,122.26758,0.8988605,0.27162302
52.85999941825867,122.40358,0.89926475,0.27040225
52.870001554489136,122.39958,0.8993995,0.27040225
52.87999987602234,122.32758,0.8993995,0.27162302
52.88999819755554,122.27959,0.8994669,0.2728438
52.90000033378601,122.25159,0.8994669,0.2728438
52.909998655319214,122.21958,0.8994669,0.27528536
52.92000079154968,122.21958,0.8994669,0.27528536
52.929999113082886,122.24358,0.8994669,0.27650613
52.940001249313354,122.21958,0.8994669,0.27772692
52.94999957084656,122.16358,0.8994669,0.27894768
52.960001707077026,122.11158,0.8994669,0.28016847
52.97000002861023,122.059586,0.8995342,0.28138924
52.97999835014343,121.97958,0.8995342,0.28261003
52.9900004863739,121.951584,0.8995342,0.2838308
52.999998807907104,121.97159,0.8995342,0.28505158
53.01000094413757,121.97958,0.8995342,0.28627235
53.019999265670776,121.96758,0.89960164,0.28627235
53.030001401901245,121.92758,0.89960164,0.28749314
53.03999972343445,121.92758,0.89960164,0.2887139
53.05000185966492,121.84759,0.89960164,0.2899347
53.06000018119812,121.783585,0.899669,0.29115546
53.06999850273132,121.739586,0.899669,0.29237625
53.08000063896179,121.73159,0.899669,0.29237625
53.089998960494995,121.727585,0.899669,0.2948178
53.100001096725464,121.71959,0.899669,0.2948178
53.10999941825867,121.727585,0.899669,0.29603857
53.120001554489136,121.687584,0.8997364,0.29725936
53.12999987602234,121.65159,0.8997364,0.29848012
53.13999819755554,121.58359,0.8997364,0.29970092
53.15000033378601,121.54359,0.8998037,0.29970092
53.159998655319214,121.52759,0.8998711,0.30092168
53.17000079154968,121.52359,0.89993846,0.30092168
53.179999113082886,121.53559,0.9000058,0.30214247
53.190001249313354,121.56758,0.90007323,0.30214247
53.19999957084656,121.55158,0.9001406,0.30336323
53.210001707077026,121.531586,0.90027535,0.30336323
53.22000002861023,121.49559,0.90027535,0.30458403
53.22999835014343,121.45559,0.90027535,0.3058048
53.2400004863739,121.39158,0.9003427,0.30702558
53.249998807907104,121.39158,0.9003427,0.30824634
53.26000094413757,121.367584,0.9003427,0.30946714
53.269999265670776,121.37559,0.9003427,0.3106879
53.280001401901245,121.37159,0.9003427,0.3119087
53.28999972343445,121.37559,0.9003427,0.3119087
53.30000185966492,121.32758,0.9003427,0.31312945
53.31000018119812,121.267586,0.90041006,0.31435025
53.31999850273132,121.24758,0.9004774,0.31435025
53.33000063896179,121.23159,0.9006122,0.315571
53.339998960494995,121.211586,0.9006796,0.315571
53.350001096725464,121.22359,0.9008143,0.3167918
53.35999941825867,121.267586,0.90088165,0.3167918
53.370001554489136,121.31558,0.90108377,0.3167918
53.37999987602234,121.32359,0.9013533,0.315571
53.38999819755554,121.37159,0.9017575,0.31435025
53.40000033378601,121.447586,0.9022965,0.3119087
53.409998655319214,121.519585,0.9030375,0.30824634
53.42000079154968,121.63558,0.90384597,0.30336323
53.429999113082886,121.87559,0.9049239,0.29725936
53.440001249313354,122.12358,0.90600187,0.29115546
53.44999957084656,122.29159,0.9066755,0.28749314
53.460001707077026,122.34359,0.90694505,0.28627235
53.47000002861023,122.35558,0.9070124,0.28749314
53.47999835014343,122.311584,0.9070798,0.28749314
53.4900004863739,122.30359,0.90721446,0.28749314
53.499998807907104,122.31959,0.90741664,0.28749314
53.51000094413757,122.33558,0.9075514,0.28749314
53.519999265670776,122.32758,0.90775347,0.28749314
53.530001401901245,122.33159,0.908023,0.28627235
53.53999972343445,122.407585,0.9083598,0.28627235
53.55000185966492,122.46758,0.90876406,0.2838308
53.56000018119812,122.479576,0.9091683,0.28261003
53.56999850273132,122.51158,0.9095725,0.28138924
53.58000063896179,122.60758,0.9101115,0.27894768
53.589998960494995,122.67558,0.91065043,0.27528536
53.600001096725464,122.78758,0.9112568,0.2728438
53.60999941825867,122.86758,0.9115936,0.27162302
53.620001554489136,122.87958,0.9115936,0.2728438
53.62999987602234,122.83158,0.9115936,0.27406457
53.63999819755554,122.771576,0.9115936,0.27528536
53.65000033378601,122.767586,0.9115936,0.27650613
53.659998655319214,122.727585,0.9115936,0.27772692
53.67000079154968,122.63958,0.9115936,0.27894768
53.679999113082886,122.65158,0.9115936,0.27894768
53.690001249313354,122.61159,0.9115936,0.28138924
53.69999957084656,122.58359,0.9115936,0.28138924
53.710001707077026,122.55958,0.9115936,0.28261003
53.72000002861023,122.51559,0.9115936,0.2838308
53.72999835014343,122.475586,0.9115936,0.28505158
53.7400004863739,122.435585,0.9115936,0.28627235
53.749998807907104,122.37558,0.9115936,0.28749314
53.76000094413757,122.367584,0.9115936,0.2887139
53.769999265670776,122.311584,0.9115936,0.2899347
53.780001401901245,122.283585,0.9115936,0.29115546
53.78999972343445,122.25958,0.9115936,0.29237625
53.80000185966492,122.21958,0.9115936,0.293597
53.81000018119812,122.17558,0.9115936,0.2948178
53.81999850273132,122.14758,0.9115936,0.29603857
53.83000063896179,122.11959,0.9115936,0.29725936
53.839998960494995,122.07959,0.9115936,0.29848012
53.850001096725464,122.031586,0.9115936,0.29970092
53.85999941825867,122.01558,0.9115936,0.30092168
53.870001554489136,121.98759,0.9115936,0.30092168
53.87999987602234,121.97958,0.9115936,0.30214247
53.88999819755554,121.90759,0.9115936,0.30336323
53.90000033378601,121.89958,0.9115936,0.30458403
53.909998655319214,121.87158,0.9115936,0.3058048
53.92000079154968,121.811584,0.9115936,0.30702558
53.929999113082886,121.79158,0.9115936,0.30824634
53.940001249313354,121.77158,0.9115936,0.30946714
53.94999957084656,121.739586,0.9115936,0.3106879
53.960001707077026,121.67558,0.9115936,0.3119087
53.97000002861023,121.66759,0.9115936,0.31312945
53.97999835014343,121.62759,0.9115936,0.31435025
53.9900004863739,121.603584,0.9115936,0.315571
53.999998807907104,121.57559,0.9115936,0.3167918
54.01000094413757,121.54759,0.9115936,0.31801257
54.019999265670776,121.49559,0.91166097,0.31801257
54.030001401901245,121.451584,0.91166097,0.31923336
54.03999972343445,121.45559,0.91166097,0.32045412
54.05000185966492,121.43959,0.91166097,0.3216749
54.06000018119812,121.39959,0.91166097,0.32289568
54.06999850273132,121.37159,0.91166097,0.32411647
54.08000063896179,121.33559,0.91166097,0.32533723
54.089998960494995,121.29559,0.9117284,0.32655802
54.100001096725464,121.25958,0.9117284,0.32655802
54.10999941825867,121.26359,0.91179574,0.3277788
54.120001554489136,121.25559,0.9118631,0.3277788
54.12999987602234,121.23559,0.9119305,0.32899958
54.13999819755554,121.20758,0.9120652,0.32899958
54.15000033378601,121.239586,0.91213256,0.33022034
54.159998655319214,121.22359,0.9122,0.33144113
54.17000079154968,121.183586,0.9122,0.33144113
54.179999113082886,121.143585,0.9122,0.3326619
54.190001249313354,121.13559,0.9122673,0.3338827
54.19999957084656,121.13559,0.9124021,0.3338827
54.210001707077026,121.111595,0.91260415,0.3338827
54.22000002861023,121.14759,0.9127389,0.3338827
54.22999835014343,121.17559,0.9128737,0.3338827
54.2400004863739,121.13958,0.91300845,0.3338827
54.249998807907104,121.143585,0.9131431,0.3338827
54.26000094413757,121.183586,0.9133453,0.3338827
54.269999265670776,121.171585,0.91354734,0.3338827
54.280001401901245,121.19559,0.91374946,0.3338827
54.28999972343445,121.25159,0.9140863,0.3326619
54.30000185966492,121.32758,0.9146253,0.33022034
54.31000018119812,121.423584,0.91523165,0.32655802
54.31999850273132,121.52359,0.91590536,0.32411647
54.33000063896179,121.67558,0.9166464,0.32045412
54.339998960494995,121.81558,0.91745484,0.315571
54.350001096725464,121.90359,0.9181286,0.3119087
54.35999941825867,121.97958,0.9186002,0.30946714
54.370001554489136,122.031586,0.9188023,0.30946714
54.37999987602234,122.03959,0.918937,0.30946714
54.38999819755554,122.01159,0.918937,0.3106879
54.40000033378601,122.02358,0.918937,0.3119087
54.409998655319214,121.97558,0.9190044,0.3119087
54.42000079154968,121.93558,0.9190044,0.31435025
54.429999113082886,121.88358,0.9190044,0.31435025
54.440001249313354,121.87158,0.9190718,0.315571
54.44999957084656,121.83559,0.9190718,0.3167918
54.460001707077026,121.77959,0.91913915,0.3167918
54.47000002861023,121.767586,0.9192739,0.31801257
54.47999835014343,121.77158,0.9194086,0.31801257
54.4900004863739,121.767586,0.9195433,0.31801257
54.499998807907104,121.75959,0.91961074,0.31801257
54.51000094413757,121.783585,0.9197455,0.31923336
54.519999265670776,121.75158,0.9198803,0.31923336
54.530001401901245,121.73159,0.9201497,0.31801257
54.53999972343445,121.767586,0.9205539,0.3167918
54.55000185966492,121.84358,0.9210255,0.315571
54.56000018119812,121.923584,0.9214971,0.3119087
54.56999850273132,121.97958,0.92196876,0.3106879
54.58000063896179,122.06358,0.92244035,0.30824634
54.589998960494995,122.131584,0.9229119,0.3058048
54.600001096725464,122.21958,0.92358565,0.30336323
54.60999941825867,122.33558,0.92432666,0.29970092
54.620001554489136,122.45558,0.92486566,0.29603857
54.62999987602234,122.49558,0.92526984,0.2948178
54.63999819755554,122.507576,0.9256067,0.293597
54.65000033378601,122.52759,0.9258762,0.29237625
54.659998655319214,122.55158,0.9260783,0.29237625
54.67000079154968,122.55958,0.92628044,0.29237625
54.679999113082886,122.58758,0.9265499,0.29115546
54.690001249313354,122.61558,0.92695415,0.2899347
54.69999957084656,122.65158,0.9274931,0.28749314
54.710001707077026,122.68358,0.92803204,0.28505158
54.72000002861023,122.75958,0.92857105,0.28261003
54.72999835014343,122.86359,0.92911,0.27894768
54.7400004863739,122.91958,0.92971635,0.27650613
54.749998807907104,122.99558,0.9303227,0.27406457
54.76000094413757,123.07158,0.93065953,0.2728438
54.769999265670776,123.063576,0.93086165,0.27162302
54.780001401901245,123.04358,0.93092906,0.2728438
54.78999972343445,122.98758,0.93092906,0.27406457
54.80000185966492,122.94358,0.93092906,0.27528536
54.81000018119812,122.86359,0.93092906,0.27650613
54.81999850273132,122.78758,0.93092906,0.27650613
54.83000063896179,122.76358,0.93092906,0.27894768
54.839998960494995,122.71958,0.93092906,0.27894768
54.850001096725464,122.66359,0.93092906,0.28138924
54.85999941825867,122.57958,0.93092906,0.28138924
54.870001554489136,122.55158,0.93092906,0.28261003
54.87999987602234,122.48358,0.93092906,0.2838308
54.88999819755554,122.39958,0.93092906,0.28505158
54.90000033378601,122.36358,0.93092906,0.28627235
54.909998655319214,122.311584,0.93092906,0.28749314
54.92000079154968,122.21958,0.93092906,0.2887139
54.929999113082886,122.15158,0.93092906,0.2899347
54.940001249313354,122.143585,0.9309964,0.29115546
54.94999957084656,122.087585,0.9309964,0.29237625
54.960001707077026,122.019585,0.9310637,0.29237625
54.97000002861023,121.95558,0.9310637,0.293597
54.97999835014343,121.91158,0.9310637,0.2948178
54.9900004863739,121.86359,0.9311311,0.29603857
54.999998807907104,121.80358,0.9311311,0.29603857
55.01000094413757,121.767586,0.9311311,0.29725936
55.019999265670776,121.711586,0.9311311,0.29848012
55.030001401901245,121.62759,0.9311311,0.29970092
55.03999972343445,121.57958,0.9311311,0.30092168
55.05000185966492,121.53958,0.9311311,0.30214247
55.06000018119812,121.47959,0.9311311,0.30336323
55.06999850273132,121.38759,0.9311311,0.30458403
55.08000063896179,121.351585,0.9311311,0.3058048
55.089998960494995,121.30759,0.9311311,0.30702558
55.100001096725464,121.239586,0.9311985,0.30824634
55.10999941825867,121.20359,0.9311985,0.30824634
55.120001554489136,121.16759,0.9311985,0.3106879
55.12999987602234,121.09559,0.9311985,0.3106879
55.13999819755554,120.99959,0.9311985,0.3119087
55.15000033378601,120.94359,0.9312659,0.31312945
55.159998655319214,120.92758,0.93133324,0.31435025
55.17000079154968,120.88359,0.931468,0.31435025
55.179999113082886,120.86359,0.93167007,0.31435025
55.190001249313354,120.87559,0.9319396,0.31312945
55.19999957084656,120.879585,0.93214166,0.3119087
55.210001707077026,120.87159,0.9326133,0.3106879
55.22000002861023,120.91559,0.9332196,0.30824634
55.22999835014343,121.01159,0.9338933,0.30458403
55.2400004863739,121.111595,0.93463445,0.29970092
55.249998807907104,121.183586,0.93544286,0.29603857
55.26000094413757,121.33159,0.93638605,0.29115546
55.269999265670776,121.475586,0.9373293,0.28505158
55.280001401901245,121.57958,0.93793553,0.28138924
55.28999972343445,121.55559,0.93820506,0.28138924
55.30000185966492,121.52759,0.9382724,0.28138924
55.31000018119812,121.42759,0.9383398,0.28261003
55.31999850273132,121.32359,0.9383398,0.2838308
55.33000063896179,121.27959,0.9383398,0.28505158
55.339998960494995,121.17958,0.9383398,0.28627235
55.350001096725464,121.08359,0.9383398,0.28749314
55.35999941825867,120.96758,0.9383398,0.2887139
55.370001554489136,120.89559,0.9383398,0.2899347
55.37999987602234,120.791595,0.9384072,0.2899347
55.38999819755554,120.65959,0.9384072,0.29115546
55.40000033378601,120.57559,0.9385419,0.29115546
55.409998655319214,120.527596,0.9386093,0.29237625
55.42000079154968,120.41559,0.93867666,0.29237625
55.429999113082886,120.31159,0.938744,0.293597
55.440001249313354,120.23159,0.938744,0.2948178
55.44999957084656,120.15159,0.9388788,0.2948178
55.460001707077026,120.03159,0.9390135,0.2948178
55.47000002861023,119.92359,0.93908083,0.29603857
55.47999835014343,119.82759,0.9392156,0.29603857
55.4900004863739,119.70759,0.939283,0.29603857
55.499998807907104,119.5676,0.9394178,0.29725936
55.51000094413757,119.4796,0.9395524,0.29725936
55.519999265670776,119.37959,0.9397546,0.29725936
55.530001401901245,119.23159,0.9399567,0.29603857
55.53999972343445,119.1076,0.94009143,0.29725936
55.55000185966492,118.97959,0.9401588,0.29725936
55.56000018119812,118.8276,0.9403609,0.29725936
55.56999850273132,118.651596,0.94049567,0.29725936
55.58000063896179,118.4676,0.9406978,0.29725936
55.589998960494995,118.319595,0.9408999,0.29725936
55.600001096725464,118.17159,0.9411694,0.29603857
55.60999941825867,117.967606,0.94150627,0.2948178
55.620001554489136,117.7716,0.94197786,0.293597
55.62999987602234,117.5356,0.94244945,0.29115546
55.63999819755554,117.1196,0.9429884,0.2887139
55.65000033378601,116.5436,0.9433252,0.28749314
55.659998655319214,115.4876,0.94352734,0.28627235
55.67000079154968,52.719822,0.9436621,0.28749314
55.679999113082886,39.995865,0.9437968,0.28749314
55.690001249313354,41.279858,0.94386417,0.2887139
55.69999957084656,41.891857,0.9439316,0.2887139
55.710001707077026,41.79186,0.9439316,0.2899347
55.72000002861023,41.24786,0.94399893,0.29115546
55.72999835014343,41.899857,0.94399893,0.29237625
55.7400004863739,41.45586,0.94406635,0.29237625
55.749998807907104,41.815857,0.94406635,0.293597
55.76000094413757,41.85986,0.9441337,0.2948178
55.769999265670776,41.66786,0.94420105,0.2948178
55.780001401901245,41.73586,0.94426847,0.29603857
55.78999972343445,41.79586,0.94433576,0.29603857
55.80000185966492,41.703857,0.94433576,0.29725936
55.81000018119812,41.923855,0.9444032,0.29848012
55.81999850273132,41.61586,0.9444032,0.29970092
55.83000063896179,41.73586,0.9444032,0.30092168
55.839998960494995,41.579857,0.9444705,0.30092168
55.850001096725464,41.619858,0.94453794,0.30214247
55.85999941825867,41.68786,0.9446053,0.30214247
55.870001554489136,41.66786,0.94467264,0.30336323
55.87999987602234,41.783855,0.94474006,0.30458403
55.88999819755554,41.65986,0.9448074,0.30458403
55.90000033378601,41.683857,0.9449421,0.30458403
55.909998655319214,41.703857,0.9450769,0.30458403
55.92000079154968,41.763855,0.94534636,0.30458403
55.929999113082886,41.76786,0.9456158,0.30458403
55.940001249313354,41.75586,0.945818,0.30336323
55.94999957084656,41.691856,0.94615483,0.30214247
55.960001707077026,41.69586,0.9466264,0.30092168
55.97000002861023,41.643856,0.947098,0.29848012
55.97999835014343,41.65986,0.94763696,0.2948178
55.9900004863739,41.63186,0.9483781,0.29237625
55.999998807907104,41.691856,0.9490518,0.28749314
56.01000094413757,41.643856,0.9495234,0.28627235
56.019999265670776,41.68786,0.9496581,0.28627235
56.030001401901245,41.66786,0.9496581,0.28749314
56.03999972343445,41.691856,0.9496581,0.2887139
56.05000185966492,41.72786,0.9496581,0.2899347
56.06000018119812,41.74786,0.9496581,0.29115546
56.06999850273132,41.719856,0.9496581,0.29237625
56.08000063896179,41.72786,0.9496581,0.29237625
56.089998960494995,41.703857,0.9496581,0.2948178
56.100001096725464,41.647858,0.9496581,0.2948178
56.10999941825867,41.58786,0.9496581,0.29603857
56.120001554489136,41.627857,0.9496581,0.29725936
56.12999987602234,41.67586,0.9496581,0.29848012
56.13999819755554,41.69986,0.94972545,0.29970092
56.15000033378601,41.691856,0.9497928,0.30092168
56.159998655319214,41.69586,0.9498602,0.30092168
56.17000079154968,41.691856,0.94992757,0.30092168
56.179999113082886,41.65986,0.95006233,0.30214247
56.190001249313354,41.739857,0.95006233,0.30214247
56.19999957084656,41.759857,0.95006233,0.30458403
56.210001707077026,41.763855,0.95006233,0.30458403
56.22000002861023,41.65986,0.9501296,0.3058048
56.22999835014343,41.619858,0.9501296,0.30702558
56.2400004863739,41.619858,0.9501296,0.30824634
56.249998807907104,41.65586,0.9501296,0.30946714
56.26000094413757,41.67586,0.9501296,0.3106879
56.269999265670776,41.68786,0.9501296,0.3119087
56.280001401901245,41.671856,0.95019704,0.3119087
56.28999972343445,41.623856,0.95019704,0.31312945
56.30000185966492,41.65986,0.9502644,0.31435025
56.31000018119812,41.723858,0.9503318,0.31435025
56.31999850273132,41.74786,0.9503318,0.3167918
56.33000063896179,41.763855,0.9503318,0.3167918
56.339998960494995,41.739857,0.9503318,0.31801257
56.350001096725464,41.69986,0.9503318,0.31923336
56.35999941825867,41.651855,0.95039916,0.32045412
56.370001554489136,41.627857,0.95039916,0.3216749
56.37999987602234,41.66786,0.9504666,0.3216749
56.38999819755554,41.66786,0.9505339,0.32289568
56.40000033378601,41.67986,0.9505339,0.32411647
56.409998655319214,41.647858,0.9506013,0.32411647
56.42000079154968,41.67986,0.9506013,0.32533723
56.429999113082886,41.663857,0.9506013,0.32655802
56.440001249313354,41.68786,0.9506013,0.3277788
56.44999957084656,41.703857,0.9506013,0.32899958
56.460001707077026,41.723858,0.9506013,0.33022034
56.47000002861023,41.67986,0.9506013,0.33144113
56.47999835014343,41.663857,0.95066863,0.33144113
56.4900004863739,41.651855,0.95066863,0.3338827
56.499998807907104,41.647858,0.9508034,0.3338827
56.51000094413757,41.647858,0.9510055,0.3338827
56.519999265670776,41.69986,0.9512076,0.3326619
56.530001401901245,41.731857,0.9514771,0.3326619
56.53999972343445,41.691856,0.9519487,0.33022034
56.55000185966492,41.67986,0.95255506,0.3277788
56.56000018119812,41.66786,0.9532961,0.32411647
56.56999850273132,41.67986,0.95417196,0.31801257
56.58000063896179,41.67986,0.9551825,0.31312945
56.589998960494995,41.683857,0.9561257,0.30702558
56.600001096725464,41.67986,0.95652986,0.3058048
56.60999941825867,41.651855,0.95659727,0.3058048
56.620001554489136,41.59586,0.95659727,0.30702558
56.62999987602234,41.63986,0.95659727,0.30824634
56.63999819755554,41.643856,0.95659727,0.30946714
56.65000033378601,41.66786,0.95659727,0.3106879
56.659998655319214,41.67986,0.95659727,0.3119087
56.67000079154968,41.691856,0.95659727,0.31312945
56.679999113082886,41.647858,0.9566646,0.31435025
56.690001249313354,41.63586,0.9566646,0.31435025
56.69999957084656,41.67586,0.9566646,0.3167918
56.710001707077026,41.71586,0.9566646,0.3167918
56.72000002861023,41.67986,0.9566646,0.31801257
56.72999835014343,41.647858,0.9566646,0.31923336
56.7400004863739,41.61586,0.9566646,0.32045412
56.749998807907104,41.599857,0.95673203,0.3216749
56.76000094413757,41.61586,0.95673203,0.3216749
56.769999265670776,41.68786,0.9567994,0.32289568
56.780001401901245,41.723858,0.9567994,0.32411647
56.78999972343445,41.691856,0.9568668,0.32533723
56.80000185966492,41.663857,0.95693415,0.32533723
56.81000018119812,41.643856,0.95693415,0.32655802
56.81999850273132,41.647858,0.95693415,0.3277788
56.83000063896179,41.651855,0.95693415,0.32899958
56.839998960494995,41.67586,0.9570015,0.33022034
56.850001096725464,41.67986,0.9571362,0.33022034
56.85999941825867,41.63986,0.95733833,0.33022034
56.870001554489136,41.61186,0.9577426,0.32899958
56.87999987602234,41.63986,0.9582815,0.32533723
56.88999819755554,41.647858,0.9592247,0.32045412
56.90000033378601,41.671856,0.9604374,0.31312945
56.909998655319214,41.69986,0.9620543,0.30336323
56.92000079154968,41.671856,0.96353644,0.293597
56.929999113082886,41.67586,0.96468174,0.28627235
56.940001249313354,41.643856,0.96569234,0.28138924
56.94999957084656,41.67586,0.96683764,0.27528536
56.960001707077026,41.691856,0.968185,0.2667399
56.97000002861023,41.647858,0.9693303,0.25941524
56.97999835014343,41.623856,0.9698019,0.25697368
56.9900004863739,41.627857,0.9698019,0.25819448
56.999998807907104,41.619858,0.9698019,0.25941524
57.01000094413757,41.599857,0.9698019,0.26063603
57.019999265670776,41.63986,0.9698019,0.2618568
57.030001401901245,41.683857,0.9698019,0.2630776
57.03999972343445,41.671856,0.9698019,0.26429835
57.05000185966492,41.671856,0.9698019,0.26551914
57.06000018119812,41.65586,0.9698019,0.2667399
57.06999850273132,41.66786,0.9698019,0.2679607
