"TEST_HEADER_START","Data source","Date","Time","Start Timestamp","End Timestamp","Specimen identifier","TEST_HEADER_END","SPECIMEN_HEADER_START","Specimen type","Thickness (mm)","Area (sq mm)","Axial Gauge Length (mm)","Transverse Gauge Length (mm)","Grip Separation (mm)","SPECIMEN_HEADER_END","RESULTS_HEADER_START","Displacement at 0.000 N (%) ","Displacement at Maximum Load (%) ","Extension at Max Load (mm) ","Load at Break (N) ","Load at Max Position (N) ","RESULTS_HEADER_END"
"TEST_INFO_START","NF-2L-2026-01-30-15-50-21.mtwData","2026-01-30","15:50:21","2026-01-30 15:50:21.603","2026-01-30 15:50:21.671","36","TEST_INFO_END","SPECIMEN_INFO_START","Thickness",10.2,999999.9,7.6199994,7.6199994,25.0,"SPECIMEN_INFO_END","RESULTS_INFO_START","0.00","N/A","N/A","N/A","N/A","N/A","N/A","N/A","N/A","N/A","14.54","1.108","70.108","RESULTS_INFO_END"

"Time","Load (N)","Position (mm)","Control Out (V)"
0.0,0.15599947,0.0,0.41323322
0.01000000536441803,0.28799903,0.0012126736,0.4046878
0.019999995827674866,0.45599842,0.0028969424,0.39492157
0.030000001192092896,0.6799977,0.0047159526,0.38393456
0.040000006556510925,0.883997,0.006467592,0.37294757
0.04999999701976776,1.0719963,0.008151861,0.36196056
0.06000000238418579,1.2599957,0.009768759,0.35219434
0.07000000774860382,1.467995,0.011453027,0.34242812
0.07999999821186066,1.6159946,0.012935184,0.3326619
0.08999998867511749,1.7879939,0.014215228,0.32533723
0.10000000894069672,1.9439934,0.01522579,0.31923336
0.10999999940395355,2.027993,0.01616898,0.31435025
0.11999998986721039,2.083993,0.016910058,0.30946714
0.1300000101327896,2.2039924,0.017449025,0.30702558
0.14000000059604645,2.2719922,0.017785877,0.30702558
0.14999999105930328,2.283992,0.017920619,0.30702558
0.1600000113248825,2.2719922,0.017920619,0.30702558
0.17000000178813934,2.283992,0.017920619,0.30824634
0.17999999225139618,2.2599924,0.017920619,0.30946714
0.1900000125169754,2.2599924,0.01798799,0.3106879
0.20000000298023224,2.2559924,0.01805536,0.3106879
0.20999999344348907,2.2559924,0.018122733,0.3119087
0.2200000137090683,2.2439923,0.018257473,0.3119087
0.23000000417232513,2.2599924,0.018459586,0.3119087
0.23999999463558197,2.283992,0.018594326,0.3119087
0.2500000149011612,2.283992,0.018729068,0.3119087
0.26000000536441803,2.327992,0.01893118,0.3119087
0.26999999582767487,2.335992,0.019065922,0.3119087
0.2799999862909317,2.355992,0.019335406,0.3106879
0.2900000065565109,2.359992,0.019604888,0.3106879
0.29999999701976776,2.4839916,0.020076483,0.30824634
0.3099999874830246,2.5119913,0.02048071,0.30702558
0.3200000077486038,2.5199914,0.020817561,0.3058048
0.32999999821186066,2.5439913,0.021087045,0.30458403
0.3399999886751175,2.579991,0.02149127,0.30336323
0.34999997913837433,2.603991,0.021828122,0.30214247
0.36000002920627594,2.6599908,0.022299718,0.29970092
0.3700000196695328,2.7519906,0.022771312,0.29848012
0.3800000101327896,2.7879906,0.023175538,0.29725936
0.39000000059604645,2.7599905,0.02324291,0.29725936
0.3999999910593033,2.7839904,0.02324291,0.29848012
0.4099999815225601,2.7999907,0.02324291,0.29848012
0.41999997198581696,2.7839904,0.02324291,0.30092168
0.43000002205371857,2.8159904,0.02324291,0.30092168
0.4400000125169754,2.8119905,0.02324291,0.30336323
0.45000000298023224,2.7839904,0.02331028,0.30336323
0.4599999934434891,2.7519906,0.02331028,0.30458403
0.4699999839067459,2.7679906,0.02331028,0.3058048
0.47999997437000275,2.7759907,0.023377651,0.30702558
0.49000002443790436,2.7439907,0.023377651,0.30702558
0.5000000149011612,2.7639906,0.023445021,0.30824634
0.510000005364418,2.7599905,0.023512393,0.30946714
0.5199999958276749,2.7559907,0.023512393,0.3106879
0.5299999862909317,2.7439907,0.023512393,0.3106879
0.5399999767541885,2.7599905,0.023512393,0.31312945
0.5500000268220901,2.7559907,0.023512393,0.31312945
0.560000017285347,2.7559907,0.023512393,0.31435025
0.5700000077486038,2.7519906,0.023512393,0.315571
0.5799999982118607,2.7679906,0.023579761,0.3167918
0.5899999886751175,2.7239907,0.023579761,0.31801257
0.5999999791383743,2.7439907,0.023647133,0.31801257
0.6100000292062759,2.7479906,0.023647133,0.31923336
0.6200000196695328,2.7239907,0.023714503,0.32045412
0.6300000101327896,2.7119908,0.023781873,0.32045412
0.6400000005960464,2.7439907,0.023849245,0.3216749
0.6499999910593033,2.7479906,0.023849245,0.32289568
0.6599999815225601,2.7399905,0.023916615,0.32289568
0.669999971985817,2.7439907,0.023916615,0.32411647
0.6800000220537186,2.7439907,0.023983987,0.32533723
0.6900000125169754,2.7199907,0.024051357,0.32655802
0.7000000029802322,2.7599905,0.024118729,0.32655802
0.7099999934434891,2.7919905,0.024186099,0.3277788
0.7199999839067459,2.7919905,0.024388213,0.32655802
0.7299999743700027,2.8079903,0.024522955,0.3277788
0.7400000244379044,2.8199902,0.024657693,0.3277788
0.7500000149011612,2.8279903,0.024792435,0.3277788
0.760000005364418,2.8519902,0.02512929,0.32655802
0.7699999958276749,2.91599,0.025533514,0.32411647
0.7799999862909317,3.0159898,0.026207222,0.3216749
0.7899999767541885,3.0599897,0.0269483,0.3167918
0.8000000268220901,3.1559892,0.027756749,0.31312945
0.810000017285347,3.267989,0.028565196,0.30946714
0.8200000077486038,3.3679886,0.029306276,0.30458403
0.8299999982118607,3.3999887,0.029777871,0.30214247
0.8399999886751175,3.4199882,0.029845241,0.30336323
0.8499999791383743,3.4679883,0.029845241,0.30458403
0.8599999696016312,3.443988,0.029845241,0.3058048
0.869999960064888,3.443988,0.029845241,0.30702558
0.8799999505281448,3.4239883,0.029845241,0.30824634
0.8900000602006912,3.4119885,0.029845241,0.30946714
0.9000000506639481,3.4119885,0.029845241,0.3106879
0.9100000411272049,3.443988,0.029845241,0.3106879
0.9200000315904617,3.4399884,0.029912613,0.3119087
0.9300000220537186,3.4279883,0.029912613,0.31312945
0.9400000125169754,3.4239883,0.029979983,0.31435025
0.9500000029802322,3.4199882,0.029979983,0.31435025
0.9599999934434891,3.3799887,0.030047355,0.315571
0.9699999839067459,3.3919885,0.030114727,0.3167918
0.9799999743700027,3.4239883,0.030114727,0.3167918
0.9899999648332596,3.3959885,0.030114727,0.31923336
0.9999999552965164,3.4039884,0.030114727,0.31923336
1.0099999457597733,3.3879883,0.030182095,0.32045412
1.0200000554323196,3.4279883,0.030182095,0.3216749
1.0300000458955765,3.4079883,0.030182095,0.32289568
1.0400000363588333,3.4039884,0.030249467,0.32289568
1.0500000268220901,3.4159884,0.030249467,0.32411647
1.060000017285347,3.4039884,0.030316839,0.32533723
1.0700000077486038,3.4199882,0.030384207,0.32655802
1.0799999982118607,3.443988,0.030451579,0.32655802
1.0899999886751175,3.4199882,0.030586323,0.32655802
1.0999999791383743,3.3879883,0.03065369,0.3277788
1.1099999696016312,3.4319882,0.030788435,0.3277788
1.119999960064888,3.4519882,0.030990547,0.3277788
1.1299999505281448,3.4679883,0.031192658,0.3277788
1.1400000602006912,3.5039883,0.031529512,0.32655802
1.150000050663948,3.6119876,0.032001108,0.32411647
1.160000041127205,3.6679876,0.03280956,0.32045412
1.1700000315904617,3.7879872,0.033752747,0.31435025
1.1800000220537186,3.9399865,0.03503279,0.30702558
1.1900000125169754,4.1599855,0.03658232,0.29725936
1.2000000029802322,4.303985,0.037862364,0.2899347
1.209999993443489,4.439985,0.03867081,0.28505158
1.219999983906746,4.5439844,0.03934452,0.28138924
1.2299999743700027,4.5919843,0.0400856,0.27772692
1.2399999648332596,4.707984,0.04102879,0.27162302
1.2499999552965164,4.8639836,0.042174093,0.26551914
1.2599999457597733,4.959983,0.04304991,0.26063603
1.2700000554323196,5.015983,0.04325202,0.25941524
1.2800000458955765,5.0679827,0.04325202,0.2618568
1.2900000363588333,5.059983,0.04325202,0.2618568
1.3000000268220901,5.0279827,0.04325202,0.26429835
1.310000017285347,5.0239825,0.04325202,0.26429835
1.3200000077486038,5.031983,0.04325202,0.26551914
1.3299999982118607,5.0279827,0.04325202,0.2667399
1.3399999886751175,5.015983,0.04325202,0.2679607
1.3499999791383743,5.019983,0.04325202,0.26918146
1.3599999696016312,4.971983,0.04325202,0.27040225
1.369999960064888,4.959983,0.04325202,0.27162302
1.3799999505281448,4.963983,0.04325202,0.2728438
1.3900000602006912,4.963983,0.04325202,0.27406457
1.400000050663948,4.9399834,0.04325202,0.27528536
1.410000041127205,4.9359827,0.04325202,0.27650613
1.4200000315904617,4.9479833,0.04325202,0.27772692
1.4300000220537186,4.943983,0.04325202,0.27894768
1.4400000125169754,4.9079833,0.04325202,0.27894768
1.4500000029802322,4.9279833,0.04325202,0.28138924
1.459999993443489,4.9159837,0.04325202,0.28138924
1.469999983906746,4.8799834,0.04325202,0.2838308
1.4799999743700027,4.903983,0.04325202,0.2838308
1.4899999648332596,4.911983,0.04325202,0.28505158
1.4999999552965164,4.8879833,0.04325202,0.28627235
1.5099999457597733,4.8799834,0.04325202,0.28749314
1.5200000554323196,4.8719835,0.04325202,0.2887139
1.5300000458955765,4.8519835,0.04325202,0.2899347
1.5400000363588333,4.8599834,0.04325202,0.29115546
1.5500000268220901,4.895983,0.04325202,0.29237625
1.560000017285347,4.8759837,0.04325202,0.293597
1.5700000077486038,4.8319836,0.04325202,0.2948178
1.5799999982118607,4.8319836,0.04325202,0.29603857
1.5899999886751175,4.8599834,0.04325202,0.29725936
1.5999999791383743,4.8319836,0.04325202,0.29848012
1.6099999696016312,4.807984,0.04325202,0.29848012
1.619999960064888,4.8199835,0.04325202,0.30092168
1.6299999505281448,4.8319836,0.04325202,0.30092168
1.6400000602006912,4.795984,0.04325202,0.30336323
1.650000050663948,4.8119836,0.04325202,0.30336323
1.660000041127205,4.7999835,0.04325202,0.30458403
1.6700000315904617,4.795984,0.04325202,0.3058048
1.6800000220537186,4.7999835,0.04325202,0.30702558
1.6900000125169754,4.795984,0.04325202,0.30824634
1.7000000029802322,4.7919836,0.043319393,0.30946714
1.709999993443489,4.795984,0.043319393,0.3106879
1.719999983906746,4.8159833,0.043319393,0.3106879
1.7299999743700027,4.747984,0.043386765,0.3119087
1.7399999648332596,4.715984,0.043454133,0.31312945
1.7499999552965164,4.7639837,0.043521505,0.31312945
1.7599999457597733,4.8279834,0.04365625,0.31312945
1.7700000554323196,4.807984,0.04379099,0.31435025
1.7800000458955765,4.7919836,0.04385836,0.31435025
1.7900000363588333,4.8199835,0.043925732,0.315571
1.8000000268220901,4.8279834,0.044127844,0.31435025
1.810000017285347,4.8559837,0.044464696,0.31435025
1.8199998885393143,4.943983,0.044936296,0.3119087
1.8300001174211502,5.055983,0.045542628,0.30946714
1.840000107884407,5.139982,0.04655319,0.30336323
1.8500000983476639,5.2839823,0.047765862,0.29603857
1.8600000888109207,5.4479814,0.04891117,0.2887139
1.8700000792741776,5.523981,0.049584873,0.28627235
1.8800000697374344,5.591981,0.049719613,0.28505158
1.8900000602006912,5.623981,0.049719613,0.28749314
1.900000050663948,5.5999813,0.049719613,0.28749314
1.910000041127205,5.5599813,0.049719613,0.2887139
1.9200000315904617,5.5799813,0.049719613,0.2899347
1.9300000220537186,5.583981,0.049786985,0.29115546
1.9400000125169754,5.5799813,0.04992173,0.29115546
1.9500000029802322,5.5999813,0.049989097,0.29115546
1.959999993443489,5.6279807,0.05005647,0.293597
1.969999983906746,5.643981,0.05012384,0.293597
1.9799999743700027,5.631981,0.05025858,0.293597
1.9899999648332596,5.643981,0.050528064,0.29237625
1.9999999552965164,5.671981,0.05079755,0.29237625
2.0099999457597733,5.70798,0.051201772,0.2899347
2.01999993622303,5.76798,0.051673368,0.2887139
2.029999926686287,5.83198,0.052279703,0.28505158
2.0399999171495438,5.89598,0.052953415,0.28261003
2.0499999076128006,6.0359797,0.05369449,0.27772692
2.0599998980760574,6.159979,0.054368198,0.27406457
2.0699998885393143,6.2039785,0.05477242,0.2728438
2.08000011742115,6.191979,0.05477242,0.27406457
2.090000107884407,6.2079787,0.05477242,0.27528536
2.100000098347664,6.219979,0.05477242,0.27528536
2.1100000888109207,6.2039785,0.05477242,0.27772692
2.1200000792741776,6.2039785,0.05477242,0.27772692
2.1300000697374344,6.187979,0.05477242,0.27894768
2.1400000602006912,6.163979,0.05477242,0.28016847
2.150000050663948,6.155979,0.05477242,0.28138924
2.160000041127205,6.171979,0.05477242,0.28261003
2.1700000315904617,6.155979,0.05477242,0.2838308
2.1800000220537186,6.151979,0.05477242,0.28505158
2.1900000125169754,6.143979,0.05477242,0.28627235
2.2000000029802322,6.143979,0.05477242,0.28749314
2.209999993443489,6.0999794,0.05477242,0.2887139
2.219999983906746,6.111979,0.05477242,0.2899347
2.2299999743700027,6.1279793,0.05477242,0.29115546
2.2399999648332596,6.0879793,0.05477242,0.29237625
2.2499999552965164,6.083979,0.05477242,0.293597
2.2599999457597733,6.1079793,0.054839794,0.293597
2.26999993622303,6.123979,0.054839794,0.2948178
2.279999926686287,6.0959797,0.054839794,0.29603857
2.2899999171495438,6.0799794,0.054839794,0.29725936
2.2999999076128006,6.0599794,0.054839794,0.29848012
2.3099998980760574,6.0759797,0.054839794,0.29970092
2.3199998885393143,6.091979,0.054839794,0.30092168
2.33000011742115,6.0959797,0.054839794,0.30214247
2.340000107884407,6.0519795,0.054839794,0.30336323
2.350000098347664,6.0359797,0.054907165,0.30336323
2.3600000888109207,6.0399795,0.054907165,0.30458403
2.3700000792741776,6.0399795,0.054974537,0.3058048
2.3800000697374344,6.0159793,0.055041905,0.30702558
2.3900000602006912,6.0599794,0.055109274,0.30702558
2.400000050663948,6.091979,0.055109274,0.30824634
2.410000041127205,6.0559797,0.055109274,0.30946714
2.4200000315904617,6.0199795,0.055176646,0.3106879
2.4300000220537186,6.0479794,0.055244014,0.3106879
2.4400000125169754,6.063979,0.055311386,0.3119087
2.4500000029802322,6.0879793,0.05544613,0.3119087
2.459999993443489,6.0999794,0.055513497,0.31312945
2.469999983906746,6.1199794,0.055715613,0.3119087
2.4799999743700027,6.135979,0.055985097,0.3119087
2.4899999648332596,6.159979,0.05632195,0.3106879
2.4999999552965164,6.215979,0.056793544,0.30824634
2.5099999457597733,6.2999787,0.05739988,0.3058048
2.51999993622303,6.407978,0.058073588,0.30092168
2.529999926686287,6.555978,0.0587473,0.29848012
2.5399999171495438,6.5999775,0.059421003,0.2948178
2.5499999076128006,6.679977,0.060162082,0.29115546
2.5599998980760574,6.803977,0.061037906,0.28627235
2.5699998885393143,6.9199767,0.061509494,0.2838308
2.58000011742115,6.9439764,0.06157687,0.2838308
2.590000107884407,6.9119763,0.06157687,0.28505158
2.600000098347664,6.9319763,0.06157687,0.28627235
2.6100000888109207,6.927976,0.06157687,0.28749314
2.6200000792741776,6.9159765,0.06157687,0.2887139
2.6300000697374344,6.9039764,0.06157687,0.2899347
2.6400000602006912,6.891977,0.06157687,0.29115546
2.650000050663948,6.8799767,0.061644237,0.29237625
2.660000041127205,6.8959765,0.061644237,0.293597
2.6700000315904617,6.891977,0.061644237,0.2948178
2.6800000220537186,6.8759766,0.061644237,0.2948178
2.6900000125169754,6.851977,0.061644237,0.29603857
2.7000000029802322,6.8639765,0.061644237,0.29725936
2.709999993443489,6.8199763,0.061644237,0.29848012
2.719999983906746,6.811977,0.061644237,0.29970092
2.7299999743700027,6.851977,0.061711606,0.30092168
2.7399999648332596,6.871977,0.061711606,0.30214247
2.7499999552965164,6.8439765,0.06177898,0.30214247
2.7599999457597733,6.8279767,0.06184635,0.30336323
2.76999993622303,6.871977,0.061913718,0.30336323
2.779999926686287,6.8559766,0.061913718,0.30458403
2.7899999171495438,6.859977,0.061981093,0.3058048
2.7999999076128006,6.8479767,0.06204846,0.30702558
2.8099998980760574,6.851977,0.062115837,0.30702558
2.8199998885393143,6.859977,0.062183205,0.30824634
2.83000011742115,6.8759766,0.06231795,0.30824634
2.840000107884407,6.8439765,0.062385317,0.30946714
2.850000098347664,6.8759766,0.062587425,0.30824634
2.8600000888109207,6.9239764,0.06292428,0.30702558
2.8700000792741776,7.019976,0.06339588,0.30458403
2.8800000697374344,7.0919757,0.064002216,0.30214247
2.8900000602006912,7.1599755,0.06454118,0.29970092
2.900000050663948,7.2679753,0.065012775,0.29725936
2.910000041127205,7.3479753,0.06561912,0.2948178
2.9200000315904617,7.4119744,0.06649493,0.2899347
2.9300000220537186,7.5519743,0.06743812,0.28505158
2.9400000125169754,7.6439743,0.06804446,0.28138924
2.9500000029802322,7.6799736,0.068179205,0.28138924
2.959999993443489,7.695974,0.068179205,0.28261003
2.969999983906746,7.711974,0.068179205,0.2838308
2.9799999743700027,7.675974,0.068179205,0.28505158
2.9899999648332596,7.6439743,0.068179205,0.28627235
2.9999999552965164,7.655974,0.068179205,0.28749314
3.0099999457597733,7.695974,0.068179205,0.2887139
3.01999993622303,7.6799736,0.06824657,0.2887139
3.029999926686287,7.6919737,0.06824657,0.2899347
3.0399999171495438,7.6639743,0.06824657,0.29115546
3.0499999076128006,7.635974,0.06824657,0.29237625
3.0599998980760574,7.615974,0.06824657,0.293597
3.0699998885393143,7.6319737,0.06824657,0.2948178
3.08000011742115,7.6439743,0.06824657,0.29603857
3.090000107884407,7.599974,0.06824657,0.29725936
3.100000098347664,7.579974,0.06831394,0.29725936
3.1100000888109207,7.579974,0.06831394,0.29848012
3.1200000792741776,7.5839744,0.06831394,0.29970092
3.1300000697374344,7.599974,0.06831394,0.30092168
3.1400000602006912,7.6319737,0.06831394,0.30214247
3.150000050663948,7.5759745,0.06831394,0.30336323
3.160000041127205,7.5759745,0.06831394,0.30458403
3.1700000315904617,7.5839744,0.06838132,0.30458403
3.1800000220537186,7.5759745,0.06838132,0.30702558
3.1900000125169754,7.547974,0.068448685,0.30702558
3.2000000029802322,7.547974,0.06851605,0.30824634
3.209999993443489,7.5759745,0.06858343,0.30824634
3.219999983906746,7.567974,0.0686508,0.30946714
3.2299999743700027,7.6039743,0.06885291,0.30946714
3.2399999648332596,7.639974,0.0691224,0.30824634
3.2499999552965164,7.6999736,0.069459245,0.30702558
3.2599999457597733,7.707974,0.069863476,0.30458403
3.26999993622303,7.811973,0.07033506,0.30336323
3.279999926686287,7.875973,0.07080666,0.30092168
3.2899999171495438,7.935973,0.07127825,0.29970092
3.2999999076128006,8.007973,0.07168248,0.29725936
3.3099998980760574,8.075973,0.07222144,0.2948178
3.3199998885393143,8.103972,0.07276041,0.29237625
3.33000011742115,8.163973,0.0730299,0.29115546
3.340000107884407,8.215972,0.073097266,0.29237625
3.350000098347664,8.207973,0.073097266,0.293597
3.3600000888109207,8.191972,0.07316464,0.293597
3.3700000792741776,8.231972,0.07329938,0.2948178
3.3800000697374344,8.251971,0.07343412,0.2948178
3.3900000602006912,8.223971,0.07343412,0.29603857
3.400000050663948,8.223971,0.07343412,0.29725936
3.410000041127205,8.243972,0.07350149,0.29725936
3.4200000315904617,8.231972,0.07350149,0.29848012
3.4300000220537186,8.211972,0.07350149,0.29970092
3.4400000125169754,8.191972,0.07350149,0.30092168
3.4500000029802322,8.211972,0.07350149,0.30214247
3.459999993443489,8.187972,0.07350149,0.30336323
3.469999983906746,8.179972,0.073568866,0.30336323
3.4799999743700027,8.183972,0.073568866,0.30458403
3.4899999648332596,8.179972,0.073568866,0.3058048
3.4999999552965164,8.195972,0.073636234,0.30702558
3.5099999457597733,8.203972,0.073636234,0.30824634
3.51999993622303,8.191972,0.07370361,0.30946714
3.529999926686287,8.191972,0.07370361,0.30946714
3.5399999171495438,8.195972,0.07370361,0.3106879
3.5499999076128006,8.183972,0.07370361,0.3119087
3.5599998980760574,8.151972,0.07370361,0.31312945
3.5699998885393143,8.147972,0.07370361,0.31435025
3.58000011742115,8.171972,0.07370361,0.315571
3.590000107884407,8.143972,0.07370361,0.3167918
3.600000098347664,8.139973,0.07370361,0.31801257
3.6100000888109207,8.131972,0.07370361,0.31923336
3.6200000792741776,8.127973,0.07370361,0.32045412
3.6300000697374344,8.107972,0.07370361,0.3216749
3.6400000602006912,8.119972,0.07370361,0.32289568
3.650000050663948,8.147972,0.07377098,0.32289568
3.660000041127205,8.1159725,0.07377098,0.32411647
3.6700000315904617,8.1159725,0.07377098,0.32533723
3.6800000220537186,8.107972,0.07377098,0.32655802
3.6900000125169754,8.087973,0.07377098,0.3277788
3.7000000029802322,8.087973,0.07377098,0.32899958
3.709999993443489,8.119972,0.073838346,0.33022034
3.719999983906746,8.1159725,0.07390572,0.33022034
3.7299999743700027,8.111972,0.074107826,0.33022034
3.7399999648332596,8.123973,0.07424256,0.33022034
3.7499999552965164,8.183972,0.074377306,0.33022034
3.7599999457597733,8.199972,0.07464679,0.33022034
3.76999993622303,8.223971,0.07498364,0.32899958
3.779999926686287,8.295972,0.07538787,0.32655802
3.7899999171495438,8.3799715,0.07612895,0.32289568
3.7999999076128006,8.535971,0.07720689,0.3167918
3.8099998980760574,8.71197,0.07835218,0.3106879
3.8200001269578934,8.883969,0.07943012,0.30458403
3.829999879002571,9.019969,0.080305934,0.29848012
3.840000107884407,9.119969,0.08077753,0.29725936
3.8499998599290848,9.179969,0.08104701,0.29603857
3.8600000888109207,9.203968,0.0813165,0.29603857
3.8699998408555984,9.259969,0.081720725,0.293597
3.8800000697374344,9.363968,0.08239443,0.2899347
3.889999821782112,9.459968,0.083202876,0.28627235
3.900000050663948,9.535968,0.08380921,0.28261003
3.909999802708626,9.627967,0.08428081,0.28016847
3.9200000315904617,9.695967,0.08455029,0.28016847
3.9299997836351395,9.703967,0.08475241,0.28016847
3.9400000125169754,9.703967,0.08475241,0.28138924
3.949999764561653,9.711967,0.08481978,0.28138924
3.959999993443489,9.663967,0.08481978,0.28261003
3.970000222325325,9.683968,0.08481978,0.2838308
3.9799999743700027,9.687967,0.08481978,0.28505158
3.9900002032518387,9.675967,0.08481978,0.28627235
3.9999999552965164,9.663967,0.08488715,0.28749314
4.010000184178352,9.675967,0.08488715,0.28749314
4.01999993622303,9.675967,0.08488715,0.2887139
4.030000165104866,9.643968,0.08488715,0.2899347
4.039999917149544,9.623967,0.08488715,0.29115546
4.05000014603138,9.639967,0.08495452,0.29237625
4.059999898076057,9.635967,0.08495452,0.293597
4.070000126957893,9.611967,0.08502189,0.293597
4.079999879002571,9.631967,0.08508926,0.2948178
4.090000107884407,9.623967,0.085156634,0.29603857
4.099999859929085,9.603968,0.085156634,0.29603857
4.110000088810921,9.599967,0.085156634,0.29725936
4.1199998408555984,9.623967,0.085224,0.29848012
4.130000069737434,9.627967,0.085224,0.29970092
4.139999821782112,9.647967,0.08529137,0.29970092
4.150000050663948,9.663967,0.08529137,0.30092168
4.159999802708626,9.611967,0.08535875,0.30214247
4.170000031590462,9.607967,0.08535875,0.30336323
4.1799997836351395,9.623967,0.08535875,0.30458403
4.190000012516975,9.607967,0.08535875,0.3058048
4.199999764561653,9.5799675,0.08535875,0.30702558
4.209999993443489,9.563968,0.08535875,0.30702558
4.220000222325325,9.599967,0.08535875,0.30946714
4.229999974370003,9.575968,0.08535875,0.30946714
4.240000203251839,9.559967,0.08535875,0.3106879
4.249999955296516,9.563968,0.08535875,0.3119087
4.260000184178352,9.571968,0.08535875,0.31312945
4.26999993622303,9.563968,0.08535875,0.31435025
4.280000165104866,9.567967,0.08535875,0.315571
4.289999917149544,9.555967,0.085426114,0.3167918
4.30000014603138,9.543967,0.085426114,0.31801257
4.309999898076057,9.547968,0.085426114,0.31923336
4.320000126957893,9.555967,0.08549349,0.31923336
4.329999879002571,9.495968,0.08549349,0.32045412
4.340000107884407,9.503968,0.08549349,0.3216749
4.349999859929085,9.547968,0.08556086,0.32289568
4.360000088810921,9.543967,0.08556086,0.32411647
4.3699998408555984,9.515967,0.08562823,0.32411647
4.380000069737434,9.515967,0.08562823,0.32533723
4.389999821782112,9.539968,0.0856956,0.32655802
4.400000050663948,9.531967,0.08583034,0.32655802
4.409999802708626,9.535968,0.085897714,0.32655802
4.420000031590462,9.567967,0.08603245,0.32655802
4.4299997836351395,9.599967,0.08616719,0.3277788
4.440000012516975,9.591968,0.08630193,0.3277788
4.449999764561653,9.591968,0.086436674,0.3277788
4.459999993443489,9.603968,0.08657141,0.3277788
4.470000222325325,9.627967,0.086706154,0.32899958
4.479999974370003,9.663967,0.0868409,0.32899958
4.490000203251839,9.683968,0.08704301,0.32899958
4.499999955296516,9.707967,0.08731249,0.3277788
4.510000184178352,9.787967,0.08785146,0.32533723
4.51999993622303,9.907967,0.08859254,0.32045412
4.530000165104866,10.063966,0.08946836,0.3167918
4.539999917149544,10.147965,0.09027681,0.3119087
4.55000014603138,10.259965,0.09081577,0.30946714
4.559999898076057,10.355966,0.09115262,0.30824634
4.570000126957893,10.343965,0.091354735,0.30824634
4.579999879002571,10.343965,0.091354735,0.30946714
4.590000107884407,10.351965,0.091354735,0.30946714
4.599999859929085,10.339965,0.091354735,0.3106879
4.610000088810921,10.339965,0.091354735,0.3119087
4.6199998408555984,10.367965,0.091354735,0.31312945
4.630000069737434,10.367965,0.091354735,0.31435025
4.639999821782112,10.3319645,0.091354735,0.315571
4.650000050663948,10.355966,0.091354735,0.3167918
4.659999802708626,10.327964,0.091354735,0.31801257
4.670000031590462,10.311965,0.091354735,0.31923336
4.6799997836351395,10.295965,0.091354735,0.32045412
4.690000012516975,10.299965,0.091354735,0.3216749
4.699999764561653,10.287966,0.091354735,0.32289568
4.709999993443489,10.247966,0.091354735,0.32411647
4.720000222325325,10.263965,0.09142211,0.32411647
4.729999974370003,10.263965,0.09142211,0.32533723
4.740000203251839,10.255965,0.09142211,0.32655802
4.749999955296516,10.255965,0.09142211,0.3277788
4.760000184178352,10.271965,0.09142211,0.32899958
4.76999993622303,10.279964,0.09142211,0.33022034
4.780000165104866,10.283965,0.09142211,0.33144113
4.789999917149544,10.247966,0.09142211,0.3326619
4.80000014603138,10.243965,0.09142211,0.3338827
4.809999898076057,10.203965,0.09142211,0.33510345
4.820000126957893,10.227965,0.09142211,0.33632424
4.829999879002571,10.227965,0.09142211,0.337545
4.840000107884407,10.179966,0.09142211,0.3387658
4.849999859929085,10.183965,0.09142211,0.33998656
4.860000088810921,10.203965,0.09142211,0.33998656
4.8699998408555984,10.211965,0.09142211,0.34242812
4.880000069737434,10.207966,0.09142211,0.34242812
4.889999821782112,10.223965,0.09142211,0.3436489
4.900000050663948,10.203965,0.09142211,0.34486967
4.909999802708626,10.179966,0.09142211,0.34609047
4.920000031590462,10.187965,0.09148948,0.34731123
4.9299997836351395,10.195965,0.09155685,0.34853202
4.940000012516975,10.175965,0.09175897,0.34731123
4.949999764561653,10.215965,0.09202845,0.34731123
4.959999993443489,10.255965,0.09229793,0.34609047
4.970000222325325,10.283965,0.092567414,0.34486967
4.979999974370003,10.315966,0.092769526,0.34486967
4.990000203251839,10.383965,0.09297164,0.34486967
4.999999955296516,10.427964,0.09317375,0.34486967
5.010000184178352,10.415964,0.09337586,0.3436489
5.01999993622303,10.4639635,0.09364535,0.3436489
5.030000165104866,10.531963,0.09391483,0.34242812
5.039999917149544,10.567965,0.094319046,0.34120736
5.05000014603138,10.643964,0.09485801,0.3387658
5.059999898076057,10.763964,0.09566647,0.33510345
5.070000126957893,10.899963,0.09654229,0.33022034
5.079999879002571,11.031962,0.09735074,0.32533723
5.090000107884407,11.167962,0.09809182,0.32045412
5.099999859929085,11.263962,0.09856341,0.31923336
5.110000088810921,11.291962,0.09863078,0.31923336
5.1199998408555984,11.287962,0.09869815,0.32045412
5.130000069737434,11.287962,0.09869815,0.3216749
5.139999821782112,11.251962,0.09869815,0.32289568
5.150000050663948,11.251962,0.09876552,0.32289568
5.159999802708626,11.283961,0.09876552,0.32411647
5.170000031590462,11.287962,0.09876552,0.32533723
5.1799997836351395,11.263962,0.09883289,0.32655802
5.190000012516975,11.275962,0.09883289,0.3277788
5.199999764561653,11.291962,0.09883289,0.32899958
5.209999993443489,11.243961,0.09890026,0.32899958
5.220000222325325,11.239963,0.098967634,0.33022034
5.229999974370003,11.263962,0.098967634,0.33144113
5.240000203251839,11.243961,0.099035,0.33144113
5.249999955296516,11.231961,0.09910237,0.3326619
5.260000184178352,11.247962,0.099169746,0.3326619
5.26999993622303,11.275962,0.09930449,0.3338827
5.280000165104866,11.319962,0.09964134,0.3326619
5.289999917149544,11.355962,0.09997819,0.33144113
5.30000014603138,11.42796,0.10038242,0.32899958
5.309999898076057,11.503961,0.10105613,0.32655802
5.320000126957893,11.647961,0.10193195,0.3216749
5.329999879002571,11.85196,0.102942504,0.315571
5.340000107884407,12.039959,0.10415518,0.30824634
5.349999859929085,12.235958,0.10543523,0.30092168
5.360000088810921,12.383958,0.106311046,0.2948178
5.3699998408555984,12.495957,0.10685001,0.293597
5.380000069737434,12.571957,0.107321605,0.29115546
5.389999821782112,12.679956,0.10792794,0.28749314
5.400000050663948,12.787956,0.108534284,0.28505158
5.409999802708626,12.867956,0.109005876,0.28261003
5.420000031590462,12.923956,0.1094101,0.28138924
5.4299997836351395,13.039955,0.11001644,0.27772692
5.440000012516975,13.151956,0.110757515,0.27406457
5.449999764561653,13.235955,0.11122911,0.27162302
5.459999993443489,13.295955,0.11136385,0.27162302
5.470000222325325,13.267955,0.11136385,0.2728438
5.479999974370003,13.243955,0.11136385,0.27406457
5.490000203251839,13.223954,0.11136385,0.27528536
5.499999955296516,13.227955,0.11136385,0.27650613
5.510000184178352,13.1799555,0.11136385,0.27772692
5.51999993622303,13.167955,0.11136385,0.27894768
5.530000165104866,13.191956,0.11136385,0.28016847
5.539999917149544,13.203955,0.11136385,0.28138924
5.55000014603138,13.187955,0.11136385,0.28261003
5.559999898076057,13.1799555,0.11136385,0.2838308
5.570000126957893,13.175955,0.11136385,0.28505158
5.579999879002571,13.127955,0.11136385,0.28505158
5.590000107884407,13.099956,0.11136385,0.28749314
5.599999859929085,13.135955,0.11136385,0.28749314
5.610000088810921,13.111956,0.11136385,0.2887139
5.6199998408555984,13.071956,0.11136385,0.2899347
5.630000069737434,13.055956,0.11136385,0.29115546
5.639999821782112,13.063956,0.11136385,0.29237625
5.650000050663948,13.059956,0.11136385,0.293597
5.659999802708626,13.071956,0.11136385,0.2948178
5.670000031590462,13.063956,0.11136385,0.29603857
5.6799997836351395,13.063956,0.11136385,0.29725936
5.690000012516975,13.035956,0.11136385,0.29848012
5.699999764561653,13.055956,0.11136385,0.29970092
5.709999993443489,13.035956,0.11136385,0.30092168
5.720000222325325,12.987956,0.11136385,0.30214247
5.729999974370003,12.975956,0.11136385,0.30336323
5.740000203251839,12.979956,0.11136385,0.30458403
5.749999955296516,12.963956,0.11136385,0.30458403
5.760000184178352,12.971955,0.11136385,0.30702558
5.76999993622303,12.987956,0.11136385,0.30702558
5.780000165104866,12.963956,0.11136385,0.30946714
5.789999917149544,12.939957,0.11143122,0.30946714
5.80000014603138,12.979956,0.11143122,0.3106879
5.809999898076057,12.967957,0.11143122,0.3119087
5.820000126957893,12.919956,0.11143122,0.31312945
5.829999879002571,12.923956,0.11143122,0.31435025
5.840000107884407,12.927957,0.11143122,0.315571
5.849999859929085,12.927957,0.11143122,0.3167918
5.860000088810921,12.899957,0.111498594,0.3167918
5.8699998408555984,12.9159565,0.11156596,0.31801257
5.880000069737434,12.943955,0.111700706,0.31801257
5.889999821782112,12.951956,0.11190282,0.31801257
5.900000050663948,13.019956,0.11210493,0.31801257
5.909999802708626,13.039955,0.112239674,0.31801257
5.920000031590462,13.031956,0.11230704,0.31923336
5.9299997836351395,13.0479555,0.112509154,0.31801257
5.940000012516975,13.095955,0.11277864,0.3167918
5.949999764561653,13.1399555,0.113182865,0.3167918
5.959999993443489,13.231955,0.11372183,0.31312945
5.970000222325325,13.387954,0.114462905,0.30946714
5.979999974370003,13.5359535,0.115406096,0.30336323
5.990000203251839,13.695953,0.116416655,0.29848012
5.999999955296516,13.875953,0.11742722,0.29237625
6.010000184178352,14.027951,0.11803356,0.2899347
6.01999993622303,14.091952,0.118168294,0.2887139
6.030000165104866,14.095951,0.118168294,0.29115546
6.039999917149544,14.075953,0.118168294,0.29115546
6.05000014603138,14.071952,0.118168294,0.293597
6.059999898076057,14.039952,0.118168294,0.293597
6.070000126957893,14.063952,0.11823566,0.2948178
6.079999879002571,14.063952,0.11830304,0.2948178
6.090000107884407,14.051952,0.11830304,0.29725936
6.099999859929085,14.051952,0.11830304,0.29725936
6.110000088810921,14.051952,0.11837041,0.29848012
6.1199998408555984,14.035953,0.11850515,0.29848012
6.130000069737434,14.055953,0.11857252,0.29848012
6.139999821782112,14.043952,0.118639894,0.29970092
6.150000050663948,14.051952,0.11870726,0.30092168
6.159999802708626,14.055953,0.118909374,0.30092168
6.170000031590462,14.107952,0.119111486,0.29970092
6.1799997836351395,14.183951,0.11951571,0.29848012
6.190000012516975,14.231951,0.11998731,0.29603857
6.199999764561653,14.343951,0.120593645,0.293597
6.209999993443489,14.443952,0.12119998,0.2899347
6.220000222325325,14.54395,0.12173895,0.28749314
6.229999974370003,14.659949,0.122277915,0.28505158
6.240000203251839,14.74395,0.1227495,0.2838308
6.249999955296516,14.81995,0.12308636,0.28138924
6.260000184178352,14.795949,0.1232211,0.28261003
6.26999993622303,14.795949,0.1232211,0.2838308
6.280000165104866,14.81195,0.1232211,0.28505158
6.289999917149544,14.78395,0.1232211,0.28505158
6.30000014603138,14.79995,0.1232211,0.28749314
6.309999898076057,14.80395,0.123288475,0.28749314
6.320000126957893,14.77195,0.123288475,0.2887139
6.329999879002571,14.767949,0.123288475,0.2899347
6.340000107884407,14.78395,0.123288475,0.29115546
6.349999859929085,14.79195,0.123288475,0.29237625
6.360000088810921,14.73595,0.123288475,0.293597
6.3699998408555984,14.73595,0.123288475,0.2948178
6.380000069737434,14.739949,0.123288475,0.2948178
6.389999821782112,14.69195,0.123288475,0.29725936
6.400000050663948,14.69195,0.123288475,0.29725936
6.409999802708626,14.69195,0.123288475,0.29848012
6.420000031590462,14.70395,0.123288475,0.29970092
6.4299997836351395,14.68795,0.123288475,0.30092168
6.440000012516975,14.69195,0.123288475,0.30214247
6.449999764561653,14.6959505,0.123288475,0.30336323
6.459999993443489,14.67195,0.123288475,0.30458403
6.470000222325325,14.67195,0.12335585,0.3058048
6.479999974370003,14.66395,0.12335585,0.30702558
6.490000203251839,14.627951,0.12335585,0.30824634
6.499999955296516,14.615951,0.12335585,0.30946714
6.510000184178352,14.615951,0.12335585,0.30946714
6.51999993622303,14.619951,0.12335585,0.3106879
6.530000165104866,14.599951,0.12335585,0.3119087
6.539999917149544,14.591949,0.12335585,0.31312945
6.55000014603138,14.615951,0.12335585,0.31435025
6.559999898076057,14.591949,0.12342321,0.315571
6.570000126957893,14.61195,0.12342321,0.3167918
6.579999879002571,14.627951,0.12342321,0.31801257
6.590000107884407,14.60795,0.12342321,0.31923336
6.599999859929085,14.575951,0.12342321,0.32045412
6.610000088810921,14.559951,0.12342321,0.32045412
6.6199998408555984,14.575951,0.12349059,0.3216749
6.630000069737434,14.54395,0.12349059,0.32289568
6.639999821782112,14.551951,0.12349059,0.32411647
6.650000050663948,14.55595,0.12349059,0.32533723
6.659999802708626,14.531951,0.12349059,0.32655802
6.670000031590462,14.535951,0.12355796,0.32655802
6.6799997836351395,14.559951,0.12362532,0.3277788
6.690000012516975,14.559951,0.1236927,0.32899958
6.699999764561653,14.563951,0.123827435,0.32899958
6.709999993443489,14.599951,0.12389481,0.32899958
6.720000222325325,14.60795,0.12396219,0.33022034
6.729999974370003,14.58395,0.12402955,0.33022034
6.740000203251839,14.57995,0.12409692,0.33144113
6.749999955296516,14.61195,0.1241643,0.3326619
6.760000184178352,14.60795,0.124299034,0.3326619
6.76999993622303,14.63595,0.12450115,0.3326619
6.780000165104866,14.70795,0.12483801,0.33022034
6.789999917149544,14.7759495,0.12524223,0.32899958
6.80000014603138,14.85195,0.12571381,0.32655802
6.809999898076057,14.951949,0.12632017,0.32411647
6.820000126957893,15.119948,0.12706123,0.32045412
6.829999879002571,15.231948,0.12780233,0.3167918
6.840000107884407,15.359947,0.12847601,0.31312945
6.849999859929085,15.499948,0.12908237,0.30946714
6.860000088810921,15.595947,0.1296887,0.30702558
6.8699998408555984,15.671947,0.1301603,0.30458403
6.880000069737434,15.735947,0.13029504,0.30458403
6.889999821782112,15.719946,0.13029504,0.3058048
6.900000050663948,15.731946,0.1303624,0.30702558
6.909999802708626,15.719946,0.1303624,0.30702558
6.920000031590462,15.739946,0.1303624,0.30946714
6.9299997836351395,15.743947,0.13042977,0.30946714
6.940000012516975,15.727946,0.13049714,0.3106879
6.949999764561653,15.739946,0.13056453,0.3106879
6.959999993443489,15.735947,0.13063188,0.3119087
6.970000222325325,15.747946,0.13076663,0.3119087
6.979999974370003,15.775946,0.13096875,0.3119087
6.990000203251839,15.799946,0.13110349,0.3119087
6.999999955296516,15.799946,0.13130559,0.3119087
7.010000184178352,15.815946,0.13150771,0.3106879
7.01999993622303,15.887946,0.13184457,0.3106879
7.030000165104866,15.951945,0.13224879,0.30946714
7.039999917149544,16.043945,0.13278775,0.30702558
7.05000014603138,16.143946,0.13325934,0.30336323
7.059999898076057,16.227945,0.1335962,0.30336323
7.070000126957893,16.251944,0.13373095,0.30336323
7.079999879002571,16.279945,0.1337983,0.30336323
7.090000107884407,16.271944,0.1337983,0.30458403
7.099999859929085,16.259945,0.13386568,0.30458403
7.110000088810921,16.255945,0.13393305,0.3058048
7.1199998408555984,16.279945,0.13400042,0.30702558
7.130000069737434,16.247946,0.13400042,0.30824634
7.139999821782112,16.243944,0.13406779,0.30824634
7.150000050663948,16.275944,0.13413517,0.30946714
7.159999802708626,16.275944,0.13426991,0.30946714
7.170000031590462,16.267944,0.13440466,0.30946714
7.1799997836351395,16.307945,0.13460676,0.30946714
7.190000012516975,16.367945,0.13487624,0.30946714
7.199999764561653,16.419945,0.1352131,0.30702558
7.209999993443489,16.491943,0.13575207,0.30458403
7.220000222325325,16.607944,0.1363584,0.30214247
7.229999974370003,16.703943,0.13676263,0.30092168
7.240000203251839,16.735943,0.13696474,0.29970092
7.249999955296516,16.751944,0.1370321,0.30092168
7.260000184178352,16.767942,0.13709947,0.30092168
7.26999993622303,16.791943,0.1373016,0.30092168
7.280000165104866,16.787943,0.13743633,0.30092168
7.289999917149544,16.827942,0.1375037,0.30214247
7.30000014603138,16.815943,0.13757108,0.30336323
7.309999898076057,16.807943,0.13757108,0.30336323
7.320000126957893,16.855942,0.13763843,0.30458403
7.329999879002571,16.867943,0.13770582,0.30458403
7.340000107884407,16.847942,0.13784055,0.3058048
7.349999859929085,16.827942,0.13790792,0.3058048
7.360000088810921,16.835943,0.1379753,0.30702558
7.3699998408555984,16.847942,0.13817741,0.30702558
7.380000069737434,16.899942,0.1384469,0.30702558
7.389999821782112,16.943943,0.13871637,0.3058048
7.400000050663948,16.987942,0.13905324,0.30458403
7.409999802708626,17.047941,0.13945746,0.30336323
7.420000031590462,17.139942,0.1397943,0.30214247
7.4299997836351395,17.23594,0.14006379,0.30092168
7.440000012516975,17.23594,0.1402659,0.30092168
7.449999764561653,17.29194,0.14046802,0.29970092
7.459999993443489,17.327942,0.1407375,0.29848012
7.470000222325325,17.38794,0.14114173,0.29725936
7.479999974370003,17.45194,0.14168069,0.2948178
7.490000203251839,17.55594,0.14208491,0.293597
7.499999955296516,17.61594,0.14242177,0.29237625
7.510000184178352,17.627941,0.1425565,0.29237625
7.51999993622303,17.63594,0.1425565,0.293597
7.530000165104866,17.65194,0.1425565,0.2948178
7.539999917149544,17.63994,0.1425565,0.29603857
7.55000014603138,17.62394,0.1425565,0.29725936
7.559999898076057,17.61194,0.1425565,0.29848012
7.570000126957893,17.60394,0.1425565,0.29970092
7.579999879002571,17.60394,0.1425565,0.30092168
7.590000107884407,17.59194,0.1425565,0.30214247
7.599999859929085,17.61194,0.1425565,0.30336323
7.610000088810921,17.55994,0.1425565,0.30458403
7.6199998408555984,17.55194,0.1425565,0.30458403
7.630000069737434,17.54394,0.1425565,0.30702558
7.639999821782112,17.51194,0.1425565,0.30702558
7.650000050663948,17.49994,0.1425565,0.30824634
7.659999802708626,17.49994,0.1425565,0.30946714
7.670000031590462,17.52394,0.1425565,0.3106879
7.6799997836351395,17.48394,0.1425565,0.3119087
7.690000012516975,17.491941,0.1425565,0.31312945
7.699999764561653,17.50394,0.1425565,0.31435025
7.709999993443489,17.47994,0.1425565,0.315571
7.720000222325325,17.47594,0.1425565,0.3167918
7.729999974370003,17.47994,0.1425565,0.31801257
7.740000203251839,17.435942,0.1425565,0.31923336
7.749999955296516,17.435942,0.1425565,0.32045412
7.760000184178352,17.45594,0.1425565,0.3216749
7.76999993622303,17.41994,0.1425565,0.32289568
7.780000165104866,17.39994,0.1425565,0.32411647
7.789999917149544,17.411942,0.1425565,0.32411647
7.80000014603138,17.42794,0.1425565,0.32655802
7.809999898076057,17.383942,0.1425565,0.32655802
7.819999650120735,17.39594,0.1425565,0.32899958
7.829999879002571,17.40394,0.1425565,0.32899958
7.840000107884407,17.38794,0.1425565,0.33022034
7.850000336766243,17.35194,0.1425565,0.33144113
7.8599996119737625,17.35194,0.1425565,0.3326619
7.8699998408555984,17.363941,0.1425565,0.3338827
7.880000069737434,17.34394,0.1425565,0.33510345
7.89000029861927,17.347942,0.1425565,0.33632424
7.89999957382679,17.327942,0.1425565,0.337545
7.909999802708626,17.31594,0.1425565,0.3387658
7.920000031590462,17.31594,0.1425565,0.33998656
7.930000260472298,17.34394,0.1425565,0.34120736
7.939999535679817,17.311941,0.1425565,0.34242812
7.949999764561653,17.299942,0.14262389,0.34242812
7.959999993443489,17.31994,0.14262389,0.3436489
7.970000222325325,17.299942,0.14262389,0.34486967
7.980000451207161,17.275942,0.14269125,0.34609047
7.9899997264146805,17.275942,0.14269125,0.34731123
7.999999955296516,17.311941,0.14275862,0.34731123
8.010000184178352,17.303942,0.14282599,0.34853202
8.020000413060188,17.29594,0.14289337,0.34853202
8.029999688267708,17.303942,0.14289337,0.34975278
8.039999917149544,17.32394,0.14296073,0.35097358
8.05000014603138,17.335941,0.14316285,0.34975278
8.060000374913216,17.391941,0.14343233,0.34975278
8.069999650120735,17.463942,0.14376919,0.34853202
8.079999879002571,17.52394,0.14424078,0.34609047
8.090000107884407,17.61994,0.14491448,0.3436489
8.100000336766243,17.84394,0.14572293,0.3387658
8.109999611973763,17.991938,0.14666612,0.3326619
8.119999840855598,18.175938,0.14760931,0.3277788
8.130000069737434,18.403938,0.14861988,0.3216749
8.14000029861927,18.575937,0.14963044,0.3167918
8.14999957382679,18.759935,0.1503715,0.31312945
8.159999802708626,18.867935,0.15084311,0.3106879
8.170000031590462,18.979937,0.15124734,0.30824634
8.180000260472298,19.047935,0.15165156,0.30702558
8.189999535679817,19.095936,0.15198842,0.3058048
8.199999764561653,19.163935,0.1522579,0.30458403
8.209999993443489,19.195934,0.15246001,0.30458403
8.220000222325325,19.207935,0.15259475,0.30458403
8.230000451207161,19.235935,0.15259475,0.3058048
8.23999972641468,19.235935,0.15266213,0.30702558
8.249999955296516,19.191935,0.15272948,0.30824634
8.260000184178352,19.207935,0.15272948,0.30824634
8.270000413060188,19.207935,0.15279686,0.30946714
8.279999688267708,19.203934,0.15279686,0.3106879
8.289999917149544,19.175934,0.15279686,0.3119087
8.30000014603138,19.195934,0.15286423,0.3119087
8.310000374913216,19.191935,0.1529316,0.31312945
8.319999650120735,19.191935,0.15299897,0.31312945
8.329999879002571,19.207935,0.1531337,0.31435025
8.340000107884407,19.251934,0.15326846,0.31435025
8.350000336766243,19.271935,0.15347058,0.31435025
8.359999611973763,19.315935,0.15367268,0.31312945
8.369999840855598,19.375935,0.15394217,0.31312945
8.380000069737434,19.387934,0.15421164,0.3119087
8.39000029861927,19.431934,0.15441376,0.3119087
8.39999957382679,19.475933,0.15461586,0.3119087
8.409999802708626,19.511934,0.15488535,0.3119087
8.420000031590462,19.511934,0.1550201,0.3106879
8.430000260472298,19.539934,0.1550201,0.3119087
8.439999535679817,19.559933,0.15508747,0.31312945
8.449999764561653,19.535933,0.15508747,0.31435025
8.459999993443489,19.511934,0.15508747,0.315571
8.470000222325325,19.527933,0.15508747,0.3167918
8.480000451207161,19.527933,0.15508747,0.31801257
8.48999972641468,19.499933,0.15508747,0.31923336
8.499999955296516,19.511934,0.15508747,0.32045412
8.510000184178352,19.483934,0.15508747,0.32045412
8.520000413060188,19.499933,0.15515484,0.3216749
8.529999688267708,19.463934,0.15515484,0.32289568
8.539999917149544,19.467934,0.15515484,0.32411647
8.55000014603138,19.451933,0.15515484,0.32533723
8.560000374913216,19.451933,0.15515484,0.32655802
8.569999650120735,19.479933,0.15515484,0.3277788
8.579999879002571,19.447933,0.15515484,0.32899958
8.590000107884407,19.415934,0.15522222,0.32899958
8.600000336766243,19.427933,0.15522222,0.33022034
8.609999611973763,19.435934,0.15522222,0.33144113
8.619999840855598,19.407934,0.15522222,0.3326619
8.630000069737434,19.407934,0.15522222,0.3338827
8.64000029861927,19.403934,0.15522222,0.33510345
8.64999957382679,19.395935,0.15522222,0.33632424
8.659999802708626,19.367935,0.15528958,0.33632424
8.670000031590462,19.391933,0.15528958,0.3387658
8.680000260472298,19.395935,0.15535696,0.3387658
8.689999535679817,19.379934,0.15542433,0.33998656
8.699999764561653,19.399933,0.15542433,0.33998656
8.709999993443489,19.407934,0.1554917,0.34120736
8.720000222325325,19.403934,0.15555906,0.34242812
8.730000451207161,19.399933,0.15562645,0.34242812
8.73999972641468,19.431934,0.15576118,0.34242812
8.749999955296516,19.443933,0.15596329,0.34242812
8.760000184178352,19.455935,0.15609804,0.34242812
8.770000413060188,19.491934,0.1561654,0.3436489
8.779999688267708,19.547934,0.15630014,0.3436489
8.789999917149544,19.535933,0.15656962,0.3436489
8.80000014603138,19.583933,0.1568391,0.34242812
8.810000374913216,19.659933,0.15724333,0.33998656
8.819999650120735,19.783932,0.1577823,0.3387658
8.829999879002571,19.891933,0.15838864,0.33510345
8.840000107884407,20.027933,0.1589276,0.3326619
8.850000336766243,20.143932,0.15946658,0.33022034
8.859999611973763,20.227932,0.15993816,0.3277788
8.869999840855598,20.363932,0.16067924,0.32411647
8.880000069737434,20.53193,0.16135295,0.32045412
8.89000029861927,20.58793,0.1616898,0.31923336
8.89999957382679,20.59193,0.1616898,0.32045412
8.909999802708626,20.59593,0.16175717,0.32045412
8.920000031590462,20.59593,0.16175717,0.32289568
8.930000260472298,20.57993,0.16175717,0.32289568
8.939999535679817,20.60393,0.16175717,0.32411647
8.949999764561653,20.59193,0.16175717,0.32533723
8.959999993443489,20.563929,0.16182455,0.32655802
8.970000222325325,20.58393,0.16182455,0.3277788
8.980000451207161,20.60793,0.16182455,0.32899958
8.98999972641468,20.57193,0.16182455,0.33022034
8.999999955296516,20.559929,0.16189191,0.33022034
9.010000184178352,20.539928,0.16189191,0.33144113
9.020000413060188,20.53193,0.16195929,0.3326619
9.029999688267708,20.51993,0.16202666,0.3326619
9.039999917149544,20.54393,0.16209403,0.3338827
9.05000014603138,20.555931,0.16209403,0.33510345
9.060000374913216,20.53193,0.16222878,0.33510345
9.069999650120735,20.559929,0.16229613,0.33632424
9.079999879002571,20.59193,0.16229613,0.33632424
9.090000107884407,20.57193,0.16236351,0.337545
9.100000336766243,20.56793,0.16243088,0.3387658
9.109999611973763,20.58393,0.16243088,0.33998656
9.119999840855598,20.57993,0.16243088,0.33998656
9.130000069737434,20.57193,0.16256562,0.34120736
9.14000029861927,20.563929,0.162633,0.34120736
9.14999957382679,20.57993,0.16270036,0.34242812
9.159999802708626,20.59193,0.16290247,0.34242812
9.170000031590462,20.639929,0.16317196,0.34120736
9.180000260472298,20.73993,0.16350882,0.33998656
9.189999535679817,20.83993,0.16411516,0.33632424
9.199999764561653,20.971928,0.16478886,0.3338827
9.209999993443489,21.143927,0.1655973,0.32899958
9.220000222325325,21.319927,0.16647314,0.32411647
9.230000451207161,21.487928,0.16734895,0.31923336
9.23999972641468,21.667925,0.1679553,0.3167918
9.249999955296516,21.743925,0.1681574,0.315571
9.260000184178352,21.707926,0.1681574,0.3167918
9.270000413060188,21.691925,0.1681574,0.31801257
9.279999688267708,21.699926,0.1681574,0.31923336
9.289999917149544,21.711926,0.1681574,0.32045412
9.30000014603138,21.691925,0.1681574,0.3216749
9.310000374913216,21.683928,0.1681574,0.32289568
9.319999650120735,21.699926,0.1681574,0.32411647
9.329999879002571,21.683928,0.1681574,0.32533723
9.340000107884407,21.679926,0.16822477,0.32655802
9.350000336766243,21.699926,0.16829214,0.32655802
9.359999611973763,21.631926,0.16829214,0.3277788
9.369999840855598,21.619926,0.16829214,0.32899958
9.380000069737434,21.615927,0.16829214,0.33022034
9.39000029861927,21.627926,0.1683595,0.33022034
9.39999957382679,21.627926,0.16849424,0.33022034
9.409999802708626,21.639927,0.16849424,0.3326619
9.420000031590462,21.659927,0.16856162,0.3326619
9.430000260472298,21.615927,0.16856162,0.3338827
9.439999535679817,21.631926,0.16862899,0.33510345
9.449999764561653,21.683928,0.16869636,0.33510345
9.459999993443489,21.687925,0.16876373,0.33632424
9.470000222325325,21.659927,0.16883111,0.33632424
9.480000451207161,21.667925,0.16889846,0.337545
9.48999972641468,21.687925,0.16910058,0.337545
9.499999955296516,21.707926,0.16930269,0.33632424
9.510000184178352,21.775927,0.16963956,0.33632424
9.520000413060188,21.879925,0.17004378,0.3338827
9.529999688267708,21.995924,0.17078485,0.33022034
9.539999917149544,22.191923,0.17172804,0.32411647
9.55000014603138,22.471924,0.17294072,0.31801257
9.560000374913216,22.767923,0.17442288,0.30946714
9.569999650120735,23.04792,0.17556818,0.30214247
9.579999879002571,23.22792,0.17617452,0.29848012
9.590000107884407,23.33992,0.17671347,0.29603857
9.600000336766243,23.391922,0.17718507,0.2948178
9.609999611973763,23.49992,0.1775893,0.29237625
9.619999840855598,23.61592,0.17812827,0.2899347
9.630000069737434,23.72392,0.17893672,0.28505158
9.64000029861927,23.92792,0.18001465,0.27894768
9.64999957382679,24.16792,0.18089047,0.27406457
9.659999802708626,24.275917,0.18115996,0.27406457
9.670000031590462,24.263918,0.18115996,0.27406457
9.680000260472298,24.275917,0.18115996,0.27528536
9.689999535679817,24.275917,0.18115996,0.27650613
9.699999764561653,24.24792,0.18115996,0.27772692
9.709999993443489,24.207918,0.18115996,0.27894768
9.720000222325325,24.179918,0.18115996,0.28016847
9.730000451207161,24.159918,0.18115996,0.28138924
9.73999972641468,24.159918,0.18115996,0.28261003
9.749999955296516,24.183918,0.18115996,0.2838308
9.760000184178352,24.163918,0.18115996,0.28505158
9.770000413060188,24.127918,0.18115996,0.28627235
9.779999688267708,24.099918,0.18115996,0.28749314
9.789999917149544,24.115917,0.18115996,0.2887139
9.80000014603138,24.107918,0.18115996,0.2887139
9.810000374913216,24.099918,0.18115996,0.29115546
9.819999650120735,24.083918,0.18115996,0.29115546
9.829999879002571,24.055918,0.18115996,0.293597
9.840000107884407,24.011919,0.18115996,0.293597
9.850000336766243,24.015917,0.18115996,0.2948178
9.859999611973763,24.039917,0.18115996,0.29603857
9.869999840855598,24.015917,0.18115996,0.29725936
9.880000069737434,23.999918,0.18115996,0.29848012
9.89000029861927,23.983917,0.18115996,0.29970092
9.89999957382679,23.983917,0.18115996,0.30092168
9.909999802708626,23.979918,0.18115996,0.30214247
9.920000031590462,24.011919,0.18115996,0.30336323
9.930000260472298,23.963919,0.18115996,0.30458403
9.939999535679817,23.903917,0.18115996,0.3058048
9.949999764561653,23.903917,0.18115996,0.30702558
9.959999993443489,23.92792,0.18115996,0.30824634
9.970000222325325,23.923918,0.18115996,0.30946714
9.980000451207161,23.903917,0.18115996,0.3106879
9.98999972641468,23.891918,0.18115996,0.3106879
9.999999955296516,23.867918,0.18115996,0.31312945
10.010000184178352,23.867918,0.18115996,0.31312945
10.020000413060188,23.867918,0.18115996,0.31435025
10.029999688267708,23.87592,0.18115996,0.315571
10.039999917149544,23.83992,0.18115996,0.3167918
10.05000014603138,23.827919,0.18115996,0.31801257
10.060000374913216,23.81592,0.18115996,0.31923336
10.069999650120735,23.803919,0.18115996,0.32045412
10.079999879002571,23.787918,0.18115996,0.3216749
10.090000107884407,23.81992,0.18115996,0.32289568
10.100000336766243,23.79192,0.18115996,0.32411647
10.109999611973763,23.755919,0.18115996,0.32533723
10.119999840855598,23.767918,0.18115996,0.32655802
10.130000069737434,23.775919,0.18115996,0.3277788
10.14000029861927,23.75992,0.18115996,0.32899958
10.14999957382679,23.755919,0.18115996,0.33022034
10.159999802708626,23.743917,0.18115996,0.33022034
10.170000031590462,23.727919,0.18115996,0.3326619
10.180000260472298,23.707918,0.18115996,0.3326619
10.189999535679817,23.70392,0.18115996,0.3338827
10.199999764561653,23.71192,0.18115996,0.33510345
10.209999993443489,23.68392,0.18122731,0.33632424
10.220000222325325,23.69992,0.18122731,0.337545
10.230000451207161,23.70392,0.18122731,0.3387658
10.23999972641468,23.63992,0.18122731,0.33998656
10.249999955296516,23.65992,0.18122731,0.34120736
10.260000184178352,23.675919,0.18122731,0.34242812
10.270000413060188,23.67992,0.1812947,0.34242812
10.279999688267708,23.63992,0.18136206,0.3436489
10.289999917149544,23.671919,0.1814968,0.3436489
10.30000014603138,23.74792,0.18183365,0.34242812
10.310000374913216,23.79992,0.18223788,0.34120736
10.319999650120735,23.919918,0.18291159,0.337545
10.329999879002571,24.127918,0.1837874,0.3326619
10.340000107884407,24.387917,0.18500008,0.32533723
10.350000336766243,24.655916,0.18641487,0.3167918
10.359999611973763,24.979916,0.1874928,0.3106879
10.369999840855598,25.127914,0.18796441,0.30824634
10.380000069737434,25.183914,0.18816651,0.30824634
10.39000029861927,25.191914,0.18816651,0.30946714
10.39999957382679,25.199915,0.18823388,0.30946714
10.409999802708626,25.179914,0.18843599,0.30946714
10.420000031590462,25.227915,0.18857074,0.30946714
10.430000260472298,25.299913,0.18877284,0.30946714
10.439999535679817,25.299913,0.18897496,0.30946714
10.449999764561653,25.335915,0.18924445,0.30824634
10.459999993443489,25.391914,0.18937919,0.30946714
10.470000222325325,25.435913,0.18958129,0.30824634
10.480000451207161,25.459913,0.18978341,0.30824634
10.48999972641468,25.491913,0.1900529,0.30824634
10.499999955296516,25.551912,0.19032237,0.30702558
10.510000184178352,25.603914,0.19072661,0.30458403
10.520000413060188,25.707912,0.19119819,0.30336323
10.529999688267708,25.84391,0.19180453,0.30092168
10.539999917149544,25.927912,0.19220875,0.29848012
10.55000014603138,25.987911,0.19234349,0.29848012
10.560000374913216,25.99991,0.19234349,0.29970092
10.569999650120735,25.991913,0.19234349,0.30092168
10.579999879002571,25.963911,0.19234349,0.30214247
10.590000107884407,25.955912,0.19234349,0.30336323
10.600000336766243,25.959911,0.19234349,0.30458403
10.609999611973763,25.915913,0.19234349,0.3058048
10.619999840855598,25.903912,0.19234349,0.30702558
10.630000069737434,25.907911,0.19234349,0.30824634
10.64000029861927,25.907911,0.19234349,0.30946714
10.64999957382679,25.86391,0.19234349,0.3106879
10.659999802708626,25.875912,0.19234349,0.3106879
10.670000031590462,25.883911,0.19234349,0.31312945
10.680000260472298,25.86391,0.19234349,0.31312945
10.689999535679817,25.84391,0.19234349,0.31435025
10.699999764561653,25.851912,0.19234349,0.315571
10.709999993443489,25.823912,0.19234349,0.3167918
10.720000222325325,25.791912,0.19234349,0.31801257
10.730000451207161,25.811913,0.19234349,0.31923336
10.73999972641468,25.799913,0.19234349,0.32045412
10.749999955296516,25.767912,0.19234349,0.3216749
10.760000184178352,25.751911,0.19234349,0.32289568
10.770000413060188,25.759912,0.19234349,0.32411647
10.779999688267708,25.743914,0.19234349,0.32533723
10.789999917149544,25.723913,0.19234349,0.32655802
10.80000014603138,25.735912,0.19234349,0.3277788
10.810000374913216,25.739914,0.19234349,0.32899958
10.819999650120735,25.707912,0.19241087,0.32899958
10.829999879002571,25.707912,0.19241087,0.33022034
10.840000107884407,25.711912,0.19241087,0.33144113
10.850000336766243,25.699913,0.19241087,0.3326619
10.859999611973763,25.695913,0.19241087,0.3338827
10.869999840855598,25.695913,0.19241087,0.33510345
10.880000069737434,25.695913,0.19247822,0.33632424
10.89000029861927,25.679913,0.19254561,0.33632424
10.89999957382679,25.727911,0.19268034,0.33632424
10.909999802708626,25.747911,0.1928151,0.33632424
10.920000031590462,25.739914,0.19288245,0.337545
10.930000260472298,25.775913,0.19294983,0.3387658
10.939999535679817,25.759912,0.19294983,0.3387658
10.949999764561653,25.747911,0.1930172,0.33998656
10.959999993443489,25.731913,0.1930172,0.34120736
10.970000222325325,25.76391,0.1930172,0.34242812
10.980000451207161,25.755913,0.19308457,0.34242812
10.98999972641468,25.751911,0.19315194,0.3436489
10.999999955296516,25.775913,0.19335406,0.3436489
11.010000184178352,25.803911,0.19342142,0.3436489
11.020000413060188,25.823912,0.19355616,0.3436489
11.029999688267708,25.879913,0.19382565,0.3436489
11.039999917149544,25.959911,0.19422987,0.34242812
11.05000014603138,26.051912,0.19476885,0.33998656
11.060000374913216,26.17191,0.19544254,0.33632424
11.069999650120735,26.37191,0.19618364,0.3326619
11.079999879002571,26.56391,0.19705945,0.3277788
11.090000107884407,26.755907,0.19807,0.3216749
11.100000336766243,27.007908,0.19914794,0.315571
11.109999611973763,27.227907,0.19988902,0.3106879
11.119999840855598,27.319906,0.20009112,0.3106879
11.130000069737434,27.335909,0.2001585,0.3106879
11.14000029861927,27.351908,0.2001585,0.31312945
11.14999957382679,27.347908,0.20022587,0.31312945
11.159999802708626,27.315908,0.20029324,0.31435025
11.170000031590462,27.327908,0.20036061,0.31435025
11.180000260472298,27.339907,0.20042798,0.315571
11.189999535679817,27.351908,0.2006301,0.31435025
11.199999764561653,27.435905,0.20089959,0.31435025
11.209999993443489,27.491907,0.20116906,0.31312945
11.220000222325325,27.531906,0.2015733,0.3119087
11.230000451207161,27.607906,0.20197752,0.3106879
11.23999972641468,27.691906,0.20231436,0.30946714
11.249999955296516,27.767904,0.20265122,0.30824634
11.260000184178352,27.827906,0.20305546,0.30702558
11.270000413060188,27.943905,0.20352703,0.30458403
11.279999688267708,28.091906,0.20426811,0.30092168
11.289999917149544,28.251904,0.20500919,0.29603857
11.30000014603138,28.399904,0.2056829,0.293597
11.310000374913216,28.535904,0.20601976,0.29115546
11.319999650120735,28.575903,0.20601976,0.29237625
11.329999879002571,28.539904,0.20608713,0.293597
11.340000107884407,28.559904,0.2061545,0.293597
11.350000336766243,28.531902,0.2061545,0.2948178
11.359999611973763,28.511904,0.2061545,0.29603857
11.369999840855598,28.507902,0.20622188,0.29725936
11.380000069737434,28.539904,0.20622188,0.29848012
11.39000029861927,28.491903,0.20622188,0.29970092
11.39999957382679,28.491903,0.20628923,0.29970092
11.409999802708626,28.491903,0.20628923,0.30092168
11.420000031590462,28.491903,0.20635661,0.30214247
11.430000260472298,28.503902,0.20635661,0.30336323
11.439999535679817,28.495903,0.20642398,0.30336323
11.449999764561653,28.479904,0.20649135,0.30458403
11.459999993443489,28.459904,0.2066261,0.30458403
11.470000222325325,28.519903,0.20689557,0.30458403
11.480000451207161,28.631903,0.20729981,0.30214247
11.48999972641468,28.707903,0.20777139,0.29970092
11.499999955296516,28.839901,0.20831037,0.29725936
11.510000184178352,28.943903,0.20884933,0.2948178
11.520000413060188,29.023903,0.20918618,0.293597
11.529999688267708,29.115902,0.20952304,0.29237625
11.539999917149544,29.2119,0.20992726,0.29115546
11.55000014603138,29.2799,0.21026412,0.2899347
11.560000374913216,29.311901,0.21053359,0.2887139
11.569999650120735,29.319899,0.21060097,0.2899347
11.579999879002571,29.355902,0.21066834,0.29115546
11.590000107884407,29.331902,0.21066834,0.29115546
11.600000336766243,29.3519,0.21073571,0.29237625
11.609999611973763,29.355902,0.21080308,0.293597
11.619999840855598,29.355902,0.21087046,0.293597
11.630000069737434,29.331902,0.21087046,0.2948178
11.64000029861927,29.3239,0.21087046,0.29603857
11.64999957382679,29.331902,0.21087046,0.29725936
11.659999802708626,29.319899,0.21093781,0.29848012
11.670000031590462,29.319899,0.21093781,0.29848012
11.680000260472298,29.2919,0.21093781,0.29970092
11.689999535679817,29.2719,0.21093781,0.30092168
11.699999764561653,29.2599,0.21093781,0.30214247
11.709999993443489,29.2679,0.21093781,0.30336323
11.720000222325325,29.2679,0.21093781,0.30458403
11.730000451207161,29.2439,0.21093781,0.3058048
11.73999972641468,29.2279,0.2110052,0.30702558
11.749999955296516,29.239902,0.2110052,0.30824634
11.760000184178352,29.2359,0.2110052,0.30946714
11.770000413060188,29.2119,0.2110052,0.3106879
11.779999688267708,29.2279,0.2110052,0.3106879
11.789999917149544,29.175901,0.2110052,0.31312945
11.80000014603138,29.1639,0.2110052,0.31312945
11.810000374913216,29.151901,0.2110052,0.31435025
11.819999650120735,29.175901,0.2110052,0.315571
11.829999879002571,29.155901,0.21107256,0.3167918
11.840000107884407,29.1679,0.21113993,0.3167918
11.850000336766243,29.1919,0.21127468,0.31801257
11.859999611973763,29.1879,0.21140942,0.31801257
11.869999840855598,29.2359,0.21161152,0.3167918
11.880000069737434,29.275902,0.21161152,0.31923336
11.89000029861927,29.2679,0.21161152,0.31923336
11.89999957382679,29.2359,0.21161152,0.32045412
11.909999802708626,29.239902,0.21161152,0.3216749
11.920000031590462,29.219902,0.21161152,0.32289568
11.930000260472298,29.199902,0.21161152,0.32411647
11.939999535679817,29.1919,0.2116789,0.32533723
11.949999764561653,29.2359,0.2116789,0.32655802
11.959999993443489,29.183899,0.2116789,0.3277788
11.970000222325325,29.1719,0.2116789,0.32899958
11.980000451207161,29.183899,0.21174628,0.32899958
11.98999972641468,29.1639,0.21174628,0.33022034
11.999999955296516,29.1919,0.21181364,0.33144113
12.010000184178352,29.195902,0.21188101,0.33144113
12.020000413060188,29.2159,0.21208313,0.33144113
12.029999688267708,29.231901,0.21228524,0.33144113
12.039999917149544,29.2879,0.21255472,0.33022034
12.05000014603138,29.3879,0.21295895,0.32899958
12.060000374913216,29.5079,0.2134979,0.32655802
12.069999650120735,29.651897,0.21430637,0.32289568
12.079999879002571,29.887897,0.21531692,0.315571
12.090000107884407,30.131899,0.21639486,0.3106879
12.100000336766243,30.375896,0.21740541,0.30336323
12.109999611973763,30.615896,0.21821386,0.29970092
12.119999840855598,30.743895,0.21861808,0.29725936
12.130000069737434,30.787895,0.2188202,0.29725936
12.14000029861927,30.775894,0.21888757,0.29848012
12.14999957382679,30.807896,0.21895495,0.29848012
12.159999802708626,30.791897,0.21895495,0.29970092
12.170000031590462,30.815895,0.2190223,0.30092168
12.180000260472298,30.827896,0.21908969,0.30092168
12.189999535679817,30.827896,0.21915706,0.30214247
12.199999764561653,30.823895,0.21929179,0.30214247
12.209999993443489,30.851896,0.21949391,0.30214247
12.220000222325325,30.951893,0.21983077,0.30092168
12.230000451207161,31.031895,0.22036973,0.29848012
12.23999972641468,31.127893,0.22097605,0.2948178
12.249999955296516,31.307894,0.22164977,0.29115546
12.260000184178352,31.423893,0.22225611,0.2887139
12.270000413060188,31.53189,0.2227277,0.28627235
12.279999688267708,31.643892,0.22299719,0.28627235
12.289999917149544,31.69189,0.22313192,0.28627235
12.30000014603138,31.715893,0.22326666,0.28627235
12.310000374913216,31.719893,0.22333404,0.28749314
12.319999650120735,31.707891,0.22340141,0.28749314
12.329999879002571,31.715893,0.22340141,0.2887139
12.340000107884407,31.695892,0.22340141,0.2899347
12.350000336766243,31.695892,0.22346878,0.29115546
12.359999611973763,31.683893,0.22346878,0.29237625
12.369999840855598,31.655891,0.22353615,0.293597
12.380000069737434,31.659893,0.22360353,0.293597
12.39000029861927,31.679892,0.22360353,0.2948178
12.39999957382679,31.639893,0.22360353,0.29603857
12.409999802708626,31.635893,0.22360353,0.29725936
12.420000031590462,31.675892,0.22360353,0.29848012
12.430000260472298,31.655891,0.2236709,0.29848012
12.439999535679817,31.631891,0.2236709,0.29970092
12.449999764561653,31.623894,0.2236709,0.30092168
12.459999993443489,31.635893,0.22373827,0.30092168
12.470000222325325,31.587893,0.22373827,0.30336323
12.480000451207161,31.587893,0.22380564,0.30336323
12.48999972641468,31.595892,0.22380564,0.30458403
12.499999955296516,31.587893,0.22387302,0.30458403
12.510000184178352,31.575891,0.22394037,0.3058048
12.520000413060188,31.643892,0.22400776,0.30702558
12.529999688267708,31.627893,0.22400776,0.30824634
12.539999917149544,31.595892,0.22407512,0.30824634
12.55000014603138,31.603893,0.22407512,0.30946714
12.560000374913216,31.599892,0.22407512,0.3106879
12.569999650120735,31.579893,0.22407512,0.3119087
12.579999879002571,31.579893,0.22414249,0.31312945
12.590000107884407,31.591892,0.22414249,0.31435025
12.600000336766243,31.555891,0.22420986,0.31435025
12.609999611973763,31.563892,0.22420986,0.315571
12.619999840855598,31.559893,0.22420986,0.3167918
12.630000069737434,31.587893,0.22427723,0.3167918
12.64000029861927,31.547894,0.22427723,0.31923336
12.64999957382679,31.547894,0.2243446,0.31923336
12.659999802708626,31.575891,0.2243446,0.32045412
12.670000031590462,31.555891,0.22441196,0.32045412
12.680000260472298,31.551891,0.22441196,0.32289568
12.689999535679817,31.551891,0.22447935,0.32289568
12.699999764561653,31.551891,0.22447935,0.32411647
12.709999993443489,31.523893,0.2245467,0.32411647
12.720000222325325,31.579893,0.22468145,0.32533723
12.730000451207161,31.599892,0.22481619,0.32533723
12.73999972641468,31.603893,0.22495092,0.32533723
12.749999955296516,31.643892,0.22515306,0.32533723
12.760000184178352,31.739893,0.22555728,0.32411647
12.770000413060188,31.859892,0.22623098,0.32045412
12.779999688267708,32.035892,0.22697206,0.3167918
12.789999917149544,32.211887,0.22764577,0.31312945
12.80000014603138,32.35189,0.22818473,0.3106879
12.810000374913216,32.42389,0.22852159,0.30946714
12.819999650120735,32.49189,0.2287237,0.30824634
12.829999879002571,32.53989,0.22885844,0.30946714
12.840000107884407,32.51989,0.22892581,0.30946714
12.850000336766243,32.53989,0.22899318,0.3106879
12.859999611973763,32.55989,0.22906055,0.3106879
12.869999840855598,32.53189,0.22906055,0.3119087
12.880000069737434,32.53189,0.22906055,0.31312945
12.89000029861927,32.54789,0.22906055,0.31435025
12.89999957382679,32.54789,0.22906055,0.315571
12.909999802708626,32.503887,0.22906055,0.3167918
12.920000031590462,32.48789,0.22906055,0.31801257
12.930000260472298,32.48789,0.22906055,0.31923336
12.939999535679817,32.45189,0.22906055,0.32045412
12.949999764561653,32.43189,0.22912793,0.32045412
12.959999993443489,32.467888,0.2291953,0.3216749
12.970000222325325,32.47189,0.22933003,0.3216749
12.980000451207161,32.49189,0.22933003,0.32289568
12.98999972641468,32.483887,0.22933003,0.32411647
12.999999955296516,32.483887,0.22939742,0.32411647
13.010000184178352,32.45989,0.22939742,0.32533723
13.020000413060188,32.483887,0.22939742,0.32655802
13.029999688267708,32.483887,0.22939742,0.3277788
13.039999917149544,32.44389,0.22946477,0.32899958
13.05000014603138,32.427887,0.22946477,0.33022034
13.060000374913216,32.46389,0.22959952,0.33022034
13.069999650120735,32.48789,0.22973426,0.33022034
13.079999879002571,32.49589,0.229869,0.33022034
13.090000107884407,32.53189,0.23007111,0.33022034
13.100000336766243,32.571888,0.23013848,0.33144113
13.109999611973763,32.55589,0.23013848,0.3326619
13.119999840855598,32.57989,0.23020586,0.3326619
13.130000069737434,32.60389,0.2303406,0.3326619
13.14000029861927,32.61189,0.23047534,0.3338827
13.14999957382679,32.60389,0.23061009,0.3338827
13.159999802708626,32.65189,0.23074482,0.3338827
13.170000031590462,32.67189,0.23087958,0.3338827
13.180000260472298,32.703888,0.23101431,0.3338827
13.189999535679817,32.74389,0.23121642,0.3338827
13.199999764561653,32.787888,0.23141854,0.3338827
13.209999993443489,32.803886,0.23162064,0.3338827
13.220000222325325,32.863888,0.23189013,0.3326619
13.230000451207161,32.967888,0.23229435,0.33144113
13.23999972641468,33.06389,0.23276594,0.32899958
13.249999955296516,33.17989,0.23343965,0.32655802
13.260000184178352,33.367886,0.2342481,0.32045412
13.270000413060188,33.595886,0.23512393,0.3167918
13.279999688267708,33.759884,0.23579763,0.31312945
13.289999917149544,33.907883,0.23626922,0.3106879
13.30000014603138,33.955887,0.23633659,0.3106879
13.310000374913216,33.943882,0.23633659,0.31312945
13.319999650120735,33.915886,0.23633659,0.31312945
13.329999879002571,33.927883,0.23633659,0.31435025
13.340000107884407,33.911884,0.23633659,0.315571
13.350000336766243,33.903885,0.23633659,0.3167918
13.359999611973763,33.903885,0.23633659,0.31801257
13.369999840855598,33.907883,0.23633659,0.31923336
13.380000069737434,33.843884,0.23633659,0.32045412
13.39000029861927,33.835884,0.23633659,0.3216749
13.39999957382679,33.855885,0.23633659,0.32289568
13.409999802708626,33.815884,0.23633659,0.32411647
13.420000031590462,33.795887,0.23633659,0.32533723
13.430000260472298,33.795887,0.23633659,0.32655802
13.439999535679817,33.799885,0.23633659,0.3277788
13.449999764561653,33.759884,0.23633659,0.32899958
13.459999993443489,33.759884,0.23640397,0.32899958
13.470000222325325,33.791885,0.23640397,0.33022034
13.480000451207161,33.783886,0.23640397,0.33144113
13.48999972641468,33.763885,0.23647133,0.3326619
13.499999955296516,33.775887,0.23653871,0.3326619
13.510000184178352,33.759884,0.23660608,0.3338827
13.520000413060188,33.755886,0.23660608,0.33510345
13.529999688267708,33.767883,0.23660608,0.33632424
13.539999917149544,33.763885,0.23667344,0.33632424
13.55000014603138,33.751884,0.23674081,0.337545
13.560000374913216,33.763885,0.23687555,0.337545
13.569999650120735,33.807884,0.23694293,0.3387658
13.579999879002571,33.815884,0.23694293,0.3387658
13.590000107884407,33.807884,0.2370103,0.33998656
13.600000336766243,33.815884,0.23707767,0.33998656
13.609999611973763,33.787884,0.23714504,0.34120736
13.619999840855598,33.827885,0.23734716,0.34120736
13.630000069737434,33.887886,0.23761664,0.34120736
13.64000029861927,33.979885,0.23802087,0.3387658
13.64999957382679,34.071884,0.2386272,0.33632424
13.659999802708626,34.25188,0.23950303,0.33144113
13.670000031590462,34.52788,0.24058095,0.32533723
13.680000260472298,34.823883,0.24179362,0.3167918
13.689999535679817,35.179882,0.24327578,0.30946714
13.699999764561653,35.51988,0.24442108,0.30092168
13.709999993443489,35.72388,0.24522953,0.29725936
13.720000222325325,35.863876,0.2459706,0.293597
13.730000451207161,36.071877,0.24677905,0.2887139
13.73999972641468,36.267876,0.24745278,0.28505158
13.749999955296516,36.435875,0.24826123,0.28138924
13.760000184178352,36.615875,0.24906966,0.27650613
13.770000413060188,36.779873,0.24960864,0.27406457
13.779999688267708,36.819874,0.24974336,0.27406457
13.789999917149544,36.819874,0.24974336,0.27528536
13.80000014603138,36.831875,0.24981074,0.27528536
13.810000374913216,36.815872,0.24981074,0.27650613
13.819999650120735,36.783875,0.24981074,0.27772692
13.829999879002571,36.759872,0.24981074,0.27894768
13.840000107884407,36.763874,0.24981074,0.28016847
13.850000336766243,36.723873,0.24981074,0.28138924
13.859999611973763,36.703873,0.24981074,0.28261003
13.869999840855598,36.691875,0.24981074,0.2838308
13.880000069737434,36.679874,0.24981074,0.28505158
13.89000029861927,36.655876,0.24987811,0.28505158
13.89999957382679,36.679874,0.24987811,0.28749314
13.909999802708626,36.671875,0.24987811,0.28749314
13.920000031590462,36.655876,0.24987811,0.2887139
13.930000260472298,36.627876,0.24987811,0.2899347
13.939999535679817,36.619877,0.24987811,0.29115546
13.949999764561653,36.607876,0.24994549,0.29237625
13.959999993443489,36.595875,0.25001287,0.293597
13.970000222325325,36.631874,0.25008023,0.293597
13.980000451207161,36.619877,0.25008023,0.2948178
13.98999972641468,36.571877,0.25014758,0.2948178
13.999999955296516,36.607876,0.25028235,0.29603857
14.010000184178352,36.619877,0.2503497,0.29603857
14.020000413060188,36.627876,0.25048447,0.29603857
14.029999688267708,36.699875,0.25068656,0.29603857
14.039999917149544,36.747875,0.2510234,0.2948178
14.05000014603138,36.827873,0.25142762,0.293597
14.060000374913216,36.915874,0.2519666,0.29115546
14.069999650120735,37.079876,0.25257295,0.28749314
14.079999879002571,37.235874,0.25324664,0.2838308
14.090000107884407,37.383873,0.25398773,0.28138924
14.100000336766243,37.58787,0.25472882,0.27650613
14.109999611973763,37.779873,0.25533515,0.27406457
14.119999840855598,37.83987,0.2554699,0.27406457
14.130000069737434,37.81187,0.2554699,0.27528536
14.14000029861927,37.80787,0.2554699,0.27528536
14.14999957382679,37.81987,0.2554699,0.27772692
14.159999802708626,37.80787,0.2554699,0.27772692
14.170000031590462,37.77587,0.2554699,0.27894768
14.180000260472298,37.77187,0.2554699,0.28016847
14.189999535679817,37.723873,0.2554699,0.28138924
14.199999764561653,37.72787,0.2554699,0.28261003
14.209999993443489,37.73587,0.2554699,0.2838308
14.220000222325325,37.695873,0.2554699,0.28505158
14.230000451207161,37.65987,0.2554699,0.28627235
14.23999972641468,37.65987,0.2554699,0.28749314
14.249999955296516,37.667873,0.2554699,0.2887139
14.260000184178352,37.627872,0.2554699,0.2899347
14.270000413060188,37.62387,0.2554699,0.29115546
14.279999688267708,37.62387,0.2554699,0.29237625
14.289999917149544,37.599873,0.2554699,0.293597
14.30000014603138,37.59587,0.2554699,0.2948178
14.310000374913216,37.58787,0.2554699,0.2948178
14.319999650120735,37.583874,0.2554699,0.29725936
14.329999879002571,37.55587,0.2554699,0.29725936
14.340000107884407,37.527874,0.2554699,0.29848012
14.350000336766243,37.507874,0.2554699,0.29970092
14.359999611973763,37.503872,0.2554699,0.30092168
14.369999840855598,37.53187,0.2554699,0.30214247
14.380000069737434,37.515873,0.2554699,0.30336323
14.39000029861927,37.471874,0.2554699,0.30458403
14.39999957382679,37.459873,0.25553727,0.30458403
14.409999802708626,37.491875,0.25553727,0.30702558
14.420000031590462,37.471874,0.25553727,0.30702558
14.430000260472298,37.447872,0.25553727,0.30946714
14.439999535679817,37.431873,0.25553727,0.30946714
14.449999764561653,37.45587,0.25553727,0.3106879
14.459999993443489,37.387875,0.25553727,0.3119087
14.470000222325325,37.395874,0.25553727,0.31312945
14.480000451207161,37.391872,0.25553727,0.31435025
14.48999972641468,37.387875,0.25553727,0.315571
14.499999955296516,37.383873,0.25553727,0.3167918
14.510000184178352,37.367874,0.25553727,0.31801257
14.520000413060188,37.347874,0.25560465,0.31923336
14.529999688267708,37.343872,0.25560465,0.32045412
14.539999917149544,37.355873,0.25560465,0.32045412
14.55000014603138,37.355873,0.25560465,0.3216749
14.560000374913216,37.30387,0.25560465,0.32289568
14.569999650120735,37.307873,0.25560465,0.32411647
14.579999879002571,37.335873,0.25567198,0.32533723
14.590000107884407,37.31987,0.25567198,0.32655802
14.600000336766243,37.30387,0.25567198,0.3277788
14.609999611973763,37.31987,0.25567198,0.32899958
14.619999840855598,37.32387,0.25573936,0.32899958
14.630000069737434,37.291874,0.25573936,0.33022034
14.64000029861927,37.271873,0.25580674,0.33144113
14.64999957382679,37.287872,0.25580674,0.3326619
14.659999802708626,37.291874,0.25587413,0.3326619
14.670000031590462,37.31987,0.25600886,0.3326619
14.680000260472298,37.347874,0.25621095,0.3326619
14.689999535679817,37.371872,0.25641307,0.3326619
14.699999764561653,37.415874,0.2566152,0.3326619
14.709999993443489,37.53987,0.2570194,0.33022034
14.720000222325325,37.66387,0.25755838,0.32899958
14.730000451207161,37.787872,0.2582321,0.32411647
14.73999972641468,37.995872,0.2591079,0.31923336
14.749999955296516,38.23587,0.25998372,0.31435025
14.760000184178352,38.41987,0.26079217,0.3106879
14.770000413060188,38.61187,0.26146588,0.30702558
14.779999688267708,38.743866,0.26180273,0.3058048
14.789999917149544,38.775867,0.26187012,0.30702558
14.80000014603138,38.767868,0.26187012,0.30702558
14.810000374913216,38.73587,0.26187012,0.30946714
14.819999650120735,38.75187,0.26187012,0.30946714
14.829999879002571,38.71587,0.26187012,0.3106879
14.840000107884407,38.73987,0.2619375,0.3119087
14.850000336766243,38.71587,0.2619375,0.31312945
14.859999611973763,38.679867,0.2619375,0.31435025
14.869999840855598,38.679867,0.2619375,0.315571
14.880000069737434,38.71587,0.2619375,0.3167918
14.89000029861927,38.66787,0.2619375,0.31801257
14.89999957382679,38.615868,0.26200485,0.31801257
14.909999802708626,38.623867,0.2620722,0.31923336
14.920000031590462,38.691868,0.26220697,0.31923336
14.930000260472298,38.71187,0.2623417,0.31923336
14.939999535679817,38.727867,0.2625438,0.31923336
14.949999764561653,38.81587,0.2628133,0.31801257
14.959999993443489,38.835865,0.26301542,0.31801257
14.970000222325325,38.87187,0.26328492,0.3167918
14.980000451207161,38.963867,0.26362175,0.3167918
14.98999972641468,39.055866,0.26409337,0.31435025
14.999999955296516,39.167866,0.26463228,0.3119087
15.010000184178352,39.32787,0.26523864,0.30824634
15.020000413060188,39.471867,0.265845,0.3058048
15.029999688267708,39.595863,0.26631656,0.30336323
15.039999917149544,39.707863,0.2667208,0.30214247
15.05000014603138,39.811867,0.2669903,0.30092168
15.060000374913216,39.867863,0.26725978,0.30092168
15.069999650120735,39.867863,0.2674619,0.29970092
15.079999879002571,39.91986,0.2675966,0.30092168
15.090000107884407,39.95986,0.267664,0.30092168
15.100000336766243,39.943867,0.26773137,0.30214247
15.109999611973763,39.911865,0.26773137,0.30336323
15.119999840855598,39.907864,0.26773137,0.30336323
15.130000069737434,39.891865,0.26779875,0.30458403
15.14000029861927,39.899864,0.26779875,0.3058048
15.14999957382679,39.903866,0.26779875,0.30702558
15.159999802708626,39.867863,0.26779875,0.30824634
15.170000031590462,39.863865,0.26779875,0.30946714
15.180000260472298,39.879864,0.26779875,0.3106879
15.189999535679817,39.831867,0.26779875,0.3119087
15.199999764561653,39.815865,0.26779875,0.31312945
15.209999993443489,39.819862,0.26779875,0.31435025
15.220000222325325,39.823864,0.26779875,0.31435025
15.230000451207161,39.77986,0.26779875,0.3167918
15.23999972641468,39.763866,0.2678661,0.3167918
15.249999955296516,39.791866,0.2678661,0.31801257
15.260000184178352,39.803864,0.2678661,0.31923336
15.270000413060188,39.767864,0.2679335,0.32045412
15.279999688267708,39.775864,0.26800084,0.32045412
15.289999917149544,39.771866,0.26806822,0.3216749
15.30000014603138,39.795864,0.26813558,0.3216749
15.310000374913216,39.787865,0.26820296,0.32289568
15.319999650120735,39.791866,0.26827034,0.32289568
15.329999879002571,39.799862,0.2683377,0.32411647
15.340000107884407,39.823864,0.26840505,0.32411647
15.350000336766243,39.851868,0.26847243,0.32533723
15.359999611973763,39.831867,0.26860717,0.32533723
15.369999840855598,39.839863,0.26874194,0.32533723
15.380000069737434,39.887863,0.26894403,0.32655802
15.39000029861927,39.95986,0.26914614,0.32533723
15.39999957382679,40.015865,0.269483,0.32411647
15.409999802708626,40.09186,0.2699546,0.3216749
15.420000031590462,40.25986,0.2706283,0.31923336
15.430000260472298,40.435863,0.271302,0.31435025
15.439999535679817,40.54386,0.27184096,0.31312945
15.449999764561653,40.671864,0.27217785,0.3106879
15.459999993443489,40.739864,0.27244732,0.3106879
15.470000222325325,40.77986,0.27264944,0.3106879
15.480000451207161,40.85186,0.2729189,0.30946714
15.48999972641468,40.923862,0.2733905,0.30824634
15.499999955296516,41.02786,0.27386212,0.30458403
15.510000184178352,41.15586,0.27440107,0.30336323
15.520000413060188,41.29986,0.27473792,0.30092168
15.529999688267708,41.30386,0.27487266,0.30214247
15.539999917149544,41.28786,0.27487266,0.30336323
15.55000014603138,41.307858,0.27494004,0.30336323
15.560000374913216,41.33586,0.2750074,0.30458403
15.569999650120735,41.29586,0.27514216,0.30458403
15.579999879002571,41.31586,0.27520952,0.30458403
15.590000107884407,41.351856,0.27527687,0.3058048
15.600000336766243,41.34386,0.27534425,0.30702558
15.609999611973763,41.32386,0.27541164,0.30702558
15.619999840855598,41.33586,0.27547902,0.30824634
15.630000069737434,41.37586,0.27554637,0.30946714
15.64000029861927,41.36386,0.2756811,0.30946714
15.64999957382679,41.38386,0.2757485,0.30946714
15.659999802708626,41.40786,0.2759506,0.30946714
15.670000031590462,41.46386,0.2761527,0.30946714
15.680000260472298,41.511856,0.2765569,0.30824634
15.689999535679817,41.643856,0.27702853,0.3058048
15.699999764561653,41.743855,0.27750012,0.30336323
15.709999993443489,41.84786,0.2779717,0.30092168
15.720000222325325,41.967857,0.27830857,0.29970092
15.730000451207161,42.055855,0.27857807,0.29848012
15.73999972641468,42.04786,0.27884755,0.29848012
15.749999955296516,42.091858,0.27911702,0.29848012
15.760000184178352,42.191856,0.27931914,0.29725936
15.770000413060188,42.235855,0.27952123,0.29725936
15.779999688267708,42.231857,0.279656,0.29725936
15.789999917149544,42.239857,0.27972338,0.29848012
15.80000014603138,42.275856,0.27979073,0.29848012
15.810000374913216,42.27186,0.2798581,0.29970092
15.819999650120735,42.295856,0.27992547,0.30092168
15.829999879002571,42.295856,0.2800602,0.30092168
15.840000107884407,42.287853,0.2800602,0.30214247
15.850000336766243,42.307854,0.2800602,0.30336323
15.860000565648079,42.303856,0.2800602,0.30458403
15.870000794529915,42.239857,0.2800602,0.30458403
15.879999116063118,42.219856,0.2800602,0.3058048
15.889999344944954,42.255856,0.2800602,0.30702558
15.89999957382679,42.255856,0.2800602,0.30824634
15.909999802708626,42.191856,0.28012758,0.30946714
15.920000031590462,42.187855,0.28012758,0.3106879
15.930000260472298,42.19986,0.28012758,0.3119087
15.940000489354134,42.187855,0.28012758,0.31312945
15.95000071823597,42.171856,0.28012758,0.31435025
15.960000947117805,42.175854,0.28012758,0.31435025
15.969999268651009,42.151855,0.28019497,0.315571
15.979999497532845,42.143856,0.28019497,0.3167918
15.98999972641468,42.147854,0.28019497,0.31801257
15.999999955296516,42.127853,0.28019497,0.31923336
16.010000184178352,42.115856,0.28019497,0.32045412
16.02000041306019,42.127853,0.28026232,0.32045412
16.030000641942024,42.119858,0.28026232,0.32289568
16.04000087082386,42.063858,0.28026232,0.32289568
16.049999192357063,42.055855,0.28026232,0.32411647
16.0599994212389,42.091858,0.28026232,0.32533723
16.069999650120735,42.091858,0.28026232,0.32655802
16.07999987900257,42.03986,0.28026232,0.3277788
16.090000107884407,42.023857,0.28026232,0.32899958
16.100000336766243,42.04786,0.28026232,0.33022034
16.11000056564808,42.031857,0.28026232,0.33144113
16.120000794529915,42.00786,0.28026232,0.3326619
16.129999116063118,42.00786,0.28026232,0.3338827
16.139999344944954,41.983856,0.28032967,0.3338827
16.14999957382679,41.99986,0.28032967,0.33510345
16.159999802708626,42.003857,0.28032967,0.33632424
16.17000003159046,41.97986,0.28032967,0.337545
16.180000260472298,41.95186,0.28032967,0.3387658
16.190000489354134,41.97186,0.28032967,0.33998656
16.20000071823597,41.983856,0.28039706,0.34120736
16.210000947117805,41.923855,0.28039706,0.34242812
16.21999926865101,41.935856,0.28046444,0.34242812
16.229999497532845,41.987858,0.2805318,0.3436489
16.23999972641468,41.97186,0.2805318,0.34486967
16.249999955296516,41.931858,0.2805318,0.34609047
16.260000184178352,41.955856,0.28059918,0.34609047
16.27000041306019,41.987858,0.2807339,0.34609047
16.280000641942024,42.00786,0.28086865,0.34609047
16.29000087082386,42.01986,0.28107077,0.34609047
16.299999192357063,42.079857,0.28134024,0.34609047
16.3099994212389,42.13186,0.2816097,0.34486967
16.319999650120735,42.227856,0.2819466,0.3436489
16.32999987900257,42.363857,0.28248554,0.34120736
16.340000107884407,42.487854,0.2831593,0.337545
16.350000336766243,42.687855,0.28396773,0.3338827
16.36000056564808,42.927853,0.28477615,0.32899958
16.370000794529915,43.115856,0.2855846,0.32533723
16.379999116063118,43.279854,0.28646043,0.32045412
16.389999344944954,43.511852,0.28726888,0.315571
16.39999957382679,43.711853,0.28774047,0.31312945
16.409999802708626,43.78785,0.28800994,0.31312945
16.42000003159046,43.78385,0.2881447,0.31312945
16.430000260472298,43.81585,0.28827944,0.31312945
16.440000489354134,43.84785,0.28834683,0.31312945
16.45000071823597,43.82785,0.28841418,0.31435025
16.460000947117805,43.83585,0.28848156,0.315571
16.46999926865101,43.839848,0.28854892,0.315571
16.479999497532845,43.859848,0.2886163,0.3167918
16.48999972641468,43.87585,0.28875104,0.3167918
16.499999955296516,43.89585,0.28888577,0.3167918
16.510000184178352,43.891853,0.2890879,0.3167918
16.52000041306019,43.955853,0.28935736,0.315571
16.530000641942024,44.04785,0.28962687,0.31435025
16.54000087082386,44.111847,0.2900311,0.31312945
16.549999192357063,44.14785,0.29036793,0.3119087
16.5599994212389,44.227848,0.2906374,0.3119087
16.569999650120735,44.33585,0.29077217,0.3119087
16.57999987900257,44.34785,0.2909069,0.3119087
16.590000107884407,44.32385,0.29104164,0.3119087
16.600000336766243,44.34785,0.29117638,0.31312945
16.61000056564808,44.403847,0.29131114,0.31312945
16.620000794529915,44.41585,0.29151323,0.31312945
16.629999116063118,44.45985,0.2917827,0.3119087
16.639999344944954,44.50785,0.29198483,0.3119087
16.64999957382679,44.55985,0.2922543,0.3106879
16.659999802708626,44.60785,0.29245642,0.3106879
16.67000003159046,44.659847,0.29265854,0.3106879
16.680000260472298,44.655846,0.29279327,0.3106879
16.690000489354134,44.69985,0.29292804,0.3106879
16.70000071823597,44.73985,0.2929954,0.3106879
16.710000947117805,44.735847,0.29306275,0.3119087
16.71999926865101,44.71185,0.29306275,0.31312945
16.729999497532845,44.73185,0.29313013,0.31435025
16.73999972641468,44.763847,0.29313013,0.31435025
16.749999955296516,44.70785,0.2931975,0.315571
16.760000184178352,44.675846,0.2931975,0.3167918
16.77000041306019,44.68785,0.2931975,0.31801257
16.780000641942024,44.695847,0.29326487,0.31923336
16.79000087082386,44.68785,0.29326487,0.32045412
16.799999192357063,44.683846,0.29326487,0.32045412
16.8099994212389,44.675846,0.29326487,0.32289568
16.819999650120735,44.659847,0.29326487,0.32289568
16.82999987900257,44.66385,0.29326487,0.32411647
16.840000107884407,44.62785,0.29326487,0.32533723
16.850000336766243,44.591846,0.29326487,0.32655802
16.86000056564808,44.60785,0.29326487,0.3277788
16.870000794529915,44.623848,0.29333225,0.32899958
16.879999116063118,44.591846,0.29333225,0.33022034
16.889999344944954,44.543846,0.29333225,0.33022034
16.89999957382679,44.54785,0.29333225,0.3326619
16.909999802708626,44.591846,0.29339963,0.3326619
16.92000003159046,44.57185,0.29339963,0.3338827
16.930000260472298,44.53185,0.29346702,0.3338827
16.940000489354134,44.563847,0.29353434,0.33510345
16.95000071823597,44.57985,0.29360172,0.33632424
16.960000947117805,44.57985,0.2936691,0.33632424
16.96999926865101,44.58785,0.29380384,0.33632424
16.979999497532845,44.60785,0.29380384,0.3387658
16.98999972641468,44.611847,0.29387122,0.3387658
16.999999955296516,44.62785,0.29393858,0.33998656
17.010000184178352,44.62785,0.29400596,0.33998656
17.02000041306019,44.615845,0.2940733,0.34120736
17.030000641942024,44.651848,0.29427546,0.34120736
17.04000087082386,44.73185,0.29447755,0.33998656
17.049999192357063,44.787846,0.2948144,0.3387658
17.0599994212389,44.791847,0.29515126,0.337545
17.069999650120735,44.927845,0.2955555,0.33632424
17.07999987900257,45.055847,0.2959597,0.3338827
17.090000107884407,45.155846,0.29636395,0.3326619
17.100000336766243,45.235847,0.29683554,0.33022034
17.11000056564808,45.351845,0.2973071,0.32899958
17.120000794529915,45.459843,0.29771137,0.3277788
17.129999116063118,45.579845,0.29818293,0.32533723
17.139999344944954,45.739845,0.2987893,0.3216749
17.14999957382679,45.871845,0.29926088,0.32045412
17.159999802708626,45.927845,0.29946297,0.31923336
17.17000003159046,45.95584,0.29946297,0.32045412
17.180000260472298,45.939846,0.29946297,0.3216749
17.190000489354134,45.879845,0.29946297,0.32289568
17.20000071823597,45.907845,0.29946297,0.32411647
17.210000947117805,45.919846,0.29946297,0.32533723
17.21999926865101,45.89184,0.29946297,0.32655802
17.229999497532845,45.84384,0.29946297,0.3277788
17.23999972641468,45.867844,0.29953036,0.32899958
17.249999955296516,45.879845,0.29959774,0.32899958
17.260000184178352,45.867844,0.2996651,0.33022034
17.27000041306019,45.859844,0.2996651,0.33022034
17.280000641942024,45.851845,0.2996651,0.3326619
17.29000087082386,45.839844,0.29973248,0.3326619
17.299999192357063,45.851845,0.29973248,0.3338827
17.3099994212389,45.831844,0.29973248,0.33510345
17.319999650120735,45.819843,0.29979986,0.33632424
17.32999987900257,45.819843,0.29979986,0.33632424
17.340000107884407,45.835846,0.2998672,0.337545
17.350000336766243,45.811844,0.2998672,0.3387658
17.36000056564808,45.791843,0.29993457,0.33998656
17.370000794529915,45.835846,0.30000195,0.33998656
17.379999116063118,45.859844,0.30006933,0.34120736
17.389999344944954,45.827847,0.30013672,0.34120736
17.39999957382679,45.827847,0.30020407,0.34242812
17.409999802708626,45.851845,0.30027145,0.34242812
17.42000003159046,45.89184,0.3003388,0.3436489
17.430000260472298,45.875843,0.3004062,0.3436489
17.440000489354134,45.871845,0.30047354,0.34486967
17.45000071823597,45.883842,0.30054092,0.34609047
17.460000947117805,45.89584,0.30067566,0.34609047
17.46999926865101,45.943844,0.30087778,0.34609047
17.479999497532845,46.007847,0.3012146,0.3436489
17.48999972641468,46.079845,0.30168623,0.34242812
17.499999955296516,46.259846,0.30235994,0.3387658
17.510000184178352,46.47984,0.3031684,0.3338827
17.52000041306019,46.68384,0.30411157,0.32899958
17.530000641942024,46.903843,0.30505475,0.32411647
17.54000087082386,47.143837,0.30579585,0.32045412
17.549999192357063,47.28784,0.30606532,0.31923336
17.5599994212389,47.275837,0.30606532,0.32045412
17.569999650120735,47.25984,0.30606532,0.3216749
17.57999987900257,47.27184,0.30606532,0.32289568
17.590000107884407,47.25984,0.3061327,0.32289568
17.600000336766243,47.22784,0.3061327,0.32411647
17.61000056564808,47.21984,0.3061327,0.32533723
17.620000794529915,47.24784,0.3062001,0.32655802
17.629999116063118,47.22784,0.3062001,0.32655802
17.639999344944954,47.21984,0.3062001,0.32899958
17.64999957382679,47.195835,0.3062674,0.32899958
17.659999802708626,47.15984,0.3062674,0.33022034
17.67000003159046,47.175842,0.3063348,0.33022034
17.680000260472298,47.18784,0.30640218,0.33144113
17.690000489354134,47.18784,0.30646956,0.3326619
17.70000071823597,47.17184,0.3065369,0.3326619
17.710000947117805,47.211838,0.30667165,0.3338827
17.71999926865101,47.23984,0.30673903,0.3338827
17.729999497532845,47.24384,0.30687377,0.3338827
17.73999972641468,47.26784,0.30714324,0.3338827
17.749999955296516,47.38784,0.30741274,0.3326619
17.760000184178352,47.475838,0.3079517,0.33022034
17.77000041306019,47.61984,0.30876017,0.32655802
17.780000641942024,47.867836,0.3097707,0.32045412
17.79000087082386,48.191833,0.31105074,0.3119087
17.799999192357063,48.571835,0.31260028,0.30336323
17.8099994212389,48.883835,0.31361085,0.29725936
17.819999650120735,49.095833,0.31428456,0.293597
17.82999987900257,49.19983,0.31475613,0.29115546
17.840000107884407,49.339832,0.3152951,0.2887139
17.850000336766243,49.503834,0.31596884,0.28505158
17.86000056564808,49.67583,0.31684464,0.28016847
17.870000794529915,49.903828,0.31798995,0.27406457
17.879999116063118,50.215828,0.31886578,0.2679607
17.889999344944954,50.36783,0.31920263,0.2679607
17.89999957382679,50.33183,0.31926998,0.2679607
17.909999802708626,50.307827,0.31926998,0.26918146
17.92000003159046,50.33183,0.31926998,0.27040225
17.930000260472298,50.31183,0.31926998,0.27162302
17.940000489354134,50.26383,0.31926998,0.2728438
17.95000071823597,50.23983,0.31926998,0.27406457
17.960000947117805,50.227825,0.31926998,0.27528536
17.96999926865101,50.227825,0.31926998,0.27650613
17.979999497532845,50.21983,0.31926998,0.27772692
17.98999972641468,50.195827,0.31926998,0.27772692
17.999999955296516,50.15183,0.31926998,0.27894768
18.010000184178352,50.16383,0.31926998,0.28016847
18.02000041306019,50.13983,0.31926998,0.28138924
18.030000641942024,50.09183,0.31926998,0.28261003
18.04000087082386,50.087833,0.31926998,0.2838308
18.049999192357063,50.11583,0.31926998,0.28505158
18.0599994212389,50.10783,0.31926998,0.28627235
18.069999650120735,50.047832,0.31926998,0.28749314
18.07999987900257,50.015827,0.31926998,0.2887139
18.090000107884407,50.03183,0.31926998,0.2899347
18.100000336766243,50.01983,0.31926998,0.29115546
18.11000056564808,49.995827,0.31926998,0.29237625
18.120000794529915,49.98383,0.31926998,0.293597
18.129999116063118,49.95583,0.31926998,0.2948178
18.139999344944954,49.93583,0.31926998,0.29603857
18.14999957382679,49.94383,0.31926998,0.29725936
18.159999802708626,49.92383,0.31926998,0.29848012
18.17000003159046,49.907833,0.31926998,0.29848012
18.180000260472298,49.907833,0.31926998,0.29970092
18.190000489354134,49.887833,0.31926998,0.30092168
18.20000071823597,49.84783,0.31926998,0.30214247
18.210000947117805,49.84383,0.31926998,0.30336323
18.21999926865101,49.867832,0.31926998,0.30458403
18.229999497532845,49.84383,0.31926998,0.3058048
18.23999972641468,49.76783,0.31926998,0.30702558
18.249999955296516,49.78383,0.31926998,0.30824634
18.260000184178352,49.795834,0.31926998,0.30946714
18.27000041306019,49.78383,0.31926998,0.3106879
18.280000641942024,49.75983,0.31926998,0.3119087
18.29000087082386,49.743828,0.31926998,0.31312945
18.299999192357063,49.71183,0.31926998,0.31435025
18.3099994212389,49.71183,0.31926998,0.315571
18.319999650120735,49.747833,0.31926998,0.3167918
18.32999987900257,49.71183,0.31926998,0.31801257
18.340000107884407,49.66383,0.31926998,0.31923336
18.350000336766243,49.679832,0.31926998,0.32045412
18.36000056564808,49.66383,0.31926998,0.32045412
18.370000794529915,49.62783,0.31926998,0.3216749
18.379999116063118,49.62783,0.31926998,0.32289568
18.389999344944954,49.65183,0.31926998,0.32411647
18.39999957382679,49.615833,0.31926998,0.32533723
18.409999802708626,49.59183,0.31926998,0.32655802
18.42000003159046,49.57983,0.31926998,0.3277788
18.430000260472298,49.615833,0.31940472,0.3277788
18.440000489354134,49.61983,0.31960684,0.3277788
18.45000071823597,49.679832,0.31980896,0.3277788
18.460000947117805,49.71983,0.32007843,0.32655802
18.46999926865101,49.79983,0.32048267,0.32533723
18.479999497532845,49.91183,0.32095426,0.32289568
18.48999972641468,50.09983,0.32162794,0.31923336
18.499999955296516,50.31983,0.3227059,0.31435025
18.510000184178352,50.587826,0.32391858,0.30702558
18.52000041306019,50.903828,0.32486176,0.30092168
18.530000641942024,51.09583,0.32533336,0.29848012
18.54000087082386,51.11583,0.3254007,0.29970092
18.549999192357063,51.11583,0.3254007,0.30092168
18.5599994212389,51.139828,0.3254007,0.30092168
18.569999650120735,51.09583,0.3254681,0.30214247
18.57999987900257,51.079826,0.3254681,0.30336323
18.590000107884407,51.083824,0.32553548,0.30458403
18.600000336766243,51.087826,0.32553548,0.30458403
18.61000056564808,51.091824,0.32553548,0.30702558
18.620000794529915,51.09583,0.32560283,0.30702558
18.629999116063118,51.07583,0.3256702,0.30824634
18.639999344944954,51.04783,0.3256702,0.30946714
18.64999957382679,51.05583,0.3257376,0.30946714
18.659999802708626,51.051826,0.32580495,0.3106879
18.67000003159046,51.059826,0.3259397,0.3106879
18.680000260472298,51.119827,0.3261418,0.3106879
18.690000489354134,51.191826,0.32647866,0.30946714
18.70000071823597,51.255825,0.32695025,0.30702558
18.710000947117805,51.371826,0.3274892,0.30458403
18.71999926865101,51.543823,0.32809556,0.30092168
18.729999497532845,51.759827,0.3287019,0.29848012
18.73999972641468,51.883823,0.32944298,0.2948178
18.749999955296516,52.04782,0.33018404,0.29115546
18.760000184178352,52.195824,0.33058828,0.2887139
18.77000041306019,52.25182,0.33065563,0.2887139
18.780000641942024,52.259823,0.33065563,0.29115546
18.79000087082386,52.255825,0.33072302,0.29115546
18.799999192357063,52.263824,0.33072302,0.29237625
18.8099994212389,52.187824,0.33072302,0.293597
18.819999650120735,52.195824,0.33072302,0.2948178
18.82999987900257,52.187824,0.33072302,0.29603857
18.840000107884407,52.15982,0.33072302,0.29725936
18.850000336766243,52.155823,0.33072302,0.29848012
18.86000056564808,52.15182,0.33072302,0.29970092
18.870000794529915,52.103825,0.33072302,0.30092168
18.879999116063118,52.079823,0.33072302,0.30214247
18.889999344944954,52.087822,0.33072302,0.30336323
18.89999957382679,52.09182,0.33072302,0.30458403
18.909999802708626,52.055824,0.33072302,0.30458403
18.92000003159046,52.031822,0.33072302,0.30702558
18.930000260472298,52.03982,0.33072302,0.30702558
18.940000489354134,52.031822,0.33072302,0.30824634
18.95000071823597,52.031822,0.33072302,0.30946714
18.960000947117805,52.01982,0.33072302,0.3106879
18.96999926865101,51.987823,0.33072302,0.3119087
18.979999497532845,51.943825,0.33072302,0.31312945
18.98999972641468,51.939823,0.33072302,0.31435025
18.999999955296516,51.97982,0.3307904,0.31435025
19.010000184178352,51.93582,0.33085778,0.315571
19.02000041306019,51.955822,0.33085778,0.3167918
19.030000641942024,51.955822,0.33085778,0.31801257
19.04000087082386,51.93582,0.3309251,0.31923336
19.049999192357063,51.915825,0.3309251,0.32045412
19.0599994212389,51.939823,0.3309925,0.32045412
19.069999650120735,51.955822,0.33105987,0.3216749
19.07999987900257,51.927822,0.33105987,0.32289568
19.090000107884407,51.891827,0.33105987,0.32411647
19.100000336766243,51.915825,0.33112726,0.32411647
19.11000056564808,51.899822,0.3311946,0.32533723
19.120000794529915,51.915825,0.3311946,0.32655802
19.129999116063118,51.93582,0.331262,0.32655802
19.139999344944954,51.919823,0.33132935,0.3277788
19.14999957382679,51.915825,0.33139673,0.3277788
19.159999802708626,51.931824,0.33146408,0.32899958
19.17000003159046,51.963825,0.33153147,0.32899958
19.180000260472298,51.963825,0.33173355,0.32899958
19.190000489354134,52.01982,0.33200306,0.32899958
19.20000071823597,52.127823,0.33247465,0.32655802
19.210000947117805,52.25182,0.3330136,0.32411647
19.21999926865101,52.43182,0.33368734,0.32045412
19.229999497532845,52.60382,0.3344284,0.3167918
19.23999972641468,52.83982,0.33523685,0.3119087
19.249999955296516,53.03582,0.33611268,0.30702558
19.260000184178352,53.255817,0.33698848,0.30336323
19.27000041306019,53.42782,0.3374601,0.29970092
19.280000641942024,53.48782,0.33752745,0.30092168
19.29000087082386,53.483818,0.33759484,0.30092168
19.299999192357063,53.491817,0.33759484,0.30336323
19.3099994212389,53.45582,0.33759484,0.30336323
19.319999650120735,53.419815,0.33759484,0.30458403
19.32999987900257,53.44782,0.33759484,0.3058048
19.340000107884407,53.435818,0.33766222,0.30702558
19.350000336766243,53.431816,0.33772957,0.30702558
19.36000056564808,53.439816,0.33779693,0.30824634
19.370000794529915,53.44382,0.3378643,0.30946714
19.379999116063118,53.411816,0.3378643,0.30946714
19.389999344944954,53.411816,0.3379317,0.3106879
19.39999957382679,53.45582,0.33806643,0.3106879
19.409999802708626,53.471817,0.33820117,0.3106879
19.42000003159046,53.46382,0.33826855,0.3119087
19.430000260472298,53.483818,0.33840328,0.3119087
19.440000489354134,53.53582,0.33867276,0.3119087
19.45000071823597,53.58382,0.33887488,0.3106879
19.460000947117805,53.63582,0.339077,0.3106879
19.46999926865101,53.71582,0.33941382,0.30946714
19.479999497532845,53.783813,0.33988544,0.30824634
19.48999972641468,53.863815,0.34028965,0.3058048
19.499999955296516,53.995815,0.34076124,0.30336323
19.510000184178352,54.119816,0.34116548,0.30214247
19.52000041306019,54.231815,0.34163707,0.29970092
19.530000641942024,54.363815,0.34224343,0.29725936
19.54000087082386,54.539814,0.3429171,0.293597
19.549999192357063,54.64781,0.3433887,0.29115546
19.5599994212389,54.751812,0.34365818,0.29115546
19.569999650120735,54.819813,0.34372556,0.29115546
19.57999987900257,54.799812,0.34379295,0.29237625
19.590000107884407,54.775814,0.34386033,0.29237625
19.600000336766243,54.775814,0.34386033,0.293597
19.61000056564808,54.751812,0.34392768,0.2948178
19.620000794529915,54.751812,0.34399506,0.2948178
19.629999116063118,54.771812,0.34406242,0.29603857
19.639999344944954,54.767815,0.3441298,0.29725936
19.64999957382679,54.767815,0.3441298,0.29725936
19.659999802708626,54.751812,0.34419715,0.29848012
19.67000003159046,54.747814,0.34419715,0.29970092
19.680000260472298,54.763817,0.34426454,0.30092168
19.690000489354134,54.743816,0.34433192,0.30092168
19.70000071823597,54.763817,0.34439927,0.30214247
19.710000947117805,54.751812,0.34446666,0.30214247
19.71999926865101,54.775814,0.34466875,0.30214247
19.729999497532845,54.819813,0.34493822,0.30214247
19.73999972641468,54.923817,0.3452751,0.29970092
19.749999955296516,55.04381,0.34581405,0.29725936
19.760000184178352,55.155815,0.3464204,0.2948178
19.77000041306019,55.35581,0.34716147,0.29115546
19.780000641942024,55.55581,0.34790254,0.28627235
19.79000087082386,55.71581,0.34857628,0.2838308
19.799999192357063,55.879807,0.34904787,0.28138924
19.8099994212389,55.967808,0.34924996,0.28138924
19.819999650120735,55.92381,0.34924996,0.28138924
19.82999987900257,55.91581,0.34931734,0.28261003
19.840000107884407,55.92381,0.34931734,0.2838308
19.850000336766243,55.919807,0.34931734,0.28505158
19.86000056564808,55.89181,0.34931734,0.28627235
19.870000794529915,55.90381,0.34931734,0.28749314
19.879999116063118,55.86381,0.34931734,0.2887139
19.889999344944954,55.82781,0.34938473,0.2887139
19.89999957382679,55.83981,0.34938473,0.2899347
19.909999802708626,55.835808,0.34938473,0.29115546
19.92000003159046,55.81581,0.34938473,0.29237625
19.930000260472298,55.79581,0.34938473,0.293597
19.940000489354134,55.77981,0.34938473,0.2948178
19.95000071823597,55.75981,0.34938473,0.29603857
19.960000947117805,55.74381,0.34938473,0.29725936
19.96999926865101,55.74381,0.34938473,0.29848012
19.979999497532845,55.751812,0.34938473,0.29970092
19.98999972641468,55.70781,0.34938473,0.30092168
19.999999955296516,55.68781,0.34938473,0.30214247
20.010000184178352,55.66381,0.34938473,0.30336323
20.02000041306019,55.66381,0.34938473,0.30458403
20.030000641942024,55.65581,0.34938473,0.30458403
20.04000087082386,55.659813,0.34938473,0.30702558
20.049999192357063,55.61581,0.34938473,0.30702558
20.0599994212389,55.587807,0.34938473,0.30946714
20.069999650120735,55.60381,0.34938473,0.30946714
20.07999987900257,55.611813,0.34938473,0.3106879
20.090000107884407,55.57181,0.34938473,0.3119087
20.100000336766243,55.55581,0.34945208,0.31312945
20.11000056564808,55.57181,0.34945208,0.31435025
20.120000794529915,55.54781,0.34945208,0.31435025
20.129999116063118,55.51581,0.34945208,0.3167918
20.139999344944954,55.519814,0.34951946,0.3167918
20.14999957382679,55.539814,0.3495868,0.31801257
20.159999802708626,55.52781,0.3495868,0.31923336
20.17000003159046,55.52381,0.3496542,0.31923336
20.180000260472298,55.51581,0.3496542,0.32045412
20.190000489354134,55.507812,0.3496542,0.3216749
20.20000071823597,55.507812,0.3496542,0.32289568
20.210000947117805,55.50381,0.3496542,0.32411647
20.21999926865101,55.49181,0.34972155,0.32411647
20.229999497532845,55.46781,0.34972155,0.32655802
20.23999972641468,55.471813,0.34972155,0.32655802
20.249999955296516,55.487812,0.34978893,0.3277788
20.260000184178352,55.471813,0.3499237,0.3277788
20.27000041306019,55.52381,0.3501258,0.3277788
20.280000641942024,55.60381,0.3503279,0.3277788
20.29000087082386,55.63581,0.35059738,0.32655802
20.299999192357063,55.71181,0.35100162,0.32533723
20.3099994212389,55.86381,0.3515406,0.32289568
20.319999650120735,56.02781,0.35234904,0.31801257
20.32999987900257,56.259808,0.3533596,0.31312945
20.340000107884407,56.531807,0.35437015,0.30702558
20.350000336766243,56.803806,0.3553807,0.30092168
20.36000056564808,57.039806,0.35612178,0.29725936
20.370000794529915,57.1598,0.35639125,0.29603857
20.379999116063118,57.191807,0.35645863,0.29725936
20.389999344944954,57.1598,0.35652602,0.29725936
20.39999957382679,57.1598,0.35652602,0.29848012
20.409999802708626,57.191807,0.35652602,0.29970092
20.42000003159046,57.163807,0.35652602,0.30092168
20.430000260472298,57.127804,0.35659337,0.30092168
20.440000489354134,57.11981,0.35666075,0.30214247
20.45000071823597,57.151806,0.35672814,0.30336323
20.460000947117805,57.147804,0.35686284,0.30336323
20.46999926865101,57.147804,0.35693023,0.30336323
20.479999497532845,57.179802,0.35713235,0.30336323
20.48999972641468,57.215805,0.35740182,0.30336323
20.499999955296516,57.299805,0.35787344,0.30092168
20.510000184178352,57.459805,0.35854712,0.29725936
20.52000041306019,57.667805,0.35942295,0.29237625
20.530000641942024,57.915806,0.36029878,0.28749314
20.54000087082386,58.107803,0.3609725,0.2838308
20.549999192357063,58.259804,0.3613767,0.28261003
20.5599994212389,58.2678,0.36151144,0.28261003
20.569999650120735,58.3078,0.36157882,0.2838308
20.57999987900257,58.3278,0.36157882,0.2838308
20.590000107884407,58.2918,0.36164618,0.28505158
20.600000336766243,58.239803,0.36164618,0.28627235
20.61000056564808,58.2478,0.36164618,0.28749314
20.620000794529915,58.2478,0.36164618,0.2887139
20.629999116063118,58.2278,0.36164618,0.2899347
20.639999344944954,58.199802,0.36164618,0.29115546
20.64999957382679,58.1958,0.36171356,0.29115546
20.659999802708626,58.1838,0.36178094,0.29237625
20.67000003159046,58.1838,0.36184832,0.29237625
20.680000260472298,58.2038,0.36191565,0.293597
20.690000489354134,58.211803,0.3620504,0.293597
20.70000071823597,58.2278,0.3621178,0.2948178
20.710000947117805,58.2278,0.36218515,0.2948178
20.71999926865101,58.2438,0.36218515,0.29603857
20.729999497532845,58.1838,0.36225253,0.29725936
20.73999972641468,58.1958,0.36225253,0.29848012
20.749999955296516,58.2278,0.36225253,0.29848012
20.760000184178352,58.199802,0.36231992,0.29970092
20.77000041306019,58.167805,0.36231992,0.30092168
20.780000641942024,58.1558,0.36238727,0.30214247
20.79000087082386,58.167805,0.36238727,0.30336323
20.799999192357063,58.139805,0.36238727,0.30458403
20.8099994212389,58.147804,0.36238727,0.30458403
20.819999650120735,58.163803,0.36245462,0.3058048
20.82999987900257,58.1558,0.36245462,0.30702558
20.840000107884407,58.107803,0.362522,0.30824634
20.850000336766243,58.119804,0.362522,0.30946714
20.86000056564808,58.127804,0.3625894,0.30946714
20.870000794529915,58.1358,0.36265677,0.3106879
20.879999116063118,58.147804,0.36265677,0.3106879
20.889999344944954,58.1158,0.36272413,0.3119087
20.89999957382679,58.087803,0.36279148,0.31312945
20.909999802708626,58.0958,0.36285886,0.31312945
20.92000003159046,58.167805,0.36292624,0.31435025
20.930000260472298,58.179802,0.36306098,0.31435025
20.940000489354134,58.199802,0.36333045,0.31312945
20.95000071823597,58.2918,0.36380205,0.3119087
20.960000947117805,58.439804,0.3644084,0.30824634
20.96999926865101,58.5918,0.3650821,0.30458403
20.979999497532845,58.7398,0.3655537,0.30336323
20.98999972641468,58.8718,0.36589053,0.30214247
20.999999955296516,58.9078,0.36609268,0.30092168
21.010000184178352,58.8998,0.36616,0.30214247
21.02000041306019,58.9238,0.36629477,0.30214247
21.030000641942024,58.9438,0.36636215,0.30336323
21.04000087082386,58.983803,0.3664969,0.30336323
21.049999192357063,59.023796,0.36656427,0.30336323
21.0599994212389,58.983803,0.36669898,0.30458403
21.069999650120735,58.951797,0.36669898,0.30458403
21.07999987900257,58.999798,0.36676636,0.3058048
21.090000107884407,59.0158,0.36683375,0.30702558
21.100000336766243,58.9878,0.36690113,0.30702558
21.11000056564808,58.9758,0.36696848,0.30824634
21.120000794529915,58.971798,0.36696848,0.30946714
21.129999116063118,58.9678,0.36696848,0.3106879
21.139999344944954,58.963802,0.36696848,0.3119087
21.14999957382679,58.9558,0.36696848,0.31312945
21.159999802708626,58.9558,0.36696848,0.31435025
21.17000003159046,58.9398,0.36696848,0.31435025
21.180000260472298,58.9238,0.36696848,0.3167918
21.190000489354134,58.9038,0.36696848,0.3167918
21.20000071823597,58.891796,0.36696848,0.31923336
21.210000947117805,58.891796,0.36696848,0.31923336
21.21999926865101,58.8878,0.36696848,0.32045412
21.229999497532845,58.8478,0.36696848,0.3216749
21.23999972641468,58.803802,0.36696848,0.32289568
21.249999955296516,58.8158,0.36696848,0.32411647
21.260000184178352,58.8438,0.36696848,0.32533723
21.27000041306019,58.819798,0.36696848,0.32655802
21.280000641942024,58.771797,0.36696848,0.3277788
21.29000087082386,58.771797,0.36696848,0.32899958
21.299999192357063,58.7758,0.36703584,0.32899958
21.3099994212389,58.7398,0.36703584,0.33022034
21.319999650120735,58.755802,0.36703584,0.33144113
21.32999987900257,58.7598,0.36710322,0.3326619
21.340000107884407,58.7518,0.36723796,0.3326619
21.350000336766243,58.803802,0.36737272,0.3326619
21.36000056564808,58.803802,0.36744007,0.3338827
21.370000794529915,58.799797,0.36750743,0.3338827
21.379999116063118,58.839798,0.3675748,0.33510345
21.389999344944954,58.8598,0.36770958,0.33510345
21.39999957382679,58.8998,0.36791167,0.33510345
21.409999802708626,58.8878,0.3680464,0.33510345
21.42000003159046,58.9358,0.3681138,0.33632424
21.430000260472298,58.959797,0.36818117,0.33632424
21.440000489354134,58.971798,0.36838326,0.33632424
21.45000071823597,58.999798,0.368518,0.33632424
21.460000947117805,59.0558,0.3687201,0.33632424
21.46999926865101,59.1078,0.36885485,0.33632424
21.479999497532845,59.1158,0.36898962,0.33632424
21.48999972641468,59.159798,0.3691917,0.33632424
21.499999955296516,59.183796,0.36932644,0.33632424
21.510000184178352,59.223797,0.3694612,0.33632424
21.52000041306019,59.2678,0.36973068,0.33632424
21.530000641942024,59.323795,0.3701349,0.33510345
21.54000087082386,59.403797,0.37053913,0.3326619
21.549999192357063,59.5798,0.37121284,0.33022034
21.5599994212389,59.823795,0.3720213,0.32533723
21.569999650120735,59.999794,0.37289712,0.32045412
21.57999987900257,60.187794,0.37370557,0.3167918
21.590000107884407,60.403793,0.37417716,0.31312945
21.600000336766243,60.48379,0.3742445,0.31435025
21.61000056564808,60.435795,0.3742445,0.315571
21.620000794529915,60.44379,0.3742445,0.3167918
21.629999116063118,60.439793,0.3742445,0.31801257
21.639999344944954,60.407795,0.3743119,0.31801257
21.64999957382679,60.383793,0.3743119,0.31923336
21.659999802708626,60.375797,0.3743119,0.32045412
21.67000003159046,60.383793,0.3743119,0.3216749
21.680000260472298,60.375797,0.3743119,0.32289568
21.690000489354134,60.359795,0.3743119,0.32411647
21.70000071823597,60.311794,0.3743119,0.32533723
21.710000947117805,60.287796,0.3743119,0.32655802
21.71999926865101,60.295795,0.3743119,0.3277788
21.729999497532845,60.319794,0.37437925,0.32899958
21.73999972641468,60.263798,0.37437925,0.32899958
21.749999955296516,60.247795,0.37444663,0.33022034
21.760000184178352,60.287796,0.37444663,0.33144113
21.77000041306019,60.295795,0.374514,0.3326619
21.780000641942024,60.271793,0.3745814,0.3326619
21.79000087082386,60.279793,0.37464875,0.3338827
21.799999192357063,60.287796,0.37464875,0.3338827
21.8099994212389,60.275795,0.3747161,0.33510345
21.819999650120735,60.287796,0.3747835,0.33632424
21.82999987900257,60.275795,0.3747835,0.33632424
21.840000107884407,60.259792,0.37485087,0.337545
21.850000336766243,60.263798,0.37485087,0.3387658
21.86000056564808,60.2838,0.37491822,0.33998656
21.870000794529915,60.275795,0.375053,0.33998656
21.879999116063118,60.2838,0.37512034,0.33998656
21.889999344944954,60.331795,0.3751877,0.34120736
21.89999957382679,60.37179,0.37538984,0.34120736
21.909999802708626,60.387794,0.37572667,0.33998656
21.92000003159046,60.455795,0.37606353,0.3387658
21.930000260472298,60.587795,0.37653512,0.33632424
21.940000489354134,60.759792,0.37727618,0.3326619
21.95000071823597,60.959793,0.37828678,0.32655802
21.960000947117805,61.26779,0.37943205,0.32045412
21.96999926865101,61.63179,0.38084686,0.3119087
21.979999497532845,61.98779,0.3820595,0.30458403
21.98999972641468,62.243786,0.38293535,0.29848012
21.999999955296516,62.435787,0.3836764,0.2948178
22.010000184178352,62.61179,0.38448486,0.29115546
22.02000041306019,62.839787,0.38522595,0.28627235
22.030000641942024,63.051785,0.38616914,0.28138924
22.04000087082386,63.267784,0.38711232,0.27650613
22.049999192357063,63.447784,0.3876513,0.27406457
22.0599994212389,63.531784,0.38778606,0.27406457
22.069999650120735,63.555782,0.38778606,0.27528536
22.07999987900257,63.511784,0.3878534,0.27528536
22.090000107884407,63.487785,0.3878534,0.27650613
22.100000336766243,63.503784,0.3878534,0.27772692
22.11000056564808,63.459785,0.3878534,0.27894768
22.120000794529915,63.419785,0.3878534,0.28016847
22.129999116063118,63.411785,0.3878534,0.28138924
22.139999344944954,63.395782,0.38792077,0.28138924
22.14999957382679,63.38378,0.38792077,0.2838308
22.159999802708626,63.367786,0.38792077,0.2838308
22.17000003159046,63.359783,0.38792077,0.28505158
22.180000260472298,63.327785,0.38792077,0.28627235
22.190000489354134,63.339787,0.38798815,0.28749314
22.20000071823597,63.319786,0.38798815,0.2887139
22.210000947117805,63.287785,0.38798815,0.2887139
22.21999926865101,63.283783,0.38798815,0.29115546
22.229999497532845,63.311783,0.38805553,0.29115546
22.23999972641468,63.275787,0.38805553,0.29237625
22.249999955296516,63.231785,0.38812292,0.293597
22.260000184178352,63.259785,0.38819027,0.293597
22.27000041306019,63.279785,0.38819027,0.2948178
22.280000641942024,63.259785,0.38825762,0.29603857
22.29000087082386,63.243782,0.388325,0.29603857
22.299999192357063,63.255787,0.38845974,0.29725936
22.3099994212389,63.287785,0.3885945,0.29725936
22.319999650120735,63.343784,0.38886398,0.29603857
22.32999987900257,63.419785,0.3892008,0.2948178
22.340000107884407,63.491783,0.38960505,0.293597
22.350000336766243,63.603783,0.3902114,0.2899347
22.36000056564808,63.81578,0.39095247,0.28749314
22.370000794529915,64.02378,0.39176092,0.28261003
22.379999116063118,64.20378,0.39256936,0.27772692
22.389999344944954,64.38778,0.39310834,0.27528536
22.39999957382679,64.48378,0.39324307,0.27528536
22.409999802708626,64.47978,0.39324307,0.27650613
22.42000003159046,64.43978,0.39324307,0.27772692
22.430000260472298,64.45178,0.39324307,0.27894768
22.440000489354134,64.44378,0.39324307,0.27894768
22.45000071823597,64.40778,0.39324307,0.28138924
22.460000947117805,64.35978,0.39324307,0.28138924
22.46999926865101,64.363785,0.39324307,0.2838308
22.479999497532845,64.35578,0.39331046,0.2838308
22.48999972641468,64.32778,0.39331046,0.28505158
22.499999955296516,64.32778,0.39331046,0.28627235
22.510000184178352,64.28378,0.39331046,0.28749314
22.52000041306019,64.25578,0.39331046,0.2887139
22.530000641942024,64.267784,0.39331046,0.2899347
22.54000087082386,64.26379,0.39331046,0.29115546
22.549999192357063,64.21578,0.39331046,0.29237625
22.5599994212389,64.20778,0.39331046,0.293597
22.569999650120735,64.21178,0.39331046,0.2948178
22.57999987900257,64.18778,0.39331046,0.2948178
22.590000107884407,64.15178,0.39331046,0.29603857
22.600000336766243,64.171776,0.39331046,0.29725936
22.61000056564808,64.155785,0.39331046,0.29848012
22.620000794529915,64.11578,0.39331046,0.29970092
22.629999116063118,64.10778,0.39331046,0.30092168
22.639999344944954,64.09578,0.39331046,0.30214247
22.64999957382679,64.083786,0.39331046,0.30336323
22.659999802708626,64.07578,0.39331046,0.30458403
22.67000003159046,64.07578,0.39331046,0.3058048
22.680000260472298,64.05178,0.39331046,0.30702558
22.690000489354134,64.01978,0.39331046,0.30824634
22.70000071823597,64.02378,0.39331046,0.30946714
22.710000947117805,64.003784,0.39331046,0.3106879
22.71999926865101,63.983784,0.39331046,0.3119087
22.729999497532845,63.99978,0.39331046,0.31312945
22.73999972641468,63.983784,0.39331046,0.31435025
22.749999955296516,63.93978,0.39331046,0.31435025
22.760000184178352,63.90778,0.39331046,0.3167918
22.77000041306019,63.931786,0.39331046,0.3167918
22.780000641942024,63.951782,0.39331046,0.31801257
22.79000087082386,63.90778,0.39331046,0.31923336
22.799999192357063,63.88378,0.39331046,0.32045412
22.8099994212389,63.871784,0.39331046,0.3216749
22.819999650120735,63.863785,0.39331046,0.32289568
22.82999987900257,63.847782,0.39331046,0.32411647
22.840000107884407,63.85578,0.39331046,0.32533723
22.850000336766243,63.843784,0.39331046,0.32655802
22.86000056564808,63.82778,0.39331046,0.3277788
22.870000794529915,63.81578,0.39331046,0.32899958
22.879999116063118,63.791782,0.39331046,0.33022034
22.889999344944954,63.791782,0.3933778,0.33022034
22.89999957382679,63.803783,0.39344516,0.33144113
22.909999802708626,63.83578,0.39351255,0.3326619
22.92000003159046,63.791782,0.39357993,0.3326619
22.930000260472298,63.79578,0.3936473,0.3338827
22.940000489354134,63.83578,0.39371467,0.3338827
22.95000071823597,63.85578,0.39378202,0.33510345
22.960000947117805,63.83578,0.3938494,0.33510345
22.96999926865101,63.863785,0.39398414,0.33510345
22.979999497532845,63.887783,0.3941189,0.33632424
22.98999972641468,63.90778,0.3942536,0.33632424
22.999999955296516,63.96778,0.39438838,0.33632424
23.010000184178352,63.983784,0.3945905,0.33632424
23.02000041306019,64.05178,0.39492735,0.33510345
23.030000641942024,64.171776,0.39546633,0.3326619
23.04000087082386,64.33178,0.39614,0.32899958
23.049999192357063,64.52778,0.39701584,0.32411647
23.0599994212389,64.74378,0.3978243,0.31923336
23.069999650120735,64.97978,0.39870012,0.31435025
23.07999987900257,65.20378,0.3993738,0.3106879
23.090000107884407,65.29578,0.39971069,0.30946714
23.100000336766243,65.34778,0.3998454,0.3106879
23.11000056564808,65.37578,0.3998454,0.3106879
23.120000794529915,65.367775,0.3998454,0.31312945
23.129999116063118,65.327774,0.39991277,0.31312945
23.139999344944954,65.30378,0.39991277,0.31435025
23.14999957382679,65.32378,0.39998016,0.31435025
23.159999802708626,65.299774,0.40004754,0.315571
23.17000003159046,65.32378,0.40004754,0.3167918
23.180000260472298,65.31178,0.4001149,0.3167918
23.190000489354134,65.299774,0.40018225,0.31801257
23.20000071823597,65.32378,0.400317,0.31801257
23.210000947117805,65.34778,0.40038437,0.31923336
23.21999926865101,65.37178,0.40065384,0.31923336
23.229999497532845,65.39977,0.40085596,0.31801257
23.23999972641468,65.49578,0.40105808,0.31801257
23.249999955296516,65.535774,0.40132758,0.3167918
23.260000184178352,65.55578,0.4016644,0.315571
23.27000041306019,65.67978,0.40220338,0.31312945
23.280000641942024,65.86378,0.4028771,0.3106879
23.29000087082386,66.02778,0.40348345,0.30702558
23.299999192357063,66.16778,0.4040224,0.30458403
23.3099994212389,66.29578,0.404494,0.30214247
23.319999650120735,66.39977,0.4048982,0.30092168
23.32999987900257,66.48777,0.40523508,0.29970092
23.340000107884407,66.55977,0.40543717,0.29848012
23.350000336766243,66.591774,0.4056393,0.29848012
23.36000056564808,66.58377,0.40577403,0.29848012
23.370000794529915,66.62377,0.40577403,0.29970092
23.379999116063118,66.61178,0.40577403,0.30092168
23.389999344944954,66.57178,0.40577403,0.30214247
23.39999957382679,66.55577,0.4058414,0.30336323
23.409999802708626,66.591774,0.4058414,0.30458403
23.42000003159046,66.57977,0.4058414,0.3058048
23.430000260472298,66.519775,0.4058414,0.30702558
23.440000489354134,66.50378,0.40590876,0.30702558
23.45000071823597,66.53178,0.40597615,0.30824634
23.460000947117805,66.53178,0.40597615,0.30946714
23.46999926865101,66.491776,0.40597615,0.3106879
23.479999497532845,66.49978,0.40597615,0.3119087
23.48999972641468,66.507774,0.40604353,0.3119087
23.499999955296516,66.507774,0.40611088,0.31312945
23.510000184178352,66.49577,0.40611088,0.31435025
23.52000041306019,66.48777,0.40617824,0.31435025
23.530000641942024,66.47578,0.40624562,0.315571
23.54000087082386,66.48777,0.40624562,0.3167918
23.549999192357063,66.491776,0.406313,0.3167918
23.5599994212389,66.423775,0.406313,0.31801257
23.569999650120735,66.44377,0.4063804,0.31923336
23.57999987900257,66.50378,0.40644774,0.31923336
23.590000107884407,66.52377,0.40658247,0.32045412
23.600000336766243,66.491776,0.40664986,0.32045412
23.61000056564808,66.491776,0.4067846,0.32045412
23.620000794529915,66.563774,0.40698668,0.32045412
23.629999116063118,66.60777,0.40718883,0.32045412
23.639999344944954,66.631775,0.4074583,0.31923336
23.64999957382679,66.715775,0.4077278,0.31923336
23.659999802708626,66.811775,0.4081994,0.3167918
23.67000003159046,66.95577,0.40887308,0.31312945
23.680000260472298,67.12377,0.40947944,0.3106879
23.690000489354134,67.24777,0.409951,0.30824634
23.70000071823597,67.367775,0.41035524,0.30702558
23.710000947117805,67.48377,0.41075948,0.30458403
23.71999926865101,67.59977,0.41116372,0.30336323
23.729999497532845,67.659775,0.41170266,0.30092168
23.73999972641468,67.80377,0.41217425,0.29848012
23.749999955296516,67.939766,0.41257846,0.29725936
23.760000184178352,67.97977,0.41278058,0.29725936
23.77000041306019,67.95977,0.41284797,0.29725936
23.780000641942024,67.97177,0.41284797,0.29848012
23.79000087082386,67.97977,0.41284797,0.29970092
23.799999192357063,67.96377,0.41291532,0.30092168
23.8099994212389,67.94377,0.41291532,0.30092168
23.819999650120735,67.91977,0.4129827,0.30214247
23.82999987900257,67.92377,0.4129827,0.30336323
23.840000107884407,67.92377,0.41305006,0.30458403
23.850000336766243,67.955765,0.41311744,0.30458403
23.86000056564808,67.89577,0.41311744,0.3058048
23.870000794529915,67.899765,0.41311744,0.30702558
23.879999116063118,67.90777,0.41318482,0.30824634
23.889999344944954,67.90777,0.41318482,0.30946714
23.89999957382679,67.85977,0.4132522,0.30946714
23.909999802708626,67.86777,0.4132522,0.3106879
23.92000003159046,67.89577,0.41331956,0.3106879
23.930000260472298,67.899765,0.4133869,0.3119087
23.940000489354134,67.84777,0.4133869,0.31312945
23.95000071823597,67.86377,0.4134543,0.31435025
23.960000947117805,67.89177,0.41358903,0.31435025
23.96999926865101,67.89577,0.4136564,0.31435025
23.979999497532845,67.90377,0.41379115,0.31435025
23.98999972641468,67.94777,0.41399327,0.31435025
23.999999955296516,67.99177,0.41426274,0.31435025
24.010000184178352,68.091774,0.41466695,0.31312945
24.02000041306019,68.219765,0.41520593,0.30946714
24.030000641942024,68.33577,0.41581228,0.30702558
24.04000087082386,68.495766,0.4164186,0.30458403
24.049999192357063,68.65977,0.4169576,0.30092168
24.0599994212389,68.80777,0.41756392,0.29848012
24.069999650120735,68.90376,0.41796815,0.29725936
24.07999987900257,68.995766,0.41823763,0.29603857
24.090000107884407,69.08776,0.41843972,0.29603857
24.100000336766243,69.079765,0.41843972,0.29725936
24.11000056564808,69.023766,0.41843972,0.29725936
24.120000794529915,69.01977,0.41843972,0.29848012
24.129999116063118,69.039764,0.41843972,0.29970092
24.139999344944954,69.01977,0.41843972,0.30092168
24.14999957382679,69.00776,0.41843972,0.30214247
24.159999802708626,68.967766,0.41843972,0.30336323
24.17000003159046,68.95977,0.41843972,0.30458403
24.180000260472298,68.955765,0.41843972,0.3058048
24.190000489354134,68.93576,0.41843972,0.30702558
24.20000071823597,68.87977,0.41843972,0.30824634
24.210000947117805,68.87977,0.41843972,0.30946714
24.21999926865101,68.915764,0.41843972,0.3106879
24.229999497532845,68.89177,0.4185071,0.3106879
24.23999972641468,68.82777,0.4185071,0.31312945
24.249999955296516,68.81976,0.4185071,0.31312945
24.260000184178352,68.86777,0.4185071,0.31435025
24.27000041306019,68.843765,0.4185071,0.315571
24.280000641942024,68.79176,0.4185071,0.3167918
24.29000087082386,68.787766,0.4185071,0.31801257
24.299999192357063,68.76777,0.4185071,0.31923336
24.3099994212389,68.775764,0.4185071,0.32045412
24.319999650120735,68.75176,0.4185071,0.3216749
24.32999987900257,68.72376,0.4185071,0.32289568
24.340000107884407,68.70776,0.4185071,0.32411647
24.350000336766243,68.73576,0.4185071,0.32533723
24.36000056564808,68.71177,0.4185071,0.32655802
24.370000794529915,68.65577,0.4185071,0.3277788
24.379999116063118,68.64377,0.4185071,0.32899958
24.389999344944954,68.67976,0.4185071,0.33022034
24.39999957382679,68.66777,0.4185071,0.33022034
24.409999802708626,68.61176,0.41857448,0.33144113
24.42000003159046,68.63976,0.41864184,0.3326619
24.430000260472298,68.691765,0.41864184,0.3338827
24.440000489354134,68.65577,0.41870922,0.3338827
24.45000071823597,68.61977,0.4187766,0.33510345
24.460000947117805,68.635765,0.41884398,0.33510345
24.46999926865101,68.663765,0.4189113,0.33632424
24.479999497532845,68.68777,0.41904607,0.33632424
24.48999972641468,68.703766,0.4191808,0.33632424
24.499999955296516,68.719765,0.41931555,0.33632424
24.510000184178352,68.731766,0.41945028,0.33632424
24.52000041306019,68.815765,0.41965243,0.33632424
24.530000641942024,68.899765,0.42005664,0.33510345
24.54000087082386,68.95177,0.42052823,0.3326619
24.549999192357063,69.11176,0.42120194,0.33022034
24.5599994212389,69.359764,0.4220104,0.32533723
24.569999650120735,69.58376,0.4228862,0.32045412
24.57999987900257,69.775764,0.4238294,0.315571
24.590000107884407,70.04376,0.4247052,0.3106879
24.600000336766243,70.27576,0.42537892,0.30702558
24.61000056564808,70.36776,0.42564842,0.3058048
24.620000794529915,70.39576,0.42578313,0.3058048
24.629999116063118,70.38376,0.42578313,0.30702558
24.639999344944954,70.39176,0.4258505,0.30824634
24.64999957382679,70.40376,0.4258505,0.30946714
24.659999802708626,70.37176,0.4258505,0.3106879
24.67000003159046,70.33976,0.4259179,0.3106879
24.680000260472298,70.35576,0.4259179,0.3119087
24.690000489354134,70.38776,0.42605263,0.3119087
24.70000071823597,70.37576,0.42618737,0.31312945
24.710000947117805,70.347755,0.4263221,0.31312945
24.71999926865101,70.38776,0.4263895,0.31312945
24.729999497532845,70.45576,0.42652422,0.31312945
24.73999972641468,70.45176,0.42665896,0.31312945
24.749999955296516,70.43976,0.42679372,0.31435025
24.760000184178352,70.487755,0.42692843,0.31435025
24.77000041306019,70.54776,0.4270632,0.31435025
24.780000641942024,70.55176,0.42726532,0.31435025
24.79000087082386,70.56776,0.4274674,0.31435025
24.799999192357063,70.639755,0.4277369,0.31312945
24.8099994212389,70.707756,0.42800638,0.31312945
24.819999650120735,70.77576,0.42827585,0.3119087
24.82999987900257,70.82376,0.42841062,0.3119087
24.840000107884407,70.81576,0.42854536,0.3119087
24.850000336766243,70.85176,0.42874745,0.3119087
24.86000056564808,70.931755,0.42894956,0.3119087
24.870000794529915,70.971756,0.42915168,0.3119087
24.879999116063118,70.971756,0.42928642,0.3119087
24.889999344944954,71.00776,0.4294885,0.3106879
24.89999957382679,71.10776,0.42969066,0.3106879
24.909999802708626,71.11976,0.42996013,0.3106879
24.92000003159046,71.13576,0.43016225,0.3106879
24.930000260472298,71.17576,0.43022963,0.3106879
24.940000489354134,71.20376,0.430297,0.3119087
24.95000071823597,71.18776,0.43036434,0.3119087
24.960000947117805,71.167755,0.43043172,0.31312945
24.96999926865101,71.17576,0.43043172,0.31435025
24.979999497532845,71.183754,0.4304991,0.31435025
24.98999972641468,71.19576,0.43056646,0.315571
24.999999955296516,71.18776,0.43056646,0.3167918
25.010000184178352,71.13176,0.43056646,0.31801257
25.02000041306019,71.111755,0.43063384,0.31923336
25.030000641942024,71.17576,0.43063384,0.31923336
25.04000087082386,71.167755,0.43063384,0.32045412
25.049999192357063,71.10776,0.43063384,0.3216749
25.0599994212389,71.099754,0.43070123,0.32289568
25.069999650120735,71.13176,0.43076858,0.32289568
25.07999987900257,71.111755,0.43076858,0.32411647
25.090000107884407,71.09176,0.43076858,0.32533723
25.100000336766243,71.09176,0.43076858,0.32655802
25.11000056564808,71.111755,0.43083593,0.3277788
25.120000794529915,71.08376,0.43083593,0.32899958
25.129999116063118,71.071754,0.43090332,0.32899958
25.139999344944954,71.04376,0.43090332,0.33022034
25.14999957382679,71.055756,0.43090332,0.33144113
25.159999802708626,71.071754,0.43090332,0.3326619
25.17000003159046,71.06776,0.4309707,0.3338827
25.180000260472298,71.03175,0.43103808,0.3338827
25.190000489354134,71.03576,0.43110543,0.33510345
25.20000071823597,71.07976,0.43110543,0.33632424
25.210000947117805,71.05176,0.43117282,0.33632424
25.21999926865101,71.01176,0.43124017,0.337545
25.229999497532845,71.05176,0.4313749,0.3387658
25.23999972641468,71.10776,0.43150967,0.337545
25.249999955296516,71.12776,0.43164438,0.3387658
25.260000184178352,71.12776,0.43184653,0.337545
25.27000041306019,71.207756,0.43204862,0.337545
25.280000641942024,71.24776,0.432116,0.3387658
25.29000087082386,71.28375,0.43231812,0.337545
25.299999192357063,71.31576,0.4325876,0.337545
25.3099994212389,71.35576,0.4328571,0.33632424
25.319999650120735,71.443756,0.43312657,0.33632424
25.32999987900257,71.555756,0.43353078,0.3338827
25.340000107884407,71.655754,0.43400237,0.3326619
25.350000336766243,71.73975,0.434474,0.33022034
25.36000056564808,71.86775,0.43494558,0.3277788
25.370000794529915,72.015755,0.43541718,0.32655802
25.379999116063118,72.127754,0.43588874,0.32411647
25.389999344944954,72.23175,0.4364277,0.32045412
25.39999957382679,72.419754,0.43710145,0.31801257
25.409999802708626,72.55975,0.43743828,0.3167918
25.42000003159046,72.571754,0.43750566,0.3167918
25.430000260472298,72.55175,0.43750566,0.31801257
25.440000489354134,72.555756,0.43757302,0.31923336
25.45000071823597,72.58375,0.43757302,0.32045412
25.460000947117805,72.55175,0.4376404,0.32045412
25.46999926865101,72.53975,0.4376404,0.3216749
25.479999497532845,72.52375,0.43770775,0.32289568
25.48999972641468,72.527756,0.43770775,0.32411647
25.499999955296516,72.53175,0.43770775,0.32411647
25.510000184178352,72.499756,0.43777514,0.32533723
25.52000041306019,72.47575,0.43777514,0.32655802
25.530000641942024,72.47175,0.43777514,0.3277788
25.54000087082386,72.49576,0.43777514,0.32899958
25.549999192357063,72.48375,0.43777514,0.33022034
25.5599994212389,72.443756,0.43784252,0.33022034
25.569999650120735,72.45175,0.43784252,0.3326619
25.57999987900257,72.47575,0.43784252,0.3326619
25.590000107884407,72.41576,0.43797725,0.3338827
25.600000336766243,72.43575,0.4380446,0.3338827
25.61000056564808,72.447754,0.4380446,0.33510345
25.620000794529915,72.487755,0.43817937,0.33510345
25.629999116063118,72.45175,0.43824673,0.33632424
25.639999344944954,72.431755,0.43824673,0.337545
25.64999957382679,72.419754,0.43824673,0.3387658
25.659999802708626,72.447754,0.4383141,0.3387658
25.67000003159046,72.49576,0.4383815,0.33998656
25.680000260472298,72.48375,0.4385162,0.33998656
25.690000489354134,72.459755,0.43858358,0.33998656
25.70000071823597,72.515755,0.4387857,0.33998656
25.710000947117805,72.60375,0.43912256,0.3387658
25.71999926865101,72.67576,0.43959415,0.337545
25.729999497532845,72.82375,0.44033524,0.3338827
25.73999972641468,73.043755,0.44114366,0.32899958
25.749999955296516,73.28775,0.4419521,0.32411647
25.760000184178352,73.48775,0.44282794,0.32045412
25.77000041306019,73.67975,0.443569,0.315571
25.780000641942024,73.82775,0.4439059,0.31435025
25.79000087082386,73.87175,0.44397324,0.31435025
25.799999192357063,73.86375,0.44397324,0.3167918
25.8099994212389,73.81575,0.44397324,0.3167918
25.819999650120735,73.79575,0.44397324,0.31923336
25.82999987900257,73.79975,0.44397324,0.31923336
25.840000107884407,73.79575,0.44397324,0.32045412
25.850000336766243,73.78375,0.44397324,0.3216749
25.86000056564808,73.74375,0.44397324,0.32289568
25.870000794529915,73.73575,0.44397324,0.32411647
25.879999116063118,73.75575,0.44397324,0.32533723
25.889999344944954,73.699745,0.44397324,0.32655802
25.89999957382679,73.671745,0.44397324,0.3277788
25.909999802708626,73.71175,0.44397324,0.32899958
25.92000003159046,73.69175,0.44397324,0.33022034
25.930000260472298,73.65175,0.44397324,0.33144113
25.940000489354134,73.61175,0.44397324,0.3326619
25.95000071823597,73.62375,0.44397324,0.3338827
25.960000947117805,73.61575,0.44397324,0.3338827
25.96999926865101,73.60775,0.44397324,0.33632424
25.979999497532845,73.57575,0.44397324,0.33632424
25.98999972641468,73.55175,0.44397324,0.3387658
25.999999955296516,73.559746,0.44404063,0.3387658
26.010000184178352,73.58375,0.44410798,0.33998656
26.02000041306019,73.59975,0.44424275,0.33998656
26.030000641942024,73.57175,0.44431013,0.33998656
26.04000087082386,73.61175,0.44437745,0.34120736
26.049999192357063,73.63575,0.44451222,0.34120736
26.0599994212389,73.62375,0.44464695,0.34120736
26.069999650120735,73.63575,0.44471434,0.34242812
26.07999987900257,73.69575,0.44491643,0.34242812
26.090000107884407,73.72775,0.44511855,0.34120736
26.100000336766243,73.767746,0.4454554,0.33998656
26.11000056564808,73.85575,0.445927,0.3387658
26.120000794529915,74.02775,0.44653332,0.33510345
26.129999116063118,74.255745,0.44740915,0.33022034
26.139999344944954,74.547745,0.4486218,0.32289568
26.14999957382679,74.89974,0.45017135,0.31435025
26.159999802708626,75.23575,0.45151877,0.3058048
26.17000003159046,75.62374,0.45252934,0.29970092
26.180000260472298,75.89175,0.45340514,0.2948178
26.190000489354134,76.07174,0.45434836,0.2887139
26.20000071823597,76.33174,0.45549363,0.28261003
26.210000947117805,76.663734,0.45670632,0.27528536
26.21999926865101,76.89574,0.45731264,0.27162302
26.229999497532845,76.94774,0.4574474,0.2728438
26.23999972641468,76.939735,0.4574474,0.27406457
26.249999955296516,76.94774,0.4574474,0.27528536
26.260000184178352,76.93174,0.4574474,0.27528536
26.27000041306019,76.883736,0.4574474,0.27772692
26.280000641942024,76.855736,0.4574474,0.27772692
26.29000087082386,76.843735,0.4574474,0.27894768
26.299999192357063,76.81974,0.4574474,0.28016847
26.3099994212389,76.80774,0.4574474,0.28138924
26.319999650120735,76.78374,0.4575148,0.28261003
26.32999987900257,76.74374,0.4575148,0.2838308
26.340000107884407,76.75174,0.4575148,0.28505158
26.350000336766243,76.74374,0.4575148,0.28627235
26.36000056564808,76.68374,0.4575148,0.28749314
26.370000794529915,76.663734,0.4575148,0.2887139
26.379999116063118,76.67574,0.4575148,0.2887139
26.389999344944954,76.66774,0.4575148,0.29115546
26.39999957382679,76.62373,0.4575148,0.29115546
26.409999802708626,76.60374,0.4575148,0.29237625
26.42000003159046,76.61174,0.4575148,0.293597
26.430000260472298,76.58774,0.4575148,0.2948178
26.440000489354134,76.53974,0.4575148,0.29603857
26.45000071823597,76.53974,0.4575148,0.29725936
26.460000947117805,76.52774,0.4575148,0.29848012
26.46999926865101,76.51974,0.45758212,0.29848012
26.479999497532845,76.53974,0.45758212,0.30092168
26.48999972641468,76.49574,0.4576495,0.30092168
26.499999955296516,76.48374,0.45771688,0.30214247
26.510000184178352,76.51174,0.45771688,0.30336323
26.52000041306019,76.523735,0.45785162,0.30336323
26.530000641942024,76.49974,0.45798635,0.30336323
26.54000087082386,76.51974,0.45805374,0.30458403
26.549999192357063,76.60374,0.45825586,0.30336323
26.5599994212389,76.66774,0.4585927,0.30336323
26.569999650120735,76.70774,0.45899692,0.30092168
26.57999987900257,76.82374,0.4595359,0.29848012
26.590000107884407,77.01974,0.46027696,0.2948178
26.600000336766243,77.23974,0.46128753,0.2887139
26.61000056564808,77.483734,0.4622307,0.2838308
26.620000794529915,77.69574,0.4627697,0.28016847
26.629999116063118,77.77973,0.46283707,0.28138924
26.639999344944954,77.771736,0.46283707,0.28261003
26.64999957382679,77.775734,0.46283707,0.2838308
26.659999802708626,77.72774,0.46283707,0.28505158
26.67000003159046,77.70773,0.46283707,0.28627235
26.680000260472298,77.71173,0.46283707,0.28749314
26.690000489354134,77.68774,0.46283707,0.2887139
26.70000071823597,77.62774,0.46283707,0.2887139
26.710000947117805,77.61574,0.46283707,0.29115546
26.71999926865101,77.647736,0.46283707,0.29115546
26.729999497532845,77.619736,0.46283707,0.293597
26.73999972641468,77.55573,0.46283707,0.293597
26.749999955296516,77.54774,0.46290442,0.2948178
26.760000184178352,77.551735,0.46290442,0.29603857
26.77000041306019,77.54774,0.46290442,0.29725936
26.780000641942024,77.52773,0.46290442,0.29848012
26.79000087082386,77.495735,0.46290442,0.29848012
26.799999192357063,77.47174,0.46290442,0.30092168
26.8099994212389,77.48773,0.46290442,0.30092168
26.819999650120735,77.47974,0.46290442,0.30336323
26.82999987900257,77.43174,0.46290442,0.30336323
26.840000107884407,77.40374,0.46290442,0.30458403
26.850000336766243,77.41973,0.46290442,0.3058048
26.86000056564808,77.42374,0.46290442,0.30702558
26.870000794529915,77.36774,0.46290442,0.30824634
26.879999116063118,77.36774,0.46290442,0.30946714
26.889999344944954,77.38773,0.46290442,0.3106879
26.89999957382679,77.355736,0.46290442,0.3119087
26.909999802708626,77.303734,0.46290442,0.31312945
26.92000003159046,77.30773,0.46290442,0.31435025
26.930000260472298,77.31174,0.46290442,0.315571
26.940000489354134,77.303734,0.4629718,0.3167918
26.95000071823597,77.287735,0.4629718,0.3167918
26.960000947117805,77.25574,0.4629718,0.31923336
26.96999926865101,77.25574,0.4630392,0.31923336
26.979999497532845,77.29574,0.4630392,0.32045412
26.98999972641468,77.27974,0.46310654,0.32045412
26.999999955296516,77.25174,0.4631739,0.3216749
27.010000184178352,77.247734,0.46330866,0.3216749
27.02000041306019,77.327736,0.4634434,0.3216749
27.030000641942024,77.35973,0.46364552,0.32289568
27.04000087082386,77.34773,0.46384764,0.3216749
27.049999192357063,77.39574,0.46404973,0.3216749
27.0599994212389,77.535736,0.46445397,0.31923336
27.069999650120735,77.65574,0.4649929,0.3167918
27.07999987900257,77.803734,0.465734,0.31312945
27.090000107884407,77.995735,0.46654245,0.30946714
27.100000336766243,78.24374,0.4676204,0.30336323
27.11000056564808,78.55573,0.46863094,0.29725936
27.120000794529915,78.72773,0.46910253,0.2948178
27.129999116063118,78.787735,0.46910253,0.29603857
27.139999344944954,78.775734,0.46910253,0.29725936
27.14999957382679,78.775734,0.46910253,0.29848012
27.159999802708626,78.75173,0.46910253,0.29848012
27.17000003159046,78.69973,0.46910253,0.29970092
27.180000260472298,78.675735,0.46910253,0.30092168
27.190000489354134,78.723724,0.46910253,0.30214247
27.20000071823597,78.703735,0.46910253,0.30336323
27.210000947117805,78.61574,0.46910253,0.30458403
27.21999926865101,78.61574,0.46910253,0.3058048
27.229999497532845,78.63973,0.46910253,0.30702558
27.23999972641468,78.62774,0.46910253,0.30824634
27.249999955296516,78.56373,0.46910253,0.30946714
27.260000184178352,78.55974,0.46910253,0.3106879
27.27000041306019,78.57173,0.46910253,0.3119087
27.280000641942024,78.57973,0.46910253,0.31312945
27.29000087082386,78.535736,0.46910253,0.31435025
27.299999192357063,78.52773,0.46910253,0.315571
27.3099994212389,78.47974,0.46910253,0.3167918
27.319999650120735,78.51573,0.46910253,0.31801257
27.32999987900257,78.50373,0.46910253,0.31923336
27.340000107884407,78.427734,0.46910253,0.32045412
27.350000336766243,78.43573,0.46910253,0.32045412
27.36000056564808,78.455734,0.46910253,0.3216749
27.370000794529915,78.43573,0.4691699,0.32289568
27.379999116063118,78.36373,0.4691699,0.32411647
27.389999344944954,78.383736,0.4691699,0.32533723
27.39999957382679,78.40773,0.4691699,0.32655802
27.409999802708626,78.383736,0.4691699,0.3277788
27.42000003159046,78.36774,0.4691699,0.32899958
27.430000260472298,78.343735,0.4691699,0.33022034
27.440000489354134,78.33173,0.46923727,0.33022034
27.45000071823597,78.35173,0.46923727,0.33144113
27.460000947117805,78.33573,0.46930465,0.3326619
27.46999926865101,78.32373,0.46937203,0.3326619
27.479999497532845,78.327736,0.46937203,0.3338827
27.48999972641468,78.35973,0.4694394,0.33510345
27.499999955296516,78.35173,0.46950674,0.33510345
27.510000184178352,78.299736,0.46957412,0.33632424
27.52000041306019,78.33173,0.4697089,0.33632424
27.530000641942024,78.44773,0.46997836,0.33632424
27.54000087082386,78.53173,0.47044995,0.3338827
27.549999192357063,78.64373,0.4710563,0.33022034
27.5599994212389,78.831726,0.47186476,0.32655802
27.569999650120735,79.07173,0.47267318,0.3216749
27.57999987900257,79.28373,0.473549,0.3167918
27.590000107884407,79.53973,0.47455955,0.3106879
27.600000336766243,79.77573,0.47530067,0.30702558
27.61000056564808,79.91173,0.47570488,0.3058048
27.620000794529915,79.93573,0.47570488,0.30702558
27.629999116063118,79.943726,0.47570488,0.30702558
27.639999344944954,79.903725,0.47577226,0.30824634
27.64999957382679,79.89573,0.47577226,0.30946714
27.659999802708626,79.89973,0.47577226,0.3106879
27.67000003159046,79.89172,0.47577226,0.3119087
27.680000260472298,79.83972,0.4758396,0.31312945
27.690000489354134,79.831726,0.4758396,0.31312945
27.70000071823597,79.88373,0.47590697,0.31435025
27.710000947117805,79.85172,0.47597435,0.31435025
27.71999926865101,79.80773,0.47597435,0.3167918
27.729999497532845,79.81973,0.47604173,0.3167918
27.73999972641468,79.84373,0.47610912,0.3167918
27.749999955296516,79.85973,0.47617647,0.31801257
27.760000184178352,79.82373,0.47617647,0.31923336
27.77000041306019,79.83573,0.4763112,0.32045412
27.780000641942024,79.87173,0.47651333,0.31923336
27.79000087082386,79.931725,0.47671542,0.31923336
27.799999192357063,79.995735,0.47698492,0.31801257
27.8099994212389,80.05173,0.4774565,0.3167918
27.819999650120735,80.16373,0.47799546,0.31435025
27.82999987900257,80.347725,0.47853443,0.3119087
27.840000107884407,80.46372,0.4790734,0.30824634
27.850000336766243,80.58772,0.47974712,0.3058048
27.86000056564808,80.77172,0.48042083,0.30092168
27.870000794529915,81.01972,0.4811619,0.29848012
27.879999116063118,81.14773,0.4816335,0.2948178
27.889999344944954,81.17972,0.481903,0.2948178
27.89999957382679,81.20772,0.48197034,0.2948178
27.909999802708626,81.251724,0.48203772,0.29603857
27.92000003159046,81.24372,0.4821051,0.29725936
27.930000260472298,81.22773,0.4821725,0.29725936
27.940000489354134,81.21573,0.4821725,0.29848012
27.95000071823597,81.20373,0.4822398,0.29848012
27.960000947117805,81.24372,0.4823072,0.29970092
27.96999926865101,81.22773,0.48237458,0.30092168
27.979999497532845,81.19172,0.48244196,0.30092168
27.98999972641468,81.21573,0.48250932,0.30214247
27.999999955296516,81.26772,0.4825767,0.30336323
28.010000184178352,81.24772,0.48271143,0.30336323
28.02000041306019,81.235725,0.48298094,0.30214247
28.030000641942024,81.31172,0.4832504,0.30214247
28.04000087082386,81.43172,0.48358724,0.30092168
28.049999192357063,81.53172,0.48405886,0.29848012
28.0599994212389,81.623726,0.48459783,0.29603857
28.069999650120735,81.779724,0.48520413,0.29237625
28.07999987900257,81.95172,0.4858105,0.2899347
28.090000107884407,82.07972,0.48634946,0.28749314
28.100000336766243,82.21572,0.4868884,0.28505158
28.11000056564808,82.27972,0.4871579,0.2838308
28.120000794529915,82.323715,0.4872253,0.28505158
28.129999116063118,82.35172,0.4872253,0.28505158
28.139999344944954,82.323715,0.48729262,0.28627235
28.14999957382679,82.27972,0.48729262,0.28749314
28.159999802708626,82.27172,0.48729262,0.2887139
28.17000003159046,82.29972,0.48729262,0.2899347
28.180000260472298,82.27172,0.48736,0.2899347
28.190000489354134,82.21972,0.48736,0.29115546
28.20000071823597,82.21972,0.48736,0.29237625
28.210000947117805,82.24372,0.48736,0.293597
28.21999926865101,82.21172,0.48742738,0.2948178
28.229999497532845,82.17572,0.48742738,0.29603857
28.23999972641468,82.16372,0.48742738,0.29725936
28.249999955296516,82.16372,0.48742738,0.29848012
28.260000184178352,82.14772,0.48742738,0.29848012
28.27000041306019,82.14372,0.48742738,0.30092168
28.280000641942024,82.099724,0.48742738,0.30092168
28.29000087082386,82.08372,0.48749477,0.30214247
28.299999192357063,82.10372,0.48749477,0.30336323
28.3099994212389,82.07172,0.48749477,0.30458403
28.319999650120735,82.03572,0.48749477,0.3058048
28.32999987900257,82.03972,0.48749477,0.30702558
28.340000107884407,82.05572,0.48749477,0.30824634
28.350000336766243,82.01572,0.48749477,0.30946714
28.36000056564808,81.975716,0.48749477,0.3106879
28.370000794529915,81.99572,0.48756212,0.3106879
28.379999116063118,82.02372,0.48756212,0.3119087
28.389999344944954,81.99172,0.48756212,0.31312945
28.39999957382679,81.96772,0.4876295,0.31435025
28.409999802708626,81.95572,0.4876295,0.31435025
28.42000003159046,81.96372,0.4876969,0.315571
28.430000260472298,81.96372,0.4876969,0.3167918
28.440000489354134,81.95572,0.4876969,0.31801257
28.45000071823597,81.92372,0.4876969,0.31923336
28.460000947117805,81.91972,0.4876969,0.32045412
28.46999926865101,81.935715,0.48776424,0.32045412
28.479999497532845,81.91972,0.48776424,0.32289568
28.48999972641468,81.875725,0.4878316,0.32289568
28.499999955296516,81.89572,0.4878316,0.32411647
28.510000184178352,81.943726,0.48796636,0.32411647
28.52000041306019,81.93972,0.4881011,0.32411647
28.530000641942024,81.935715,0.48823586,0.32411647
28.54000087082386,81.96772,0.4883705,0.32411647
28.549999192357063,82.02772,0.48850527,0.32533723
28.5599994212389,82.09572,0.48884213,0.32411647
28.569999650120735,82.18372,0.4893811,0.3216749
28.57999987900257,82.363716,0.49012217,0.3167918
28.590000107884407,82.60372,0.49120012,0.3119087
28.600000336766243,82.92372,0.49227807,0.30458403
28.61000056564808,83.19572,0.4932886,0.29848012
28.620000794529915,83.407715,0.49409705,0.2948178
28.629999116063118,83.55571,0.49436656,0.293597
28.639999344944954,83.60771,0.49443388,0.2948178
28.64999957382679,83.58372,0.4945013,0.2948178
28.659999802708626,83.53572,0.4945013,0.29603857
28.67000003159046,83.56372,0.49456865,0.29725936
28.680000260472298,83.60372,0.49463606,0.29725936
28.690000489354134,83.58372,0.49477074,0.29848012
28.70000071823597,83.56771,0.4949055,0.29848012
28.710000947117805,83.615715,0.49504024,0.29848012
28.71999926865101,83.655716,0.49524233,0.29848012
28.729999497532845,83.70772,0.49557918,0.29725936
28.73999972641468,83.783714,0.49605078,0.2948178
28.749999955296516,83.93172,0.49672455,0.29115546
28.760000184178352,84.131714,0.497533,0.28749314
28.77000041306019,84.39171,0.49827403,0.28261003
28.780000641942024,84.52771,0.49881303,0.28016847
28.79000087082386,84.56771,0.49908248,0.27894768
28.799999192357063,84.59972,0.4991499,0.28016847
28.8099994212389,84.63571,0.4992172,0.28138924
28.819999650120735,84.60771,0.49928463,0.28138924
28.82999987900257,84.57571,0.49928463,0.28261003
28.840000107884407,84.58372,0.49928463,0.2838308
28.850000336766243,84.59171,0.49928463,0.28505158
28.86000056564808,84.55571,0.49928463,0.28627235
28.870000794529915,84.531715,0.49928463,0.28749314
28.879999116063118,84.52371,0.49928463,0.2887139
28.889999344944954,84.519714,0.49928463,0.2899347
28.89999957382679,84.48771,0.49928463,0.29115546
28.909999802708626,84.45171,0.49935198,0.29115546
28.92000003159046,84.43171,0.49935198,0.29237625
28.930000260472298,84.42772,0.49935198,0.293597
28.940000489354134,84.43171,0.49935198,0.2948178
28.95000071823597,84.40371,0.49935198,0.29603857
28.960000947117805,84.367714,0.49941933,0.29725936
28.96999926865101,84.38371,0.49941933,0.29848012
28.979999497532845,84.40371,0.49941933,0.29848012
28.98999972641468,84.36371,0.49941933,0.30092168
28.999999955296516,84.32371,0.49941933,0.30092168
29.010000184178352,84.33571,0.49941933,0.30336323
29.02000041306019,84.35571,0.49941933,0.30336323
29.030000641942024,84.30772,0.49941933,0.30458403
29.04000087082386,84.24771,0.49941933,0.3058048
29.049999192357063,84.26372,0.49941933,0.30702558
29.0599994212389,84.27571,0.49941933,0.30824634
29.069999650120735,84.25571,0.49941933,0.30946714
29.07999987900257,84.24371,0.49941933,0.3106879
29.090000107884407,84.199715,0.49941933,0.3119087
29.100000336766243,84.19171,0.49941933,0.31312945
29.11000056564808,84.199715,0.49941933,0.31435025
29.120000794529915,84.183716,0.49941933,0.315571
29.129999116063118,84.131714,0.49941933,0.3167918
29.139999344944954,84.14772,0.49941933,0.31801257
29.14999957382679,84.15971,0.49941933,0.31923336
29.159999802708626,84.11971,0.49941933,0.32045412
29.17000003159046,84.10772,0.49941933,0.32045412
29.180000260472298,84.11171,0.49941933,0.32289568
29.190000489354134,84.087715,0.49941933,0.32289568
29.20000071823597,84.047714,0.49941933,0.32411647
29.210000947117805,84.03972,0.49941933,0.32533723
29.21999926865101,84.05171,0.4994867,0.32655802
29.229999497532845,84.06371,0.49955407,0.32655802
29.23999972641468,84.059715,0.49962148,0.3277788
29.249999955296516,84.04371,0.49968883,0.32899958
29.260000184178352,84.05171,0.49982357,0.32899958
29.27000041306019,84.13971,0.5000257,0.32899958
29.280000641942024,84.19572,0.5002278,0.32899958
29.29000087082386,84.199715,0.5003625,0.32899958
29.299999192357063,84.183716,0.5003625,0.32899958
29.3099994212389,84.18771,0.5004299,0.33022034
29.319999650120735,84.23571,0.5004973,0.33144113
29.32999987900257,84.211716,0.5005647,0.33144113
29.340000107884407,84.19171,0.5005647,0.3326619
29.350000336766243,84.25172,0.50069934,0.3326619
29.36000056564808,84.25172,0.5008341,0.3326619
29.370000794529915,84.24371,0.5009689,0.3338827
29.379999116063118,84.311714,0.501171,0.3326619
29.389999344944954,84.39571,0.5015079,0.3326619
29.39999957382679,84.491714,0.50191206,0.33022034
29.409999802708626,84.60771,0.5025184,0.3277788
29.42000003159046,84.74771,0.5031248,0.32411647
29.430000260472298,84.91171,0.5037985,0.32045412
29.440000489354134,85.107704,0.50433743,0.31801257
29.45000071823597,85.23971,0.50474167,0.3167918
29.460000947117805,85.28371,0.5050785,0.315571
29.46999926865101,85.30771,0.50521326,0.315571
29.479999497532845,85.35971,0.50521326,0.3167918
29.48999972641468,85.35171,0.50521326,0.31801257
29.499999955296516,85.33571,0.50521326,0.31923336
29.510000184178352,85.3037,0.50521326,0.32045412
29.52000041306019,85.30771,0.50521326,0.3216749
29.530000641942024,85.28371,0.50521326,0.32289568
29.54000087082386,85.25571,0.50521326,0.32411647
29.549999192357063,85.22771,0.50521326,0.32411647
29.5599994212389,85.24371,0.50521326,0.32655802
29.569999650120735,85.23571,0.5052806,0.32655802
29.57999987900257,85.23571,0.5052806,0.3277788
29.590000107884407,85.17971,0.5052806,0.32899958
29.600000336766243,85.15171,0.5052806,0.33022034
29.61000056564808,85.15171,0.5052806,0.33144113
29.620000794529915,85.187706,0.5052806,0.3326619
29.629999116063118,85.12371,0.5052806,0.3338827
29.639999344944954,85.09571,0.5052806,0.33510345
29.64999957382679,85.119705,0.5052806,0.33632424
29.659999802708626,85.103714,0.5052806,0.33632424
29.67000003159046,85.075714,0.5052806,0.3387658
29.680000260472298,85.051704,0.5052806,0.3387658
29.690000489354134,85.087715,0.50534797,0.33998656
29.70000071823597,85.08371,0.50534797,0.34120736
29.710000947117805,85.047714,0.5054153,0.34242812
29.71999926865101,85.06771,0.5055501,0.34242812
29.729999497532845,85.107704,0.5057522,0.34242812
29.73999972641468,85.17971,0.50595427,0.34120736
29.749999955296516,85.21971,0.50615644,0.34120736
29.760000184178352,85.23171,0.50635856,0.34120736
29.77000041306019,85.25571,0.5065606,0.34120736
29.780000641942024,85.371704,0.50683016,0.33998656
29.79000087082386,85.447716,0.50709957,0.33998656
29.799999192357063,85.46371,0.50723433,0.33998656
29.8099994212389,85.45571,0.5073691,0.33998656
29.819999650120735,85.52371,0.50750387,0.33998656
29.82999987900257,85.57171,0.5077059,0.33998656
29.840000107884407,85.59971,0.50811017,0.3387658
29.850000336766243,85.699715,0.5085144,0.33632424
29.86000056564808,85.895706,0.50918806,0.3326619
29.870000794529915,86.0877,0.51006395,0.3277788
29.879999116063118,86.315704,0.51100713,0.32289568
29.889999344944954,86.551704,0.5117482,0.31923336
29.89999957382679,86.715706,0.5122198,0.3167918
29.909999802708626,86.78371,0.5122872,0.3167918
29.92000003159046,86.7637,0.5122872,0.31923336
29.930000260472298,86.72771,0.5123545,0.31923336
29.940000489354134,86.687706,0.5123545,0.32045412
29.95000071823597,86.715706,0.5123545,0.3216749
29.960000947117805,86.7397,0.5124219,0.32289568
29.96999926865101,86.67971,0.51248926,0.32289568
29.979999497532845,86.6717,0.5125567,0.32411647
29.98999972641468,86.72771,0.5125567,0.32411647
29.999999955296516,86.703705,0.5125567,0.32655802
30.010000184178352,86.63971,0.512624,0.32655802
30.02000041306019,86.635704,0.512624,0.3277788
30.030000641942024,86.66771,0.512624,0.32899958
30.04000087082386,86.647705,0.5126914,0.32899958
30.049999192357063,86.6237,0.5126914,0.33022034
30.0599994212389,86.61571,0.5127588,0.33144113
30.069999650120735,86.619705,0.5127588,0.3326619
30.07999987900257,86.6437,0.5127588,0.3338827
30.090000107884407,86.619705,0.5127588,0.33510345
30.100000336766243,86.5837,0.51282614,0.33510345
30.11000056564808,86.5557,0.51282614,0.33632424
30.120000794529915,86.5957,0.5128935,0.337545
30.129999116063118,86.61571,0.51296085,0.3387658
30.139999344944954,86.56371,0.5130282,0.3387658
30.14999957382679,86.5917,0.5130956,0.33998656
30.159999802708626,86.6437,0.51329774,0.3387658
30.17000003159046,86.715706,0.51363456,0.3387658
30.180000260472298,86.7677,0.5140388,0.33632424
30.190000489354134,86.9037,0.51464516,0.3338827
30.20000071823597,87.1237,0.51552093,0.32899958
30.210000947117805,87.395706,0.51666623,0.32289568
30.21999926865101,87.72771,0.5180137,0.31435025
30.229999497532845,88.1237,0.51942843,0.30458403
30.23999972641468,88.4317,0.5205064,0.29848012
30.249999955296516,88.707695,0.5213822,0.293597
30.260000184178352,88.93969,0.5221907,0.2887139
30.27000041306019,89.0957,0.52306646,0.2838308
30.280000641942024,89.3277,0.52400964,0.27894768
30.29000087082386,89.611694,0.5249529,0.27406457
30.299999192357063,89.819695,0.5255592,0.27040225
30.3099994212389,89.85569,0.5257613,0.27040225
30.319999650120735,89.831696,0.5257613,0.27162302
30.32999987900257,89.8517,0.52582866,0.27162302
30.340000107884407,89.8397,0.52582866,0.27406457
30.350000336766243,89.791695,0.52582866,0.27406457
30.36000056564808,89.77969,0.52582866,0.27528536
30.370000794529915,89.7717,0.52582866,0.27650613
30.379999116063118,89.73569,0.52582866,0.27772692
30.389999344944954,89.71169,0.52582866,0.27894768
30.39999957382679,89.691696,0.52582866,0.28016847
30.409999802708626,89.6637,0.52582866,0.28138924
30.42000003159046,89.6637,0.52582866,0.28261003
30.430000260472298,89.65569,0.52582866,0.2838308
30.440000489354134,89.59169,0.52582866,0.28505158
30.45000071823597,89.57169,0.52582866,0.28627235
30.460000947117805,89.60369,0.52582866,0.28749314
30.46999926865101,89.5877,0.52582866,0.2887139
30.479999497532845,89.52369,0.52582866,0.2887139
30.48999972641468,89.4797,0.52582866,0.29115546
30.499999955296516,89.511696,0.52582866,0.29115546
30.510000184178352,89.50369,0.52582866,0.293597
30.52000041306019,89.459694,0.52582866,0.293597
30.530000641942024,89.4517,0.52582866,0.2948178
30.54000087082386,89.4517,0.52582866,0.29603857
30.549999192357063,89.43569,0.52582866,0.29725936
30.5599994212389,89.43569,0.5258961,0.29848012
30.569999650120735,89.41969,0.5258961,0.29970092
30.57999987900257,89.3717,0.5258961,0.30092168
30.590000107884407,89.40769,0.5259634,0.30092168
30.600000336766243,89.403694,0.5259634,0.30214247
30.61000056564808,89.32369,0.5259634,0.30336323
30.620000794529915,89.32369,0.52603084,0.30458403
30.629999116063118,89.36769,0.52603084,0.30458403
30.639999344944954,89.36769,0.52609813,0.3058048
30.64999957382679,89.319695,0.52609813,0.30702558
30.659999802708626,89.319695,0.5262329,0.30702558
30.67000003159046,89.3557,0.52630025,0.30824634
30.680000260472298,89.3717,0.526435,0.30824634
30.690000489354134,89.3997,0.5267045,0.30702558
30.70000071823597,89.4917,0.5271087,0.3058048
30.710000947117805,89.595695,0.5275803,0.30336323
30.71999926865101,89.75169,0.5281867,0.30092168
30.729999497532845,89.92369,0.5289951,0.29725936
30.73999972641468,90.13569,0.5298709,0.29237625
30.749999955296516,90.35969,0.53074676,0.28749314
30.760000184178352,90.63169,0.5313531,0.2838308
30.77000041306019,90.68369,0.5315552,0.2838308
30.780000641942024,90.64369,0.5315552,0.28505158
30.79000087082386,90.63969,0.5316226,0.28505158
30.799999192357063,90.6757,0.5316226,0.28627235
30.8099994212389,90.66769,0.5316226,0.28749314
30.819999650120735,90.5797,0.5316226,0.2887139
30.82999987900257,90.58769,0.5316226,0.2899347
30.840000107884407,90.599686,0.5316226,0.29115546
30.850000336766243,90.583694,0.5316226,0.29237625
30.86000056564808,90.54769,0.5316226,0.293597
30.870000794529915,90.53569,0.5316226,0.2948178
30.879999116063118,90.50769,0.5316226,0.2948178
30.889999344944954,90.49569,0.5316226,0.29725936
30.89999957382679,90.459694,0.5316226,0.29725936
30.909999802708626,90.43569,0.5316226,0.29848012
30.92000003159046,90.43569,0.5316226,0.29970092
30.930000260472298,90.44769,0.5316226,0.30092168
30.940000489354134,90.41569,0.5316226,0.30214247
30.95000071823597,90.35969,0.5316226,0.30336323
30.960000947117805,90.35969,0.5316226,0.30458403
30.96999926865101,90.403694,0.5316226,0.3058048
30.979999497532845,90.3837,0.5316226,0.30702558
30.98999972641468,90.29569,0.5316226,0.30824634
30.999999955296516,90.29969,0.5316226,0.30946714
31.010000184178352,90.29569,0.5316226,0.3106879
31.02000041306019,90.29569,0.5316226,0.3119087
31.030000641942024,90.26769,0.5316226,0.31312945
31.04000087082386,90.247696,0.5316226,0.31435025
31.049999192357063,90.247696,0.5316226,0.31435025
31.0599994212389,90.24369,0.5316226,0.3167918
31.069999650120735,90.22769,0.5316226,0.3167918
31.07999987900257,90.19169,0.5316226,0.31923336
31.090000107884407,90.179695,0.5316226,0.31923336
31.100000336766243,90.195694,0.5316226,0.32045412
31.11000056564808,90.18369,0.5316226,0.3216749
31.120000794529915,90.12369,0.5316226,0.32289568
31.129999116063118,90.1437,0.5316226,0.32411647
31.139999344944954,90.16369,0.5316226,0.32533723
31.14999957382679,90.139694,0.5316226,0.32655802
31.159999802708626,90.083694,0.5316226,0.3277788
31.17000003159046,90.083694,0.5316226,0.32899958
31.180000260472298,90.08769,0.5316226,0.33022034
31.190000489354134,90.07169,0.53168994,0.33022034
31.20000071823597,90.05969,0.53168994,0.33144113
31.210000947117805,90.039696,0.53168994,0.3326619
31.21999926865101,90.039696,0.53168994,0.3338827
31.229999497532845,90.04369,0.53168994,0.33510345
31.23999972641468,90.0237,0.5317573,0.33632424
31.249999955296516,90.01969,0.53189206,0.33632424
31.260000184178352,90.05569,0.53202677,0.33632424
31.27000041306019,90.12369,0.53216153,0.33632424
31.280000641942024,90.139694,0.5322963,0.33632424
31.29000087082386,90.10769,0.53243107,0.337545
31.299999192357063,90.151695,0.5326331,0.33632424
31.3099994212389,90.24369,0.53297,0.33632424
31.319999650120735,90.36769,0.5335089,0.3326619
31.32999987900257,90.51569,0.5343174,0.32899958
31.340000107884407,90.77169,0.53526056,0.32411647
31.350000336766243,91.05969,0.53620374,0.31801257
31.36000056564808,91.28369,0.537147,0.31312945
31.370000794529915,91.46769,0.5377533,0.30946714
31.379999116063118,91.59169,0.5380228,0.30946714
31.389999344944954,91.60369,0.5380228,0.30946714
31.39999957382679,91.62769,0.53809017,0.3106879
31.409999802708626,91.60768,0.5381575,0.3106879
31.42000003159046,91.57968,0.5381575,0.31312945
31.430000260472298,91.57569,0.53822494,0.31312945
31.440000489354134,91.60369,0.53822494,0.31435025
31.45000071823597,91.55569,0.5382922,0.31435025
31.460000947117805,91.503685,0.53835964,0.315571
31.46999926865101,91.543686,0.538427,0.3167918
31.479999497532845,91.61169,0.5386291,0.3167918
31.48999972641468,91.61968,0.5387639,0.3167918
31.499999955296516,91.59169,0.53883123,0.3167918
31.510000184178352,91.61968,0.53896594,0.31801257
31.52000041306019,91.66769,0.5391007,0.31801257
31.530000641942024,91.74769,0.53943753,0.3167918
31.54000087082386,91.83168,0.5399091,0.31435025
31.549999192357063,91.96768,0.5405155,0.3119087
31.5599994212389,92.099686,0.54112184,0.30824634
31.569999650120735,92.28768,0.5417282,0.30458403
31.57999987900257,92.41568,0.5421998,0.30336323
31.590000107884407,92.49169,0.54260397,0.30092168
31.600000336766243,92.60768,0.54300827,0.29970092
31.61000056564808,92.72368,0.5433451,0.29848012
31.620000794529915,92.751686,0.5435472,0.29848012
31.629999116063118,92.72368,0.5436819,0.29848012
31.639999344944954,92.779686,0.5437493,0.29848012
31.64999957382679,92.79968,0.5437493,0.30092168
31.659999802708626,92.78368,0.5437493,0.30092168
31.67000003159046,92.711685,0.5437493,0.30336323
31.680000260472298,92.711685,0.5437493,0.30336323
31.690000489354134,92.71568,0.5437493,0.30458403
31.70000071823597,92.70768,0.5437493,0.3058048
31.710000947117805,92.67969,0.5437493,0.30702558
31.71999926865101,92.66369,0.5438167,0.30824634
31.729999497532845,92.65568,0.5438167,0.30946714
31.73999972641468,92.65968,0.5438167,0.3106879
31.749999955296516,92.63168,0.5438167,0.3119087
31.760000184178352,92.57968,0.5438167,0.31312945
31.77000041306019,92.62768,0.5438167,0.31312945
31.780000641942024,92.63569,0.54388404,0.31435025
31.79000087082386,92.58768,0.54395145,0.31435025
31.799999192357063,92.54768,0.54395145,0.3167918
31.8099994212389,92.54768,0.54395145,0.3167918
31.820001557469368,92.599686,0.5440188,0.31801257
31.82999987900257,92.599686,0.54408616,0.31923336
31.839998200535774,92.55569,0.5441535,0.31923336
31.850000336766243,92.56769,0.54422086,0.32045412
31.859998658299446,92.58369,0.5442883,0.32045412
31.870000794529915,92.571686,0.5442883,0.3216749
31.879999116063118,92.57568,0.54435563,0.32289568
31.890001252293587,92.571686,0.54442304,0.32289568
31.89999957382679,92.60768,0.5444904,0.32411647
31.91000171005726,92.60768,0.54455775,0.32411647
31.92000003159046,92.615685,0.54469246,0.32533723
31.929998353123665,92.60368,0.5448946,0.32411647
31.940000489354134,92.69169,0.54509676,0.32411647
31.949998810887337,92.75969,0.54536617,0.32411647
31.960000947117805,92.79168,0.5456357,0.32289568
31.96999926865101,92.84769,0.5461073,0.32045412
31.980001404881477,93.03968,0.54678094,0.31801257
31.98999972641468,93.23569,0.54745466,0.31435025
32.00000186264515,93.379684,0.54799366,0.3106879
32.01000018417835,93.487686,0.54846525,0.30946714
32.019998505711555,93.59968,0.54880214,0.30824634
32.030000641942024,93.715675,0.5493411,0.3058048
32.03999896347523,93.85969,0.5498801,0.30336323
32.050001099705696,93.98368,0.5503517,0.30092168
32.0599994212389,94.01568,0.5506211,0.29970092
32.07000155746937,94.08768,0.5508232,0.29970092
32.07999987900257,94.12768,0.5508232,0.30092168
32.089998200535774,94.11169,0.5508906,0.30214247
32.10000033676624,94.091675,0.55102533,0.30214247
32.109998658299446,94.12768,0.5510927,0.30336323
32.120000794529915,94.17168,0.5511601,0.30336323
32.12999911606312,94.11568,0.55122745,0.30458403
32.14000125229359,94.08768,0.5512948,0.30458403
32.14999957382679,94.11968,0.5513622,0.30458403
32.16000171005726,94.14768,0.55142957,0.3058048
32.17000003159046,94.11568,0.551497,0.30702558
32.179998353123665,94.103676,0.5516317,0.30702558
32.190000489354134,94.13967,0.5517664,0.30702558
32.19999881088734,94.17168,0.5520359,0.30702558
32.210000947117805,94.27168,0.55237275,0.30458403
32.21999926865101,94.38768,0.55291176,0.30336323
32.23000140488148,94.49168,0.55351806,0.29970092
32.23999972641468,94.675674,0.55419177,0.29603857
32.25000186264515,94.883675,0.55479807,0.293597
32.26000018417835,94.967674,0.55520236,0.29115546
32.269998505711555,95.023674,0.5554044,0.29115546
32.280000641942024,95.08768,0.5555392,0.29115546
32.28999896347523,95.12367,0.55560654,0.29237625
32.300001099705696,95.075676,0.55567396,0.293597
32.3099994212389,95.05567,0.5557413,0.293597
32.32000155746937,95.09567,0.5557413,0.2948178
32.32999987900257,95.075676,0.55580866,0.2948178
32.339998200535774,95.03968,0.55580866,0.29603857
32.35000033676624,95.023674,0.55580866,0.29725936
32.359998658299446,95.01168,0.555876,0.29848012
32.370000794529915,95.007675,0.555876,0.29970092
32.37999911606312,95.01567,0.555876,0.30092168
32.39000125229359,94.99168,0.555876,0.30214247
32.39999957382679,94.951675,0.55594337,0.30214247
32.41000171005726,94.94768,0.55594337,0.30336323
32.42000003159046,94.967674,0.55594337,0.30458403
32.429998353123665,94.911674,0.55594337,0.3058048
32.440000489354134,94.86368,0.55594337,0.30702558
32.44999881088734,94.907684,0.55594337,0.30824634
32.460000947117805,94.91968,0.55594337,0.30946714
32.46999926865101,94.86768,0.55594337,0.3106879
32.48000140488148,94.81967,0.55594337,0.3119087
32.48999972641468,94.84768,0.55594337,0.31312945
32.50000186264515,94.85168,0.55594337,0.31435025
32.51000018417835,94.82368,0.55594337,0.315571
32.519998505711555,94.80367,0.55594337,0.3167918
32.530000641942024,94.783676,0.55594337,0.3167918
32.53999896347523,94.771675,0.55594337,0.31923336
32.550001099705696,94.79568,0.55594337,0.31923336
32.5599994212389,94.75568,0.55594337,0.32045412
32.57000155746937,94.70768,0.55594337,0.3216749
32.57999987900257,94.72367,0.5560108,0.32289568
32.589998200535774,94.715675,0.5560108,0.32411647
32.60000033676624,94.675674,0.5560108,0.32533723
32.609998658299446,94.643684,0.5560108,0.32655802
32.620000794529915,94.67968,0.5560108,0.3277788
32.62999911606312,94.675674,0.5560108,0.32899958
32.64000125229359,94.61168,0.5560108,0.33022034
32.64999957382679,94.60767,0.55607814,0.33022034
32.66000171005726,94.65568,0.5562129,0.33022034
32.67000003159046,94.67968,0.5562803,0.33144113
32.679998353123665,94.66368,0.5562803,0.3326619
32.690000489354134,94.643684,0.5562803,0.3338827
32.69999881088734,94.643684,0.5562803,0.33510345
32.710000947117805,94.66768,0.5563476,0.33510345
32.71999926865101,94.65168,0.5563476,0.33632424
32.73000140488148,94.615685,0.5563476,0.337545
32.73999972641468,94.58768,0.5563476,0.3387658
32.75000186264515,94.59968,0.5563476,0.33998656
32.76000018417835,94.591675,0.5563476,0.34120736
32.769998505711555,94.56368,0.5563476,0.34242812
32.780000641942024,94.54368,0.55641496,0.34242812
32.78999896347523,94.57967,0.55641496,0.3436489
32.800001099705696,94.57967,0.5564824,0.34486967
32.8099994212389,94.53168,0.5565497,0.34609047
32.82000155746937,94.57967,0.5567519,0.34486967
32.82999987900257,94.66768,0.5570213,0.34486967
32.839998200535774,94.73168,0.55729085,0.3436489
32.85000033676624,94.79167,0.5576277,0.3436489
32.859998658299446,94.85168,0.5580319,0.34120736
32.870000794529915,94.995674,0.5586382,0.3387658
32.87999911606312,95.20767,0.5594467,0.3338827
32.89000125229359,95.47967,0.5603899,0.32899958
32.89999957382679,95.703674,0.56133306,0.32289568
32.91000171005726,95.91568,0.56227624,0.31801257
32.92000003159046,96.20768,0.5630847,0.31312945
32.929998353123665,96.37567,0.56362367,0.3106879
32.940000489354134,96.41167,0.56389314,0.30946714
32.94999881088734,96.44768,0.5640279,0.30946714
32.960000947117805,96.51967,0.5641627,0.3106879
32.96999926865101,96.535675,0.56423,0.3106879
32.98000140488148,96.47967,0.5642974,0.3119087
32.98999972641468,96.50767,0.5644321,0.3119087
33.00000186264515,96.54367,0.56463426,0.3119087
33.01000018417835,96.575676,0.564769,0.3119087
33.019998505711555,96.61567,0.5649711,0.3119087
33.030000641942024,96.63967,0.5651732,0.3106879
33.03999896347523,96.68767,0.5654427,0.3106879
33.050001099705696,96.759674,0.56571215,0.30946714
33.0599994212389,96.855675,0.5659816,0.30946714
33.07000155746937,96.87167,0.56625116,0.30824634
33.07999987900257,96.883675,0.56638587,0.30946714
33.089998200535774,96.93967,0.56652063,0.30946714
33.10000033676624,96.96767,0.56665534,0.30946714
33.109998658299446,96.95967,0.5667901,0.30946714
33.120000794529915,96.96368,0.5669248,0.30946714
33.12999911606312,97.01967,0.56699216,0.3106879
33.14000125229359,97.04367,0.5671269,0.3106879
33.14999957382679,97.02767,0.5672617,0.3106879
33.16000171005726,97.03168,0.56739646,0.3106879
33.17000003159046,97.09567,0.56753117,0.3106879
33.179998353123665,97.12367,0.56766593,0.3106879
33.190000489354134,97.13567,0.56786805,0.3106879
33.19999881088734,97.15967,0.5680701,0.3106879
33.210000947117805,97.175674,0.5682049,0.3106879
33.21999926865101,97.22367,0.56827223,0.3119087
33.23000140488148,97.247665,0.56833965,0.31312945
33.23999972641468,97.23967,0.5684744,0.31312945
33.25000186264515,97.215675,0.5686091,0.31312945
33.26000018417835,97.25567,0.5686091,0.31435025
33.269998505711555,97.27167,0.5686765,0.31435025
33.280000641942024,97.215675,0.5686765,0.315571
33.28999896347523,97.19967,0.5687438,0.3167918
33.300001099705696,97.243675,0.5687438,0.31801257
33.3099994212389,97.22367,0.5687438,0.31923336
33.32000155746937,97.17167,0.5687438,0.32045412
33.32999987900257,97.16367,0.5687438,0.32045412
33.339998200535774,97.17167,0.56881124,0.3216749
33.35000033676624,97.16367,0.56881124,0.32289568
33.359998658299446,97.151665,0.56881124,0.32411647
33.370000794529915,97.11967,0.56881124,0.32533723
33.37999911606312,97.11567,0.56881124,0.32655802
33.39000125229359,97.13167,0.5688786,0.32655802
33.39999957382679,97.12367,0.5688786,0.32899958
33.41000171005726,97.07967,0.5688786,0.32899958
33.42000003159046,97.04367,0.5688786,0.33022034
33.429998353123665,97.09966,0.568946,0.33144113
33.440000489354134,97.09567,0.56901336,0.3326619
33.44999881088734,97.06767,0.56914806,0.3326619
33.460000947117805,97.07166,0.56914806,0.3338827
33.46999926865101,97.12767,0.5692154,0.3338827
33.48000140488148,97.12767,0.5692828,0.33510345
33.48999972641468,97.07967,0.5692828,0.33632424
33.50000186264515,97.06367,0.5693502,0.33632424
33.51000018417835,97.08767,0.5694176,0.337545
33.519998505711555,97.10367,0.56948495,0.337545
33.530000641942024,97.11967,0.56961966,0.3387658
33.53999896347523,97.15967,0.5698218,0.337545
33.550001099705696,97.18367,0.56995654,0.3387658
33.5599994212389,97.219666,0.57009125,0.3387658
33.57000155746937,97.26367,0.57029337,0.3387658
33.57999987900257,97.283676,0.5705629,0.337545
33.589998200535774,97.33567,0.5708323,0.337545
33.60000033676624,97.42767,0.57110184,0.33632424
33.609998658299446,97.499664,0.57143867,0.33510345
33.620000794529915,97.56367,0.5719777,0.3326619
33.62999911606312,97.72366,0.5725166,0.33022034
33.64000125229359,97.89566,0.57305557,0.32655802
33.64999957382679,98.04767,0.5736619,0.32411647
33.66000171005726,98.191666,0.574403,0.32045412
33.67000003159046,98.37967,0.5750767,0.3167918
33.679998353123665,98.51966,0.5754809,0.31435025
33.690000489354134,98.57566,0.57561564,0.31435025
33.69999881088734,98.567665,0.57561564,0.3167918
33.710000947117805,98.55966,0.57568306,0.3167918
33.71999926865101,98.527664,0.57568306,0.31801257
33.73000140488148,98.55167,0.57568306,0.31923336
33.73999972641468,98.555664,0.5757504,0.32045412
33.75000186264515,98.48766,0.5757504,0.32045412
33.76000018417835,98.47966,0.5757504,0.32289568
33.769998505711555,98.49567,0.5757504,0.32289568
33.780000641942024,98.47966,0.5758178,0.32411647
33.78999896347523,98.42367,0.5758178,0.32533723
33.800001099705696,98.443665,0.5758178,0.32655802
33.8099994212389,98.455666,0.5758852,0.32655802
33.82000155746937,98.44767,0.5758852,0.32899958
33.82999987900257,98.415665,0.5759525,0.32899958
33.839998200535774,98.39166,0.5759525,0.33022034
33.85000033676624,98.415665,0.5760199,0.33022034
33.859998658299446,98.415665,0.5760199,0.3326619
33.870000794529915,98.427666,0.57615465,0.3326619
33.87999911606312,98.40366,0.57615465,0.3326619
33.89000125229359,98.39166,0.576222,0.3338827
33.89999957382679,98.443665,0.5762894,0.3338827
33.91000171005726,98.455666,0.57635677,0.33510345
33.92000003159046,98.39567,0.57635677,0.33632424
33.929998353123665,98.39567,0.5764241,0.337545
33.940000489354134,98.471664,0.5764915,0.337545
33.94999881088734,98.455666,0.5766936,0.3387658
33.960000947117805,98.471664,0.5768957,0.337545
33.96999926865101,98.567665,0.57729995,0.33632424
33.98000140488148,98.72366,0.5779063,0.3326619
33.98999972641468,98.85566,0.57857996,0.32899958
34.00000186264515,99.067665,0.57938844,0.32533723
34.01000018417835,99.25566,0.5802642,0.32045412
34.019998505711555,99.515656,0.5810727,0.315571
34.030000641942024,99.707664,0.58167905,0.31312945
34.03999896347523,99.807655,0.5818811,0.3119087
34.050001099705696,99.77166,0.5818811,0.31312945
34.0599994212389,99.763664,0.5818811,0.31435025
34.07000155746937,99.78366,0.5818811,0.315571
34.07999987900257,99.78766,0.5818811,0.3167918
34.089998200535774,99.707664,0.5818811,0.31801257
34.10000033676624,99.68366,0.5818811,0.31923336
34.109998658299446,99.72766,0.5818811,0.32045412
34.120000794529915,99.69965,0.5819485,0.32045412
34.12999911606312,99.65966,0.5819485,0.3216749
34.14000125229359,99.64366,0.5819485,0.32289568
34.14999957382679,99.64366,0.5819485,0.32411647
34.16000171005726,99.59966,0.5819485,0.32533723
34.17000003159046,99.57966,0.5819485,0.32655802
34.179998353123665,99.57566,0.5819485,0.3277788
34.190000489354134,99.57166,0.5819485,0.32899958
34.19999881088734,99.57566,0.5819485,0.33022034
34.210000947117805,99.54366,0.5819485,0.33144113
34.21999926865101,99.487656,0.5819485,0.3326619
34.23000140488148,99.483665,0.5819485,0.3338827
34.23999972641468,99.53166,0.5820159,0.3338827
34.25000186264515,99.52766,0.5820833,0.33510345
34.26000018417835,99.483665,0.58228534,0.3338827
34.269998505711555,99.52766,0.5824201,0.33510345
34.280000641942024,99.60366,0.58248746,0.33510345
34.28999896347523,99.57566,0.58262223,0.33632424
34.300001099705696,99.57966,0.582757,0.33632424
34.3099994212389,99.63167,0.58295906,0.33632424
34.32000155746937,99.71566,0.5832286,0.33510345
34.32999987900257,99.779655,0.5835654,0.3338827
34.339998200535774,99.86766,0.584037,0.3326619
34.35000033676624,99.99566,0.58464336,0.32899958
34.359998658299446,100.23966,0.58558655,0.32411647
34.370000794529915,100.53966,0.5867992,0.3167918
34.37999911606312,100.91166,0.58828133,0.30702558
34.39000125229359,101.20365,0.5894267,0.30092168
34.39999957382679,101.45565,0.59016776,0.29725936
34.41000171005726,101.667656,0.59077406,0.293597
34.42000003159046,101.81165,0.5913804,0.2899347
34.429998353123665,101.919655,0.5921215,0.28749314
34.440000489354134,102.14765,0.59306467,0.28138924
34.44999881088734,102.47165,0.59420997,0.27406457
34.460000947117805,102.659645,0.5949511,0.27040225
34.46999926865101,102.75165,0.59515315,0.26918146
34.48000140488148,102.77165,0.59515315,0.27162302
34.48999972641468,102.77165,0.59515315,0.27162302
34.50000186264515,102.73965,0.59515315,0.27406457
34.51000018417835,102.71165,0.59515315,0.27406457
34.519998505711555,102.655655,0.59515315,0.27528536
34.530000641942024,102.64765,0.59515315,0.27650613
34.53999896347523,102.643654,0.59515315,0.27772692
34.550001099705696,102.619644,0.59515315,0.27894768
34.5599994212389,102.53965,0.59515315,0.28016847
34.57000155746937,102.55164,0.59515315,0.28138924
34.57999987900257,102.55164,0.59515315,0.28261003
34.589998200535774,102.53565,0.59515315,0.2838308
34.60000033676624,102.47165,0.59515315,0.28505158
34.609998658299446,102.46765,0.59515315,0.28627235
34.620000794529915,102.48366,0.59515315,0.28749314
34.62999911606312,102.43965,0.59515315,0.2887139
34.64000125229359,102.39965,0.59515315,0.2887139
34.64999957382679,102.41566,0.59515315,0.29115546
34.66000171005726,102.39565,0.59515315,0.29115546
34.67000003159046,102.363655,0.59515315,0.293597
34.679998353123665,102.335655,0.59515315,0.293597
34.690000489354134,102.30365,0.59515315,0.2948178
34.69999881088734,102.31965,0.59515315,0.29603857
34.710000947117805,102.335655,0.59515315,0.29725936
34.71999926865101,102.30365,0.59515315,0.29848012
34.73000140488148,102.22365,0.59515315,0.29970092
34.73999972641468,102.23166,0.59515315,0.30092168
34.75000186264515,102.25965,0.59515315,0.30214247
34.76000018417835,102.23565,0.59515315,0.30336323
34.769998505711555,102.17966,0.59515315,0.30458403
34.780000641942024,102.17966,0.59515315,0.3058048
34.78999896347523,102.19166,0.59515315,0.30702558
34.800001099705696,102.143654,0.59515315,0.30824634
34.8099994212389,102.10765,0.59515315,0.30946714
34.82000155746937,102.10365,0.59515315,0.3106879
34.82999987900257,102.11565,0.59515315,0.3106879
34.839998200535774,102.09566,0.59522057,0.3119087
34.85000033676624,102.08765,0.59522057,0.31312945
34.859998658299446,102.02365,0.59522057,0.31435025
34.870000794529915,102.05165,0.5952879,0.31435025
34.87999911606312,102.08366,0.59535533,0.315571
34.89000125229359,102.06365,0.5954227,0.3167918
34.89999957382679,102.02766,0.5955574,0.3167918
34.91000171005726,102.08366,0.59569216,0.3167918
34.92000003159046,102.139656,0.5957595,0.31801257
34.929998353123665,102.12366,0.5958943,0.31801257
34.940000489354134,102.139656,0.59616375,0.3167918
34.94999881088734,102.24765,0.59650064,0.3167918
34.960000947117805,102.35565,0.5969048,0.31435025
34.96999926865101,102.48765,0.5975112,0.3106879
34.98000140488148,102.67965,0.598387,0.30702558
34.98999972641468,102.91565,0.5994649,0.29970092
35.00000186264515,103.243645,0.6004755,0.2948178
35.01000018417835,103.44365,0.6010818,0.29115546
35.019998505711555,103.49965,0.6011492,0.29115546
35.030000641942024,103.46365,0.6011492,0.293597
35.03999896347523,103.46365,0.60121655,0.293597
35.050001099705696,103.49965,0.60121655,0.2948178
35.0599994212389,103.44365,0.60121655,0.29603857
35.07000155746937,103.40365,0.60121655,0.29725936
35.07999987900257,103.40365,0.60121655,0.29848012
35.089998200535774,103.40365,0.60128397,0.29848012
35.10000033676624,103.37564,0.60128397,0.29970092
35.109998658299446,103.339645,0.60128397,0.30092168
35.120000794529915,103.35965,0.60135126,0.30214247
35.12999911606312,103.35965,0.6014186,0.30336323
35.14000125229359,103.35965,0.6014186,0.30336323
35.14999957382679,103.33165,0.601486,0.30458403
35.16000171005726,103.30764,0.601486,0.3058048
35.17000003159046,103.30365,0.6015534,0.30702558
35.179998353123665,103.33165,0.6015534,0.30702558
35.190000489354134,103.29565,0.6015534,0.30946714
35.19999881088734,103.279655,0.6016208,0.30946714
35.210000947117805,103.30365,0.60175556,0.30946714
35.21999926865101,103.367645,0.6019576,0.30946714
35.23000140488148,103.35565,0.60215974,0.30946714
35.23999972641468,103.38764,0.6024292,0.30824634
35.25000186264515,103.51965,0.60290086,0.3058048
35.26000018417835,103.67964,0.60350716,0.30336323
35.269998505711555,103.839645,0.6042482,0.29970092
35.280000641942024,104.03165,0.6050567,0.2948178
35.28999896347523,104.27964,0.6059999,0.2899347
35.300001099705696,104.47165,0.60660625,0.28627235
35.3099994212389,104.55164,0.6068083,0.28627235
35.32000155746937,104.55564,0.6068083,0.28749314
35.32999987900257,104.547646,0.6068083,0.2887139
35.339998200535774,104.535645,0.6068083,0.2899347
35.35000033676624,104.52364,0.6068083,0.29115546
35.359998658299446,104.48765,0.6068083,0.29237625
35.370000794529915,104.45965,0.6068083,0.293597
35.37999911606312,104.47564,0.6068083,0.2948178
35.39000125229359,104.46764,0.6068083,0.2948178
35.39999957382679,104.41564,0.6068083,0.29603857
35.41000171005726,104.35564,0.6068083,0.29725936
35.42000003159046,104.39165,0.6068083,0.29848012
35.429998353123665,104.39165,0.6068083,0.29970092
35.440000489354134,104.35964,0.6068083,0.30092168
35.44999881088734,104.311646,0.6068083,0.30214247
35.460000947117805,104.33565,0.6068083,0.30336323
35.46999926865101,104.32765,0.6068083,0.30458403
35.48000140488148,104.299644,0.6068083,0.3058048
35.48999972641468,104.255646,0.6068083,0.30702558
35.50000186264515,104.25164,0.6068083,0.30824634
35.51000018417835,104.255646,0.6068083,0.30946714
35.519998505711555,104.23565,0.6068083,0.3106879
35.530000641942024,104.21164,0.6068083,0.3119087
35.53999896347523,104.17164,0.6068083,0.31312945
35.550001099705696,104.187645,0.6068083,0.31435025
35.5599994212389,104.19165,0.6068083,0.31435025
35.57000155746937,104.131645,0.6068083,0.3167918
35.57999987900257,104.10764,0.6068083,0.3167918
35.589998200535774,104.12765,0.6068083,0.31801257
35.60000033676624,104.13564,0.6068083,0.31923336
35.609998658299446,104.07964,0.6068083,0.32045412
35.620000794529915,104.07964,0.6068083,0.3216749
35.62999911606312,104.07964,0.6068083,0.32289568
35.64000125229359,104.08365,0.6068083,0.32411647
35.64999957382679,104.03565,0.6068083,0.32533723
35.66000171005726,104.01565,0.6068757,0.32655802
35.67000003159046,104.00765,0.6068757,0.32655802
35.679998353123665,104.00765,0.6068757,0.32899958
35.690000489354134,103.99964,0.6068757,0.32899958
35.69999881088734,103.95565,0.6068757,0.33022034
35.710000947117805,103.935646,0.6068757,0.33144113
35.71999926865101,103.963646,0.6068757,0.3326619
35.73000140488148,103.97565,0.6069431,0.3338827
35.73999972641468,103.923645,0.6070104,0.3338827
35.75000186264515,103.91565,0.6070104,0.33510345
35.76000018417835,103.951645,0.6070104,0.33632424
35.769998505711555,103.963646,0.60707784,0.337545
35.780000641942024,103.907646,0.6071452,0.337545
35.78999896347523,103.94765,0.6072799,0.3387658
35.800001099705696,103.98764,0.607482,0.337545
35.8099994212389,104.03565,0.6076168,0.3387658
35.82000155746937,104.07964,0.6079536,0.337545
35.82999987900257,104.17164,0.60835785,0.33510345
35.839998200535774,104.29164,0.6089642,0.3326619
35.85000033676624,104.46364,0.6096379,0.32899958
35.859998658299446,104.68764,0.6103789,0.32411647
35.870000794529915,104.855644,0.6111874,0.32045412
35.87999911606312,105.07964,0.6121306,0.31435025
35.89000125229359,105.37565,0.61307377,0.30946714
35.89999957382679,105.57164,0.6136128,0.30702558
35.91000171005726,105.58364,0.6137475,0.30702558
35.92000003159046,105.56764,0.6138149,0.30824634
35.929998353123665,105.62364,0.6138149,0.30946714
35.940000489354134,105.61164,0.6138149,0.3106879
35.94999881088734,105.56764,0.6138149,0.3119087
35.960000947117805,105.53164,0.61388224,0.3119087
35.96999926865101,105.539635,0.61388224,0.31312945
35.98000140488148,105.551636,0.61394966,0.31435025
35.98999972641468,105.54364,0.614017,0.31435025
36.00000186264515,105.535645,0.61408436,0.315571
36.01000018417835,105.53164,0.6141517,0.315571
36.019998505711555,105.56364,0.6142865,0.3167918
36.030000641942024,105.59164,0.61442125,0.3167918
36.03999896347523,105.58364,0.6146233,0.3167918
36.050001099705696,105.63164,0.61489284,0.315571
36.0599994212389,105.76363,0.61522967,0.31435025
36.07000155746937,105.87564,0.61570126,0.3119087
36.07999987900257,105.93164,0.61630756,0.30946714
36.089998200535774,106.07564,0.61684656,0.30702558
36.10000033676624,106.27963,0.6173855,0.30458403
36.109998658299446,106.43964,0.61812663,0.30092168
36.120000794529915,106.59164,0.61886764,0.29725936
36.12999911606312,106.76363,0.619474,0.293597
36.14000125229359,106.89163,0.6198783,0.29115546
36.14999957382679,106.971634,0.62008035,0.29115546
36.16000171005726,106.99564,0.6202151,0.29115546
36.17000003159046,106.97564,0.6202151,0.29237625
36.179998353123665,106.95564,0.6202825,0.293597
36.190000489354134,106.99164,0.6203499,0.293597
36.19999881088734,106.99164,0.62041724,0.2948178
36.210000947117805,106.94763,0.62041724,0.29603857
36.21999926865101,106.91164,0.62041724,0.29725936
36.23000140488148,106.95564,0.6204846,0.29725936
36.23999972641468,106.97564,0.6206193,0.29725936
36.25000186264515,106.95164,0.6208215,0.29848012
36.26000018417835,106.96364,0.6209562,0.29725936
36.269998505711555,107.05964,0.62129307,0.29725936
36.280000641942024,107.15964,0.62169725,0.2948178
36.28999896347523,107.22764,0.62216884,0.293597
36.300001099705696,107.343636,0.62264043,0.29115546
36.3099994212389,107.49163,0.6232468,0.28749314
36.32000155746937,107.64763,0.62378573,0.28505158
36.32999987900257,107.759636,0.6242573,0.2838308
36.339998200535774,107.82363,0.62452686,0.28261003
36.35000033676624,107.87163,0.6246616,0.28261003
36.359998658299446,107.88763,0.6246616,0.2838308
36.370000794529915,107.89163,0.6247289,0.2838308
36.37999911606312,107.803635,0.6247289,0.28505158
36.39000125229359,107.787636,0.6247289,0.28627235
36.39999957382679,107.82764,0.6247289,0.28749314
36.41000171005726,107.815636,0.6247289,0.2887139
36.42000003159046,107.731636,0.6247289,0.2899347
36.429998353123665,107.735634,0.6247289,0.29115546
36.440000489354134,107.735634,0.6247289,0.29237625
36.44999881088734,107.73963,0.6247289,0.293597
36.460000947117805,107.68364,0.6247289,0.2948178
36.46999926865101,107.67563,0.6247289,0.29603857
36.48000140488148,107.651634,0.6247289,0.29725936
36.48999972641468,107.65963,0.6247289,0.29848012
36.50000186264515,107.64763,0.6247963,0.29848012
36.51000018417835,107.595634,0.6247963,0.29970092
36.519998505711555,107.58363,0.6247963,0.30092168
36.530000641942024,107.58763,0.6247963,0.30214247
36.53999896347523,107.59963,0.6247963,0.30336323
36.550001099705696,107.54764,0.6247963,0.30458403
36.5599994212389,107.53564,0.6247963,0.3058048
36.57000155746937,107.55563,0.6247963,0.30702558
36.57999987900257,107.551636,0.6247963,0.30824634
36.589998200535774,107.47964,0.6247963,0.30946714
36.60000033676624,107.471634,0.6247963,0.3106879
36.609998658299446,107.49163,0.6248637,0.3106879
36.620000794529915,107.483635,0.6248637,0.3119087
36.62999911606312,107.467636,0.6248637,0.31312945
36.64000125229359,107.43164,0.6248637,0.31435025
36.64999957382679,107.41164,0.62493104,0.315571
36.66000171005726,107.415634,0.62493104,0.3167918
36.67000003159046,107.427635,0.62493104,0.31801257
36.679998353123665,107.40363,0.62493104,0.31923336
36.690000489354134,107.37563,0.62493104,0.32045412
36.69999881088734,107.40363,0.6250658,0.32045412
36.710000947117805,107.42363,0.6251332,0.32045412
36.71999926865101,107.40363,0.6253353,0.32045412
36.73000140488148,107.44763,0.62547004,0.32045412
36.73999972641468,107.49964,0.62547004,0.3216749
36.75000186264515,107.48763,0.6255374,0.32289568
36.76000018417835,107.43964,0.6255374,0.32411647
36.769998505711555,107.42363,0.6256048,0.32411647
36.780000641942024,107.44763,0.6256048,0.32533723
36.78999896347523,107.455635,0.6256048,0.32655802
36.800001099705696,107.427635,0.6256048,0.3277788
36.8099994212389,107.399635,0.6256048,0.32899958
36.82000155746937,107.387634,0.6256048,0.33022034
36.82999987900257,107.387634,0.6256048,0.33144113
36.839998200535774,107.399635,0.6256048,0.3326619
36.85000033676624,107.35164,0.6256048,0.3338827
36.859998658299446,107.31563,0.6256048,0.33510345
36.870000794529915,107.35164,0.6256048,0.33632424
36.87999911606312,107.33964,0.6256048,0.337545
36.89000125229359,107.27164,0.6256048,0.3387658
36.89999957382679,107.27164,0.6256048,0.33998656
36.91000171005726,107.31164,0.6256048,0.33998656
36.92000003159046,107.25163,0.6256048,0.34242812
36.929998353123665,107.22363,0.6256048,0.34242812
36.940000489354134,107.19563,0.6256048,0.3436489
36.94999881088734,107.23963,0.6256048,0.34486967
36.960000947117805,107.22764,0.6256048,0.34609047
36.96999926865101,107.203636,0.6256048,0.34731123
36.98000140488148,107.191635,0.62567216,0.34853202
36.98999972641468,107.18363,0.62573946,0.34853202
37.00000186264515,107.22764,0.62580687,0.34975278
37.01000018417835,107.24364,0.626009,0.34975278
37.019998505711555,107.287636,0.6263458,0.34853202
37.030000641942024,107.39164,0.6268174,0.34609047
37.03999896347523,107.57163,0.6274911,0.34242812
37.050001099705696,107.76363,0.6284343,0.337545
37.0599994212389,108.03563,0.629647,0.33022034
37.07000155746937,108.391624,0.6309271,0.32289568
37.07999987900257,108.791626,0.6321397,0.31435025
37.089998200535774,108.99563,0.63294816,0.3106879
37.10000033676624,109.12763,0.63341975,0.30824634
37.109998658299446,109.275635,0.63395876,0.3058048
37.120000794529915,109.45563,0.63463247,0.30214247
37.12999911606312,109.63563,0.63550824,0.29725936
37.14000125229359,109.82362,0.636182,0.293597
37.14999957382679,109.96763,0.63672096,0.29115546
37.16000171005726,110.05162,0.6369904,0.29115546
37.17000003159046,110.111626,0.63712513,0.29115546
37.179998353123665,110.10763,0.63719255,0.29115546
37.190000489354134,110.055626,0.63719255,0.29237625
37.19999881088734,110.06763,0.6372599,0.293597
37.210000947117805,110.07562,0.6372599,0.2948178
37.21999926865101,110.04762,0.6372599,0.29603857
37.23000140488148,110.00762,0.6373273,0.29603857
37.23999972641468,110.003624,0.6373273,0.29725936
37.25000186264515,110.01963,0.6373273,0.29848012
37.26000018417835,109.96763,0.6373946,0.29970092
37.269998505711555,109.947624,0.6373946,0.30092168
37.280000641942024,109.94363,0.6373946,0.30214247
37.28999896347523,109.947624,0.6373946,0.30336323
37.300001099705696,109.919624,0.6373946,0.30458403
37.3099994212389,109.87962,0.6373946,0.30458403
37.32000155746937,109.86762,0.6373946,0.3058048
37.32999987900257,109.85162,0.6373946,0.30702558
37.339998200535774,109.85563,0.6373946,0.30824634
37.35000033676624,109.83962,0.6373946,0.30946714
37.359998658299446,109.77963,0.6373946,0.3106879
37.370000794529915,109.77963,0.6373946,0.3119087
37.37999911606312,109.81162,0.6373946,0.31312945
37.39000125229359,109.77162,0.6373946,0.31435025
37.39999957382679,109.70362,0.6373946,0.315571
37.41000171005726,109.71963,0.6373946,0.3167918
37.42000003159046,109.75562,0.6373946,0.31801257
37.429998353123665,109.71562,0.6373946,0.31923336
37.440000489354134,109.667625,0.6373946,0.32045412
37.44999881088734,109.655624,0.637462,0.32045412
37.460000947117805,109.68763,0.6375294,0.3216749
37.46999926865101,109.695625,0.6375294,0.32289568
37.48000140488148,109.67963,0.6375294,0.32411647
37.48999972641468,109.64763,0.6375967,0.32411647
37.50000186264515,109.64363,0.6375967,0.32533723
37.51000018417835,109.64763,0.6377315,0.32533723
37.519998505711555,109.667625,0.6377989,0.32655802
37.530000641942024,109.66362,0.6379336,0.32655802
37.53999896347523,109.69963,0.63800097,0.3277788
37.550001099705696,109.75562,0.63813573,0.3277788
37.5599994212389,109.71963,0.6382031,0.32899958
37.57000155746937,109.67963,0.6382705,0.32899958
37.57999987900257,109.723625,0.63833785,0.33022034
37.589998200535774,109.76763,0.6384052,0.33022034
37.60000033676624,109.73963,0.63847256,0.33144113
37.609998658299446,109.72763,0.6385399,0.33144113
37.620000794529915,109.74763,0.6386747,0.3326619
37.62999911606312,109.77563,0.63880944,0.3326619
37.64000125229359,109.81563,0.6389442,0.3326619
37.64999957382679,109.85563,0.63914627,0.3326619
37.66000171005726,109.87962,0.63948315,0.33144113
37.67000003159046,109.999626,0.63995475,0.32899958
37.679998353123665,110.183624,0.6406284,0.32655802
37.690000489354134,110.347626,0.64130217,0.3216749
37.69999881088734,110.49162,0.64190847,0.31923336
37.710000947117805,110.63162,0.6423127,0.3167918
37.71999926865101,110.73962,0.6426496,0.3167918
37.73000140488148,110.77563,0.64285165,0.315571
37.73999972641468,110.77162,0.64305377,0.315571
37.75000186264515,110.82763,0.6431212,0.3167918
37.76000018417835,110.85962,0.6431212,0.3167918
37.769998505711555,110.81563,0.6431212,0.31923336
37.780000641942024,110.79962,0.64318854,0.31923336
37.78999896347523,110.77563,0.64318854,0.32045412
37.800001099705696,110.79962,0.6432559,0.32045412
37.8099994212389,110.767624,0.6432559,0.32289568
37.82000155746937,110.75562,0.6432559,0.32289568
37.82999987900257,110.73563,0.64332324,0.32411647
37.839998200535774,110.75562,0.64339066,0.32411647
37.85000033676624,110.79562,0.64352536,0.32533723
37.859998658299446,110.79962,0.64372754,0.32411647
37.870000794529915,110.78763,0.6439296,0.32411647
37.87999911606312,110.85962,0.64406437,0.32411647
37.89000125229359,110.90762,0.6441317,0.32533723
37.89999957382679,110.91162,0.6442665,0.32533723
37.91000171005726,110.89563,0.6444012,0.32533723
37.92000003159046,110.95562,0.6446033,0.32533723
37.929998353123665,111.01163,0.6447381,0.32533723
37.940000489354134,111.00362,0.6448728,0.32655802
37.94999881088734,110.987625,0.64494014,0.32655802
37.960000947117805,111.02362,0.64500755,0.3277788
37.96999926865101,111.04762,0.6451423,0.3277788
37.98000140488148,111.08762,0.645277,0.3277788
37.98999972641468,111.07562,0.6453444,0.32899958
38.00000186264515,111.05562,0.64547914,0.32899958
38.01000018417835,111.10763,0.6457486,0.3277788
38.019998505711555,111.223625,0.64608544,0.3277788
38.030000641942024,111.283615,0.6464897,0.32533723
38.03999896347523,111.37962,0.64709604,0.32289568
38.050001099705696,111.60762,0.6479045,0.31801257
38.0599994212389,111.85162,0.6488477,0.31312945
38.07000155746937,112.05161,0.6496561,0.30824634
38.07999987900257,112.19162,0.65019506,0.3058048
38.089998200535774,112.30762,0.6502624,0.3058048
38.10000033676624,112.31562,0.6502624,0.30702558
38.109998658299446,112.27162,0.6502624,0.30824634
38.120000794529915,112.23562,0.6502624,0.30946714
38.12999911606312,112.227615,0.6502624,0.3106879
38.14000125229359,112.215614,0.6503298,0.3106879
38.14999957382679,112.21162,0.6503298,0.31312945
38.16000171005726,112.187614,0.6503298,0.31312945
38.17000003159046,112.131615,0.6503298,0.31435025
38.179998353123665,112.131615,0.6503298,0.315571
38.190000489354134,112.14761,0.6503298,0.3167918
38.19999881088734,112.11961,0.6503972,0.31801257
38.210000947117805,112.08362,0.6503972,0.31923336
38.21999926865101,112.13562,0.6504646,0.31923336
38.23000140488148,112.12362,0.65053195,0.32045412
38.23999972641468,112.06362,0.65053195,0.3216749
38.25000186264515,112.05962,0.65053195,0.32289568
38.26000018417835,112.05562,0.65053195,0.32411647
38.269998505711555,112.05161,0.65053195,0.32411647
38.280000641942024,112.04362,0.65053195,0.32655802
38.28999896347523,112.01161,0.65053195,0.32655802
38.300001099705696,111.99562,0.65053195,0.32899958
38.3099994212389,111.98362,0.65053195,0.32899958
38.32000155746937,112.00362,0.65053195,0.33022034
38.32999987900257,111.963615,0.65059936,0.33144113
38.339998200535774,111.91162,0.65059936,0.3326619
38.35000033676624,111.94762,0.65066665,0.3326619
38.359998658299446,111.97161,0.650734,0.3338827
38.370000794529915,111.93162,0.650734,0.33510345
38.37999911606312,111.91162,0.650734,0.33632424
38.39000125229359,111.923615,0.6508014,0.33632424
38.39999957382679,111.94363,0.6508014,0.3387658
38.41000171005726,111.92762,0.6508688,0.3387658
38.42000003159046,111.923615,0.65100354,0.3387658
38.429998353123665,111.95562,0.65107095,0.33998656
38.440000489354134,111.95162,0.6511383,0.34120736
38.44999881088734,111.94762,0.6512056,0.34120736
38.460000947117805,111.98762,0.65147513,0.33998656
38.46999926865101,112.05562,0.6518794,0.3387658
38.48000140488148,112.18362,0.65228355,0.33632424
38.48999972641468,112.351616,0.65295726,0.3338827
38.50000186264515,112.56762,0.65390044,0.3277788
38.51000018417835,112.823616,0.65511316,0.32045412
38.519998505711555,113.20362,0.6565953,0.3119087
38.530000641942024,113.62361,0.6579427,0.30458403
38.53999896347523,113.83161,0.65881854,0.29848012
38.550001099705696,114.04361,0.65955967,0.2948178
38.5599994212389,114.23561,0.6603681,0.29115546
38.57000155746937,114.435616,0.66117656,0.28627235
38.57999987900257,114.63561,0.66205233,0.28138924
38.589998200535774,114.8636,0.66292816,0.27650613
38.60000033676624,115.07161,0.66353446,0.2728438
38.609998658299446,115.12761,0.66373664,0.2728438
38.620000794529915,115.12361,0.66373664,0.27406457
38.62999911606312,115.08761,0.66373664,0.27528536
38.64000125229359,115.051605,0.66373664,0.27650613
38.64999957382679,115.05961,0.66373664,0.27772692
38.66000171005726,115.05961,0.663804,0.27772692
38.67000003159046,115.01561,0.663804,0.27894768
38.679998353123665,114.96361,0.663804,0.28016847
38.690000489354134,114.95161,0.663804,0.28138924
38.69999881088734,114.96761,0.663804,0.28261003
38.710000947117805,114.9036,0.663804,0.2838308
38.71999926865101,114.87961,0.663804,0.28505158
38.73000140488148,114.9036,0.663804,0.28627235
38.73999972641468,114.86761,0.663804,0.28749314
38.75000186264515,114.815605,0.663804,0.2887139
38.76000018417835,114.80361,0.663804,0.2899347
38.769998505711555,114.81961,0.663804,0.29115546
38.780000641942024,114.79161,0.663804,0.29237625
38.78999896347523,114.77161,0.663804,0.293597
38.800001099705696,114.731606,0.663804,0.2948178
38.8099994212389,114.69961,0.663804,0.2948178
38.82000155746937,114.731606,0.663804,0.29725936
38.82999987900257,114.72361,0.663804,0.29725936
38.839998200535774,114.67161,0.663804,0.29848012
38.85000033676624,114.64361,0.663804,0.29970092
38.859998658299446,114.659615,0.66387135,0.30092168
38.870000794529915,114.65561,0.66387135,0.30214247
38.87999911606312,114.63161,0.6639387,0.30214247
38.89000125229359,114.61961,0.66400605,0.30336323
38.89999957382679,114.62761,0.66400605,0.30458403
38.91000171005726,114.61961,0.66407347,0.30458403
38.92000003159046,114.62361,0.66420823,0.3058048
38.929998353123665,114.65561,0.6642756,0.3058048
38.940000489354134,114.67561,0.66447765,0.3058048
38.94999881088734,114.715614,0.6646798,0.3058048
38.960000947117805,114.755615,0.6649493,0.30458403
38.96999926865101,114.795616,0.6652188,0.30458403
38.98000140488148,114.8636,0.66562295,0.30214247
38.98999972641468,115.02761,0.66616195,0.29970092
39.00000186264515,115.203606,0.666903,0.29603857
39.01000018417835,115.35161,0.66771144,0.29237625
39.019998505711555,115.5436,0.66845256,0.28749314
39.030000641942024,115.77561,0.6691263,0.2838308
39.03999896347523,115.8636,0.6693284,0.2838308
39.050001099705696,115.84361,0.66939574,0.2838308
39.0599994212389,115.82761,0.66939574,0.28505158
39.07000155746937,115.83961,0.66939574,0.28627235
39.07999987900257,115.79961,0.66939574,0.28749314
39.089998200535774,115.759605,0.66939574,0.2887139
39.10000033676624,115.77161,0.66939574,0.2899347
39.109998658299446,115.76361,0.66939574,0.29115546
39.120000794529915,115.75161,0.66939574,0.29237625
39.12999911606312,115.72361,0.66939574,0.293597
39.14000125229359,115.675606,0.66939574,0.2948178
39.14999957382679,115.65561,0.6694631,0.2948178
39.16000171005726,115.68361,0.6694631,0.29725936
39.17000003159046,115.6876,0.6694631,0.29725936
39.179998353123665,115.635605,0.6694631,0.29848012
39.190000489354134,115.595604,0.6694631,0.29970092
39.19999881088734,115.607605,0.6694631,0.30092168
39.210000947117805,115.59161,0.6694631,0.30214247
39.21999926865101,115.55161,0.6694631,0.30336323
39.23000140488148,115.5556,0.6694631,0.30458403
39.23999972641468,115.54761,0.6694631,0.3058048
39.25000186264515,115.523605,0.6694631,0.30702558
39.26000018417835,115.47961,0.6694631,0.30824634
39.269998505711555,115.4876,0.6694631,0.30946714
39.280000641942024,115.4756,0.6694631,0.3106879
39.28999896347523,115.47961,0.6694631,0.3119087
39.300001099705696,115.45961,0.6694631,0.31312945
39.3099994212389,115.41961,0.6694631,0.31435025
39.32000155746937,115.39161,0.6694631,0.31435025
39.32999987900257,115.43161,0.6694631,0.3167918
39.339998200535774,115.39561,0.6694631,0.3167918
39.35000033676624,115.355606,0.6694631,0.31923336
39.359998658299446,115.33961,0.6694631,0.31923336
39.370000794529915,115.37561,0.6694631,0.32045412
39.37999911606312,115.34761,0.6694631,0.3216749
39.39000125229359,115.29561,0.6694631,0.32289568
39.39999957382679,115.32361,0.6694631,0.32411647
39.41000171005726,115.299614,0.6695305,0.32533723
39.42000003159046,115.28761,0.6695305,0.32655802
39.429998353123665,115.28361,0.6695305,0.32655802
39.440000489354134,115.2636,0.66959786,0.3277788
39.44999881088734,115.28361,0.6696653,0.32899958
39.460000947117805,115.2916,0.6697326,0.32899958
39.46999926865101,115.299614,0.6698,0.33022034
39.48000140488148,115.26761,0.6699347,0.33022034
39.48999972641468,115.2916,0.67006946,0.33022034
39.50000186264515,115.36361,0.67013687,0.33144113
39.51000018417835,115.3876,0.6702715,0.33144113
39.519998505711555,115.34761,0.6704063,0.33144113
39.530000641942024,115.37961,0.67054105,0.33144113
39.53999896347523,115.467606,0.6708105,0.33144113
39.550001099705696,115.54761,0.67121476,0.32899958
39.5599994212389,115.635605,0.6718211,0.32655802
39.57000155746937,115.8196,0.6724274,0.32289568
39.57999987900257,115.983604,0.67316854,0.31923336
39.589998200535774,116.2036,0.67397696,0.31435025
39.60000033676624,116.399605,0.67478544,0.3106879
39.609998658299446,116.567604,0.67539173,0.30702558
39.620000794529915,116.6876,0.6756612,0.30702558
39.62999911606312,116.71561,0.6756612,0.30824634
39.64000125229359,116.703606,0.6756612,0.30946714
39.64999957382679,116.66761,0.6756612,0.3106879
39.66000171005726,116.6396,0.6756612,0.3106879
39.67000003159046,116.6516,0.6756612,0.31312945
39.679998353123665,116.635605,0.6756612,0.31312945
39.690000489354134,116.595604,0.6757286,0.31435025
39.69999881088734,116.5916,0.6757286,0.315571
39.710000947117805,116.579605,0.6757286,0.3167918
39.71999926865101,116.5636,0.6757286,0.31801257
39.73000140488148,116.539604,0.6757286,0.31923336
39.73999972641468,116.5356,0.675796,0.31923336
39.75000186264515,116.54761,0.6758633,0.32045412
39.76000018417835,116.5276,0.6758633,0.3216749
39.769998505711555,116.51961,0.67593074,0.32289568
39.780000641942024,116.51961,0.6759981,0.32289568
39.78999896347523,116.539604,0.6760655,0.32411647
39.800001099705696,116.55961,0.6761328,0.32411647
39.8099994212389,116.54761,0.67620015,0.32411647
39.82000155746937,116.53161,0.6763349,0.32533723
39.82999987900257,116.5356,0.67640233,0.32533723
39.839998200535774,116.6036,0.6765371,0.32655802
39.85000033676624,116.62761,0.67673916,0.32533723
39.859998658299446,116.6156,0.6768739,0.32655802
39.870000794529915,116.6596,0.6770087,0.32655802
39.87999911606312,116.71561,0.67721075,0.32655802
39.89000125229359,116.759605,0.6774802,0.32533723
39.89999957382679,116.8276,0.67788446,0.32411647
39.91000171005726,116.9636,0.6784234,0.32045412
39.92000003159046,117.1196,0.6790972,0.31801257
39.929998353123665,117.275604,0.6797035,0.31435025
39.940000489354134,117.415596,0.68030983,0.3119087
39.94999881088734,117.5916,0.6809835,0.30824634
39.960000947117805,117.7276,0.68158984,0.3058048
39.96999926865101,117.859604,0.68192667,0.30336323
39.98000140488148,117.8836,0.6819941,0.30458403
39.98999972641468,117.8556,0.6819941,0.3058048
40.00000186264515,117.8676,0.68206143,0.3058048
40.01000018417835,117.891594,0.68206143,0.30702558
40.019998505711555,117.863594,0.68212885,0.30824634
40.030000641942024,117.8156,0.68212885,0.30946714
40.03999896347523,117.8156,0.6821962,0.30946714
40.050001099705696,117.835594,0.6821962,0.3106879
40.0599994212389,117.8276,0.68233097,0.3106879
40.07000155746937,117.831604,0.6823983,0.3119087
40.07999987900257,117.8396,0.6823983,0.31312945
40.089998200535774,117.835594,0.6824657,0.31435025
40.10000033676624,117.8116,0.682533,0.31435025
40.109998658299446,117.8156,0.6826004,0.315571
40.120000794529915,117.8156,0.6826678,0.315571
40.12999911606312,117.835594,0.68280256,0.3167918
40.14000125229359,117.875595,0.6830046,0.315571
40.14999957382679,117.927605,0.68320674,0.315571
40.16000171005726,117.943596,0.68347627,0.31435025
40.17000003159046,118.0316,0.68388045,0.31435025
40.179998353123665,118.17159,0.68435204,0.3106879
40.190000489354134,118.291595,0.6849584,0.30824634
40.19999881088734,118.39559,0.68543,0.3058048
40.210000947117805,118.5236,0.6857668,0.30458403
40.21999926865101,118.611595,0.68603635,0.30458403
40.23000140488148,118.651596,0.6863058,0.30336323
40.23999972641468,118.6756,0.68650794,0.30336323
40.25000186264515,118.7316,0.6867774,0.30214247
40.26000018417835,118.7756,0.6871143,0.30092168
40.269998505711555,118.8556,0.6875185,0.29970092
40.280000641942024,118.987595,0.6879227,0.29848012
40.28999896347523,119.04759,0.6882596,0.29725936
40.300001099705696,119.0916,0.6883943,0.29725936
40.3099994212389,119.099594,0.6883943,0.29848012
40.32000155746937,119.111595,0.68846166,0.29848012
40.32999987900257,119.07559,0.6885964,0.29848012
40.339998200535774,119.10359,0.6886638,0.29970092
40.35000033676624,119.127594,0.6886638,0.30092168
40.359998658299446,119.0956,0.6887312,0.30214247
40.370000794529915,119.0516,0.6887312,0.30336323
40.37999911606312,119.0516,0.68879855,0.30336323
40.39000125229359,119.055595,0.68879855,0.30458403
40.39999957382679,119.043594,0.6888659,0.30458403
40.41000171005726,119.03159,0.68893325,0.3058048
40.42000003159046,119.043594,0.6890006,0.30702558
40.429998353123665,119.055595,0.6891354,0.30702558
40.440000489354134,119.055595,0.6892028,0.30702558
40.44999881088734,119.0916,0.6893375,0.30824634
40.460000947117805,119.0796,0.68940485,0.30824634
40.46999926865101,119.0956,0.6895396,0.30946714
40.48000140488148,119.16359,0.6896744,0.30946714
40.48999972641468,119.167595,0.6899438,0.30824634
40.50000186264515,119.1996,0.6902807,0.30702558
40.51000018417835,119.31159,0.69075227,0.30458403
40.519998505711555,119.50359,0.6912913,0.30214247
40.530000641942024,119.611595,0.69189763,0.29970092
40.53999896347523,119.70759,0.6923018,0.29725936
40.550001099705696,119.82759,0.6927734,0.29603857
40.5599994212389,119.93159,0.69317764,0.2948178
40.57000155746937,120.00359,0.6935145,0.29237625
40.57999987900257,120.099594,0.69385135,0.29237625
40.589998200535774,120.12359,0.6939861,0.29115546
40.60000033676624,120.15959,0.69412076,0.29237625
40.609998658299446,120.15159,0.69412076,0.293597
40.620000794529915,120.14359,0.6941882,0.293597
40.62999911606312,120.111595,0.6941882,0.2948178
40.64000125229359,120.10359,0.6941882,0.29603857
40.64999957382679,120.11559,0.6941882,0.29725936
40.66000171005726,120.08359,0.6941882,0.29848012
40.67000003159046,120.02759,0.6941882,0.29970092
40.679998353123665,120.02759,0.6941882,0.30092168
40.690000489354134,120.05159,0.6941882,0.30214247
40.69999881088734,120.01159,0.6941882,0.30336323
40.710000947117805,119.97959,0.6941882,0.30458403
40.71999926865101,119.96359,0.6941882,0.3058048
40.73000140488148,119.95959,0.6941882,0.30702558
40.73999972641468,119.92359,0.6941882,0.30824634
40.75000186264515,119.9276,0.6941882,0.30946714
40.76000018417835,119.915596,0.6941882,0.30946714
40.769998505711555,119.89959,0.6941882,0.3106879
40.780000641942024,119.88359,0.6941882,0.3119087
40.78999896347523,119.863594,0.6941882,0.31312945
40.800001099705696,119.839584,0.6941882,0.31435025
40.8099994212389,119.81559,0.6941882,0.315571
40.82000155746937,119.819595,0.6941882,0.3167918
40.82999987900257,119.80359,0.6941882,0.31801257
40.839998200535774,119.7716,0.6941882,0.31923336
40.85000033676624,119.78759,0.6941882,0.32045412
40.859998658299446,119.78759,0.6941882,0.3216749
40.870000794529915,119.72359,0.6941882,0.32289568
40.87999911606312,119.6916,0.6941882,0.32411647
40.89000125229359,119.71559,0.6941882,0.32533723
40.89999957382679,119.7036,0.69425553,0.32533723
40.91000171005726,119.69559,0.69425553,0.32655802
40.92000003159046,119.68359,0.69425553,0.3277788
40.929998353123665,119.6636,0.69425553,0.32899958
40.940000489354134,119.6236,0.69425553,0.33022034
40.94999881088734,119.6236,0.69425553,0.33144113
40.960000947117805,119.611595,0.69425553,0.3326619
40.96999926865101,119.599594,0.69425553,0.3338827
40.98000140488148,119.5956,0.69425553,0.33510345
40.98999972641468,119.59159,0.69425553,0.33632424
41.00000186264515,119.53959,0.69425553,0.337545
41.01000018417835,119.51159,0.69425553,0.3387658
41.019998505711555,119.543594,0.69425553,0.33998656
41.030000641942024,119.53959,0.69425553,0.33998656
41.03999896347523,119.50759,0.69425553,0.34242812
41.050001099705696,119.4796,0.69425553,0.34242812
41.0599994212389,119.47559,0.69425553,0.3436489
41.07000155746937,119.4796,0.69425553,0.34486967
41.07999987900257,119.459595,0.69425553,0.34609047
41.089998200535774,119.459595,0.69432294,0.34731123
41.10000033676624,119.42359,0.69432294,0.34853202
41.109998658299446,119.41959,0.6943903,0.34853202
41.120000794529915,119.4116,0.6943903,0.34975278
41.12999911606312,119.431595,0.6943903,0.35097358
41.14000125229359,119.41559,0.6944577,0.35219434
41.14999957382679,119.43559,0.69452506,0.35219434
41.16000171005726,119.47159,0.69465977,0.35219434
41.17000003159046,119.50359,0.69492924,0.35219434
41.179998353123665,119.53159,0.6952661,0.35097358
41.190000489354134,119.6356,0.695603,0.34975278
41.19999881088734,119.7716,0.6960746,0.34731123
41.210000947117805,119.91159,0.6967483,0.3436489
41.21999926865101,120.127594,0.6976241,0.3387658
41.23000140488148,120.35159,0.6986347,0.3338827
41.23999972641468,120.66759,0.69978,0.32655802
41.25000186264515,120.95959,0.7009253,0.32045412
41.26000018417835,121.23559,0.70180106,0.315571
41.269998505711555,121.379585,0.70227265,0.31312945
41.280000641942024,121.475586,0.7026095,0.3119087
41.28999896347523,121.559586,0.7029464,0.3106879
41.300001099705696,121.62359,0.70321584,0.3106879
41.3099994212389,121.63959,0.70341796,0.3106879
41.32000155746937,121.687584,0.70362014,0.30946714
41.32999987900257,121.767586,0.70388955,0.30824634
41.339998200535774,121.795586,0.7041591,0.30824634
41.35000033676624,121.81958,0.70436114,0.30702558
41.359998658299446,121.86359,0.7044959,0.30824634
41.370000794529915,121.89159,0.7045633,0.30824634
41.37999911606312,121.86359,0.7046307,0.30946714
41.39000125229359,121.86759,0.704698,0.30946714
41.39999957382679,121.85558,0.704698,0.3106879
41.41000171005726,121.84358,0.7047654,0.3119087
41.42000003159046,121.84759,0.7047654,0.31312945
41.429998353123665,121.85558,0.70490015,0.31312945
41.440000489354134,121.83559,0.7049675,0.31435025
41.44999881088734,121.83158,0.7050349,0.31435025
41.460000947117805,121.86759,0.7051696,0.315571
41.46999926865101,121.86759,0.7051696,0.315571
41.48000140488148,121.83559,0.7051696,0.3167918
41.48999972641468,121.823586,0.7051696,0.31801257
41.50000186264515,121.84759,0.7053043,0.31923336
41.51000018417835,121.80358,0.70537174,0.31923336
41.519998505711555,121.82759,0.70557386,0.31923336
41.530000641942024,121.90359,0.7057759,0.31923336
41.53999896347523,121.963585,0.70597804,0.31801257
41.550001099705696,121.99959,0.70624757,0.31801257
41.5599994212389,122.02358,0.7064496,0.3167918
41.57000155746937,122.07959,0.70671916,0.3167918
41.57999987900257,122.131584,0.7069212,0.3167918
41.589998200535774,122.16759,0.707056,0.3167918
41.60000033676624,122.18758,0.707056,0.31801257
41.609998658299446,122.15959,0.7071234,0.31923336
41.620000794529915,122.11959,0.7071234,0.31923336
41.62999911606312,122.15158,0.7071234,0.32045412
41.64000125229359,122.13958,0.7071234,0.3216749
41.64999957382679,122.09959,0.70719075,0.32289568
41.66000171005726,122.10758,0.70719075,0.32411647
41.67000003159046,122.09159,0.70719075,0.32533723
41.679998353123665,122.05159,0.70719075,0.32655802
41.690000489354134,122.047585,0.70719075,0.3277788
41.69999881088734,122.059586,0.7072581,0.3277788
41.710000947117805,122.05159,0.7073255,0.32899958
41.71999926865101,122.03959,0.7073255,0.33022034
41.73000140488148,122.031586,0.7073928,0.33022034
41.73999972641468,122.02358,0.7073928,0.33144113
41.75000186264515,122.01159,0.7074602,0.3326619
41.76000018417835,122.02358,0.7075276,0.3326619
41.769998505711555,122.047585,0.70766234,0.3326619
41.780000641942024,122.05159,0.7077297,0.3338827
41.78999896347523,122.04358,0.7077971,0.3338827
41.800001099705696,122.05558,0.7077971,0.33632424
41.8099994212389,122.03558,0.70786446,0.33632424
41.82000155746937,122.05159,0.70799917,0.337545
41.82999987900257,122.075584,0.7080665,0.337545
41.839998200535774,122.11158,0.7082687,0.337545
41.85000033676624,122.12358,0.70847076,0.33632424
41.859998658299446,122.183586,0.7087403,0.33632424
41.870000794529915,122.283585,0.7090097,0.33510345
41.87999911606312,122.32758,0.7093466,0.3338827
41.89000125229359,122.40358,0.7098182,0.3326619
41.89999957382679,122.52759,0.7102898,0.33022034
41.91000171005726,122.66359,0.7108288,0.3277788
41.92000003159046,122.77959,0.7113677,0.32411647
41.929998353123665,122.93558,0.7119741,0.32289568
41.940000489354134,123.10758,0.71258044,0.31923336
41.94999881088734,123.22358,0.71305203,0.3167918
41.960000947117805,123.283585,0.7132541,0.3167918
41.96999926865101,123.311584,0.71332145,0.3167918
41.98000140488148,123.32758,0.71338886,0.31801257
41.98999972641468,123.30357,0.71338886,0.31923336
42.00000186264515,123.31958,0.7134562,0.31923336
42.01000018417835,123.283585,0.7134562,0.32045412
42.019998505711555,123.25558,0.7135236,0.3216749
42.030000641942024,123.27557,0.7135236,0.32289568
42.03999896347523,123.26758,0.713591,0.32289568
42.050001099705696,123.27958,0.71365833,0.32411647
42.0599994212389,123.24358,0.71365833,0.32533723
42.07000155746937,123.24758,0.7137257,0.32655802
42.07999987900257,123.22358,0.7137257,0.32655802
42.089998200535774,123.19558,0.7137257,0.32899958
42.10000033676624,123.21958,0.7137257,0.32899958
42.109998658299446,123.21958,0.7137257,0.33022034
42.120000794529915,123.18358,0.71379304,0.33144113
42.12999911606312,123.14758,0.71379304,0.3326619
42.14000125229359,123.14358,0.71379304,0.3338827
42.14999957382679,123.13558,0.71379304,0.3338827
42.16000171005726,123.12759,0.71379304,0.33632424
42.17000003159046,123.13958,0.71386045,0.33632424
42.179998353123665,123.13558,0.7139278,0.337545
42.190000489354134,123.10758,0.7140626,0.337545
42.19999881088734,123.16759,0.71419734,0.337545
42.210000947117805,123.19158,0.71426463,0.3387658
42.21999926865101,123.19158,0.71433204,0.3387658
42.23000140488148,123.18758,0.71433204,0.33998656
42.23999972641468,123.17958,0.7143994,0.34120736
42.25000186264515,123.17558,0.71446675,0.34120736
42.26000018417835,123.14758,0.7146015,0.34242812
42.269998505711555,123.21958,0.71480364,0.34120736
42.280000641942024,123.30357,0.7151405,0.34120736
42.28999896347523,123.379585,0.7155447,0.3387658
42.300001099705696,123.507576,0.7162184,0.33510345
42.3099994212389,123.703575,0.7169595,0.33144113
42.32000155746937,123.895584,0.71783537,0.32655802
42.32999987900257,124.13957,0.7187785,0.3216749
42.339998200535774,124.38758,0.7195869,0.3167918
42.35000033676624,124.51558,0.71985644,0.315571
42.359998658299446,124.50358,0.71985644,0.3167918
42.370000794529915,124.49158,0.71992385,0.31801257
42.37999911606312,124.49957,0.71992385,0.31923336
42.39000125229359,124.47558,0.71992385,0.32045412
42.39999957382679,124.46358,0.71992385,0.32045412
42.41000171005726,124.44758,0.71992385,0.32289568
42.42000003159046,124.41957,0.71992385,0.32289568
42.429998353123665,124.383575,0.71992385,0.32411647
42.440000489354134,124.38758,0.71992385,0.32533723
42.44999881088734,124.383575,0.71992385,0.32655802
42.460000947117805,124.355576,0.71992385,0.3277788
42.46999926865101,124.355576,0.7199912,0.32899958
42.48000140488148,124.343575,0.7199912,0.33022034
42.48999972641468,124.31958,0.7201259,0.33022034
42.50000186264515,124.35157,0.7202607,0.33022034
42.51000018417835,124.36758,0.72032803,0.33022034
42.519998505711555,124.36357,0.7203954,0.33144113
42.530000641942024,124.35157,0.7204628,0.3326619
42.53999896347523,124.371574,0.72053015,0.3326619
42.550001099705696,124.41558,0.72066486,0.3326619
42.5599994212389,124.37558,0.72066486,0.3338827
42.57000155746937,124.383575,0.7207323,0.33510345
42.57999987900257,124.383575,0.7207996,0.33632424
42.589998200535774,124.39558,0.720867,0.33632424
42.60000033676624,124.40758,0.72100174,0.33632424
42.609998658299446,124.45158,0.72120386,0.33632424
42.620000794529915,124.483574,0.721406,0.33632424
42.62999911606312,124.551575,0.72181016,0.33510345
42.64000125229359,124.68758,0.72234917,0.3326619
42.64999957382679,124.84757,0.723225,0.3277788
42.66000171005726,125.09957,0.72437024,0.32045412
42.67000003159046,125.51558,0.72598714,0.3106879
42.679998353123665,125.927574,0.727402,0.30214247
42.690000489354134,126.175575,0.7282778,0.29725936
42.69999881088734,126.34357,0.7289515,0.293597
42.710000947117805,126.53557,0.7295579,0.2899347
42.71999926865101,126.70357,0.7303663,0.28505158
42.73000140488148,126.92356,0.7314442,0.28016847
42.73999972641468,127.18357,0.73258954,0.2728438
42.75000186264515,127.42357,0.73319584,0.26918146
42.76000018417835,127.471565,0.7333306,0.26918146
42.769998505711555,127.459564,0.7333306,0.27162302
42.780000641942024,127.45157,0.7333306,0.27162302
42.78999896347523,127.43957,0.7333306,0.27406457
42.800001099705696,127.42357,0.7333306,0.27406457
42.8099994212389,127.37956,0.7333306,0.27528536
42.82000155746937,127.34757,0.7333306,0.27650613
42.82999987900257,127.32757,0.73339796,0.27772692
42.839998200535774,127.31957,0.73339796,0.27894768
42.85000033676624,127.32757,0.73339796,0.28016847
42.859998658299446,127.27957,0.73339796,0.28138924
42.870000794529915,127.223564,0.73339796,0.28138924
42.87999911606312,127.24356,0.7334653,0.28261003
42.89000125229359,127.21957,0.7334653,0.2838308
42.89999957382679,127.18357,0.7334653,0.28505158
42.91000171005726,127.15957,0.7334653,0.28627235
42.92000003159046,127.167564,0.7334653,0.28749314
42.929998353123665,127.123566,0.7334653,0.2887139
42.940000489354134,127.111565,0.7334653,0.2899347
42.94999881088734,127.10357,0.7334653,0.29115546
42.960000947117805,127.09557,0.7335327,0.29115546
42.96999926865101,127.06757,0.7335327,0.29237625
42.98000140488148,127.05157,0.7335327,0.293597
42.98999972641468,127.03557,0.7335327,0.2948178
43.00000186264515,127.02757,0.7336001,0.29603857
43.01000018417835,127.05157,0.73366743,0.29603857
43.019998505711555,127.04757,0.73366743,0.29725936
43.030000641942024,127.02357,0.73373485,0.29848012
43.03999896347523,126.99557,0.7338022,0.29848012
43.050001099705696,127.043564,0.7339369,0.29848012
43.0599994212389,127.043564,0.73400426,0.29970092
43.07000155746937,127.011566,0.7340717,0.30092168
43.07999987900257,127.05557,0.73420644,0.30092168
43.089998200535774,127.083565,0.7344085,0.30092168
43.10000033676624,127.111565,0.73467803,0.29970092
43.109998658299446,127.19957,0.73501486,0.29848012
43.120000794529915,127.29957,0.73548645,0.29603857
43.12999911606312,127.43557,0.7362949,0.29237625
43.14000125229359,127.68757,0.7372381,0.28627235
43.14999957382679,127.95557,0.73824865,0.28138924
43.16000171005726,128.15956,0.738855,0.27772692
43.17000003159046,128.19557,0.73892236,0.27894768
43.179998353123665,128.19156,0.73892236,0.27894768
43.190000489354134,128.19955,0.73892236,0.28138924
43.19999881088734,128.15956,0.73892236,0.28138924
43.210000947117805,128.13957,0.73892236,0.2838308
43.21999926865101,128.14357,0.73892236,0.2838308
43.23000140488148,128.13556,0.73892236,0.28505158
43.23999972641468,128.07156,0.73892236,0.28627235
43.25000186264515,128.06357,0.73892236,0.28749314
43.26000018417835,128.03157,0.73892236,0.2887139
43.269998505711555,128.00357,0.73892236,0.2899347
43.280000641942024,127.99956,0.73892236,0.29115546
43.28999896347523,127.99956,0.7389898,0.29115546
43.300001099705696,127.971565,0.7389898,0.293597
43.3099994212389,127.943565,0.7389898,0.293597
43.32000155746937,127.94756,0.7389898,0.2948178
43.32999987900257,127.903564,0.7389898,0.29603857
43.339998200535774,127.86756,0.7389898,0.29725936
43.35000033676624,127.89157,0.7389898,0.29848012
43.359998658299446,127.903564,0.7389898,0.29970092
43.370000794529915,127.847565,0.7389898,0.30092168
43.37999911606312,127.81157,0.7389898,0.30214247
43.39000125229359,127.81157,0.7389898,0.30336323
43.39999957382679,127.803566,0.7389898,0.30458403
43.41000171005726,127.77157,0.7389898,0.3058048
43.42000003159046,127.78756,0.7389898,0.30702558
43.429998353123665,127.763565,0.7389898,0.30824634
43.440000489354134,127.71557,0.7389898,0.30946714
43.44999881088734,127.71557,0.7389898,0.3106879
43.460000947117805,127.70756,0.7389898,0.3106879
43.46999926865101,127.69956,0.7389898,0.31312945
43.48000140488148,127.67957,0.7389898,0.31312945
43.48999972641468,127.667564,0.7389898,0.31435025
43.50000186264515,127.63557,0.7389898,0.315571
43.51000018417835,127.60356,0.7389898,0.3167918
43.519998505711555,127.61157,0.7389898,0.31801257
43.530000641942024,127.62756,0.7390571,0.31923336
43.53999896347523,127.595566,0.7391245,0.31923336
43.550001099705696,127.61157,0.73919183,0.32045412
43.5599994212389,127.61157,0.7392592,0.32045412
43.57000155746937,127.61957,0.73939395,0.3216749
43.57999987900257,127.62756,0.73946136,0.3216749
43.589998200535774,127.65556,0.7395287,0.32289568
43.60000033676624,127.667564,0.7396635,0.32289568
43.609998658299446,127.66357,0.7397982,0.32289568
43.620000794529915,127.735565,0.74006766,0.32289568
43.62999911606312,127.81157,0.7404719,0.32045412
43.64000125229359,127.91956,0.7409435,0.31923336
43.64999957382679,128.07156,0.7416172,0.31435025
43.66000171005726,128.25957,0.7425604,0.3106879
43.67000003159046,128.55956,0.74363834,0.30336323
43.679998353123665,128.83156,0.7447162,0.29725936
43.690000489354134,129.02756,0.7451878,0.2948178
43.69999881088734,129.07556,0.74525523,0.29603857
43.710000947117805,129.03555,0.74525523,0.29725936
43.71999926865101,129.03957,0.74525523,0.29848012
43.73000140488148,129.05957,0.74525523,0.29848012
43.73999972641468,129.01157,0.74525523,0.30092168
43.75000186264515,128.99556,0.74525523,0.30092168
43.76000018417835,128.99156,0.74525523,0.30336323
43.769998505711555,128.94756,0.7453226,0.30336323
43.780000641942024,128.91956,0.7453226,0.30458403
43.78999896347523,128.92357,0.7453226,0.3058048
43.800001099705696,128.91956,0.7453226,0.30702558
43.8099994212389,128.89557,0.7453226,0.30824634
43.82000155746937,128.86356,0.7453226,0.30946714
43.82999987900257,128.85956,0.7453226,0.3106879
43.839998200535774,128.83955,0.7453226,0.3106879
43.85000033676624,128.83556,0.7453226,0.31312945
43.859998658299446,128.81557,0.7453226,0.31312945
43.870000794529915,128.77957,0.7453226,0.31435025
43.87999911606312,128.76756,0.74539,0.315571
43.89000125229359,128.78757,0.74539,0.3167918
43.89999957382679,128.77556,0.74545735,0.3167918
43.91000171005726,128.73956,0.7455247,0.31801257
43.92000003159046,128.75157,0.74559206,0.31923336
43.929998353123665,128.79956,0.7456594,0.31923336
43.940000489354134,128.80356,0.7457942,0.31923336
43.94999881088734,128.83556,0.746131,0.31923336
43.960000947117805,128.91556,0.74640054,0.31801257
43.96999926865101,129.03157,0.7468047,0.3167918
43.98000140488148,129.09955,0.74720895,0.31435025
43.98999972641468,129.20755,0.7477479,0.3119087
44.00000186264515,129.35156,0.74835426,0.30946714
44.01000018417835,129.49556,0.7489606,0.3058048
44.019998505711555,129.68355,0.74970174,0.30214247
44.030000641942024,129.87155,0.75051016,0.29725936
44.03999896347523,130.04355,0.75111645,0.2948178
44.050001099705696,130.11156,0.7512512,0.2948178
44.0599994212389,130.13556,0.7512512,0.29603857
44.07000155746937,130.10356,0.7512512,0.29725936
44.07999987900257,130.07556,0.7512512,0.29848012
44.089998200535774,130.06757,0.7512512,0.29848012
44.10000033676624,130.05956,0.7512512,0.30092168
44.109998658299446,130.02756,0.7512512,0.30092168
44.120000794529915,130.00755,0.7512512,0.30336323
44.12999911606312,130.01157,0.7512512,0.30336323
44.14000125229359,130.00755,0.7512512,0.30458403
44.14999957382679,129.94356,0.7512512,0.3058048
44.16000171005726,129.90756,0.7512512,0.30702558
44.17000003159046,129.91956,0.7512512,0.30824634
44.179998353123665,129.91156,0.7512512,0.30946714
44.190000489354134,129.91156,0.75131863,0.3106879
44.19999881088734,129.89555,0.75131863,0.3106879
44.210000947117805,129.86356,0.7513859,0.3119087
44.21999926865101,129.84355,0.7513859,0.31312945
44.23000140488148,129.86757,0.7514533,0.31435025
44.23999972641468,129.87956,0.7514533,0.31435025
44.25000186264515,129.83955,0.7515207,0.315571
44.26000018417835,129.83556,0.75158805,0.3167918
44.269998505711555,129.85156,0.75165546,0.3167918
44.280000641942024,129.83556,0.7517228,0.31801257
44.28999896347523,129.84355,0.7517902,0.31923336
44.300001099705696,129.90356,0.7519923,0.31801257
44.3099994212389,129.93555,0.7521944,0.31923336
44.32000155746937,129.95956,0.7523965,0.31801257
44.32999987900257,130.00356,0.752666,0.3167918
44.339998200535774,130.07556,0.7530028,0.315571
44.35000033676624,130.17555,0.7534745,0.31435025
44.359998658299446,130.29956,0.75394607,0.3119087
44.370000794529915,130.43556,0.754485,0.30946714
44.37999911606312,130.55956,0.7550913,0.3058048
44.39000125229359,130.71556,0.755765,0.30214247
44.39999957382679,130.90356,0.75650615,0.29848012
44.41000171005726,131.08356,0.75717986,0.2948178
44.42000003159046,131.20355,0.75765145,0.293597
44.429998353123665,131.27554,0.7578535,0.29237625
44.440000489354134,131.31155,0.7579209,0.293597
44.44999881088734,131.27956,0.7579883,0.293597
44.460000947117805,131.26355,0.7580557,0.2948178
44.46999926865101,131.27956,0.75812304,0.2948178
44.48000140488148,131.29956,0.75812304,0.29725936
44.48999972641468,131.25156,0.75819045,0.29725936
44.50000186264515,131.26755,0.75819045,0.29848012
44.51000018417835,131.21555,0.75819045,0.29970092
44.519998505711555,131.19955,0.75819045,0.30092168
44.530000641942024,131.21555,0.75825775,0.30092168
44.53999896347523,131.22356,0.7583251,0.30214247
44.550001099705696,131.20755,0.7583925,0.30336323
44.5599994212389,131.19556,0.75845987,0.30336323
44.57000155746937,131.23555,0.75859463,0.30336323
44.57999987900257,131.22755,0.7587294,0.30336323
44.589998200535774,131.24756,0.75893146,0.30336323
44.60000033676624,131.34355,0.75926834,0.30214247
44.609998658299446,131.43555,0.75973994,0.30092168
44.620000794529915,131.53955,0.7602115,0.29848012
44.62999911606312,131.65155,0.76075053,0.29603857
44.64000125229359,131.79555,0.76135683,0.293597
44.64999957382679,131.98755,0.7619631,0.2899347
44.66000171005726,132.12355,0.7625695,0.28627235
44.67000003159046,132.22755,0.7629737,0.28505158
44.679998353123665,132.26755,0.76310843,0.28505158
44.690000489354134,132.25955,0.76317585,0.28627235
44.69999881088734,132.31555,0.7633106,0.28627235
44.710000947117805,132.29955,0.7633106,0.28749314
44.71999926865101,132.25555,0.7633106,0.2887139
44.73000140488148,132.23555,0.7633106,0.2899347
44.73999972641468,132.26355,0.7633106,0.29115546
44.75000186264515,132.22356,0.7633106,0.29237625
44.76000018417835,132.18755,0.7633106,0.293597
44.769998505711555,132.17555,0.7633106,0.2948178
44.780000641942024,132.18755,0.7633106,0.2948178
44.78999896347523,132.12755,0.7633106,0.29603857
44.800001099705696,132.10355,0.7633106,0.29725936
44.8099994212389,132.10355,0.7633106,0.29848012
44.82000155746937,132.09955,0.7633106,0.29970092
44.82999987900257,132.07954,0.7633106,0.30092168
44.839998200535774,132.03154,0.7633106,0.30214247
44.85000033676624,132.03555,0.7633106,0.30336323
44.859998658299446,132.02756,0.7633106,0.30458403
44.870000794529915,132.02354,0.7633106,0.3058048
44.87999911606312,131.98755,0.7633106,0.30702558
44.89000125229359,131.91554,0.7633106,0.30824634
44.89999957382679,131.93954,0.7633106,0.30946714
44.91000171005726,131.95555,0.7633106,0.3106879
44.92000003159046,131.91956,0.7633106,0.3119087
44.929998353123665,131.89555,0.7633106,0.31312945
44.940000489354134,131.89555,0.7633106,0.31435025
44.94999881088734,131.88754,0.7633106,0.31435025
44.960000947117805,131.83955,0.7633106,0.3167918
44.96999926865101,131.82355,0.7633106,0.3167918
44.98000140488148,131.84355,0.7633106,0.31801257
44.98999972641468,131.81955,0.7633106,0.31923336
45.00000186264515,131.79955,0.7633106,0.32045412
45.01000018417835,131.75955,0.7633106,0.3216749
45.019998505711555,131.76355,0.76337796,0.32289568
45.030000641942024,131.76355,0.76337796,0.32411647
45.03999896347523,131.76355,0.7634453,0.32411647
45.050001099705696,131.74355,0.7634453,0.32533723
45.0599994212389,131.71555,0.76351273,0.32655802
45.07000155746937,131.72755,0.76351273,0.3277788
45.07999987900257,131.75555,0.76358,0.3277788
45.089998200535774,131.72755,0.76358,0.32899958
45.10000033676624,131.69556,0.76358,0.33022034
45.109998658299446,131.69955,0.76358,0.33144113
45.120000794529915,131.71956,0.76364744,0.3326619
45.12999911606312,131.67155,0.76364744,0.3338827
45.14000125229359,131.65155,0.76364744,0.3338827
45.14999957382679,131.67955,0.7637148,0.33510345
45.16000171005726,131.68755,0.76378214,0.33632424
45.17000003159046,131.70755,0.7639843,0.33510345
45.179998353123665,131.75555,0.76425374,0.33510345
45.190000489354134,131.79555,0.76452327,0.3338827
45.19999881088734,131.90755,0.7648601,0.3326619
45.210000947117805,131.99956,0.7653317,0.33022034
45.21999926865101,132.15955,0.7660054,0.3277788
45.23000140488148,132.35555,0.767016,0.3216749
45.23999972641468,132.63956,0.7680939,0.315571
45.25000186264515,132.95955,0.76917183,0.30946714
45.26000018417835,133.17155,0.77004766,0.30458403
45.269998505711555,133.33154,0.77051926,0.30214247
45.280000641942024,133.43555,0.7707214,0.30214247
45.28999896347523,133.42754,0.7707214,0.30336323
45.300001099705696,133.37955,0.7707214,0.30458403
45.3099994212389,133.38754,0.77085614,0.30458403
45.32000155746937,133.41554,0.7709235,0.30458403
45.32999987900257,133.43555,0.77112556,0.30458403
45.339998200535774,133.45154,0.77132773,0.30458403
45.35000033676624,133.53554,0.7717319,0.30336323
45.359998658299446,133.61554,0.77227086,0.30092168
45.370000794529915,133.79155,0.7729446,0.29725936
45.37999911606312,133.97955,0.7735509,0.293597
45.39000125229359,134.06755,0.7740225,0.29115546
45.39999957382679,134.13155,0.774292,0.29115546
45.41000171005726,134.18755,0.7744941,0.29115546
45.42000003159046,134.21954,0.7745615,0.29115546
45.429998353123665,134.18353,0.7745615,0.29237625
45.440000489354134,134.15155,0.7745615,0.293597
45.44999881088734,134.15553,0.7745615,0.2948178
45.460000947117805,134.16754,0.7745615,0.29603857
45.46999926865101,134.11954,0.7745615,0.29725936
45.48000140488148,134.08755,0.7745615,0.29848012
45.48999972641468,134.07954,0.7745615,0.29970092
45.50000186264515,134.07155,0.7745615,0.30092168
45.51000018417835,134.04355,0.7745615,0.30214247
45.519998505711555,134.01154,0.7746289,0.30214247
45.530000641942024,134.01154,0.7746289,0.30336323
45.53999896347523,134.00354,0.7746289,0.30458403
45.550001099705696,133.99554,0.7746289,0.3058048
45.5599994212389,133.95155,0.7746289,0.30702558
45.57000155746937,133.91154,0.7746289,0.30824634
45.57999987900257,133.92755,0.7746289,0.30946714
45.589998200535774,133.93555,0.7746289,0.3106879
45.60000033676624,133.87155,0.7746289,0.3119087
45.609998658299446,133.87155,0.7746289,0.31312945
45.620000794529915,133.89154,0.7746289,0.31435025
45.62999911606312,133.85555,0.7746289,0.31435025
45.64000125229359,133.80354,0.7746289,0.3167918
45.64999957382679,133.79555,0.7746289,0.3167918
45.66000171005726,133.79955,0.7746289,0.31923336
45.67000003159046,133.80754,0.7746289,0.31923336
45.679998353123665,133.77954,0.7746289,0.32045412
45.690000489354134,133.74355,0.77469623,0.3216749
45.69999881088734,133.71555,0.77469623,0.32289568
45.710000947117805,133.74754,0.77469623,0.32411647
45.71999926865101,133.75154,0.77469623,0.32533723
45.73000140488148,133.71555,0.77469623,0.32655802
45.73999972641468,133.67154,0.7747636,0.32655802
45.75000186264515,133.69955,0.7747636,0.3277788
45.76000018417835,133.68755,0.77483094,0.32899958
45.769998505711555,133.68355,0.7750331,0.32899958
45.780000641942024,133.73555,0.7752352,0.3277788
45.78999896347523,133.82755,0.7754373,0.3277788
45.800001099705696,133.83556,0.77557206,0.32899958
45.8099994212389,133.81154,0.7756394,0.32899958
45.82000155746937,133.81955,0.7757741,0.32899958
45.82999987900257,133.90353,0.7759089,0.32899958
45.839998200535774,133.92755,0.77604365,0.32899958
45.85000033676624,133.92354,0.7761784,0.33022034
45.859998658299446,133.91554,0.7763131,0.33022034
45.870000794529915,133.93153,0.7763805,0.33144113
45.87999911606312,133.96355,0.7764479,0.33144113
45.89000125229359,133.96754,0.77651525,0.3326619
45.89999957382679,133.95554,0.7765826,0.3326619
45.91000171005726,133.96754,0.77665,0.3338827
45.92000003159046,134.00354,0.7767848,0.3338827
45.929998353123665,134.02354,0.7769194,0.3338827
45.940000489354134,134.01154,0.7771216,0.3338827
45.94999881088734,134.07555,0.777391,0.3326619
45.960000947117805,134.16354,0.77772796,0.33144113
45.96999926865101,134.25955,0.7781995,0.33022034
45.98000140488148,134.36354,0.7787385,0.32655802
45.98999972641468,134.51155,0.7794122,0.32289568
46.00000186264515,134.71555,0.78008586,0.32045412
46.01000018417835,134.83954,0.7806922,0.3167918
46.019998505711555,134.99554,0.78109646,0.315571
46.030000641942024,135.05554,0.78136593,0.31435025
46.03999896347523,135.05954,0.78143334,0.315571
46.050001099705696,135.11554,0.7815007,0.315571
46.0599994212389,135.11154,0.7816354,0.3167918
46.07000155746937,135.09154,0.78177017,0.3167918
46.07999987900257,135.09953,0.7818375,0.3167918
46.089998200535774,135.11554,0.7818375,0.31801257
46.10000033676624,135.12753,0.7818375,0.31923336
46.109998658299446,135.06755,0.7818375,0.32045412
46.120000794529915,135.07153,0.7818375,0.3216749
46.12999911606312,135.06755,0.7818375,0.32289568
46.14000125229359,135.03554,0.78190494,0.32289568
46.14999957382679,135.00354,0.78190494,0.32411647
46.16000171005726,135.00754,0.7819723,0.32533723
46.17000003159046,135.03154,0.78203964,0.32655802
46.179998353123665,135.03154,0.782107,0.32655802
46.190000489354134,135.00754,0.78217435,0.3277788
46.19999881088734,135.01953,0.7823091,0.3277788
46.210000947117805,135.04753,0.7824439,0.3277788
46.21999926865101,135.11154,0.78271335,0.32655802
46.23000140488148,135.15955,0.7828481,0.3277788
46.23999972641468,135.13155,0.78305024,0.32655802
46.25000186264515,135.18755,0.78318495,0.3277788
46.26000018417835,135.21954,0.78318495,0.32899958
46.269998505711555,135.21555,0.78331965,0.32899958
46.280000641942024,135.19554,0.78352183,0.32899958
46.28999896347523,135.26755,0.7837239,0.32899958
46.300001099705696,135.35153,0.7839934,0.3277788
46.3099994212389,135.37553,0.78426284,0.32655802
46.32000155746937,135.41954,0.7845997,0.32533723
46.32999987900257,135.55954,0.7852061,0.32289568
46.339998200535774,135.73154,0.7860145,0.31923336
46.35000033676624,135.98354,0.786823,0.31312945
46.359998658299446,136.16754,0.78756404,0.3106879
46.370000794529915,136.27554,0.78803563,0.30824634
46.37999911606312,136.33554,0.788103,0.30824634
46.39000125229359,136.35555,0.788103,0.30946714
46.39999957382679,136.35555,0.788103,0.3106879
46.41000171005726,136.28754,0.788103,0.3119087
46.42000003159046,136.27953,0.788103,0.31312945
46.429998353123665,136.29153,0.788103,0.31435025
46.440000489354134,136.25954,0.788103,0.315571
46.44999881088734,136.21153,0.788103,0.3167918
46.460000947117805,136.22354,0.788103,0.31801257
46.46999926865101,136.22754,0.788103,0.31923336
46.48000140488148,136.18355,0.788103,0.32045412
46.48999972641468,136.13553,0.788103,0.32045412
46.50000186264515,136.13153,0.788103,0.3216749
46.51000018417835,136.13153,0.788103,0.32289568
46.519998505711555,136.14754,0.788103,0.32411647
46.530000641942024,136.11954,0.788103,0.32533723
46.53999896347523,136.05954,0.788103,0.32655802
46.550001099705696,136.06354,0.7881704,0.3277788
46.5599994212389,136.06754,0.7881704,0.32899958
46.57000155746937,136.05554,0.7881704,0.33022034
46.57999987900257,136.00754,0.7881704,0.33022034
46.589998200535774,135.99554,0.7881704,0.3326619
46.60000033676624,136.01553,0.7881704,0.3326619
46.609998658299446,135.95554,0.7881704,0.3338827
46.620000794529915,135.93954,0.7881704,0.33510345
46.62999911606312,135.95554,0.7881704,0.33632424
46.64000125229359,135.95953,0.7881704,0.337545
46.64999957382679,135.91954,0.7881704,0.3387658
46.66000171005726,135.89154,0.7881704,0.33998656
46.67000003159046,135.89154,0.78823775,0.34120736
46.679998353123665,135.88353,0.78823775,0.34242812
46.690000489354134,135.90753,0.78830516,0.34242812
46.69999881088734,135.87553,0.78830516,0.3436489
46.710000947117805,135.86354,0.78843987,0.3436489
46.71999926865101,135.89154,0.7885746,0.3436489
46.73000140488148,135.97154,0.78877676,0.3436489
46.73999972641468,135.96754,0.7888441,0.34486967
46.75000186264515,135.96754,0.7889789,0.34486967
46.76000018417835,135.99153,0.7891136,0.34486967
46.769998505711555,136.05554,0.7892483,0.34486967
46.780000641942024,136.06754,0.7895852,0.3436489
46.78999896347523,136.14754,0.7899894,0.34242812
46.800001099705696,136.29153,0.79052836,0.33998656
46.8099994212389,136.48354,0.79133683,0.33632424
46.82000155746937,136.69954,0.7923474,0.33022034
46.82999987900257,136.97554,0.79356,0.32289568
46.839998200535774,137.32753,0.79490745,0.31435025
46.85000033676624,137.64354,0.7961201,0.30702558
46.859998658299446,137.92754,0.7969286,0.30336323
46.870000794529915,138.10753,0.79766965,0.29848012
46.87999911606312,138.28754,0.7984781,0.293597
46.89000125229359,138.50752,0.79935396,0.2887139
46.89999957382679,138.79153,0.80043185,0.2838308
46.91000171005726,138.97952,0.80137503,0.27772692
46.92000003159046,139.10352,0.8018466,0.27528536
46.929998353123665,139.18753,0.80191404,0.27650613
46.940000489354134,139.19553,0.80191404,0.27772692
46.94999881088734,139.14752,0.80191404,0.27894768
46.960000947117805,139.11952,0.80191404,0.27894768
46.96999926865101,139.09953,0.80191404,0.28138924
46.98000140488148,139.08752,0.80191404,0.28138924
46.98999972641468,139.03952,0.80191404,0.2838308
47.00000186264515,139.02353,0.80191404,0.2838308
47.01000018417835,139.01152,0.80191404,0.28505158
47.019998505711555,138.98354,0.80191404,0.28627235
47.030000641942024,138.97153,0.80191404,0.28749314
47.03999896347523,138.91953,0.80191404,0.2887139
47.050001099705696,138.89153,0.80191404,0.2899347
47.0599994212389,138.91153,0.8019814,0.29115546
47.07000155746937,138.90353,0.8019814,0.29115546
47.07999987900257,138.85152,0.8019814,0.293597
47.089998200535774,138.82353,0.8019814,0.293597
47.10000033676624,138.83553,0.8019814,0.2948178
47.109998658299446,138.80753,0.80204874,0.29603857
47.120000794529915,138.78752,0.80204874,0.29725936
47.12999911606312,138.79953,0.80211616,0.29725936
47.14000125229359,138.80753,0.80211616,0.29848012
47.14999957382679,138.77553,0.8021835,0.29970092
47.16000171005726,138.74753,0.8021835,0.30092168
47.17000003159046,138.75952,0.80225086,0.30092168
47.179998353123665,138.76352,0.8023856,0.30214247
47.190000489354134,138.77953,0.80252033,0.30214247
47.19999881088734,138.82353,0.8027225,0.30214247
47.210000947117805,138.83553,0.8029246,0.30092168
47.21999926865101,138.88353,0.8031941,0.30092168
47.23000140488148,138.97153,0.8035983,0.29848012
47.23999972641468,139.10753,0.80413723,0.29725936
47.25000186264515,139.22752,0.804811,0.293597
47.26000018417835,139.39952,0.805552,0.2887139
47.269998505711555,139.61952,0.80629313,0.28505158
47.280000641942024,139.79153,0.80696684,0.28138924
47.28999896347523,139.83553,0.8071689,0.28138924
47.300001099705696,139.86353,0.8071689,0.28261003
47.3099994212389,139.87952,0.8071689,0.2838308
47.32000155746937,139.84752,0.8071689,0.28505158
47.32999987900257,139.81152,0.8071689,0.28627235
47.339998200535774,139.76752,0.8071689,0.28749314
47.35000033676624,139.76352,0.8071689,0.2887139
47.359998658299446,139.75952,0.8071689,0.2887139
47.370000794529915,139.75552,0.8071689,0.29115546
47.37999911606312,139.71953,0.8071689,0.29115546
47.39000125229359,139.66353,0.8071689,0.293597
47.39999957382679,139.67152,0.8071689,0.293597
47.41000171005726,139.66753,0.8071689,0.2948178
47.42000003159046,139.61952,0.8071689,0.29603857
47.429998353123665,139.60751,0.8071689,0.29725936
47.440000489354134,139.61153,0.8071689,0.29848012
47.44999881088734,139.59952,0.8071689,0.29970092
47.460000947117805,139.54352,0.8071689,0.30092168
47.46999926865101,139.54352,0.8071689,0.30214247
47.48000140488148,139.54753,0.8071689,0.30336323
47.48999972641468,139.51953,0.8071689,0.30458403
47.50000186264515,139.49152,0.8071689,0.3058048
47.51000018417835,139.45953,0.8072363,0.3058048
47.519998505711555,139.45152,0.8072363,0.30702558
47.530000641942024,139.45152,0.8072363,0.30824634
47.53999896347523,139.43552,0.8072363,0.30946714
47.550001099705696,139.39153,0.8072363,0.3106879
47.5599994212389,139.36752,0.8072363,0.3119087
47.57000155746937,139.38351,0.8072363,0.31312945
47.57999987900257,139.39552,0.8072363,0.31435025
47.589998200535774,139.33952,0.8072363,0.315571
47.60000033676624,139.31552,0.8072363,0.3167918
47.609998658299446,139.31952,0.8072363,0.31801257
47.620000794529915,139.31952,0.8072363,0.31923336
47.62999911606312,139.27553,0.8072363,0.32045412
47.64000125229359,139.26352,0.8072363,0.3216749
47.64999957382679,139.27953,0.8072363,0.32289568
47.66000171005726,139.25552,0.8072363,0.32289568
47.67000003159046,139.22353,0.8072363,0.32411647
47.679998353123665,139.21152,0.8072363,0.32533723
47.690000489354134,139.18753,0.8072363,0.32655802
47.69999881088734,139.19553,0.8072363,0.3277788
47.710000947117805,139.19153,0.8072363,0.32899958
47.71999926865101,139.12753,0.8072363,0.33022034
47.73000140488148,139.12352,0.8072363,0.33144113
47.73999972641468,139.15953,0.8072363,0.3326619
47.75000186264515,139.13152,0.8072363,0.3338827
47.76000018417835,139.09152,0.8072363,0.33510345
47.769998505711555,139.08752,0.8072363,0.33632424
47.780000641942024,139.11952,0.8072363,0.337545
47.78999896347523,139.05952,0.8072363,0.3387658
47.800001099705696,139.03554,0.80730367,0.3387658
47.8099994212389,139.05153,0.80743843,0.33998656
47.82000155746937,139.09152,0.80750585,0.33998656
47.82999987900257,139.10753,0.8076405,0.33998656
47.839998200535774,139.10753,0.8077079,0.34120736
47.85000033676624,139.11552,0.8078427,0.34120736
47.859998658299446,139.11952,0.80791,0.34242812
47.870000794529915,139.18352,0.8080448,0.34242812
47.87999911606312,139.20352,0.8081795,0.34242812
47.89000125229359,139.19153,0.80831426,0.34242812
47.89999957382679,139.21152,0.808449,0.34242812
47.91000171005726,139.26352,0.80871844,0.34242812
47.92000003159046,139.32753,0.8090553,0.34120736
47.929998353123665,139.41953,0.80959433,0.3387658
47.940000489354134,139.60751,0.81033534,0.33510345
47.94999881088734,139.83153,0.8111438,0.33022034
47.960000947117805,140.01552,0.81201965,0.32533723
47.96999926865101,140.21951,0.8128954,0.32045412
47.98000140488148,140.43953,0.81363654,0.3167918
47.98999972641468,140.55952,0.81383866,0.315571
48.00000186264515,140.56752,0.81383866,0.3167918
48.01000018417835,140.53552,0.81390595,0.31801257
48.019998505711555,140.51953,0.81390595,0.31923336
48.030000641942024,140.51953,0.81390595,0.32045412
48.03999896347523,140.51152,0.81397337,0.32045412
48.050001099705696,140.49553,0.81397337,0.3216749
48.0599994212389,140.45952,0.8140407,0.32289568
48.07000155746937,140.46352,0.8140407,0.32411647
48.07999987900257,140.49553,0.81410813,0.32411647
48.089998200535774,140.48352,0.8141755,0.32533723
48.10000033676624,140.43152,0.8142429,0.32533723
48.109998658299446,140.45152,0.81431025,0.32655802
48.120000794529915,140.47552,0.8143776,0.3277788
48.12999911606312,140.46753,0.8143776,0.32899958
48.14000125229359,140.48352,0.8145797,0.3277788
48.14999957382679,140.51953,0.8147145,0.32899958
48.16000171005726,140.53952,0.8148492,0.32899958
48.17000003159046,140.53952,0.8150513,0.32899958
48.179998353123665,140.60352,0.8153208,0.3277788
48.190000489354134,140.68352,0.8156576,0.32655802
48.19999881088734,140.78752,0.8161966,0.32411647
48.210000947117805,140.93951,0.816803,0.32045412
48.21999926865101,141.09152,0.8174767,0.31801257
48.23000140488148,141.21951,0.81801564,0.31435025
48.23999972641468,141.33952,0.81855464,0.3119087
48.25000186264515,141.51552,0.8190262,0.30946714
48.26000018417835,141.59952,0.81949776,0.30824634
48.269998505711555,141.65552,0.81983465,0.30702558
48.280000641942024,141.70352,0.81996936,0.30702558
48.28999896347523,141.71552,0.82003677,0.30702558
48.300001099705696,141.70752,0.8201041,0.30946714
48.3099994212389,141.69551,0.8201041,0.30946714
48.32000155746937,141.70352,0.8201041,0.3106879
48.32999987900257,141.68752,0.82017154,0.3106879
48.339998200535774,141.65952,0.8202389,0.3119087
48.35000033676624,141.67952,0.8202389,0.31312945
48.359998658299446,141.62352,0.8202389,0.31435025
48.370000794529915,141.62752,0.8202389,0.315571
48.37999911606312,141.63553,0.8203062,0.3167918
48.39000125229359,141.63152,0.8203736,0.3167918
48.39999957382679,141.59152,0.82044095,0.31801257
48.41000171005726,141.59952,0.82044095,0.31923336
48.42000003159046,141.62352,0.82050836,0.31923336
48.429998353123665,141.61952,0.8206431,0.32045412
48.440000489354134,141.60352,0.8207105,0.32045412
48.44999881088734,141.64752,0.82091254,0.32045412
48.460000947117805,141.68752,0.82111466,0.31923336
48.46999926865101,141.71152,0.82138413,0.31923336
48.48000140488148,141.77953,0.82158625,0.31923336
48.48999972641468,141.87952,0.82205784,0.3167918
48.50000186264515,142.01552,0.8226642,0.31435025
48.51000018417835,142.11551,0.8232032,0.3106879
48.519998505711555,142.24352,0.8236074,0.30946714
48.530000641942024,142.3155,0.8239443,0.30824634
48.53999896347523,142.36751,0.82414633,0.30824634
48.550001099705696,142.47551,0.82441586,0.30702558
48.5599994212389,142.51152,0.82468534,0.30702558
48.57000155746937,142.51152,0.8250222,0.3058048
48.57999987900257,142.63551,0.8254938,0.30336323
48.589998200535774,142.76752,0.8259654,0.30092168
48.60000033676624,142.8715,0.8263696,0.29970092
48.609998658299446,142.91551,0.82663906,0.29848012
48.620000794529915,142.9515,0.8267064,0.29970092
48.62999911606312,142.93951,0.8267064,0.30092168
48.64000125229359,142.8995,0.8267738,0.30092168
48.64999957382679,142.90752,0.8267738,0.30214247
48.66000171005726,142.92352,0.8268412,0.30336323
48.67000003159046,142.87952,0.8268412,0.30458403
48.679998353123665,142.86752,0.8269086,0.30458403
48.690000489354134,142.84352,0.82697594,0.3058048
48.69999881088734,142.85951,0.8271107,0.3058048
48.710000947117805,142.87952,0.827178,0.30702558
48.71999926865101,142.91951,0.8272454,0.30702558
48.73000140488148,142.87552,0.82731277,0.30824634
48.73999972641468,142.85152,0.8273802,0.30946714
48.75000186264515,142.88751,0.8275149,0.30946714
48.76000018417835,142.9555,0.827717,0.30946714
48.769998505711555,142.95952,0.8279191,0.30824634
48.780000641942024,143.01952,0.82825595,0.30702558
48.78999896347523,143.12752,0.8287276,0.30458403
48.800001099705696,143.25552,0.8293339,0.30214247
48.8099994212389,143.39551,0.82994026,0.29848012
48.82000155746937,143.5395,0.8304792,0.29725936
48.82999987900257,143.65952,0.8309508,0.2948178
48.839998200535774,143.75151,0.83148974,0.29237625
48.85000033676624,143.87552,0.83189404,0.29115546
48.859998658299446,143.94751,0.83223087,0.2887139
48.870000794529915,143.98352,0.83236563,0.2887139
48.87999911606312,144.00351,0.83236563,0.2899347
48.89000125229359,143.98352,0.832433,0.29115546
48.89999957382679,143.9555,0.832433,0.29237625
48.91000171005726,143.91951,0.832433,0.293597
48.92000003159046,143.93152,0.832433,0.2948178
48.929998353123665,143.9075,0.832433,0.29603857
48.940000489354134,143.8715,0.832433,0.29725936
48.94999881088734,143.85551,0.832433,0.29848012
48.960000947117805,143.86751,0.832433,0.29848012
48.96999926865101,143.8195,0.832433,0.30092168
48.98000140488148,143.79552,0.832433,0.30092168
48.98999972641468,143.79951,0.832433,0.30214247
49.00000186264515,143.7875,0.832433,0.30336323
49.01000018417835,143.74352,0.832433,0.30458403
49.019998505711555,143.73952,0.832433,0.3058048
49.030000641942024,143.7355,0.832433,0.30702558
49.03999896347523,143.67952,0.832433,0.30824634
49.050001099705696,143.69151,0.832433,0.30946714
49.0599994212389,143.67952,0.832433,0.3106879
49.07000155746937,143.66351,0.832433,0.3119087
49.07999987900257,143.63551,0.832433,0.31312945
49.089998200535774,143.61151,0.832433,0.31435025
49.10000033676624,143.59952,0.832433,0.315571
49.109998658299446,143.57152,0.832433,0.3167918
49.120000794529915,143.57152,0.832433,0.31801257
49.12999911606312,143.5675,0.832433,0.31923336
49.14000125229359,143.52351,0.832433,0.32045412
49.14999957382679,143.5115,0.832433,0.32045412
49.16000171005726,143.51552,0.832433,0.32289568
49.17000003159046,143.48752,0.832433,0.32289568
49.179998353123665,143.47551,0.832433,0.32411647
49.190000489354134,143.44351,0.832433,0.32533723
49.19999881088734,143.44751,0.832433,0.32655802
49.210000947117805,143.42351,0.832433,0.3277788
49.21999926865101,143.41951,0.832433,0.32899958
49.23000140488148,143.4035,0.832433,0.33022034
49.23999972641468,143.37152,0.832433,0.33144113
49.25000186264515,143.36351,0.832433,0.3326619
49.26000018417835,143.36351,0.832433,0.3338827
49.269998505711555,143.36351,0.832433,0.33510345
49.280000641942024,143.33151,0.832433,0.33632424
49.28999896347523,143.31952,0.832433,0.337545
49.300001099705696,143.30751,0.832433,0.3387658
49.3099994212389,143.27951,0.832433,0.33998656
49.32000155746937,143.26752,0.832433,0.33998656
49.32999987900257,143.29552,0.832433,0.34242812
49.339998200535774,143.23552,0.832433,0.34242812
49.35000033676624,143.2315,0.832433,0.3436489
49.359998658299446,143.21152,0.832433,0.34486967
49.370000794529915,143.22751,0.83250034,0.34609047
49.37999911606312,143.22751,0.83263505,0.34609047
49.39000125229359,143.22751,0.83270246,0.34609047
49.39999957382679,143.26752,0.8327698,0.34731123
49.41000171005726,143.24751,0.8329046,0.34731123
49.42000003159046,143.27551,0.8330393,0.34853202
49.429998353123665,143.3235,0.8332414,0.34731123
49.440000489354134,143.35152,0.83337617,0.34853202
49.44999881088734,143.39551,0.83364564,0.34731123
49.460000947117805,143.47151,0.8340498,0.34609047
49.46999926865101,143.61151,0.8346562,0.34242812
49.48000140488148,143.77951,0.83553207,0.3387658
49.48999972641468,144.0075,0.8364752,0.3326619
49.50000186264515,144.25551,0.8374184,0.32655802
49.51000018417835,144.51552,0.838429,0.32045412
49.519998505711555,144.74751,0.83937216,0.3167918
49.530000641942024,144.9355,0.83984375,0.31312945
49.53999896347523,144.99152,0.84004587,0.31312945
49.550001099705696,145.0115,0.84018064,0.31312945
49.5599994212389,145.0395,0.84031534,0.31312945
49.57000155746937,145.0755,0.84045005,0.31435025
49.57999987900257,145.05551,0.8405848,0.31435025
49.589998200535774,145.0795,0.8407196,0.31435025
49.60000033676624,145.1275,0.8409217,0.31435025
49.609998658299446,145.13951,0.84112376,0.31435025
49.620000794529915,145.1795,0.84132594,0.31312945
49.62999911606312,145.2395,0.84159535,0.31312945
49.64000125229359,145.30751,0.8419323,0.3119087
49.64999957382679,145.35951,0.8422691,0.3106879
49.66000171005726,145.4275,0.84260595,0.30946714
49.67000003159046,145.4915,0.84280807,0.30946714
49.679998353123665,145.5155,0.84294283,0.30946714
49.690000489354134,145.5195,0.84307754,0.30946714
49.69999881088734,145.5635,0.8431449,0.3106879
49.710000947117805,145.5435,0.84321225,0.3106879
49.71999926865101,145.5515,0.84327966,0.3119087
49.73000140488148,145.58351,0.8434144,0.3119087
49.73999972641468,145.58751,0.8436165,0.3119087
49.75000186264515,145.6075,0.843886,0.3106879
49.76000018417835,145.6595,0.84408814,0.3106879
49.769998505711555,145.7075,0.84415543,0.3106879
49.780000641942024,145.6915,0.84422284,0.3119087
49.78999896347523,145.6875,0.8442902,0.31312945
49.800001099705696,145.69551,0.84442496,0.31312945
49.8099994212389,145.69551,0.84442496,0.31435025
49.82000155746937,145.6755,0.8444923,0.31435025
49.82999987900257,145.6875,0.8444923,0.315571
49.839998200535774,145.6835,0.8444923,0.3167918
49.85000033676624,145.6515,0.8444923,0.31801257
49.859998658299446,145.61151,0.8444923,0.31923336
49.870000794529915,145.5995,0.8445597,0.32045412
49.87999911606312,145.5955,0.8445597,0.3216749
49.89000125229359,145.5795,0.8445597,0.32289568
49.89999957382679,145.5995,0.8445597,0.32411647
49.91000171005726,145.5635,0.8445597,0.32411647
49.92000003159046,145.5275,0.8446271,0.32533723
49.929998353123665,145.5435,0.84469444,0.32655802
49.940000489354134,145.55951,0.84469444,0.32655802
49.94999881088734,145.5355,0.8447618,0.3277788
49.960000947117805,145.5475,0.8448292,0.32899958
49.96999926865101,145.5635,0.84489655,0.32899958
49.98000140488148,145.5435,0.8449639,0.33022034
49.98999972641468,145.5355,0.8450313,0.33022034
50.00000186264515,145.5475,0.8450313,0.33144113
50.01000018417835,145.5435,0.8450987,0.3326619
50.019998505711555,145.5115,0.8450987,0.3338827
50.030000641942024,145.5195,0.8452334,0.3338827
50.03999896347523,145.53151,0.8453008,0.33510345
50.050001099705696,145.53151,0.8453008,0.33632424
50.0599994212389,145.53151,0.8454355,0.33632424
50.07000155746937,145.58351,0.84557027,0.33632424
50.07999987900257,145.6235,0.8457723,0.33632424
50.089998200535774,145.60352,0.8459071,0.33632424
50.10000033676624,145.6235,0.8459071,0.337545
50.109998658299446,145.6315,0.84604186,0.3387658
50.120000794529915,145.6355,0.8461766,0.337545
50.12999911606312,145.6875,0.8463787,0.337545
50.14000125229359,145.7395,0.84658086,0.337545
50.14999957382679,145.7515,0.8467829,0.33632424
50.16000171005726,145.7915,0.8470524,0.33632424
50.17000003159046,145.86751,0.84732187,0.33510345
50.179998353123665,145.9555,0.84772617,0.3338827
50.190000489354134,146.0475,0.8482651,0.33144113
50.19999881088734,146.19951,0.84880406,0.32899958
50.210000947117805,146.3635,0.84947777,0.32533723
50.21999926865101,146.4955,0.8501515,0.3216749
50.23000140488148,146.6995,0.85089254,0.31801257
50.23999972641468,146.8475,0.85143155,0.315571
50.25000186264515,146.9035,0.85156626,0.315571
50.26000018417835,146.8875,0.85156626,0.3167918
50.269998505711555,146.9035,0.8516336,0.3167918
50.280000641942024,146.8955,0.8516336,0.31923336
50.28999896347523,146.86351,0.8516336,0.31923336
50.300001099705696,146.8675,0.8516336,0.32045412
50.3099994212389,146.8475,0.8516336,0.3216749
50.32000155746937,146.7915,0.851701,0.32289568
50.32999987900257,146.7795,0.851701,0.32411647
50.339998200535774,146.81549,0.851701,0.32411647
50.35000033676624,146.7915,0.851701,0.32655802
50.359998658299446,146.75949,0.851701,0.32655802
50.370000794529915,146.7395,0.851701,0.32899958
50.37999911606312,146.7155,0.851701,0.32899958
50.39000125229359,146.7035,0.8517684,0.33022034
50.39999957382679,146.6955,0.8517684,0.33144113
50.41000171005726,146.6915,0.8517684,0.3326619
50.42000003159046,146.6635,0.8517684,0.3338827
50.429998353123665,146.6475,0.8517684,0.33510345
50.440000489354134,146.6395,0.8518357,0.33510345
50.44999881088734,146.6475,0.85190314,0.33632424
50.460000947117805,146.6275,0.85190314,0.337545
50.46999926865101,146.6395,0.8519705,0.3387658
50.48000140488148,146.6635,0.8521052,0.3387658
50.48999972641468,146.6355,0.85217255,0.3387658
50.50000186264515,146.6395,0.85217255,0.33998656
50.51000018417835,146.6595,0.85223997,0.34120736
50.519998505711555,146.6715,0.85237473,0.34120736
50.530000641942024,146.6995,0.8525095,0.34120736
50.53999896347523,146.7395,0.8527789,0.33998656
50.550001099705696,146.8035,0.8532505,0.3387658
50.5599994212389,146.9155,0.8537895,0.33632424
50.57000155746937,147.1115,0.8545306,0.33144113
50.57999987900257,147.3515,0.8554064,0.32655802
50.589998200535774,147.5395,0.8563496,0.3216749
50.60000033676624,147.7995,0.8572254,0.3167918
50.609998658299446,147.9515,0.8578318,0.31435025
50.620000794529915,147.9995,0.8579665,0.31435025
50.62999911606312,148.0035,0.8579665,0.31435025
50.64000125229359,147.9995,0.8579665,0.3167918
50.64999957382679,147.9955,0.8579665,0.3167918
50.66000171005726,147.9515,0.85803384,0.31801257
50.67000003159046,147.95549,0.8581012,0.31923336
50.679998353123665,147.9715,0.8581012,0.32045412
50.690000489354134,147.9395,0.8581012,0.32045412
50.69999881088734,147.9155,0.8581686,0.3216749
50.710000947117805,147.90349,0.8581686,0.32289568
50.71999926865101,147.8875,0.8581686,0.32411647
50.73000140488148,147.8595,0.8581686,0.32533723
50.73999972641468,147.8635,0.8581686,0.32655802
50.75000186264515,147.8595,0.8581686,0.3277788
50.76000018417835,147.8075,0.8581686,0.32899958
50.77012439072132,147.8075,0.85823596,0.32899958
50.780000641942024,147.8435,0.8583707,0.32899958
50.78999896347523,147.8555,0.8585728,0.32899958
50.800001099705696,147.89949,0.8588423,0.32899958
50.8099994212389,147.9755,0.8591118,0.3277788
50.82000155746937,148.03549,0.85951596,0.32655802
50.82999987900257,148.1355,0.8601223,0.32289568
50.839998200535774,148.3395,0.8609982,0.31801257
50.85000033676624,148.6115,0.86214346,0.3119087
50.859998658299446,148.95149,0.8635583,0.30336323
50.870000794529915,149.29948,0.86490566,0.2948178
50.87999911606312,149.53549,0.8657815,0.2899347
50.89000125229359,149.7275,0.8664552,0.28749314
50.89999957382679,149.87949,0.8670615,0.2838308
50.91000171005726,150.0555,0.86766785,0.28016847
50.92000003159046,150.18349,0.86834157,0.27650613
50.929998353123665,150.36748,0.8692174,0.27162302
50.940000489354134,150.56349,0.8701606,0.2667399
50.94999881088734,150.73949,0.8706995,0.26429835
50.960000947117805,150.77148,0.8706995,0.26551914
50.96999926865101,150.75949,0.8706995,0.26551914
50.98000140488148,150.76349,0.87076694,0.2667399
50.98999972641468,150.72748,0.87076694,0.2679607
51.00000186264515,150.65549,0.87076694,0.26918146
51.01000018417835,150.63148,0.87076694,0.27040225
51.019998505711555,150.63948,0.87076694,0.27162302
51.030000641942024,150.61148,0.87076694,0.2728438
51.03999896347523,150.59149,0.87076694,0.27406457
51.050001099705696,150.56349,0.87076694,0.27528536
51.0599994212389,150.54349,0.87076694,0.27650613
51.07000155746937,150.50348,0.87076694,0.27772692
51.07999987900257,150.48349,0.87076694,0.27894768
51.089998200535774,150.45549,0.87076694,0.27894768
51.10000033676624,150.45549,0.87076694,0.28016847
51.109998658299446,150.43948,0.87076694,0.28138924
51.120000794529915,150.39548,0.87076694,0.28261003
51.12999911606312,150.35149,0.87076694,0.2838308
51.14000125229359,150.3635,0.8708343,0.28505158
51.14999957382679,150.37549,0.8708343,0.28627235
51.16000171005726,150.3355,0.8708343,0.28749314
51.17000003159046,150.29549,0.8708343,0.2887139
51.179998353123665,150.29549,0.8708343,0.2887139
51.190000489354134,150.27948,0.8708343,0.29115546
51.19999881088734,150.23949,0.8708343,0.29115546
51.210000947117805,150.22348,0.8708343,0.293597
51.21999926865101,150.22348,0.8708343,0.293597
51.23000140488148,150.1995,0.8708343,0.2948178
51.23999972641468,150.1675,0.8708343,0.29603857
51.25000186264515,150.15549,0.8708343,0.29725936
51.26000018417835,150.1395,0.8708343,0.29848012
51.269998505711555,150.11548,0.8708343,0.29970092
51.280000641942024,150.13548,0.8708343,0.30092168
51.28999896347523,150.0875,0.8708343,0.30214247
51.300001099705696,150.05148,0.8708343,0.30336323
51.3099994212389,150.05148,0.8708343,0.30458403
51.32000155746937,150.07948,0.8708343,0.3058048
51.32999987900257,150.01949,0.8708343,0.30702558
51.339998200535774,149.98349,0.8708343,0.30824634
51.35000033676624,149.98749,0.8708343,0.30946714
51.359998658299446,149.98749,0.87090164,0.30946714
51.370000794529915,149.9675,0.87090164,0.3106879
51.37999911606312,149.95949,0.87090164,0.3119087
51.39000125229359,149.9235,0.87090164,0.31312945
51.39999957382679,149.90349,0.87090164,0.31435025
51.41000171005726,149.89949,0.87090164,0.315571
51.42000003159046,149.89949,0.87096906,0.3167918
51.429998353123665,149.87949,0.87096906,0.3167918
51.440000489354134,149.88348,0.8710364,0.31801257
51.44999881088734,149.87949,0.8710364,0.31923336
51.460000947117805,149.87549,0.8711038,0.32045412
51.46999926865101,149.8595,0.8711711,0.32045412
51.48000140488148,149.89148,0.8712385,0.32045412
51.48999972641468,149.89949,0.87144065,0.3216749
51.50000186264515,149.9235,0.87164277,0.32045412
51.51000018417835,149.97148,0.8719796,0.32045412
51.519998505711555,150.06349,0.87224907,0.31923336
51.530000641942024,150.15149,0.8727207,0.3167918
51.53999896347523,150.2835,0.873327,0.31435025
51.550001099705696,150.4715,0.87420285,0.30946714
51.5599994212389,150.73549,0.87534815,0.30214247
51.57000155746937,151.03148,0.8764934,0.2948178
51.57999987900257,151.25948,0.87709975,0.29237625
51.589998200535774,151.31949,0.87716717,0.293597
51.60000033676624,151.28749,0.87716717,0.293597
51.609998658299446,151.27548,0.8772345,0.2948178
51.620000794529915,151.26749,0.8772345,0.29603857
51.62999911606312,151.24748,0.8772345,0.29725936
51.64000125229359,151.21548,0.8773019,0.29725936
51.64999957382679,151.21548,0.8773019,0.29848012
51.66000171005726,151.20348,0.8773019,0.29970092
51.67000003159046,151.15948,0.8773693,0.30092168
51.679998353123665,151.15549,0.8773693,0.30214247
51.690000489354134,151.13948,0.87743664,0.30214247
51.69999881088734,151.16348,0.87743664,0.30336323
51.710000947117805,151.13948,0.877504,0.30458403
51.71999926865101,151.11949,0.877504,0.3058048
51.73000140488148,151.09949,0.877504,0.30702558
51.73999972641468,151.10748,0.87757134,0.30702558
51.75000186264515,151.09549,0.87757134,0.30824634
51.76000018417835,151.07149,0.87757134,0.30946714
51.769998505711555,151.07149,0.8777061,0.30946714
51.780000641942024,151.10349,0.87777346,0.3106879
51.78999896347523,151.10748,0.87790823,0.3106879
51.800001099705696,151.10349,0.8781103,0.3106879
51.8099994212389,151.14749,0.8783798,0.3106879
51.82000155746937,151.25948,0.87871665,0.30946714
51.82999987900257,151.39548,0.879323,0.3058048
51.839998200535774,151.48347,0.8799967,0.30336323
51.85000033676624,151.65149,0.8807378,0.29848012
51.859998658299446,151.88348,0.8816136,0.293597
51.870000794529915,152.12347,0.88242203,0.2887139
51.87999911606312,152.23947,0.8827589,0.28749314
51.89000125229359,152.25548,0.8827589,0.2887139
51.89999957382679,152.21948,0.8827589,0.2899347
51.91000171005726,152.23549,0.8827589,0.29115546
51.92000003159046,152.21548,0.8827589,0.29237625
51.929998353123665,152.18349,0.8827589,0.293597
51.940000489354134,152.13548,0.8827589,0.2948178
51.94999881088734,152.15948,0.8827589,0.29603857
51.960000947117805,152.14748,0.8827589,0.29725936
51.96999926865101,152.07948,0.8827589,0.29848012
51.98000140488148,152.05948,0.8827589,0.29848012
51.98999972641468,152.09547,0.8827589,0.30092168
52.00000186264515,152.04749,0.8827589,0.30092168
52.01000018417835,152.01149,0.8827589,0.30336323
52.019998505711555,151.99548,0.8827589,0.30336323
52.030000641942024,151.99149,0.8827589,0.30458403
52.03999896347523,151.99149,0.8827589,0.3058048
52.050001099705696,151.95549,0.8827589,0.30702558
52.0599994212389,151.89948,0.8827589,0.30824634
52.07000155746937,151.89948,0.8827589,0.30946714
52.07999987900257,151.93149,0.8827589,0.3106879
52.089998200535774,151.90349,0.8827589,0.3119087
52.10000033676624,151.85548,0.88282627,0.31312945
52.109998658299446,151.82349,0.88282627,0.31312945
52.120000794529915,151.84749,0.88282627,0.31435025
52.12999911606312,151.8395,0.88282627,0.315571
52.14000125229359,151.76347,0.88282627,0.3167918
52.14999957382679,151.76749,0.88282627,0.31801257
52.16000171005726,151.77948,0.88282627,0.31923336
52.17000003159046,151.75548,0.88282627,0.32045412
52.179998353123665,151.71548,0.88282627,0.3216749
52.190000489354134,151.69548,0.88282627,0.32289568
52.19999881088734,151.71948,0.88282627,0.32411647
52.210000947117805,151.68349,0.88282627,0.32533723
52.21999926865101,151.66748,0.88282627,0.32655802
52.23000140488148,151.66348,0.8828936,0.32655802
52.23999972641468,151.64348,0.8828936,0.3277788
52.25000186264515,151.66348,0.88296103,0.32899958
52.26000018417835,151.65948,0.88296103,0.33022034
52.269998505711555,151.60748,0.88296103,0.33144113
52.280000641942024,151.5875,0.8830284,0.33144113
52.28999896347523,151.63948,0.8830958,0.3326619
52.300001099705696,151.62349,0.8830958,0.3338827
52.3099994212389,151.60349,0.88316315,0.3338827
52.32000155746937,151.63148,0.8832979,0.3338827
52.32999987900257,151.69548,0.8834326,0.33510345
52.339998200535774,151.68349,0.8835674,0.33510345
52.35000033676624,151.69148,0.8837695,0.33510345
52.359998658299446,151.75548,0.88410634,0.3338827
52.370000794529915,151.88348,0.88457793,0.33144113
52.37999911606312,152.00348,0.8851843,0.32899958
52.39000125229359,152.18748,0.8859927,0.32411647
52.39999957382679,152.37547,0.88686854,0.31923336
52.41000171005726,152.59148,0.88774437,0.31435025
52.42000003159046,152.84749,0.8886875,0.30946714
52.429998353123665,153.02348,0.88929385,0.3058048
52.440000489354134,153.08348,0.889496,0.3058048
52.44999881088734,153.10748,0.889496,0.30702558
52.460000947117805,153.13548,0.889496,0.30824634
52.46999926865101,153.07948,0.889496,0.30946714
52.48000140488148,153.03148,0.8895634,0.30946714
52.48999972641468,153.00748,0.8895634,0.3106879
52.50000186264515,153.02348,0.88963073,0.3119087
52.51000018417835,153.02348,0.88963073,0.31312945
52.519998505711555,153.02348,0.8896981,0.31312945
52.530000641942024,153.02348,0.88976544,0.31435025
52.53999896347523,153.02348,0.88983285,0.31435025
52.550001099705696,153.02748,0.88983285,0.315571
52.5599994212389,152.97148,0.8899002,0.3167918
52.57000155746937,152.92749,0.88996756,0.3167918
52.57999987900257,152.97548,0.890035,0.31801257
52.589998200535774,153.07149,0.89016974,0.31801257
52.60000033676624,153.06747,0.89023703,0.31923336
52.609998658299446,153.00748,0.89043915,0.31923336
52.620000794529915,153.02348,0.89064133,0.31801257
52.62999911606312,153.11948,0.89097816,0.31801257
52.64000125229359,153.23148,0.89138234,0.315571
52.64999957382679,153.33948,0.89192134,0.31312945
52.66000171005726,153.46347,0.89239293,0.3106879
52.67000003159046,153.56348,0.8929319,0.30946714
52.679998353123665,153.67548,0.8934708,0.3058048
52.690000489354134,153.77948,0.8939424,0.30336323
52.69999881088734,153.93147,0.8945488,0.30092168
52.710000947117805,154.05948,0.8950877,0.29848012
52.71999926865101,154.21547,0.89542466,0.29725936
52.73000140488148,154.19147,0.8955593,0.29725936
52.73999972641468,154.14348,0.8956267,0.29725936
52.75000186264515,154.17548,0.8956941,0.29848012
52.76000018417835,154.26347,0.8957615,0.29848012
52.769998505711555,154.21547,0.8957615,0.30092168
52.780000641942024,154.13948,0.89582884,0.30092168
52.78999896347523,154.13948,0.89582884,0.30214247
52.800001099705696,154.17947,0.89589626,0.30336323
52.8099994212389,154.17148,0.89603096,0.30336323
52.82000155746937,154.14748,0.8960983,0.30336323
52.82999987900257,154.17548,0.89616567,0.30458403
52.839998200535774,154.16347,0.8962331,0.30458403
52.85000033676624,154.15147,0.89630044,0.3058048
52.859998658299446,154.16347,0.8964352,0.30702558
52.870000794529915,154.17548,0.89656997,0.3058048
52.87999911606312,154.23547,0.896772,0.3058048
52.89000125229359,154.28348,0.8971089,0.30458403
52.89999957382679,154.36346,0.89751315,0.30336323
52.91000171005726,154.43147,0.89811945,0.30092168
52.92000003159046,154.61546,0.89872575,0.29725936
52.929998353123665,154.81947,0.8993321,0.293597
52.940000489354134,154.91946,0.89993846,0.29115546
52.94999881088734,155.01947,0.9004774,0.2887139
52.960000947117805,155.12347,0.9008143,0.28749314
52.96999926865101,155.18747,0.90101635,0.28749314
52.98000140488148,155.17548,0.90108377,0.28749314
52.98999972641468,155.19946,0.90121853,0.28749314
53.00000186264515,155.24747,0.9012859,0.2887139
53.01000018417835,155.21947,0.9012859,0.2899347
53.019998505711555,155.16748,0.9012859,0.29115546
53.030000641942024,155.13147,0.9013533,0.29115546
53.03999896347523,155.11548,0.9013533,0.29237625
53.050001099705696,155.18347,0.9013533,0.293597
53.0599994212389,155.19147,0.9014206,0.2948178
53.07000155746937,155.13147,0.9014206,0.29603857
53.07999987900257,155.04347,0.9014206,0.29725936
53.089998200535774,155.03548,0.9014206,0.29848012
53.10000033676624,155.05547,0.9014206,0.29848012
53.109998658299446,155.02348,0.9014206,0.30092168
53.120000794529915,155.01147,0.9014206,0.30092168
53.12999911606312,155.00748,0.9014206,0.30336323
53.14000125229359,154.98747,0.9014206,0.30336323
53.14999957382679,154.92747,0.9014206,0.30458403
53.16000171005726,154.93147,0.9014206,0.3058048
53.17000003159046,154.93947,0.9014206,0.30702558
53.179998353123665,154.93947,0.9014206,0.30824634
53.190000489354134,154.89548,0.9014206,0.30946714
53.19999881088734,154.84747,0.90148795,0.3106879
53.210000947117805,154.81947,0.90148795,0.3106879
53.21999926865101,154.86748,0.90155536,0.3119087
53.23000140488148,154.88748,0.90155536,0.31312945
53.23999972641468,154.81148,0.90155536,0.31435025
53.25000186264515,154.77948,0.90155536,0.315571
53.26000018417835,154.78348,0.90155536,0.3167918
53.269998505711555,154.80748,0.90155536,0.31801257
53.280000641942024,154.74347,0.90155536,0.31923336
53.28999896347523,154.72346,0.90155536,0.32045412
53.300001099705696,154.73947,0.90155536,0.3216749
53.3099994212389,154.72748,0.90155536,0.32289568
53.32000155746937,154.67947,0.90155536,0.32411647
53.32999987900257,154.66747,0.90155536,0.32411647
53.339998200535774,154.68347,0.90155536,0.32655802
53.35000033676624,154.67548,0.90155536,0.32655802
53.359998658299446,154.63548,0.90155536,0.32899958
53.370000794529915,154.59947,0.90155536,0.32899958
53.37999911606312,154.57947,0.90155536,0.33022034
53.39000125229359,154.59947,0.90155536,0.33144113
53.39999957382679,154.61546,0.90155536,0.3326619
53.41000171005726,154.57547,0.9016227,0.3338827
53.42000003159046,154.54747,0.9016901,0.3338827
53.429998353123665,154.55548,0.9017575,0.33510345
53.440000489354134,154.61148,0.9018922,0.33510345
53.44999881088734,154.61546,0.9021617,0.3338827
53.460000947117805,154.67947,0.90243113,0.3338827
53.46999926865101,154.77148,0.902768,0.3326619
53.48000140488148,154.84747,0.9032396,0.33022034
53.48999972641468,154.98747,0.90398073,0.32655802
53.50000186264515,155.19946,0.90499127,0.32045412
53.51000018417835,155.53548,0.9062039,0.31435025
53.519998505711555,155.81947,0.9073492,0.30702558
53.530000641942024,156.07947,0.9082251,0.30214247
53.53999896347523,156.20348,0.90876406,0.29848012
53.550001099705696,156.28348,0.9091009,0.29848012
53.5599994212389,156.42346,0.9095051,0.29725936
53.57000155746937,156.53146,0.90997666,0.2948178
53.57999987900257,156.59146,0.910583,0.29115546
53.589998200535774,156.71547,0.91132414,0.28749314
53.60000033676624,156.93547,0.9119978,0.2838308
53.609998658299446,157.05547,0.9124021,0.28138924
53.620000794529915,157.09547,0.9126715,0.28138924
53.62999911606312,157.11546,0.9126715,0.28261003
53.64000125229359,157.10747,0.9126715,0.2838308
53.64999957382679,157.08746,0.9126715,0.28505158
53.66000171005726,157.05547,0.9127389,0.28505158
53.67000003159046,157.05145,0.9127389,0.28627235
53.679998353123665,157.03546,0.9128063,0.28749314
53.690000489354134,157.05145,0.9128737,0.28749314
53.69999881088734,157.02747,0.91294104,0.2887139
53.710000947117805,156.98347,0.91294104,0.2899347
53.71999926865101,156.96347,0.91294104,0.29115546
53.73000140488148,157.00746,0.91294104,0.29237625
53.73999972641468,156.96347,0.91294104,0.293597
53.75000186264515,156.89946,0.9130084,0.293597
53.76000018417835,156.87146,0.9130084,0.2948178
53.769998505711555,156.92346,0.91307575,0.29603857
53.780000641942024,156.93947,0.91307575,0.29725936
53.78999896347523,156.89946,0.9131431,0.29725936
53.800001099705696,156.87146,0.9132105,0.29848012
53.8099994212389,156.88747,0.9132105,0.29970092
53.82000155746937,156.86748,0.91327786,0.29970092
53.82999987900257,156.85947,0.9133452,0.30092168
53.839998200535774,156.85147,0.91341263,0.30092168
53.85000033676624,156.86748,0.91348,0.30214247
53.859998658299446,156.88347,0.91348,0.30336323
53.870000794529915,156.85547,0.91348,0.30458403
53.87999911606312,156.79547,0.91348,0.3058048
53.89000125229359,156.77547,0.91354734,0.30702558
53.89999957382679,156.82747,0.9136147,0.30702558
53.91000171005726,156.83946,0.9136821,0.30824634
53.92000003159046,156.78748,0.91374946,0.30824634
53.929998353123665,156.81146,0.9138168,0.30946714
53.940000489354134,156.83147,0.9138842,0.30946714
53.94999881088734,156.80746,0.9139516,0.3106879
53.960000947117805,156.77946,0.914019,0.3106879
53.96999926865101,156.83946,0.9141537,0.3106879
53.98000140488148,156.87547,0.91422105,0.3119087
53.98999972641468,156.83546,0.91422105,0.31312945
54.00000186264515,156.79547,0.91422105,0.31435025
54.01000018417835,156.77147,0.9142884,0.31435025
54.019998505711555,156.77547,0.9142884,0.3167918
54.030000641942024,156.79146,0.9142884,0.3167918
54.03999896347523,156.76747,0.9142884,0.31923336
54.050001099705696,156.71947,0.9142884,0.31923336
54.0599994212389,156.72346,0.9143558,0.32045412
54.07000155746937,156.74747,0.9143558,0.3216749
54.07999987900257,156.74347,0.9143558,0.32289568
54.089998200535774,156.67947,0.9143558,0.32411647
54.10000033676624,156.69946,0.91442317,0.32411647
54.109998658299446,156.71547,0.9144906,0.32533723
54.120000794529915,156.67947,0.91455793,0.32655802
54.12999911606312,156.67947,0.9146252,0.32655802
54.14000125229359,156.70346,0.91476,0.32655802
54.14999957382679,156.74347,0.91489476,0.32655802
54.16000171005726,156.76346,0.9150969,0.32655802
54.17000003159046,156.79146,0.91543376,0.32533723
54.179998353123665,156.86748,0.91583794,0.32411647
54.190000489354134,157.00346,0.9163769,0.3216749
54.19999881088734,157.20746,0.91698325,0.31801257
54.210000947117805,157.35147,0.9177244,0.31435025
54.21999926865101,157.45946,0.91833067,0.3106879
54.23000140488148,157.57945,0.9187349,0.30946714
54.23999972641468,157.69145,0.91893697,0.30946714
54.25000186264515,157.69547,0.91907173,0.30946714
54.26000018417835,157.67947,0.91913915,0.3106879
54.269998505711555,157.68347,0.91913915,0.3119087
54.280000641942024,157.68347,0.9192065,0.3119087
54.28999896347523,157.63545,0.9192065,0.31312945
54.300001099705696,157.62347,0.9192065,0.31435025
54.3099994212389,157.62347,0.9192065,0.315571
54.32000155746937,157.62347,0.9192065,0.3167918
54.32999987900257,157.60347,0.9192739,0.31801257
54.339998200535774,157.57147,0.9192739,0.31923336
54.35000033676624,157.54747,0.9192739,0.31923336
54.359998658299446,157.55946,0.91934127,0.32045412
54.370000794529915,157.59146,0.91940856,0.32045412
54.37999911606312,157.58746,0.9195433,0.3216749
54.39000125229359,157.55147,0.9196781,0.3216749
54.39999957382679,157.57945,0.91981286,0.3216749
54.41000171005726,157.62347,0.9198802,0.32289568
54.42000003159046,157.61147,0.9198802,0.32411647
54.429998353123665,157.59146,0.9198802,0.32411647
54.440000489354134,157.59146,0.91994756,0.32533723
54.44999881088734,157.60745,0.91994756,0.32655802
54.460000947117805,157.57945,0.91994756,0.3277788
54.46999926865101,157.55545,0.9200149,0.32899958
54.48000140488148,157.53546,0.9200149,0.33022034
54.48999972641468,157.55946,0.92008233,0.33022034
54.50000186264515,157.57147,0.92021704,0.33022034
54.51000018417835,157.56746,0.9203518,0.33022034
54.519998505711555,157.57547,0.9206213,0.33022034
54.530000641942024,157.64746,0.9208234,0.33022034
54.53999896347523,157.72746,0.92102545,0.32899958
54.550001099705696,157.75146,0.92122763,0.32899958
54.5599994212389,157.73146,0.9213624,0.32899958
54.57000155746937,157.77145,0.92156446,0.32899958
54.57999987900257,157.85947,0.9217666,0.32899958
54.589998200535774,157.86748,0.92203605,0.32899958
54.60000033676624,157.90746,0.92237294,0.32655802
54.609998658299446,158.05147,0.9229119,0.32533723
54.620000794529915,158.19545,0.9235856,0.32045412
54.62999911606312,158.38345,0.9244614,0.3167918
54.64000125229359,158.58347,0.92520255,0.3119087
54.64999957382679,158.74347,0.9258088,0.30946714
54.66000171005726,158.81946,0.9260783,0.30946714
54.67000003159046,158.86346,0.9260783,0.30946714
54.679998353123665,158.82347,0.9260783,0.3106879
54.690000489354134,158.77945,0.9260783,0.3119087
54.69999881088734,158.79547,0.9260783,0.31312945
54.710000947117805,158.80745,0.9261457,0.31435025
54.71999926865101,158.77147,0.9261457,0.31435025
54.73000140488148,158.72345,0.9261457,0.315571
54.73999972641468,158.69945,0.9261457,0.3167918
54.75000186264515,158.71146,0.9261457,0.31801257
54.76000018417835,158.68747,0.9262131,0.31923336
54.769998505711555,158.66745,0.9262804,0.31923336
54.780000641942024,158.69147,0.9262804,0.32045412
54.78999896347523,158.68747,0.92641515,0.32045412
54.800001099705696,158.69545,0.9265499,0.3216749
54.8099994212389,158.68346,0.92661726,0.3216749
54.82000155746937,158.69147,0.92661726,0.32289568
54.82999987900257,158.69147,0.9266847,0.32411647
54.839998200535774,158.70746,0.9266847,0.32533723
54.85000033676624,158.66347,0.9266847,0.32655802
54.859998658299446,158.63547,0.92675203,0.32655802
54.870000794529915,158.67145,0.92688674,0.32655802
54.87999911606312,158.69545,0.9269541,0.3277788
54.89000125229359,158.67946,0.9270215,0.32899958
54.89999957382679,158.66745,0.92715627,0.32899958
54.91000171005726,158.73146,0.9274257,0.3277788
54.92000003159046,158.81546,0.9277626,0.32655802
54.929998353123665,158.85545,0.9281668,0.32533723
54.940000489354134,158.94345,0.92870575,0.32289568
54.94999881088734,159.17946,0.92951417,0.31923336
54.960000947117805,159.38345,0.93052477,0.31312945
54.96999926865101,159.68745,0.93180484,0.30458403
54.98000140488148,159.95946,0.93315226,0.29725936
54.98999972641468,160.24745,0.9341628,0.29115546
55.00000186264515,160.49146,0.9348365,0.28749314
55.01000018417835,160.66345,0.9355776,0.2838308
55.019998505711555,160.76344,0.9361839,0.28016847
55.030000641942024,160.90344,0.93685764,0.27772692
55.03999896347523,161.08745,0.93746394,0.27406457
55.050001099705696,161.26346,0.93820506,0.27040225
55.0599994212389,161.37146,0.9388114,0.2667399
55.07000155746937,161.41145,0.9390135,0.2667399
55.07999987900257,161.45544,0.9390135,0.2679607
55.089998200535774,161.46745,0.93908083,0.2679607
55.10000033676624,161.43144,0.93908083,0.26918146
55.109998658299446,161.37944,0.93908083,0.27040225
55.120000794529915,161.36345,0.93908083,0.27162302
55.12999911606312,161.32745,0.93908083,0.2728438
55.14000125229359,161.31546,0.93908083,0.27406457
55.14999957382679,161.29146,0.93908083,0.27528536
55.16000171005726,161.25946,0.93914825,0.27528536
55.17000003159046,161.26346,0.93914825,0.27650613
55.179998353123665,161.23146,0.93914825,0.27772692
55.190000489354134,161.16745,0.93914825,0.27894768
55.19999881088734,161.15146,0.93914825,0.28016847
55.210000947117805,161.17946,0.93914825,0.28138924
55.21999926865101,161.18744,0.93914825,0.28261003
55.23000140488148,161.11945,0.93914825,0.2838308
55.23999972641468,161.03545,0.93914825,0.28505158
55.25000186264515,161.05545,0.93914825,0.28627235
55.26000018417835,161.05945,0.93914825,0.28749314
55.269998505711555,161.03545,0.93914825,0.2887139
55.280000641942024,161.01546,0.93914825,0.2899347
55.28999896347523,160.97545,0.93914825,0.29115546
55.300001099705696,160.95544,0.93914825,0.29115546
55.3099994212389,160.95544,0.93914825,0.293597
55.32000155746937,160.91545,0.93914825,0.293597
55.32999987900257,160.89545,0.93914825,0.2948178
55.339998200535774,160.89545,0.93914825,0.29603857
55.35000033676624,160.89944,0.93914825,0.29725936
55.359998658299446,160.85146,0.9392156,0.29848012
55.370000794529915,160.82745,0.9392156,0.29970092
55.37999911606312,160.83946,0.9392156,0.30092168
55.39000125229359,160.85545,0.9392156,0.30214247
55.39999957382679,160.80745,0.9392156,0.30336323
55.41000171005726,160.78746,0.9392156,0.30458403
55.42000003159046,160.76744,0.93928295,0.30458403
55.429998353123665,160.75546,0.93928295,0.3058048
55.440000489354134,160.73546,0.93928295,0.30702558
55.44999881088734,160.73546,0.93928295,0.30824634
55.460000947117805,160.70346,0.93928295,0.30946714
55.46999926865101,160.69946,0.93928295,0.3106879
55.48000140488148,160.69545,0.93928295,0.3119087
55.48999972641468,160.64345,0.93928295,0.31312945
55.50000186264515,160.61145,0.93928295,0.31435025
55.51000018417835,160.64345,0.93928295,0.31435025
55.519998505711555,160.64345,0.93935037,0.315571
55.530000641942024,160.58745,0.93935037,0.3167918
55.53999896347523,160.55144,0.9394177,0.31801257
55.550001099705696,160.61946,0.9394177,0.31923336
55.5599994212389,160.62746,0.9395524,0.31923336
55.57000155746937,160.60344,0.93961984,0.31923336
55.57999987900257,160.58345,0.93982196,0.31923336
55.589998200535774,160.65146,0.9398893,0.32045412
55.60000033676624,160.67145,0.9400241,0.32045412
55.609998658299446,160.69145,0.9401588,0.32045412
55.620000794529915,160.69946,0.9403609,0.32045412
55.62999911606312,160.75946,0.9406977,0.31923336
55.64000125229359,160.84344,0.941102,0.31801257
55.64999957382679,160.97545,0.9417083,0.31435025
55.66000171005726,161.09145,0.94238204,0.3106879
55.67000003159046,161.29544,0.9431905,0.30702558
55.679998353123665,161.53146,0.9441337,0.30092168
55.690000489354134,161.78345,0.9450769,0.29603857
55.69999881088734,161.89946,0.9456158,0.293597
55.710000947117805,161.96745,0.9457506,0.293597
55.71999926865101,162.02345,0.9457506,0.2948178
55.73000140488148,161.99144,0.9457506,0.29603857
55.73999972641468,161.92746,0.9457506,0.29725936
55.75000186264515,161.91945,0.9457506,0.29848012
55.76000018417835,161.91545,0.94581795,0.29848012
55.769998505711555,161.89545,0.94581795,0.29970092
55.780000641942024,161.87546,0.94581795,0.30092168
55.78999896347523,161.83945,0.94581795,0.30214247
55.800001099705696,161.83945,0.94581795,0.30336323
55.8099994212389,161.81946,0.94581795,0.30458403
55.82000155746937,161.79944,0.94581795,0.3058048
55.82999987900257,161.75945,0.94581795,0.30702558
55.839998200535774,161.73145,0.94581795,0.30824634
55.85000033676624,161.76746,0.94581795,0.30946714
55.859998658299446,161.73546,0.94581795,0.3106879
55.870000794529915,161.67545,0.94581795,0.3106879
55.87999911606312,161.66345,0.9458853,0.3119087
55.89000125229359,161.69945,0.9458853,0.31312945
55.89999957382679,161.68346,0.9458853,0.31435025
55.91000171005726,161.62746,0.9458853,0.315571
55.92000003159046,161.61945,0.94595265,0.3167918
55.929998353123665,161.61945,0.94595265,0.3167918
55.940000489354134,161.61545,0.94602007,0.31801257
55.94999881088734,161.60745,0.94602007,0.31923336
55.960000947117805,161.60345,0.9460874,0.32045412
55.96999926865101,161.60745,0.9461548,0.32045412
55.98000140488148,161.61545,0.9462222,0.3216749
55.98999972641468,161.59946,0.94628954,0.3216749
56.00000186264515,161.59145,0.94642425,0.32289568
56.01000018417835,161.61545,0.946559,0.32289568
56.019998505711555,161.69545,0.9466938,0.32289568
56.030000641942024,161.70345,0.9468959,0.32289568
56.03999896347523,161.73145,0.94730014,0.32045412
56.050001099705696,161.85945,0.9478391,0.31801257
56.0599994212389,162.00746,0.9485128,0.31435025
56.07000155746937,162.17145,0.94925386,0.3106879
56.07999987900257,162.36345,0.95006233,0.3058048
56.089998200535774,162.55945,0.95087075,0.30214247
56.10000033676624,162.73145,0.9514097,0.29970092
56.109998658299446,162.78343,0.95154446,0.29970092
56.120000794529915,162.78343,0.95154446,0.30092168
56.12999911606312,162.75945,0.95154446,0.30214247
56.14000125229359,162.72743,0.9516118,0.30214247
56.14999957382679,162.73544,0.9516118,0.30336323
56.16000171005726,162.73944,0.9516118,0.30458403
56.17000003159046,162.69545,0.9516118,0.3058048
56.179998353123665,162.66345,0.9516792,0.30702558
56.190000489354134,162.67944,0.9516792,0.30824634
56.19999881088734,162.65544,0.9516792,0.30946714
56.210000947117805,162.61946,0.9516792,0.3106879
56.21999926865101,162.61145,0.9516792,0.3106879
56.23000140488148,162.61145,0.9516792,0.31312945
56.23999972641468,162.57144,0.9516792,0.31312945
56.25000186264515,162.55145,0.9517465,0.31435025
56.26000018417835,162.54344,0.95181394,0.31435025
56.269998505711555,162.54344,0.95181394,0.315571
56.280000641942024,162.55145,0.9518813,0.3167918
56.28999896347523,162.55545,0.9518813,0.31801257
56.300001099705696,162.53145,0.9519487,0.31923336
56.3099994212389,162.51544,0.9519487,0.31923336
56.32000155746937,162.51944,0.95201606,0.32045412
56.32999987900257,162.51944,0.9520834,0.32045412
56.339998200535774,162.50745,0.9520834,0.32289568
56.35000033676624,162.48346,0.9521508,0.32289568
56.359998658299446,162.50745,0.9521508,0.32411647
56.370000794529915,162.47945,0.9522182,0.32411647
56.37999911606312,162.46744,0.9522855,0.32533723
56.39000125229359,162.45946,0.9523529,0.32655802
56.39999957382679,162.50345,0.95248765,0.32655802
56.41000171005726,162.51944,0.95268977,0.32655802
56.42000003159046,162.54344,0.9528245,0.32655802
56.429998353123665,162.53946,0.95295924,0.32655802
56.440000489354134,162.57945,0.95316136,0.32655802
56.44999881088734,162.64743,0.9534982,0.32533723
56.460000947117805,162.77145,0.9540372,0.32289568
56.46999926865101,162.87946,0.9546435,0.31923336
56.48000140488148,163.04744,0.9553846,0.315571
56.48999972641468,163.23544,0.9561257,0.3119087
56.50000186264515,163.38745,0.9566646,0.30946714
56.51000018417835,163.48744,0.95720357,0.30702558
56.519998505711555,163.60344,0.9576078,0.30458403
56.530000641942024,163.68344,0.95787734,0.30458403
56.53999896347523,163.68344,0.95787734,0.30458403
56.550001099705696,163.66745,0.9579447,0.3058048
56.5599994212389,163.66344,0.9579447,0.30702558
56.57000155746937,163.64745,0.9579447,0.30824634
56.57999987900257,163.61143,0.95801204,0.30946714
56.589998200535774,163.59946,0.95801204,0.3106879
56.60000033676624,163.58745,0.95801204,0.3106879
56.609998658299446,163.57146,0.9580794,0.3119087
56.620000794529915,163.57146,0.95814675,0.31312945
56.62999911606312,163.56345,0.95814675,0.31435025
56.64000125229359,163.53545,0.95821416,0.31435025
56.64999957382679,163.53545,0.95821416,0.315571
56.66000171005726,163.55945,0.9582815,0.3167918
56.67000003159046,163.54745,0.9582815,0.3167918
56.679998353123665,163.48744,0.95834893,0.31801257
56.690000489354134,163.49544,0.9584163,0.31923336
56.69999881088734,163.51544,0.95848364,0.31923336
56.710000947117805,163.50343,0.95855105,0.32045412
56.71999926865101,163.50745,0.95861834,0.32045412
56.73000140488148,163.54745,0.95882046,0.32045412
56.73999972641468,163.55544,0.9589552,0.32045412
56.75000186264515,163.57944,0.95915735,0.32045412
56.76000018417835,163.61545,0.9594268,0.32045412
56.769998505711555,163.70345,0.9596963,0.31923336
56.780000641942024,163.77144,0.96016794,0.3167918
56.78999896347523,163.89943,0.96077424,0.31435025
56.800001099705696,164.00743,0.9613132,0.3119087
56.8099994212389,164.09544,0.9616501,0.3106879
56.82000155746937,164.19144,0.9619869,0.30946714
56.82999987900257,164.27544,0.96225643,0.30824634
56.839998200535774,164.30745,0.9625259,0.30702558
56.85000033676624,164.35544,0.9627954,0.30702558
56.859998658299446,164.41945,0.9631322,0.3058048
56.870000794529915,164.51944,0.96353644,0.30458403
56.87999911606312,164.56744,0.9639406,0.30214247
56.89000125229359,164.63545,0.96427757,0.30092168
56.89999957382679,164.71144,0.9644123,0.30092168
56.91000171005726,164.71545,0.964547,0.30214247
56.92000003159046,164.72743,0.96468174,0.30214247
56.929998353123665,164.74744,0.96474916,0.30336323
56.940000489354134,164.69943,0.96474916,0.30336323
56.94999881088734,164.69144,0.9648165,0.30458403
56.960000947117805,164.69144,0.96488386,0.30458403
56.96999926865101,164.70345,0.9649513,0.3058048
56.98000140488148,164.70744,0.965086,0.3058048
56.98999972641468,164.73145,0.96515334,0.30702558
57.00000186264515,164.71944,0.9652881,0.30702558
57.01000018417835,164.71944,0.96535546,0.30824634
57.019998505711555,164.71545,0.9654902,0.30824634
57.030000641942024,164.77544,0.9656249,0.30824634
57.03999896347523,164.78345,0.96582705,0.30824634
57.050001099705696,164.81944,0.9661639,0.30702558
57.0599994212389,164.91945,0.9667029,0.30458403
57.07000155746937,165.06343,0.9673766,0.30092168
57.07999987900257,165.22743,0.9680503,0.29725936
57.089998200535774,165.37544,0.96865666,0.293597
57.10000033676624,165.51543,0.96926296,0.29115546
57.109998658299446,165.63144,0.9698019,0.2887139
57.120000794529915,165.73944,0.9702062,0.28749314
57.12999911606312,165.83142,0.970543,0.28627235
57.14000125229359,165.84744,0.970543,0.28749314
57.14999957382679,165.81543,0.970543,0.28749314
57.16000171005726,165.81143,0.970543,0.2887139
57.17000003159046,165.79944,0.9706104,0.2899347
57.179998353123665,165.77144,0.9706778,0.29115546
57.190000489354134,165.74744,0.9706778,0.29115546
57.19999881088734,165.73944,0.9706778,0.293597
57.210000947117805,165.69943,0.9706778,0.293597
57.21999926865101,165.67143,0.9706778,0.2948178
57.23000140488148,165.66745,0.9706778,0.29603857
57.23999972641468,165.65544,0.9706778,0.29725936
57.25000186264515,165.62343,0.9706778,0.29848012
57.26000018417835,165.59943,0.9706778,0.29970092
57.269998505711555,165.57544,0.9706778,0.30092168
57.280000641942024,165.54343,0.9706778,0.30214247
57.28999896347523,165.55544,0.9706778,0.30336323
57.300001099705696,165.54343,0.9706778,0.30458403
57.3099994212389,165.50745,0.9706778,0.3058048
57.32000155746937,165.46342,0.9706778,0.30702558
57.32999987900257,165.46744,0.9706778,0.30824634
57.339998200535774,165.46342,0.9706778,0.30946714
57.35000033676624,165.41544,0.9706778,0.3106879
57.359998658299446,165.40742,0.9706778,0.3106879
57.370000794529915,165.39944,0.9706778,0.31312945
57.37999911606312,165.37544,0.9706778,0.31312945
57.39000125229359,165.35542,0.9706778,0.31435025
57.39999957382679,165.35144,0.9706778,0.315571
57.41000171005726,165.33144,0.9706778,0.3167918
57.42000003159046,165.29144,0.9706778,0.31801257
57.429998353123665,165.28745,0.9706778,0.31923336
57.440000489354134,165.27144,0.9706778,0.32045412
57.44999881088734,165.24344,0.9706778,0.3216749
57.460000947117805,165.23944,0.9706778,0.32289568
57.46999926865101,165.21544,0.9706778,0.32411647
57.48000140488148,165.18744,0.9706778,0.32533723
57.48999972641468,165.15144,0.9706778,0.32655802
57.50000186264515,165.17543,0.9706778,0.3277788
57.51000018417835,165.16743,0.9706778,0.32899958
57.519998505711555,165.12343,0.9706778,0.33022034
57.530000641942024,165.10344,0.9706778,0.33022034
57.53999896347523,165.09944,0.9706778,0.3326619
57.550001099705696,165.08745,0.9706778,0.3326619
57.5599994212389,165.07544,0.9706778,0.3338827
57.57000155746937,165.06343,0.9706778,0.33510345
57.57999987900257,165.02744,0.97074515,0.33632424
57.589998200535774,165.01143,0.97074515,0.337545
57.60000033676624,165.01543,0.97074515,0.3387658
57.609998658299446,165.02344,0.97081244,0.3387658
57.620000794529915,165.01543,0.9709472,0.3387658
57.62999911606312,165.03943,0.971082,0.33998656
57.64000125229359,165.06743,0.97121674,0.33998656
57.64999957382679,165.06343,0.97135144,0.33998656
57.66000171005726,165.11145,0.9716209,0.3387658
57.67000003159046,165.19943,0.9718904,0.3387658
57.679998353123665,165.26744,0.9722947,0.33632424
57.690000489354134,165.35944,0.972901,0.3338827
57.69999881088734,165.55945,0.97364205,0.33022034
57.710000947117805,165.74744,0.9743832,0.32655802
57.71999926865101,165.90344,0.9751916,0.3216749
57.73000140488148,166.10342,0.9760674,0.3167918
57.73999972641468,166.30745,0.97680855,0.31312945
57.75000186264515,166.45543,0.97728014,0.3106879
57.76000018417835,166.49942,0.97741485,0.3106879
57.769998505711555,166.49942,0.97741485,0.3119087
57.780000641942024,166.46742,0.97748226,0.31312945
57.78999896347523,166.46742,0.9775497,0.31312945
57.800001099705696,166.49144,0.9775497,0.31435025
57.8099994212389,166.46344,0.9775497,0.315571
57.82000155746937,166.41943,0.97761697,0.3167918
57.82999987900257,166.40744,0.9776843,0.3167918
57.839998200535774,166.41542,0.9776843,0.31801257
57.85000033676624,166.40744,0.97775173,0.31923336
57.859998658299446,166.39543,0.97775173,0.32045412
57.870000794529915,166.41144,0.97781914,0.32045412
57.87999911606312,166.37543,0.97788644,0.3216749
57.89000125229359,166.35144,0.97802126,0.3216749
57.89999957382679,166.39943,0.978156,0.3216749
57.91000171005726,166.46742,0.97835803,0.3216749
57.92000003159046,166.49542,0.97862756,0.32045412
57.929998353123665,166.54742,0.97896445,0.31923336
57.940000489354134,166.59944,0.9793012,0.31923336
57.94999881088734,166.67143,0.97970545,0.3167918
57.960000947117805,166.77544,0.98017704,0.315571
57.96999926865101,166.91544,0.98064864,0.31312945
57.98000140488148,167.02742,0.9811202,0.3106879
57.98999972641468,167.08342,0.9814571,0.30946714
58.00000186264515,167.14343,0.98172665,0.30824634
58.01000018417835,167.18344,0.9819961,0.30824634
58.019998505711555,167.20744,0.98219824,0.30702558
58.030000641942024,167.24742,0.98240036,0.30702558
58.03999896347523,167.31544,0.982535,0.30702558
58.050001099705696,167.31943,0.9827371,0.30702558
58.0599994212389,167.32742,0.98293936,0.30702558
58.07000155746937,167.33943,0.9830066,0.30824634
58.07999987900257,167.36343,0.983074,0.30824634
58.089998200535774,167.32742,0.9831414,0.30946714
58.10000033676624,167.33144,0.9832087,0.3106879
58.109998658299446,167.33543,0.9832087,0.3106879
58.120000794529915,167.30743,0.9832761,0.3119087
58.12999911606312,167.28745,0.98334354,0.31312945
58.14000125229359,167.30743,0.98341095,0.31312945
58.14999957382679,167.31544,0.98347825,0.31435025
58.16000171005726,167.30743,0.9835456,0.31435025
58.17000003159046,167.30344,0.983613,0.31435025
58.179998353123665,167.31544,0.983613,0.3167918
58.190000489354134,167.27544,0.983613,0.3167918
58.19999881088734,167.25943,0.9836803,0.31801257
58.210000947117805,167.25943,0.9836803,0.31923336
58.21999926865101,167.23143,0.9836803,0.32045412
58.23000140488148,167.19943,0.9836803,0.3216749
58.23999972641468,167.19543,0.9836803,0.32289568
58.25000186264515,167.20343,0.9836803,0.32411647
58.26000018417835,167.15942,0.9836803,0.32533723
58.269998505711555,167.14343,0.9836803,0.32655802
58.280000641942024,167.13542,0.9837477,0.32655802
58.28999896347523,167.09944,0.9837477,0.3277788
58.300001099705696,167.08743,0.9837477,0.32899958
58.3099994212389,167.10344,0.98381513,0.33022034
58.32000155746937,167.10344,0.98381513,0.33144113
58.32999987900257,167.07544,0.98381513,0.3326619
58.339998200535774,167.06343,0.98388255,0.3326619
58.35000033676624,167.03543,0.98394984,0.3338827
58.359998658299446,167.04744,0.98401725,0.3338827
58.370000794529915,167.09143,0.9841519,0.3338827
58.37999911606312,167.12343,0.984354,0.3338827
58.39000125229359,167.13943,0.9845562,0.3338827
58.39999957382679,167.14343,0.9846909,0.3338827
58.41000171005726,167.21542,0.984893,0.3338827
58.42000003159046,167.23143,0.9851625,0.3326619
58.429998353123665,167.29942,0.98549944,0.3326619
58.440000489354134,167.38744,0.98597103,0.33022034
58.44999881088734,167.52344,0.98657733,0.32655802
58.460000947117805,167.64343,0.987251,0.32411647
58.46999926865101,167.85542,0.9879247,0.32045412
58.48000140488148,168.01143,0.9886658,0.315571
58.48999972641468,168.15143,0.9892721,0.31312945
58.50000186264515,168.25142,0.989609,0.3119087
58.51000018417835,168.27542,0.989609,0.31312945
58.519998505711555,168.25142,0.989609,0.31435025
58.530000641942024,168.22742,0.989609,0.315571
58.53999896347523,168.22742,0.989609,0.3167918
58.550001099705696,168.22342,0.989609,0.3167918
58.5599994212389,168.18744,0.989609,0.31923336
58.57000155746937,168.12343,0.9896764,0.31923336
58.57999987900257,168.14342,0.9896764,0.32045412
58.589998200535774,168.12743,0.9896764,0.3216749
58.60000033676624,168.09943,0.9896764,0.32289568
58.609998658299446,168.09142,0.9896764,0.32411647
58.620000794529915,168.05544,0.9896764,0.32533723
58.62999911606312,168.03542,0.9896764,0.32655802
58.64000125229359,168.01543,0.9896764,0.3277788
58.64999957382679,168.01543,0.9896764,0.32899958
58.66000171005726,167.96742,0.9896764,0.33022034
58.67000003159046,167.97543,0.9896764,0.33022034
58.679998353123665,167.97543,0.9896764,0.3326619
58.690000489354134,167.93542,0.9896764,0.3326619
58.69999881088734,167.89143,0.9896764,0.3338827
58.710000947117805,167.91142,0.9897437,0.33510345
58.71999926865101,167.90343,0.9897437,0.33632424
58.73000140488148,167.86343,0.9897437,0.337545
58.73999972641468,167.87143,0.9898111,0.3387658
58.75000186264515,167.87543,0.9898111,0.3387658
58.76000018417835,167.85942,0.9898785,0.33998656
58.769998505711555,167.85143,0.9900132,0.33998656
58.780000641942024,167.87943,0.9900806,0.33998656
58.78999896347523,167.87543,0.9900806,0.34242812
58.800001099705696,167.88342,0.990148,0.34242812
58.8099994212389,167.87143,0.9902827,0.3436489
58.82000155746937,167.84741,0.9903501,0.3436489
58.82999987900257,167.86743,0.9904848,0.3436489
58.839998200535774,167.92343,0.9907543,0.3436489
58.85000033676624,168.04742,0.9911585,0.34120736
58.859998658299446,168.10744,0.9917649,0.3387658
58.870000794529915,168.26744,0.99257326,0.3338827
58.87999911606312,168.51942,0.9935165,0.32899958
58.89000125229359,168.75943,0.9945271,0.32289568
58.89999957382679,169.00743,0.9954703,0.3167918
58.91000171005726,169.18343,0.9960092,0.31435025
58.92000003159046,169.23141,0.996144,0.31435025
58.929998353123665,169.19543,0.996144,0.3167918
58.940000489354134,169.17143,0.996144,0.3167918
58.94999881088734,169.18343,0.996144,0.31801257
58.960000947117805,169.17941,0.9962113,0.31923336
58.96999926865101,169.15942,0.99627864,0.31923336
58.98000140488148,169.15141,0.99634606,0.32045412
58.98999972641468,169.13142,0.99641347,0.32045412
59.00000186264515,169.10342,0.99648076,0.3216749
59.01000018417835,169.13542,0.9965482,0.32289568
59.019998505711555,169.13943,0.9966829,0.32289568
59.030000641942024,169.12341,0.99681765,0.32289568
59.03999896347523,169.15141,0.99701977,0.32289568
59.050001099705696,169.22343,0.99728924,0.3216749
59.0599994212389,169.30344,0.9977609,0.32045412
59.07000155746937,169.42743,0.99850196,0.3167918
59.07999987900257,169.66342,0.99957985,0.3106879
59.089998200535774,170.01543,1.001062,0.30092168
59.10000033676624,170.35542,1.0026115,0.29115546
59.109998658299446,170.66742,1.0037569,0.2838308
59.120000794529915,170.90741,1.0046326,0.27894768
59.12999911606312,171.12341,1.0055085,0.27528536
59.14000125229359,171.32741,1.0064516,0.26918146
59.14999957382679,171.59541,1.0075971,0.2618568
59.16000171005726,171.83542,1.0086075,0.25697368
59.17000003159046,171.95541,1.0090117,0.25453213
59.179998353123665,171.99942,1.0090117,0.25575292
59.190000489354134,171.95541,1.0090117,0.25697368
59.19999881088734,171.90343,1.0090117,0.25819448
59.210000947117805,171.87543,1.0090117,0.25941524
59.21999926865101,171.8594,1.0090117,0.26063603
59.23000140488148,171.8074,1.0090117,0.2618568
59.23999972641468,171.76341,1.0090117,0.2630776
59.25000186264515,171.75542,1.0090117,0.26429835
59.26000018417835,171.74342,1.0090117,0.26551914
59.269998505711555,171.67542,1.0090117,0.2667399
59.280000641942024,171.65942,1.0090117,0.2679607
59.28999896347523,171.64742,1.0090117,0.26918146
59.300001099705696,171.61142,1.0090117,0.26918146
59.3099994212389,171.61942,1.0090117,0.27162302
59.32000155746937,171.57541,1.0090117,0.27162302
59.32999987900257,171.52342,1.0090117,0.2728438
59.339998200535774,171.47542,1.0090117,0.27406457
59.35000033676624,171.51941,1.0090117,0.27528536
59.359998658299446,171.47942,1.0090117,0.27650613
59.370000794529915,171.45543,1.0090117,0.27772692
59.37999911606312,171.43141,1.0090117,0.27894768
59.39000125229359,171.40741,1.0090117,0.28016847
59.39999957382679,171.35942,1.0090117,0.28138924
59.41000171005726,171.35541,1.0090117,0.28261003
59.42000003159046,171.33942,1.0090117,0.2838308
59.429998353123665,171.31943,1.0090117,0.28505158
59.440000489354134,171.26343,1.0090117,0.28627235
59.44999881088734,171.25542,1.0090117,0.28749314
59.460000947117805,171.2474,1.0090117,0.2887139
59.46999926865101,171.1914,1.0090117,0.2887139
59.48000140488148,171.19942,1.0090117,0.29115546
59.48999972641468,171.17941,1.0090117,0.29115546
59.50000186264515,171.1394,1.0090117,0.293597
59.51000018417835,171.10342,1.0090117,0.293597
59.519998505711555,171.1114,1.0090117,0.2948178
59.530000641942024,171.08742,1.0090117,0.29603857
59.53999896347523,171.0594,1.0090117,0.29725936
59.550001099705696,171.06342,1.0090117,0.29848012
59.5599994212389,171.05542,1.0090791,0.29848012
59.57000155746937,171.00343,1.0090791,0.30092168
59.57999987900257,170.98341,1.0090791,0.30092168
59.589998200535774,170.97142,1.0090791,0.30336323
59.60000033676624,170.95143,1.0090791,0.30336323
59.609998658299446,170.94342,1.0090791,0.30458403
59.620000794529915,170.91942,1.0090791,0.3058048
59.62999911606312,170.87541,1.0090791,0.30702558
59.64000125229359,170.85542,1.0090791,0.30824634
59.64999957382679,170.86342,1.0090791,0.30946714
59.66000171005726,170.86342,1.0090791,0.3106879
59.67000003159046,170.80742,1.0090791,0.3119087
59.679998353123665,170.79143,1.0091466,0.31312945
59.690000489354134,170.77542,1.0091466,0.31435025
59.69999881088734,170.75943,1.0091466,0.31435025
59.710000947117805,170.76741,1.0091466,0.315571
59.71999926865101,170.75142,1.0091466,0.3167918
59.73000140488148,170.75943,1.0092139,0.31801257
59.73999972641468,170.73141,1.0093486,0.31801257
59.75000186264515,170.75142,1.0095507,0.31801257
59.76000018417835,170.79143,1.0097528,0.31801257
59.769998505711555,170.83942,1.0100223,0.3167918
59.780000641942024,170.91142,1.0103592,0.3167918
59.78999896347523,170.99542,1.010696,0.31435025
59.800001099705696,171.04742,1.011235,0.31312945
59.8099994212389,171.2194,1.0119761,0.30824634
59.82000155746937,171.46341,1.013054,0.30214247
59.82999987900257,171.74742,1.0141993,0.2948178
59.839998200535774,171.91942,1.014873,0.29115546
59.85000033676624,172.01941,1.0149404,0.29237625
59.859998658299446,172.01541,1.0150079,0.293597
59.870000794529915,171.98343,1.0150079,0.293597
59.87999911606312,171.95541,1.0150079,0.2948178
59.89000125229359,171.94742,1.0150079,0.29603857
59.89999957382679,171.92342,1.0150079,0.29725936
59.91000171005726,171.8834,1.0150079,0.29848012
59.92000003159046,171.86342,1.0150079,0.29970092
59.929998353123665,171.83542,1.0150079,0.30092168
59.940000489354134,171.83942,1.0150079,0.30214247
59.94999881088734,171.81941,1.0150079,0.30336323
59.960000947117805,171.8034,1.0150079,0.30458403
59.96999926865101,171.73541,1.0150079,0.3058048
59.98000140488148,171.7234,1.0150751,0.3058048
59.98999972641468,171.73541,1.0150751,0.30702558
60.00000186264515,171.7234,1.0150751,0.30824634
60.01000018417835,171.71141,1.0151424,0.30946714
60.019998505711555,171.6714,1.0151424,0.3106879
60.030000641942024,171.67941,1.0152099,0.3106879
60.03999896347523,171.63542,1.0152773,0.3119087
60.050001099705696,171.65541,1.0153446,0.31312945
60.0599994212389,171.68742,1.0154794,0.31312945
60.07000155746937,171.6994,1.0154794,0.31435025
60.07999987900257,171.65141,1.0155467,0.31435025
60.089998200535774,171.65541,1.0156815,0.31435025
60.10000033676624,171.67542,1.0158162,0.31435025
60.109998658299446,171.7234,1.0160857,0.31435025
60.120000794529915,171.79942,1.0164226,0.31312945
60.12999911606312,171.8874,1.0168267,0.3106879
60.14000125229359,171.95541,1.017433,0.30946714
60.14999957382679,172.11542,1.0181742,0.30458403
60.16000171005726,172.35542,1.0191174,0.29848012
60.17000003159046,172.59541,1.0201952,0.293597
60.179998353123665,172.79941,1.0208017,0.2899347
60.190000489354134,172.85542,1.020869,0.2899347
60.19999881088734,172.83142,1.020869,0.29115546
60.210000947117805,172.76341,1.020869,0.29237625
60.21999926865101,172.7874,1.020869,0.293597
60.23000140488148,172.8114,1.020869,0.2948178
60.23999972641468,172.75142,1.020869,0.29603857
60.25000186264515,172.71141,1.020869,0.29725936
60.26000018417835,172.66742,1.020869,0.29848012
60.269998505711555,172.64742,1.020869,0.29970092
60.280000641942024,172.67142,1.0209364,0.29970092
60.28999896347523,172.6634,1.0209364,0.30092168
60.300001099705696,172.63141,1.0209364,0.30214247
60.3099994212389,172.56741,1.0209364,0.30336323
60.32000155746937,172.54343,1.0209364,0.30458403
60.32999987900257,172.55942,1.0209364,0.3058048
60.339998200535774,172.53142,1.0209364,0.30702558
60.35000033676624,172.50742,1.0209364,0.30824634
60.359998658299446,172.4994,1.0209364,0.30946714
60.370000794529915,172.4474,1.0209364,0.3106879
60.37999911606312,172.4114,1.0209364,0.3119087
60.39000125229359,172.4154,1.0209364,0.31312945
60.39999957382679,172.4474,1.0209364,0.31435025
60.41000171005726,172.39542,1.0209364,0.315571
60.42000003159046,172.37541,1.0209364,0.3167918
60.429998353123665,172.33942,1.0209364,0.31801257
60.440000489354134,172.30342,1.0209364,0.31923336
60.44999881088734,172.31941,1.0209364,0.32045412
60.460000947117805,172.32742,1.0209364,0.32045412
60.46999926865101,172.27542,1.0209364,0.3216749
60.48000140488148,172.24342,1.0210037,0.32289568
60.48999972641468,172.22342,1.0210037,0.32411647
60.50000186264515,172.24342,1.0210037,0.32533723
60.51000018417835,172.22342,1.0210037,0.32655802
60.519998505711555,172.18341,1.0210037,0.3277788
60.530000641942024,172.21541,1.0210712,0.3277788
60.53999896347523,172.15941,1.0210712,0.32899958
60.550001099705696,172.13141,1.0211384,0.33022034
60.5599994212389,172.15141,1.0212059,0.33022034
60.57000155746937,172.18341,1.0212733,0.33144113
60.57999987900257,172.19142,1.021408,0.33144113
60.589998200535774,172.1754,1.0214753,0.3326619
60.60000033676624,172.16342,1.0216775,0.3326619
60.609998658299446,172.21141,1.0219469,0.33144113
60.620000794529915,172.33942,1.0224186,0.32899958
60.62999911606312,172.51941,1.0231596,0.32533723
60.64000125229359,172.67142,1.0240355,0.32045412
60.64999957382679,172.87941,1.0249786,0.315571
60.66000171005726,173.12341,1.0259892,0.30946714
60.67000003159046,173.3714,1.0269324,0.30458403
60.679998353123665,173.4794,1.027404,0.30092168
60.690000489354134,173.5594,1.0274713,0.30214247
60.69999881088734,173.57141,1.0274713,0.30336323
60.710000947117805,173.53941,1.0274713,0.30458403
60.71999926865101,173.4754,1.0274713,0.3058048
60.73000140488148,173.47142,1.0275388,0.30702558
60.73999972641468,173.45941,1.0275388,0.30702558
60.75000186264515,173.46742,1.0275388,0.30946714
60.76000018417835,173.4274,1.0276061,0.30946714
60.769998505711555,173.40741,1.0276061,0.3106879
60.780000641942024,173.3714,1.0276735,0.3106879
60.78999896347523,173.3954,1.0277408,0.3119087
60.800001099705696,173.41942,1.0278082,0.31312945
60.8099994212389,173.40341,1.0279429,0.31312945
60.82000155746937,173.41542,1.0281451,0.31312945
60.82999987900257,173.4994,1.028482,0.3119087
60.839998200535774,173.55142,1.0288861,0.30946714
60.85000033676624,173.65141,1.0294924,0.30702558
60.859998658299446,173.8034,1.0300314,0.30458403
60.870000794529915,173.9434,1.0305704,0.30092168
60.87999911606312,174.0394,1.0311767,0.29848012
60.89000125229359,174.1154,1.0317158,0.29603857
60.89999957382679,174.29141,1.032322,0.293597
60.91000171005726,174.4194,1.032861,0.29115546
60.92000003159046,174.5354,1.0331978,0.2899347
60.929998353123665,174.5394,1.0333326,0.2887139
60.940000489354134,174.50342,1.0333326,0.29115546
60.94999881088734,174.4954,1.0334,0.29115546
60.960000947117805,174.51941,1.0334,0.29237625
60.96999926865101,174.50742,1.0334673,0.293597
60.98000140488148,174.4474,1.0334673,0.2948178
60.98999972641468,174.4434,1.0335348,0.2948178
61.00000186264515,174.43541,1.0335348,0.29603857
61.01000018417835,174.4114,1.0335348,0.29725936
61.019998505711555,174.3754,1.0336021,0.29848012
61.030000641942024,174.39941,1.0336694,0.29848012
61.03999896347523,174.39542,1.0337368,0.29848012
61.050001099705696,174.36742,1.0338042,0.29970092
61.0599994212389,174.34341,1.0338717,0.30092168
61.07000155746937,174.37141,1.0340064,0.30092168
61.07999987900257,174.4114,1.034141,0.30092168
61.089998200535774,174.4194,1.0342758,0.30092168
61.10000033676624,174.42741,1.034478,0.30092168
61.109998658299446,174.4394,1.0347474,0.30092168
61.120000794529915,174.5234,1.0351516,0.29848012
61.12999911606312,174.6514,1.0357579,0.29603857
61.14000125229359,174.7994,1.0364317,0.29237625
61.14999957382679,174.9434,1.0371727,0.2887139
61.16000171005726,175.13141,1.0379138,0.2838308
61.17000003159046,175.2914,1.0386549,0.28016847
61.179998353123665,175.3954,1.0391265,0.27894768
61.190000489354134,175.4434,1.0393286,0.27772692
61.19999881088734,175.4754,1.0393286,0.27894768
61.210000947117805,175.45541,1.039396,0.28016847
61.21999926865101,175.4194,1.039396,0.28138924
61.23000140488148,175.40341,1.039396,0.28138924
61.23999972641468,175.3674,1.039396,0.2838308
61.25000186264515,175.35939,1.039396,0.2838308
61.26000018417835,175.3394,1.039396,0.28505158
61.269998505711555,175.29941,1.039396,0.28627235
61.280000641942024,175.2594,1.039396,0.28749314
61.28999896347523,175.24341,1.039396,0.2887139
61.300001099705696,175.26741,1.039396,0.2899347
61.3099994212389,175.2194,1.039396,0.29115546
61.32000155746937,175.1794,1.039396,0.29237625
61.32999987900257,175.1674,1.039396,0.293597
61.339998200535774,175.1514,1.0394634,0.2948178
61.35000033676624,175.10341,1.0394634,0.2948178
61.359998658299446,175.08742,1.0394634,0.29725936
61.370000794529915,175.0914,1.0394634,0.29725936
61.37999911606312,175.0834,1.0394634,0.29848012
61.39000125229359,175.0514,1.0395306,0.29970092
61.39999957382679,175.0274,1.0395306,0.30092168
61.41000171005726,175.0034,1.0395306,0.30214247
61.42000003159046,174.9874,1.0395306,0.30336323
61.429998353123665,174.9914,1.0395306,0.30458403
61.440000489354134,174.95142,1.0395306,0.30458403
61.44999881088734,174.9074,1.0395306,0.30702558
61.460000947117805,174.8914,1.0395306,0.30702558
61.46999926865101,174.9074,1.0395306,0.30946714
61.48000140488148,174.8594,1.0395306,0.30946714
61.48999972641468,174.8274,1.0395306,0.3106879
61.50000186264515,174.8394,1.0395306,0.3119087
61.51000018417835,174.82341,1.0395306,0.31312945
61.519998505711555,174.76741,1.0395306,0.31435025
61.530000641942024,174.74341,1.0395306,0.315571
61.53999896347523,174.7514,1.0395306,0.3167918
61.550001099705696,174.73941,1.0395306,0.31801257
61.5599994212389,174.71541,1.0395306,0.31923336
61.57000155746937,174.68341,1.0395306,0.32045412
61.57999987900257,174.6474,1.0395306,0.3216749
61.589998200535774,174.6474,1.0395306,0.32289568
61.60000033676624,174.65941,1.0395306,0.32411647
61.609998658299446,174.6194,1.0395306,0.32411647
61.620000794529915,174.5554,1.0395306,0.32655802
61.62999911606312,174.5554,1.0395306,0.32655802
61.64000125229359,174.5794,1.0395306,0.32899958
61.64999957382679,174.5354,1.0395306,0.32899958
61.66000171005726,174.51941,1.0395306,0.33022034
61.67000003159046,174.5154,1.0395306,0.33144113
61.679998353123665,174.4874,1.0395306,0.3326619
61.690000489354134,174.4594,1.0395981,0.3338827
61.69999881088734,174.4394,1.0395981,0.33510345
61.710000947117805,174.46341,1.0396655,0.33510345
61.71999926865101,174.46341,1.0397328,0.33632424
61.73000140488148,174.4594,1.0398002,0.33632424
61.73999972641468,174.4474,1.039935,0.337545
61.75000186264515,174.47542,1.040137,0.33632424
61.76000018417835,174.5514,1.0403392,0.33632424
61.769998505711555,174.61142,1.040676,0.33510345
61.780000641942024,174.6794,1.041215,0.3326619
61.78999896347523,174.81941,1.0420908,0.32899958
61.800001099705696,175.0954,1.0431688,0.3216749
61.8099994212389,175.40741,1.0444487,0.31435025
61.82000155746937,175.68741,1.0457289,0.30702558
61.82999987900257,175.94339,1.0466046,0.30092168
61.839998200535774,176.09941,1.0470762,0.29848012
61.85000033676624,176.1994,1.0474805,0.29725936
61.859998658299446,176.2514,1.0480194,0.2948178
61.870000794529915,176.3714,1.0486257,0.29237625
61.87999911606312,176.5634,1.0493668,0.28749314
61.89000125229359,176.7154,1.050108,0.2838308
61.89999957382679,176.8314,1.0505795,0.28138924
61.91000171005726,176.89938,1.0508491,0.28138924
61.92000003159046,176.8754,1.0508491,0.28261003
61.929998353123665,176.9034,1.0508491,0.2838308
61.940000489354134,176.8794,1.0508491,0.28505158
61.94999881088734,176.7994,1.0508491,0.28627235
61.960000947117805,176.7834,1.0508491,0.28749314
61.96999926865101,176.7874,1.0508491,0.2887139
61.98000140488148,176.7594,1.0508491,0.2887139
61.98999972641468,176.7154,1.0508491,0.29115546
62.00000186264515,176.6874,1.0508491,0.29115546
62.01000018417835,176.6674,1.0508491,0.29237625
62.019998505711555,176.6514,1.0509163,0.293597
62.030000641942024,176.59941,1.0509163,0.2948178
62.03999896347523,176.58339,1.0509163,0.29603857
62.050001099705696,176.57141,1.0509163,0.29725936
62.0599994212389,176.5594,1.0509163,0.29848012
62.07000155746937,176.5354,1.0509163,0.29848012
62.07999987900257,176.4954,1.0509163,0.30092168
62.089998200535774,176.46341,1.0509163,0.30092168
62.10000033676624,176.4794,1.0509163,0.30336323
62.109998658299446,176.4554,1.0509163,0.30336323
62.120000794529915,176.3834,1.0509163,0.30458403
62.12999911606312,176.3714,1.0509163,0.3058048
62.14000125229359,176.3834,1.0509163,0.30702558
62.14999957382679,176.3634,1.0509163,0.30824634
62.16000171005726,176.3074,1.0509163,0.30946714
62.17000003159046,176.2954,1.0509163,0.3106879
62.179998353123665,176.2914,1.0509163,0.3119087
62.190000489354134,176.2514,1.0509163,0.31312945
62.19999881088734,176.2234,1.0509163,0.31435025
62.210000947117805,176.2154,1.0509163,0.315571
62.21999926865101,176.1914,1.0509163,0.3167918
62.23000140488148,176.1834,1.0509163,0.31801257
62.23999972641468,176.16339,1.0509163,0.31923336
62.25000186264515,176.1034,1.0509163,0.32045412
62.26000018417835,176.1034,1.0509163,0.32045412
62.269998505711555,176.12341,1.0509163,0.32289568
62.280000641942024,176.1114,1.0509163,0.32289568
62.28999896347523,176.0394,1.0509838,0.32411647
62.300001099705696,176.0074,1.0509838,0.32533723
62.3099994212389,176.0314,1.0509838,0.32655802
62.32000155746937,176.0354,1.0510511,0.32655802
62.32999987900257,176.01541,1.0510511,0.32899958
62.339998200535774,176.0034,1.0511184,0.32899958
62.35000033676624,176.01941,1.0512532,0.32899958
62.359998658299446,176.0034,1.0513879,0.33022034
62.370000794529915,176.0114,1.0514554,0.33022034
62.37999911606312,176.01941,1.0515901,0.33022034
62.39000125229359,176.04341,1.0516574,0.33022034
62.39999957382679,176.0634,1.0517248,0.33144113
62.41000171005726,176.07141,1.0517923,0.3326619
62.42000003159046,176.01941,1.051927,0.3326619
62.429998353123665,176.04341,1.0519943,0.3326619
62.440000489354134,176.09541,1.052129,0.3338827
62.44999881088734,176.0874,1.0521964,0.3338827
62.460000947117805,176.04341,1.0522639,0.33510345
62.46999926865101,176.02339,1.0522639,0.33632424
62.48000140488148,176.07939,1.0523311,0.33632424
62.48999972641468,176.0474,1.0523986,0.337545
62.50000186264515,176.0314,1.0524659,0.3387658
62.51000018417835,176.0594,1.0526006,0.3387658
62.519998505711555,176.0634,1.0526681,0.3387658
62.530000641942024,176.0634,1.0528027,0.3387658
62.53999896347523,176.06741,1.0529375,0.33998656
62.550001099705696,176.10739,1.0532743,0.3387658
62.5599994212389,176.1954,1.0536785,0.33632424
62.57000155746937,176.3074,1.0541501,0.3338827
62.57999987900257,176.4594,1.0548239,0.33144113
62.589998200535774,176.5594,1.0554976,0.3277788
62.60000033676624,176.71939,1.0561713,0.32411647
62.609998658299446,176.89938,1.0567776,0.32045412
62.620000794529915,177.00339,1.0571818,0.31923336
62.62999911606312,177.0194,1.0574514,0.31923336
62.64000125229359,177.0514,1.0575861,0.31923336
62.64999957382679,177.11139,1.0577208,0.31923336
62.66000171005726,177.0994,1.0578555,0.31923336
62.67000003159046,177.05939,1.0578555,0.32045412
62.679998353123665,177.0674,1.057923,0.32045412
62.690000489354134,177.0634,1.057923,0.32289568
62.69999881088734,177.0514,1.057923,0.32289568
62.710000947117805,177.0274,1.0579903,0.32411647
62.71999926865101,176.9874,1.0580577,0.32411647
62.73000140488148,177.00339,1.058125,0.32533723
62.73999972641468,177.0474,1.0582598,0.32533723
62.75000186264515,177.0434,1.0584619,0.32533723
62.76000018417835,177.0354,1.058664,0.32533723
62.769998505711555,177.0914,1.0589335,0.32411647
62.780000641942024,177.1554,1.0590682,0.32411647
62.78999896347523,177.1474,1.059203,0.32411647
62.800001099705696,177.11539,1.0592703,0.32533723
62.8099994212389,177.14339,1.0594726,0.32533723
62.82000155746937,177.1994,1.0596746,0.32533723
62.82999987900257,177.2314,1.0600114,0.32411647
62.839998200535774,177.2874,1.0603483,0.32289568
62.85000033676624,177.4074,1.061022,0.31923336
62.859998658299446,177.5794,1.0619652,0.31435025
62.870000794529915,177.82341,1.0629084,0.30946714
62.87999911606312,178.0194,1.0637168,0.30458403
62.89000125229359,178.1114,1.0641884,0.30214247
62.89999957382679,178.1914,1.0642558,0.30336323
62.91000171005726,178.2114,1.0642558,0.30336323
62.92000003159046,178.1554,1.0642558,0.30458403
62.929998353123665,178.0874,1.0642558,0.3058048
62.940000489354134,178.1034,1.0643232,0.30702558
62.94999881088734,178.1274,1.0643904,0.30702558
62.960000947117805,178.0994,1.0643904,0.30824634
62.96999926865101,178.0314,1.0644579,0.30946714
62.98000140488148,178.0354,1.0645252,0.30946714
62.98999972641468,178.0354,1.0645252,0.3106879
63.00000186264515,178.01538,1.0645252,0.3119087
63.01000018417835,177.98738,1.0645252,0.31312945
63.019998505711555,177.9634,1.0645252,0.31435025
63.030000641942024,177.9554,1.0645252,0.315571
63.03999896347523,177.9234,1.0645927,0.3167918
63.050001099705696,177.88739,1.0645927,0.31801257
63.0599994212389,177.8274,1.06466,0.31801257
63.07000155746937,177.86339,1.06466,0.31923336
63.07999987900257,177.88339,1.06466,0.32045412
63.089998200535774,177.8394,1.0647274,0.3216749
63.10000033676624,177.7874,1.0648621,0.3216749
63.109998658299446,177.83539,1.0649295,0.32289568
63.120000794529915,177.85138,1.0649295,0.32289568
63.12999911606312,177.8154,1.0650642,0.32411647
63.14000125229359,177.7834,1.065199,0.32411647
63.14999957382679,177.8554,1.0654684,0.32289568
63.16000171005726,177.9234,1.065738,0.32289568
63.17000003159046,177.97139,1.0660747,0.32045412
63.179998353123665,178.0754,1.0666138,0.31923336
63.190000489354134,178.2154,1.0674222,0.31435025
63.19999881088734,178.41539,1.0684328,0.30946714
63.210000947117805,178.67538,1.0695107,0.30214247
63.21999926865101,178.94339,1.0707908,0.2948178
63.23000140488148,179.1714,1.0718013,0.2887139
63.23999972641468,179.35939,1.072273,0.28627235
63.25000186264515,179.47539,1.0726771,0.28505158
63.26000018417835,179.52739,1.0730814,0.2838308
63.269998505711555,179.57938,1.0736203,0.28138924
63.280000641942024,179.69539,1.0740919,0.27894768
63.28999896347523,179.8114,1.0746309,0.27528536
63.300001099705696,179.89539,1.0751698,0.27406457
63.3099994212389,180.00339,1.0757761,0.27040225
63.32000155746937,180.15938,1.07645,0.2679607
63.32999987900257,180.2634,1.0769216,0.26429835
63.339998200535774,180.27939,1.0769888,0.26551914
63.35000033676624,180.25938,1.0769888,0.2667399
63.359998658299446,180.21938,1.0770563,0.2667399
63.370000794529915,180.19138,1.0770563,0.2679607
63.37999911606312,180.19939,1.0770563,0.26918146
63.39000125229359,180.13538,1.0770563,0.27040225
63.39999957382679,180.0714,1.0770563,0.27162302
63.41000171005726,180.06738,1.0770563,0.2728438
63.42000003159046,180.0754,1.0770563,0.27406457
63.429998353123665,180.01138,1.0770563,0.27528536
63.440000489354134,179.95538,1.0770563,0.27650613
63.44999881088734,179.9634,1.0770563,0.27772692
63.460000947117805,179.93939,1.0770563,0.27894768
63.46999926865101,179.8674,1.0770563,0.28016847
63.48000140488148,179.8394,1.0770563,0.28138924
63.48999972641468,179.80339,1.0770563,0.28261003
63.50000186264515,179.77939,1.0770563,0.2838308
63.51000018417835,179.75539,1.0770563,0.28505158
63.519998505711555,179.72339,1.0770563,0.28505158
63.530000641942024,179.69139,1.0770563,0.28627235
63.53999896347523,179.67139,1.0770563,0.28749314
63.550001099705696,179.65938,1.0770563,0.2887139
63.5599994212389,179.61938,1.0770563,0.2899347
63.57000155746937,179.5674,1.0770563,0.29115546
63.57999987900257,179.5714,1.0770563,0.29237625
63.589998200535774,179.56339,1.0770563,0.293597
63.60000033676624,179.50339,1.0770563,0.2948178
63.609998658299446,179.47939,1.0770563,0.29603857
63.620000794529915,179.47939,1.0770563,0.29725936
63.62999911606312,179.44739,1.0770563,0.29848012
63.64000125229359,179.38339,1.0770563,0.29970092
63.64999957382679,179.36337,1.0770563,0.30092168
63.66000171005726,179.35939,1.0770563,0.30214247
63.67000003159046,179.33939,1.0770563,0.30336323
63.679998353123665,179.3234,1.0770563,0.30458403
63.690000489354134,179.2714,1.0770563,0.30458403
63.69999881088734,179.23938,1.0770563,0.30702558
63.710000947117805,179.2274,1.0770563,0.30702558
63.71999926865101,179.2434,1.0770563,0.30824634
63.73000140488148,179.17938,1.0770563,0.30946714
63.73999972641468,179.12738,1.0770563,0.3106879
63.75000186264515,179.16339,1.0770563,0.3119087
63.76000018417835,179.14339,1.0770563,0.31312945
63.769998505711555,179.05139,1.0770563,0.31435025
63.780000641942024,179.04738,1.0770563,0.315571
63.78999896347523,179.05939,1.0770563,0.3167918
63.800001099705696,179.0434,1.0770563,0.31801257
63.8099994212389,178.9874,1.0770563,0.31923336
63.8199977427721,178.9554,1.0771236,0.31923336
63.82999987900257,178.95139,1.0771236,0.32045412
63.84000201523304,178.9594,1.0771236,0.3216749
63.84999652206898,178.9354,1.0771909,0.32289568
63.859998658299446,178.89938,1.0772583,0.32289568
63.870000794529915,178.86739,1.0772583,0.32411647
63.880002930760384,178.9034,1.0773257,0.32533723
63.88999743759632,178.89539,1.0773257,0.32655802
63.89999957382679,178.83939,1.077393,0.32655802
63.91000171005726,178.84338,1.0774604,0.3277788
63.919996216893196,178.86339,1.0775279,0.32899958
63.929998353123665,178.86339,1.0776625,0.32899958
63.940000489354134,178.83539,1.0777973,0.32899958
63.9500026255846,178.8514,1.077932,0.32899958
63.95999713242054,178.89938,1.0780668,0.32899958
63.96999926865101,178.91539,1.0782689,0.32899958
63.98000140488148,178.94739,1.0785384,0.32899958
63.990003541111946,179.0114,1.07901,0.32655802
63.999998047947884,179.13138,1.0796163,0.32289568
64.01000018417835,179.2994,1.0804247,0.31923336
64.02000232040882,179.52739,1.0813679,0.31435025
64.02999682724476,179.73538,1.0824459,0.30702558
64.03999896347523,179.92339,1.0834564,0.30214247
64.0500010997057,180.11539,1.0838608,0.29970092
64.06000323593616,180.16338,1.083928,0.30092168
64.0699977427721,180.11539,1.083928,0.30092168
64.07999987900257,180.1034,1.083928,0.30336323
64.09000201523304,180.0994,1.0839953,0.30336323
64.09999652206898,180.0474,1.0839953,0.30458403
64.10999865829945,179.9914,1.0840628,0.30458403
64.12000079452991,179.97537,1.0840628,0.3058048
64.13000293076038,179.9914,1.0840628,0.30702558
64.13999743759632,179.95139,1.0840628,0.30824634
64.14999957382679,179.9074,1.0840628,0.30946714
64.16000171005726,179.87538,1.0840628,0.3106879
64.1699962168932,179.85939,1.0840628,0.3119087
64.17999835312366,179.8554,1.0840628,0.31312945
64.19000048935413,179.84738,1.0841302,0.31435025
64.2000026255846,179.79138,1.0841302,0.31435025
64.20999713242054,179.75539,1.0841302,0.3167918
64.21999926865101,179.76338,1.0841975,0.3167918
64.23000140488148,179.75539,1.0841975,0.31801257
64.24000354111195,179.69539,1.0842649,0.31923336
64.24999804794788,179.71138,1.0843323,0.31923336
64.26000018417835,179.71939,1.0843996,0.32045412
64.27000232040882,179.6794,1.084467,0.32045412
64.27999682724476,179.64738,1.0845344,0.3216749
64.28999896347523,179.6794,1.0846691,0.3216749
64.3000010997057,179.72739,1.0848712,0.3216749
64.31000323593616,179.74739,1.0850732,0.32045412
64.3199977427721,179.77939,1.0854776,0.31923336
64.32999987900257,179.87138,1.0859492,0.3167918
64.34000201523304,179.98738,1.0866228,0.31435025
64.34999652206898,180.1554,1.087364,0.30946714
64.35999865829945,180.3434,1.0881724,0.3058048
64.37000079452991,180.48338,1.0888461,0.30214247
64.38000293076038,180.6034,1.0892503,0.30092168
64.38999743759632,180.63937,1.089385,0.30092168
64.39999957382679,180.62738,1.089385,0.30214247
64.41000171005726,180.57138,1.0894525,0.30214247
64.4199962168932,180.56738,1.0894525,0.30336323
64.42999835312366,180.59138,1.0894525,0.30458403
64.44000048935413,180.52339,1.0894525,0.3058048
64.4500026255846,180.46739,1.0895197,0.30702558
64.45999713242054,180.43939,1.0895197,0.30824634
64.46999926865101,180.43138,1.0895197,0.30946714
64.48000140488148,180.40738,1.0895197,0.30946714
64.49000354111195,180.38338,1.0895197,0.3106879
64.49999804794788,180.35138,1.0895197,0.3119087
64.51000018417835,180.3154,1.0895872,0.31312945
64.52000232040882,180.30339,1.0895872,0.31435025
64.52999682724476,180.2874,1.0895872,0.315571
64.53999896347523,180.24738,1.0895872,0.3167918
64.5500010997057,180.2354,1.0896546,0.3167918
64.56000323593616,180.23938,1.0896546,0.31801257
64.5699977427721,180.19138,1.0896546,0.31923336
64.57999987900257,180.1514,1.0897219,0.32045412
64.59000201523304,180.13939,1.0897893,0.3216749
64.59999652206898,180.17538,1.0897893,0.3216749
64.60999865829945,180.12338,1.0897893,0.32289568
64.62000079452991,180.0714,1.0898566,0.32411647
64.63000293076038,180.11539,1.0899913,0.32411647
64.63999743759632,180.11539,1.0899913,0.32533723
64.64999957382679,180.0714,1.0900588,0.32655802
64.66000171005726,180.06738,1.0901262,0.32655802
64.6699962168932,180.0434,1.0901935,0.3277788
64.67999835312366,180.03139,1.0902609,0.3277788
64.69000048935413,180.03539,1.0903282,0.32899958
64.7000026255846,180.01538,1.0903282,0.33022034
64.70999713242054,179.9914,1.0904629,0.33022034
64.71999926865101,180.01138,1.0905977,0.33022034
64.73000140488148,180.03938,1.0907325,0.33022034
64.74000354111195,180.01138,1.0908673,0.33022034
64.74999804794788,180.02737,1.0910693,0.33022034
64.76000018417835,180.08739,1.0914061,0.33022034
64.77000232040882,180.17538,1.0918105,0.3277788
64.77999682724476,180.2354,1.0923494,0.32533723
64.78999896347523,180.35138,1.0930231,0.3216749
64.8000010997057,180.5474,1.0936967,0.31801257
64.81000323593616,180.67938,1.0943706,0.31435025
64.8199977427721,180.83539,1.0950443,0.3106879
64.82999987900257,180.94739,1.0956506,0.30824634
64.84000201523304,181.02339,1.0960548,0.30702558
64.84999652206898,181.06738,1.0961895,0.30702558
64.85999865829945,181.07538,1.0961895,0.30824634
64.87000079452991,181.03938,1.0962569,0.30824634
64.88000293076038,181.02739,1.0962569,0.30946714
64.88999743759632,180.98337,1.0962569,0.3106879
64.89999957382679,180.96338,1.0962569,0.3119087
64.91000171005726,180.91138,1.0963242,0.31312945
64.9199962168932,180.87938,1.0963242,0.31312945
64.92999835312366,180.90338,1.0963917,0.31435025
64.94000048935413,180.87938,1.0963917,0.315571
64.9500026255846,180.83539,1.096459,0.3167918
64.95999713242054,180.77939,1.096459,0.3167918
64.96999926865101,180.77939,1.0965264,0.31801257
64.98000140488148,180.78339,1.0966612,0.31801257
64.99000354111195,180.80338,1.0967958,0.31923336
64.99999804794788,180.7914,1.0969306,0.31923336
65.01000018417835,180.78339,1.0971328,0.31923336
65.02000232040882,180.80338,1.0974021,0.31801257
65.02999682724476,180.85938,1.097739,0.3167918
65.03999896347523,180.97939,1.098278,0.31435025
65.0500010997057,181.09938,1.0990864,0.3106879
65.06000323593616,181.26338,1.0996928,0.30702558
65.0699977427721,181.35538,1.1002318,0.30458403
65.07999987900257,181.42738,1.1007034,0.30214247
65.09000201523304,181.50739,1.1012423,0.29970092
65.09999652206898,181.67139,1.1017814,0.29725936
65.10999865829945,181.75139,1.102253,0.2948178
65.12000079452991,181.7714,1.1025223,0.293597
65.13000293076038,181.7994,1.1026571,0.293597
65.13999743759632,181.77937,1.1026571,0.2948178
65.14999957382679,181.75537,1.1027246,0.29603857
65.16000171005726,181.71939,1.1027246,0.29725936
65.1699962168932,181.66339,1.1027246,0.29848012
65.17999835312366,181.63939,1.1027918,0.29848012
65.19000048935413,181.60338,1.1028593,0.29970092
65.2000026255846,181.61139,1.1029266,0.30092168
65.20999713242054,181.57538,1.102994,0.30092168
65.21999926865101,181.51538,1.102994,0.30214247
65.23000140488148,181.49138,1.1030613,0.30336323
65.24000354111195,181.46738,1.1031287,0.30458403
65.24999804794788,181.42339,1.1031287,0.30458403
65.26000018417835,181.40738,1.1031287,0.3058048
65.27000232040882,181.3794,1.1031961,0.30702558
65.27999682724476,181.33939,1.1031961,0.30702558
65.28999896347523,181.2954,1.1031961,0.30946714
65.3000010997057,181.28339,1.1032634,0.30946714
65.31000323593616,181.2714,1.1033982,0.30946714
65.3199977427721,181.25539,1.1034656,0.3106879
65.32999987900257,181.22337,1.1035329,0.3106879
65.34000201523304,181.20338,1.1036677,0.3106879
65.34999652206898,181.22737,1.1039371,0.3106879
65.35999865829945,181.27538,1.1043414,0.30946714
65.37000079452991,181.36337,1.1048803,0.30702558
65.38000293076038,181.43538,1.1054193,0.30336323
65.38999743759632,181.54738,1.1059583,0.30092168
65.39999957382679,181.65138,1.1064299,0.29970092
65.41000171005726,181.72737,1.106834,0.29725936
65.4199962168932,181.73938,1.1072383,0.29603857
65.42999835312366,181.81137,1.1076425,0.2948178
65.44000048935413,181.87538,1.1080468,0.29237625
65.4500026255846,181.93938,1.1083163,0.29115546
65.45999713242054,181.93138,1.108451,0.29237625
65.46999926865101,181.87938,1.1085184,0.29237625
65.48000140488148,181.84738,1.1085857,0.293597
65.49000354111195,181.80339,1.1086531,0.2948178
65.49999804794788,181.76738,1.1086531,0.2948178
65.51000018417835,181.72339,1.1086531,0.29603857
65.52000232040882,181.65138,1.1086531,0.29725936
65.52999682724476,181.61139,1.1086531,0.29848012
65.53999896347523,181.56737,1.1086531,0.29970092
65.5500010997057,181.49538,1.1086531,0.30092168
65.56000323593616,181.45139,1.1087205,0.30214247
65.5699977427721,181.43938,1.1087205,0.30336323
65.57999987900257,181.35938,1.1087205,0.30458403
65.59000201523304,181.28339,1.1087205,0.30458403
65.59999652206898,181.25137,1.1087205,0.30702558
65.60999865829945,181.20338,1.1087205,0.30702558
65.62000079452991,181.12738,1.1087205,0.30946714
65.63000293076038,181.07939,1.1087205,0.30946714
65.63999743759632,181.00339,1.1087205,0.3106879
65.64999957382679,180.95139,1.1087205,0.3119087
65.66000171005726,180.90738,1.1087205,0.31312945
65.6699962168932,180.85938,1.1087205,0.31435025
65.67999835312366,180.7914,1.1087205,0.315571
65.69000048935413,180.71938,1.1087205,0.3167918
65.7000026255846,180.70338,1.1087879,0.3167918
65.70999713242054,180.6314,1.1087879,0.31923336
65.71999926865101,180.53539,1.1087879,0.31923336
65.73000140488148,180.49939,1.1088552,0.32045412
65.74000354111195,180.48338,1.10899,0.32045412
65.74999804794788,180.41139,1.10899,0.3216749
65.76000018417835,180.37538,1.1090573,0.32289568
65.77000232040882,180.32338,1.1091247,0.32289568
65.77999682724476,180.27138,1.1091921,0.32411647
65.78999896347523,180.2074,1.1091921,0.32533723
65.8000010997057,180.14738,1.1092594,0.32533723
65.81000323593616,180.08739,1.1093268,0.32655802
65.8199977427721,180.02737,1.1094615,0.32655802
65.82999987900257,180.0194,1.1096637,0.32655802
65.84000201523304,179.97139,1.1097984,0.32655802
65.84999652206898,179.92738,1.1100678,0.32533723
65.85999865829945,179.89139,1.1103374,0.32533723
65.87000079452991,179.9194,1.1107416,0.32289568
65.88000293076038,179.93939,1.1112806,0.3216749
65.88999743759632,179.95139,1.1118869,0.31801257
65.89999957382679,179.98738,1.1124259,0.315571
65.91000171005726,180.00739,1.1130322,0.3119087
65.9199962168932,179.98338,1.1137059,0.30946714
65.92999835312366,179.97537,1.1143795,0.3058048
65.94000048935413,179.93138,1.114986,0.30214247
65.9500026255846,179.7834,1.1153902,0.30092168
65.95999713242054,179.47939,1.115525,0.30092168
65.96999926865101,179.07538,1.1155922,0.30092168
65.98000140488148,178.41939,1.1156597,0.30214247
65.99000354111195,92.295685,1.1157271,0.30336323
65.99999804794788,70.891754,1.1159291,0.30336323
66.01000018417835,69.00376,1.1161313,0.30214247
66.02000232040882,70.32376,1.1163334,0.30214247
66.02999682724476,69.77976,1.1166029,0.30214247
66.03999896347523,70.39176,1.1168723,0.30092168
66.0500010997057,70.20776,1.1172765,0.29848012
66.06000323593616,70.151764,1.1176808,0.29725936
66.0699977427721,70.26376,1.1181524,0.29603857
66.07999987900257,70.00376,1.1185566,0.293597
66.09000201523304,70.43576,1.1189609,0.29237625
66.09999652206898,69.98376,1.1192304,0.29115546
66.10999865829945,70.44776,1.1194324,0.29115546
66.12000079452991,70.02776,1.1196345,0.29115546
66.13000293076038,70.45576,1.1198367,0.29115546
66.13999743759632,69.90376,1.1200387,0.2899347
66.14999957382679,70.30776,1.1200387,0.29115546
66.16000171005726,69.93976,1.1200387,0.29237625
66.1699962168932,70.27976,1.1200387,0.293597
66.17999835312366,70.12376,1.1200387,0.2948178
66.19000048935413,70.22776,1.1200387,0.29603857
66.2000026255846,70.22376,1.1200387,0.29725936
66.20999713242054,70.151764,1.1200387,0.29848012
66.21999926865101,70.21176,1.1200387,0.29970092
66.23000140488148,70.02776,1.1200387,0.30092168
66.24000354111195,70.32376,1.1200387,0.30214247
66.24999804794788,70.08376,1.1200387,0.30336323
66.26000018417835,70.27576,1.1200387,0.30458403
66.27000232040882,69.96376,1.1200387,0.30458403
66.27999682724476,70.27176,1.1200387,0.30702558
66.28999896347523,70.067764,1.1200387,0.30702558
66.3000010997057,70.24376,1.1200387,0.30946714
66.31000323593616,70.13176,1.1200387,0.30946714
66.3199977427721,70.235756,1.1200387,0.3106879
66.32999987900257,70.11976,1.1200387,0.3119087
66.34000201523304,70.21176,1.1200387,0.31312945
66.34999652206898,70.19576,1.1200387,0.31435025
66.35999865829945,70.13976,1.1200387,0.315571
66.37000079452991,70.20776,1.1200387,0.3167918
66.38000293076038,70.09976,1.1200387,0.31801257
66.38999743759632,70.13176,1.1200387,0.31923336
66.39999957382679,70.04776,1.1200387,0.32045412
66.41000171005726,70.21576,1.1200387,0.3216749
66.4199962168932,70.08776,1.1200387,0.32289568
66.42999835312366,70.20776,1.1200387,0.32411647
66.44000048935413,70.09976,1.1200387,0.32411647
66.4500026255846,70.20376,1.1200387,0.32655802
66.45999713242054,70.107765,1.1200387,0.32655802
66.46999926865101,70.16776,1.1200387,0.32899958
66.48000140488148,70.09976,1.1200387,0.32899958
66.49000354111195,70.15576,1.1200387,0.33022034
66.49999804794788,70.11176,1.1200387,0.33144113
66.51000018417835,70.147766,1.1200387,0.3326619
66.52000232040882,70.09976,1.1200387,0.3338827
66.52999682724476,70.11176,1.1200387,0.33510345
66.53999896347523,70.16376,1.1200387,0.33632424
66.5500010997057,70.10376,1.1200387,0.337545
66.56000323593616,70.15976,1.1200387,0.3387658
66.5699977427721,70.107765,1.1200387,0.33998656
66.57999987900257,70.19976,1.1200387,0.34120736
66.59000201523304,70.10376,1.1200387,0.34242812
66.59999652206898,70.14376,1.1200387,0.3436489
66.60999865829945,70.07576,1.1201061,0.3436489
66.62000079452991,70.14376,1.1201061,0.34486967
66.63000293076038,70.08376,1.1201061,0.34609047
66.63999743759632,70.12776,1.1201061,0.34731123
66.64999957382679,70.10376,1.1201736,0.34853202
66.66000171005726,70.12776,1.1201736,0.34975278
66.6699962168932,70.13576,1.1203083,0.34975278
66.67999835312366,70.13976,1.1203756,0.34975278
66.69000048935413,70.11976,1.120443,0.35097358
66.7000026255846,70.12776,1.1205777,0.35097358
66.70999713242054,70.17576,1.1207124,0.35097358
66.71999926865101,70.10376,1.1208472,0.35219434
66.73000140488148,70.08376,1.1210493,0.35097358
66.74000354111195,70.079765,1.1212515,0.35097358
66.74999804794788,70.151764,1.1214535,0.35097358
66.76000018417835,70.07576,1.1216556,0.35097358
66.77000232040882,70.09976,1.1218578,0.34975278
66.77999682724476,70.09576,1.1219926,0.34975278
66.78999896347523,70.15576,1.1221946,0.34975278
66.8000010997057,70.09576,1.1223967,0.34975278
66.81000323593616,70.13576,1.1226662,0.34975278
66.8199977427721,70.09576,1.1228683,0.34853202
66.82999987900257,70.12776,1.1230705,0.34853202
66.84000201523304,70.12776,1.1234074,0.34731123
66.84999652206898,70.13576,1.1238115,0.34609047
66.85999865829945,70.09176,1.1242831,0.3436489
66.87000079452991,70.09976,1.1249568,0.33998656
66.88000293076038,70.13576,1.125698,0.33632424
66.88999743759632,70.11976,1.1265063,0.3326619
66.89999957382679,70.09976,1.1272475,0.3277788
66.91000171005726,70.08776,1.1276516,0.32655802
66.9199962168932,70.13176,1.127719,0.32655802
66.92999835312366,70.09976,1.127719,0.32899958
66.94000048935413,70.10376,1.127719,0.32899958
66.9500026255846,70.107765,1.1277864,0.33022034
66.95999713242054,70.11176,1.1277864,0.33144113
66.96999926865101,70.07176,1.1277864,0.3326619
66.98000140488148,70.09176,1.1278539,0.3326619
66.99000354111195,70.05976,1.1278539,0.3338827
66.99999804794788,70.10376,1.1279885,0.3338827
67.01000018417835,70.13576,1.1279885,0.33510345
67.02000232040882,70.11576,1.1280559,0.33632424
67.02999682724476,70.09976,1.1280559,0.337545
67.03999896347523,70.08776,1.1281232,0.3387658
67.0500010997057,70.11176,1.1281906,0.3387658
67.06000323593616,70.11976,1.128258,0.33998656
67.0699977427721,70.11576,1.1283255,0.33998656
67.07999987900257,70.10376,1.1283927,0.34120736
67.09000201523304,70.11576,1.1285948,0.33998656
67.09999652206898,70.05976,1.1288643,0.33998656
67.10999865829945,70.10376,1.1293359,0.3387658
67.12000079452991,70.11976,1.129875,0.33510345
67.13000293076038,70.13576,1.130616,0.33144113
67.13999743759632,70.11176,1.1314918,0.32655802
67.14999957382679,70.12776,1.132435,0.32045412
67.16000171005726,70.10376,1.1333781,0.315571
67.1699962168932,70.05976,1.1339171,0.31312945
67.17999835312366,70.09576,1.1340519,0.31312945
67.19000048935413,70.08776,1.1340519,0.31435025
67.2000026255846,70.09176,1.1340519,0.315571
67.20999713242054,70.09976,1.1340519,0.3167918
67.21999926865101,70.11176,1.1340519,0.31801257
67.23000140488148,70.09576,1.1340519,0.31923336
67.24000354111195,70.08376,1.1341193,0.31923336
67.24999804794788,70.12376,1.1341193,0.32045412
67.26000018417835,70.12776,1.1341193,0.3216749
67.27000232040882,70.07576,1.1341866,0.32289568
67.27999682724476,70.09176,1.134254,0.32411647
67.28999896347523,70.09976,1.134254,0.32411647
67.3000010997057,70.09976,1.1343213,0.32533723
67.31000323593616,70.09976,1.1343887,0.32655802
67.3199977427721,70.09576,1.1345909,0.32533723
67.32999987900257,70.08376,1.1347256,0.32655802
67.34000201523304,70.08776,1.1348603,0.32655802
67.34999652206898,70.11176,1.1349951,0.32655802
67.35999865829945,70.12376,1.1351298,0.32655802
67.37000079452991,70.09976,1.1353319,0.32655802
67.38000293076038,70.10376,1.1356688,0.32533723
67.38999743759632,70.11576,1.1362078,0.32289568
67.39999957382679,70.09976,1.1369488,0.31923336
67.41000171005726,70.09576,1.1379594,0.31312945
67.4199962168932,70.13176,1.1393068,0.30458403
67.42999835312366,70.09176,1.1407216,0.29603857
67.44000048935413,70.03577,1.1416647,0.29115546
67.4500026255846,70.06376,1.1422712,0.28749314
67.45999713242054,70.107765,1.14281,0.28505158
67.46999926865101,70.11976,1.1432817,0.2838308
67.48000140488148,70.11176,1.1437533,0.28138924
67.49000354111195,70.107765,1.144427,0.27772692
67.49999804794788,70.09976,1.1453029,0.2728438
67.51000018417835,70.09576,1.146246,0.2667399
67.52000232040882,70.06376,1.1467175,0.26551914
67.52999682724476,70.08776,1.1467849,0.26551914
67.53999896347523,70.079765,1.1467849,0.2667399
67.5500010997057,70.09176,1.1467849,0.2679607
67.56000323593616,70.107765,1.1467849,0.26918146
67.5699977427721,70.06376,1.1467849,0.27040225
67.57999987900257,70.09576,1.1467849,0.27162302
67.59000201523304,70.12776,1.1467849,0.2728438
67.59999652206898,70.09176,1.1467849,0.27406457
67.60999865829945,70.067764,1.1467849,0.27528536
67.62000079452991,70.10376,1.1467849,0.27528536
67.63000293076038,70.11176,1.1467849,0.27772692
67.63999743759632,70.09976,1.1467849,0.27772692
67.64999957382679,70.08376,1.1467849,0.27894768
67.66000171005726,70.09176,1.1467849,0.28016847
67.6699962168932,70.08776,1.1467849,0.28138924
67.67999835312366,70.08376,1.1467849,0.28261003
67.69000048935413,70.11176,1.1467849,0.2838308
67.7000026255846,70.10376,1.1467849,0.28505158
67.70999713242054,70.107765,1.1467849,0.28627235
67.71999926865101,70.107765,1.1467849,0.28749314
67.73000140488148,70.09176,1.1467849,0.2887139
67.74000354111195,70.055756,1.1467849,0.2899347
67.74999804794788,70.09576,1.1467849,0.29115546
67.76000018417835,70.13176,1.1467849,0.29237625
67.77000232040882,70.09176,1.1467849,0.293597
67.77999682724476,70.067764,1.1467849,0.2948178
67.78999896347523,70.08776,1.1467849,0.2948178
67.8000010997057,70.09976,1.1467849,0.29725936
67.81000323593616,70.09576,1.1467849,0.29725936
67.8199977427721,70.08376,1.1467849,0.29848012
67.82999987900257,70.13176,1.1467849,0.29970092
67.84000201523304,70.10376,1.1467849,0.30092168
67.84999652206898,70.08376,1.1467849,0.30214247
67.85999865829945,70.08376,1.1467849,0.30336323
67.87000079452991,70.07576,1.1467849,0.30458403
67.88000293076038,70.09576,1.1467849,0.3058048
67.88999743759632,70.11976,1.1467849,0.30702558
67.89999957382679,70.107765,1.1467849,0.30824634
67.91000171005726,70.067764,1.1467849,0.30946714
67.9199962168932,70.09576,1.1467849,0.3106879
67.92999835312366,70.12776,1.1467849,0.3119087
67.94000048935413,70.08776,1.1467849,0.31312945
67.9500026255846,70.079765,1.1467849,0.31435025
67.95999713242054,70.10376,1.1467849,0.31435025
67.96999926865101,70.11576,1.1467849,0.3167918
67.98000140488148,70.08376,1.1467849,0.3167918
67.99000354111195,70.079765,1.1467849,0.31923336
67.99999804794788,70.10376,1.1467849,0.31923336
68.01000018417835,70.09976,1.1467849,0.32045412
68.02000232040882,70.08776,1.1467849,0.3216749
68.02999682724476,70.107765,1.1467849,0.32289568
68.03999896347523,70.07576,1.1467849,0.32411647
68.0500010997057,70.107765,1.1467849,0.32533723
68.06000323593616,70.11976,1.1467849,0.32655802
68.0699977427721,70.09176,1.1467849,0.3277788
68.07999987900257,70.07576,1.1467849,0.32899958
68.09000201523304,70.09576,1.1467849,0.33022034
68.09999652206898,70.10376,1.1467849,0.33144113
68.10999865829945,70.067764,1.1467849,0.3326619
68.12000079452991,70.07176,1.1468524,0.3326619
68.13000293076038,70.09576,1.1468524,0.3338827
68.13999743759632,70.11976,1.1468524,0.33510345
68.14999957382679,70.079765,1.1468524,0.33632424
68.16000171005726,70.079765,1.1469197,0.337545
68.1699962168932,70.08376,1.1469871,0.337545
68.17999835312366,70.107765,1.1470544,0.3387658
68.19000048935413,70.09176,1.1471891,0.3387658
68.2000026255846,70.08776,1.1473913,0.3387658
68.20999713242054,70.07576,1.1477281,0.337545
68.21999926865101,70.09576,1.1481323,0.33632424
68.23000140488148,70.11176,1.1486713,0.3338827
68.24000354111195,70.07176,1.1492776,0.33022034
68.24999804794788,70.067764,1.1501535,0.32533723
68.26000018417835,70.13976,1.1513661,0.31923336
68.27000232040882,70.11976,1.1525788,0.3106879
68.27999682724476,70.05176,1.1532525,0.30702558
68.28999896347523,70.04376,1.15332,0.30824634
68.3000010997057,70.08776,1.1533873,0.30946714
68.31000323593616,70.09576,1.1533873,0.30946714
68.3199977427721,70.079765,1.1533873,0.3106879
68.32999987900257,70.08376,1.1533873,0.3119087
68.34000201523304,70.09176,1.1533873,0.31312945
68.34999652206898,70.079765,1.1534547,0.31435025
68.35999865829945,70.09976,1.1534547,0.31435025
68.37000079452991,70.07576,1.1534547,0.3167918
68.38000293076038,70.079765,1.1534547,0.3167918
68.38999743759632,70.11176,1.1534547,0.31923336
68.39999957382679,70.10376,1.153522,0.31923336
68.41000171005726,70.08776,1.1535894,0.32045412
68.4199962168932,70.06376,1.1535894,0.32045412
68.42999835312366,70.09576,1.1536568,0.3216749
68.44000048935413,70.10376,1.1537915,0.3216749
68.4500026255846,70.067764,1.1539936,0.3216749
68.45999713242054,70.07176,1.1542631,0.32045412
68.46999926865101,70.11976,1.1546,0.32045412
68.48000140488148,70.12776,1.1550716,0.31801257
68.49000354111195,70.07576,1.1556779,0.31435025
68.49999804794788,70.07576,1.156419,0.3106879
68.51000018417835,70.079765,1.1572948,0.3058048
68.52000232040882,70.11576,1.1581706,0.30092168
68.52999682724476,70.08776,1.1587095,0.29848012
68.53999896347523,70.07176,1.1587095,0.29970092
68.5500010997057,70.05176,1.1587095,0.30092168
68.56000323593616,70.11176,1.1587095,0.30214247
68.5699977427721,70.10376,1.1587095,0.30336323
68.57999987900257,70.07176,1.1587095,0.30458403
68.59000201523304,70.06376,1.1587095,0.30458403
68.59999652206898,70.14376,1.1587095,0.30702558
68.60999865829945,70.10376,1.1587095,0.30702558
68.62000079452991,70.067764,1.1587095,0.30946714
68.63000293076038,70.09176,1.1587095,0.30946714
68.63999743759632,70.11576,1.1587095,0.3106879
68.64999957382679,70.10376,1.1587095,0.3119087
68.66000171005726,70.08376,1.1587095,0.31312945
68.6699962168932,70.07176,1.1587095,0.31435025
68.67999835312366,70.07576,1.158777,0.315571
68.69000048935413,70.12376,1.158777,0.3167918
68.7000026255846,70.09576,1.158777,0.3167918
68.70999713242054,70.07576,1.158777,0.31923336
68.71999926865101,70.07576,1.158777,0.31923336
68.73000140488148,70.11176,1.158777,0.32045412
68.74000354111195,70.11176,1.158777,0.3216749
68.74999804794788,70.05976,1.158777,0.32289568
68.76000018417835,70.06376,1.158777,0.32411647
68.77000232040882,70.11176,1.158777,0.32533723
68.77999682724476,70.10376,1.158777,0.32655802
68.78999896347523,70.06376,1.1588442,0.3277788
68.8000010997057,70.08776,1.1588442,0.32899958
68.81000323593616,70.107765,1.1588442,0.33022034
68.8199977427721,70.08376,1.1588442,0.33022034
68.82999987900257,70.07176,1.1589117,0.33144113
68.84000201523304,70.07576,1.1589117,0.3326619
68.84999652206898,70.107765,1.158979,0.3338827
68.85999865829945,70.10376,1.158979,0.3338827
68.87000079452991,70.055756,1.1590464,0.33510345
68.88000293076038,70.07176,1.1591138,0.33632424
68.88999743759632,70.10376,1.1591138,0.33632424
68.89999957382679,70.13976,1.1592486,0.337545
68.91000171005726,70.10376,1.1593158,0.337545
68.9199962168932,70.03577,1.1594507,0.3387658
68.92999835312366,70.07576,1.1595854,0.3387658
68.94000048935413,70.13976,1.1598549,0.337545
68.9500026255846,70.12776,1.1601918,0.33632424
68.95999713242054,70.07576,1.1606634,0.33510345
68.96999926865101,70.07576,1.1612023,0.33144113
68.98000140488148,70.107765,1.1619433,0.3277788
68.99000354111195,70.107765,1.1628191,0.32289568
