"TEST_HEADER_START","Data source","Date","Time","Start Timestamp","End Timestamp","Specimen identifier","TEST_HEADER_END","SPECIMEN_HEADER_START","Specimen type","Thickness (mm)","Area (sq mm)","Axial Gauge Length (mm)","Transverse Gauge Length (mm)","Grip Separation (mm)","SPECIMEN_HEADER_END","RESULTS_HEADER_START","Displacement at 0.000 N (%) ","Displacement at Maximum Load (%) ","Extension at Max Load (mm) ","Load at Break (N) ","Load at Max Position (N) ","RESULTS_HEADER_END"
"TEST_INFO_START","NF-3R-2026-01-30-15-57-02.mtwData","2026-01-30","15:57:02","2026-01-30 15:57:02.249","2026-01-30 15:57:02.332","38","TEST_INFO_END","SPECIMEN_INFO_START","Thickness",10.2,999999.9,7.6199994,7.6199994,25.0,"SPECIMEN_INFO_END","RESULTS_INFO_START","0.00","N/A","N/A","N/A","N/A","N/A","N/A","N/A","N/A","N/A","9.03","0.688","64.988","RESULTS_INFO_END"

"Time","Load (N)","Position (mm)","Control Out (V)"
0.0,0.25199914,0.0,0.39003846
0.009999990463256836,0.41999856,0.0013474149,0.3827138
0.019999995827674866,0.69999766,0.002964313,0.37172678
0.030000001192092896,1.0039966,0.0047159526,0.36196056
0.03999999165534973,1.3119955,0.0061981087,0.35097358
0.04999999701976776,1.5479947,0.0075455243,0.3436489
0.06000000238418579,1.7879939,0.0086908275,0.33632424
0.06999999284744263,1.9759933,0.00983613,0.33022034
0.07999999821186066,2.103993,0.01071195,0.32533723
0.09000000357627869,2.2199924,0.011116174,0.32411647
0.09999999403953552,2.3119922,0.011183545,0.32411647
0.10999998450279236,2.323992,0.011183545,0.32533723
0.12000000476837158,2.283992,0.011250916,0.32655802
0.12999999523162842,2.2759922,0.011250916,0.3277788
0.13999998569488525,2.299992,0.011250916,0.3277788
0.15000000596046448,2.299992,0.011385657,0.32899958
0.1599999964237213,2.327992,0.011520399,0.32899958
0.16999998688697815,2.339992,0.011655141,0.32899958
0.18000000715255737,2.339992,0.011789882,0.32899958
0.1899999976158142,2.375992,0.0120593645,0.3277788
0.19999998807907104,2.4559915,0.01253096,0.32655802
0.21000000834465027,2.5119913,0.013069926,0.32411647
0.2199999988079071,2.6359909,0.013811003,0.32045412
0.22999998927116394,2.7599905,0.014417341,0.3167918
0.24000000953674316,2.89999,0.014956308,0.31435025
0.25,2.93999,0.015427901,0.3119087
0.25999999046325684,3.0119896,0.015764754,0.3106879
0.27000001072883606,3.0999894,0.016034238,0.3106879
0.2800000011920929,3.1119893,0.016101608,0.3106879
0.28999999165534973,3.1039894,0.01616898,0.3119087
0.29999998211860657,3.1119893,0.01616898,0.31312945
0.3100000023841858,3.0999894,0.01623635,0.31312945
0.3199999928474426,3.0799894,0.01623635,0.31435025
0.32999998331069946,3.1199894,0.016303722,0.315571
0.3400000035762787,3.1199894,0.016303722,0.3167918
0.3499999940395355,3.1079895,0.016505834,0.3167918
0.35999998450279236,3.1279895,0.016640574,0.3167918
0.3699999749660492,3.179989,0.016707946,0.3167918
0.3800000250339508,3.1759892,0.016707946,0.31801257
0.39000001549720764,3.1479893,0.016775316,0.31923336
0.4000000059604645,3.1879892,0.016910058,0.31923336
0.4099999964237213,3.1879892,0.016977428,0.32045412
0.41999998688697815,3.1919892,0.01711217,0.32045412
0.429999977350235,3.2119892,0.017246911,0.32045412
0.4399999678134918,3.255989,0.017381653,0.32045412
0.45000001788139343,3.2719889,0.017583765,0.32045412
0.46000000834465027,3.3119888,0.017785877,0.32045412
0.4699999988079071,3.3599885,0.01805536,0.31923336
0.47999998927116394,3.3959885,0.018459586,0.31801257
0.4899999797344208,3.483988,0.01893118,0.315571
0.4999999701976776,3.603988,0.019402776,0.31312945
0.5100000202655792,3.6919873,0.01987437,0.3119087
0.5200000107288361,3.7199874,0.020211225,0.3106879
0.5300000011920929,3.7679873,0.020413337,0.3106879
0.5399999916553497,3.8319871,0.02068282,0.30946714
0.5499999821186066,3.867987,0.021019673,0.30824634
0.5599999725818634,3.9279866,0.021558639,0.3058048
0.570000022649765,4.071986,0.022232348,0.30214247
0.5800000131130219,4.207986,0.022906054,0.29848012
0.5900000035762787,4.315985,0.023512391,0.29603857
0.5999999940395355,4.4079847,0.024118729,0.29237625
0.6099999845027924,4.5559845,0.024859807,0.2887139
0.6199999749660492,4.715984,0.025735626,0.2838308
0.6300000250339508,4.8679833,0.026611445,0.27894768
0.6400000154972076,5.019983,0.027285153,0.27528536
0.6500000059604645,5.1119823,0.02795886,0.27162302
0.6599999964237213,5.2359824,0.028497828,0.26918146
0.6699999868869781,5.3239822,0.028902052,0.2667399
0.679999977350235,5.3879814,0.029104164,0.2667399
0.6899999678134918,5.3639817,0.029171534,0.2679607
0.7000000178813934,5.3839817,0.029238906,0.26918146
0.7100000083446503,5.4039817,0.029238906,0.26918146
0.7199999988079071,5.391982,0.029238906,0.27040225
0.7299999892711639,5.355982,0.029238906,0.27162302
0.7399999797344208,5.415982,0.029306276,0.2728438
0.7499999701976776,5.4039817,0.029306276,0.27406457
0.7600000202655792,5.331982,0.029373648,0.27406457
0.7700000107288361,5.331982,0.029373648,0.27528536
0.7800000011920929,5.351982,0.029373648,0.27650613
0.7899999916553497,5.3599815,0.029441018,0.27772692
0.7999999821186066,5.335982,0.029441018,0.27894768
0.8099999725818634,5.351982,0.02950839,0.27894768
0.820000022649765,5.347982,0.029575758,0.28016847
0.8300000131130219,5.371982,0.0297105,0.28016847
0.8400000035762787,5.4039817,0.029777871,0.28138924
0.8499999940395355,5.415982,0.029845243,0.28138924
0.8599999845027924,5.3999815,0.029912611,0.28261003
0.8699999749660492,5.415982,0.029979983,0.28261003
0.879999965429306,5.4279814,0.030047355,0.2838308
0.8899999558925629,5.415982,0.030114723,0.28505158
0.8999999463558197,5.4239817,0.030316839,0.2838308
0.9100000560283661,5.475981,0.030518953,0.28505158
0.9200000464916229,5.495981,0.03065369,0.28505158
0.9300000369548798,5.4839816,0.030788435,0.28505158
0.9400000274181366,5.5279813,0.031057918,0.2838308
0.9500000178813934,5.6279807,0.0313274,0.28261003
0.9600000083446503,5.6799808,0.031664252,0.28138924
0.9699999988079071,5.70798,0.031933736,0.28138924
0.9799999892711639,5.7639804,0.03220322,0.28016847
0.9899999797344208,5.8039804,0.032337964,0.28016847
0.9999999701976776,5.7919803,0.03240533,0.28138924
1.0099999606609344,5.8039804,0.032472704,0.28138924
1.0199999511241913,5.8079805,0.032540075,0.28261003
1.0299999415874481,5.81598,0.032674816,0.28261003
1.0400000512599945,5.84398,0.032742187,0.2838308
1.0500000417232513,5.84398,0.032742187,0.28505158
1.0600000321865082,5.8239803,0.03280956,0.28505158
1.070000022649765,5.87598,0.0329443,0.28505158
1.0800000131130219,5.90798,0.03307904,0.28627235
1.0900000035762787,5.90798,0.03321378,0.28627235
1.0999999940395355,5.90398,0.033348523,0.28627235
1.1099999845027924,5.9559793,0.033618007,0.28627235
1.1199999749660492,6.0359797,0.033887487,0.28505158
1.129999965429306,6.0479794,0.034224343,0.2838308
1.1399999558925629,6.103979,0.034628566,0.28261003
1.1499999463558197,6.187979,0.03489805,0.28138924
1.160000056028366,6.239979,0.035100162,0.28138924
1.170000046491623,6.2479787,0.03516753,0.28138924
1.1800000369548798,6.2679787,0.035234902,0.28261003
1.1900000274181366,6.283979,0.035302274,0.28261003
1.2000000178813934,6.2959785,0.035369646,0.2838308
1.2100000083446503,6.2799788,0.035369646,0.28505158
1.219999998807907,6.2799788,0.035437014,0.28505158
1.229999989271164,6.2719784,0.035504386,0.28627235
1.2399999797344208,6.283979,0.035571758,0.28627235
1.2499999701976776,6.3159785,0.035571758,0.2887139
1.2599999606609344,6.259979,0.035571758,0.2887139
1.2699999511241913,6.2519784,0.035639126,0.2899347
1.2799999415874481,6.2959785,0.035639126,0.29115546
1.2900000512599945,6.3159785,0.035706498,0.29237625
1.3000000417232513,6.2799788,0.035706498,0.29237625
1.3100000321865082,6.2679787,0.03577387,0.293597
1.320000022649765,6.303979,0.03584124,0.2948178
1.3300000131130219,6.303979,0.03590861,0.2948178
1.3400000035762787,6.2959785,0.03597598,0.29603857
1.3499999940395355,6.319978,0.036110725,0.29603857
1.3599999845027924,6.339978,0.036178093,0.29603857
1.3699999749660492,6.3359785,0.036245465,0.29725936
1.379999965429306,6.3319783,0.036245465,0.29848012
1.3899999558925629,6.3279786,0.036312837,0.29848012
1.3999999463558197,6.3559785,0.03638021,0.29970092
1.410000056028366,6.379978,0.03651495,0.29970092
1.420000046491623,6.427978,0.03664969,0.30092168
1.4300000369548798,6.407978,0.03671706,0.30092168
1.4400000274181366,6.411978,0.036851805,0.30092168
1.4500000178813934,6.467978,0.037053913,0.30092168
1.4600000083446503,6.503978,0.037256025,0.30092168
1.469999998807907,6.5199776,0.03752551,0.30092168
1.479999989271164,6.5599775,0.037794992,0.29970092
1.4899999797344208,6.6719775,0.038199216,0.29725936
1.4999999701976776,6.727977,0.03867081,0.29603857
1.5099999606609344,6.7999773,0.039075036,0.2948178
1.5199999511241913,6.8799767,0.03934452,0.293597
1.5299999415874481,6.9319763,0.03968137,0.29237625
1.5400000512599945,6.979976,0.039950855,0.29115546
1.5500000417232513,7.043976,0.040152967,0.29115546
1.5600000321865082,7.083976,0.040355083,0.29115546
1.570000022649765,7.075976,0.040557195,0.29115546
1.5800000131130219,7.139976,0.040759306,0.2899347
1.5900000035762787,7.1919756,0.04102879,0.2899347
1.5999999940395355,7.1759753,0.041163526,0.2899347
1.6099999845027924,7.1719756,0.0412309,0.29115546
1.6199999749660492,7.223975,0.04129827,0.29115546
1.629999965429306,7.251975,0.041365642,0.29237625
1.6399999558925629,7.2159753,0.04143301,0.29237625
1.6499999463558197,7.223975,0.041500382,0.293597
1.660000056028366,7.271975,0.041635126,0.293597
1.670000046491623,7.283975,0.041702494,0.2948178
1.6800000369548798,7.271975,0.041769866,0.2948178
1.6900000274181366,7.2959747,0.041769866,0.29603857
1.7000000178813934,7.283975,0.041769866,0.29725936
1.7100000083446503,7.271975,0.041837238,0.29848012
1.719999998807907,7.2799754,0.041837238,0.29848012
1.729999989271164,7.271975,0.04190461,0.29970092
1.7399999797344208,7.251975,0.04190461,0.30092168
1.7499999701976776,7.2799754,0.04190461,0.30214247
1.7599999606609344,7.2799754,0.041971978,0.30214247
1.7699999511241913,7.251975,0.041971978,0.30336323
1.7799999415874481,7.2279754,0.041971978,0.30458403
1.7900000512599945,7.2879753,0.04203935,0.3058048
1.8000000417232513,7.2959747,0.04203935,0.30702558
1.8100000321865082,7.2479753,0.04210672,0.30702558
1.820000022649765,7.2679753,0.04217409,0.30824634
1.8300000131130219,7.2959747,0.042376205,0.30824634
1.8399998843669891,7.343975,0.042578317,0.30824634
1.850000113248825,7.379975,0.04278043,0.30702558
1.860000103712082,7.415975,0.04298254,0.30702558
1.8700000941753387,7.4119744,0.04304991,0.30824634
1.8800000846385956,7.4279747,0.04311728,0.30946714
1.8900000751018524,7.4479747,0.04318465,0.30946714
1.9000000655651093,7.4559746,0.043386765,0.30946714
1.910000056028366,7.4879746,0.04365625,0.30824634
1.920000046491623,7.5959744,0.0439931,0.30702558
1.9300000369548798,7.675974,0.044329956,0.3058048
1.9400000274181366,7.683974,0.04459944,0.30458403
1.9500000178813934,7.7239738,0.044868924,0.30458403
1.9600000083446503,7.7879734,0.045071032,0.30458403
1.969999998807907,7.8319736,0.045138404,0.30458403
1.979999989271164,7.7999735,0.045340516,0.30458403
1.9899999797344208,7.8519735,0.045475256,0.30458403
1.9999999701976776,7.899973,0.045677368,0.30458403
2.0099999606609344,7.919973,0.045879483,0.30458403
2.0199999511241913,7.963973,0.046148967,0.30336323
2.029999941587448,8.019973,0.04655319,0.30214247
2.039999932050705,8.111972,0.046957415,0.30092168
2.049999922513962,8.187972,0.047294267,0.29970092
2.0599999129772186,8.215972,0.04742901,0.29970092
2.0699999034404755,8.211972,0.04749638,0.30092168
2.0799998939037323,8.219972,0.04756375,0.30092168
2.089999884366989,8.247972,0.047631122,0.30214247
2.100000113248825,8.259972,0.04769849,0.30214247
2.110000103712082,8.215972,0.04769849,0.30336323
2.1200000941753387,8.227972,0.047765862,0.30458403
2.1300000846385956,8.251971,0.047765862,0.30458403
2.1400000751018524,8.275972,0.047765862,0.3058048
2.1500000655651093,8.235972,0.047833234,0.30702558
2.160000056028366,8.243972,0.047900606,0.30824634
2.170000046491623,8.271972,0.047967974,0.30824634
2.1800000369548798,8.231972,0.047967974,0.30946714
2.1900000274181366,8.243972,0.047967974,0.3106879
2.2000000178813934,8.259972,0.048035346,0.3119087
2.2100000083446503,8.271972,0.04817009,0.3119087
2.219999998807907,8.291971,0.048237458,0.3119087
2.229999989271164,8.279972,0.04830483,0.31312945
2.2399999797344208,8.291971,0.048439573,0.31312945
2.2499999701976776,8.327971,0.048574314,0.31312945
2.2599999606609344,8.359971,0.048641685,0.31435025
2.2699999511241913,8.355971,0.048641685,0.315571
2.279999941587448,8.347972,0.048776425,0.315571
2.289999932050705,8.371972,0.048843797,0.3167918
2.299999922513962,8.403972,0.04891117,0.3167918
2.3099999129772186,8.383971,0.04904591,0.3167918
2.3199999034404755,8.411972,0.049248017,0.3167918
2.3299998939037323,8.4719715,0.04945013,0.3167918
2.339999884366989,8.507971,0.049652245,0.3167918
2.350000113248825,8.523971,0.04992173,0.315571
2.360000103712082,8.587971,0.050325952,0.31435025
2.3700000941753387,8.707971,0.05079755,0.3119087
2.3800000846385956,8.77997,0.05126914,0.30946714
2.3900000751018524,8.88797,0.051808108,0.30824634
2.4000000655651093,8.98397,0.05221233,0.3058048
2.410000056028366,9.059969,0.05261656,0.30458403
2.420000046491623,9.123969,0.053020783,0.30214247
2.4300000369548798,9.219969,0.053492375,0.30092168
2.4400000274181366,9.311968,0.05382923,0.29848012
2.4500000178813934,9.339968,0.053963974,0.29970092
2.4600000083446503,9.359968,0.054031342,0.29970092
2.469999998807907,9.359968,0.054031342,0.30092168
2.479999989271164,9.351968,0.054098714,0.30214247
2.4899999797344208,9.347968,0.054098714,0.30214247
2.4999999701976776,9.363968,0.054098714,0.30458403
2.5099999606609344,9.335968,0.054098714,0.30458403
2.5199999511241913,9.327969,0.054098714,0.3058048
2.529999941587448,9.319968,0.054098714,0.30702558
2.539999932050705,9.331968,0.054166086,0.30824634
2.549999922513962,9.291968,0.054166086,0.30946714
2.5599999129772186,9.291968,0.054166086,0.3106879
2.5699999034404755,9.307968,0.054233454,0.3106879
2.5799998939037323,9.291968,0.054233454,0.3119087
2.589999884366989,9.287969,0.054233454,0.31312945
2.600000113248825,9.323969,0.054300826,0.31435025
2.610000103712082,9.331968,0.054300826,0.315571
2.6200000941753387,9.319968,0.054368198,0.3167918
2.6300000846385956,9.3159685,0.05443557,0.3167918
2.6400000751018524,9.327969,0.05443557,0.31801257
2.6500000655651093,9.327969,0.054502938,0.31801257
2.660000056028366,9.311968,0.054502938,0.32045412
2.670000046491623,9.339968,0.05457031,0.32045412
2.6800000369548798,9.323969,0.05463768,0.32045412
2.6900000274181366,9.331968,0.054705054,0.3216749
2.7000000178813934,9.355968,0.05477242,0.3216749
2.7100000083446503,9.367969,0.054839794,0.32289568
2.719999998807907,9.347968,0.054839794,0.32411647
2.729999989271164,9.367969,0.054907165,0.32533723
2.7399999797344208,9.375968,0.054974534,0.32533723
2.7499999701976776,9.363968,0.055041905,0.32655802
2.7599999606609344,9.367969,0.055109274,0.32655802
2.7699999511241913,9.403968,0.055176646,0.3277788
2.779999941587448,9.399968,0.055378757,0.3277788
2.789999932050705,9.431968,0.05564824,0.3277788
2.799999922513962,9.507968,0.055985093,0.32533723
2.8099999129772186,9.627967,0.056591433,0.32289568
2.8199999034404755,9.763967,0.057467252,0.31801257
2.8299998939037323,9.983966,0.058679927,0.3106879
2.839999884366989,10.311965,0.060296822,0.30092168
2.850000113248825,10.603964,0.061711606,0.29237625
2.860000103712082,10.843963,0.06272216,0.28627235
2.8700000941753387,11.039962,0.06353062,0.28138924
2.8800000846385956,11.191962,0.064339064,0.27772692
2.8900000751018524,11.367961,0.06514751,0.2728438
2.9000000655651093,11.57196,0.06615807,0.2667399
2.910000056028366,11.74796,0.06696652,0.2618568
2.920000046491623,11.83996,0.06743812,0.26063603
2.9300000369548798,11.85996,0.06743812,0.26063603
2.9400000274181366,11.903959,0.06743812,0.2630776
2.9500000178813934,11.89596,0.06743812,0.2630776
2.9600000083446503,11.863959,0.06743812,0.26551914
2.969999998807907,11.85996,0.06743812,0.26551914
2.979999989271164,11.85196,0.06743812,0.2667399
2.9899999797344208,11.803959,0.06743812,0.2679607
2.9999999701976776,11.81996,0.06743812,0.26918146
3.0099999606609344,11.81596,0.06743812,0.27040225
3.0199999511241913,11.79996,0.06743812,0.27162302
3.029999941587448,11.79996,0.06743812,0.2728438
3.039999932050705,11.79196,0.06743812,0.27406457
3.049999922513962,11.78396,0.06743812,0.27528536
3.0599999129772186,11.7559595,0.06743812,0.27650613
3.0699999034404755,11.76796,0.06743812,0.27772692
3.0799998939037323,11.735959,0.06743812,0.27894768
3.089999884366989,11.73196,0.06743812,0.28016847
3.100000113248825,11.735959,0.06743812,0.28138924
3.110000103712082,11.73996,0.06743812,0.28261003
3.1200000941753387,11.69996,0.06743812,0.28261003
3.1300000846385956,11.69196,0.06743812,0.28505158
3.1400000751018524,11.70396,0.06743812,0.28505158
3.1500000655651093,11.695961,0.06743812,0.28627235
3.160000056028366,11.65196,0.06743812,0.28749314
3.170000046491623,11.66796,0.06743812,0.2887139
3.1800000369548798,11.65996,0.06743812,0.2899347
3.1900000274181366,11.647961,0.06743812,0.29115546
3.2000000178813934,11.65196,0.06750549,0.29237625
3.2100000083446503,11.655961,0.06750549,0.293597
3.219999998807907,11.64396,0.06750549,0.2948178
3.229999989271164,11.615961,0.06750549,0.29603857
3.2399999797344208,11.61196,0.06750549,0.29603857
3.2499999701976776,11.61996,0.06750549,0.29725936
3.2599999606609344,11.60396,0.06750549,0.29848012
3.2699999511241913,11.607961,0.06750549,0.29970092
3.279999941587448,11.59196,0.06750549,0.30092168
3.289999932050705,11.59196,0.06750549,0.30214247
3.299999922513962,11.59996,0.06750549,0.30336323
3.3099999129772186,11.587961,0.06750549,0.30458403
3.3199999034404755,11.57596,0.06750549,0.3058048
3.3299998939037323,11.547961,0.06750549,0.30702558
3.339999884366989,11.559961,0.06750549,0.30824634
3.350000113248825,11.559961,0.06750549,0.30946714
3.360000103712082,11.539961,0.06757286,0.3106879
3.3700000941753387,11.56396,0.0677076,0.3106879
3.3800000846385956,11.61196,0.06784234,0.3106879
3.3900000751018524,11.627961,0.067977086,0.3106879
3.4000000655651093,11.61996,0.068044454,0.3119087
3.410000056028366,11.63996,0.06811183,0.3119087
3.420000046491623,11.67196,0.068246566,0.3119087
3.4300000369548798,11.655961,0.06831394,0.31312945
3.4400000274181366,11.67996,0.06851605,0.31312945
3.4500000178813934,11.73196,0.068718165,0.3119087
3.4600000083446503,11.79996,0.06912239,0.3106879
3.469999998807907,11.915959,0.0697961,0.30824634
3.479999989271164,12.091959,0.070671916,0.30214247
3.4899999797344208,12.275958,0.07174984,0.29603857
3.4999999701976776,12.499958,0.07276041,0.2899347
3.5099999606609344,12.687956,0.07350149,0.28627235
3.5199999511241913,12.783957,0.0737036,0.28627235
3.529999941587448,12.803957,0.0737036,0.28749314
3.539999932050705,12.819957,0.0737036,0.2887139
3.549999922513962,12.815956,0.0737036,0.2899347
3.5599999129772186,12.767957,0.0737036,0.29115546
3.5699999034404755,12.759956,0.0737036,0.29237625
3.5799998939037323,12.779957,0.0737036,0.29237625
3.589999884366989,12.779957,0.0737036,0.2948178
3.600000113248825,12.755956,0.0737036,0.2948178
3.610000103712082,12.759956,0.0737036,0.29603857
3.6200000941753387,12.763957,0.0737036,0.29725936
3.6300000846385956,12.727956,0.0737036,0.29848012
3.6400000751018524,12.695957,0.0737036,0.29970092
3.6500000655651093,12.719956,0.0737036,0.30092168
3.660000056028366,12.711957,0.0737036,0.30214247
3.670000046491623,12.715958,0.0737036,0.30336323
3.6800000369548798,12.675958,0.0737036,0.30458403
3.6900000274181366,12.671957,0.0737036,0.3058048
3.7000000178813934,12.675958,0.0737036,0.30702558
3.7100000083446503,12.6919565,0.0737036,0.30824634
3.719999998807907,12.695957,0.0737036,0.30946714
3.729999989271164,12.627957,0.0737036,0.3106879
3.7399999797344208,12.639956,0.0737036,0.3119087
3.7499999701976776,12.659957,0.0737036,0.3119087
3.7599999606609344,12.623957,0.0737036,0.31435025
3.7699999511241913,12.599957,0.07377097,0.31435025
3.779999941587448,12.635957,0.073838346,0.315571
3.789999932050705,12.659957,0.073838346,0.3167918
3.799999922513962,12.623957,0.073838346,0.31801257
3.8099999129772186,12.607958,0.073905714,0.31801257
3.8199999034404755,12.647958,0.07404046,0.31801257
3.8299998939037323,12.6919565,0.074107826,0.31923336
3.8400001227855682,12.687956,0.074175194,0.31923336
3.849999874830246,12.667957,0.07424256,0.32045412
3.860000103712082,12.687956,0.074444674,0.32045412
3.8699998557567596,12.755956,0.07478153,0.31923336
3.8800000846385956,12.839956,0.075118385,0.31801257
3.8899998366832733,12.935956,0.07565735,0.315571
3.9000000655651093,13.027955,0.07626369,0.3119087
3.909999817609787,13.187955,0.077072136,0.30824634
3.920000046491623,13.427954,0.07794796,0.30214247
3.9299997985363007,13.579954,0.0787564,0.29848012
3.9400000274181366,13.695953,0.07916063,0.29603857
3.9499997794628143,13.791953,0.079228,0.29725936
3.9600000083446503,13.771954,0.079228,0.29848012
3.969999760389328,13.715954,0.079228,0.29970092
3.979999989271164,13.703954,0.079228,0.30092168
3.990000218153,13.731954,0.079228,0.30214247
3.9999999701976776,13.723953,0.079228,0.30336323
4.0100001990795135,13.699953,0.079228,0.30458403
4.019999951124191,13.687953,0.079228,0.3058048
4.030000180006027,13.683953,0.07929537,0.3058048
4.039999932050705,13.703954,0.07929537,0.30702558
4.050000160932541,13.7079525,0.07936274,0.30824634
4.059999912977219,13.667954,0.07936274,0.30946714
4.070000141859055,13.659953,0.07943011,0.30946714
4.079999893903732,13.683953,0.07943011,0.3106879
4.090000122785568,13.703954,0.07949748,0.3119087
4.099999874830246,13.691954,0.07963222,0.3119087
4.110000103712082,13.691954,0.07963222,0.31312945
4.11999985575676,13.711953,0.0796996,0.31435025
4.130000084638596,13.715954,0.0796996,0.31435025
4.139999836683273,13.695953,0.079834335,0.315571
4.150000065565109,13.715954,0.07996908,0.315571
4.159999817609787,13.771954,0.08003645,0.3167918
4.170000046491623,13.779953,0.08010382,0.3167918
4.179999798536301,13.7599535,0.08017119,0.31801257
4.190000027418137,13.783954,0.0803733,0.3167918
4.199999779462814,13.811954,0.080575414,0.3167918
4.21000000834465,13.867953,0.0808449,0.3167918
4.219999760389328,13.919953,0.08111438,0.315571
4.229999989271164,14.011952,0.081518605,0.31435025
4.240000218153,14.095951,0.081990205,0.3119087
4.249999970197678,14.235951,0.08259653,0.30824634
4.2600001990795135,14.391951,0.083270244,0.3058048
4.269999951124191,14.519951,0.084011324,0.30092168
4.280000180006027,14.68795,0.08481977,0.29603857
4.289999932050705,14.8679495,0.08535874,0.2948178
4.300000160932541,14.927949,0.08556085,0.293597
4.309999912977219,14.887949,0.08556085,0.2948178
4.320000141859055,14.895949,0.08562823,0.29603857
4.329999893903732,14.915949,0.08562823,0.29725936
4.340000122785568,14.89995,0.08562823,0.29848012
4.349999874830246,14.891949,0.08562823,0.29970092
4.360000103712082,14.883949,0.085695595,0.29970092
4.36999985575676,14.875949,0.085695595,0.30092168
4.380000084638596,14.89995,0.085695595,0.30214247
4.389999836683273,14.891949,0.08576296,0.30336323
4.400000065565109,14.87995,0.08576296,0.30458403
4.409999817609787,14.847949,0.08583034,0.30458403
4.420000046491623,14.863949,0.08589771,0.3058048
4.429999798536301,14.883949,0.08596508,0.3058048
4.440000027418137,14.87195,0.08596508,0.30702558
4.449999779462814,14.847949,0.08596508,0.30824634
4.46000000834465,14.883949,0.08603245,0.30946714
4.469999760389328,14.895949,0.08616719,0.30946714
4.479999989271164,14.8679495,0.08616719,0.3106879
4.490000218153,14.87995,0.086234555,0.3106879
4.499999970197678,14.911949,0.08630192,0.3119087
4.5100001990795135,14.927949,0.0863693,0.3119087
4.519999951124191,14.935949,0.086504035,0.31312945
4.530000180006027,14.931949,0.08657141,0.31312945
4.539999932050705,14.935949,0.086706154,0.31435025
4.550000160932541,14.995949,0.086908266,0.31312945
4.559999912977219,15.063949,0.08724512,0.3119087
4.570000141859055,15.143949,0.08771671,0.3106879
4.579999893903732,15.231948,0.08825568,0.30824634
4.590000122785568,15.387947,0.08886202,0.30458403
4.599999874830246,15.547947,0.08946836,0.30214247
4.610000103712082,15.655947,0.090142064,0.29848012
4.61999985575676,15.807946,0.090883136,0.2948178
4.630000084638596,15.979945,0.091624215,0.29115546
4.639999836683273,16.115944,0.09216318,0.28749314
4.650000065565109,16.159945,0.09243267,0.28627235
4.659999817609787,16.191946,0.09256741,0.28627235
4.670000046491623,16.243944,0.09270215,0.28749314
4.679999798536301,16.247946,0.092769526,0.28749314
4.690000027418137,16.231945,0.092769526,0.2887139
4.699999779462814,16.239944,0.092836894,0.2899347
4.71000000834465,16.223944,0.092836894,0.29115546
4.719999760389328,16.255945,0.09290426,0.29115546
4.729999989271164,16.259945,0.09297164,0.29237625
4.740000218153,16.255945,0.093106374,0.29237625
4.749999970197678,16.275944,0.093308486,0.29237625
4.7600001990795135,16.339945,0.093510605,0.29237625
4.769999951124191,16.375944,0.09384745,0.29115546
4.780000180006027,16.419945,0.09425168,0.2887139
4.789999932050705,16.563944,0.094790645,0.28627235
4.800000160932541,16.715944,0.095329605,0.2838308
4.809999912977219,16.787943,0.095801204,0.28138924
4.820000141859055,16.839943,0.096070684,0.28138924
4.829999893903732,16.899942,0.096272804,0.28138924
4.840000122785568,16.959942,0.09640754,0.28138924
4.849999874830246,16.979942,0.09660965,0.28138924
4.860000103712082,17.003942,0.096744396,0.28138924
4.86999985575676,17.011942,0.096811764,0.28138924
4.880000084638596,16.975943,0.096811764,0.28261003
4.889999836683273,16.975943,0.096811764,0.2838308
4.900000065565109,16.983942,0.09687914,0.28505158
4.909999817609787,16.987942,0.09694651,0.28505158
4.920000046491623,17.023943,0.09701388,0.28627235
4.929999798536301,17.007942,0.09701388,0.28749314
4.940000027418137,16.987942,0.09701388,0.2887139
4.949999779462814,16.951942,0.09708125,0.2887139
4.96000000834465,16.99994,0.09708125,0.29115546
4.969999760389328,17.023943,0.09714862,0.29115546
4.979999989271164,16.967943,0.097215995,0.29115546
4.990000218153,16.975943,0.09728336,0.29237625
4.999999970197678,16.983942,0.09728336,0.293597
5.0100001990795135,16.991941,0.09735073,0.2948178
5.019999951124191,16.979942,0.09741811,0.2948178
5.030000180006027,16.979942,0.09741811,0.29603857
5.039999932050705,17.003942,0.097485475,0.29603857
5.050000160932541,17.007942,0.09755285,0.29725936
5.059999912977219,17.007942,0.09762022,0.29848012
5.070000141859055,17.035942,0.09775496,0.29848012
5.079999893903732,17.011942,0.09775496,0.29970092
5.090000122785568,17.031942,0.0978897,0.29970092
5.099999874830246,17.05194,0.097957075,0.30092168
5.110000103712082,17.031942,0.097957075,0.30214247
5.11999985575676,17.035942,0.097957075,0.30214247
5.130000084638596,17.047941,0.097957075,0.30458403
5.139999836683273,17.063942,0.097957075,0.30458403
5.150000065565109,17.035942,0.09802444,0.3058048
5.159999817609787,17.035942,0.09809181,0.3058048
5.170000046491623,17.083942,0.09815918,0.30702558
5.179999798536301,17.05194,0.09815918,0.30824634
5.190000027418137,17.043941,0.09822655,0.30824634
5.199999779462814,17.071941,0.09829392,0.30946714
5.21000000834465,17.063942,0.09836129,0.3106879
5.219999760389328,17.043941,0.09842866,0.3106879
5.229999989271164,17.059942,0.098496035,0.3119087
5.240000218153,17.083942,0.0985634,0.3119087
5.249999970197678,17.099941,0.09863077,0.31312945
5.2600001990795135,17.091942,0.09869815,0.31435025
5.269999951124191,17.123941,0.09883288,0.31435025
5.280000180006027,17.147942,0.099035,0.31435025
5.289999932050705,17.199942,0.09930448,0.31312945
5.300000160932541,17.283941,0.09964134,0.3119087
5.309999912977219,17.37594,0.100180306,0.30946714
5.320000141859055,17.52394,0.10085401,0.3058048
5.329999893903732,17.69594,0.10172983,0.30092168
5.340000122785568,17.875938,0.10260565,0.29603857
5.349999874830246,18.039938,0.10327936,0.29237625
5.360000103712082,18.179937,0.10381833,0.2899347
5.36999985575676,18.295938,0.104155175,0.2887139
5.380000084638596,18.339937,0.10428992,0.2887139
5.389999836683273,18.323938,0.10428992,0.2899347
5.400000065565109,18.343937,0.10435729,0.29115546
5.409999817609787,18.355938,0.10435729,0.29237625
5.420000046491623,18.319937,0.10435729,0.29237625
5.429999798536301,18.303938,0.10442466,0.293597
5.440000027418137,18.299938,0.10442466,0.2948178
5.449999779462814,18.311937,0.10449203,0.29603857
5.46000000834465,18.283937,0.10455941,0.29603857
5.469999760389328,18.299938,0.10455941,0.29725936
5.479999989271164,18.287937,0.10455941,0.29848012
5.490000218153,18.275938,0.10455941,0.29970092
5.499999970197678,18.283937,0.10455941,0.30092168
5.5100001990795135,18.271936,0.10455941,0.30214247
5.519999951124191,18.255938,0.10455941,0.30336323
5.530000180006027,18.251938,0.10455941,0.30458403
5.539999932050705,18.243938,0.10455941,0.3058048
5.550000160932541,18.223938,0.10455941,0.3058048
5.559999912977219,18.227938,0.10455941,0.30824634
5.570000141859055,18.227938,0.10455941,0.30824634
5.579999893903732,18.215939,0.10455941,0.3106879
5.590000122785568,18.167938,0.10455941,0.3106879
5.599999874830246,18.155937,0.10455941,0.3119087
5.610000103712082,18.199938,0.10455941,0.31312945
5.61999985575676,18.211939,0.10455941,0.31435025
5.630000084638596,18.163939,0.10455941,0.315571
5.639999836683273,18.147938,0.10455941,0.3167918
5.650000065565109,18.167938,0.104626775,0.31801257
5.659999817609787,18.151937,0.10469414,0.31801257
5.670000046491623,18.179937,0.10476152,0.31923336
5.679999798536301,18.203938,0.10482889,0.32045412
5.690000027418137,18.187939,0.10482889,0.32045412
5.699999779462814,18.191938,0.10496363,0.3216749
5.71000000834465,18.207937,0.10509837,0.3216749
5.719999760389328,18.239939,0.105300486,0.3216749
5.729999989271164,18.279938,0.1055026,0.3216749
5.740000218153,18.371937,0.10577208,0.32045412
5.749999970197678,18.467937,0.1061763,0.31801257
5.7600001990795135,18.539938,0.10678264,0.315571
5.769999951124191,18.679935,0.10738897,0.3119087
5.780000180006027,18.827936,0.10792794,0.30946714
5.789999932050705,18.927937,0.10839953,0.30824634
5.800000160932541,19.003935,0.108803764,0.3058048
5.809999912977219,19.095936,0.109073244,0.3058048
5.820000141859055,19.183935,0.1094101,0.30458403
5.829999893903732,19.203934,0.10967958,0.30336323
5.840000122785568,19.255934,0.10988169,0.30336323
5.849999874830246,19.303934,0.11015118,0.30214247
5.860000103712082,19.323935,0.11021855,0.30336323
5.86999985575676,19.367935,0.110285915,0.30458403
5.880000084638596,19.347935,0.110285915,0.30458403
5.889999836683273,19.347935,0.11042065,0.3058048
5.900000065565109,19.355934,0.11048803,0.3058048
5.909999817609787,19.371933,0.110555395,0.30702558
5.920000046491623,19.367935,0.110555395,0.30824634
5.929999798536301,19.351934,0.110555395,0.30824634
5.940000027418137,19.347935,0.11062276,0.30946714
5.949999779462814,19.375935,0.11069014,0.3106879
5.96000000834465,19.355934,0.11075751,0.3106879
5.969999760389328,19.371933,0.11082488,0.3119087
5.979999989271164,19.391933,0.11089225,0.3119087
5.990000218153,19.403934,0.11095962,0.31312945
5.999999970197678,19.379934,0.111026995,0.31435025
6.0100001990795135,19.391933,0.11109436,0.31435025
6.019999951124191,19.423935,0.11122911,0.31435025
6.030000180006027,19.431934,0.111296475,0.315571
6.039999932050705,19.447933,0.11136385,0.3167918
6.050000160932541,19.463934,0.11149859,0.3167918
6.059999912977219,19.483934,0.11163333,0.3167918
6.070000141859055,19.499933,0.111768074,0.3167918
6.079999893903732,19.555933,0.11190281,0.3167918
6.090000122785568,19.587933,0.11210493,0.3167918
6.099999874830246,19.623934,0.112509154,0.315571
6.110000103712082,19.739933,0.11304812,0.3119087
6.11999985575676,19.911932,0.1137892,0.30824634
6.130000084638596,20.067932,0.11439553,0.3058048
6.139999836683273,20.15193,0.11486713,0.30336323
6.150000065565109,20.26793,0.11513661,0.30214247
6.159999817609787,20.26793,0.11520398,0.30336323
6.170000046491623,20.263931,0.11520398,0.30458403
6.179999798536301,20.25593,0.11520398,0.3058048
6.190000027418137,20.263931,0.11520398,0.30702558
6.199999779462814,20.239931,0.11520398,0.30824634
6.21000000834465,20.235931,0.11520398,0.30946714
6.219999760389328,20.227932,0.11520398,0.3106879
6.229999989271164,20.203932,0.11520398,0.3119087
6.240000218153,20.21993,0.11520398,0.3119087
6.249999970197678,20.223932,0.11520398,0.31435025
6.2600001990795135,20.183931,0.11520398,0.31435025
6.269999951124191,20.147932,0.11520398,0.3167918
6.280000180006027,20.15193,0.11520398,0.3167918
6.289999932050705,20.17193,0.11520398,0.31801257
6.300000160932541,20.143932,0.11520398,0.31923336
6.309999912977219,20.127932,0.11520398,0.32045412
6.320000141859055,20.135931,0.11520398,0.3216749
6.329999893903732,20.127932,0.11520398,0.32289568
6.340000122785568,20.11593,0.11520398,0.32411647
6.349999874830246,20.11593,0.11520398,0.32533723
6.360000103712082,20.099932,0.11520398,0.32655802
6.36999985575676,20.079931,0.11520398,0.3277788
6.380000084638596,20.079931,0.11527135,0.3277788
6.389999836683273,20.071932,0.11527135,0.32899958
6.400000065565109,20.03593,0.11527135,0.33022034
6.409999817609787,20.067932,0.11533872,0.33144113
6.420000046491623,20.11193,0.11533872,0.3326619
6.429999798536301,20.067932,0.11533872,0.3338827
6.440000027418137,20.031933,0.11540609,0.3338827
6.449999779462814,20.067932,0.115473464,0.33510345
6.46000000834465,20.087933,0.115473464,0.33632424
6.469999760389328,20.063932,0.11554083,0.33632424
6.479999989271164,20.063932,0.11560821,0.337545
6.490000218153,20.09593,0.115675576,0.337545
6.499999970197678,20.135931,0.115742944,0.3387658
6.5100001990795135,20.099932,0.11587769,0.33998656
6.519999951124191,20.119932,0.115945056,0.33998656
6.530000180006027,20.17193,0.1160798,0.33998656
6.539999932050705,20.227932,0.11621454,0.33998656
6.550000160932541,20.235931,0.11634929,0.33998656
6.559999912977219,20.21993,0.11648402,0.33998656
6.570000141859055,20.25193,0.116686136,0.33998656
6.579999893903732,20.335932,0.11695562,0.33998656
6.590000122785568,20.419931,0.1172251,0.3387658
6.599999874830246,20.43593,0.11756196,0.337545
6.610000103712082,20.483929,0.11776407,0.337545
6.61999985575676,20.57993,0.11810093,0.33632424
6.630000084638596,20.65993,0.11850514,0.33510345
6.639999836683273,20.74793,0.119111486,0.33144113
6.650000065565109,20.947927,0.11991993,0.3277788
6.659999817609787,21.163927,0.12072838,0.32289568
6.670000046491623,21.335926,0.12146946,0.31923336
6.679999798536301,21.463926,0.12221054,0.315571
6.690000027418137,21.591927,0.12261476,0.31312945
6.699999779462814,21.663927,0.1227495,0.31312945
6.71000000834465,21.687925,0.1227495,0.31435025
6.719999760389328,21.667925,0.122816876,0.315571
6.729999989271164,21.639927,0.122816876,0.3167918
6.740000218153,21.647924,0.12288425,0.3167918
6.749999970197678,21.671926,0.12288425,0.31801257
6.7600001990795135,21.679926,0.12295161,0.31923336
6.769999951124191,21.627926,0.12295161,0.32045412
6.780000180006027,21.623928,0.12295161,0.3216749
6.789999932050705,21.651926,0.12295161,0.3216749
6.800000160932541,21.627926,0.12301899,0.32411647
6.809999912977219,21.591927,0.12301899,0.32411647
6.820000141859055,21.611925,0.12308636,0.32533723
6.829999893903732,21.655926,0.123153724,0.32533723
6.840000122785568,21.635927,0.1232211,0.32655802
6.849999874830246,21.611925,0.123355836,0.32655802
6.860000103712082,21.647924,0.12342321,0.3277788
6.86999985575676,21.711926,0.12355795,0.3277788
6.880000084638596,21.727926,0.12376006,0.3277788
6.889999836683273,21.783924,0.12402955,0.32655802
6.900000065565109,21.835926,0.12436641,0.32533723
6.909999817609787,21.907925,0.124770634,0.32411647
6.920000046491623,22.067924,0.12544432,0.32045412
6.929999798536301,22.211924,0.12625279,0.3167918
6.940000027418137,22.411924,0.12719597,0.3106879
6.949999779462814,22.699923,0.12834127,0.30458403
6.96000000834465,23.007921,0.12955394,0.29603857
6.969999760389328,23.215921,0.13049714,0.29115546
6.979999989271164,23.33992,0.13096873,0.2887139
6.990000218153,23.47992,0.13137297,0.28749314
6.999999970197678,23.61592,0.13184455,0.28505158
7.0100001990795135,23.69992,0.1324509,0.28261003
7.019999951124191,23.811918,0.13298985,0.27894768
7.030000180006027,23.943918,0.1335962,0.27650613
7.039999932050705,24.115917,0.13440464,0.2728438
7.050000160932541,24.303919,0.1352131,0.2679607
7.059999912977219,24.427916,0.13568468,0.26551914
7.070000141859055,24.467916,0.13575207,0.2667399
7.079999893903732,24.471916,0.13575207,0.2667399
7.090000122785568,24.475918,0.13575207,0.2679607
7.099999874830246,24.455917,0.13575207,0.26918146
7.110000103712082,24.395918,0.13575207,0.27040225
7.11999985575676,24.395918,0.13575207,0.27162302
7.130000084638596,24.411917,0.13575207,0.2728438
7.139999836683273,24.363918,0.13575207,0.27406457
7.150000065565109,24.355917,0.13575207,0.27528536
7.159999817609787,24.371916,0.13575207,0.27650613
7.170000046491623,24.355917,0.13575207,0.27772692
7.179999798536301,24.307917,0.13575207,0.27894768
7.190000027418137,24.295918,0.13575207,0.28016847
7.199999779462814,24.303919,0.13575207,0.28138924
7.21000000834465,24.275917,0.13575207,0.28261003
7.219999760389328,24.287916,0.13575207,0.2838308
7.229999989271164,24.291916,0.13575207,0.28505158
7.240000218153,24.255917,0.13575207,0.28627235
7.249999970197678,24.227919,0.13575207,0.28627235
7.2600001990795135,24.239918,0.13575207,0.2887139
7.269999951124191,24.227919,0.13575207,0.2887139
7.280000180006027,24.179918,0.13575207,0.2899347
7.289999932050705,24.183918,0.13575207,0.29115546
7.300000160932541,24.183918,0.13575207,0.29237625
7.309999912977219,24.175917,0.13575207,0.293597
7.320000141859055,24.159918,0.13581944,0.2948178
7.329999893903732,24.16792,0.13581944,0.29603857
7.340000122785568,24.147919,0.13581944,0.29603857
7.349999874830246,24.139917,0.13581944,0.29848012
7.360000103712082,24.139917,0.13581944,0.29848012
7.36999985575676,24.123919,0.13581944,0.30092168
7.380000084638596,24.095917,0.13581944,0.30092168
7.389999836683273,24.099918,0.1358868,0.30214247
7.400000065565109,24.115917,0.1358868,0.30336323
7.409999817609787,24.095917,0.13595417,0.30458403
7.420000046491623,24.099918,0.13595417,0.30458403
7.429999798536301,24.11192,0.13602155,0.3058048
7.440000027418137,24.119917,0.13602155,0.30702558
7.449999779462814,24.095917,0.13602155,0.30824634
7.46000000834465,24.08792,0.13602155,0.30946714
7.469999760389328,24.103918,0.13608891,0.30946714
7.479999989271164,24.075916,0.13608891,0.3106879
7.490000218153,24.071918,0.13615629,0.3119087
7.499999970197678,24.11192,0.13622366,0.3119087
7.5100001990795135,24.123919,0.13629103,0.31312945
7.519999951124191,24.095917,0.13629103,0.31435025
7.530000180006027,24.107918,0.1363584,0.31435025
7.539999932050705,24.115917,0.13649315,0.315571
7.550000160932541,24.135918,0.1365605,0.315571
7.559999912977219,24.155916,0.13669525,0.3167918
7.570000141859055,24.207918,0.13689737,0.315571
7.579999893903732,24.227919,0.13716684,0.315571
7.590000122785568,24.311916,0.13757107,0.31312945
7.599999874830246,24.467916,0.13817741,0.3106879
7.610000103712082,24.607916,0.13898586,0.3058048
7.61999985575676,24.819916,0.13986169,0.30092168
7.630000084638596,25.051914,0.14093961,0.2948178
7.639999836683273,25.331915,0.14195018,0.2899347
7.650000065565109,25.483913,0.14248914,0.28627235
7.659999817609787,25.547915,0.14262389,0.28627235
7.670000046491623,25.579912,0.14262389,0.28749314
7.679999798536301,25.563913,0.14269124,0.2887139
7.690000027418137,25.535913,0.14269124,0.2899347
7.699999779462814,25.551912,0.14275862,0.2899347
7.71000000834465,25.543913,0.14275862,0.29115546
7.719999760389328,25.547915,0.14282599,0.29237625
7.729999989271164,25.523914,0.14282599,0.293597
7.740000218153,25.511911,0.14282599,0.2948178
7.749999970197678,25.511911,0.14289336,0.2948178
7.7600001990795135,25.523914,0.14302811,0.29603857
7.769999951124191,25.563913,0.14302811,0.29603857
7.780000180006027,25.511911,0.14309546,0.29725936
7.789999932050705,25.511911,0.14316285,0.29848012
7.800000160932541,25.563913,0.14323021,0.29848012
7.809999912977219,25.575912,0.14329758,0.29970092
7.820000141859055,25.559914,0.1434997,0.29848012
7.829999893903732,25.627913,0.14376917,0.29848012
7.83999964594841,25.711912,0.14403866,0.29725936
7.849999874830246,25.771912,0.14444289,0.29603857
7.860000103712082,25.867912,0.14498186,0.293597
7.870000332593918,26.003912,0.14545344,0.29115546
7.879999607801437,26.107912,0.14585766,0.2899347
7.889999836683273,26.19591,0.14632927,0.28749314
7.900000065565109,26.31591,0.14686824,0.28505158
7.910000294446945,26.41591,0.14727247,0.28261003
7.919999569654465,26.47991,0.14747457,0.28261003
7.929999798536301,26.47991,0.14747457,0.2838308
7.940000027418137,26.503908,0.14747457,0.28505158
7.9500002562999725,26.48391,0.14747457,0.28627235
7.959999531507492,26.45191,0.14747457,0.28749314
7.969999760389328,26.46391,0.14747457,0.2887139
7.979999989271164,26.435911,0.14747457,0.2899347
7.990000218153,26.40791,0.14747457,0.29115546
8.000000447034836,26.41991,0.14754196,0.29237625
8.009999722242355,26.41991,0.14754196,0.29237625
8.019999951124191,26.367908,0.14754196,0.2948178
8.030000180006027,26.36391,0.14754196,0.2948178
8.040000408887863,26.37191,0.14754196,0.29603857
8.049999684095383,26.383911,0.14754196,0.29725936
8.059999912977219,26.33591,0.14754196,0.29848012
8.070000141859055,26.33991,0.14754196,0.29970092
8.08000037074089,26.343912,0.14754196,0.30092168
8.08999964594841,26.323912,0.14754196,0.30214247
8.099999874830246,26.299911,0.14754196,0.30336323
8.110000103712082,26.303911,0.14754196,0.30458403
8.120000332593918,26.303911,0.14754196,0.3058048
8.129999607801437,26.27591,0.14760931,0.3058048
8.139999836683273,26.279911,0.14760931,0.30702558
8.15000006556511,26.27591,0.14760931,0.30824634
8.160000294446945,26.287909,0.14760931,0.30946714
8.169999569654465,26.28391,0.14760931,0.3106879
8.1799997985363,26.27591,0.14760931,0.3119087
8.190000027418137,26.23191,0.14767669,0.31312945
8.200000256299973,26.247911,0.14767669,0.31435025
8.209999531507492,26.27591,0.14767669,0.315571
8.219999760389328,26.243912,0.14774406,0.315571
8.229999989271164,26.219912,0.14774406,0.3167918
8.240000218153,26.26391,0.1478788,0.3167918
8.250000447034836,26.29191,0.14801353,0.3167918
8.259999722242355,26.25991,0.14814828,0.31801257
8.269999951124191,26.31191,0.14828302,0.31801257
8.280000180006027,26.37191,0.14841776,0.31801257
8.290000408887863,26.383911,0.14848512,0.31801257
8.299999684095383,26.37191,0.14861986,0.31923336
8.309999912977219,26.383911,0.14875461,0.31923336
8.320000141859055,26.42791,0.14888935,0.31923336
8.33000037074089,26.46391,0.1490241,0.31923336
8.33999964594841,26.49591,0.14915884,0.32045412
8.349999874830246,26.515911,0.14929357,0.32045412
8.360000103712082,26.51191,0.14929357,0.3216749
8.370000332593918,26.515911,0.14942832,0.3216749
8.379999607801437,26.56391,0.14956306,0.3216749
8.389999836683273,26.571909,0.14976518,0.3216749
8.40000006556511,26.627909,0.15003467,0.32045412
8.410000294446945,26.72391,0.1503715,0.32045412
8.419999569654465,26.81191,0.15077573,0.31801257
8.4299997985363,26.887909,0.1513147,0.315571
8.440000027418137,27.055908,0.15192105,0.3119087
8.450000256299973,27.223907,0.15246,0.30946714
8.459999531507492,27.307907,0.1529316,0.30824634
8.469999760389328,27.395906,0.15333582,0.3058048
8.479999989271164,27.475906,0.15360531,0.30458403
8.490000218153,27.551905,0.1538748,0.30458403
8.500000447034836,27.587908,0.15400954,0.30458403
8.509999722242355,27.583906,0.15400954,0.3058048
8.519999951124191,27.591906,0.1540769,0.3058048
8.530000180006027,27.587908,0.1540769,0.30824634
8.540000408887863,27.579906,0.15414427,0.30824634
8.549999684095383,27.583906,0.15414427,0.30946714
8.559999912977219,27.547907,0.15414427,0.3106879
8.570000141859055,27.551905,0.15414427,0.3119087
8.58000037074089,27.575905,0.15421164,0.3119087
8.58999964594841,27.535906,0.15421164,0.31435025
8.599999874830246,27.507908,0.15421164,0.31435025
8.610000103712082,27.551905,0.15427902,0.315571
8.620000332593918,27.559906,0.15434638,0.3167918
8.629999607801437,27.547907,0.15441376,0.3167918
8.639999836683273,27.547907,0.15454851,0.3167918
8.65000006556511,27.583906,0.15461586,0.31801257
8.660000294446945,27.595905,0.15468325,0.31801257
8.669999569654465,27.571905,0.15468325,0.31923336
8.6799997985363,27.567907,0.15468325,0.32045412
8.690000027418137,27.587908,0.15475062,0.3216749
8.700000256299973,27.575905,0.15481798,0.3216749
8.709999531507492,27.571905,0.15481798,0.32289568
8.719999760389328,27.595905,0.15488535,0.32411647
8.729999989271164,27.595905,0.15502009,0.32411647
8.740000218153,27.631905,0.15508747,0.32533723
8.750000447034836,27.667904,0.1552222,0.32533723
8.759999722242355,27.635906,0.15535696,0.32533723
8.769999951124191,27.663906,0.1554917,0.32533723
8.780000180006027,27.731905,0.1556938,0.32655802
8.790000408887863,27.775906,0.15582855,0.32533723
8.799999684095383,27.811905,0.1561654,0.32411647
8.809999912977219,27.891905,0.156637,0.3216749
8.820000141859055,28.031906,0.15710858,0.32045412
8.83000037074089,28.139904,0.15764755,0.31801257
8.83999964594841,28.283905,0.1582539,0.31435025
8.849999874830246,28.439903,0.15879287,0.3119087
8.860000103712082,28.559904,0.15926445,0.30946714
8.870000332593918,28.6599,0.15980342,0.30702558
8.879999607801437,28.827902,0.16047713,0.30458403
8.889999836683273,28.9759,0.16108346,0.30092168
8.90000006556511,29.0919,0.16155507,0.29848012
8.910000294446945,29.175901,0.16182454,0.29848012
8.919999569654465,29.2519,0.16209403,0.29725936
8.9299997985363,29.2999,0.16243087,0.29603857
8.940000027418137,29.3519,0.16276774,0.2948178
8.950000256299973,29.4599,0.16310458,0.293597
8.959999531507492,29.5679,0.16364355,0.29115546
8.969999760389328,29.667898,0.16418251,0.2887139
8.979999989271164,29.7999,0.1646541,0.28627235
8.990000218153,29.939898,0.16526045,0.2838308
9.000000447034836,30.027899,0.16579942,0.28138924
9.009999722242355,30.119898,0.1660689,0.28016847
9.019999951124191,30.199898,0.16620365,0.28016847
9.030000180006027,30.187899,0.16633838,0.28016847
9.040000408887863,30.179897,0.16633838,0.28138924
9.049999684095383,30.187899,0.16633838,0.28261003
9.059999912977219,30.147898,0.16633838,0.2838308
9.070000141859055,30.147898,0.16633838,0.28505158
9.08000037074089,30.143898,0.16633838,0.28627235
9.08999964594841,30.155897,0.16640575,0.28627235
9.099999874830246,30.111898,0.16640575,0.2887139
9.110000103712082,30.079897,0.16640575,0.2887139
9.120000332593918,30.103897,0.16640575,0.29115546
9.129999607801437,30.095896,0.16640575,0.29115546
9.139999836683273,30.055897,0.16640575,0.29237625
9.15000006556511,30.051899,0.16640575,0.293597
9.160000294446945,30.047897,0.16640575,0.2948178
9.169999569654465,30.031898,0.16640575,0.29603857
9.1799997985363,30.027899,0.16647312,0.29603857
9.190000027418137,30.039898,0.16647312,0.29848012
9.200000256299973,29.999897,0.16647312,0.29848012
9.209999531507492,29.999897,0.16647312,0.30092168
9.219999760389328,29.991898,0.16647312,0.30092168
9.229999989271164,29.975899,0.16647312,0.30214247
9.240000218153,29.959896,0.16647312,0.30336323
9.250000447034836,29.975899,0.16654049,0.30458403
9.259999722242355,29.9959,0.16654049,0.3058048
9.269999951124191,29.9359,0.16654049,0.30702558
9.280000180006027,29.907898,0.16654049,0.30824634
9.290000408887863,29.959896,0.16654049,0.30946714
9.299999684095383,29.963898,0.16654049,0.3106879
9.309999912977219,29.895899,0.16654049,0.3119087
9.320000141859055,29.895899,0.16654049,0.3119087
9.33000037074089,29.895899,0.16654049,0.31435025
9.33999964594841,29.903898,0.16660787,0.31435025
9.349999874830246,29.883898,0.16660787,0.315571
9.360000103712082,29.867897,0.16660787,0.3167918
9.370000332593918,29.875898,0.16660787,0.31801257
9.379999607801437,29.875898,0.16660787,0.31923336
9.389999836683273,29.851898,0.16660787,0.32045412
9.40000006556511,29.843897,0.16667522,0.32045412
9.410000294446945,29.831898,0.16667522,0.3216749
9.419999569654465,29.843897,0.16667522,0.32289568
9.4299997985363,29.8399,0.16667522,0.32411647
9.440000027418137,29.787897,0.16674261,0.32533723
9.450000256299973,29.8359,0.16687736,0.32533723
9.459999531507492,29.923897,0.1670121,0.32533723
9.469999760389328,29.919897,0.16707946,0.32655802
9.479999989271164,29.871899,0.16714683,0.32655802
9.490000218153,29.907898,0.16728158,0.32655802
9.500000447034836,29.967897,0.16741632,0.3277788
9.509999722242355,29.971899,0.16748369,0.3277788
9.519999951124191,29.983898,0.1676858,0.3277788
9.530000180006027,30.007898,0.16788791,0.3277788
9.540000408887863,30.083897,0.16809003,0.3277788
9.549999684095383,30.127897,0.1683595,0.32655802
9.559999912977219,30.203897,0.16869636,0.32533723
9.570000141859055,30.303898,0.16923532,0.32289568
9.58000037074089,30.419897,0.16984166,0.32045412
9.58999964594841,30.615896,0.17038062,0.3167918
9.599999874830246,30.735895,0.17098697,0.31435025
9.610000103712082,30.835894,0.17152594,0.3119087
9.620000332593918,31.019896,0.17213227,0.30824634
9.629999607801437,31.191895,0.17280598,0.3058048
9.639999836683273,31.299892,0.17334494,0.30214247
9.65000006556511,31.371893,0.17361443,0.30214247
9.660000294446945,31.443893,0.17374916,0.30214247
9.669999569654465,31.483892,0.17374916,0.30336323
9.6799997985363,31.439892,0.17374916,0.30458403
9.690000027418137,31.391893,0.17381653,0.30458403
9.700000256299973,31.427893,0.17381653,0.3058048
9.709999531507492,31.423893,0.17381653,0.30702558
9.719999760389328,31.399893,0.17381653,0.30824634
9.729999989271164,31.387894,0.17388391,0.30946714
9.740000218153,31.403893,0.17388391,0.3106879
9.750000447034836,31.391893,0.17388391,0.3119087
9.759999722242355,31.387894,0.17388391,0.3119087
9.769999951124191,31.339893,0.17395127,0.31312945
9.780000180006027,31.315895,0.17395127,0.31435025
9.790000408887863,31.343893,0.17395127,0.315571
9.799999684095383,31.359892,0.17395127,0.3167918
9.809999912977219,31.299892,0.17401865,0.3167918
9.820000141859055,31.319893,0.17408602,0.31801257
9.83000037074089,31.355894,0.17415339,0.31801257
9.83999964594841,31.371893,0.17422076,0.31923336
9.849999874830246,31.327894,0.17422076,0.32045412
9.860000103712082,31.343893,0.17428814,0.3216749
9.870000332593918,31.391893,0.17449024,0.32045412
9.879999607801437,31.403893,0.17475972,0.32045412
9.889999836683273,31.479893,0.1750292,0.31923336
9.90000006556511,31.575891,0.17543343,0.31801257
9.910000294446945,31.655891,0.1757703,0.3167918
9.919999569654465,31.731892,0.17603977,0.3167918
9.9299997985363,31.783894,0.17637663,0.31435025
9.940000027418137,31.879892,0.17678085,0.31312945
9.950000256299973,31.975891,0.17718507,0.3119087
9.959999531507492,32.09989,0.1775893,0.30946714
9.969999760389328,32.15589,0.17792615,0.30946714
9.979999989271164,32.19589,0.17812827,0.30824634
9.990000218153,32.23589,0.17833038,0.30824634
10.000000447034836,32.30389,0.1785325,0.30824634
10.009999722242355,32.33989,0.17866723,0.30824634
10.019999951124191,32.34389,0.17886934,0.30824634
10.030000180006027,32.391888,0.17900407,0.30824634
10.040000408887863,32.41989,0.17907146,0.30824634
10.049999684095383,32.383892,0.17907146,0.3106879
10.059999912977219,32.37589,0.17913882,0.3106879
10.070000141859055,32.41189,0.17913882,0.3119087
10.08000037074089,32.391888,0.17913882,0.31312945
10.08999964594841,32.37589,0.17920619,0.31435025
10.099999874830246,32.383892,0.17927356,0.31435025
10.110000103712082,32.37589,0.17927356,0.315571
10.120000332593918,32.36389,0.17934094,0.3167918
10.129999607801437,32.38789,0.17934094,0.31801257
10.139999836683273,32.383892,0.17940831,0.31801257
10.15000006556511,32.36389,0.17940831,0.31923336
10.160000294446945,32.34789,0.17947568,0.32045412
10.169999569654465,32.37189,0.17947568,0.32045412
10.1799997985363,32.34389,0.17947568,0.3216749
10.190000027418137,32.32389,0.17954305,0.32289568
10.200000256299973,32.35989,0.17954305,0.32411647
10.209999531507492,32.37189,0.17961043,0.32411647
10.219999760389328,32.34789,0.17974517,0.32533723
10.229999989271164,32.37989,0.17981254,0.32533723
10.240000218153,32.37989,0.1798799,0.32655802
10.250000447034836,32.37989,0.18001465,0.32655802
10.259999722242355,32.41589,0.18014939,0.32655802
10.269999951124191,32.46389,0.18021676,0.3277788
10.280000180006027,32.45989,0.18028413,0.3277788
10.290000408887863,32.46389,0.18041886,0.3277788
10.299999684095383,32.48789,0.1805536,0.32899958
10.309999912977219,32.543888,0.18068835,0.32899958
10.320000141859055,32.543888,0.18082309,0.32899958
10.33000037074089,32.55989,0.1810252,0.32899958
10.33999964594841,32.62389,0.18115994,0.32899958
10.349999874830246,32.65989,0.18142943,0.32899958
10.360000103712082,32.683887,0.18163154,0.3277788
10.370000332593918,32.755886,0.18183365,0.3277788
10.379999607801437,32.815887,0.18217051,0.32655802
10.389999836683273,32.88389,0.18250737,0.32533723
10.40000006556511,32.95989,0.1828442,0.32411647
10.410000294446945,33.031887,0.1831137,0.32411647
10.419999569654465,33.127888,0.18351792,0.3216749
10.4299997985363,33.25189,0.1840569,0.31923336
10.440000027418137,33.399887,0.18466322,0.3167918
10.450000256299973,33.539886,0.18526956,0.31312945
10.459999531507492,33.615887,0.18567379,0.3119087
10.469999760389328,33.699886,0.18580852,0.3119087
10.479999989271164,33.735886,0.18580852,0.31312945
10.490000218153,33.679886,0.1858759,0.31435025
10.500000447034836,33.687885,0.1858759,0.31435025
10.509999722242355,33.683887,0.1858759,0.3167918
10.519999951124191,33.667885,0.18594328,0.3167918
10.530000180006027,33.663887,0.18594328,0.31801257
10.540000408887863,33.679886,0.18601063,0.31801257
10.549999684095383,33.663887,0.18601063,0.31923336
10.559999912977219,33.651886,0.18601063,0.32045412
10.570000141859055,33.64789,0.18607801,0.3216749
10.58000037074089,33.643887,0.18607801,0.32289568
10.58999964594841,33.639885,0.18614538,0.32289568
10.599999874830246,33.639885,0.18614538,0.32411647
10.610000103712082,33.635883,0.18621276,0.32533723
10.620000332593918,33.623886,0.18628012,0.32655802
10.629999607801437,33.627888,0.1863475,0.32655802
10.639999836683273,33.679886,0.18641487,0.3277788
10.65000006556511,33.691883,0.18648224,0.3277788
10.660000294446945,33.64789,0.1865496,0.32899958
10.669999569654465,33.667885,0.1865496,0.33022034
10.6799997985363,33.679886,0.18661699,0.33022034
10.690000027418137,33.667885,0.18668434,0.33144113
10.700000256299973,33.667885,0.18675172,0.33144113
10.709999531507492,33.707886,0.18681909,0.3326619
10.719999760389328,33.727882,0.18695383,0.3326619
10.729999989271164,33.727882,0.18715595,0.3326619
10.740000218153,33.803886,0.18742543,0.33144113
10.750000447034836,33.903885,0.18782966,0.33022034
10.759999722242355,33.991886,0.18830125,0.3277788
10.769999951124191,34.127884,0.18884021,0.32533723
10.780000180006027,34.267883,0.18944654,0.32289568
10.790000408887863,34.36788,0.18998551,0.32045412
10.799999684095383,34.515884,0.19059186,0.3167918
10.809999912977219,34.699883,0.19119819,0.31435025
10.820000141859055,34.80788,0.19166979,0.3119087
10.83000037074089,34.89988,0.19200663,0.3106879
10.83999964594841,34.97188,0.19207402,0.3106879
10.849999874830246,34.97588,0.19207402,0.3119087
10.860000103712082,34.92388,0.19214138,0.31312945
10.870000332593918,34.927883,0.19214138,0.31435025
10.879999607801437,34.93588,0.19214138,0.315571
10.889999836683273,34.89588,0.19214138,0.3167918
10.90000006556511,34.88388,0.19214138,0.31801257
10.910000294446945,34.879883,0.19214138,0.31801257
10.919999569654465,34.89988,0.19214138,0.32045412
10.9299997985363,34.831882,0.19220875,0.32045412
10.940000027418137,34.83988,0.19220875,0.3216749
10.950000256299973,34.85588,0.19220875,0.32289568
10.959999531507492,34.831882,0.19227612,0.32411647
10.969999760389328,34.83988,0.19227612,0.32411647
10.979999989271164,34.83588,0.19227612,0.32655802
10.990000218153,34.831882,0.19234349,0.32655802
11.000000447034836,34.823883,0.19241086,0.3277788
11.009999722242355,34.81588,0.19247822,0.3277788
11.019999951124191,34.81588,0.19247822,0.32899958
11.030000180006027,34.82788,0.19254561,0.33022034
11.040000408887863,34.859882,0.19261296,0.33022034
11.049999684095383,34.871883,0.19268034,0.33144113
11.059999912977219,34.81588,0.19274771,0.33144113
11.070000141859055,34.811882,0.19281508,0.3326619
11.08000037074089,34.879883,0.19294983,0.3326619
11.08999964594841,34.89588,0.19294983,0.3338827
11.099999874830246,34.84388,0.19294983,0.33510345
11.110000103712082,34.871883,0.1930172,0.33632424
11.120000332593918,34.91188,0.19315194,0.33632424
11.129999607801437,34.89988,0.19328667,0.33632424
11.139999836683273,34.93188,0.19348879,0.33632424
11.15000006556511,35.00788,0.19375828,0.33510345
11.160000294446945,35.10388,0.1941625,0.3338827
11.169999569654465,35.24788,0.19490358,0.33022034
11.1799997985363,35.459877,0.19598152,0.32411647
11.190000027418137,35.77588,0.1973963,0.315571
11.200000256299973,36.203876,0.19901319,0.30458403
11.209999531507492,36.567875,0.20022587,0.29725936
11.219999760389328,36.847874,0.20110168,0.29237625
11.229999989271164,36.983875,0.20177539,0.2887139
11.240000218153,37.207874,0.20258383,0.28505158
11.250000447034836,37.439873,0.20359442,0.27894768
11.259999722242355,37.65987,0.20467234,0.2728438
11.269999951124191,37.88387,0.20534603,0.26918146
11.280000180006027,37.98387,0.20554817,0.26918146
11.290000408887863,38.01187,0.20554817,0.26918146
11.299999684095383,37.95187,0.20554817,0.27040225
11.309999912977219,37.919872,0.20554817,0.27162302
11.320000141859055,37.91587,0.20554817,0.2728438
11.33000037074089,37.91187,0.20554817,0.27406457
11.33999964594841,37.871872,0.20554817,0.27528536
11.349999874830246,37.85187,0.20554817,0.27650613
11.360000103712082,37.82387,0.20554817,0.27772692
11.370000332593918,37.81187,0.20554817,0.27894768
11.379999607801437,37.81187,0.20554817,0.28016847
11.389999836683273,37.787872,0.20554817,0.28138924
11.40000006556511,37.74787,0.20554817,0.28261003
11.410000294446945,37.759872,0.20554817,0.2838308
11.419999569654465,37.759872,0.20554817,0.28505158
11.4299997985363,37.687874,0.20554817,0.28627235
11.440000027418137,37.69987,0.20554817,0.28749314
11.450000256299973,37.703873,0.20554817,0.2887139
11.459999531507492,37.683872,0.20554817,0.2899347
11.469999760389328,37.65187,0.20554817,0.29115546
11.479999989271164,37.63587,0.20554817,0.29115546
11.490000218153,37.675873,0.20554817,0.29237625
11.500000447034836,37.655872,0.20554817,0.293597
11.509999722242355,37.59187,0.20554817,0.2948178
11.519999951124191,37.583874,0.20554817,0.29603857
11.530000180006027,37.58787,0.20554817,0.29725936
11.540000408887863,37.571873,0.20554817,0.29848012
11.549999684095383,37.55587,0.20554817,0.29970092
11.559999912977219,37.53587,0.20554817,0.30092168
11.570000141859055,37.51987,0.20554817,0.30214247
11.58000037074089,37.543873,0.20554817,0.30336323
11.58999964594841,37.527874,0.20554817,0.30458403
11.599999874830246,37.495872,0.20554817,0.3058048
11.610000103712082,37.479874,0.20554817,0.30702558
11.620000332593918,37.491875,0.20554817,0.30824634
11.629999607801437,37.471874,0.20554817,0.30946714
11.639999836683273,37.42787,0.20554817,0.3106879
11.65000006556511,37.42787,0.20554817,0.3119087
11.660000294446945,37.459873,0.20554817,0.3119087
11.669999569654465,37.40787,0.20554817,0.31312945
11.6799997985363,37.383873,0.20554817,0.31435025
11.690000027418137,37.395874,0.20554817,0.315571
11.700000256299973,37.375874,0.20554817,0.3167918
11.709999531507492,37.37987,0.20554817,0.31801257
11.719999760389328,37.37987,0.20554817,0.31923336
11.729999989271164,37.35987,0.20554817,0.32045412
11.740000218153,37.343872,0.20554817,0.3216749
11.750000447034836,37.33987,0.20554817,0.32289568
11.759999722242355,37.311874,0.20554817,0.32411647
11.769999951124191,37.291874,0.20554817,0.32533723
11.780000180006027,37.299873,0.20554817,0.32655802
11.790000408887863,37.327873,0.20561552,0.32655802
11.799999684095383,37.295876,0.20561552,0.3277788
11.809999912977219,37.295876,0.20575027,0.3277788
11.820000141859055,37.311874,0.20588501,0.32899958
11.83000037074089,37.371872,0.20601974,0.32899958
11.83999964594841,37.35987,0.2061545,0.32899958
11.849999874830246,37.391872,0.20628923,0.32899958
11.860000103712082,37.459873,0.20649135,0.32899958
11.870000332593918,37.487873,0.20676084,0.3277788
11.879999607801437,37.579872,0.20723243,0.32655802
11.889999836683273,37.74787,0.20790613,0.32289568
11.90000006556511,37.95187,0.20884933,0.31801257
11.910000294446945,38.24387,0.20999463,0.3106879
11.919999569654465,38.527866,0.21107256,0.30458403
11.9299997985363,38.71187,0.21161152,0.30214247
11.940000027418137,38.77187,0.21161152,0.30214247
11.950000256299973,38.75987,0.21161152,0.30458403
11.959999531507492,38.77987,0.21161152,0.30458403
11.969999760389328,38.75187,0.21161152,0.3058048
11.979999989271164,38.70387,0.21161152,0.30702558
11.990000218153,38.71587,0.2116789,0.30824634
12.000000447034836,38.73187,0.2116789,0.30946714
12.009999722242355,38.66787,0.2116789,0.3106879
12.019999951124191,38.671867,0.2116789,0.3119087
12.030000180006027,38.66787,0.21174626,0.3119087
12.040000408887863,38.65587,0.21174626,0.31312945
12.049999684095383,38.671867,0.21181364,0.31435025
12.059999912977219,38.65587,0.21181364,0.315571
12.070000141859055,38.61987,0.21181364,0.3167918
12.08000037074089,38.63187,0.21188101,0.3167918
12.08999964594841,38.651867,0.21194838,0.31801257
12.099999874830246,38.65587,0.21194838,0.31923336
12.110000103712082,38.635868,0.21208313,0.31923336
12.120000332593918,38.67587,0.21221787,0.31923336
12.129999607801437,38.71587,0.2123526,0.31923336
12.139999836683273,38.73987,0.21255472,0.31923336
12.15000006556511,38.763866,0.2128242,0.31801257
12.160000294446945,38.87187,0.21316105,0.31801257
12.169999569654465,38.991867,0.21356528,0.315571
12.1799997985363,39.09987,0.21417162,0.31312945
12.190000027418137,39.227867,0.21484533,0.30946714
12.200000256299973,39.41987,0.21565378,0.30458403
12.209999531507492,39.639866,0.2165296,0.30092168
12.219999760389328,39.835865,0.21700118,0.29848012
12.229999989271164,39.883865,0.21706855,0.29848012
12.240000218153,39.859863,0.21706855,0.29970092
12.250000447034836,39.859863,0.21706855,0.30092168
12.259999722242355,39.879864,0.21706855,0.30214247
12.269999951124191,39.855865,0.21713592,0.30214247
12.280000180006027,39.783867,0.21713592,0.30336323
12.290000408887863,39.803864,0.21713592,0.30458403
12.299999684095383,39.839863,0.21713592,0.3058048
12.309999912977219,39.795864,0.21713592,0.30702558
12.320000141859055,39.751865,0.21713592,0.30824634
12.33000037074089,39.775864,0.2172033,0.30946714
12.33999964594841,39.787865,0.2172033,0.3106879
12.349999874830246,39.731865,0.21727066,0.3106879
12.360000103712082,39.711864,0.21727066,0.3119087
12.370000332593918,39.727863,0.21727066,0.31312945
12.379999607801437,39.747864,0.21727066,0.31435025
12.389999836683273,39.727863,0.21733804,0.315571
12.40000006556511,39.715866,0.21733804,0.3167918
12.410000294446945,39.715866,0.21740541,0.31801257
12.419999569654465,39.715866,0.21747278,0.31801257
12.4299997985363,39.739864,0.21747278,0.31801257
12.440000027418137,39.695866,0.21747278,0.32045412
12.450000256299973,39.675865,0.21754014,0.32045412
12.459999531507492,39.707863,0.21754014,0.3216749
12.469999760389328,39.723866,0.21760753,0.3216749
12.479999989271164,39.667862,0.21767488,0.32289568
12.490000218153,39.715866,0.21780963,0.32289568
12.500000447034836,39.767864,0.21787702,0.32411647
12.509999722242355,39.767864,0.21794437,0.32411647
12.519999951124191,39.735863,0.21807912,0.32533723
12.530000180006027,39.751865,0.21821386,0.32533723
12.540000408887863,39.831867,0.21841598,0.32533723
12.549999684095383,39.903866,0.21875282,0.32411647
12.559999912977219,39.983864,0.21922442,0.3216749
12.570000141859055,40.11986,0.2197634,0.31923336
12.58000037074089,40.247864,0.22036973,0.3167918
12.58999964594841,40.415863,0.22104344,0.3119087
12.599999874830246,40.647865,0.22185189,0.30824634
12.610000103712082,40.84386,0.2227277,0.30336323
12.620000332593918,41.03186,0.22340141,0.30092168
12.629999607801437,41.15986,0.22360353,0.29970092
12.639999836683273,41.151863,0.22360353,0.30092168
12.65000006556511,41.099857,0.22360353,0.30214247
12.660000294446945,41.11586,0.22367088,0.30214247
12.669999569654465,41.15586,0.22367088,0.30336323
12.6799997985363,41.099857,0.22367088,0.30458403
12.690000027418137,41.06386,0.22367088,0.3058048
12.700000256299973,41.06786,0.22373827,0.3058048
12.709999531507492,41.09586,0.22380564,0.30702558
12.719999760389328,41.079857,0.223873,0.30824634
12.729999989271164,41.099857,0.22394037,0.30824634
12.740000218153,41.111862,0.22394037,0.30946714
12.750000447034836,41.04786,0.22394037,0.3106879
12.759999722242355,41.02386,0.22400776,0.3119087
12.769999951124191,41.059856,0.22407511,0.3119087
12.780000180006027,41.07186,0.22414249,0.31312945
12.790000408887863,41.07586,0.22414249,0.31435025
12.799999684095383,41.083862,0.22420986,0.31435025
12.809999912977219,41.059856,0.22427723,0.315571
12.820000141859055,41.079857,0.22441196,0.315571
12.83000037074089,41.10386,0.22447933,0.3167918
12.83999964594841,41.119858,0.2245467,0.3167918
12.849999874830246,41.11586,0.22461408,0.31801257
12.860000103712082,41.12386,0.22481619,0.31801257
12.870000332593918,41.16786,0.22501831,0.3167918
12.879999607801437,41.21586,0.2252878,0.3167918
12.889999836683273,41.29186,0.22562464,0.315571
12.90000006556511,41.419857,0.22609624,0.31312945
12.910000294446945,41.55586,0.2266352,0.3106879
12.919999569654465,41.651855,0.22717418,0.30824634
12.9299997985363,41.79986,0.22784789,0.30458403
12.940000027418137,41.991856,0.22858895,0.30092168
12.950000256299973,42.211857,0.2293974,0.29603857
12.959999531507492,42.371857,0.22993638,0.293597
12.969999760389328,42.479855,0.2303406,0.29237625
12.979999989271164,42.535854,0.2305427,0.29237625
12.990000218153,42.571857,0.23067744,0.29237625
13.000000447034836,42.579853,0.23074482,0.29237625
13.009999722242355,42.603855,0.23087956,0.29237625
13.019999951124191,42.603855,0.23094693,0.293597
13.030000180006027,42.619854,0.23108166,0.293597
13.040000408887863,42.63185,0.23121642,0.293597
13.049999684095383,42.639854,0.23135115,0.2948178
13.059999912977219,42.675854,0.23162064,0.293597
13.070000141859055,42.771854,0.2319575,0.29237625
13.08000037074089,42.883858,0.23242909,0.2899347
13.08999964594841,42.967854,0.23296805,0.2887139
13.099999874830246,43.107853,0.23350702,0.28505158
13.110000103712082,43.251854,0.23391125,0.2838308
13.120000332593918,43.33585,0.23431547,0.28261003
13.129999607801437,43.38385,0.23451757,0.28138924
13.139999836683273,43.439854,0.2347197,0.28138924
13.15000006556511,43.46785,0.2347197,0.28261003
13.160000294446945,43.419853,0.23478706,0.28261003
13.169999569654465,43.41585,0.23485444,0.2838308
13.1799997985363,43.431854,0.2349218,0.28505158
13.190000027418137,43.455853,0.23498918,0.28505158
13.200000256299973,43.44785,0.23498918,0.28627235
13.209999531507492,43.431854,0.23505655,0.28627235
13.219999760389328,43.38385,0.23505655,0.2887139
13.229999989271164,43.391853,0.23512392,0.2887139
13.240000218153,43.44785,0.23519129,0.2899347
13.250000447034836,43.431854,0.23519129,0.29115546
13.259999722242355,43.37585,0.23519129,0.29237625
13.269999951124191,43.387856,0.23525867,0.29237625
13.280000180006027,43.407856,0.23525867,0.293597
13.290000408887863,43.35585,0.23532602,0.2948178
13.299999684095383,43.35585,0.23532602,0.29603857
13.309999912977219,43.37585,0.23532602,0.29603857
13.320000141859055,43.379852,0.2353934,0.29725936
13.33000037074089,43.33585,0.23546077,0.29848012
13.33999964594841,43.35585,0.23559551,0.29848012
13.349999874830246,43.399853,0.23566289,0.29848012
13.360000103712082,43.387856,0.23566289,0.30092168
13.370000332593918,43.379852,0.23566289,0.30092168
13.379999607801437,43.363853,0.23573025,0.30214247
13.389999836683273,43.35585,0.23579763,0.30214247
13.40000006556511,43.38385,0.235865,0.30336323
13.410000294446945,43.387856,0.235865,0.30458403
13.419999569654465,43.35585,0.235865,0.3058048
13.4299997985363,43.339855,0.235865,0.30702558
13.440000027418137,43.33585,0.23593238,0.30702558
13.450000256299973,43.351852,0.23593238,0.30824634
13.459999531507492,43.319855,0.23593238,0.30946714
13.469999760389328,43.307854,0.23593238,0.3106879
13.479999989271164,43.331852,0.23599973,0.3119087
13.490000218153,43.331852,0.23606712,0.3119087
13.500000447034836,43.29585,0.23606712,0.31312945
13.509999722242355,43.307854,0.23613448,0.31435025
13.519999951124191,43.331852,0.23620185,0.31435025
13.530000180006027,43.31585,0.23620185,0.3167918
13.540000408887863,43.343853,0.23626922,0.3167918
13.549999684095383,43.319855,0.23633659,0.31801257
13.559999912977219,43.327854,0.23647133,0.31801257
13.570000141859055,43.339855,0.23647133,0.31923336
13.58000037074089,43.343853,0.23647133,0.32045412
13.58999964594841,43.319855,0.23653871,0.32045412
13.599999874830246,43.319855,0.23660606,0.3216749
13.610000103712082,43.343853,0.23660606,0.3216749
13.620000332593918,43.351852,0.23667344,0.32289568
13.629999607801437,43.339855,0.23680818,0.32289568
13.639999836683273,43.35585,0.23694293,0.32411647
13.65000006556511,43.435852,0.23721242,0.32289568
13.660000294446945,43.479855,0.23748189,0.32289568
13.669999569654465,43.54785,0.23781875,0.32045412
13.6799997985363,43.67585,0.23835771,0.31801257
13.690000027418137,43.84785,0.23916616,0.31435025
13.700000256299973,44.06785,0.23997462,0.30946714
13.709999531507492,44.28785,0.24078307,0.30458403
13.719999760389328,44.48785,0.24152413,0.30214247
13.729999989271164,44.60785,0.2420631,0.29848012
13.740000218153,44.715847,0.24233258,0.29848012
13.750000447034836,44.775845,0.24239996,0.29848012
13.759999722242355,44.751846,0.24239996,0.29970092
13.769999951124191,44.727848,0.24239996,0.30092168
13.780000180006027,44.723846,0.24239996,0.30214247
13.790000408887863,44.715847,0.24246733,0.30214247
13.799999684095383,44.683846,0.2425347,0.30336323
13.809999912977219,44.69185,0.2425347,0.30458403
13.820000141859055,44.695847,0.2425347,0.3058048
13.83000037074089,44.679848,0.2425347,0.30702558
13.83999964594841,44.651848,0.2425347,0.30824634
13.849999874830246,44.631847,0.2425347,0.30946714
13.860000103712082,44.615845,0.2425347,0.3106879
13.870000332593918,44.631847,0.2425347,0.3119087
13.879999607801437,44.615845,0.2425347,0.3119087
13.889999836683273,44.615845,0.2425347,0.31435025
13.90000006556511,44.54785,0.2425347,0.31435025
13.910000294446945,44.575848,0.2425347,0.3167918
13.919999569654465,44.595844,0.2425347,0.3167918
13.9299997985363,44.53185,0.2425347,0.31801257
13.940000027418137,44.50785,0.2425347,0.31923336
13.950000256299973,44.555847,0.24260207,0.32045412
13.959999531507492,44.55985,0.24266945,0.32045412
13.969999760389328,44.53185,0.24273682,0.3216749
13.979999989271164,44.535847,0.24273682,0.32289568
13.990000218153,44.543846,0.24280418,0.32289568
14.000000447034836,44.57985,0.24293894,0.32411647
14.009999722242355,44.56785,0.24300629,0.32411647
14.019999951124191,44.583847,0.24314104,0.32411647
14.030000180006027,44.60785,0.24327578,0.32411647
14.040000408887863,44.655846,0.24347791,0.32411647
14.049999684095383,44.695847,0.24374738,0.32411647
14.059999912977219,44.76785,0.24408422,0.32289568
14.070000141859055,44.87985,0.24462321,0.32045412
14.08000037074089,45.027843,0.24516219,0.31801257
14.08999964594841,45.187847,0.24570113,0.31435025
14.099999874830246,45.283848,0.24624011,0.3119087
14.110000103712082,45.387844,0.2467117,0.3106879
14.120000332593918,45.535847,0.24704856,0.30946714
14.129999607801437,45.607845,0.24731803,0.30824634
14.139999836683273,45.615845,0.24752015,0.30824634
14.15000006556511,45.68384,0.24772228,0.30824634
14.160000294446945,45.723843,0.247857,0.30824634
14.169999569654465,45.731842,0.247857,0.30946714
14.1799997985363,45.691845,0.24792437,0.30946714
14.190000027418137,45.699844,0.24799176,0.3106879
14.200000256299973,45.723843,0.24805912,0.3106879
14.209999531507492,45.743843,0.24819385,0.3119087
14.219999760389328,45.731842,0.24826123,0.3119087
14.229999989271164,45.715847,0.2483286,0.31312945
14.240000218153,45.743843,0.24839596,0.31312945
14.250000447034836,45.791843,0.24853072,0.31435025
14.259999722242355,45.795845,0.24853072,0.31435025
14.269999951124191,45.719845,0.24859807,0.315571
14.280000180006027,45.743843,0.24866544,0.3167918
14.290000408887863,45.795845,0.24873282,0.3167918
14.299999684095383,45.779846,0.24873282,0.31801257
14.309999912977219,45.751842,0.24880019,0.31923336
14.320000141859055,45.759846,0.24880019,0.32045412
14.33000037074089,45.767845,0.24886757,0.32045412
14.33999964594841,45.735847,0.24886757,0.3216749
14.349999874830246,45.735847,0.24886757,0.32289568
14.360000103712082,45.747845,0.24893494,0.32411647
14.370000332593918,45.755848,0.24900232,0.32411647
14.379999607801437,45.763844,0.24913704,0.32411647
14.389999836683273,45.771843,0.2492718,0.32411647
14.40000006556511,45.799843,0.24940655,0.32533723
14.410000294446945,45.835846,0.24954127,0.32533723
14.419999569654465,45.89184,0.24960864,0.32655802
14.4299997985363,45.871845,0.24981077,0.32533723
14.440000027418137,45.89184,0.25001287,0.32533723
14.450000256299973,45.987846,0.2503497,0.32411647
14.459999531507492,46.119843,0.25088868,0.3216749
14.469999760389328,46.24784,0.25149503,0.31801257
14.479999989271164,46.423843,0.25216874,0.315571
14.490000218153,46.58784,0.25277507,0.3119087
14.500000447034836,46.723843,0.25331402,0.3106879
14.509999722242355,46.79584,0.25358352,0.30824634
14.519999951124191,46.83184,0.2536509,0.30946714
14.530000180006027,46.84384,0.2536509,0.3106879
14.540000408887863,46.84384,0.2536509,0.3119087
14.549999684095383,46.79984,0.2536509,0.31312945
14.559999912977219,46.783844,0.2536509,0.31435025
14.570000141859055,46.77584,0.2536509,0.315571
14.58000037074089,46.75584,0.2536509,0.3167918
14.58999964594841,46.76784,0.2536509,0.31801257
14.599999874830246,46.73584,0.2536509,0.31801257
14.610000103712082,46.711838,0.2536509,0.32045412
14.620000332593918,46.69984,0.2536509,0.32045412
14.629999607801437,46.68384,0.2536509,0.3216749
14.639999836683273,46.675842,0.2536509,0.32289568
14.65000006556511,46.65984,0.2536509,0.32411647
14.660000294446945,46.68384,0.2536509,0.32533723
14.669999569654465,46.65584,0.2536509,0.32655802
14.6799997985363,46.60784,0.2536509,0.3277788
14.690000027418137,46.60784,0.2536509,0.32899958
14.700000256299973,46.623844,0.2536509,0.33022034
14.709999531507492,46.58784,0.2536509,0.33144113
14.719999760389328,46.57584,0.2536509,0.3326619
14.729999989271164,46.55184,0.2536509,0.3338827
14.740000218153,46.52784,0.2536509,0.33510345
14.750000447034836,46.511845,0.2536509,0.33632424
14.759999722242355,46.535843,0.2536509,0.337545
14.769999951124191,46.54784,0.2536509,0.337545
14.780000180006027,46.49984,0.2536509,0.33998656
14.790000408887863,46.47984,0.2536509,0.33998656
14.799999684095383,46.48384,0.25371826,0.34120736
14.809999912977219,46.491844,0.25371826,0.34242812
14.820000141859055,46.487843,0.2537856,0.3436489
14.83000037074089,46.51984,0.25392038,0.3436489
14.83999964594841,46.50784,0.2540551,0.3436489
14.849999874830246,46.52784,0.25425723,0.3436489
14.860000103712082,46.55984,0.2543246,0.3436489
14.870000332593918,46.591843,0.25439197,0.34486967
14.879999607801437,46.611843,0.25459406,0.34486967
14.889999836683273,46.66384,0.2547962,0.3436489
14.90000006556511,46.743843,0.25506568,0.3436489
14.910000294446945,46.75984,0.2552678,0.3436489
14.919999569654465,46.79584,0.2554025,0.3436489
14.9299997985363,46.851837,0.25553727,0.3436489
14.940000027418137,46.883842,0.255672,0.3436489
14.950000256299973,46.86784,0.25587413,0.3436489
14.959999531507492,46.93584,0.2561436,0.3436489
14.969999760389328,47.06784,0.25654784,0.34120736
14.979999989271164,47.191837,0.25715417,0.337545
14.990000218153,47.351837,0.2579626,0.3338827
15.000000447034836,47.57184,0.2587711,0.33022034
15.009999722242355,47.787838,0.25957954,0.32533723
15.019999951124191,47.967834,0.26025322,0.3216749
15.030000180006027,48.135838,0.26065743,0.32045412
15.040000408887863,48.179836,0.2607922,0.32045412
15.049999684095383,48.179836,0.2607922,0.3216749
15.059999912977219,48.159836,0.26085958,0.3216749
15.070000141859055,48.155838,0.26085958,0.32289568
15.08000037074089,48.111835,0.2609269,0.32411647
15.08999964594841,48.139835,0.2609269,0.32533723
15.099999874830246,48.155838,0.2609269,0.32655802
15.110000103712082,48.123837,0.2609943,0.32655802
15.120000332593918,48.079834,0.2609943,0.3277788
15.129999607801437,48.071835,0.2609943,0.32899958
15.139999836683273,48.095837,0.2609943,0.33022034
15.15000006556511,48.06384,0.26106167,0.33022034
15.160000294446945,48.079834,0.2611964,0.33144113
15.169999569654465,48.115837,0.2612638,0.33144113
15.1799997985363,48.111835,0.26133117,0.3326619
15.190000027418137,48.107838,0.26146588,0.3326619
15.200000256299973,48.135838,0.26160064,0.3326619
15.209999531507492,48.187836,0.26180273,0.3326619
15.219999760389328,48.24384,0.26207224,0.33144113
15.229999989271164,48.323833,0.2624091,0.33022034
15.240000218153,48.431835,0.26294807,0.3277788
15.250000447034836,48.575832,0.26368913,0.32411647
15.259999722242355,48.787838,0.2646323,0.31923336
15.269999951124191,49.12783,0.26577762,0.3119087
15.280000180006027,49.435833,0.26712504,0.30458403
15.290000408887863,49.735832,0.2683377,0.29725936
15.299999684095383,49.995827,0.2690788,0.293597
15.309999912977219,50.13183,0.26955038,0.29115546
15.320000141859055,50.25583,0.27008936,0.28749314
15.33000037074089,50.39183,0.2706957,0.28505158
15.33999964594841,50.559826,0.2713694,0.28138924
15.349999874830246,50.719826,0.27211046,0.27772692
15.360000103712082,50.92383,0.2729863,0.2728438
15.370000332593918,51.11583,0.27366,0.26918146
15.379999607801437,51.239826,0.27392948,0.2679607
15.389999836683273,51.231827,0.27392948,0.26918146
15.40000006556511,51.223824,0.27392948,0.27040225
15.410000294446945,51.199825,0.27399686,0.27162302
15.419999569654465,51.163826,0.27399686,0.2728438
15.4299997985363,51.151825,0.27399686,0.27406457
15.440000027418137,51.155827,0.27399686,0.27528536
15.450000256299973,51.103825,0.27399686,0.27650613
15.459999531507492,51.07583,0.27399686,0.27650613
15.469999760389328,51.083824,0.27399686,0.27894768
15.479999989271164,51.063824,0.27399686,0.27894768
15.490000218153,51.043823,0.27399686,0.28138924
15.500000447034836,51.035828,0.27399686,0.28138924
15.509999722242355,51.007828,0.27399686,0.28261003
15.519999951124191,50.967827,0.27406424,0.2838308
15.530000180006027,50.979828,0.27406424,0.28505158
15.540000408887863,50.975826,0.27406424,0.28627235
15.549999684095383,50.951824,0.27406424,0.28627235
15.559999912977219,50.92383,0.27406424,0.2887139
15.570000141859055,50.927826,0.2741316,0.2887139
15.58000037074089,50.931824,0.2741316,0.2899347
15.58999964594841,50.88783,0.27419895,0.29115546
15.599999874830246,50.875828,0.27419895,0.29237625
15.610000103712082,50.911823,0.27419895,0.29237625
15.620000332593918,50.899826,0.27426633,0.293597
15.629999607801437,50.86383,0.27426633,0.2948178
15.639999836683273,50.851826,0.27426633,0.29603857
15.65000006556511,50.835827,0.27426633,0.29725936
15.660000294446945,50.84383,0.27433372,0.29848012
15.669999569654465,50.84383,0.27433372,0.29848012
15.6799997985363,50.835827,0.2744011,0.29970092
15.690000027418137,50.815826,0.27446845,0.30092168
15.700000256299973,50.835827,0.27446845,0.30092168
15.709999531507492,50.82383,0.27446845,0.30214247
15.719999760389328,50.791824,0.2745358,0.30336323
15.729999989271164,50.78383,0.2746032,0.30458403
15.740000218153,50.847828,0.27467057,0.30458403
15.750000447034836,50.839825,0.27473792,0.3058048
15.759999722242355,50.799828,0.2748053,0.3058048
15.769999951124191,50.827827,0.27494004,0.3058048
15.780000180006027,50.891827,0.27514216,0.3058048
15.790000408887863,50.939827,0.27547902,0.3058048
15.799999684095383,51.02783,0.2759506,0.30336323
15.809999912977219,51.171825,0.27662432,0.29970092
15.820000141859055,51.415825,0.27750012,0.2948178
15.83000037074089,51.651825,0.2784433,0.2899347
15.83999964594841,51.88782,0.27938652,0.2838308
15.849999874830246,52.095825,0.28012758,0.28016847
15.860000103712082,52.203823,0.2803297,0.27894768
15.870000332593918,52.259823,0.2803297,0.28138924
15.880000561475754,52.223824,0.2803297,0.28138924
15.89000079035759,52.183823,0.2803297,0.28261003
15.899999111890793,52.203823,0.2803297,0.2838308
15.909999340772629,52.195824,0.2803297,0.28505158
15.919999569654465,52.15982,0.2803297,0.28627235
15.9299997985363,52.099823,0.2803297,0.28749314
15.940000027418137,52.127823,0.2803297,0.2887139
15.950000256299973,52.13982,0.2803297,0.2899347
15.960000485181808,52.09182,0.2803297,0.29115546
15.970000714063644,52.03982,0.2803297,0.29237625
15.98000094294548,52.05182,0.2803971,0.29237625
15.989999264478683,52.063824,0.2803971,0.293597
15.99999949336052,52.02782,0.2803971,0.2948178
16.009999722242355,52.015823,0.2803971,0.29603857
16.01999995112419,52.007824,0.28046444,0.29725936
16.030000180006027,51.995823,0.2805318,0.29848012
16.040000408887863,52.003826,0.2805318,0.29848012
16.0500006377697,51.975822,0.28059918,0.29970092
16.060000866651535,51.971825,0.28059918,0.30092168
16.069999188184738,51.991825,0.28066656,0.30092168
16.079999417066574,51.995823,0.28073394,0.30214247
16.08999964594841,51.971825,0.2808013,0.30214247
16.099999874830246,51.995823,0.28086868,0.30336323
16.110000103712082,52.031822,0.28093603,0.30458403
16.120000332593918,52.03982,0.28100342,0.30458403
16.130000561475754,51.991825,0.28107077,0.3058048
16.14000079035759,51.99982,0.28113815,0.3058048
16.149999111890793,52.03982,0.28127292,0.3058048
16.15999934077263,52.087822,0.281475,0.3058048
16.169999569654465,52.107822,0.28167713,0.3058048
16.1799997985363,52.167824,0.2819466,0.30458403
16.190000027418137,52.27582,0.28235084,0.30336323
16.200000256299973,52.371822,0.2828898,0.30092168
16.21000048518181,52.52782,0.2834288,0.29848012
16.220000714063644,52.627823,0.28390035,0.29603857
16.23000094294548,52.73182,0.28430456,0.2948178
16.239999264478683,52.86382,0.28484353,0.29237625
16.24999949336052,52.97982,0.28524777,0.29115546
16.259999722242355,53.031822,0.2854499,0.2899347
16.26999995112419,53.047817,0.2854499,0.29115546
16.280000180006027,53.05582,0.2854499,0.29237625
16.290000408887863,53.05182,0.28551728,0.29237625
16.3000006377697,52.987816,0.28551728,0.2948178
16.310000866651535,52.99582,0.28551728,0.2948178
16.319999188184738,53.01182,0.28551728,0.29603857
16.329999417066574,52.97582,0.28551728,0.29725936
16.33999964594841,52.96782,0.28551728,0.29848012
16.349999874830246,52.95182,0.28551728,0.29970092
16.360000103712082,52.94382,0.28551728,0.30092168
16.370000332593918,52.907818,0.28551728,0.30214247
16.380000561475754,52.887817,0.28551728,0.30336323
16.39000079035759,52.90382,0.28551728,0.30458403
16.399999111890793,52.87582,0.28551728,0.3058048
16.40999934077263,52.867817,0.28551728,0.30702558
16.419999569654465,52.85182,0.28551728,0.30824634
16.4299997985363,52.79582,0.28551728,0.30946714
16.440000027418137,52.81182,0.28551728,0.3106879
16.450000256299973,52.82382,0.28551728,0.3119087
16.46000048518181,52.78382,0.28551728,0.3119087
16.470000714063644,52.755817,0.28551728,0.31435025
16.48000094294548,52.759823,0.28551728,0.31435025
16.489999264478683,52.759823,0.28551728,0.3167918
16.49999949336052,52.74382,0.28551728,0.3167918
16.509999722242355,52.739822,0.2855846,0.31801257
16.51999995112419,52.74382,0.2855846,0.31923336
16.530000180006027,52.70782,0.2855846,0.32045412
16.540000408887863,52.70382,0.2855846,0.3216749
16.5500006377697,52.687824,0.2855846,0.32289568
16.560000866651535,52.69582,0.2855846,0.32411647
16.569999188184738,52.65182,0.2855846,0.32533723
16.579999417066574,52.627823,0.28565198,0.32533723
16.58999964594841,52.63982,0.28565198,0.32655802
16.599999874830246,52.63982,0.28565198,0.3277788
16.610000103712082,52.65182,0.28571936,0.32899958
16.620000332593918,52.65982,0.28571936,0.33022034
16.630000561475754,52.63182,0.28578675,0.33022034
16.64000079035759,52.627823,0.2858541,0.33144113
16.649999111890793,52.647823,0.28598884,0.33144113
16.65999934077263,52.69982,0.28619096,0.33144113
16.669999569654465,52.73182,0.28639308,0.33022034
16.6799997985363,52.767822,0.2865952,0.33144113
16.690000027418137,52.83982,0.28672993,0.33022034
16.700000256299973,52.83182,0.28686467,0.33144113
16.71000048518181,52.87582,0.2870668,0.33022034
16.720000714063644,52.939823,0.28726888,0.33144113
16.73000094294548,52.94382,0.28740364,0.33022034
16.739999264478683,52.99582,0.28753838,0.33144113
16.74999949336052,53.03982,0.28774047,0.33022034
16.759999722242355,53.09182,0.28800997,0.33022034
16.76999995112419,53.15182,0.2884142,0.32899958
16.780000180006027,53.24382,0.2888858,0.32655802
16.790000408887863,53.42382,0.28955948,0.32289568
16.8000006377697,53.619816,0.29030058,0.31923336
16.810000866651535,53.791817,0.29104167,0.31435025
16.819999188184738,54.011814,0.29171535,0.3119087
16.829999417066574,54.123814,0.29218698,0.30946714
16.83999964594841,54.191814,0.2923217,0.30946714
16.849999874830246,54.199818,0.2923217,0.3106879
16.860000103712082,54.21982,0.29238907,0.3106879
16.870000332593918,54.195812,0.29245642,0.3119087
16.880000561475754,54.187813,0.2925238,0.3119087
16.89000079035759,54.195812,0.2925238,0.31435025
16.899999111890793,54.179817,0.2925238,0.31435025
16.90999934077263,54.163815,0.2925238,0.3167918
16.919999569654465,54.175816,0.29259118,0.3167918
16.9299997985363,54.175816,0.29265857,0.31801257
16.940000027418137,54.139816,0.29265857,0.31801257
16.950000256299973,54.143814,0.29265857,0.32045412
16.96000048518181,54.151817,0.29272592,0.32045412
16.970000714063644,54.12782,0.29272592,0.3216749
16.98000094294548,54.075813,0.29279327,0.3216749
16.989999264478683,54.119816,0.29286066,0.32289568
16.99999949336052,54.155815,0.29292804,0.32411647
17.009999722242355,54.143814,0.2929954,0.32411647
17.01999995112419,54.159817,0.29306278,0.32533723
17.030000180006027,54.163815,0.29319754,0.32533723
17.040000408887863,54.175816,0.29333225,0.32533723
17.0500006377697,54.199818,0.29346702,0.32533723
17.060000866651535,54.231815,0.29360175,0.32655802
17.069999188184738,54.251816,0.2936691,0.32655802
17.079999417066574,54.295815,0.29387122,0.32655802
17.08999964594841,54.351814,0.29420808,0.32533723
17.099999874830246,54.455814,0.29467967,0.32289568
17.110000103712082,54.563816,0.29515126,0.32045412
17.120000332593918,54.699814,0.29569024,0.31923336
17.130000561475754,54.83181,0.29616183,0.3167918
17.14000079035759,54.931812,0.29656607,0.31435025
17.149999111890793,55.01181,0.29697028,0.31312945
17.15999934077263,55.14781,0.29730713,0.3119087
17.169999569654465,55.26381,0.29777873,0.30946714
17.1799997985363,55.35181,0.29831767,0.30702558
17.190000027418137,55.47581,0.29872194,0.3058048
17.200000256299973,55.56781,0.2989914,0.30458403
17.21000048518181,55.62381,0.29926088,0.30458403
17.220000714063644,55.64381,0.29932827,0.30458403
17.23000094294548,55.627808,0.29939562,0.3058048
17.239999264478683,55.631813,0.299463,0.3058048
17.24999949336052,55.627808,0.299463,0.30702558
17.259999722242355,55.619812,0.299463,0.30824634
17.26999995112419,55.60381,0.2995304,0.30946714
17.280000180006027,55.59581,0.2995304,0.3106879
17.290000408887863,55.61581,0.29959774,0.3106879
17.3000006377697,55.619812,0.29959774,0.3119087
17.310000866651535,55.57581,0.2996651,0.31312945
17.319999188184738,55.57181,0.2996651,0.31435025
17.329999417066574,55.587807,0.29979986,0.31435025
17.33999964594841,55.591812,0.29986724,0.31435025
17.349999874830246,55.591812,0.2999346,0.315571
17.360000103712082,55.61581,0.30006933,0.315571
17.370000332593918,55.66381,0.30020407,0.3167918
17.380000561475754,55.67181,0.30047354,0.315571
17.39000079035759,55.723812,0.30067566,0.315571
17.399999111890793,55.767807,0.30094513,0.31435025
17.40999934077263,55.86381,0.30141675,0.3119087
17.419999569654465,55.97581,0.30188835,0.3106879
17.4299997985363,56.171806,0.30242732,0.30702558
17.440000027418137,56.291805,0.30303365,0.30458403
17.450000256299973,56.427807,0.30363998,0.30214247
17.46000048518181,56.57581,0.3041116,0.29970092
17.470000714063644,56.651806,0.3043137,0.29848012
17.48000094294548,56.663807,0.30444843,0.29970092
17.489999264478683,56.675804,0.3045158,0.29970092
17.49999949336052,56.66781,0.3045158,0.30092168
17.509999722242355,56.655804,0.3045158,0.30214247
17.51999995112419,56.647808,0.3045158,0.30336323
17.530000180006027,56.63981,0.3045158,0.30458403
17.540000408887863,56.631805,0.3045158,0.3058048
17.5500006377697,56.57581,0.3045158,0.30702558
17.560000866651535,56.59581,0.3045158,0.30824634
17.569999188184738,56.58781,0.3045158,0.30946714
17.579999417066574,56.539806,0.3045158,0.3106879
17.58999964594841,56.52781,0.3045158,0.3119087
17.599999874830246,56.52781,0.3045158,0.3119087
17.610000103712082,56.49981,0.3045158,0.31435025
17.620000332593918,56.467808,0.3045158,0.31435025
17.630000561475754,56.48781,0.3045158,0.3167918
17.64000079035759,56.47581,0.3045158,0.3167918
17.649999111890793,56.439808,0.3045158,0.31801257
17.65999934077263,56.427807,0.3045158,0.31923336
17.669999569654465,56.427807,0.3045158,0.32045412
17.6799997985363,56.40781,0.3045158,0.3216749
17.690000027418137,56.403805,0.3045158,0.32289568
17.700000256299973,56.37581,0.3045158,0.32411647
17.71000048518181,56.359806,0.3045158,0.32533723
17.720000714063644,56.33981,0.3045158,0.32655802
17.73000094294548,56.34781,0.3045158,0.3277788
17.739999264478683,56.335808,0.3045158,0.32899958
17.74999949336052,56.27181,0.3045158,0.33022034
17.759999722242355,56.29581,0.3045158,0.33144113
17.76999995112419,56.29581,0.3045158,0.3326619
17.780000180006027,56.259808,0.3045158,0.3338827
17.790000408887863,56.223812,0.3045832,0.3338827
17.8000006377697,56.24781,0.3045832,0.33510345
17.810000866651535,56.25581,0.3045832,0.33632424
17.819999188184738,56.23581,0.3045832,0.337545
17.829999417066574,56.191807,0.3045832,0.3387658
17.83999964594841,56.223812,0.30465055,0.33998656
17.849999874830246,56.239807,0.30465055,0.33998656
17.860000103712082,56.23581,0.30478528,0.34120736
17.870000332593918,56.231808,0.30492002,0.34120736
17.880000561475754,56.259808,0.30505478,0.34120736
17.89000079035759,56.32781,0.30525687,0.34120736
17.899999111890793,56.383804,0.305459,0.34120736
17.90999934077263,56.427807,0.3056611,0.33998656
17.919999569654465,56.447807,0.3059306,0.33998656
17.9299997985363,56.51581,0.3061327,0.33998656
17.940000027418137,56.615807,0.30646956,0.3387658
17.950000256299973,56.671806,0.30687377,0.337545
17.96000048518181,56.767807,0.30734536,0.33510345
17.970000714063644,56.935806,0.30788434,0.33144113
17.98000094294548,57.099808,0.3084907,0.32899958
17.989999264478683,57.211807,0.30916438,0.32655802
17.99999949336052,57.387806,0.30990547,0.3216749
18.009999722242355,57.607803,0.31071392,0.31801257
18.01999995112419,57.831802,0.311455,0.31312945
18.030000180006027,57.9518,0.31185922,0.3119087
18.040000408887863,58.007805,0.31206134,0.3106879
18.0500006377697,58.027805,0.31206134,0.3119087
18.060000866651535,58.031803,0.3121287,0.31312945
18.069999188184738,58.0158,0.3121287,0.31435025
18.079999417066574,57.987804,0.3121287,0.315571
18.08999964594841,57.987804,0.3121287,0.3167918
18.099999874830246,57.979805,0.31219608,0.3167918
18.110000103712082,57.967804,0.31219608,0.31801257
18.120000332593918,57.935806,0.3123308,0.31923336
18.130000561475754,57.939804,0.31239817,0.31923336
18.14000079035759,57.983803,0.31246555,0.32045412
18.149999111890793,57.9958,0.31246555,0.3216749
18.15999934077263,57.935806,0.31246555,0.3216749
18.169999569654465,57.9318,0.31253293,0.32289568
18.1799997985363,57.9718,0.31253293,0.32411647
18.190000027418137,57.967804,0.31266767,0.32411647
18.200000256299973,57.947803,0.3128024,0.32411647
18.21000048518181,57.983803,0.31293714,0.32411647
18.220000714063644,58.0238,0.3130719,0.32533723
18.23000094294548,58.0358,0.31313926,0.32533723
18.239999264478683,58.051804,0.313274,0.32655802
18.24999949336052,58.0638,0.31340873,0.32655802
18.259999722242355,58.0958,0.3135435,0.32655802
18.26999995112419,58.139805,0.3137456,0.32655802
18.280000180006027,58.187805,0.3139477,0.32655802
18.290000408887863,58.2238,0.31428456,0.32411647
18.3000006377697,58.331802,0.31475616,0.32289568
18.310000866651535,58.5198,0.31522778,0.32045412
18.319999188184738,58.623802,0.31576672,0.31801257
18.329999417066574,58.6838,0.31617093,0.3167918
18.33999964594841,58.7758,0.31644043,0.315571
18.349999874830246,58.8478,0.3167099,0.31435025
18.360000103712082,58.8998,0.31691203,0.31435025
18.370000332593918,58.9398,0.3171141,0.31435025
18.380000561475754,58.9438,0.3171141,0.315571
18.39000079035759,58.9398,0.3171141,0.3167918
18.399999111890793,58.9198,0.3171141,0.31801257
18.40999934077263,58.9078,0.3171141,0.31923336
18.419999569654465,58.8998,0.3171815,0.31923336
18.4299997985363,58.8558,0.3171815,0.32045412
18.440000027418137,58.8878,0.31724888,0.3216749
18.450000256299973,58.8998,0.31731626,0.3216749
18.46000048518181,58.8598,0.31731626,0.32289568
18.470000714063644,58.8558,0.31731626,0.32411647
18.48000094294548,58.867798,0.31731626,0.32533723
18.489999264478683,58.8638,0.31738362,0.32655802
18.49999949336052,58.8478,0.31745097,0.32655802
18.509999722242355,58.819798,0.31745097,0.3277788
18.51999995112419,58.8358,0.31751835,0.32899958
18.530000180006027,58.8318,0.31751835,0.33022034
18.540000408887863,58.839798,0.3176531,0.33022034
18.5500006377697,58.867798,0.31778786,0.33022034
18.560000866651535,58.8838,0.31792256,0.33022034
18.569999188184738,58.911797,0.31805733,0.33022034
18.579999417066574,58.9438,0.31805733,0.33144113
18.58999964594841,58.9198,0.3181247,0.3326619
18.599999874830246,58.9038,0.31825945,0.3326619
18.610000103712082,58.9478,0.3183268,0.3338827
18.620000332593918,58.9678,0.31839418,0.3338827
18.630000561475754,58.9398,0.31846154,0.33510345
18.64000079035759,58.979797,0.3186637,0.33510345
18.649999111890793,59.0158,0.3187984,0.33510345
18.65999934077263,59.0358,0.31886578,0.33632424
18.669999569654465,59.0318,0.3190005,0.33632424
18.6799997985363,59.0598,0.31913525,0.33632424
18.690000027418137,59.111797,0.31926998,0.33632424
18.700000256299973,59.163795,0.31947213,0.33632424
18.71000048518181,59.1958,0.3197416,0.33632424
18.720000714063644,59.2598,0.32007843,0.33510345
18.73000094294548,59.343796,0.3204153,0.3326619
18.739999264478683,59.4678,0.32088688,0.33144113
18.74999949336052,59.5998,0.32135847,0.32899958
18.759999722242355,59.6918,0.32196483,0.32655802
18.76999995112419,59.863796,0.3227059,0.3216749
18.780000180006027,60.087795,0.32337964,0.31801257
18.790000408887863,60.219795,0.3237165,0.3167918
18.8000006377697,60.215797,0.32378384,0.31801257
18.810000866651535,60.215797,0.32378384,0.31923336
18.819999188184738,60.263798,0.3238512,0.31923336
18.829999417066574,60.251793,0.3238512,0.32045412
18.83999964594841,60.19179,0.3238512,0.3216749
18.849999874830246,60.163795,0.32391858,0.32289568
18.860000103712082,60.211792,0.32391858,0.32411647
18.870000332593918,60.183796,0.32391858,0.32533723
18.880000561475754,60.151794,0.32391858,0.32655802
18.89000079035759,60.139793,0.32398596,0.32655802
18.899999111890793,60.139793,0.32398596,0.3277788
18.90999934077263,60.147797,0.32405332,0.32899958
18.919999569654465,60.135796,0.32405332,0.33022034
18.9299997985363,60.087795,0.32405332,0.33144113
18.940000027418137,60.095795,0.3241207,0.33144113
18.950000256299973,60.135796,0.3241207,0.3326619
18.96000048518181,60.107796,0.32418808,0.3338827
18.970000714063644,60.047794,0.32418808,0.3338827
18.98000094294548,60.075794,0.3243228,0.33510345
18.989999264478683,60.135796,0.32439017,0.33510345
18.99999949336052,60.119793,0.32445756,0.33632424
19.009999722242355,60.107796,0.3245249,0.33632424
19.01999995112419,60.127796,0.3245923,0.337545
19.030000180006027,60.143795,0.32465965,0.337545
19.040000408887863,60.151794,0.32472703,0.3387658
19.0500006377697,60.167793,0.32492915,0.3387658
19.060000866651535,60.223797,0.32519862,0.337545
19.069999188184738,60.279793,0.32546812,0.337545
19.079999417066574,60.359795,0.3257376,0.33632424
19.08999964594841,60.46379,0.3261418,0.33510345
19.099999874830246,60.527794,0.32654604,0.3338827
19.110000103712082,60.627796,0.32701764,0.33144113
19.120000332593918,60.78379,0.32748923,0.32899958
19.130000561475754,60.923794,0.32809556,0.32655802
19.14000079035759,61.071793,0.32876927,0.3216749
19.149999111890793,61.239788,0.32944298,0.31923336
19.15999934077263,61.40779,0.32991457,0.3167918
19.169999569654465,61.47179,0.33004934,0.3167918
19.1799997985363,61.44379,0.33004934,0.31801257
19.190000027418137,61.46379,0.3301167,0.31923336
19.200000256299973,61.45979,0.3301167,0.32045412
19.21000048518181,61.43579,0.3301167,0.3216749
19.220000714063644,61.42779,0.33018407,0.3216749
19.23000094294548,61.403793,0.33018407,0.32289568
19.239999264478683,61.37179,0.33018407,0.32411647
19.24999949336052,61.383793,0.33025143,0.32533723
19.259999722242355,61.383793,0.33025143,0.32655802
19.26999995112419,61.355793,0.33025143,0.3277788
19.280000180006027,61.34779,0.3303188,0.3277788
19.290000408887863,61.33979,0.3303188,0.32899958
19.3000006377697,61.335793,0.33038616,0.33022034
19.310000866651535,61.33979,0.33045354,0.33022034
19.319999188184738,61.36779,0.33052093,0.33144113
19.329999417066574,61.36779,0.3305883,0.33144113
19.33999964594841,61.355793,0.33065563,0.3326619
19.349999874830246,61.35979,0.33072302,0.3326619
19.360000103712082,61.39579,0.3307904,0.3338827
19.370000332593918,61.36779,0.33085778,0.3338827
19.380000561475754,61.36779,0.33092514,0.33510345
19.39000079035759,61.383793,0.33092514,0.33632424
19.399999111890793,61.383793,0.33099252,0.337545
19.40999934077263,61.363792,0.33105987,0.337545
19.419999569654465,61.383793,0.3311946,0.337545
19.4299997985363,61.42779,0.33132938,0.3387658
19.440000027418137,61.42779,0.33146408,0.3387658
19.450000256299973,61.47979,0.33166623,0.337545
19.46000048518181,61.583794,0.33207044,0.33632424
19.470000714063644,61.71579,0.3326768,0.3338827
19.48000094294548,61.87979,0.3335526,0.32899958
19.489999264478683,62.20379,0.33483267,0.3216749
19.49999949336052,62.587788,0.33644953,0.3119087
19.509999722242355,62.987785,0.33779696,0.30214247
19.51999995112419,63.323784,0.33874014,0.29725936
19.530000180006027,63.503784,0.33948123,0.293597
19.540000408887863,63.699783,0.34015495,0.2899347
19.5500006377697,63.911785,0.34109813,0.28505158
19.560000866651535,64.18778,0.34217605,0.27772692
19.569999188184738,64.423775,0.34311923,0.2728438
19.579999417066574,64.53978,0.3434561,0.27162302
19.58999964594841,64.59978,0.3434561,0.2728438
19.599999874830246,64.57978,0.3434561,0.27406457
19.610000103712082,64.55178,0.3434561,0.27528536
19.620000332593918,64.52778,0.3434561,0.27650613
19.630000561475754,64.50378,0.3434561,0.27772692
19.64000079035759,64.48778,0.3434561,0.27894768
19.649999111890793,64.41978,0.3434561,0.28016847
19.65999934077263,64.41578,0.3434561,0.28138924
19.669999569654465,64.423775,0.3434561,0.28261003
19.6799997985363,64.37978,0.3434561,0.28261003
19.690000027418137,64.375786,0.3434561,0.28505158
19.700000256299973,64.36778,0.3434561,0.28505158
19.71000048518181,64.323784,0.3434561,0.28627235
19.720000714063644,64.323784,0.3434561,0.28749314
19.73000094294548,64.30778,0.3434561,0.2887139
19.739999264478683,64.24778,0.3434561,0.2899347
19.74999949336052,64.23578,0.3434561,0.29115546
19.759999722242355,64.26379,0.3434561,0.29237625
19.76999995112419,64.25578,0.3434561,0.293597
19.780000180006027,64.19178,0.3434561,0.2948178
19.790000408887863,64.16378,0.3434561,0.29603857
19.8000006377697,64.155785,0.3434561,0.29725936
19.810000866651535,64.13178,0.3434561,0.29848012
19.819999188184738,64.13178,0.3434561,0.29970092
19.829999417066574,64.13578,0.3434561,0.30092168
19.83999964594841,64.11978,0.3434561,0.30214247
19.849999874830246,64.07978,0.3434561,0.30214247
19.860000103712082,64.05178,0.3434561,0.30458403
19.870000332593918,64.043785,0.3434561,0.30458403
19.880000561475754,64.03978,0.3434561,0.3058048
19.89000079035759,64.043785,0.3434561,0.30702558
19.899999111890793,64.02378,0.3434561,0.30824634
19.90999934077263,63.983784,0.3434561,0.30946714
19.919999569654465,63.95978,0.34352347,0.3106879
19.9299997985363,63.98778,0.34352347,0.3119087
19.940000027418137,63.97578,0.34352347,0.3119087
19.950000256299973,63.91978,0.34352347,0.31435025
19.96000048518181,63.931786,0.34352347,0.31435025
19.970000714063644,63.94778,0.34352347,0.3167918
19.98000094294548,63.87978,0.34352347,0.3167918
19.989999264478683,63.887783,0.34352347,0.31801257
19.99999949336052,63.891785,0.34352347,0.31923336
20.009999722242355,63.87978,0.34352347,0.32045412
20.01999995112419,63.847782,0.34352347,0.3216749
20.030000180006027,63.843784,0.34352347,0.32289568
20.040000408887863,63.843784,0.34352347,0.32411647
20.0500006377697,63.803783,0.34352347,0.32533723
20.060000866651535,63.799786,0.34359086,0.32655802
20.069999188184738,63.803783,0.34359086,0.3277788
20.079999417066574,63.79578,0.3436582,0.3277788
20.08999964594841,63.81578,0.34379295,0.3277788
20.099999874830246,63.859783,0.34392768,0.3277788
20.110000103712082,63.851784,0.34406245,0.3277788
20.120000332593918,63.875782,0.34419718,0.32899958
20.130000561475754,63.90778,0.34439927,0.32899958
20.14000079035759,63.96778,0.34460142,0.3277788
20.149999111890793,64.01978,0.34493825,0.3277788
20.15999934077263,64.13978,0.34540987,0.32533723
20.169999569654465,64.31578,0.34615093,0.3216749
20.1799997985363,64.53178,0.3471615,0.315571
20.190000027418137,64.83978,0.34837416,0.30824634
20.200000256299973,65.12778,0.34931734,0.30336323
20.21000048518181,65.29178,0.34958684,0.30214247
20.220000714063644,65.30778,0.34958684,0.30336323
20.23000094294548,65.31978,0.34958684,0.30458403
20.239999264478683,65.30378,0.34958684,0.3058048
20.24999949336052,65.27178,0.34965423,0.3058048
20.259999722242355,65.227776,0.34965423,0.30702558
20.26999995112419,65.25977,0.34965423,0.30824634
20.280000180006027,65.227776,0.34965423,0.30946714
20.290000408887863,65.171776,0.34965423,0.3106879
20.3000006377697,65.19978,0.34972158,0.3106879
20.310000866651535,65.19178,0.34972158,0.3119087
20.319999188184738,65.171776,0.34978893,0.31312945
20.329999417066574,65.16778,0.34978893,0.31435025
20.33999964594841,65.18378,0.34985632,0.31435025
20.349999874830246,65.15578,0.34985632,0.3167918
20.360000103712082,65.16378,0.3499237,0.3167918
20.370000332593918,65.15178,0.3499237,0.31801257
20.380000561475754,65.12778,0.34999105,0.31801257
20.39000079035759,65.15978,0.35012582,0.31923336
20.399999111890793,65.19978,0.3503279,0.31801257
20.40999934077263,65.23978,0.35053003,0.31801257
20.419999569654465,65.26778,0.3507995,0.31801257
20.4299997985363,65.33578,0.35113636,0.3167918
20.440000027418137,65.47178,0.35160795,0.31435025
20.450000256299973,65.619774,0.3522817,0.3106879
20.46000048518181,65.79578,0.35309014,0.3058048
20.470000714063644,66.047775,0.3540333,0.30092168
20.48000094294548,66.29578,0.35484174,0.29603857
20.489999264478683,66.40777,0.35517862,0.2948178
20.49999949336052,66.44377,0.35517862,0.29603857
20.509999722242355,66.43178,0.35517862,0.29725936
20.51999995112419,66.42777,0.35517862,0.29848012
20.530000180006027,66.40377,0.35517862,0.29970092
20.540000408887863,66.395775,0.35517862,0.30092168
20.5500006377697,66.33177,0.35517862,0.30214247
20.560000866651535,66.339775,0.35517862,0.30336323
20.569999188184738,66.327774,0.35517862,0.30458403
20.579999417066574,66.299774,0.35517862,0.3058048
20.58999964594841,66.26778,0.35517862,0.30702558
20.599999874830246,66.283775,0.35517862,0.30824634
20.610000103712082,66.28777,0.35517862,0.30946714
20.620000332593918,66.243774,0.355246,0.3106879
20.630000561475754,66.199776,0.355246,0.3106879
20.64000079035759,66.21178,0.355246,0.3119087
20.649999111890793,66.21977,0.355246,0.31312945
20.65999934077263,66.187775,0.355246,0.31435025
20.669999569654465,66.17577,0.355246,0.315571
20.6799997985363,66.15577,0.355246,0.3167918
20.690000027418137,66.15177,0.355246,0.31801257
20.700000256299973,66.115776,0.355246,0.31923336
20.71000048518181,66.115776,0.355246,0.32045412
20.720000714063644,66.103775,0.35531333,0.32045412
20.73000094294548,66.103775,0.35531333,0.3216749
20.739999264478683,66.091774,0.35531333,0.32289568
20.74999949336052,66.05177,0.35531333,0.32411647
20.759999722242355,66.047775,0.3553807,0.32533723
20.76999995112419,66.087776,0.3553807,0.32655802
20.780000180006027,66.087776,0.3554481,0.32655802
20.790000408887863,66.03977,0.3554481,0.3277788
20.8000006377697,66.03977,0.35551548,0.32899958
20.810000866651535,66.063774,0.35558283,0.33022034
20.819999188184738,66.05978,0.35565022,0.33022034
20.829999417066574,66.05177,0.35578495,0.33022034
20.83999964594841,66.091774,0.35578495,0.33144113
20.849999874830246,66.10777,0.3558523,0.33144113
20.860000103712082,66.08377,0.3559197,0.3326619
20.870000332593918,66.091774,0.35605446,0.3326619
20.880000561475754,66.09978,0.35618916,0.3338827
20.89000079035759,66.159775,0.35639128,0.3326619
20.899999111890793,66.22377,0.35672814,0.33144113
20.90999934077263,66.32378,0.35713235,0.33022034
20.919999569654465,66.43977,0.35767132,0.3277788
20.9299997985363,66.60777,0.35834503,0.32411647
20.940000027418137,66.82378,0.35901874,0.32045412
20.950000256299973,67.007774,0.35989457,0.315571
20.96000048518181,67.24777,0.3609051,0.3106879
20.970000714063644,67.48777,0.36164618,0.3058048
20.98000094294548,67.635765,0.36191568,0.3058048
20.989999264478683,67.63177,0.36191568,0.3058048
20.99999949336052,67.591774,0.36191568,0.30824634
21.009999722242355,67.63977,0.36191568,0.30824634
21.01999995112419,67.635765,0.36191568,0.3106879
21.030000180006027,67.55977,0.36191568,0.3106879
21.040000408887863,67.53977,0.36191568,0.3119087
21.0500006377697,67.53977,0.36198306,0.31312945
21.060000866651535,67.523766,0.36198306,0.31435025
21.069999188184738,67.523766,0.36198306,0.315571
21.079999417066574,67.49977,0.36205044,0.315571
21.08999964594841,67.479774,0.36205044,0.3167918
21.099999874830246,67.49177,0.36205044,0.31801257
21.110000103712082,67.479774,0.3621178,0.31923336
21.120000332593918,67.45977,0.3621178,0.32045412
21.130000561475754,67.44777,0.36218515,0.32045412
21.14000079035759,67.455765,0.36218515,0.3216749
21.149999111890793,67.46777,0.36218515,0.32289568
21.15999934077263,67.41977,0.36225253,0.32411647
21.169999569654465,67.43977,0.36231992,0.32411647
21.1799997985363,67.46777,0.36245465,0.32411647
21.190000027418137,67.495766,0.362522,0.32533723
21.200000256299973,67.45177,0.36265677,0.32533723
21.21000048518181,67.49977,0.3628589,0.32533723
21.220000714063644,67.58777,0.36312836,0.32411647
21.23000094294548,67.68377,0.36359996,0.32289568
21.239999264478683,67.82777,0.36413893,0.32045412
21.24999949336052,67.96377,0.36467788,0.3167918
21.259999722242355,68.08777,0.3653516,0.31435025
21.26999995112419,68.28377,0.36616004,0.30946714
21.280000180006027,68.52777,0.36703587,0.30458403
21.290000408887863,68.759766,0.36777693,0.30092168
21.3000006377697,68.911766,0.36824855,0.29848012
21.310000866651535,69.01977,0.36865276,0.29603857
21.319999188184738,69.079765,0.36892223,0.29603857
21.329999417066574,69.095764,0.36919174,0.2948178
21.33999964594841,69.17976,0.3695286,0.2948178
21.349999874830246,69.32376,0.37000018,0.29237625
21.360000103712082,69.44776,0.37067387,0.2887139
21.370000332593918,69.61976,0.37141496,0.28505158
21.380000561475754,69.78376,0.37208867,0.28138924
21.39000079035759,69.96376,0.372695,0.27894768
21.399999111890793,70.079765,0.3731666,0.27650613
21.40999934077263,70.16776,0.3733687,0.27528536
21.419999569654465,70.191765,0.3734361,0.27650613
21.4299997985363,70.15976,0.37350348,0.27772692
21.440000027418137,70.16376,0.3735708,0.27772692
21.450000256299973,70.17176,0.37363818,0.27894768
21.46000048518181,70.147766,0.37363818,0.27894768
21.470000714063644,70.12376,0.37363818,0.28138924
21.48000094294548,70.12376,0.37363818,0.28138924
21.489999264478683,70.11576,0.37363818,0.28261003
21.49999949336052,70.06376,0.37370557,0.2838308
21.509999722242355,70.05976,0.37370557,0.28505158
21.51999995112419,70.07576,0.37370557,0.28627235
21.530000180006027,70.03577,0.37370557,0.28749314
21.540000408887863,70.03577,0.37377295,0.28749314
21.5500006377697,70.03577,0.3738403,0.2887139
21.560000866651535,70.01976,0.3738403,0.2899347
21.569999188184738,70.00776,0.3739077,0.29115546
21.579999417066574,70.00776,0.3739077,0.29115546
21.58999964594841,69.98376,0.3739077,0.29237625
21.599999874830246,69.95176,0.3739077,0.293597
21.610000103712082,69.95976,0.3739077,0.2948178
21.620000332593918,69.96376,0.37397504,0.29603857
21.630000561475754,69.91976,0.37397504,0.29603857
21.64000079035759,69.899765,0.37397504,0.29848012
21.649999111890793,69.91176,0.37397504,0.29848012
21.65999934077263,69.91176,0.37397504,0.30092168
21.669999569654465,69.87576,0.37404242,0.30092168
21.6799997985363,69.86376,0.37404242,0.30214247
21.690000027418137,69.87176,0.37410977,0.30214247
21.700000256299973,69.87176,0.37410977,0.30458403
21.71000048518181,69.85176,0.37417716,0.30458403
21.720000714063644,69.859764,0.37417716,0.3058048
21.73000094294548,69.831764,0.37424454,0.3058048
21.739999264478683,69.831764,0.37431192,0.30824634
21.74999949336052,69.85577,0.37437928,0.30824634
21.759999722242355,69.85577,0.37437928,0.30946714
21.76999995112419,69.83576,0.37444663,0.30946714
21.780000180006027,69.83976,0.37444663,0.3106879
21.790000408887863,69.859764,0.37444663,0.3119087
21.8000006377697,69.80376,0.374514,0.31312945
21.810000866651535,69.82376,0.3745814,0.31312945
21.819999188184738,69.83976,0.37464875,0.31435025
21.829999417066574,69.83976,0.37478352,0.31435025
21.83999964594841,69.85577,0.3749856,0.31435025
21.849999874830246,69.91976,0.37525508,0.31312945
21.860000103712082,70.01976,0.37559196,0.3119087
21.870000332593918,70.12776,0.37599617,0.3106879
21.880000561475754,70.25576,0.37666988,0.30702558
21.89000079035759,70.47976,0.37754568,0.30214247
21.899999111890793,70.69976,0.3784889,0.29725936
21.90999934077263,70.94776,0.37929735,0.29237625
21.919999569654465,71.17175,0.3800384,0.2887139
21.9299997985363,71.30376,0.38051,0.28627235
21.940000027418137,71.36776,0.38064477,0.28627235
21.950000256299973,71.36776,0.38064477,0.28749314
21.96000048518181,71.36776,0.38064477,0.2887139
21.970000714063644,71.31576,0.38064477,0.2899347
21.98000094294548,71.29976,0.38071212,0.29115546
21.989999264478683,71.31576,0.38071212,0.29237625
21.99999949336052,71.279755,0.38071212,0.29237625
22.009999722242355,71.25576,0.38071212,0.293597
22.01999995112419,71.24376,0.38071212,0.2948178
22.030000180006027,71.22776,0.38077947,0.29603857
22.040000408887863,71.207756,0.38077947,0.29725936
22.0500006377697,71.19176,0.38077947,0.29848012
22.060000866651535,71.19976,0.38077947,0.29970092
22.069999188184738,71.179756,0.38084686,0.29970092
22.079999417066574,71.15976,0.38084686,0.30092168
22.08999964594841,71.183754,0.38091424,0.30214247
22.099999874830246,71.15176,0.38091424,0.30336323
22.110000103712082,71.15576,0.3809816,0.30336323
22.120000332593918,71.15976,0.3809816,0.30458403
22.130000561475754,71.139755,0.3809816,0.3058048
22.14000079035759,71.11976,0.38104898,0.30702558
22.149999111890793,71.13176,0.38111636,0.30702558
22.15999934077263,71.14375,0.38111636,0.30824634
22.169999569654465,71.13176,0.38118374,0.30946714
22.1799997985363,71.11576,0.38131845,0.3106879
22.190000027418137,71.167755,0.38138583,0.3106879
22.200000256299973,71.19176,0.38158795,0.30946714
22.21000048518181,71.235756,0.38185742,0.30946714
22.220000714063644,71.34376,0.38232902,0.30702558
22.23000094294548,71.49176,0.38293535,0.30458403
22.239999264478683,71.655754,0.38367644,0.30092168
22.24999949336052,71.81176,0.38435015,0.29725936
22.259999722242355,72.01176,0.38482174,0.2948178
22.26999995112419,72.09576,0.3851586,0.293597
22.280000180006027,72.127754,0.3854281,0.29237625
22.290000408887863,72.183754,0.3855628,0.29237625
22.3000006377697,72.18775,0.3856302,0.293597
22.310000866651535,72.223755,0.38576493,0.293597
22.319999188184738,72.23175,0.38589966,0.293597
22.329999417066574,72.24776,0.38596705,0.2948178
22.33999964594841,72.22775,0.3860344,0.2948178
22.349999874830246,72.22775,0.3860344,0.29603857
22.360000103712082,72.235756,0.38610178,0.29725936
22.370000332593918,72.21575,0.38610178,0.29848012
22.380000561475754,72.20376,0.38616917,0.29848012
22.39000079035759,72.21575,0.38616917,0.29970092
22.399999111890793,72.195755,0.38616917,0.30092168
22.40999934077263,72.16376,0.38623655,0.30214247
22.419999569654465,72.19975,0.38630387,0.30214247
22.4299997985363,72.21575,0.38637125,0.30336323
22.440000027418137,72.20376,0.38643864,0.30458403
22.450000256299973,72.17175,0.38650602,0.30458403
22.46000048518181,72.20376,0.38657337,0.3058048
22.470000714063644,72.21575,0.38657337,0.3058048
22.48000094294548,72.19176,0.38664076,0.30702558
22.489999264478683,72.179756,0.38664076,0.30824634
22.49999949336052,72.17576,0.38670814,0.30946714
22.509999722242355,72.17576,0.38670814,0.3106879
22.51999995112419,72.17576,0.38670814,0.3119087
22.530000180006027,72.16376,0.3867755,0.3119087
22.540000408887863,72.14375,0.38684285,0.31312945
22.5500006377697,72.14375,0.38684285,0.31435025
22.560000866651535,72.14775,0.38691023,0.31435025
22.569999188184738,72.15975,0.3869776,0.315571
22.579999417066574,72.15176,0.38711235,0.315571
22.58999964594841,72.18775,0.38711235,0.3167918
22.599999874830246,72.20376,0.3871797,0.3167918
22.610000103712082,72.167755,0.3872471,0.31801257
22.620000332593918,72.15975,0.38731447,0.31801257
22.630000561475754,72.20376,0.38738182,0.31923336
22.64000079035759,72.21975,0.3874492,0.32045412
22.649999111890793,72.17175,0.3875166,0.32045412
22.65999934077263,72.18775,0.38758394,0.3216749
22.669999569654465,72.223755,0.3876513,0.3216749
22.6799997985363,72.223755,0.38785344,0.3216749
22.690000027418137,72.279755,0.38798815,0.3216749
22.700000256299973,72.31576,0.38825765,0.3216749
22.71000048518181,72.403755,0.38866186,0.32045412
22.720000714063644,72.54775,0.38920084,0.3167918
22.73000094294548,72.695755,0.38994193,0.31435025
22.739999264478683,72.86775,0.39054823,0.3106879
22.74999949336052,72.987755,0.39101985,0.30824634
22.759999722242355,73.11975,0.3913567,0.30702558
22.76999995112419,73.19575,0.39162618,0.3058048
22.780000180006027,73.183754,0.39162618,0.30702558
22.790000408887863,73.20375,0.39169356,0.30824634
22.8000006377697,73.21575,0.39176095,0.30824634
22.810000866651535,73.20775,0.3918283,0.30946714
22.819999188184738,73.17575,0.39189565,0.3106879
22.829999417066574,73.19575,0.39196303,0.3106879
22.83999964594841,73.24375,0.39203042,0.3119087
22.849999874830246,73.19175,0.39203042,0.3119087
22.860000103712082,73.17175,0.39203042,0.31435025
22.870000332593918,73.17175,0.3920978,0.31435025
22.880000561475754,73.19975,0.39216515,0.315571
22.89000079035759,73.17575,0.39223254,0.315571
22.899999111890793,73.17175,0.39223254,0.3167918
22.90999934077263,73.15975,0.3922999,0.31801257
22.919999569654465,73.15975,0.39236727,0.31801257
22.9299997985363,73.19175,0.39243463,0.31923336
22.940000027418137,73.19175,0.3925694,0.31923336
22.950000256299973,73.19975,0.3927041,0.31923336
22.96000048518181,73.23575,0.39290622,0.31923336
22.970000714063644,73.30775,0.39304098,0.31923336
22.98000094294548,73.30375,0.39310834,0.32045412
22.989999264478683,73.29575,0.3931757,0.32045412
22.99999949336052,73.31575,0.39324307,0.3216749
23.009999722242355,73.34775,0.39337784,0.3216749
23.01999995112419,73.33175,0.39351255,0.3216749
23.030000180006027,73.34375,0.39357993,0.32289568
23.040000408887863,73.379745,0.3936473,0.32289568
23.0500006377697,73.38375,0.39378205,0.32411647
23.060000866651535,73.391754,0.39398414,0.32289568
23.069999188184738,73.45975,0.39425364,0.32289568
23.079999417066574,73.53175,0.3945905,0.3216749
23.08999964594841,73.65575,0.39512947,0.31923336
23.099999874830246,73.84775,0.39587054,0.31435025
23.110000103712082,74.02775,0.39667898,0.3106879
23.120000332593918,74.21975,0.39742005,0.3058048
23.130000561475754,74.379745,0.3980264,0.30458403
23.14000079035759,74.547745,0.39836326,0.30214247
23.149999111890793,74.57175,0.398498,0.30214247
23.15999934077263,74.56774,0.398498,0.30336323
23.169999569654465,74.57175,0.39856538,0.30458403
23.1799997985363,74.57175,0.39863274,0.30458403
23.190000027418137,74.53574,0.39863274,0.3058048
23.200000256299973,74.52374,0.39863274,0.30702558
23.21000048518181,74.53975,0.39870012,0.30824634
23.220000714063644,74.51575,0.39870012,0.30946714
23.23000094294548,74.503746,0.39876747,0.30946714
23.239999264478683,74.49975,0.39876747,0.3106879
23.24999949336052,74.49975,0.39883485,0.3119087
23.259999722242355,74.49975,0.39890224,0.3119087
23.26999995112419,74.507744,0.39890224,0.31312945
23.280000180006027,74.47975,0.39890224,0.31435025
23.290000408887863,74.45574,0.39896962,0.315571
23.3000006377697,74.45975,0.39896962,0.3167918
23.310000866651535,74.463745,0.39896962,0.31801257
23.319999188184738,74.423744,0.39896962,0.31923336
23.329999417066574,74.41175,0.39903694,0.31923336
23.33999964594841,74.44375,0.39903694,0.32045412
23.349999874830246,74.41175,0.39910433,0.3216749
23.360000103712082,74.395744,0.39910433,0.3216749
23.370000332593918,74.41175,0.3991717,0.32289568
23.380000561475754,74.41175,0.3992391,0.32411647
23.39000079035759,74.407745,0.39930645,0.32411647
23.399999111890793,74.435745,0.39937383,0.32533723
23.40999934077263,74.44775,0.39950857,0.32533723
23.419999569654465,74.451744,0.3996433,0.32533723
23.4299997985363,74.503746,0.39984542,0.32533723
23.440000027418137,74.56374,0.40004754,0.32533723
23.450000256299973,74.615746,0.40038437,0.32411647
23.46000048518181,74.70774,0.40092334,0.3216749
23.470000714063644,74.87575,0.40159705,0.31801257
23.48000094294548,75.11974,0.40254024,0.31312945
23.489999264478683,75.38774,0.40368557,0.3058048
23.49999949336052,75.72374,0.40503296,0.29725936
23.509999722242355,76.08774,0.40624565,0.29115546
23.51999995112419,76.34774,0.4069867,0.28627235
23.530000180006027,76.50374,0.40759304,0.28261003
23.540000408887863,76.65574,0.40826678,0.28016847
23.5500006377697,76.83574,0.40894046,0.27650613
23.560000866651535,77.00374,0.40961418,0.2728438
23.569999188184738,77.19574,0.41049,0.2679607
23.579999417066574,77.41573,0.4113658,0.2630776
23.58999964594841,77.56773,0.41190478,0.26063603
23.599999874830246,77.66773,0.41197217,0.26063603
23.610000103712082,77.67173,0.41197217,0.2618568
23.620000332593918,77.619736,0.41197217,0.2630776
23.630000561475754,77.55974,0.41203952,0.26429835
23.64000079035759,77.563736,0.41203952,0.26551914
23.649999111890793,77.551735,0.41203952,0.2667399
23.65999934077263,77.50374,0.41203952,0.2679607
23.669999569654465,77.495735,0.41203952,0.26918146
23.6799997985363,77.483734,0.41203952,0.27040225
23.690000027418137,77.439735,0.41203952,0.27040225
23.700000256299973,77.40774,0.41203952,0.2728438
23.71000048518181,77.41573,0.41203952,0.2728438
23.720000714063644,77.399734,0.41203952,0.27406457
23.73000094294548,77.371735,0.41203952,0.27528536
23.739999264478683,77.35174,0.41203952,0.27650613
23.74999949336052,77.31973,0.41203952,0.27772692
23.759999722242355,77.29574,0.41203952,0.27894768
23.76999995112419,77.31174,0.41203952,0.28016847
23.780000180006027,77.28374,0.41203952,0.28138924
23.790000408887863,77.23573,0.41203952,0.28261003
23.8000006377697,77.22374,0.41203952,0.2838308
23.810000866651535,77.25574,0.41203952,0.28505158
23.819999188184738,77.22374,0.4121069,0.28505158
23.829999417066574,77.15974,0.4121069,0.28627235
23.83999964594841,77.19574,0.4121069,0.28749314
23.849999874830246,77.18374,0.4121069,0.2887139
23.860000103712082,77.15974,0.4121069,0.2899347
23.870000332593918,77.12774,0.4121069,0.29115546
23.880000561475754,77.12373,0.41217428,0.29237625
23.89000079035759,77.14374,0.41217428,0.293597
23.899999111890793,77.12774,0.41217428,0.2948178
23.90999934077263,77.09974,0.41217428,0.29603857
23.919999569654465,77.08374,0.41217428,0.29603857
23.9299997985363,77.08374,0.41224164,0.29725936
23.940000027418137,77.07974,0.41224164,0.29848012
23.950000256299973,77.06773,0.412309,0.29848012
23.96000048518181,77.03974,0.412309,0.30092168
23.970000714063644,77.051735,0.412309,0.30092168
23.98000094294548,77.05573,0.412309,0.30214247
23.989999264478683,77.01974,0.412309,0.30336323
23.99999949336052,76.96374,0.412309,0.30458403
24.009999722242355,76.99974,0.41237637,0.3058048
24.01999995112419,77.02774,0.41244376,0.3058048
24.030000180006027,76.97574,0.4125111,0.30702558
24.040000408887863,76.99174,0.4125785,0.30824634
24.0500006377697,77.03174,0.41271323,0.30824634
24.060000866651535,77.06773,0.41291535,0.30824634
24.069999188184738,77.08774,0.41311744,0.30702558
24.079999417066574,77.17974,0.41358903,0.3058048
24.08999964594841,77.33974,0.41426277,0.30214247
24.099999874830246,77.55974,0.4151386,0.29725936
24.110000103712082,77.799736,0.41608176,0.29237625
24.120000332593918,78.07574,0.41709232,0.28505158
24.130000561475754,78.31973,0.41796815,0.28138924
24.14000079035759,78.49174,0.41843975,0.27894768
24.149999111890793,78.55173,0.41843975,0.28016847
24.15999934077263,78.51173,0.41843975,0.28138924
24.169999569654465,78.49973,0.41843975,0.28261003
24.1799997985363,78.48773,0.41843975,0.28261003
24.190000027418137,78.483734,0.41843975,0.28505158
24.200000256299973,78.411736,0.41843975,0.28505158
24.21000048518181,78.41573,0.41843975,0.28627235
24.220000714063644,78.42373,0.41843975,0.28749314
24.23000094294548,78.383736,0.41843975,0.2887139
24.239999264478683,78.36774,0.41843975,0.2899347
24.24999949336052,78.33974,0.41843975,0.29115546
24.259999722242355,78.343735,0.41843975,0.29237625
24.26999995112419,78.31174,0.41850713,0.293597
24.280000180006027,78.29173,0.41850713,0.2948178
24.290000408887863,78.29173,0.41850713,0.29603857
24.3000006377697,78.27973,0.41850713,0.29603857
24.310000866651535,78.25173,0.41850713,0.29725936
24.319999188184738,78.26373,0.41850713,0.29848012
24.329999417066574,78.219734,0.41850713,0.29970092
24.33999964594841,78.20773,0.41850713,0.30092168
24.349999874830246,78.24374,0.41850713,0.30214247
24.360000103712082,78.19974,0.4185745,0.30336323
24.370000332593918,78.13174,0.4185745,0.30458403
24.380000561475754,78.15974,0.4185745,0.3058048
24.39000079035759,78.20773,0.4185745,0.3058048
24.399999111890793,78.163734,0.4185745,0.30824634
24.40999934077263,78.12774,0.4185745,0.30824634
24.419999569654465,78.11573,0.41864184,0.30946714
24.4299997985363,78.119736,0.41870922,0.3106879
24.440000027418137,78.119736,0.41870922,0.3119087
24.450000256299973,78.11573,0.4187766,0.3119087
24.46000048518181,78.14373,0.41884398,0.31312945
24.470000714063644,78.12373,0.41884398,0.31435025
24.48000094294548,78.107735,0.41891134,0.31435025
24.489999264478683,78.12373,0.41897872,0.315571
24.49999949336052,78.09573,0.41904607,0.315571
24.509999722242355,78.12774,0.4191808,0.3167918
24.51999995112419,78.21573,0.41945028,0.315571
24.530000180006027,78.25573,0.4197198,0.31435025
24.540000408887863,78.32373,0.42012402,0.31312945
24.5500006377697,78.44773,0.42073032,0.3106879
24.560000866651535,78.675735,0.42147145,0.3058048
24.569999188184738,78.87573,0.4222799,0.30214247
24.579999417066574,79.091736,0.4231557,0.29725936
24.58999964594841,79.29173,0.4238294,0.293597
24.599999874830246,79.39973,0.4240989,0.29237625
24.610000103712082,79.45573,0.424301,0.29237625
24.620000332593918,79.50373,0.42443573,0.29237625
24.630000561475754,79.49573,0.42450312,0.293597
24.64000079035759,79.47973,0.42450312,0.2948178
24.649999111890793,79.47573,0.42457047,0.29603857
24.65999934077263,79.47973,0.42457047,0.29603857
24.669999569654465,79.443726,0.42463785,0.29725936
24.6799997985363,79.42773,0.42463785,0.29848012
24.690000027418137,79.45973,0.42463785,0.29848012
24.700000256299973,79.443726,0.42463785,0.30092168
24.71000048518181,79.39973,0.4247052,0.30092168
24.720000714063644,79.403725,0.4247726,0.30214247
24.73000094294548,79.42373,0.42483997,0.30214247
24.739999264478683,79.411736,0.42483997,0.30336323
24.74999949336052,79.375725,0.42490736,0.30458403
24.759999722242355,79.415726,0.42497468,0.30458403
24.76999995112419,79.387726,0.42497468,0.3058048
24.780000180006027,79.39573,0.42504206,0.30702558
24.790000408887863,79.403725,0.42510945,0.30702558
24.8000006377697,79.387726,0.42517683,0.30824634
24.810000866651535,79.387726,0.42524418,0.30824634
24.819999188184738,79.43973,0.42537895,0.30946714
24.829999417066574,79.471725,0.42558104,0.30824634
24.83999964594841,79.46773,0.42578316,0.30824634
24.849999874830246,79.52373,0.42605263,0.30824634
24.860000103712082,79.63173,0.4263895,0.30702558
24.870000332593918,79.73173,0.42686108,0.30458403
24.880000561475754,79.85172,0.42746744,0.30092168
24.89000079035759,80.027725,0.42807376,0.29848012
24.899999111890793,80.18773,0.42854536,0.29603857
24.90999934077263,80.23972,0.4288822,0.29603857
24.919999569654465,80.31572,0.4291517,0.2948178
24.9299997985363,80.36373,0.42928642,0.2948178
24.940000027418137,80.36773,0.4293538,0.2948178
24.950000256299973,80.375725,0.4294212,0.29603857
24.96000048518181,80.39173,0.42948854,0.29603857
24.970000714063644,80.37173,0.42955592,0.29725936
24.98000094294548,80.38372,0.42969066,0.29725936
24.989999264478683,80.39973,0.429758,0.29848012
24.99999949336052,80.42773,0.42989278,0.29848012
25.009999722242355,80.415726,0.42996016,0.29970092
25.01999995112419,80.43173,0.42996016,0.30092168
25.030000180006027,80.43572,0.42996016,0.30214247
25.040000408887863,80.37173,0.42996016,0.30214247
25.0500006377697,80.335724,0.42996016,0.30458403
25.060000866651535,80.347725,0.4300275,0.30458403
25.069999188184738,80.36373,0.4300275,0.3058048
25.079999417066574,80.359726,0.43009487,0.3058048
25.08999964594841,80.335724,0.43009487,0.30702558
25.099999874830246,80.331726,0.43009487,0.30824634
25.110000103712082,80.30373,0.43009487,0.30946714
25.120000332593918,80.29573,0.43009487,0.3106879
25.130000561475754,80.29573,0.43016225,0.3119087
25.14000079035759,80.291725,0.43016225,0.31312945
25.149999111890793,80.263725,0.43016225,0.31435025
25.15999934077263,80.26772,0.43022963,0.31435025
25.169999569654465,80.26772,0.43022963,0.315571
25.1799997985363,80.25573,0.430297,0.3167918
25.190000027418137,80.247734,0.43036437,0.3167918
25.200000256299973,80.25973,0.43036437,0.31801257
25.21000048518181,80.223724,0.43043175,0.31923336
25.220000714063644,80.251724,0.4304991,0.32045412
25.23000094294548,80.27572,0.43056646,0.32045412
25.239999264478683,80.27173,0.43063384,0.3216749
25.24999949336052,80.25573,0.43063384,0.3216749
25.259999722242355,80.26772,0.43070123,0.32289568
25.26999995112419,80.27173,0.4307686,0.32411647
25.280000180006027,80.27173,0.43083596,0.32411647
25.290000408887863,80.27173,0.43083596,0.32533723
25.3000006377697,80.27572,0.43090335,0.32655802
25.310000866651535,80.251724,0.4309707,0.32655802
25.319999188184738,80.25973,0.43103808,0.3277788
25.329999417066574,80.29573,0.43117282,0.3277788
25.33999964594841,80.31572,0.43130758,0.3277788
25.349999874830246,80.32773,0.4313749,0.32899958
25.360000103712082,80.36373,0.43150967,0.32899958
25.370000332593918,80.38372,0.4316444,0.32899958
25.380000561475754,80.41173,0.43184653,0.32899958
25.39000079035759,80.48373,0.43231812,0.3277788
25.399999111890793,80.62772,0.4328571,0.32411647
25.40999934077263,80.75572,0.43339607,0.3216749
25.419999569654465,80.89972,0.43393502,0.31923336
25.4299997985363,81.067726,0.434474,0.3167918
25.440000027418137,81.17573,0.4348782,0.31435025
25.450000256299973,81.25972,0.4353498,0.3119087
25.46000048518181,81.40772,0.4358214,0.3106879
25.470000714063644,81.571724,0.43636036,0.30824634
25.48000094294548,81.67572,0.43683198,0.3058048
25.489999264478683,81.76372,0.4372362,0.30458403
25.49999949336052,81.84372,0.43757305,0.30336323
25.509999722242355,81.915726,0.43784252,0.30214247
25.51999995112419,81.971725,0.43797725,0.30214247
25.530000180006027,82.003716,0.43817937,0.30214247
25.540000408887863,82.02772,0.4383815,0.30214247
25.5500006377697,82.05572,0.43858358,0.30214247
25.560000866651535,82.10772,0.4387857,0.30214247
25.569999188184738,82.16372,0.43905517,0.30092168
25.579999417066574,82.223724,0.4395268,0.29970092
25.58999964594841,82.38372,0.439931,0.29725936
25.599999874830246,82.519714,0.44046998,0.2948178
25.610000103712082,82.60772,0.44094157,0.29237625
25.620000332593918,82.70371,0.44141316,0.29115546
25.630000561475754,82.823715,0.44175002,0.2887139
25.64000079035759,82.92372,0.4420195,0.2887139
25.649999111890793,82.93972,0.4422216,0.2887139
25.65999934077263,82.92772,0.442289,0.2887139
25.669999569654465,82.95571,0.44235638,0.2899347
25.6799997985363,82.95571,0.44235638,0.29115546
25.690000027418137,82.92772,0.44235638,0.29237625
25.700000256299973,82.907715,0.44235638,0.29237625
25.71000048518181,82.89572,0.44235638,0.2948178
25.720000714063644,82.88372,0.44235638,0.2948178
25.73000094294548,82.847725,0.44242373,0.29603857
25.739999264478683,82.84372,0.44242373,0.29725936
25.74999949336052,82.807724,0.44242373,0.29848012
25.759999722242355,82.83572,0.44249108,0.29848012
25.76999995112419,82.83572,0.44249108,0.30092168
25.780000180006027,82.779724,0.44249108,0.30092168
25.790000408887863,82.76772,0.44255847,0.30214247
25.8000006377697,82.783714,0.44255847,0.30336323
25.810000866651535,82.779724,0.44255847,0.30458403
25.819999188184738,82.71972,0.44255847,0.3058048
25.829999417066574,82.72372,0.44255847,0.3058048
25.83999964594841,82.72772,0.44255847,0.30824634
25.849999874830246,82.72372,0.44255847,0.30824634
25.860000103712082,82.67972,0.44255847,0.3106879
25.870000332593918,82.67972,0.44255847,0.3106879
25.880000561475754,82.65172,0.44255847,0.3119087
25.89000079035759,82.627716,0.44255847,0.31312945
25.899999111890793,82.615715,0.44255847,0.31435025
25.90999934077263,82.60772,0.44255847,0.315571
25.919999569654465,82.59172,0.44255847,0.3167918
25.9299997985363,82.595726,0.44255847,0.31801257
25.940000027418137,82.587715,0.44255847,0.31923336
25.950000256299973,82.527725,0.44255847,0.32045412
25.96000048518181,82.519714,0.44255847,0.3216749
25.970000714063644,82.53972,0.44255847,0.32289568
25.98000094294548,82.559715,0.44255847,0.32411647
25.989999264478683,82.49972,0.44262585,0.32411647
25.99999949336052,82.487724,0.44262585,0.32655802
26.009999722242355,82.49572,0.44262585,0.32655802
26.01999995112419,82.47572,0.44269323,0.3277788
26.030000180006027,82.47971,0.4427606,0.3277788
26.040000408887863,82.515724,0.44282794,0.32899958
26.0500006377697,82.531715,0.4429627,0.32899958
26.060000866651535,82.559715,0.44309744,0.32899958
26.069999188184738,82.57972,0.4432322,0.33022034
26.079999417066574,82.595726,0.4434343,0.32899958
26.08999964594841,82.627716,0.44363642,0.32899958
26.099999874830246,82.71172,0.4438385,0.32899958
26.110000103712082,82.77171,0.44410798,0.32899958
26.120000332593918,82.79172,0.44431013,0.3277788
26.130000561475754,82.85972,0.44464695,0.32655802
26.14000079035759,82.97172,0.44511855,0.32533723
26.149999111890793,83.103714,0.4455228,0.32289568
26.15999934077263,83.211716,0.44606176,0.32045412
26.169999569654465,83.34371,0.4466681,0.31801257
26.1799997985363,83.519714,0.44727442,0.31435025
26.190000027418137,83.699715,0.4480155,0.3106879
26.200000256299973,83.919716,0.44882393,0.3058048
26.21000048518181,84.127716,0.44956505,0.30214247
26.220000714063644,84.28771,0.450104,0.29970092
26.23000094294548,84.379715,0.4503735,0.29848012
26.239999264478683,84.41571,0.45044085,0.29970092
26.24999949336052,84.39171,0.45044085,0.30092168
26.259999722242355,84.34371,0.4505082,0.30092168
26.26999995112419,84.379715,0.4505082,0.30214247
26.280000180006027,84.367714,0.4505082,0.30336323
26.290000408887863,84.311714,0.4505082,0.30458403
26.3000006377697,84.29571,0.4505756,0.3058048
26.310000866651535,80.86773,0.4505756,0.3058048
26.319999188184738,79.14773,0.4505756,0.30824634
26.329999417066574,79.015724,0.45064297,0.30824634
26.33999964594841,79.015724,0.45064297,0.30946714
26.349999874830246,78.97173,0.45071033,0.3106879
26.360000103712082,78.955734,0.4507777,0.3106879
26.370000332593918,78.91573,0.4508451,0.3119087
26.380000561475754,78.90373,0.4508451,0.31312945
26.39000079035759,78.88773,0.45091245,0.31312945
26.399999111890793,78.89173,0.45091245,0.31435025
26.40999934077263,78.90373,0.45104718,0.315571
26.419999569654465,78.85973,0.45111457,0.315571
26.4299997985363,78.87974,0.4512493,0.315571
26.440000027418137,78.89573,0.45138404,0.315571
26.450000256299973,78.92373,0.45151877,0.3167918
26.46000048518181,78.91573,0.45165354,0.3167918
26.470000714063644,78.97973,0.45185563,0.3167918
26.48000094294548,79.051735,0.4521925,0.31435025
26.489999264478683,79.13573,0.45266408,0.31312945
26.49999949336052,79.16373,0.4530683,0.3106879
26.509999722242355,79.28373,0.4533378,0.3106879
26.51999995112419,79.335724,0.45360726,0.30946714
26.530000180006027,79.36373,0.45374203,0.3106879
26.540000408887863,79.39173,0.45394412,0.30946714
26.5500006377697,79.46373,0.45421362,0.30946714
26.560000866651535,79.51173,0.4544831,0.30824634
26.569999188184738,79.55972,0.45475256,0.30824634
26.579999417066574,79.599724,0.45495468,0.30702558
26.58999964594841,79.58772,0.4551568,0.30702558
26.599999874830246,79.61973,0.45522416,0.30824634
26.610000103712082,79.65572,0.45529154,0.30824634
26.620000332593918,79.667725,0.45535892,0.30946714
26.630000561475754,79.60373,0.4554263,0.30946714
26.64000079035759,79.64373,0.4554263,0.3106879
26.649999111890793,79.64773,0.45549366,0.3119087
26.65999934077263,79.60373,0.45549366,0.31312945
26.669999569654465,79.58772,0.4556284,0.31312945
26.6799997985363,79.651726,0.45569578,0.31435025
26.690000027418137,79.67173,0.4558305,0.31435025
26.700000256299973,79.663734,0.4558979,0.31435025
26.71000048518181,79.651726,0.4560326,0.31435025
26.720000714063644,79.68773,0.4561,0.315571
26.73000094294548,79.679726,0.4561,0.3167918
26.739999264478683,79.68773,0.45616737,0.31801257
26.74999949336052,79.67173,0.45623475,0.31801257
26.759999722242355,79.663734,0.45623475,0.31923336
26.76999995112419,79.69973,0.4563021,0.32045412
26.780000180006027,79.68373,0.45643684,0.32045412
26.790000408887863,79.69173,0.45657158,0.32045412
26.8000006377697,79.679726,0.45663896,0.32045412
26.810000866651535,79.75573,0.45670635,0.3216749
26.819999188184738,79.76773,0.4567737,0.3216749
26.829999417066574,79.723724,0.45684105,0.32289568
26.83999964594841,79.695724,0.45697582,0.32411647
26.849999874830246,79.76773,0.45711055,0.32411647
26.860000103712082,79.81573,0.45731264,0.32289568
26.870000332593918,79.83972,0.45758215,0.32289568
26.880000561475754,79.90772,0.45785162,0.3216749
26.89000079035759,80.01173,0.45832324,0.32045412
26.899999111890793,80.08773,0.45872745,0.31801257
26.90999934077263,80.17172,0.45919904,0.3167918
26.919999569654465,80.31572,0.45973802,0.31435025
26.9299997985363,80.42773,0.46020964,0.3119087
26.940000027418137,80.56772,0.46081594,0.30824634
26.950000256299973,80.66373,0.46128753,0.3058048
26.96000048518181,80.71572,0.46148968,0.3058048
26.970000714063644,80.735725,0.461557,0.30702558
26.98000094294548,80.77573,0.461557,0.30824634
26.989999264478683,80.779724,0.46169177,0.30824634
26.99999949336052,80.73972,0.46169177,0.30946714
27.009999722242355,80.71572,0.46169177,0.3106879
27.01999995112419,80.71973,0.46175915,0.3106879
27.030000180006027,80.71973,0.46175915,0.3119087
27.040000408887863,80.679726,0.46175915,0.31312945
27.0500006377697,80.69173,0.4618265,0.31435025
27.060000866651535,80.723724,0.4618939,0.31435025
27.069999188184738,80.679726,0.4618939,0.315571
27.079999417066574,80.667725,0.46196124,0.3167918
27.08999964594841,80.667725,0.46196124,0.31801257
27.099999874830246,80.67173,0.46196124,0.31923336
27.110000103712082,80.667725,0.46202862,0.31923336
27.120000332593918,80.651726,0.46202862,0.32045412
27.130000561475754,80.623726,0.46209598,0.3216749
27.14000079035759,80.611725,0.46209598,0.32289568
27.149999111890793,80.62772,0.46209598,0.32411647
27.15999934077263,80.61973,0.46216336,0.32411647
27.169999569654465,80.61573,0.46223074,0.32533723
27.1799997985363,80.60772,0.46223074,0.32655802
27.190000027418137,80.639725,0.46229813,0.32655802
27.200000256299973,80.599724,0.46229813,0.3277788
27.21000048518181,80.599724,0.46236545,0.32899958
27.220000714063644,80.61973,0.46243283,0.32899958
27.23000094294548,80.64373,0.4625676,0.33022034
27.239999264478683,80.63173,0.46263495,0.33022034
27.24999949336052,80.65973,0.46276972,0.33022034
27.259999722242355,80.69972,0.4629718,0.33022034
27.26999995112419,80.74773,0.46317393,0.33022034
27.280000180006027,80.78372,0.4634434,0.32899958
27.290000408887863,80.84373,0.46378025,0.3277788
27.3000006377697,80.903725,0.4641845,0.32655802
27.310000866651535,81.02372,0.4645887,0.32533723
27.319999188184738,81.18372,0.46519506,0.3216749
27.329999417066574,81.323715,0.46586874,0.31923336
27.33999964594841,81.43172,0.46654248,0.315571
27.349999874830246,81.571724,0.46721616,0.3119087
27.360000103712082,81.75172,0.46775514,0.30824634
27.370000332593918,81.82772,0.468092,0.30702558
27.380000561475754,81.86372,0.46815938,0.30824634
27.39000079035759,81.85972,0.46815938,0.30946714
27.399999111890793,81.83172,0.46815938,0.3106879
27.40999934077263,81.79973,0.46822673,0.3106879
27.419999569654465,81.78772,0.46822673,0.3119087
27.4299997985363,81.75973,0.46822673,0.31312945
27.440000027418137,81.77172,0.46822673,0.31435025
27.450000256299973,81.779724,0.46822673,0.315571
27.46000048518181,81.73572,0.46822673,0.3167918
27.470000714063644,81.71172,0.46822673,0.31801257
27.48000094294548,81.67572,0.4682941,0.31923336
27.489999264478683,81.72372,0.4682941,0.32045412
27.49999949336052,81.707726,0.4682941,0.3216749
27.509999722242355,81.67172,0.46836147,0.3216749
27.51999995112419,81.683716,0.46842885,0.32289568
27.530000180006027,81.69572,0.4684962,0.32289568
27.540000408887863,81.683716,0.4684962,0.32411647
27.5500006377697,81.655716,0.4685636,0.32533723
27.560000866651535,81.69572,0.46863097,0.32533723
27.569999188184738,81.70372,0.46869832,0.32655802
27.579999417066574,81.69173,0.46876568,0.32655802
27.58999964594841,81.66373,0.46883306,0.3277788
27.599999874830246,81.67572,0.46890044,0.3277788
27.610000103712082,81.707726,0.4689678,0.32899958
27.620000332593918,81.73572,0.46910256,0.32899958
27.630000561475754,81.74372,0.46923727,0.33022034
27.64000079035759,81.71973,0.46937203,0.33022034
27.649999111890793,81.74772,0.46950677,0.33022034
27.65999934077263,81.81972,0.4696415,0.33022034
27.669999569654465,81.85572,0.469911,0.33022034
27.6799997985363,81.89972,0.47031522,0.3277788
27.690000027418137,82.04372,0.4710563,0.32411647
27.700000256299973,82.28772,0.47213423,0.31801257
27.71000048518181,82.59972,0.4736164,0.30946714
27.720000714063644,82.93972,0.47509855,0.29970092
27.73000094294548,83.30371,0.47624385,0.293597
27.739999264478683,83.49572,0.47711968,0.2887139
27.74999949336052,83.67171,0.47792813,0.28261003
27.759999722242355,83.84771,0.47887132,0.27894768
27.76999995112419,84.075714,0.48001662,0.27162302
27.780000180006027,84.339714,0.4810272,0.26551914
27.790000408887863,84.48371,0.48149875,0.2630776
27.8000006377697,84.49571,0.48156613,0.26429835
27.810000866651535,84.44371,0.48156613,0.26551914
27.819999188184738,84.43171,0.48156613,0.2667399
27.829999417066574,84.42371,0.48156613,0.2667399
27.83999964594841,84.36371,0.48156613,0.26918146
27.849999874830246,84.31972,0.48156613,0.26918146
27.860000103712082,84.29971,0.48156613,0.27040225
27.870000332593918,84.28371,0.4816335,0.27162302
27.880000561475754,84.239716,0.4816335,0.2728438
27.89000079035759,84.215706,0.4816335,0.27406457
27.899999111890793,84.215706,0.4816335,0.27528536
27.90999934077263,84.19171,0.4816335,0.27650613
27.919999569654465,84.12371,0.4816335,0.27772692
27.9299997985363,84.11971,0.4816335,0.27894768
27.940000027418137,84.11171,0.4816335,0.27894768
27.950000256299973,84.09171,0.4816335,0.28138924
27.96000048518181,84.08371,0.48170087,0.28138924
27.970000714063644,84.05572,0.48170087,0.28261003
27.98000094294548,84.01572,0.48170087,0.2838308
27.989999264478683,84.019714,0.48170087,0.28505158
27.99999949336052,84.00371,0.48170087,0.28627235
28.009999722242355,83.96371,0.48170087,0.28749314
28.01999995112419,83.95972,0.48170087,0.2887139
28.030000180006027,83.947716,0.48170087,0.2899347
28.040000408887863,83.923706,0.48170087,0.29115546
28.0500006377697,83.85971,0.48170087,0.29237625
28.060000866651535,83.867714,0.48170087,0.29237625
28.069999188184738,83.88372,0.48170087,0.2948178
28.079999417066574,83.87171,0.48170087,0.2948178
28.08999964594841,83.839714,0.48170087,0.29603857
28.099999874830246,83.83171,0.48170087,0.29725936
28.110000103712082,83.811714,0.48176825,0.29848012
28.120000332593918,83.77971,0.48176825,0.29970092
28.130000561475754,83.79171,0.48176825,0.30092168
28.14000079035759,83.77171,0.48176825,0.30214247
28.149999111890793,83.74772,0.48183563,0.30214247
28.15999934077263,83.74772,0.48183563,0.30336323
28.169999569654465,83.73572,0.48183563,0.30458403
28.1799997985363,83.70772,0.48183563,0.3058048
28.190000027418137,83.69572,0.48183563,0.30702558
28.200000256299973,83.69172,0.48183563,0.30824634
28.21000048518181,83.68771,0.48190302,0.30824634
28.220000714063644,83.65172,0.48190302,0.3106879
28.23000094294548,83.68771,0.48197034,0.3106879
28.239999264478683,83.683716,0.48197034,0.3119087
28.24999949336052,83.63571,0.48197034,0.31312945
28.259999722242355,83.64771,0.4821051,0.31312945
28.26999995112419,83.67571,0.4821725,0.31435025
28.280000180006027,83.66371,0.48230723,0.31435025
28.290000408887863,83.69172,0.48244196,0.31435025
28.3000006377697,83.73971,0.48271146,0.31435025
28.310000866651535,83.823715,0.48311567,0.3119087
28.319999188184738,83.93172,0.48365462,0.30946714
28.329999417066574,84.09572,0.48446307,0.30458403
28.33999964594841,84.35571,0.48554102,0.29848012
28.349999874830246,84.59972,0.48661894,0.29237625
28.360000103712082,84.79171,0.48736003,0.2887139
28.370000332593918,84.91171,0.48762953,0.28749314
28.380000561475754,84.89971,0.48762953,0.2887139
28.39000079035759,84.88771,0.48762953,0.2899347
28.399999111890793,84.88371,0.48762953,0.29115546
28.40999934077263,84.87572,0.48762953,0.29237625
28.419999569654465,84.80371,0.48762953,0.293597
28.4299997985363,84.80771,0.48762953,0.2948178
28.440000027418137,84.77971,0.48762953,0.29603857
28.450000256299973,84.75171,0.48762953,0.29725936
28.46000048518181,84.759705,0.48762953,0.29848012
28.470000714063644,84.755714,0.48762953,0.29970092
28.48000094294548,84.73571,0.48762953,0.30092168
28.489999264478683,84.67972,0.48762953,0.30214247
28.49999949336052,84.67171,0.4876969,0.30214247
28.509999722242355,84.67972,0.4876969,0.30336323
28.51999995112419,84.65571,0.4876969,0.30458403
28.530000180006027,84.62771,0.48776424,0.30458403
28.540000408887863,84.64371,0.48776424,0.3058048
28.5500006377697,84.60771,0.48776424,0.30702558
28.560000866651535,84.59972,0.48783162,0.30824634
28.569999188184738,84.59972,0.48783162,0.30946714
28.579999417066574,84.59571,0.48783162,0.3106879
28.58999964594841,84.58372,0.4879664,0.3106879
28.599999874830246,84.59571,0.48803374,0.3119087
28.610000103712082,84.61172,0.48816848,0.3119087
28.620000332593918,84.62771,0.48837057,0.3119087
28.630000561475754,84.68371,0.48864007,0.3106879
28.64000079035759,84.76371,0.48897693,0.30946714
28.649999111890793,84.84371,0.48944852,0.30702558
28.65999934077263,84.9717,0.49012223,0.30458403
28.669999569654465,85.15171,0.49093068,0.29970092
28.6799997985363,85.371704,0.49187386,0.2948178
28.690000027418137,85.5557,0.4926823,0.2899347
28.700000256299973,85.6917,0.49308655,0.28749314
28.71000048518181,85.75571,0.4931539,0.2887139
28.720000714063644,85.71171,0.4931539,0.2899347
28.73000094294548,85.703705,0.4931539,0.29115546
28.739999264478683,85.68371,0.4931539,0.29237625
28.74999949336052,85.64371,0.4931539,0.293597
28.759999722242355,85.635704,0.4931539,0.2948178
28.76999995112419,85.61571,0.4931539,0.29603857
28.780000180006027,85.59171,0.4931539,0.29603857
28.790000408887863,85.5557,0.49322125,0.29725936
28.8000006377697,85.54371,0.49322125,0.29848012
28.810000866651535,85.54771,0.49322125,0.29970092
28.819999188184738,85.50371,0.49322125,0.30092168
28.829999417066574,85.467705,0.49322125,0.30214247
28.83999964594841,85.49171,0.49322125,0.30336323
28.849999874830246,85.48771,0.49322125,0.30458403
28.860000103712082,85.44371,0.49322125,0.3058048
28.870000332593918,85.42771,0.49322125,0.30702558
28.880000561475754,85.407715,0.49322125,0.30824634
28.89000079035759,85.383705,0.49328867,0.30824634
28.899999111890793,85.371704,0.49328867,0.30946714
28.90999934077263,85.39171,0.49328867,0.3106879
28.919999569654465,85.37571,0.493356,0.3119087
28.9299997985363,85.339714,0.493356,0.3119087
28.940000027418137,85.339714,0.493356,0.31435025
28.950000256299973,85.3317,0.493356,0.31435025
28.96000048518181,85.31571,0.4934234,0.315571
28.970000714063644,85.31971,0.49349076,0.3167918
28.98000094294548,85.3317,0.49349076,0.31801257
28.989999264478683,85.29571,0.49355817,0.31801257
28.99999949336052,85.2917,0.4936255,0.31923336
29.009999722242355,85.30771,0.4936255,0.32045412
29.01999995112419,85.311714,0.4936255,0.3216749
29.030000180006027,85.2917,0.49369285,0.3216749
29.040000408887863,85.2917,0.49376026,0.32289568
29.0500006377697,85.28771,0.4938276,0.32289568
29.060000866651535,85.27971,0.4938276,0.32411647
29.069999188184738,85.28771,0.493895,0.32533723
29.079999417066574,85.311714,0.4940297,0.32533723
29.08999964594841,85.31571,0.49416444,0.32533723
29.099999874830246,85.30771,0.49436662,0.32533723
29.110000103712082,85.40371,0.49463606,0.32533723
29.120000332593918,85.46371,0.49490556,0.32411647
29.130000561475754,85.507706,0.4952424,0.32289568
29.14000079035759,85.6237,0.495714,0.32045412
29.149999111890793,85.759705,0.4963877,0.3167918
29.15999934077263,85.895706,0.49712878,0.31312945
29.169999569654465,86.11171,0.4980046,0.30824634
29.1799997985363,86.31971,0.49888045,0.30336323
29.190000027418137,86.479706,0.49948677,0.30092168
29.200000256299973,86.5397,0.49962148,0.30092168
29.21000048518181,86.53171,0.49962148,0.30214247
29.220000714063644,86.51971,0.49962148,0.30214247
29.23000094294548,86.4877,0.49962148,0.30458403
29.239999264478683,86.4717,0.49962148,0.30458403
29.24999949336052,86.45571,0.49962148,0.3058048
29.259999722242355,86.4197,0.49962148,0.30702558
29.26999995112419,86.395706,0.49962148,0.30824634
29.280000180006027,86.41571,0.49962148,0.30946714
29.290000408887863,86.36371,0.49962148,0.3106879
29.3000006377697,86.31971,0.4996889,0.3119087
29.310000866651535,86.327705,0.4996889,0.3119087
29.319999188184738,86.32371,0.4996889,0.31435025
29.329999417066574,86.27171,0.4996889,0.31435025
29.33999964594841,86.27171,0.49975622,0.315571
29.349999874830246,86.29171,0.49975622,0.3167918
29.360000103712082,86.29171,0.49982363,0.31801257
29.370000332593918,86.26771,0.49982363,0.31801257
29.380000561475754,86.259705,0.49989098,0.31923336
29.39000079035759,86.25571,0.49989098,0.32045412
29.399999111890793,86.2237,0.49989098,0.3216749
29.40999934077263,86.2477,0.49989098,0.32289568
29.419999569654465,86.21171,0.4999584,0.32411647
29.4299997985363,86.1677,0.4999584,0.32411647
29.440000027418137,86.19971,0.5000931,0.32533723
29.450000256299973,86.21171,0.50016046,0.32533723
29.46000048518181,86.19971,0.5002278,0.32655802
29.470000714063644,86.2077,0.5002952,0.3277788
29.48000094294548,86.25571,0.5002952,0.3277788
29.489999264478683,86.23171,0.5004299,0.32899958
29.49999949336052,86.19971,0.50049734,0.32899958
29.509999722242355,86.23171,0.5006994,0.32899958
29.51999995112419,86.32371,0.50096893,0.3277788
29.530000180006027,86.3917,0.5013731,0.32655802
29.540000408887863,86.4717,0.5019795,0.32289568
29.5500006377697,86.6037,0.5026532,0.32045412
29.560000866651535,86.8317,0.5034616,0.315571
29.569999188184738,87.0437,0.5044048,0.3106879
29.579999417066574,87.27971,0.50548273,0.30336323
29.58999964594841,87.50371,0.506426,0.29848012
29.599999874830246,87.6717,0.5070996,0.2948178
29.610000103712082,87.8477,0.50777334,0.29237625
29.620000332593918,87.9917,0.5084471,0.28749314
29.630000561475754,88.1357,0.5093229,0.2838308
29.64000079035759,88.319695,0.510064,0.27894768
29.649999111890793,88.4957,0.5106703,0.27650613
29.65999934077263,88.579704,0.5112093,0.2728438
29.669999569654465,88.611694,0.51154613,0.27162302
29.6799997985363,88.659706,0.51174825,0.27162302
29.690000027418137,88.68769,0.5118156,0.2728438
29.700000256299973,88.6437,0.5118156,0.27406457
29.71000048518181,88.583694,0.51188296,0.27406457
29.720000714063644,88.579704,0.51188296,0.27528536
29.73000094294548,88.555695,0.51188296,0.27650613
29.739999264478683,88.5357,0.51188296,0.27772692
29.74999949336052,88.4837,0.51188296,0.27894768
29.759999722242355,88.4637,0.51188296,0.28016847
29.76999995112419,88.4237,0.51188296,0.28138924
29.780000180006027,88.40771,0.51188296,0.28261003
29.790000408887863,88.36771,0.51188296,0.2838308
29.8000006377697,88.319695,0.51188296,0.28505158
29.810000866651535,88.331696,0.51188296,0.28627235
29.819999188184738,88.3357,0.51188296,0.28749314
29.829999417066574,88.2797,0.51188296,0.2887139
29.83999964594841,88.2077,0.51188296,0.2899347
29.849999874830246,88.2117,0.51188296,0.29115546
29.860000103712082,88.2197,0.51188296,0.29115546
29.870000332593918,88.1877,0.51188296,0.29237625
29.880000561475754,88.1517,0.51188296,0.293597
29.89000079035759,88.1357,0.51188296,0.2948178
29.899999111890793,88.11571,0.51188296,0.29603857
29.90999934077263,88.0877,0.51188296,0.29725936
29.919999569654465,88.0797,0.51188296,0.29848012
29.9299997985363,88.0557,0.51188296,0.29970092
29.940000027418137,88.04771,0.51188296,0.30092168
29.950000256299973,88.0277,0.5119503,0.30214247
29.96000048518181,87.995705,0.5119503,0.30214247
29.970000714063644,87.971695,0.5119503,0.30458403
29.98000094294548,87.9877,0.5119503,0.30458403
29.989999264478683,87.9757,0.5119503,0.3058048
29.99999949336052,87.9237,0.5119503,0.30702558
30.009999722242355,87.8957,0.5119503,0.30824634
30.01999995112419,87.9157,0.5120177,0.30946714
30.030000180006027,87.9477,0.5120851,0.3106879
30.040000408887863,87.89169,0.5121525,0.3106879
30.0500006377697,87.8837,0.5121525,0.3119087
30.060000866651535,87.8957,0.51221985,0.3119087
30.069999188184738,87.8877,0.5122872,0.31312945
30.079999417066574,87.9077,0.51235455,0.31435025
30.08999964594841,87.8957,0.51235455,0.31435025
30.099999874830246,87.8477,0.5124219,0.315571
30.110000103712082,87.843704,0.5124893,0.3167918
30.120000332593918,87.8677,0.5124893,0.31801257
30.130000561475754,87.8517,0.5125567,0.31801257
30.14000079035759,87.8517,0.5126241,0.31923336
30.149999111890793,87.8837,0.51282614,0.31801257
30.15999934077263,87.9597,0.51316303,0.31801257
30.169999569654465,88.0197,0.51356727,0.315571
30.1799997985363,88.11571,0.5141062,0.31312945
30.190000027418137,88.3117,0.514982,0.30824634
30.200000256299973,88.551704,0.51599264,0.30336323
30.21000048518181,88.7837,0.5170032,0.29603857
30.220000714063644,89.011696,0.51794636,0.29115546
30.23000094294548,89.195694,0.51868737,0.28749314
30.239999264478683,89.291695,0.51909167,0.28505158
30.24999949336052,89.33969,0.519159,0.28627235
30.259999722242355,89.331696,0.5192264,0.28627235
30.26999995112419,89.31169,0.5192937,0.28749314
30.280000180006027,89.2797,0.5192937,0.2887139
30.290000408887863,89.28369,0.51936114,0.2899347
30.3000006377697,89.2557,0.51936114,0.29115546
30.310000866651535,89.223694,0.5194285,0.29115546
30.319999188184738,89.2157,0.5194959,0.29237625
30.329999417066574,89.2557,0.51956326,0.29237625
30.33999964594841,89.1877,0.519698,0.293597
30.349999874830246,89.1877,0.51983273,0.293597
30.360000103712082,89.2557,0.52003485,0.29237625
30.370000332593918,89.319695,0.5203717,0.29237625
30.380000561475754,89.36369,0.5207759,0.2899347
30.39000079035759,89.4637,0.52131486,0.28749314
30.399999111890793,89.5877,0.5219212,0.28505158
30.40999934077263,89.6757,0.52232546,0.28261003
30.419999569654465,89.75169,0.5225275,0.28261003
30.4299997985363,89.763695,0.5226623,0.28261003
30.440000027418137,89.75569,0.52279705,0.28261003
30.450000256299973,89.76769,0.52293175,0.28261003
30.46000048518181,89.76769,0.5229991,0.2838308
30.470000714063644,89.73569,0.5229991,0.28505158
30.48000094294548,89.723694,0.5229991,0.28627235
30.489999264478683,89.73969,0.5230665,0.28627235
30.49999949336052,89.71169,0.5230665,0.2887139
30.509999722242355,89.65569,0.5230665,0.2887139
30.51999995112419,89.61569,0.5230665,0.29115546
30.530000180006027,89.651695,0.5231339,0.29115546
30.540000408887863,89.61969,0.5232013,0.29237625
30.5500006377697,89.5877,0.52333605,0.29237625
30.560000866651535,89.611694,0.5234034,0.29237625
30.569999188184738,89.6357,0.5235381,0.29237625
30.579999417066574,89.6357,0.5236729,0.293597
30.58999964594841,89.6357,0.5236729,0.2948178
30.599999874830246,89.611694,0.52374023,0.2948178
30.610000103712082,89.5877,0.5238076,0.29603857
30.620000332593918,89.5997,0.523875,0.29603857
30.630000561475754,89.5877,0.523875,0.29725936
30.64000079035759,89.567696,0.523875,0.29848012
30.649999111890793,89.54369,0.52394235,0.29970092
30.65999934077263,89.5797,0.5240097,0.29970092
30.669999569654465,89.55169,0.5240097,0.30092168
30.6799997985363,89.50369,0.52407706,0.30214247
30.690000027418137,89.52369,0.5241445,0.30214247
30.700000256299973,89.56369,0.5242118,0.30336323
30.71000048518181,89.55169,0.5242792,0.30458403
30.720000714063644,89.499695,0.5243466,0.30458403
30.73000094294548,89.5077,0.52441394,0.3058048
30.739999264478683,89.5077,0.52441394,0.3058048
30.74999949336052,89.4917,0.5244813,0.30702558
30.759999722242355,89.499695,0.52454865,0.30824634
30.76999995112419,89.499695,0.52454865,0.30946714
30.780000180006027,89.4797,0.52461606,0.30946714
30.790000408887863,89.4797,0.5246834,0.3106879
30.8000006377697,89.455696,0.5246834,0.3119087
30.810000866651535,89.44769,0.52475077,0.3119087
30.819999188184738,89.44769,0.5248182,0.31312945
30.829999417066574,89.4637,0.5248182,0.31435025
30.83999964594841,89.443695,0.52488554,0.31435025
30.849999874830246,89.3997,0.52495295,0.315571
30.860000103712082,89.43569,0.52495295,0.3167918
30.870000332593918,89.443695,0.52502024,0.3167918
30.880000561475754,89.4277,0.5250876,0.31801257
30.89000079035759,89.387695,0.5250876,0.31923336
30.899999111890793,89.4157,0.5250876,0.32045412
30.90999934077263,89.4117,0.525155,0.32045412
30.919999569654465,89.36369,0.52522236,0.3216749
30.9299997985363,89.3837,0.5252898,0.3216749
30.940000027418137,89.3997,0.52542454,0.32289568
30.950000256299973,89.39169,0.52542454,0.32411647
30.96000048518181,89.403694,0.5255592,0.32411647
30.970000714063644,89.4117,0.5256266,0.32411647
30.98000094294548,89.41969,0.52576137,0.32533723
30.989999264478683,89.459694,0.5259635,0.32411647
30.99999949336052,89.5197,0.52623296,0.32411647
31.009999722242355,89.59169,0.52670455,0.3216749
31.01999995112419,89.67169,0.52731085,0.31801257
31.030000180006027,89.875694,0.528052,0.31435025
31.040000408887863,90.039696,0.52865833,0.3119087
31.0500006377697,90.111694,0.5290625,0.3106879
31.060000866651535,90.17569,0.52939934,0.30824634
31.069999188184738,90.239685,0.5295341,0.30946714
31.079999417066574,90.219696,0.5295341,0.3106879
31.08999964594841,90.19169,0.5295341,0.3119087
31.099999874830246,90.1717,0.5296015,0.3119087
31.110000103712082,90.18369,0.5296015,0.31312945
31.120000332593918,90.14769,0.5296015,0.31435025
31.130000561475754,90.1317,0.5296015,0.315571
31.14000079035759,90.11569,0.52966887,0.3167918
31.149999111890793,90.07169,0.52966887,0.31801257
31.15999934077263,90.0917,0.5298036,0.31801257
31.169999569654465,90.111694,0.5298709,0.31801257
31.1799997985363,90.083694,0.5300057,0.31923336
31.190000027418137,90.09569,0.5300731,0.31923336
31.200000256299973,90.11569,0.5302078,0.31923336
31.21000048518181,90.1437,0.5302752,0.32045412
31.220000714063644,90.11969,0.5303425,0.32045412
31.23000094294548,90.11969,0.53040993,0.3216749
31.239999264478683,90.1317,0.5304773,0.3216749
31.24999949336052,90.12769,0.5306794,0.3216749
31.259999722242355,90.1717,0.5308815,0.3216749
31.26999995112419,90.24369,0.531151,0.32045412
31.280000180006027,90.275696,0.5313532,0.32045412
31.290000408887863,90.263695,0.5314878,0.3216749
31.3000006377697,90.275696,0.53155524,0.3216749
31.310000866651535,90.2877,0.53155524,0.32289568
31.319999188184738,90.263695,0.5316226,0.32411647
31.329999417066574,90.2877,0.53169,0.32411647
31.33999964594841,90.303696,0.53182477,0.32411647
31.349999874830246,90.275696,0.5319594,0.32411647
31.360000103712082,90.303696,0.53222895,0.32411647
31.370000332593918,90.403694,0.53270054,0.3216749
31.380000561475754,90.55969,0.5333069,0.31801257
31.39000079035759,90.695694,0.53418267,0.31435025
31.399999111890793,90.87969,0.53499115,0.30946714
31.40999934077263,91.04769,0.53566486,0.3058048
31.419999569654465,91.16369,0.5360691,0.30458403
31.4299997985363,91.22769,0.53627115,0.30458403
31.440000027418137,91.239685,0.53633857,0.30458403
31.450000256299973,91.19969,0.53633857,0.3058048
31.46000048518181,91.183685,0.53633857,0.30702558
31.470000714063644,91.16369,0.5364059,0.30824634
31.48000094294548,91.14769,0.5364059,0.30824634
31.489999264478683,91.111694,0.53647333,0.30946714
31.49999949336052,91.10368,0.53647333,0.3106879
31.509999722242355,91.10368,0.53647333,0.3119087
31.51999995112419,91.04769,0.5365407,0.3119087
31.530000180006027,91.02369,0.53660804,0.31312945
31.540000408887863,91.03969,0.53660804,0.31435025
31.5500006377697,91.03969,0.53660804,0.315571
31.560000866651535,90.99969,0.5366754,0.3167918
31.569999188184738,90.99169,0.53674275,0.3167918
31.579999417066574,91.00369,0.53681016,0.31801257
31.58999964594841,90.98369,0.5368775,0.31801257
31.599999874830246,90.97569,0.53694487,0.31923336
31.610000103712082,90.98369,0.53694487,0.32045412
31.620000332593918,90.94369,0.5370123,0.32045412
31.630000561475754,90.93569,0.5370123,0.3216749
31.64000079035759,90.93969,0.5370123,0.32289568
31.649999111890793,90.91169,0.53707963,0.32411647
31.65999934077263,90.90369,0.53707963,0.32533723
31.669999569654465,90.8997,0.53721434,0.32533723
31.6799997985363,90.92369,0.53728175,0.32655802
31.690000027418137,90.887695,0.5373491,0.32655802
31.700000256299973,90.89569,0.5375512,0.32655802
31.71000048518181,90.94769,0.53775334,0.32655802
31.720000714063644,90.987686,0.5380228,0.32655802
31.73000094294548,91.03169,0.5382923,0.32411647
31.739999264478683,91.115685,0.5386965,0.32289568
31.74999949336052,91.23569,0.53937024,0.31923336
31.759999722242355,91.42769,0.5403135,0.31435025
31.76999995112419,91.67569,0.5415261,0.30702558
31.780000180006027,92.019684,0.54287356,0.29848012
31.790000408887863,92.295685,0.5441536,0.29115546
31.8000006377697,92.51969,0.54509676,0.28627235
31.810000866651535,92.699684,0.5458378,0.28138924
31.819999188184738,92.851685,0.5466463,0.27650613
31.829999417066574,93.02369,0.5475221,0.2728438
31.840001553297043,93.21568,0.5483979,0.2679607
31.849999874830246,93.379684,0.54934114,0.2630776
31.85999819636345,93.49969,0.54994744,0.25941524
31.870000332593918,93.52769,0.5500822,0.25941524
31.87999865412712,93.52368,0.5500822,0.26063603
31.89000079035759,93.48368,0.5500822,0.2618568
31.899999111890793,93.42768,0.55014956,0.2618568
31.91000124812126,93.40368,0.55014956,0.2630776
31.919999569654465,93.31968,0.55014956,0.26429835
31.930001705884933,93.25968,0.55014956,0.26551914
31.940000027418137,93.23968,0.55014956,0.2667399
31.94999834895134,93.23168,0.55014956,0.2679607
31.96000048518181,93.16368,0.55014956,0.26918146
31.96999880671501,93.11169,0.55014956,0.27040225
31.98000094294548,93.08368,0.55014956,0.27162302
31.989999264478683,93.03568,0.55014956,0.2728438
32.00000140070915,93.01169,0.55014956,0.27406457
32.009999722242355,92.99569,0.55014956,0.27528536
32.020001858472824,92.95968,0.55014956,0.27650613
32.03000018000603,92.91168,0.55014956,0.27650613
32.03999850153923,92.88368,0.55014956,0.27894768
32.0500006377697,92.835686,0.55014956,0.27894768
32.0599989593029,92.81969,0.55014956,0.28138924
32.07000109553337,92.78368,0.55014956,0.28138924
32.079999417066574,92.76368,0.55014956,0.28261003
32.09000155329704,92.72368,0.55014956,0.2838308
32.099999874830246,92.67569,0.55014956,0.28505158
32.10999819636345,92.67969,0.55014956,0.28627235
32.12000033259392,92.65968,0.55014956,0.28749314
32.12999865412712,92.60768,0.55014956,0.2887139
32.14000079035759,92.57568,0.55014956,0.2899347
32.14999911189079,92.58369,0.55014956,0.29115546
32.16000124812126,92.53568,0.55014956,0.29237625
32.169999569654465,92.49969,0.55014956,0.293597
32.18000170588493,92.487686,0.55014956,0.2948178
32.19000002741814,92.463684,0.55014956,0.29603857
32.19999834895134,92.419685,0.55014956,0.29603857
32.21000048518181,92.42368,0.55014956,0.29848012
32.21999880671501,92.391685,0.55014956,0.29848012
32.23000094294548,92.33968,0.5502169,0.29970092
32.23999926447868,92.351685,0.5502169,0.30092168
32.25000140070915,92.31969,0.5502169,0.30214247
32.259999722242355,92.28768,0.5502169,0.30336323
32.270001858472824,92.255684,0.5502169,0.30458403
32.28000018000603,92.27569,0.5502169,0.3058048
32.28999850153923,92.255684,0.5502169,0.30702558
32.3000006377697,92.183685,0.5502169,0.30824634
32.3099989593029,92.18769,0.5502843,0.30824634
32.32000109553337,92.19969,0.5503517,0.30946714
32.329999417066574,92.183685,0.5503517,0.3106879
32.34000155329704,92.15969,0.5504191,0.3106879
32.349999874830246,92.16769,0.55055374,0.3106879
32.35999819636345,92.183685,0.55062115,0.3119087
32.37000033259392,92.183685,0.5507559,0.3119087
32.37999865412712,92.19168,0.55095804,0.3119087
32.39000079035759,92.26369,0.5513623,0.3106879
32.39999911189079,92.35969,0.5519012,0.30824634
32.41000124812126,92.531685,0.5526423,0.30458403
32.419999569654465,92.71568,0.55358547,0.29848012
32.43000170588493,92.91968,0.55459607,0.29237625
32.44000002741814,93.17568,0.55553925,0.28749314
32.44999834895134,93.36768,0.55621296,0.2838308
32.46000048518181,93.423676,0.556415,0.2838308
32.46999880671501,93.36768,0.556415,0.28505158
32.48000094294548,93.391685,0.556415,0.28627235
32.48999926447868,93.37168,0.556415,0.28627235
32.50000140070915,93.30768,0.556415,0.2887139
32.509999722242355,93.24368,0.556415,0.2887139
32.520001858472824,93.25168,0.556415,0.29115546
32.53000018000603,93.227684,0.556415,0.29115546
32.53999850153923,93.18768,0.556415,0.29237625
32.5500006377697,93.143684,0.556415,0.293597
32.5599989593029,93.131676,0.556415,0.2948178
32.57000109553337,93.10768,0.556415,0.29603857
32.579999417066574,93.07968,0.556415,0.29725936
32.59000155329704,93.059685,0.556415,0.29848012
32.599999874830246,93.00768,0.55648243,0.29848012
32.60999819636345,93.01169,0.55648243,0.30092168
32.62000033259392,93.003685,0.55648243,0.30092168
32.62999865412712,92.94768,0.55648243,0.30214247
32.64000079035759,92.90768,0.55648243,0.30336323
32.64999911189079,92.93169,0.55648243,0.30458403
32.66000124812126,92.90369,0.55648243,0.3058048
32.669999569654465,92.851685,0.55648243,0.30702558
32.68000170588493,92.84769,0.55648243,0.30824634
32.69000002741814,92.82768,0.55648243,0.30946714
32.69999834895134,92.79168,0.55648243,0.3106879
32.71000048518181,92.77169,0.5565498,0.3119087
32.71999880671501,92.75969,0.5565498,0.3119087
32.73000094294548,92.74768,0.55661714,0.31312945
32.73999926447868,92.727684,0.55661714,0.31435025
32.75000140070915,92.70768,0.55668455,0.31435025
32.759999722242355,92.69568,0.55668455,0.3167918
32.770001858472824,92.66768,0.55668455,0.3167918
32.78000018000603,92.68768,0.55681926,0.31801257
32.78999850153923,92.711685,0.5568866,0.31801257
32.8000006377697,92.67969,0.55695397,0.31923336
32.8099989593029,92.65568,0.5570214,0.31923336
32.82000109553337,92.67969,0.55715615,0.32045412
32.829999417066574,92.71969,0.5572909,0.32045412
32.84000155329704,92.727684,0.55762774,0.31923336
32.849999874830246,92.81568,0.5580319,0.3167918
32.85999819636345,92.95569,0.5587056,0.31435025
32.87000033259392,93.10768,0.55951405,0.30946714
32.87999865412712,93.27968,0.5603225,0.3058048
32.89000079035759,93.49168,0.5610636,0.30092168
32.89999911189079,93.64768,0.5617373,0.29848012
32.91000124812126,93.699684,0.5619395,0.29725936
32.919999569654465,93.69568,0.5620742,0.29725936
32.93000170588493,93.69568,0.56214154,0.29848012
32.94000002741814,93.69568,0.5622089,0.29848012
32.94999834895134,93.699684,0.5622763,0.29970092
32.96000048518181,93.671684,0.56234366,0.29970092
32.96999880671501,93.62368,0.56241107,0.30092168
32.98000094294548,93.615685,0.5624784,0.30092168
32.98999926447868,93.62368,0.5624784,0.30214247
33.00000140070915,93.59168,0.5625458,0.30336323
33.009999722242355,93.56769,0.5625458,0.30458403
33.020001858472824,93.56368,0.5626132,0.30458403
33.03000018000603,93.54368,0.5626805,0.3058048
33.03999850153923,93.52769,0.5626805,0.30702558
33.0500006377697,93.49969,0.5627479,0.30824634
33.0599989593029,93.50368,0.5627479,0.30824634
33.07000109553337,93.49168,0.56281525,0.30946714
33.079999417066574,93.47168,0.5628826,0.3106879
33.09000155329704,93.47168,0.56301737,0.3106879
33.099999874830246,93.46768,0.56315213,0.3106879
33.10999819636345,93.475685,0.5632195,0.3106879
33.12000033259392,93.51168,0.5633542,0.3119087
33.12999865412712,93.51968,0.5635564,0.3106879
33.14000079035759,93.52368,0.5638258,0.3106879
33.14999911189079,93.57568,0.5642301,0.30824634
33.16000124812126,93.699684,0.5647017,0.30702558
33.169999569654465,93.80368,0.5653753,0.30336323
33.18000170588493,93.95968,0.56611645,0.29970092
33.19000002741814,94.11169,0.56672275,0.29603857
33.19999834895134,94.23568,0.56719434,0.2948178
33.21000048518181,94.25168,0.5674638,0.293597
33.21999880671501,94.27168,0.56766593,0.293597
33.23000094294548,94.315674,0.5678007,0.293597
33.23999926447868,94.33568,0.56793547,0.293597
33.25000140070915,94.299675,0.56793547,0.2948178
33.259999722242355,94.259674,0.56800276,0.29603857
33.270001858472824,94.20767,0.56800276,0.29603857
33.28000018000603,94.21168,0.5680702,0.29725936
33.28999850153923,94.22368,0.5680702,0.29848012
33.3000006377697,94.16768,0.5680702,0.29970092
33.3099989593029,94.09568,0.5680702,0.30092168
33.32000109553337,94.071686,0.5680702,0.30214247
33.329999417066574,94.08368,0.5680702,0.30336323
33.34000155329704,94.05568,0.5680702,0.30458403
33.349999874830246,94.007675,0.5680702,0.3058048
33.35999819636345,93.98768,0.5680702,0.3058048
33.37000033259392,93.95168,0.5680702,0.30824634
33.37999865412712,93.89968,0.5681375,0.30824634
33.39000079035759,93.87968,0.5681375,0.30946714
33.39999911189079,93.89168,0.5681375,0.3106879
33.41000124812126,93.87568,0.5681375,0.3119087
33.419999569654465,93.85168,0.5681375,0.31312945
33.43000170588493,93.81568,0.5681375,0.31435025
33.44000002741814,93.76368,0.56820494,0.31435025
33.44999834895134,93.75968,0.56820494,0.3167918
33.46000048518181,93.79968,0.56820494,0.3167918
33.46999880671501,93.727684,0.5682723,0.31801257
33.48000094294548,93.70768,0.5683397,0.31801257
33.48999926447868,93.72368,0.5683397,0.31923336
33.50000140070915,93.72368,0.5684744,0.32045412
33.509999722242355,93.69568,0.56854177,0.32045412
33.520001858472824,93.683685,0.5686091,0.3216749
33.53000018000603,93.727684,0.56867653,0.3216749
33.53999850153923,93.715675,0.56867653,0.32289568
33.5500006377697,93.65568,0.5687439,0.32411647
33.5599989593029,93.65168,0.5688113,0.32411647
33.57000109553337,93.66768,0.56887865,0.32533723
33.579999417066574,93.66368,0.56887865,0.32655802
33.59000155329704,93.65168,0.56901336,0.32655802
33.599999874830246,93.63567,0.5691481,0.32655802
33.60999819636345,93.63968,0.5692828,0.3277788
33.62000033259392,93.66768,0.56935024,0.3277788
33.62999865412712,93.67968,0.5694176,0.3277788
33.64000079035759,93.67968,0.5695523,0.32899958
33.64999911189079,93.683685,0.5697544,0.3277788
33.66000124812126,93.74768,0.57002395,0.3277788
33.669999569654465,93.81568,0.57049555,0.32533723
33.68000170588493,93.88368,0.5710345,0.32289568
33.69000002741814,94.007675,0.5715061,0.32045412
33.69999834895134,94.16368,0.5720451,0.31801257
33.71000048518181,94.24368,0.5725167,0.3167918
33.71999880671501,94.30368,0.5729883,0.31435025
33.73000094294548,94.42768,0.5735272,0.3119087
33.73999926447868,94.57168,0.5741336,0.30824634
33.75000140070915,94.68367,0.57473993,0.3058048
33.759999722242355,94.771675,0.57521147,0.30336323
33.770001858472824,94.83167,0.5756157,0.30214247
33.78000018000603,94.87568,0.57595253,0.30092168
33.78999850153923,94.94368,0.57622206,0.29970092
33.8000006377697,94.99968,0.5765589,0.29848012
33.8099989593029,95.035675,0.5768958,0.29725936
33.82000109553337,95.07167,0.57736737,0.29603857
33.829999417066574,95.19968,0.5779063,0.29237625
33.84000155329704,95.315674,0.57858,0.2899347
33.849999874830246,95.383675,0.57911897,0.28627235
33.85999819636345,95.51568,0.5795906,0.28505158
33.87000033259392,95.58767,0.5798601,0.2838308
33.87999865412712,95.57168,0.5800622,0.2838308
33.89000079035759,95.523674,0.58012956,0.2838308
33.89999911189079,95.51568,0.5801969,0.28505158
33.91000124812126,95.49168,0.5801969,0.28627235
33.919999569654465,95.46368,0.5801969,0.28749314
33.93000170588493,95.41168,0.5801969,0.2887139
33.94000002741814,95.37168,0.5802643,0.2887139
33.94999834895134,95.327675,0.5802643,0.2899347
33.96000048518181,95.33168,0.5802643,0.29115546
33.96999880671501,95.283676,0.5802643,0.29237625
33.98000094294548,95.231674,0.5802643,0.293597
33.98999926447868,95.19968,0.5802643,0.2948178
34.00000140070915,95.175674,0.5803316,0.29603857
34.009999722242355,95.12768,0.5803316,0.29603857
34.020001858472824,95.08367,0.5803316,0.29848012
34.03000018000603,95.08768,0.5803316,0.29848012
34.03999850153923,95.07167,0.5803316,0.30092168
34.0500006377697,94.98768,0.5803316,0.30092168
34.0599989593029,94.951675,0.5803316,0.30214247
34.07000109553337,94.94368,0.5803316,0.30336323
34.079999417066574,94.92767,0.5803316,0.30458403
34.09000155329704,94.911674,0.58039904,0.3058048
34.099999874830246,94.86768,0.58039904,0.3058048
34.10999819636345,94.85168,0.58039904,0.30824634
34.12000033259392,94.81967,0.58039904,0.30824634
34.12999865412712,94.79568,0.58039904,0.3106879
34.14000079035759,94.77968,0.58039904,0.3106879
34.14999911189079,94.73968,0.5804664,0.3119087
34.16000124812126,94.71968,0.5804664,0.31312945
34.169999569654465,94.70768,0.5804664,0.31435025
34.18000170588493,94.66768,0.5804664,0.315571
34.19000002741814,94.619675,0.5804664,0.3167918
34.19999834895134,94.63567,0.5805338,0.3167918
34.21000048518181,94.631676,0.5805338,0.31801257
34.21999880671501,94.57568,0.5805338,0.31923336
34.23000094294548,94.53967,0.5805338,0.32045412
34.23999926447868,94.51568,0.5805338,0.3216749
34.25000140070915,94.51167,0.5805338,0.32289568
34.259999722242355,94.48768,0.5805338,0.32411647
34.270001858472824,94.46768,0.5805338,0.32533723
34.28000018000603,94.43568,0.5805338,0.32655802
34.28999850153923,94.40368,0.58060116,0.32655802
34.3000006377697,94.39167,0.58060116,0.3277788
34.3099989593029,94.41168,0.5806685,0.32899958
34.32000109553337,94.38768,0.5808032,0.32899958
34.329999417066574,94.41568,0.580938,0.32899958
34.34000155329704,94.44768,0.58114016,0.33022034
34.349999874830246,94.44368,0.5812748,0.32899958
34.35999819636345,94.45568,0.581477,0.32899958
34.37000033259392,94.51568,0.5816791,0.32899958
34.37999865412712,94.56368,0.5819486,0.3277788
34.39000079035759,94.56767,0.58221805,0.3277788
34.39999911189079,94.59968,0.5824875,0.32655802
34.41000124812126,94.68367,0.58282435,0.32533723
34.419999569654465,94.76768,0.583296,0.32411647
34.43000170588493,94.86768,0.5837676,0.3216749
34.44000002741814,94.97168,0.5842392,0.31923336
34.44999834895134,95.07167,0.58477813,0.3167918
34.46000048518181,95.16768,0.5853845,0.31312945
34.46999880671501,95.34368,0.58605814,0.3106879
34.48000094294548,95.48768,0.58673185,0.30702558
34.48999926447868,95.58368,0.58727086,0.30458403
34.50000140070915,95.659676,0.58767503,0.30214247
34.509999722242355,95.71168,0.5878772,0.30214247
34.520001858472824,95.68367,0.5878772,0.30336323
34.53000018000603,95.65168,0.5878772,0.30458403
34.53999850153923,95.63567,0.58794457,0.30458403
34.5500006377697,95.60767,0.58794457,0.3058048
34.5599989593029,95.575676,0.5880119,0.30702558
34.57000109553337,95.53967,0.5880119,0.30824634
34.579999417066574,95.54368,0.58807933,0.30824634
34.59000155329704,95.51967,0.58807933,0.3106879
34.599999874830246,95.48367,0.58807933,0.3106879
34.60999819636345,95.467674,0.5881466,0.3119087
34.62000033259392,95.43968,0.58821404,0.3119087
34.62999865412712,95.423676,0.5882814,0.31312945
34.64000079035759,95.44768,0.58841616,0.31312945
34.64999911189079,95.43568,0.5885509,0.31312945
34.66000124812126,95.423676,0.58868563,0.31435025
34.669999569654465,95.43968,0.58888775,0.31312945
34.68000170588493,95.48367,0.5890899,0.31312945
34.69000002741814,95.49967,0.58935934,0.3119087
34.69999834895134,95.50368,0.5896289,0.3119087
34.71000048518181,95.603676,0.5898983,0.3106879
34.71999880671501,95.62767,0.5901678,0.3106879
34.73000094294548,95.67168,0.590572,0.30824634
34.73999926447868,95.75167,0.59097624,0.30702558
34.75000140070915,95.815674,0.59131306,0.3058048
34.759999722242355,95.827675,0.5915152,0.3058048
34.770001858472824,95.84768,0.59164995,0.3058048
34.78000018000603,95.85967,0.5917847,0.3058048
34.78999850153923,95.86368,0.5919868,0.3058048
34.8000006377697,95.87167,0.5922563,0.3058048
34.8099989593029,95.93167,0.5925258,0.30458403
34.82000109553337,95.939674,0.5926605,0.30458403
34.829999417066574,95.939674,0.59279525,0.30458403
34.84000155329704,95.94767,0.59292996,0.30458403
34.849999874830246,95.92767,0.59292996,0.3058048
34.85999819636345,95.89167,0.59292996,0.30702558
34.87000033259392,95.87568,0.5929974,0.30824634
34.87999865412712,95.85167,0.5929974,0.30946714
34.89000079035759,95.827675,0.5929974,0.3106879
34.89999911189079,95.77167,0.5930647,0.3106879
34.91000124812126,95.76367,0.5930647,0.3119087
34.919999569654465,95.743675,0.5930647,0.31312945
34.93000170588493,95.69168,0.5930647,0.31435025
34.94000002741814,95.67967,0.5930647,0.315571
34.94999834895134,95.66368,0.5930647,0.3167918
34.96000048518181,95.63567,0.5930647,0.31801257
34.96999880671501,95.603676,0.5931321,0.31923336
34.98000094294548,95.591675,0.5931321,0.32045412
34.98999926447868,95.58767,0.5931995,0.32045412
35.00000140070915,95.58767,0.59333426,0.32045412
35.009999722242355,95.575676,0.5934689,0.32045412
35.020001858472824,95.57168,0.5934689,0.3216749
35.03000018000603,95.551674,0.5936037,0.3216749
35.03999850153923,95.55967,0.59373844,0.32289568
35.0500006377697,95.58767,0.5938732,0.32289568
35.0599989593029,95.58767,0.5940079,0.32289568
35.07000109553337,95.57168,0.59407526,0.32411647
35.079999417066574,95.58368,0.59407526,0.32533723
35.09000155329704,95.55967,0.5941427,0.32533723
35.099999874830246,95.535675,0.59421,0.32655802
35.10999819636345,95.52768,0.5943448,0.32655802
35.12000033259392,95.55967,0.5944795,0.32655802
35.12999865412712,95.56767,0.59461427,0.32655802
35.14000079035759,95.55568,0.5946816,0.3277788
35.14999911189079,95.55967,0.5948164,0.3277788
35.16000124812126,95.56767,0.59495115,0.3277788
35.169999569654465,95.57168,0.5951532,0.3277788
35.18000170588493,95.61168,0.59535533,0.3277788
35.19000002741814,95.66368,0.5956248,0.32655802
35.19999834895134,95.69968,0.5959617,0.32655802
35.21000048518181,95.759674,0.5962985,0.32411647
35.21999880671501,95.827675,0.5968375,0.3216749
35.23000094294548,95.951675,0.59730905,0.32045412
35.23999926447868,96.05167,0.59784806,0.3167918
35.25000140070915,96.17967,0.5984544,0.31435025
35.259999722242355,96.287674,0.59899336,0.3119087
35.270001858472824,96.35967,0.5993976,0.3106879
35.28000018000603,96.38767,0.5995323,0.3106879
35.28999850153923,96.39168,0.5995323,0.3119087
35.3000006377697,96.34767,0.5995997,0.3119087
35.3099989593029,96.33167,0.5996671,0.31312945
35.32000109553337,96.33167,0.5996671,0.31435025
35.329999417066574,96.29167,0.5997345,0.31435025
35.34000155329704,96.23568,0.5997345,0.315571
35.349999874830246,96.231674,0.5998018,0.3167918
35.35999819636345,96.23967,0.59986913,0.3167918
35.37000033259392,96.19568,0.59986913,0.31801257
35.37999865412712,96.175674,0.59993654,0.31923336
35.39000079035759,96.16768,0.59993654,0.32045412
35.39999911189079,96.12367,0.59993654,0.3216749
35.41000124812126,96.09567,0.59993654,0.3216749
35.419999569654465,96.05968,0.6000039,0.32289568
35.43000170588493,96.05567,0.6000039,0.32411647
35.44000002741814,96.02767,0.6000039,0.32533723
35.44999834895134,96.01968,0.6000713,0.32655802
35.46000048518181,96.00367,0.60013866,0.32655802
35.46999880671501,95.96368,0.6002061,0.3277788
35.48000094294548,95.95567,0.60027343,0.3277788
35.48999926447868,95.97567,0.60027343,0.32899958
35.50000140070915,95.93567,0.60027343,0.33022034
35.509999722242355,95.89967,0.6003407,0.33144113
35.520001858472824,95.89167,0.6003407,0.3326619
35.53000018000603,95.911674,0.6004755,0.3326619
35.53999850153923,95.90368,0.60061026,0.3326619
35.5500006377697,95.90767,0.6008124,0.3326619
35.5599989593029,95.94767,0.6010145,0.3326619
35.57000109553337,95.97567,0.60128397,0.33144113
35.579999417066574,95.995674,0.60155344,0.33144113
35.59000155329704,96.05968,0.601823,0.33022034
35.599999874830246,96.13967,0.60222715,0.3277788
35.60999819636345,96.21967,0.60269874,0.32655802
35.62000033259392,96.33167,0.60337245,0.32289568
35.62999865412712,96.49167,0.6039788,0.32045412
35.64000079035759,96.603676,0.6047199,0.3167918
35.64999911189079,96.77167,0.6053936,0.3119087
35.66000124812126,96.89167,0.60593253,0.30946714
35.669999569654465,96.93967,0.60613465,0.30946714
35.68000170588493,96.911674,0.60613465,0.3106879
35.69000002741814,96.911674,0.606202,0.3119087
35.69999834895134,96.887665,0.606202,0.3119087
35.71000048518181,96.80766,0.606202,0.31435025
35.71999880671501,96.77567,0.606202,0.31435025
35.73000094294548,96.77567,0.606202,0.3167918
35.73999926447868,96.73167,0.606202,0.3167918
35.75000140070915,96.68367,0.60626936,0.31801257
35.759999722242355,96.67567,0.60626936,0.31923336
35.770001858472824,96.65567,0.60626936,0.32045412
35.78000018000603,96.62767,0.6063368,0.32045412
35.78999850153923,96.607666,0.6064041,0.3216749
35.8000006377697,96.591675,0.60647154,0.3216749
35.8099989593029,96.55967,0.6065389,0.32289568
35.82000109553337,96.57167,0.6066063,0.32411647
35.829999417066574,96.563675,0.6066063,0.32411647
35.84000155329704,96.50367,0.6066736,0.32533723
35.849999874830246,96.48367,0.60674095,0.32655802
35.85999819636345,96.49967,0.60680836,0.32655802
35.87000033259392,96.495674,0.6068757,0.3277788
35.87999865412712,96.46367,0.60694313,0.3277788
35.89000079035759,96.44768,0.60694313,0.32899958
35.89999911189079,96.42767,0.60694313,0.33022034
35.91000124812126,96.40768,0.60707784,0.33022034
35.919999569654465,96.371666,0.60714525,0.33144113
35.93000170588493,96.40367,0.60721254,0.33144113
35.94000002741814,96.40768,0.6073473,0.3326619
35.94999834895134,96.42367,0.6075494,0.33144113
35.96000048518181,96.47567,0.6078189,0.33144113
35.96999880671501,96.51167,0.6082905,0.32899958
35.98000094294548,96.623665,0.609099,0.32411647
35.98999926447868,96.899666,0.6103117,0.31801257
36.00000140070915,97.23967,0.6117938,0.30824634
36.009999722242355,97.539665,0.61327595,0.29970092
36.020001858472824,97.80766,0.6143539,0.29237625
36.03000018000603,98.01967,0.61522967,0.2887139
36.03999850153923,98.18367,0.61603814,0.2838308
36.0500006377697,98.33167,0.6169813,0.27894768
36.0599989593029,98.53566,0.6180593,0.2728438
36.07000109553337,98.735664,0.61900246,0.2667399
36.079999417066574,98.82366,0.61940664,0.26551914
36.09000155329704,98.80767,0.61947405,0.26551914
36.099999874830246,98.75966,0.61947405,0.2667399
36.10999819636345,98.71166,0.61947405,0.2679607
36.12000033259392,98.663666,0.61947405,0.26918146
36.12999865412712,98.58367,0.61947405,0.27040225
36.14000079035759,98.51966,0.61947405,0.27162302
36.14999911189079,98.455666,0.61947405,0.2728438
36.16000124812126,98.427666,0.61947405,0.27406457
36.169999569654465,98.37967,0.61947405,0.27528536
36.18000170588493,98.32366,0.61947405,0.27650613
36.19000002741814,98.247665,0.61947405,0.27650613
36.19999834895134,98.219666,0.61947405,0.27894768
36.21000048518181,98.17167,0.61947405,0.27894768
36.21999880671501,98.095665,0.61947405,0.28138924
36.23000094294548,98.07166,0.61947405,0.28138924
36.23999926447868,98.04767,0.61947405,0.28261003
36.25000140070915,97.99166,0.61947405,0.2838308
36.259999722242355,97.95167,0.61947405,0.28505158
36.270001858472824,97.887665,0.61947405,0.28627235
36.28000018000603,97.87567,0.61947405,0.28749314
36.28999850153923,97.847664,0.61947405,0.2887139
36.3000006377697,97.775665,0.61947405,0.2899347
36.3099989593029,97.71967,0.61947405,0.29115546
36.32000109553337,97.67567,0.61947405,0.29237625
36.329999417066574,97.68366,0.61947405,0.293597
36.34000155329704,97.63967,0.61947405,0.2948178
36.349999874830246,97.575676,0.61947405,0.29603857
36.35999819636345,97.54367,0.61947405,0.29603857
36.37000033259392,97.56367,0.61947405,0.29848012
36.37999865412712,97.50367,0.61947405,0.29848012
36.39000079035759,97.443665,0.61947405,0.30092168
36.39999911189079,97.40767,0.61947405,0.30092168
36.41000124812126,97.39567,0.61947405,0.30214247
36.419999569654465,97.34767,0.61947405,0.30336323
36.43000170588493,97.31567,0.61947405,0.30458403
36.44000002741814,97.26367,0.61947405,0.3058048
36.44999834895134,97.27167,0.61947405,0.30702558
36.46000048518181,97.25967,0.61947405,0.30824634
36.46999880671501,97.175674,0.61947405,0.30946714
36.48000094294548,97.13966,0.61947405,0.3106879
36.48999926447868,97.12767,0.61947405,0.3119087
36.50000140070915,97.13567,0.61947405,0.31312945
36.509999722242355,97.10767,0.61947405,0.31435025
36.520001858472824,97.03168,0.61947405,0.315571
36.53000018000603,97.01967,0.61947405,0.3167918
36.53999850153923,97.02767,0.61947405,0.31801257
36.5500006377697,96.96368,0.61947405,0.31801257
36.5599989593029,96.927666,0.61947405,0.32045412
36.57000109553337,96.93567,0.61947405,0.32045412
36.579999417066574,96.91967,0.61947405,0.3216749
36.59000155329704,96.855675,0.61947405,0.32289568
36.599999874830246,96.82367,0.6195414,0.32411647
36.60999819636345,96.819664,0.6195414,0.32533723
36.62000033259392,96.827675,0.6196762,0.32533723
36.62999865412712,96.859665,0.61981094,0.32655802
36.64000079035759,96.84367,0.6198783,0.32655802
36.64999911189079,96.80367,0.61994565,0.32655802
36.66000124812126,96.827675,0.6200804,0.3277788
36.669999569654465,96.86367,0.62028253,0.3277788
36.68000170588493,96.86767,0.6204846,0.32655802
36.69000002741814,96.915665,0.6208215,0.32533723
36.69999834895134,97.03567,0.6213605,0.32289568
36.71000048518181,97.179665,0.62203413,0.31923336
36.71999880671501,97.303665,0.6229774,0.31435025
36.73000094294548,97.555664,0.6240553,0.30824634
36.73999926447868,97.81167,0.62499845,0.30214247
36.75000140070915,97.96366,0.62547004,0.30092168
36.759999722242355,97.96366,0.62553746,0.30092168
36.770001858472824,97.91167,0.62553746,0.30214247
36.78000018000603,97.89566,0.62553746,0.30336323
36.78999850153923,97.87567,0.62553746,0.30458403
36.8000006377697,97.819664,0.62553746,0.3058048
36.8099989593029,97.79567,0.62553746,0.30702558
36.82000109553337,97.75567,0.62553746,0.30824634
36.829999417066574,97.735664,0.6256048,0.30824634
36.84000155329704,97.72366,0.6256048,0.30946714
36.849999874830246,97.66767,0.6256048,0.3106879
36.85999819636345,97.65566,0.6256722,0.3119087
36.87000033259392,97.64767,0.6256722,0.31312945
36.87999865412712,97.623665,0.6257395,0.31312945
36.89000079035759,97.57167,0.6257395,0.31435025
36.89999911189079,97.56367,0.6257395,0.315571
36.91000124812126,97.58367,0.62580687,0.3167918
36.919999569654465,97.527664,0.62580687,0.31801257
36.93000170588493,97.50367,0.6258743,0.31801257
36.94000002741814,97.507675,0.62594163,0.31923336
36.94999834895134,97.51567,0.6260764,0.31923336
36.96000048518181,97.539665,0.62621117,0.31923336
36.96999880671501,97.55167,0.626548,0.31801257
36.98000094294548,97.59967,0.62695223,0.3167918
36.98999926447868,97.70767,0.6275585,0.31435025
37.00000140070915,97.87967,0.628367,0.30946714
37.009999722242355,98.083664,0.62924284,0.30458403
37.020001858472824,98.26766,0.6302534,0.29848012
37.03000018000603,98.43567,0.6310618,0.293597
37.03999850153923,98.55167,0.6313313,0.293597
37.0500006377697,98.54766,0.6313313,0.2948178
37.0599989593029,98.499664,0.6313313,0.29603857
37.07000109553337,98.47966,0.6313313,0.29603857
37.079999417066574,98.455666,0.6313313,0.29848012
37.09000155329704,98.39166,0.6313313,0.29848012
37.099999874830246,98.343666,0.6313313,0.30092168
37.10999819636345,98.33167,0.6313313,0.30092168
37.12000033259392,98.303665,0.6313313,0.30214247
37.12999865412712,98.26766,0.6313987,0.30336323
37.14000079035759,98.24367,0.6313987,0.30458403
37.14999911189079,98.20367,0.6313987,0.3058048
37.16000124812126,98.15567,0.6313987,0.3058048
37.169999569654465,98.14367,0.6313987,0.30824634
37.18000170588493,98.111664,0.6313987,0.30824634
37.19000002741814,98.07967,0.6313987,0.3106879
37.19999834895134,98.055664,0.6313987,0.3106879
37.21000048518181,98.03967,0.6313987,0.3119087
37.21999880671501,98.01566,0.6313987,0.31312945
37.23000094294548,97.97167,0.6314661,0.31435025
37.23999926447868,97.95167,0.6314661,0.315571
37.25000140070915,97.93566,0.6314661,0.3167918
37.259999722242355,97.90367,0.6314661,0.31801257
37.270001858472824,97.87967,0.6314661,0.31923336
37.28000018000603,97.847664,0.63153344,0.31923336
37.28999850153923,97.85566,0.6316008,0.32045412
37.3000006377697,97.81567,0.6316008,0.3216749
37.3099989593029,97.79967,0.63166815,0.3216749
37.32000109553337,97.787674,0.63166815,0.32289568
37.329999417066574,97.77966,0.6317355,0.32411647
37.34000155329704,97.759674,0.6318029,0.32411647
37.349999874830246,97.763664,0.6318029,0.32533723
37.35999819636345,97.735664,0.63187027,0.32655802
37.37000033259392,97.72366,0.6319377,0.32655802
37.37999865412712,97.759674,0.63207245,0.3277788
37.39000079035759,97.74767,0.6322071,0.3277788
37.39999911189079,97.72767,0.6324093,0.3277788
37.41000124812126,97.78367,0.6327461,0.32655802
37.419999569654465,97.871666,0.633083,0.32533723
37.43000170588493,97.915665,0.63348716,0.32411647
37.44000002741814,98.01566,0.63402617,0.32045412
37.44999834895134,98.14766,0.6346999,0.3167918
37.46000048518181,98.32366,0.63544095,0.31312945
37.46999880671501,98.49567,0.6363168,0.30824634
37.48000094294548,98.66766,0.6369904,0.3058048
37.48999926447868,98.73166,0.63725996,0.30458403
37.50000140070915,98.71966,0.63725996,0.30458403
37.509999722242355,98.69967,0.63725996,0.3058048
37.520001858472824,98.663666,0.63725996,0.30702558
37.53000018000603,98.61967,0.63725996,0.30824634
37.53999850153923,98.59167,0.6373273,0.30946714
37.5500006377697,98.595665,0.6373273,0.3106879
37.5599989593029,98.539665,0.6373273,0.3119087
37.57000109553337,98.48766,0.6373273,0.31312945
37.579999417066574,98.50367,0.6373273,0.31435025
37.59000155329704,98.499664,0.6373273,0.315571
37.599999874830246,98.41966,0.6373273,0.3167918
37.60999819636345,98.37967,0.6373273,0.31801257
37.62000033259392,98.37566,0.63739467,0.31801257
37.62999865412712,98.36366,0.63739467,0.31923336
37.64000079035759,98.33167,0.63739467,0.32045412
37.64999911189079,98.29967,0.637462,0.3216749
37.66000124812126,98.29566,0.637462,0.3216749
37.669999569654465,98.25167,0.63752943,0.32289568
37.68000170588493,98.235664,0.63752943,0.32411647
37.69000002741814,98.22766,0.6375968,0.32411647
37.69999834895134,98.20367,0.6375968,0.32655802
37.71000048518181,98.19966,0.6375968,0.32655802
37.71999880671501,98.18766,0.6376642,0.3277788
37.73000094294548,98.14766,0.6376642,0.32899958
37.73999926447868,98.095665,0.6376642,0.33022034
37.75000140070915,98.12767,0.63773155,0.33022034
37.759999722242355,98.135666,0.6377989,0.33144113
37.770001858472824,98.10367,0.6378663,0.33144113
37.78000018000603,98.07567,0.6379336,0.3326619
37.78999850153923,98.095665,0.638001,0.3338827
37.8000006377697,98.07567,0.6380684,0.3338827
37.8099989593029,98.07567,0.63813573,0.33510345
37.82000109553337,98.05967,0.63820314,0.33632424
37.829999417066574,98.07166,0.6382705,0.33632424
37.84000155329704,98.06367,0.63840526,0.33632424
37.849999874830246,98.05967,0.6384726,0.337545
37.85999819636345,98.05967,0.6386073,0.337545
37.87000033259392,98.067665,0.6388095,0.337545
37.87999865412712,98.13966,0.6391463,0.33632424
37.89000079035759,98.22766,0.6396179,0.3338827
37.89999911189079,98.319664,0.6402242,0.33022034
37.91000124812126,98.46766,0.64103276,0.32655802
37.919999569654465,98.68366,0.6419085,0.3216749
37.93000170588493,98.93166,0.6429865,0.315571
37.94000002741814,99.12767,0.64406437,0.30946714
37.94999834895134,99.33166,0.64487284,0.30458403
37.96000048518181,99.52766,0.6456139,0.30092168
37.96999880671501,99.66366,0.64635503,0.29603857
37.98000094294548,99.82766,0.6472982,0.29115546
37.98999926447868,100.031654,0.648174,0.28627235
38.00000140070915,100.195656,0.64898247,0.28261003
38.009999722242355,100.29966,0.6496561,0.27894768
38.020001858472824,100.37166,0.649993,0.27650613
38.03000018000603,100.387665,0.6501277,0.27772692
38.03999850153923,100.351654,0.6501277,0.27894768
38.0500006377697,100.31566,0.6501277,0.28016847
38.0599989593029,100.26366,0.6501277,0.28138924
38.07000109553337,100.17567,0.6501277,0.28261003
38.079999417066574,100.15166,0.6501277,0.28261003
38.09000155329704,100.11966,0.6501277,0.2838308
38.099999874830246,100.059654,0.6501277,0.28505158
38.10999819636345,100.01166,0.6501277,0.28627235
38.12000033259392,99.97166,0.6501951,0.28749314
38.12999865412712,99.93166,0.6501951,0.2887139
38.14000079035759,99.89966,0.6501951,0.2899347
38.14999911189079,99.85966,0.6501951,0.29115546
38.16000124812126,99.835655,0.6502625,0.29115546
38.169999569654465,99.75966,0.6502625,0.29237625
38.18000170588493,99.74366,0.6502625,0.293597
38.19000002741814,99.71566,0.6502625,0.2948178
38.19999834895134,99.68366,0.6502625,0.29603857
38.21000048518181,99.62366,0.6503299,0.29603857
38.21999880671501,99.60366,0.6503299,0.29848012
38.23000094294548,99.58366,0.6503299,0.29848012
38.23999926447868,99.53566,0.6503299,0.30092168
38.25000140070915,99.487656,0.6503299,0.30092168
38.259999722242355,99.455666,0.6503299,0.30214247
38.270001858472824,99.43566,0.6503299,0.30336323
38.28000018000603,99.387665,0.6503299,0.30458403
38.28999850153923,99.37166,0.65039724,0.3058048
38.3000006377697,99.34366,0.65039724,0.3058048
38.3099989593029,99.29166,0.65039724,0.30824634
38.32000109553337,99.27966,0.65039724,0.30824634
38.329999417066574,99.25967,0.6504646,0.30946714
38.34000155329704,99.21566,0.6504646,0.3106879
38.349999874830246,99.18766,0.6504646,0.3119087
38.35999819636345,99.163666,0.6504646,0.31312945
38.37000033259392,99.13166,0.6504646,0.31435025
38.37999865412712,99.095665,0.6504646,0.315571
38.39000079035759,99.07566,0.650532,0.3167918
38.39999911189079,99.07966,0.65059936,0.3167918
38.41000124812126,99.04366,0.6506667,0.31801257
38.419999569654465,99.055664,0.65086883,0.31801257
38.43000170588493,99.08767,0.65113837,0.3167918
38.44000002741814,99.135666,0.65154254,0.315571
38.44999834895134,99.223656,0.65201414,0.31312945
38.46000048518181,99.33967,0.6527552,0.30824634
38.46999880671501,99.54366,0.65369844,0.30336323
38.48000094294548,99.747665,0.6546416,0.29848012
38.48999926447868,99.94366,0.65558475,0.29237625
38.50000140070915,100.11966,0.6562585,0.2887139
38.509999722242355,100.18766,0.6566627,0.28749314
38.520001858472824,100.20766,0.6567301,0.2887139
38.53000018000603,100.19166,0.6567301,0.2887139
38.53999850153923,100.13166,0.6567301,0.29115546
38.5500006377697,100.071655,0.6567301,0.29115546
38.5599989593029,100.05166,0.6567301,0.29237625
38.57000109553337,100.01166,0.6567301,0.293597
38.579999417066574,99.97566,0.65679747,0.2948178
38.59000155329704,99.93566,0.65679747,0.29603857
38.599999874830246,99.91166,0.65679747,0.29725936
38.60999819636345,99.85966,0.65679747,0.29848012
38.62000033259392,99.83166,0.65679747,0.29970092
38.62999865412712,99.79566,0.6568648,0.29970092
38.64000079035759,99.75166,0.6568648,0.30092168
38.64999911189079,99.72366,0.6568648,0.30214247
38.66000124812126,99.69965,0.6568648,0.30336323
38.669999569654465,99.65166,0.6568648,0.30458403
38.68000170588493,99.61566,0.6568648,0.3058048
38.69000002741814,99.60366,0.6568648,0.30702558
38.69999834895134,99.59966,0.6568648,0.30824634
38.71000048518181,99.54366,0.65693223,0.30824634
38.71999880671501,99.483665,0.65693223,0.30946714
38.73000094294548,99.50766,0.6569995,0.3106879
38.73999926447868,99.455666,0.6569995,0.3119087
38.75000140070915,99.43166,0.65706694,0.3119087
38.759999722242355,99.43166,0.6571343,0.31312945
38.770001858472824,99.415665,0.6572017,0.31435025
38.78000018000603,99.39166,0.6573364,0.31435025
38.78999850153923,99.41166,0.6574712,0.31435025
38.8000006377697,99.447655,0.65774065,0.31312945
38.8099989593029,99.487656,0.6580775,0.3119087
38.82000109553337,99.57166,0.6586164,0.30946714
38.829999417066574,99.69965,0.6592902,0.30702558
38.84000155329704,99.82766,0.6598965,0.30336323
38.849999874830246,99.91966,0.66057026,0.29970092
38.85999819636345,100.03566,0.66104186,0.29725936
38.87000033259392,100.139656,0.66144603,0.29603857
38.87999865412712,100.16366,0.66171557,0.2948178
38.89000079035759,100.17567,0.6618503,0.2948178
38.89999911189079,100.17567,0.6619176,0.29603857
38.91000124812126,100.139656,0.6619176,0.29725936
38.919999569654465,100.08366,0.661985,0.29848012
38.93000170588493,100.067665,0.6620524,0.29848012
38.94000002741814,100.031654,0.6620524,0.29970092
38.94999834895134,100.00766,0.66211975,0.30092168
38.96000048518181,99.99566,0.66211975,0.30214247
38.96999880671501,99.95566,0.66218716,0.30214247
38.98000094294548,99.90766,0.6622545,0.30336323
38.98999926447868,99.88367,0.6623218,0.30336323
39.00000140070915,99.90766,0.6623892,0.30458403
39.009999722242355,99.875656,0.6624566,0.30458403
39.020001858472824,99.83166,0.662524,0.3058048
39.03000018000603,99.82766,0.662524,0.30702558
39.03999850153923,99.82366,0.66259134,0.30702558
39.0500006377697,99.779655,0.66259134,0.30824634
39.0599989593029,99.739655,0.66259134,0.30946714
39.07000109553337,99.71966,0.66265875,0.3106879
39.079999417066574,99.69965,0.66265875,0.3119087
39.09000155329704,99.66766,0.66265875,0.31312945
39.099999874830246,99.67166,0.66279346,0.31312945
39.10999819636345,99.64766,0.6628608,0.31435025
39.12000033259392,99.60766,0.6628608,0.31435025
39.12999865412712,99.611664,0.66292816,0.315571
39.14000079035759,99.57966,0.6629956,0.3167918
39.14999911189079,99.54366,0.6629956,0.31801257
39.16000124812126,99.54766,0.6629956,0.31801257
39.169999569654465,99.54366,0.66306293,0.31923336
39.18000170588493,99.487656,0.66313034,0.32045412
39.19000002741814,99.443665,0.66313034,0.3216749
39.19999834895134,99.46366,0.66326505,0.3216749
39.21000048518181,99.49567,0.66333246,0.3216749
39.21999880671501,99.43966,0.66339976,0.32289568
39.23000094294548,99.41166,0.6635345,0.32289568
39.23999926447868,99.447655,0.6636019,0.32411647
39.25000140070915,99.455666,0.66373664,0.32411647
39.259999722242355,99.443665,0.66393876,0.32411647
39.270001858472824,99.46366,0.6641409,0.32289568
39.28000018000603,99.52367,0.6644777,0.3216749
39.28999850153923,99.60366,0.66501665,0.31923336
39.3000006377697,99.739655,0.6656904,0.3167918
39.3099989593029,99.85566,0.66636413,0.3119087
39.32000109553337,99.95566,0.6669031,0.3106879
39.329999417066574,100.08366,0.6672399,0.30824634
39.34000155329704,100.127655,0.667442,0.30824634
39.349999874830246,100.067665,0.66750944,0.30946714
39.35999819636345,100.031654,0.6675768,0.3106879
39.37000033259392,100.03966,0.6675768,0.3106879
39.37999865412712,100.01166,0.6675768,0.3119087
39.39000079035759,99.96366,0.66764414,0.31312945
39.39999911189079,99.93566,0.66764414,0.31435025
39.41000124812126,99.93566,0.6677115,0.31435025
39.419999569654465,99.90766,0.66784626,0.31435025
39.43000170588493,99.88367,0.6679136,0.315571
39.44000002741814,99.88367,0.6680484,0.315571
39.44999834895134,99.87966,0.6681158,0.3167918
39.46000048518181,99.87966,0.6681831,0.3167918
39.46999880671501,99.84766,0.6681831,0.31801257
39.48000094294548,99.81567,0.6682505,0.31923336
39.48999926447868,99.78366,0.66831785,0.32045412
39.50000140070915,99.807655,0.66831785,0.32045412
39.509999722242355,99.78366,0.6683852,0.3216749
39.520001858472824,99.72366,0.6684526,0.3216749
39.53000018000603,99.71966,0.6685874,0.32289568
39.53999850153923,99.763664,0.66872203,0.32289568
39.5500006377697,99.77166,0.6689242,0.32289568
39.5599989593029,99.75566,0.66912633,0.3216749
39.57000109553337,99.763664,0.66926104,0.32289568
39.579999417066574,99.803665,0.6693958,0.32289568
39.59000155329704,99.79166,0.66946316,0.32411647
39.599999874830246,99.763664,0.6695306,0.32411647
39.60999819636345,99.75166,0.6695306,0.32533723
39.62000033259392,99.73166,0.6695979,0.32655802
39.62999865412712,99.71166,0.6696653,0.32655802
39.64000079035759,99.69166,0.66973263,0.3277788
39.64999911189079,99.69566,0.66993475,0.32655802
39.66000124812126,99.72366,0.67013687,0.32655802
39.669999569654465,99.78766,0.67060846,0.32533723
39.68000170588493,99.88367,0.6712148,0.3216749
39.69000002741814,100.01965,0.67202324,0.3167918
39.69999834895134,100.24766,0.67289907,0.3119087
39.71000048518181,100.419655,0.67370754,0.30824634
39.71999880671501,100.53565,0.6742465,0.3058048
39.73000094294548,100.56365,0.67451596,0.30458403
39.73999926447868,100.59165,0.67451596,0.3058048
39.75000140070915,100.57166,0.6745833,0.3058048
39.759999722242355,100.51166,0.6745833,0.30824634
39.770001858472824,100.47166,0.6745833,0.30824634
39.78000018000603,100.46366,0.6745833,0.3106879
39.78999850153923,100.41566,0.6745833,0.3106879
39.8000006377697,100.359665,0.67465067,0.3119087
39.8099989593029,100.335655,0.67465067,0.31312945
39.82000109553337,100.27966,0.67465067,0.31435025
39.829999417066574,100.25166,0.67465067,0.315571
39.84000155329704,100.24766,0.6747181,0.3167918
39.849999874830246,100.19966,0.6747181,0.3167918
39.85999819636345,100.14366,0.67478544,0.31801257
39.87000033259392,100.13166,0.67485285,0.31801257
39.87999865412712,100.139656,0.67485285,0.31923336
39.89000079035759,100.087654,0.67485285,0.32045412
39.89999911189079,100.04766,0.6749202,0.3216749
39.91000124812126,100.05166,0.6749202,0.32289568
39.919999569654465,100.01965,0.6749202,0.32411647
39.93000170588493,99.98766,0.6749876,0.32411647
39.94000002741814,99.95966,0.6750549,0.32533723
39.94999834895134,99.95566,0.6750549,0.32655802
39.96000048518181,99.93166,0.6751897,0.32655802
39.96999880671501,99.92766,0.67532444,0.32655802
39.98000094294548,99.91566,0.67532444,0.3277788
39.98999926447868,99.903656,0.6754592,0.3277788
40.00000140070915,99.90766,0.67559385,0.3277788
40.009999722242355,99.93966,0.67579603,0.3277788
40.020001858472824,99.96766,0.6760655,0.3277788
40.03000018000603,99.98366,0.67640233,0.32655802
40.03999850153923,100.067665,0.6768739,0.32411647
40.0500006377697,100.19966,0.6774803,0.32045412
40.0599989593029,100.34366,0.6783561,0.3167918
40.07000109553337,100.56766,0.6795014,0.30946714
40.079999417066574,100.82765,0.6807815,0.30214247
40.09000155329704,101.07965,0.6819941,0.2948178
40.099999874830246,101.26366,0.6827352,0.29115546
40.10999819636345,101.391655,0.68334156,0.28749314
40.12000033259392,101.50765,0.6840153,0.28505158
40.12999865412712,101.61966,0.6846216,0.28138924
40.14000079035759,101.69165,0.68522793,0.27772692
40.14999911189079,101.807655,0.685969,0.27406457
40.16000124812126,101.92765,0.6867774,0.26918146
40.169999569654465,102.03965,0.6875859,0.26551914
40.18000170588493,102.13565,0.6879227,0.2630776
40.19000002741814,102.08765,0.6879901,0.26429835
40.19999834895134,101.99165,0.6879901,0.26551914
40.21000048518181,101.92765,0.6879901,0.2667399
40.21999880671501,101.88365,0.6879901,0.2679607
40.23000094294548,101.79965,0.6879901,0.26918146
40.23999926447868,101.711655,0.6879901,0.27040225
40.25000140070915,101.67565,0.6879901,0.27162302
40.259999722242355,101.60766,0.6879901,0.2728438
40.270001858472824,101.52766,0.6879901,0.27406457
40.28000018000603,101.487656,0.6879901,0.27528536
40.28999850153923,101.43566,0.6879901,0.27650613
40.3000006377697,101.37165,0.6879901,0.27650613
40.3099989593029,101.29966,0.6879901,0.27894768
40.32000109553337,101.239655,0.6879901,0.27894768
40.329999417066574,101.18765,0.6879901,0.28138924
40.34000155329704,101.15166,0.6879901,0.28138924
40.349999874830246,101.12366,0.6880575,0.28261003
40.35999819636345,101.02766,0.6880575,0.2838308
40.37000033259392,100.947655,0.6880575,0.28505158
40.37999865412712,100.93565,0.6880575,0.28627235
40.39000079035759,100.90765,0.6880575,0.28627235
40.39999911189079,100.81565,0.6880575,0.2887139
40.41000124812126,100.77166,0.6880575,0.2887139
40.419999569654465,100.77566,0.6880575,0.29115546
40.43000170588493,100.71966,0.6880575,0.29115546
40.44000002741814,100.63566,0.6880575,0.29237625
40.44999834895134,100.60766,0.6881249,0.293597
40.46000048518181,100.587654,0.6881249,0.2948178
40.46999880671501,100.53966,0.6881249,0.29603857
40.48000094294548,100.49166,0.6881249,0.29725936
40.48999926447868,100.43566,0.6881249,0.29848012
40.50000140070915,100.391655,0.6881249,0.29970092
40.509999722242355,100.363655,0.68819225,0.29970092
40.520001858472824,100.34366,0.68819225,0.30092168
40.53000018000603,100.28766,0.68819225,0.30214247
40.53999850153923,100.25166,0.68819225,0.30336323
40.5500006377697,100.24766,0.6882596,0.30458403
40.5599989593029,100.19166,0.6882596,0.30458403
40.57000109553337,100.12366,0.6882596,0.3058048
40.579999417066574,100.11166,0.6882596,0.30702558
40.59000155329704,100.11166,0.6882596,0.30824634
40.599999874830246,100.059654,0.68832695,0.30946714
40.60999819636345,100.00366,0.68832695,0.3106879
40.62000033259392,99.99165,0.6883943,0.3106879
40.62999865412712,99.99165,0.6884617,0.3119087
40.64000079035759,99.98366,0.6885291,0.3119087
40.64999911189079,99.95165,0.68866384,0.31312945
40.66000124812126,99.94766,0.68879855,0.31312945
40.669999569654465,99.95165,0.68900067,0.31312945
40.68000170588493,100.01566,0.6893375,0.3119087
40.69000002741814,100.09166,0.6898765,0.30946714
40.69999834895134,100.17567,0.69061756,0.3058048
40.71000048518181,100.33965,0.69142604,0.30092168
40.71999880671501,100.55166,0.6923692,0.2948178
40.73000094294548,100.77166,0.6934472,0.2887139
40.73999926447868,100.919655,0.69418824,0.28505158
40.75000140070915,101.01166,0.6944577,0.2838308
40.759999722242355,101.003654,0.6944577,0.28505158
40.770001858472824,100.92766,0.6944577,0.28627235
40.78000018000603,100.86366,0.6944577,0.28749314
40.78999850153923,100.84766,0.6944577,0.2887139
40.8000006377697,100.80366,0.6944577,0.2899347
40.8099989593029,100.74765,0.6944577,0.29115546
40.82000109553337,100.70366,0.6944577,0.29237625
40.829999417066574,100.66366,0.6944577,0.293597
40.84000155329704,100.587654,0.6945251,0.2948178
40.849999874830246,100.57166,0.6945251,0.2948178
40.85999819636345,100.53565,0.6945251,0.29603857
40.87000033259392,100.45166,0.6945251,0.29725936
40.87999865412712,100.431656,0.6945251,0.29848012
40.89000079035759,100.41166,0.6945251,0.29970092
40.89999911189079,100.363655,0.6945251,0.30092168
40.91000124812126,100.30366,0.6945251,0.30214247
40.919999569654465,100.28365,0.6945251,0.30336323
40.93000170588493,100.24365,0.6945925,0.30458403
40.94000002741814,100.20365,0.6945925,0.3058048
40.94999834895134,100.17567,0.6945925,0.3058048
40.96000048518181,100.17966,0.6945925,0.30702558
40.96999880671501,100.09166,0.69465977,0.30824634
40.98000094294548,100.06366,0.69465977,0.30946714
40.98999926447868,100.043655,0.69465977,0.3106879
41.00000140070915,100.00366,0.69465977,0.3119087
41.009999722242355,99.96366,0.69465977,0.31312945
41.020001858472824,99.94366,0.6947272,0.31312945
41.03000018000603,99.93566,0.69479454,0.31435025
41.03999850153923,99.89566,0.69486195,0.31435025
41.0500006377697,99.88367,0.6949967,0.315571
41.0599989593029,99.903656,0.6951314,0.315571
41.07000109553337,99.903656,0.69533354,0.315571
41.079999417066574,99.91966,0.6956704,0.31435025
41.09000155329704,99.98766,0.6960746,0.31312945
41.099999874830246,100.07566,0.6966136,0.3106879
41.10999819636345,100.167656,0.6972199,0.30702558
41.12000033259392,100.29966,0.6978262,0.30336323
41.12999865412712,100.45166,0.6984999,0.30092168
41.14000079035759,100.53166,0.6991063,0.29725936
41.14999911189079,100.62366,0.69957787,0.2948178
41.16000124812126,100.65166,0.69957787,0.29603857
41.169999569654465,100.59966,0.69957787,0.29725936
41.18000170588493,100.55566,0.6996453,0.29848012
41.19000002741814,100.52766,0.6996453,0.29848012
41.19999834895134,100.50366,0.6996453,0.30092168
41.21000048518181,100.431656,0.69971263,0.30092168
41.21999880671501,100.38366,0.69971263,0.30214247
41.23000094294548,100.351654,0.69971263,0.30336323
41.23999926447868,100.30766,0.69971263,0.30458403
41.25000140070915,100.26766,0.69971263,0.3058048
41.259999722242355,100.24365,0.69971263,0.30702558
41.270001858472824,100.195656,0.69978,0.30702558
41.28000018000603,100.14766,0.69978,0.30824634
41.28999850153923,100.135666,0.69978,0.30946714
41.3000006377697,100.107666,0.6998474,0.3106879
41.3099989593029,100.06366,0.69991475,0.3106879
41.32000109553337,100.03566,0.6999821,0.3119087
41.329999417066574,100.01566,0.70004946,0.3119087
41.34000155329704,99.98766,0.7001169,0.31312945
41.349999874830246,99.97966,0.7002516,0.31312945
41.35999819636345,100.00366,0.700319,0.31435025
41.37000033259392,99.97566,0.70045376,0.31435025
41.37999865412712,99.93966,0.70052105,0.31435025
41.39000079035759,99.93566,0.7006558,0.315571
41.39999911189079,99.94766,0.7007906,0.315571
41.41000124812126,99.91166,0.70085794,0.3167918
41.419999569654465,99.89566,0.70092535,0.3167918
41.43000170588493,99.88367,0.70106,0.31801257
41.44000002741814,99.87166,0.7011274,0.31801257
41.44999834895134,99.83966,0.7012622,0.31801257
41.46000048518181,99.84766,0.7013295,0.31801257
41.46999880671501,99.843666,0.7014643,0.31923336
41.48000094294548,99.82366,0.701599,0.31923336
41.48999926447868,99.83166,0.70173377,0.31923336
41.50000140070915,99.85166,0.7020706,0.31801257
41.509999722242355,99.903656,0.70247483,0.3167918
41.520001858472824,99.99165,0.7030812,0.31435025
41.53000018000603,100.15966,0.70382226,0.30946714
41.53999850153923,100.27566,0.7045633,0.3058048
41.5500006377697,100.40765,0.7053044,0.30214247
41.5599989593029,100.53166,0.7058433,0.29970092
41.57000109553337,100.59966,0.7061802,0.29725936
41.579999417066574,100.587654,0.7063149,0.29848012
41.59000155329704,100.58366,0.7063149,0.29848012
41.599999874830246,100.55966,0.70638233,0.29970092
41.60999819636345,100.48366,0.70638233,0.30092168
41.62000033259392,100.419655,0.7064497,0.30214247
41.62999865412712,100.40765,0.7064497,0.30214247
41.64000079035759,100.391655,0.7064497,0.30458403
41.64999911189079,100.319664,0.70651704,0.30458403
41.66000124812126,100.30766,0.70651704,0.3058048
41.669999569654465,100.24365,0.70658445,0.3058048
41.68000170588493,100.19166,0.70658445,0.30824634
41.69000002741814,100.15166,0.70658445,0.30824634
41.69999834895134,100.139656,0.70658445,0.3106879
41.71000048518181,100.099655,0.70658445,0.3106879
41.71999880671501,100.02366,0.7066518,0.3119087
41.73000094294548,99.99566,0.7066518,0.31312945
41.73999926447868,99.95165,0.7066518,0.31435025
41.75000140070915,99.90766,0.7067192,0.31435025
41.759999722242355,99.89966,0.7067192,0.315571
41.770001858472824,99.85566,0.7067192,0.3167918
41.78000018000603,99.81166,0.7067866,0.31801257
41.78999850153923,99.775665,0.7068539,0.31801257
41.8000006377697,99.763664,0.7068539,0.31923336
41.8099989593029,99.74366,0.7068539,0.32045412
41.82000109553337,99.69965,0.7069213,0.3216749
41.829999417066574,99.70366,0.70705605,0.3216749
41.84000155329704,99.66766,0.7071234,0.3216749
41.849999874830246,99.63966,0.7071908,0.32289568
41.85999819636345,99.64366,0.7073256,0.32289568
41.87000033259392,99.66366,0.70752764,0.32289568
41.87999865412712,99.65966,0.7076624,0.32289568
41.89000079035759,99.62766,0.7078645,0.32289568
41.89999911189079,99.707664,0.7082687,0.3216749
41.91000124812126,99.779655,0.7087403,0.31923336
41.919999569654465,99.85166,0.70914453,0.31801257
41.93000170588493,99.903656,0.7096161,0.315571
41.94000002741814,99.97166,0.7100203,0.31435025
41.94999834895134,100.00366,0.7103572,0.3119087
41.96000048518181,100.06366,0.71062666,0.3119087
41.96999880671501,100.10366,0.71096355,0.3106879
41.98000094294548,100.15166,0.71143514,0.30824634
41.98999926447868,100.22766,0.7120415,0.3058048
42.00000140070915,100.31165,0.71258044,0.30336323
42.009999722242355,100.39566,0.7129847,0.30214247
42.020001858472824,100.39966,0.71325415,0.30092168
42.03000018000603,100.427666,0.7135236,0.30092168
42.03999850153923,100.45166,0.71359104,0.30092168
42.0500006377697,100.41166,0.71372575,0.30092168
42.0599989593029,100.359665,0.71392787,0.30092168
42.07000109553337,100.351654,0.7139952,0.30092168
42.079999417066574,100.35566,0.71419734,0.30214247
42.09000155329704,100.33965,0.71439946,0.30092168
42.099999874830246,100.351654,0.7146016,0.30092168
42.10999819636345,100.359665,0.71487105,0.29970092
42.12000033259392,100.38366,0.7152753,0.29848012
42.12999865412712,100.447655,0.7157469,0.29603857
42.14000079035759,100.49966,0.7162185,0.293597
42.14999911189079,100.55166,0.71669006,0.29237625
42.16000124812126,100.627655,0.7170943,0.2899347
42.169999569654465,100.67165,0.7174311,0.2887139
42.18000170588493,100.655655,0.71763325,0.2887139
42.19000002741814,100.63165,0.71783537,0.2887139
42.19999834895134,100.61966,0.7179028,0.2887139
42.21000048518181,100.61966,0.7179701,0.2899347
42.21999880671501,100.51966,0.7179701,0.29115546
42.23000094294548,100.44366,0.7179701,0.29237625
42.23999926447868,100.40765,0.7180374,0.29237625
42.25000140070915,100.37166,0.7180374,0.2948178
42.259999722242355,100.30766,0.71810484,0.2948178
42.270001858472824,100.27165,0.7181722,0.29603857
42.28000018000603,100.23966,0.7182396,0.29603857
42.28999850153923,100.19166,0.71830696,0.29603857
42.3000006377697,100.17966,0.7183744,0.29725936
42.3099989593029,100.107666,0.7184417,0.29848012
42.32000109553337,100.06366,0.7184417,0.29970092
42.329999417066574,100.03566,0.7184417,0.30092168
42.34000155329704,100.02366,0.7184417,0.30214247
42.349999874830246,99.92766,0.7184417,0.30214247
42.35999819636345,99.843666,0.7184417,0.30458403
42.37000033259392,99.81966,0.7184417,0.30458403
42.37999865412712,99.81166,0.7184417,0.3058048
42.39000079035759,99.71566,0.7184417,0.30702558
42.39999911189079,99.66766,0.7184417,0.30824634
42.41000124812126,99.65566,0.7184417,0.30946714
42.419999569654465,99.60366,0.7184417,0.3106879
42.43000170588493,99.55566,0.7184417,0.3119087
42.44000002741814,99.49567,0.7184417,0.31312945
42.44999834895134,99.46366,0.7184417,0.31435025
42.46000048518181,99.443665,0.7184417,0.315571
42.46999880671501,99.40366,0.7184417,0.3167918
42.48000094294548,99.34366,0.7184417,0.31801257
42.48999926447868,99.28766,0.7184417,0.31923336
42.50000140070915,99.27167,0.7184417,0.32045412
42.509999722242355,99.24367,0.7184417,0.3216749
42.520001858472824,99.163666,0.7184417,0.3216749
42.53000018000603,99.123665,0.7184417,0.32411647
42.53999850153923,99.12767,0.7184417,0.32411647
42.5500006377697,99.10766,0.7184417,0.32655802
42.5599989593029,99.01166,0.7184417,0.32655802
42.57000109553337,98.96767,0.718509,0.3277788
42.579999417066574,98.97166,0.718509,0.32899958
42.59000155329704,98.92366,0.718509,0.33022034
42.599999874830246,98.871666,0.718509,0.33144113
42.60999819636345,98.85566,0.718509,0.3326619
42.62000033259392,98.82366,0.71857643,0.3338827
42.62999865412712,98.791664,0.71857643,0.3338827
42.64000079035759,98.77966,0.7186438,0.33510345
42.64999911189079,98.77166,0.71877855,0.33510345
42.66000124812126,98.735664,0.7188459,0.33632424
42.669999569654465,98.763664,0.719048,0.33510345
42.68000170588493,98.79567,0.71925014,0.33510345
42.69000002741814,98.77166,0.7195197,0.33510345
42.69999834895134,98.791664,0.71972173,0.3338827
42.71000048518181,98.843666,0.71992385,0.3338827
42.71999880671501,98.87966,0.7201933,0.3338827
42.73000094294548,98.89166,0.72039545,0.3326619
42.73999926447868,98.91167,0.7207323,0.33144113
42.75000140070915,98.98766,0.7211365,0.33022034
42.759999722242355,99.06366,0.72160816,0.3277788
42.770001858472824,99.135666,0.7222818,0.32533723
42.78000018000603,99.30766,0.72302294,0.32045412
42.78999850153923,99.447655,0.72383136,0.3167918
42.8000006377697,99.60366,0.7245724,0.3119087
42.8099989593029,99.739655,0.72531354,0.30824634
42.82000109553337,99.835655,0.7258525,0.3058048
42.829999417066574,99.875656,0.7260546,0.3058048
42.84000155329704,99.88766,0.72612196,0.3058048
42.849999874830246,99.83166,0.7261893,0.30702558
42.85999819636345,99.78366,0.7263241,0.30702558
42.87000033259392,99.735664,0.7263915,0.30824634
42.87999865412712,99.747665,0.7264588,0.30824634
42.89000079035759,99.707664,0.72652614,0.30946714
42.89999911189079,99.65166,0.72659355,0.30946714
42.91000124812126,99.62766,0.7266609,0.3106879
42.919999569654465,99.61966,0.7267957,0.3106879
42.93000170588493,99.57966,0.7268631,0.3119087
42.94000002741814,99.54766,0.72693044,0.3119087
42.94999834895134,99.55966,0.7271325,0.3119087
42.96000048518181,99.57166,0.72740203,0.3106879
42.96999880671501,99.57966,0.72773886,0.3106879
42.98000094294548,99.61966,0.7281431,0.30824634
42.98999926447868,99.65566,0.72848,0.30702558
43.00000140070915,99.67566,0.72888416,0.3058048
43.009999722242355,99.739655,0.729221,0.30458403
43.020001858472824,99.75966,0.7294905,0.30336323
43.03000018000603,99.735664,0.7296252,0.30458403
43.03999850153923,99.71166,0.72976,0.30458403
43.0500006377697,99.73166,0.7299621,0.30336323
43.0599989593029,99.747665,0.7302316,0.30336323
43.07000109553337,99.71566,0.73050106,0.30214247
43.079999417066574,99.72766,0.7306358,0.30214247
43.09000155329704,99.72766,0.7307705,0.30214247
43.099999874830246,99.68766,0.7309053,0.30336323
43.10999819636345,99.65166,0.7309053,0.30458403
43.12000033259392,99.60366,0.73097265,0.30458403
43.12999865412712,99.55167,0.73097265,0.3058048
43.14000079035759,99.50366,0.73104006,0.30702558
43.14999911189079,99.47566,0.73104006,0.30824634
43.16000124812126,99.41966,0.7311074,0.30824634
43.169999569654465,99.35166,0.73117477,0.30946714
43.18000170588493,99.359665,0.7312421,0.3106879
43.19000002741814,99.29967,0.7312421,0.3106879
43.19999834895134,99.23566,0.7313095,0.3119087
43.21000048518181,99.22766,0.7313769,0.3119087
43.21999880671501,99.21166,0.73151165,0.31312945
43.23000094294548,99.155655,0.731579,0.31312945
43.23999926447868,99.095665,0.73164636,0.31435025
43.25000140070915,99.10366,0.7317138,0.31435025
43.259999722242355,99.095665,0.7318485,0.31435025
43.270001858472824,99.04767,0.73191583,0.315571
43.28000018000603,99.01967,0.73198324,0.3167918
43.28999850153923,98.98766,0.7320506,0.3167918
43.3000006377697,98.95566,0.7320506,0.31801257
43.3099989593029,98.89166,0.7320506,0.31923336
43.32000109553337,98.86766,0.73211795,0.32045412
43.329999417066574,98.831665,0.73218536,0.32045412
43.34000155329704,98.77966,0.73218536,0.3216749
43.349999874830246,98.77166,0.7322527,0.32289568
43.35999819636345,98.73966,0.7323201,0.32289568
43.37000033259392,98.68767,0.7324548,0.32411647
43.37999865412712,98.69967,0.73258954,0.32411647
43.39000079035759,98.707664,0.73265696,0.32411647
43.39999911189079,98.663666,0.73279166,0.32411647
43.41000124812126,98.65967,0.73292637,0.32533723
43.419999569654465,98.663666,0.73312855,0.32411647
43.43000170588493,98.67166,0.7333306,0.32411647
43.44000002741814,98.64767,0.7335327,0.32411647
43.44999834895134,98.69566,0.73380226,0.32289568
43.46000048518181,98.71966,0.73407173,0.32289568
43.46999880671501,98.73166,0.73440856,0.3216749
43.48000094294548,98.79567,0.7348802,0.32045412
43.48999926447868,98.86366,0.7352844,0.31801257
43.50000140070915,98.89166,0.7356212,0.3167918
43.509999722242355,98.95566,0.7360928,0.31435025
43.520001858472824,99.03166,0.7365644,0.3119087
43.53000018000603,99.083664,0.7369013,0.3106879
43.53999850153923,99.083664,0.7371034,0.3106879
43.5500006377697,99.055664,0.73717076,0.3119087
43.5599989593029,99.04366,0.73717076,0.31312945
43.57000109553337,98.96366,0.7372381,0.31312945
43.579999417066574,98.927666,0.7372381,0.31435025
43.59000155329704,98.887665,0.7373055,0.315571
43.599999874830246,98.831665,0.7373055,0.3167918
43.60999819636345,98.78766,0.7373729,0.3167918
43.62000033259392,98.74366,0.7374403,0.31801257
43.62999865412712,98.735664,0.7374403,0.31923336
43.64000079035759,98.63966,0.73750764,0.31923336
43.64999911189079,98.62766,0.73750764,0.32045412
43.66000124812126,98.611664,0.73757493,0.3216749
43.669999569654465,98.579666,0.73764235,0.3216749
43.68000170588493,98.51567,0.73764235,0.32289568
43.69000002741814,98.50367,0.73764235,0.32411647
43.69999834895134,98.43966,0.7377097,0.32533723
43.71000048518181,98.39166,0.7377097,0.32655802
43.71999880671501,98.371666,0.73784447,0.32655802
43.73000094294548,98.35567,0.73784447,0.3277788
43.73999926447868,98.319664,0.7379119,0.3277788
43.75000140070915,98.27167,0.73797923,0.32899958
43.759999722242355,98.235664,0.73797923,0.33022034
43.770001858472824,98.191666,0.73797923,0.33144113
43.78000018000603,98.17167,0.73797923,0.3326619
43.78999850153923,98.14766,0.7380466,0.3338827
43.8000006377697,98.11567,0.73811394,0.3338827
43.8099989593029,98.027664,0.73811394,0.33510345
43.82000109553337,98.03166,0.7381813,0.33632424
43.829999417066574,98.04366,0.7382487,0.33632424
43.84000155329704,97.99166,0.73831606,0.337545
43.849999874830246,97.955666,0.7383835,0.337545
43.85999819636345,97.94766,0.7385182,0.337545
43.87000033259392,97.94367,0.7386529,0.337545
43.87999865412712,97.94367,0.738855,0.337545
43.89000079035759,97.93566,0.7390572,0.337545
43.89999911189079,97.98766,0.73925924,0.337545
43.91000124812126,97.99567,0.7395288,0.337545
43.919999569654465,97.98766,0.7397982,0.33632424
43.93000170588493,98.03567,0.7401351,0.33510345
43.94000002741814,98.10367,0.74060667,0.3326619
43.94999834895134,98.21167,0.741213,0.33022034
43.96000048518181,98.33566,0.7419541,0.32655802
43.96999880671501,98.43966,0.74269515,0.3216749
43.98000094294548,98.54766,0.7434362,0.31801257
43.98999926447868,98.65566,0.74397516,0.315571
44.00000140070915,98.71966,0.74417734,0.315571
44.009999722242355,98.65166,0.74417734,0.3167918
44.020001858472824,98.607666,0.74417734,0.3167918
44.03000018000603,98.58766,0.7442447,0.31801257
44.03999850153923,98.51567,0.7442447,0.31923336
44.0500006377697,98.443665,0.7442447,0.32045412
44.0599989593029,98.415665,0.7443121,0.32045412
44.07000109553337,98.39567,0.74437946,0.3216749
44.079999417066574,98.35166,0.7444468,0.3216749
44.09000155329704,98.26766,0.7444468,0.32411647
44.099999874830246,98.23167,0.74451417,0.32411647
44.10999819636345,98.20367,0.7445815,0.32533723
44.12000033259392,98.18766,0.74464893,0.32533723
44.12999865412712,98.14367,0.74464893,0.32655802
44.14000079035759,98.06367,0.7447163,0.3277788
44.14999911189079,98.03967,0.74478364,0.3277788
44.16000124812126,98.03967,0.7449184,0.3277788
44.169999569654465,98.00366,0.74498576,0.32899958
44.18000170588493,97.94766,0.7451205,0.32899958
44.19000002741814,97.92366,0.7451879,0.33022034
44.19999834895134,97.93167,0.74525523,0.33022034
44.21000048518181,97.887665,0.7454574,0.33022034
44.21999880671501,97.86767,0.7456595,0.33022034
44.23000094294548,97.91967,0.74606365,0.32899958
44.23999926447868,98.01967,0.74667,0.32655802
44.25000140070915,98.11567,0.7474785,0.32045412
44.259999722242355,98.319664,0.7486912,0.31435025
44.270001858472824,98.57566,0.75024074,0.30458403
44.28000018000603,98.82766,0.75165546,0.29603857
44.28999850153923,99.07966,0.75259864,0.2899347
44.3000006377697,99.18366,0.7534071,0.28627235
44.3099989593029,99.28766,0.75421554,0.28138924
44.32000109553337,99.39566,0.7551587,0.27650613
44.329999417066574,99.55167,0.756304,0.26918146
44.34000155329704,99.65166,0.75717986,0.26551914
44.349999874830246,99.64766,0.7574494,0.2630776
44.35999819636345,99.57966,0.7574494,0.26551914
44.37000033259392,99.46766,0.7574494,0.26551914
44.37999865412712,99.29967,0.7574494,0.2667399
44.39000079035759,99.15966,0.7574494,0.2679607
44.39999911189079,99.05166,0.7574494,0.26918146
44.41000124812126,98.95167,0.7574494,0.27040225
44.419999569654465,98.803665,0.7574494,0.27162302
44.43000170588493,98.68366,0.7574494,0.2728438
44.44000002741814,98.595665,0.7574494,0.27406457
44.44999834895134,98.46367,0.7574494,0.27528536
44.46000048518181,98.37566,0.7574494,0.27650613
44.46999880671501,98.25167,0.7574494,0.27772692
44.48000094294548,98.151665,0.7574494,0.27894768
44.48999926447868,98.03166,0.7574494,0.28016847
44.50000140070915,97.95167,0.7574494,0.28138924
44.509999722242355,97.83567,0.7574494,0.28261003
44.520001858472824,97.73966,0.7574494,0.28261003
44.53000018000603,97.635666,0.75751674,0.2838308
44.53999850153923,97.55967,0.75751674,0.28505158
44.5500006377697,97.43166,0.75751674,0.28627235
44.5599989593029,97.33967,0.75751674,0.28749314
44.57000109553337,97.28767,0.75751674,0.2887139
44.579999417066574,97.18767,0.75751674,0.2899347
44.59000155329704,97.06367,0.75751674,0.29115546
44.599999874830246,96.99168,0.75751674,0.29237625
44.60999819636345,96.923676,0.75751674,0.29237625
44.62000033259392,96.83567,0.75751674,0.2948178
44.62999865412712,96.76367,0.7575841,0.2948178
44.64000079035759,96.663666,0.7575841,0.29603857
44.64999911189079,96.591675,0.7576515,0.29603857
44.66000124812126,96.535675,0.7577188,0.29848012
44.669999569654465,96.47167,0.7577188,0.29848012
44.68000170588493,96.38367,0.7577188,0.29970092
44.69000002741814,96.29567,0.7577862,0.30092168
44.69999834895134,96.275665,0.75785357,0.30092168
44.71000048518181,96.203674,0.75785357,0.30214247
44.71999880671501,96.10367,0.757921,0.30336323
44.73000094294548,96.06367,0.75798833,0.30336323
44.73999926447868,96.007675,0.7580557,0.30458403
44.75000140070915,95.94368,0.7581231,0.30458403
44.759999722242355,95.86767,0.75819045,0.3058048
44.770001858472824,95.84768,0.7582578,0.3058048
44.78000018000603,95.79568,0.7583925,0.3058048
44.78999850153923,95.77167,0.7585947,0.3058048
44.8000006377697,95.77567,0.7589315,0.30458403
44.8099989593029,95.77567,0.7592684,0.30458403
44.82000109553337,95.787674,0.75974,0.30214247
44.829999417066574,95.86368,0.76041365,0.29848012
44.84000155329704,95.99967,0.76128954,0.293597
44.849999874830246,96.12367,0.7623001,0.28749314
44.85999819636345,96.21967,0.7631085,0.2838308
44.87000033259392,96.25567,0.763378,0.28261003
44.87999865412712,96.20768,0.763378,0.2838308
44.89000079035759,96.09968,0.763378,0.28505158
44.89999911189079,96.01567,0.763378,0.28627235
44.91000124812126,95.94767,0.763378,0.28749314
44.919999569654465,95.81967,0.763378,0.2887139
44.93000170588493,95.71967,0.763378,0.2899347
44.94000002741814,95.62368,0.763378,0.29115546
44.94999834895134,95.55568,0.763378,0.29237625
44.96000048518181,95.46368,0.763378,0.29237625
44.96999880671501,95.38767,0.763378,0.293597
44.98000094294548,95.29567,0.763378,0.2948178
44.98999926447868,95.20767,0.763378,0.29603857
45.00000140070915,95.131676,0.7634454,0.29725936
45.009999722242355,95.05168,0.7634454,0.29848012
45.020001858472824,94.95968,0.7634454,0.29970092
45.03000018000603,94.90368,0.7634454,0.30092168
45.03999850153923,94.83167,0.7634454,0.30214247
45.0500006377697,94.73168,0.7634454,0.30214247
45.0599989593029,94.643684,0.76351273,0.30336323
45.07000109553337,94.59968,0.76351273,0.30458403
45.079999417066574,94.551674,0.76351273,0.3058048
45.09000155329704,94.43568,0.76351273,0.30702558
45.099999874830246,94.363686,0.7635801,0.30824634
45.10999819636345,94.327675,0.76364744,0.30824634
45.12000033259392,94.259674,0.76364744,0.30946714
45.12999865412712,94.18368,0.76364744,0.3106879
45.14000079035759,94.11968,0.76364744,0.3119087
45.14999911189079,94.059685,0.76371485,0.3119087
45.16000124812126,93.991684,0.76371485,0.31312945
45.169999569654465,93.91568,0.76371485,0.31435025
45.18000170588493,93.85168,0.7637822,0.315571
45.19000002741814,93.80368,0.7638496,0.3167918
45.19999834895134,93.779686,0.7639843,0.3167918
45.21000048518181,93.73168,0.76405174,0.3167918
45.21999880671501,93.65568,0.76418644,0.3167918
45.23000094294548,93.62368,0.76438856,0.3167918
45.23999926447868,93.65968,0.76465803,0.3167918
45.25000140070915,93.675674,0.7649275,0.315571
45.259999722242355,93.66368,0.7653991,0.31435025
45.270001858472824,93.711685,0.7659381,0.3106879
45.28000018000603,93.79968,0.76667917,0.30702558
45.28999850153923,93.89568,0.767555,0.30214247
45.3000006377697,94.043686,0.7684982,0.29603857
45.3099989593029,94.14768,0.76923925,0.293597
45.32000109553337,94.131676,0.76937395,0.29237625
45.329999417066574,94.06768,0.76937395,0.2948178
45.34000155329704,93.967674,0.76937395,0.2948178
45.349999874830246,93.85168,0.76937395,0.29603857
45.35999819636345,93.76368,0.76937395,0.29725936
45.37000033259392,93.67968,0.76937395,0.29848012
45.37999865412712,93.59568,0.76937395,0.29970092
45.39000079035759,93.47168,0.76937395,0.30092168
45.39999911189079,93.38768,0.76937395,0.30214247
45.41000124812126,93.31569,0.76937395,0.30336323
45.419999569654465,93.227684,0.76937395,0.30458403
45.43000170588493,93.10368,0.7694413,0.30458403
45.44000002741814,93.02369,0.7694413,0.3058048
45.44999834895134,92.963684,0.7694413,0.30702558
45.46000048518181,92.87569,0.7694413,0.30824634
45.46999880671501,92.78368,0.7694413,0.30946714
45.48000094294548,92.73568,0.7695087,0.3106879
45.48999926447868,92.62369,0.7695087,0.3119087
45.50000140070915,92.53968,0.7695087,0.31312945
45.509999722242355,92.48368,0.7695761,0.31312945
45.520001858472824,92.39969,0.7695761,0.31435025
45.53000018000603,92.32768,0.7695761,0.315571
45.53999850153923,92.25968,0.7695761,0.3167918
45.5500006377697,92.18769,0.7695761,0.31801257
45.5599989593029,92.07568,0.7695761,0.31923336
45.57000109553337,91.99969,0.7695761,0.32045412
45.579999417066574,91.94769,0.7696435,0.32045412
45.59000155329704,91.87168,0.7696435,0.3216749
45.599999874830246,91.795685,0.76971084,0.32289568
45.60999819636345,91.739685,0.76971084,0.32411647
45.62000033259392,91.66769,0.76977825,0.32411647
45.62999865412712,91.57968,0.76977825,0.32655802
45.64000079035759,91.53968,0.7699129,0.32655802
45.64999911189079,91.50769,0.77004766,0.32655802
45.66000124812126,91.45169,0.77018243,0.32655802
45.669999569654465,91.403694,0.7703172,0.32655802
45.68000170588493,91.38769,0.77058667,0.32655802
45.69000002741814,91.34369,0.77085614,0.32655802
45.69999834895134,91.34369,0.7711256,0.32411647
45.71000048518181,91.35169,0.77152985,0.32289568
45.71999880671501,91.37969,0.77213615,0.32045412
45.73000094294548,91.41569,0.7727425,0.3167918
45.73999926447868,91.447685,0.7734162,0.31435025
45.75000140070915,91.55169,0.7741573,0.30946714
45.759999722242355,91.60768,0.7748984,0.3058048
45.770001858472824,91.58769,0.7753026,0.30336323
45.78000018000603,91.531685,0.77543736,0.30458403
45.78999850153923,91.42769,0.77543736,0.30458403
45.8000006377697,91.29969,0.77543736,0.3058048
45.8099989593029,91.20369,0.77543736,0.30702558
45.82000109553337,91.10368,0.77543736,0.30824634
45.829999417066574,90.93969,0.77543736,0.30946714
45.84000155329704,90.819695,0.77543736,0.3106879
45.849999874830246,90.70769,0.77543736,0.3119087
45.85999819636345,90.57569,0.7755047,0.31312945
45.87000033259392,90.45169,0.7755047,0.31435025
45.87999865412712,90.36769,0.7755047,0.315571
45.89000079035759,90.25169,0.7755047,0.3167918
45.89999911189079,90.12769,0.7755047,0.31801257
45.91000124812126,89.99169,0.7755047,0.31801257
45.919999569654465,89.8917,0.7755721,0.31923336
45.93000170588493,89.7877,0.7755721,0.32045412
45.94000002741814,89.65969,0.7755721,0.3216749
45.94999834895134,89.54369,0.7756395,0.3216749
45.96000048518181,89.40769,0.7756395,0.32289568
45.96999880671501,89.291695,0.7756395,0.32411647
45.98000094294548,89.2117,0.7757069,0.32533723
45.98999926447868,89.07169,0.7757742,0.32655802
46.00000140070915,88.931694,0.77584153,0.32655802
46.009999722242355,88.83569,0.77584153,0.3277788
46.020001858472824,88.7117,0.77590895,0.3277788
46.03000018000603,88.591705,0.77590895,0.33022034
46.03999850153923,88.455696,0.7759763,0.33022034
46.0500006377697,88.36771,0.7760437,0.33144113
46.0599989593029,88.2437,0.77611107,0.33144113
46.07000109553337,88.0797,0.7761785,0.3326619
46.079999417066574,87.9477,0.77624583,0.3326619
46.09000155329704,87.8597,0.77638054,0.3338827
46.099999874830246,87.747696,0.7765153,0.3338827
46.10999819636345,87.6317,0.7767174,0.3326619
46.12000033259392,87.49171,0.7771216,0.33144113
46.12999865412712,87.4197,0.7775932,0.32899958
46.14000079035759,87.4037,0.77826697,0.32655802
46.14999911189079,87.395706,0.779008,0.3216749
46.16000124812126,87.3517,0.77981645,0.31801257
46.169999569654465,87.327705,0.78082705,0.3119087
46.18000170588493,87.31971,0.7818376,0.3058048
46.19000002741814,87.2837,0.7825787,0.30214247
46.19999834895134,87.1357,0.78311765,0.29970092
46.21000048518181,86.9637,0.7836566,0.29725936
46.21999880671501,86.86771,0.78433025,0.293597
46.23000094294548,86.7677,0.7851388,0.2887139
46.23999926447868,86.6237,0.7859472,0.28505158
46.25000140070915,86.507706,0.7867557,0.28016847
46.259999722242355,86.35971,0.78742933,0.27650613
46.270001858472824,86.1957,0.787901,0.27406457
46.28000018000603,85.967705,0.7880357,0.27528536
46.28999850153923,85.6917,0.7880357,0.27528536
46.3000006377697,85.42771,0.78810304,0.27650613
46.3099989593029,85.23171,0.78810304,0.27772692
46.32000109553337,85.0397,0.78810304,0.27894768
46.329999417066574,84.787704,0.78810304,0.28016847
46.34000155329704,84.57571,0.78810304,0.28138924
46.349999874830246,84.41971,0.78810304,0.28261003
46.35999819636345,84.27972,0.78810304,0.28261003
46.37000033259392,84.05171,0.7881704,0.2838308
46.37999865412712,83.91171,0.7881704,0.28505158
46.39000079035759,83.81572,0.7881704,0.28627235
46.39999911189079,83.66772,0.7881704,0.28749314
46.41000124812126,83.50771,0.7881704,0.2887139
46.419999569654465,83.38371,0.7882378,0.2887139
46.43000170588493,83.29972,0.7882378,0.29115546
46.44000002741814,83.19172,0.7882378,0.29115546
46.44999834895134,83.08772,0.7882378,0.29237625
46.46000048518181,82.95972,0.7882378,0.293597
46.46999880671501,82.85572,0.7882378,0.2948178
46.48000094294548,82.783714,0.7882378,0.29603857
46.48999926447868,82.69572,0.7882378,0.29725936
46.50000140070915,82.60372,0.7882378,0.29848012
46.509999722242355,82.51172,0.7882378,0.29970092
46.520001858472824,82.45171,0.7882378,0.30092168
46.53000018000603,82.39572,0.78830516,0.30092168
46.53999850153923,82.27972,0.78830516,0.30214247
46.5500006377697,82.223724,0.78830516,0.30336323
46.5599989593029,82.20372,0.7883726,0.30458403
46.57000109553337,82.11172,0.7883726,0.3058048
46.579999417066574,82.05173,0.7883726,0.30702558
46.59000155329704,81.96772,0.7883726,0.30824634
46.599999874830246,81.93972,0.7884399,0.30824634
46.60999819636345,81.89172,0.7884399,0.30946714
46.62000033259392,81.82772,0.7885073,0.3106879
46.62999865412712,81.77572,0.7885073,0.3119087
46.64000079035759,81.71572,0.7885073,0.31312945
46.64999911189079,81.69972,0.78857464,0.31312945
46.66000124812126,81.679726,0.788642,0.31435025
46.669999569654465,81.63572,0.78884417,0.31435025
46.68000170588493,81.59172,0.7891136,0.31435025
46.69000002741814,81.651726,0.78945047,0.3119087
46.69999834895134,81.68772,0.78992206,0.3106879
46.71000048518181,81.73572,0.79059577,0.30702558
46.71999880671501,81.835724,0.7914716,0.30214247
46.73000094294548,81.97972,0.79234743,0.29725936
46.73999926447868,82.05972,0.7931559,0.29237625
46.75000140070915,82.13572,0.7938969,0.2887139
46.759999722242355,82.21972,0.7944359,0.28505158
46.770001858472824,82.21572,0.79463804,0.28505158
46.78000018000603,82.167725,0.79463804,0.28627235
46.78999850153923,82.08372,0.79463804,0.28749314
46.8000006377697,82.00772,0.79463804,0.2887139
46.8099989593029,81.947716,0.79463804,0.2899347
46.82000109553337,81.89172,0.79463804,0.29115546
46.829999417066574,81.81972,0.7947054,0.29237625
46.84000155329704,81.74772,0.7947054,0.29237625
46.849999874830246,81.68772,0.7947054,0.2948178
46.85999819636345,81.65972,0.7947054,0.2948178
46.87000033259392,81.59172,0.7947054,0.29603857
46.87999865412712,81.53172,0.7947054,0.29725936
46.89000079035759,81.487724,0.7947054,0.29848012
46.89999911189079,81.43572,0.7947054,0.29970092
46.91000124812126,81.37972,0.7947054,0.30092168
46.919999569654465,81.32772,0.7947054,0.30214247
46.93000170588493,81.28772,0.7947054,0.30336323
46.94000002741814,81.23972,0.7947054,0.30458403
46.94999834895134,81.195724,0.7947054,0.3058048
46.96000048518181,81.16373,0.7947054,0.30702558
46.96999880671501,81.11172,0.7947728,0.30702558
46.98000094294548,81.05173,0.7947728,0.30824634
46.98999926447868,81.03973,0.7948401,0.30946714
47.00000140070915,81.01972,0.7949075,0.3106879
47.009999722242355,80.97573,0.7949075,0.3106879
47.020001858472824,80.94772,0.79497486,0.3119087
47.03000018000603,80.943726,0.79497486,0.31312945
47.03999850153923,80.86372,0.7950422,0.31435025
47.0500006377697,80.81573,0.7951096,0.31435025
47.0599989593029,80.83972,0.795177,0.315571
47.07000109553337,80.82372,0.7952444,0.315571
47.079999417066574,80.807724,0.79537904,0.315571
47.09000155329704,80.763725,0.7955138,0.3167918
47.099999874830246,80.779724,0.7956486,0.3167918
47.10999819636345,80.78372,0.79591805,0.315571
47.12000033259392,80.81972,0.7963897,0.31312945
47.12999865412712,80.90772,0.796996,0.3106879
47.14000079035759,80.98373,0.7976697,0.30702558
47.14999911189079,81.07572,0.7983434,0.30336323
47.16000124812126,81.17172,0.79901713,0.30092168
47.169999569654465,81.235725,0.7994887,0.29848012
47.18000170588493,81.24772,0.79982555,0.29603857
47.19000002741814,81.25972,0.7999603,0.29725936
47.19999834895134,81.25972,0.80002767,0.29725936
47.21000048518181,81.18773,0.8000951,0.29848012
47.21999880671501,81.123726,0.8000951,0.29970092
47.23000094294548,81.11572,0.8001624,0.30092168
47.23999926447868,81.067726,0.8002298,0.30092168
47.25000140070915,81.00373,0.80029714,0.30214247
47.259999722242355,80.99172,0.80036455,0.30214247
47.270001858472824,80.99172,0.8004319,0.30214247
47.28000018000603,80.931725,0.80049926,0.30336323
47.28999850153923,80.87972,0.80049926,0.30458403
47.3000006377697,80.85172,0.80049926,0.3058048
47.3099989593029,80.81172,0.8005667,0.3058048
47.32000109553337,80.77172,0.8005667,0.30824634
47.329999417066574,80.75173,0.8005667,0.30824634
47.34000155329704,80.707726,0.800634,0.30946714
47.349999874830246,80.65973,0.800634,0.3106879
47.35999819636345,80.63572,0.8007014,0.3119087
47.37000033259392,80.62772,0.80076873,0.3119087
47.37999865412712,80.583725,0.80083615,0.31312945
47.39000079035759,80.56373,0.80083615,0.31435025
47.39999911189079,80.543724,0.8009035,0.31435025
47.41000124812126,80.515724,0.8009035,0.315571
47.419999569654465,80.45172,0.8009035,0.3167918
47.43000170588493,80.44772,0.80097085,0.31801257
47.44000002741814,80.43572,0.80097085,0.31923336
47.44999834895134,80.37973,0.80103827,0.31923336
47.46000048518181,80.34373,0.80103827,0.32045412
47.46999880671501,80.31173,0.80103827,0.3216749
47.48000094294548,80.28773,0.80103827,0.32289568
47.48999926447868,80.23972,0.8011056,0.32411647
47.50000140070915,80.25573,0.8012403,0.32411647
47.509999722242355,80.251724,0.8013751,0.32411647
47.520001858472824,80.22773,0.80150986,0.32411647
47.53000018000603,80.22773,0.8015772,0.32533723
47.53999850153923,80.21973,0.8016446,0.32533723
47.5500006377697,80.19972,0.80177927,0.32655802
47.5599989593029,80.19972,0.80191404,0.32655802
47.57000109553337,80.22773,0.80225086,0.32533723
47.579999417066574,80.251724,0.8027225,0.32289568
47.59000155329704,80.31572,0.8033288,0.32045412
47.599999874830246,80.42372,0.8040025,0.3167918
47.60999819636345,80.53172,0.8045415,0.31435025
47.62000033259392,80.56373,0.8050805,0.3119087
47.62999865412712,80.623726,0.8054847,0.3106879
47.64000079035759,80.64373,0.80568683,0.30946714
47.64999911189079,80.62772,0.8058216,0.30946714
47.66000124812126,80.60772,0.8059563,0.30946714
47.669999569654465,80.60772,0.80602366,0.3106879
47.68000170588493,80.54773,0.806091,0.3106879
47.69000002741814,80.49172,0.8061584,0.3119087
47.69999834895134,80.47572,0.8061584,0.31312945
47.71000048518181,80.46773,0.8062258,0.31312945
47.71999880671501,80.40772,0.8062258,0.31435025
47.73000094294548,80.359726,0.8062258,0.315571
47.73999926447868,80.331726,0.8062932,0.3167918
47.75000140070915,80.29573,0.80636054,0.3167918
47.759999722242355,80.27173,0.80636054,0.31801257
47.770001858472824,80.26772,0.8064279,0.31923336
47.78000018000603,80.247734,0.80649525,0.32045412
47.78999850153923,80.20373,0.80663,0.32045412
47.8000006377697,80.20373,0.8067648,0.32045412
47.8099989593029,80.17973,0.8068995,0.32045412
47.82000109553337,80.15572,0.8069669,0.3216749
47.829999417066574,80.151726,0.8070342,0.3216749
47.84000155329704,80.14773,0.8071016,0.3216749
47.849999874830246,80.12773,0.80716896,0.32289568
47.85999819636345,80.07173,0.8073037,0.32289568
47.87000033259392,80.07173,0.8074385,0.32411647
47.87999865412712,80.083725,0.80750585,0.32411647
47.89000079035759,80.06372,0.80764055,0.32411647
47.89999911189079,80.03573,0.8077079,0.32533723
47.91000124812126,80.01973,0.8078427,0.32533723
47.919999569654465,79.999725,0.80797744,0.32533723
47.93000170588493,80.01173,0.8082469,0.32533723
47.94000002741814,80.06372,0.8086511,0.32411647
47.94999834895134,80.11573,0.8091901,0.32045412
47.96000048518181,80.21172,0.80993116,0.3167918
47.96999880671501,80.307724,0.8107396,0.31312945
47.98000094294548,80.39572,0.81141335,0.30946714
47.98999926447868,80.45172,0.8119523,0.3058048
48.00000140070915,80.50773,0.8122892,0.30458403
48.009999722242355,80.50372,0.8123565,0.3058048
48.020001858472824,80.42773,0.8123565,0.30702558
48.03000018000603,80.387726,0.8124239,0.30702558
48.03999850153923,80.36373,0.8124239,0.30824634
48.0500006377697,80.335724,0.8124239,0.30946714
48.0599989593029,80.25573,0.8124239,0.3106879
48.07000109553337,80.21172,0.8124239,0.3119087
48.079999417066574,80.19972,0.8124239,0.31312945
48.09000155329704,80.14372,0.8124239,0.31435025
48.099999874830246,80.10773,0.8124239,0.315571
48.10999819636345,80.07573,0.8124239,0.3167918
48.12000033259392,80.015724,0.81249124,0.31801257
48.12999865412712,79.995735,0.81249124,0.31801257
48.14000079035759,79.94772,0.81249124,0.32045412
48.14999911189079,79.90772,0.81249124,0.32045412
48.16000124812126,79.83972,0.81249124,0.3216749
48.169999569654465,79.83573,0.81255865,0.32289568
48.18000170588493,79.82773,0.81255865,0.32411647
48.19000002741814,79.74773,0.81255865,0.32533723
48.19999834895134,79.71173,0.812626,0.32655802
48.21000048518181,79.71973,0.8126934,0.32655802
48.21999880671501,79.679726,0.8126934,0.3277788
48.23000094294548,79.62772,0.8127608,0.3277788
48.23999926447868,79.61973,0.8128955,0.3277788
48.25000140070915,79.63173,0.8128955,0.33022034
48.259999722242355,79.59573,0.8128955,0.33022034
48.270001858472824,79.56373,0.81296283,0.33144113
48.28000018000603,79.54373,0.81303024,0.33144113
48.28999850153923,79.51573,0.813165,0.3326619
48.3000006377697,79.53173,0.8132997,0.3326619
48.3099989593029,79.51972,0.81336707,0.3338827
48.32000109553337,79.49174,0.81350183,0.3338827
48.329999417066574,79.48773,0.81370395,0.3338827
48.34000155329704,79.50773,0.813906,0.3326619
48.349999874830246,79.53173,0.81417555,0.3326619
48.35999819636345,79.52373,0.814445,0.33144113
48.37000033259392,79.57173,0.81498396,0.32899958
48.37999865412712,79.679726,0.8157251,0.32533723
48.39000079035759,79.82773,0.8166682,0.32045412
48.39999911189079,79.99173,0.8178136,0.31312945
48.41000124812126,80.16373,0.819161,0.30458403
48.419999569654465,80.35173,0.82030624,0.29848012
48.43000170588493,80.46773,0.8211147,0.293597
48.44000002741814,80.54773,0.82178843,0.2899347
48.44999834895134,80.63572,0.8225295,0.28627235
48.46000048518181,80.68772,0.8232706,0.28261003
48.46999880671501,80.76772,0.82407904,0.27772692
48.48000094294548,80.847725,0.8250896,0.2728438
48.48999926447868,80.915726,0.82589805,0.2679607
48.50000140070915,80.92772,0.8262349,0.2667399
48.509999722242355,80.90772,0.8263023,0.2667399
48.520001858472824,80.82372,0.8263023,0.2679607
48.53000018000603,80.679726,0.8263023,0.26918146
48.53999850153923,80.595726,0.8263023,0.27040225
48.5500006377697,80.56373,0.8263023,0.27162302
48.5599989593029,80.43173,0.8263023,0.2728438
48.57000109553337,80.335724,0.8263023,0.27406457
48.579999417066574,80.28373,0.8263023,0.27528536
48.59000155329704,80.23173,0.8263023,0.27650613
48.599999874830246,80.13172,0.8263023,0.27650613
48.60999819636345,80.06372,0.8263023,0.27894768
48.62000033259392,80.00373,0.8263023,0.27894768
48.62999865412712,79.93573,0.8263023,0.28138924
48.64000079035759,79.87173,0.8263023,0.28138924
48.64999911189079,79.81172,0.8263023,0.28261003
48.66000124812126,79.71173,0.8263023,0.2838308
48.669999569654465,79.65973,0.8263023,0.28505158
48.68000170588493,79.64773,0.8263023,0.28627235
48.69000002741814,79.57573,0.8263023,0.28749314
48.69999834895134,79.51573,0.8263023,0.2887139
48.71000048518181,79.45573,0.8263023,0.2899347
48.71999880671501,79.415726,0.8263023,0.29115546
48.73000094294548,79.371735,0.8263023,0.29237625
48.73999926447868,79.307724,0.8263023,0.293597
48.75000140070915,79.28373,0.8263023,0.2948178
48.759999722242355,79.24373,0.8263023,0.29603857
48.770001858472824,79.17173,0.8263023,0.29725936
48.78000018000603,79.14773,0.8263023,0.29848012
48.78999850153923,79.091736,0.8263023,0.29848012
48.8000006377697,79.04773,0.8263023,0.30092168
48.8099989593029,79.055725,0.82636964,0.30092168
48.82000109553337,78.99973,0.82636964,0.30214247
48.829999417066574,78.93173,0.82636964,0.30336323
48.84000155329704,78.91173,0.826437,0.30458403
48.849999874830246,78.927734,0.826437,0.30458403
48.85999819636345,78.87573,0.8265044,0.3058048
48.87000033259392,78.80373,0.82657176,0.3058048
48.87999865412712,78.799736,0.82657176,0.30824634
48.89000079035759,78.80773,0.8266391,0.30824634
48.89999911189079,78.76773,0.82670647,0.30946714
48.91000124812126,78.719734,0.8267739,0.30946714
48.919999569654465,78.747734,0.8269086,0.3106879
48.93000170588493,78.75173,0.82717806,0.30946714
48.94000002741814,78.763725,0.82751495,0.30824634
48.94999834895134,78.81174,0.82805395,0.3058048
48.96000048518181,78.89973,0.82866025,0.30214247
48.96999880671501,79.00373,0.8294013,0.29848012
48.98000094294548,79.13174,0.83027714,0.293597
48.98999926447868,79.23173,0.8312203,0.2887139
49.00000140070915,79.315735,0.8318267,0.28505158
49.009999722242355,79.36773,0.83209616,0.28505158
49.020001858472824,79.347725,0.83209616,0.28505158
49.03000018000603,79.28373,0.83209616,0.28627235
49.03999850153923,79.21973,0.83209616,0.28749314
49.0500006377697,79.20373,0.83209616,0.2887139
49.0599989593029,79.16773,0.83209616,0.2899347
49.07000109553337,79.119736,0.83209616,0.29115546
49.079999417066574,79.07573,0.83209616,0.29237625
49.09000155329704,79.02773,0.83209616,0.293597
49.099999874830246,78.99973,0.83209616,0.2948178
49.10999819636345,78.955734,0.83209616,0.29603857
49.12000033259392,78.93573,0.8321635,0.29603857
49.12999865412712,78.89573,0.8321635,0.29848012
49.14000079035759,78.86373,0.8321635,0.29848012
49.14999911189079,78.84373,0.8321635,0.30092168
49.16000124812126,78.78373,0.8321635,0.30092168
49.169999569654465,78.73573,0.8321635,0.30214247
49.18000170588493,78.72773,0.8322309,0.30336323
49.19000002741814,78.70773,0.8322309,0.30458403
49.19999834895134,78.663734,0.8322309,0.3058048
49.21000048518181,78.62774,0.8322309,0.3058048
49.21999880671501,78.62373,0.8322309,0.30824634
49.23000094294548,78.58774,0.8322309,0.30824634
49.23999926447868,78.52773,0.8322309,0.3106879
49.25000140070915,78.52773,0.8322309,0.3106879
49.259999722242355,78.51974,0.8322309,0.3119087
49.270001858472824,78.46373,0.8322983,0.31312945
49.28000018000603,78.41973,0.8322983,0.31435025
49.28999850153923,78.40773,0.8322983,0.315571
49.3000006377697,78.37974,0.8322983,0.3167918
49.3099989593029,78.36774,0.8322983,0.31801257
49.32000109553337,78.35573,0.8322983,0.31923336
49.329999417066574,78.315735,0.83236563,0.31923336
49.34000155329704,78.271736,0.83236563,0.32045412
49.349999874830246,78.275734,0.83236563,0.3216749
49.35999819636345,78.287735,0.83236563,0.32289568
49.37000033259392,78.23573,0.83236563,0.32411647
49.37999865412712,78.20773,0.83243304,0.32411647
49.39000079035759,78.19974,0.83243304,0.32655802
49.39999911189079,78.175735,0.83250034,0.32655802
49.41000124812126,78.147736,0.83256775,0.3277788
49.419999569654465,78.16773,0.83256775,0.3277788
49.43000170588493,78.15573,0.8326351,0.32899958
49.44000002741814,78.11573,0.8327025,0.33022034
49.44999834895134,78.12774,0.8328372,0.33022034
49.46000048518181,78.147736,0.832972,0.33022034
49.46999880671501,78.15573,0.8331067,0.33022034
49.48000094294548,78.14373,0.8333762,0.33022034
49.48999926447868,78.19974,0.8337804,0.3277788
49.50000140070915,78.259735,0.8343194,0.32533723
49.509999722242355,78.34773,0.8350605,0.3216749
49.520001858472824,78.50774,0.8359363,0.3167918
49.53000018000603,78.65574,0.8368795,0.3119087
49.53999850153923,78.75173,0.83768797,0.30702558
49.5500006377697,78.84773,0.83815956,0.3058048
49.5599989593029,78.86774,0.8382942,0.30458403
49.57000109553337,78.84773,0.8383616,0.3058048
49.579999417066574,78.82373,0.838429,0.3058048
49.59000155329704,78.81174,0.838429,0.30702558
49.599999874830246,78.77973,0.8384964,0.30824634
49.60999819636345,78.731735,0.8384964,0.30946714
49.62000033259392,78.71173,0.8384964,0.3106879
49.62999865412712,78.69574,0.83856374,0.3106879
49.64000079035759,78.63973,0.83863115,0.3119087
49.64999911189079,78.635735,0.8386985,0.3119087
49.66000124812126,78.64373,0.8386985,0.31435025
49.669999569654465,78.59573,0.83876586,0.31435025
49.68000170588493,78.55974,0.8388332,0.315571
49.69000002741814,78.56773,0.83890057,0.315571
49.69999834895134,78.55974,0.838968,0.3167918
49.71000048518181,78.52773,0.83903533,0.3167918
49.71999880671501,78.50774,0.8391701,0.31801257
49.73000094294548,78.51974,0.83930486,0.31801257
49.73999926447868,78.483734,0.83937216,0.31801257
49.75000140070915,78.50373,0.8395743,0.31801257
49.759999722242355,78.50373,0.83977646,0.31801257
49.770001858472824,78.52373,0.84018064,0.3167918
49.78000018000603,78.56773,0.8406522,0.31435025
49.78999850153923,78.66773,0.8412586,0.3106879
49.8000006377697,78.75573,0.8419323,0.30702558
49.8099989593029,78.82373,0.8425386,0.30458403
49.82000109553337,78.89173,0.84301025,0.30214247
49.829999417066574,78.94774,0.8433471,0.30092168
49.84000155329704,78.91573,0.8435492,0.30092168
49.849999874830246,78.91573,0.8437513,0.30092168
49.85999819636345,78.92373,0.84395343,0.30092168
49.87000033259392,78.93973,0.8440208,0.30092168
49.87999865412712,78.87974,0.8440208,0.30214247
49.89000079035759,78.827736,0.8440208,0.30336323
49.89999911189079,78.79573,0.8440208,0.30458403
49.91000124812126,78.763725,0.8440208,0.3058048
49.919999569654465,78.74374,0.8440208,0.30702558
49.93000170588493,78.731735,0.8440882,0.30824634
49.94000002741814,78.65973,0.8440882,0.30824634
49.94999834895134,78.63173,0.8440882,0.30946714
49.96000048518181,78.60373,0.8440882,0.3106879
49.96999880671501,78.55974,0.8440882,0.3119087
49.98000094294548,78.52773,0.8440882,0.31312945
49.98999926447868,78.50373,0.8440882,0.31435025
50.00000140070915,78.495735,0.8441555,0.315571
50.009999722242355,78.43573,0.8441555,0.3167918
50.020001858472824,78.39173,0.84422284,0.3167918
50.03000018000603,78.43173,0.84422284,0.31801257
50.03999850153923,78.37974,0.84422284,0.31923336
50.0500006377697,78.32373,0.84429026,0.32045412
50.0599989593029,78.315735,0.8443576,0.32045412
50.07000109553337,78.31174,0.844425,0.3216749
50.079999417066574,78.29573,0.844425,0.32289568
50.09000155329704,78.26774,0.8444924,0.32289568
50.099999874830246,78.271736,0.8445598,0.32411647
50.10999819636345,78.231735,0.84469444,0.32411647
50.12000033259392,78.203735,0.84476185,0.32533723
50.12999865412712,78.22373,0.84476185,0.32655802
50.14000079035759,78.21573,0.8448292,0.32655802
50.14999911189079,78.163734,0.8448966,0.3277788
50.16000124812126,78.19974,0.84509873,0.32655802
50.169999569654465,78.19573,0.84523344,0.3277788
50.18000170588493,78.17173,0.8453682,0.3277788
50.19000002741814,78.175735,0.8455703,0.3277788
50.19999834895134,78.21573,0.8457724,0.32655802
50.21000048518181,78.24374,0.8461767,0.32655802
50.21999880671501,78.26373,0.8466483,0.32411647
50.23000094294548,78.327736,0.84705245,0.3216749
50.23999926447868,78.399734,0.84752405,0.31923336
50.25000140070915,78.439735,0.8479283,0.31801257
50.259999722242355,78.48773,0.8483325,0.3167918
50.270001858472824,78.50774,0.84866935,0.315571
50.28000018000603,78.53973,0.8490062,0.31435025
50.28999850153923,78.59173,0.84947777,0.3119087
50.3000006377697,78.68773,0.8500841,0.30946714
50.3099989593029,78.71173,0.8506231,0.30702558
50.32000109553337,78.74374,0.85096,0.30458403
50.329999417066574,78.77973,0.85129684,0.30336323
50.34000155329704,78.81174,0.85149896,0.30336323
50.349999874830246,78.78373,0.85163367,0.30336323
50.35999819636345,78.76773,0.85176843,0.30458403
50.37000033259392,78.76773,0.85197055,0.30458403
50.37999865412712,78.75573,0.85210526,0.30458403
50.39000079035759,78.731735,0.85237473,0.30336323
50.39999911189079,78.75573,0.8527116,0.30214247
50.41000124812126,78.78373,0.8530485,0.30092168
50.419999569654465,78.79573,0.8535201,0.29848012
50.43000170588493,78.85973,0.85405904,0.29603857
50.44000002741814,78.927734,0.8546654,0.293597
50.44999834895134,78.96373,0.855137,0.29115546
50.46000048518181,78.99173,0.8556086,0.2887139
50.46999880671501,79.04373,0.85601276,0.28749314
50.48000094294548,79.01973,0.8562149,0.28749314
50.48999926447868,78.98773,0.8562823,0.28749314
50.50000140070915,78.97973,0.8563496,0.2887139
50.509999722242355,78.90774,0.8563496,0.2899347
50.520001858472824,78.831726,0.8563496,0.29115546
50.53000018000603,78.77973,0.8563496,0.29237625
50.53999850153923,78.771736,0.856417,0.29237625
50.5500006377697,78.71573,0.856417,0.293597
50.5599989593029,78.65574,0.856417,0.2948178
50.57000109553337,78.60773,0.856417,0.29603857
50.579999417066574,78.55974,0.856417,0.29725936
50.59000155329704,78.51573,0.856417,0.29848012
50.599999874830246,78.49973,0.856417,0.29970092
50.60999819636345,78.43573,0.856417,0.30092168
50.62000033259392,78.37974,0.856417,0.30214247
50.62999865412712,78.343735,0.856417,0.30336323
50.64000079035759,78.31174,0.856417,0.30458403
50.64999911189079,78.26774,0.856417,0.3058048
50.66000124812126,78.21173,0.856417,0.3058048
50.669999569654465,78.20773,0.856417,0.30824634
50.68000170588493,78.163734,0.856417,0.30824634
50.69000002741814,78.08774,0.856417,0.3106879
50.69999834895134,78.07574,0.856417,0.3106879
50.71000048518181,78.07173,0.856417,0.3119087
50.71999880671501,78.01974,0.856417,0.31312945
50.73000094294548,77.97574,0.856417,0.31435025
50.73999926447868,77.93574,0.856417,0.315571
50.75000140070915,77.93173,0.856417,0.3167918
50.759999722242355,77.89173,0.856417,0.31801257
50.770001858472824,77.843735,0.856417,0.31923336
50.78000018000603,77.83574,0.856417,0.32045412
50.78999850153923,77.79574,0.856417,0.3216749
50.8000006377697,77.77973,0.856417,0.32289568
50.8099989593029,77.73973,0.856417,0.32411647
50.82000109553337,77.691734,0.856417,0.32533723
50.829999417066574,77.68774,0.856417,0.32655802
50.84000155329704,77.65974,0.856417,0.3277788
50.849999874830246,77.635735,0.856417,0.3277788
50.85999819636345,77.591736,0.856417,0.33022034
50.87000033259392,77.58774,0.856417,0.33022034
50.87999865412712,77.56773,0.856417,0.33144113
50.89000079035759,77.523735,0.856417,0.3326619
50.89999911189079,77.49174,0.856417,0.3338827
50.91000124812126,77.47574,0.856417,0.33510345
50.919999569654465,77.455734,0.856417,0.33632424
50.93000170588493,77.41973,0.856417,0.337545
50.94000002741814,77.40374,0.856417,0.3387658
50.94999834895134,77.38773,0.856417,0.33998656
50.96000048518181,77.343735,0.85648435,0.33998656
50.96999880671501,77.33574,0.85648435,0.34120736
50.98000094294548,77.32374,0.85648435,0.34242812
50.98999926447868,77.28374,0.85648435,0.3436489
51.00000140070915,77.275734,0.85648435,0.34486967
51.009999722242355,77.271736,0.8565517,0.34609047
51.020001858472824,77.247734,0.8566191,0.34609047
51.03000018000603,77.21174,0.8567539,0.34731123
51.03999850153923,77.25174,0.8568886,0.34731123
51.0500006377697,77.275734,0.8570233,0.34731123
51.0599989593029,77.26774,0.85729283,0.34731123
51.07000109553337,77.28374,0.8575623,0.34609047
51.079999417066574,77.33174,0.8578318,0.34486967
51.09000155329704,77.33974,0.85810125,0.3436489
51.099999874830246,77.37974,0.8584381,0.3436489
51.10999819636345,77.45973,0.8588424,0.34120736
51.12000033259392,77.50374,0.8593813,0.3387658
51.12999865412712,77.591736,0.86005497,0.33510345
51.14000079035759,77.68774,0.8607961,0.33144113
51.14999911189079,77.827736,0.86167186,0.32655802
51.16000124812126,77.96373,0.8626151,0.3216749
51.169999569654465,78.08373,0.8634235,0.3167918
51.18000170588493,78.163734,0.86396253,0.31435025
51.19000002741814,78.163734,0.864232,0.31312945
51.19999834895134,78.18373,0.8643667,0.31435025
51.21000048518181,78.17973,0.8643667,0.31435025
51.21999880671501,78.13973,0.8643667,0.3167918
51.23000094294548,78.07574,0.8643667,0.3167918
51.23999926447868,78.039734,0.8644341,0.31801257
51.25000140070915,78.00373,0.8644341,0.31923336
51.259999722242355,77.95174,0.8644341,0.32045412
51.270001858472824,77.93574,0.8644341,0.3216749
51.28000018000603,77.93574,0.8645015,0.3216749
51.28999850153923,77.899734,0.8645689,0.32289568
51.3000006377697,77.85973,0.8645689,0.32411647
51.3099989593029,77.81973,0.8645689,0.32533723
51.32000109553337,77.815735,0.86463624,0.32533723
51.329999417066574,77.78374,0.864771,0.32655802
51.34000155329704,77.787735,0.8648383,0.32655802
51.349999874830246,77.76374,0.86497307,0.32655802
51.35999819636345,77.73573,0.86510783,0.32655802
51.37000033259392,77.73573,0.8653099,0.32655802
51.37999865412712,77.75574,0.865512,0.32655802
51.39000079035759,77.747734,0.86578155,0.32655802
51.39999911189079,77.77973,0.866051,0.32533723
51.41000124812126,77.815735,0.86638784,0.32411647
51.419999569654465,77.83974,0.8667921,0.3216749
51.43000170588493,77.855736,0.86712897,0.3216749
51.44000002741814,77.883736,0.86739844,0.32045412
51.44999834895134,77.91973,0.86753315,0.32045412
51.46000048518181,77.89574,0.86773527,0.32045412
51.46999880671501,77.883736,0.8680721,0.31923336
51.48000094294548,77.91573,0.8683416,0.31801257
51.48999926447868,77.93173,0.86867845,0.3167918
51.50000140070915,77.95973,0.868948,0.3167918
51.509999722242355,77.939735,0.8690827,0.3167918
51.520001858472824,77.93574,0.86915004,0.31801257
51.53000018000603,77.89173,0.86921746,0.31801257
51.53999850153923,77.85973,0.8692848,0.31923336
51.5500006377697,77.85973,0.8692848,0.32045412
51.5599989593029,77.815735,0.86935216,0.32045412
51.57000109553337,77.78374,0.86935216,0.3216749
51.579999417066574,77.76774,0.86935216,0.32289568
51.59000155329704,77.71173,0.8694196,0.32411647
51.599999874830246,77.67973,0.8694869,0.32411647
51.60999819636345,77.691734,0.86962163,0.32411647
51.62000033259392,77.691734,0.8697564,0.32533723
51.62999865412712,77.65574,0.86989117,0.32533723
51.64000079035759,77.635735,0.87002593,0.32533723
51.64999911189079,77.64374,0.8700932,0.32655802
51.66000124812126,77.61173,0.8700932,0.32655802
51.669999569654465,77.59573,0.870228,0.3277788
51.68000170588493,77.58774,0.87036276,0.3277788
51.69000002741814,77.58374,0.8705649,0.3277788
51.69999834895134,77.55573,0.8706322,0.3277788
51.71000048518181,77.55573,0.87076694,0.3277788
51.71999880671501,77.55974,0.8709017,0.3277788
51.73000094294548,77.55573,0.87103647,0.32899958
51.73999926447868,77.523735,0.8711712,0.32899958
51.75000140070915,77.54374,0.8713733,0.32899958
51.759999722242355,77.54374,0.8715754,0.3277788
51.770001858472824,77.55573,0.8718449,0.3277788
51.78000018000603,77.591736,0.8722491,0.32655802
51.78999850153923,77.63174,0.87265337,0.32411647
51.8000006377697,77.66773,0.8730576,0.32289568
51.8099989593029,77.719734,0.8735292,0.32045412
51.82000109553337,77.759735,0.8740007,0.31801257
51.829999417066574,77.827736,0.87453973,0.3167918
51.84000155329704,77.86373,0.8750787,0.31312945
51.849999874830246,77.90373,0.8752808,0.31312945
51.85999819636345,77.87574,0.8752808,0.31435025
51.87000033259392,77.827736,0.8753482,0.31435025
51.87999865412712,77.79574,0.8753482,0.3167918
51.89000079035759,77.775734,0.8754155,0.3167918
51.89999911189079,77.74374,0.8754155,0.31801257
51.91000124812126,77.691734,0.8754829,0.31801257
51.919999569654465,77.66773,0.8754829,0.32045412
51.93000170588493,77.65173,0.87555027,0.32045412
51.94000002741814,77.59973,0.87555027,0.3216749
51.94999834895134,77.57574,0.87555027,0.32289568
51.96000048518181,77.53174,0.87555027,0.32411647
51.96999880671501,77.48773,0.8756177,0.32411647
51.98000094294548,77.467735,0.8756177,0.32655802
51.98999926447868,77.44374,0.87568504,0.32655802
52.00000140070915,77.41973,0.87568504,0.3277788
52.009999722242355,77.37974,0.87568504,0.32899958
52.020001858472824,77.37574,0.8757524,0.33022034
52.03000018000603,77.33974,0.8757524,0.33022034
52.03999850153923,77.271736,0.8757524,0.33144113
52.0500006377697,77.275734,0.8758198,0.3326619
52.0599989593029,77.28374,0.8758198,0.3338827
52.07000109553337,77.231735,0.87588716,0.3338827
52.079999417066574,77.18774,0.8759545,0.33510345
52.09000155329704,77.19574,0.8759545,0.33632424
52.099999874830246,77.17974,0.87602186,0.33632424
52.10999819636345,77.147736,0.8760893,0.337545
52.12000033259392,77.13174,0.8760893,0.3387658
52.12999865412712,77.13174,0.8761566,0.33998656
52.14000079035759,77.107735,0.8762914,0.33998656
52.14999911189079,77.119736,0.87642616,0.33998656
52.16000124812126,77.09974,0.87649345,0.33998656
52.169999569654465,77.091736,0.8766282,0.34120736
52.18000170588493,77.091736,0.876763,0.34120736
52.19000002741814,77.107735,0.8769651,0.34120736
52.19999834895134,77.119736,0.8772346,0.33998656
52.21000048518181,77.11574,0.8774367,0.33998656
52.21999880671501,77.14374,0.87770617,0.33998656
52.23000094294548,77.175735,0.87797564,0.3387658
52.23999926447868,77.18774,0.8783799,0.33632424
52.25000140070915,77.231735,0.8789188,0.3338827
52.259999722242355,77.33974,0.87945783,0.33144113
52.270001858472824,77.427734,0.88013154,0.3277788
52.28000018000603,77.495735,0.88087255,0.32411647
52.28999850153923,77.59973,0.8816137,0.32045412
52.3000006377697,77.675735,0.88208526,0.31801257
52.3099989593029,77.67173,0.88222003,0.31801257
52.32000109553337,77.67173,0.8822873,0.31923336
52.329999417066574,77.647736,0.8822873,0.32045412
52.34000155329704,77.57174,0.88235474,0.32045412
52.349999874830246,77.551735,0.88235474,0.3216749
52.35999819636345,77.54374,0.8824221,0.32289568
52.37000033259392,77.50774,0.8824221,0.32411647
52.37999865412712,77.45174,0.88248944,0.32411647
52.39000079035759,77.439735,0.88255686,0.32533723
52.39999911189079,77.43174,0.88255686,0.32655802
52.41000124812126,77.37974,0.8826242,0.32655802
52.419999569654465,77.34773,0.8826916,0.3277788
52.43000170588493,77.33574,0.882759,0.3277788
52.44000002741814,77.30773,0.8828263,0.32899958
52.44999834895134,77.29174,0.8828263,0.33022034
52.46000048518181,77.27974,0.88296103,0.33022034
52.46999880671501,77.26374,0.8831632,0.33022034
52.48000094294548,77.27974,0.8833653,0.33022034
52.48999926447868,77.28374,0.88350004,0.33022034
52.50000140070915,77.29174,0.8837695,0.32899958
52.509999722242355,77.299736,0.88417375,0.3277788
52.520001858472824,77.371735,0.88484746,0.32411647
52.53000018000603,77.51174,0.88579065,0.31923336
52.53999850153923,77.63973,0.88707066,0.3106879
52.5500006377697,77.86774,0.88862026,0.30214247
52.5599989593029,78.051735,0.8897655,0.2948178
52.57000109553337,78.18774,0.8905066,0.29115546
52.579999417066574,78.22774,0.8911129,0.28749314
52.59000155329704,78.24374,0.8917193,0.28505158
52.599999874830246,78.31973,0.89239293,0.28138924
52.60999819636345,78.37974,0.8932014,0.27650613
52.62000033259392,78.45973,0.8941446,0.27162302
52.62999865412712,78.51974,0.8948857,0.2667399
52.64000079035759,78.483734,0.8951552,0.2667399
52.64999911189079,78.427734,0.8951552,0.2679607
52.66000124812126,78.371735,0.8951552,0.26918146
52.669999569654465,78.27973,0.8951552,0.27040225
52.68000170588493,78.17973,0.8951552,0.27162302
52.69000002741814,78.09973,0.8951552,0.2728438
52.69999834895134,78.04774,0.8951552,0.27406457
52.71000048518181,77.91573,0.8951552,0.27528536
52.71999880671501,77.85173,0.8951552,0.27650613
52.73000094294548,77.81174,0.8951552,0.27650613
52.73999926447868,77.747734,0.8951552,0.27894768
52.75000140070915,77.65974,0.8951552,0.27894768
52.759999722242355,77.58374,0.8951552,0.28138924
52.770001858472824,77.539734,0.8951552,0.28138924
52.78000018000603,77.47574,0.8951552,0.28261003
52.78999850153923,77.411736,0.8951552,0.2838308
52.8000006377697,77.355736,0.8951552,0.28505158
52.8099989593029,77.29174,0.8951552,0.28627235
52.82000109553337,77.23974,0.8951552,0.28749314
52.829999417066574,77.20773,0.8951552,0.2887139
52.84000155329704,77.135735,0.8951552,0.2899347
52.849999874830246,77.08774,0.8951552,0.29115546
52.85999819636345,77.05974,0.8951552,0.29237625
52.87000033259392,77.023735,0.8951552,0.293597
52.87999865412712,76.95174,0.8951552,0.2948178
52.89000079035759,76.90374,0.8951552,0.29603857
52.89999911189079,76.911736,0.8951552,0.29603857
52.91000124812126,76.85174,0.8951552,0.29848012
52.919999569654465,76.78774,0.8951552,0.29848012
52.93000170588493,76.74774,0.8951552,0.30092168
52.94000002741814,76.731735,0.8951552,0.30092168
52.94999834895134,76.68774,0.8951552,0.30214247
52.96000048518181,76.64774,0.8951552,0.30336323
52.96999880671501,76.60374,0.8951552,0.30458403
52.98000094294548,76.58374,0.8951552,0.3058048
52.98999926447868,76.55974,0.8951552,0.30702558
53.00000140070915,76.52774,0.8951552,0.30824634
53.009999722242355,76.48374,0.8951552,0.30946714
53.020001858472824,76.45174,0.8951552,0.3106879
53.03000018000603,76.44374,0.8951552,0.3119087
53.03999850153923,76.40374,0.8951552,0.31312945
53.0500006377697,76.33974,0.8951552,0.31435025
53.0599989593029,76.30374,0.8951552,0.315571
53.07000109553337,76.33974,0.8951552,0.3167918
53.079999417066574,76.31174,0.8951552,0.31801257
53.09000155329704,76.243744,0.8951552,0.31801257
53.099999874830246,76.231735,0.8951552,0.32045412
53.10999819636345,76.22774,0.8951552,0.32045412
53.12000033259392,76.18374,0.8951552,0.3216749
53.12999865412712,76.15574,0.8951552,0.32289568
53.14000079035759,76.131744,0.8951552,0.32411647
53.14999911189079,76.10774,0.8951552,0.32533723
53.16000124812126,76.10774,0.8951552,0.32655802
53.169999569654465,76.07974,0.8951552,0.3277788
53.18000170588493,76.05574,0.8951552,0.32899958
53.19000002741814,76.03974,0.8951552,0.33022034
53.19999834895134,76.04774,0.89522254,0.33022034
53.21000048518181,76.02374,0.8952899,0.33144113
53.21999880671501,75.95975,0.8952899,0.3326619
53.23000094294548,75.97574,0.8952899,0.3338827
53.23999926447868,75.99574,0.8952899,0.33510345
53.25000140070915,75.951744,0.8953573,0.33632424
53.259999722242355,75.895744,0.8953573,0.33632424
53.270001858472824,75.87574,0.8953573,0.337545
53.28000018000603,75.90774,0.8953573,0.3387658
53.28999850153923,75.895744,0.89542466,0.33998656
53.3000006377697,75.87574,0.8954921,0.33998656
53.3099989593029,75.88374,0.8956268,0.34120736
53.32000109553337,75.90374,0.89589626,0.33998656
53.329999417066574,75.93574,0.8962331,0.3387658
53.34000155329704,75.98374,0.8966373,0.337545
53.349999874830246,76.06374,0.8972437,0.3338827
53.35999819636345,76.17974,0.8981195,0.32899958
53.37000033259392,76.35174,0.89933217,0.32289568
53.37999865412712,76.54374,0.9006796,0.31435025
53.39000079035759,76.65574,0.9016228,0.30824634
53.39999911189079,76.77974,0.90202695,0.30702558
53.41000124812126,76.79574,0.90202695,0.30824634
53.419999569654465,76.74374,0.90209436,0.30824634
53.43000170588493,76.69974,0.90209436,0.30946714
53.44000002741814,76.67974,0.90209436,0.3106879
53.44999834895134,76.663734,0.90209436,0.3119087
53.46000048518181,76.619736,0.9021617,0.31312945
53.46999880671501,76.59574,0.9021617,0.31435025
53.48000094294548,76.58774,0.90222913,0.31435025
53.48999926447868,76.53574,0.9022965,0.315571
53.50000140070915,76.51574,0.9022965,0.3167918
53.509999722242355,76.50374,0.9023639,0.3167918
53.520001858472824,76.47174,0.9024312,0.31801257
53.53000018000603,76.47574,0.90249854,0.31801257
53.53999850153923,76.47974,0.9027007,0.31923336
53.5500006377697,76.45574,0.9028355,0.31801257
53.5599989593029,76.43574,0.9031049,0.31801257
53.57000109553337,76.47974,0.9034418,0.3167918
53.579999417066574,76.56774,0.9039808,0.31435025
53.59000155329704,76.59574,0.90458703,0.3119087
53.599999874830246,76.69974,0.90532815,0.30702558
53.60999819636345,76.77974,0.9060693,0.30336323
53.62000033259392,76.86774,0.9066082,0.30092168
53.62999865412712,76.85174,0.90674293,0.30092168
53.64000079035759,76.85174,0.90674293,0.30214247
53.64999911189079,76.83174,0.90674293,0.30336323
53.66000124812126,76.78774,0.90674293,0.30458403
53.669999569654465,76.72774,0.90674293,0.3058048
53.68000170588493,76.715744,0.9068103,0.3058048
53.69000002741814,76.64774,0.9068103,0.30702558
53.69999834895134,76.619736,0.9068103,0.30824634
53.71000048518181,76.61174,0.9068103,0.30946714
53.71999880671501,76.55574,0.9068103,0.3106879
53.73000094294548,76.50374,0.9068103,0.3119087
53.73999926447868,76.49174,0.9068103,0.31312945
53.75000140070915,76.47974,0.9068103,0.31435025
53.759999722242355,76.41974,0.9068103,0.315571
53.770001858472824,76.38774,0.9068777,0.315571
53.78000018000603,76.371735,0.9068777,0.3167918
53.78999850153923,76.33574,0.9068777,0.31801257
53.8000006377697,76.30374,0.90694505,0.31923336
53.8099989593029,76.299736,0.90701246,0.31923336
53.82000109553337,76.283745,0.90701246,0.32045412
53.829999417066574,76.243744,0.9070798,0.3216749
53.84000155329704,76.22374,0.90714717,0.3216749
53.849999874830246,76.21175,0.90714717,0.32289568
53.85999819636345,76.171745,0.90714717,0.32411647
53.87000033259392,76.16374,0.9072145,0.32533723
53.87999865412712,76.15574,0.9072819,0.32655802
53.89000079035759,76.11174,0.9072819,0.32655802
53.89999911189079,76.08774,0.9073493,0.3277788
53.91000124812126,76.103745,0.90741664,0.3277788
53.919999569654465,76.119736,0.90748405,0.32899958
53.93000170588493,76.08774,0.9075514,0.33022034
53.94000002741814,76.05574,0.90761876,0.33022034
53.94999834895134,76.05174,0.9076862,0.33144113
53.96000048518181,76.03974,0.9076862,0.33144113
53.96999880671501,75.99574,0.90775347,0.3326619
53.98000094294548,76.00374,0.9078209,0.3338827
53.98999926447868,76.01174,0.90795565,0.3338827
54.00000140070915,75.99574,0.90815777,0.3338827
54.009999722242355,76.02774,0.9084272,0.3326619
54.020001858472824,76.04774,0.9086967,0.33144113
54.03000018000603,76.06374,0.90903354,0.33144113
54.03999850153923,76.131744,0.90957254,0.32899958
54.0500006377697,76.22374,0.91017884,0.32533723
54.0599989593029,76.29174,0.91098726,0.3216749
54.07000109553337,76.40374,0.91186315,0.3167918
54.079999417066574,76.57174,0.91280633,0.3106879
54.09000155329704,76.65174,0.91348004,0.30824634
54.099999874830246,76.65174,0.91361475,0.30702558
54.10999819636345,76.63574,0.9136821,0.30824634
54.12000033259392,76.63174,0.9136821,0.30946714
54.12999865412712,76.58374,0.9136821,0.3106879
54.14000079035759,76.51574,0.9136821,0.3119087
54.14999911189079,76.49974,0.9136821,0.3119087
54.16000124812126,76.47174,0.9136821,0.31435025
54.169999569654465,76.423744,0.9136821,0.31435025
54.18000170588493,76.39174,0.9136821,0.3167918
54.19000002741814,76.35974,0.9136821,0.3167918
54.19999834895134,76.31174,0.9136821,0.31801257
54.21000048518181,76.299736,0.9137495,0.31923336
54.21999880671501,76.26374,0.9137495,0.32045412
54.23000094294548,76.22374,0.9137495,0.3216749
54.23999926447868,76.18374,0.91381687,0.3216749
54.25000140070915,76.19574,0.91381687,0.32289568
54.259999722242355,76.143745,0.91381687,0.32411647
54.270001858472824,76.10774,0.91381687,0.32533723
54.28000018000603,76.09974,0.9138843,0.32655802
54.28999850153923,76.08774,0.9138843,0.3277788
54.3000006377697,76.05574,0.9138843,0.32899958
54.3099989593029,76.01974,0.91395164,0.32899958
54.32000109553337,76.01974,0.914019,0.33022034
54.329999417066574,75.99574,0.91408634,0.33022034
54.34000155329704,75.95574,0.91408634,0.33144113
54.349999874830246,75.95574,0.9141537,0.3326619
54.35999819636345,75.95975,0.9142211,0.3326619
54.37000033259392,75.93174,0.9142211,0.3338827
54.37999865412712,75.91174,0.91428846,0.33510345
54.39000079035759,75.89175,0.9143558,0.33632424
54.39999911189079,75.86774,0.9144906,0.33632424
54.41000124812126,75.87574,0.91476005,0.33632424
54.419999569654465,75.951744,0.9151643,0.3338827
54.43000170588493,76.01174,0.91570324,0.33144113
54.44000002741814,76.04774,0.91637695,0.3277788
54.44999834895134,76.13974,0.91705066,0.32411647
54.46000048518181,76.25174,0.9179265,0.31923336
54.46999880671501,76.37974,0.918937,0.31435025
54.48000094294548,76.52774,0.91994756,0.30824634
54.48999926447868,76.64374,0.9206887,0.30458403
54.50000140070915,76.71174,0.92122763,0.30092168
54.509999722242355,76.715744,0.9216992,0.29970092
54.520001858472824,76.78374,0.92223823,0.29603857
54.53000018000603,76.843735,0.9229793,0.29237625
54.53999850153923,76.85974,0.92358565,0.2887139
54.5500006377697,76.93574,0.92419195,0.28627235
54.5599989593029,76.98774,0.9247983,0.28261003
54.57000109553337,76.995735,0.9252699,0.28138924
54.579999417066574,76.99974,0.9255394,0.28016847
54.59000155329704,76.95174,0.9255394,0.28138924
54.599999874830246,76.85974,0.9256068,0.28261003
54.60999819636345,76.79174,0.92567414,0.28261003
54.62000033259392,76.72374,0.92567414,0.2838308
54.62999865412712,76.66774,0.92567414,0.28505158
54.64000079035759,76.591736,0.92567414,0.28627235
54.64999911189079,76.55574,0.9257415,0.28627235
54.66000124812126,76.47574,0.9257415,0.2887139
54.669999569654465,76.40774,0.92580885,0.2887139
54.68000170588493,76.34774,0.92580885,0.2899347
54.69000002741814,76.30374,0.92580885,0.29115546
54.69999834895134,76.25574,0.92580885,0.29237625
54.71000048518181,76.171745,0.92580885,0.293597
54.71999880671501,76.12774,0.92580885,0.2948178
54.73000094294548,76.09974,0.92580885,0.29603857
54.73999926447868,76.01974,0.92580885,0.29603857
54.75000140070915,75.97974,0.92580885,0.29848012
54.759999722242355,75.94774,0.92580885,0.29848012
54.770001858472824,75.91574,0.92580885,0.30092168
54.78000018000603,75.86374,0.92580885,0.30092168
54.78999850153923,75.79974,0.92580885,0.30214247
54.8000006377697,75.77174,0.9258762,0.30336323
54.8099989593029,75.72374,0.9258762,0.30458403
54.82000109553337,75.70374,0.9258762,0.3058048
54.829999417066574,75.66374,0.9258762,0.30702558
54.84000155329704,75.60774,0.9259436,0.30702558
54.849999874830246,75.57974,0.9259436,0.30824634
54.85999819636345,75.57174,0.9259436,0.30946714
54.87000033259392,75.51174,0.92601097,0.3106879
54.87999865412712,75.47574,0.9260784,0.3106879
54.89000079035759,75.47174,0.9260784,0.3119087
54.89999911189079,75.45574,0.92614573,0.31312945
54.91000124812126,75.395744,0.92621315,0.31312945
54.919999569654465,75.37174,0.92621315,0.31435025
54.93000170588493,75.35574,0.92621315,0.315571
54.94000002741814,75.34374,0.9263478,0.3167918
54.94999834895134,75.311745,0.9264152,0.3167918
54.96000048518181,75.27975,0.92648256,0.31801257
54.96999880671501,75.26374,0.92655,0.31801257
54.98000094294548,75.26374,0.9266173,0.31923336
54.98999926447868,75.239746,0.9266847,0.31923336
55.00000140070915,75.23174,0.9267521,0.32045412
55.009999722242355,75.19575,0.9268868,0.32045412
55.020001858472824,75.21974,0.9270889,0.32045412
55.03000018000603,75.23575,0.92729104,0.32045412
55.03999850153923,75.23174,0.9275605,0.31923336
55.0500006377697,75.255745,0.9279647,0.31801257
55.0599989593029,75.34374,0.92857105,0.315571
55.07000109553337,75.43974,0.9293795,0.3106879
55.079999417066574,75.507744,0.93025535,0.3058048
55.09000155329704,75.60774,0.9311311,0.30092168
55.099999874830246,75.70774,0.9319396,0.29603857
55.10999819636345,75.79574,0.93254596,0.29237625
55.12000033259392,75.81974,0.932748,0.29237625
55.12999865412712,75.80374,0.93281543,0.293597
55.14000079035759,75.72374,0.93281543,0.2948178
55.14999911189079,75.66775,0.93281543,0.29603857
55.16000124812126,75.61574,0.93281543,0.29603857
55.169999569654465,75.587746,0.93281543,0.29848012
55.18000170588493,75.53574,0.93281543,0.29848012
55.19000002741814,75.491745,0.9328828,0.29970092
55.19999834895134,75.45574,0.9328828,0.30092168
55.21000048518181,75.38374,0.9328828,0.30214247
55.21999880671501,75.35574,0.9328828,0.30336323
55.23000094294548,75.33174,0.9328828,0.30458403
55.23999926447868,75.295746,0.9329502,0.30458403
55.25000140070915,75.23575,0.9329502,0.3058048
55.259999722242355,75.19174,0.9329502,0.30702558
55.270001858472824,75.171745,0.9329502,0.30824634
55.28000018000603,75.143745,0.93301755,0.30946714
55.28999850153923,75.09575,0.93301755,0.3106879
55.3000006377697,75.075745,0.9330849,0.3106879
55.3099989593029,75.047745,0.93315226,0.3119087
55.32000109553337,75.03574,0.9332196,0.3119087
55.329999417066574,75.019745,0.933287,0.31312945
55.34000155329704,74.979744,0.9334218,0.31435025
55.349999874830246,74.935745,0.9335565,0.31312945
55.35999819636345,74.94775,0.9337586,0.31435025
55.37000033259392,74.991745,0.9340281,0.3119087
55.37999865412712,74.98775,0.9344323,0.3106879
55.39000079035759,75.02374,0.9349713,0.30824634
55.39999911189079,75.11974,0.935645,0.3058048
55.41000124812126,75.16374,0.93625134,0.30214247
55.419999569654465,75.17974,0.9366556,0.30092168
55.43000170588493,75.215744,0.9369924,0.29970092
55.44000002741814,75.21974,0.9371945,0.29848012
55.44999834895134,75.215744,0.93726194,0.29970092
55.46000048518181,75.15575,0.9373293,0.30092168
55.46999880671501,75.115746,0.9373293,0.30092168
55.48000094294548,75.07974,0.9373293,0.30214247
55.48999926447868,75.04375,0.93739665,0.30336323
55.50000140070915,75.01575,0.93739665,0.30458403
55.509999722242355,74.95574,0.93739665,0.3058048
55.520001858472824,74.90375,0.937464,0.3058048
55.53000018000603,74.907745,0.937464,0.30702558
55.53999850153923,74.85974,0.937464,0.30824634
55.5500006377697,74.77975,0.937464,0.30946714
55.5599989593029,74.743744,0.93753135,0.3106879
55.57000109553337,74.73175,0.93753135,0.3119087
55.579999417066574,74.71175,0.93759876,0.3119087
55.59000155329704,74.65575,0.9376661,0.31312945
55.599999874830246,74.631744,0.9377335,0.31312945
55.60999819636345,74.62375,0.9378009,0.31435025
55.62000033259392,74.59975,0.93786824,0.31435025
55.62999865412712,74.575745,0.93786824,0.3167918
55.64000079035759,74.53975,0.9379356,0.3167918
55.64999911189079,74.53574,0.93807036,0.3167918
55.66000124812126,74.52374,0.93820506,0.31801257
55.669999569654465,74.52775,0.9382725,0.31801257
55.68000170588493,74.47975,0.9383398,0.31801257
55.69000002741814,74.45975,0.93847454,0.31801257
55.69999834895134,74.47975,0.93854195,0.31923336
55.71000048518181,74.45574,0.9386093,0.32045412
55.71999880671501,74.40375,0.93867666,0.32045412
55.73000094294548,74.38774,0.9388114,0.32045412
55.73999926447868,74.39975,0.93887883,0.3216749
55.75000140070915,74.36375,0.9389462,0.3216749
55.759999722242355,74.29975,0.9389462,0.32411647
55.770001858472824,74.311745,0.9389462,0.32411647
55.78000018000603,74.31975,0.9390135,0.32533723
55.78999850153923,74.27575,0.9390135,0.32655802
55.8000006377697,74.24775,0.9390809,0.3277788
55.8099989593029,74.215744,0.93914825,0.3277788
55.82000109553337,74.20775,0.939283,0.3277788
55.829999417066574,74.23175,0.9394178,0.3277788
55.84000155329704,74.20374,0.9395525,0.32899958
55.849999874830246,74.171745,0.93961984,0.32899958
55.85999819636345,74.16375,0.939822,0.32899958
55.87000033259392,74.215744,0.94009143,0.3277788
55.87999865412712,74.21975,0.9404283,0.32655802
55.89000079035759,74.25975,0.9410347,0.32411647
55.89999911189079,74.36375,0.94177574,0.32045412
55.91000124812126,74.475746,0.94244945,0.3167918
55.919999569654465,74.49574,0.94312316,0.31312945
55.93000170588493,74.54375,0.94359475,0.3106879
55.94000002741814,74.575745,0.9439316,0.30946714
55.94999834895134,74.615746,0.94406635,0.3106879
55.96000048518181,74.57175,0.9441337,0.3106879
55.96999880671501,74.49574,0.9442011,0.3119087
55.98000094294548,74.45574,0.9442011,0.3119087
55.98999926447868,74.43175,0.94426847,0.31312945
56.00000140070915,74.423744,0.94426847,0.31435025
56.009999722242355,74.35975,0.94426847,0.315571
56.020001858472824,74.283745,0.94426847,0.3167918
56.03000018000603,74.25975,0.9443358,0.31801257
56.03999850153923,74.25975,0.9443358,0.31801257
56.0500006377697,74.199745,0.9444032,0.31923336
56.0599989593029,74.16375,0.94453794,0.31923336
56.07000109553337,74.17574,0.9446053,0.32045412
56.079999417066574,74.15575,0.9446727,0.32045412
56.09000155329704,74.10775,0.94480747,0.32045412
56.099999874830246,74.07575,0.94487476,0.3216749
56.10999819636345,74.09175,0.9449421,0.3216749
56.12000033259392,74.06775,0.9450769,0.32289568
56.12999865412712,74.03575,0.9451443,0.32289568
56.14000079035759,74.003746,0.94521165,0.32411647
56.14999911189079,74.019745,0.94534636,0.32411647
56.16000124812126,74.003746,0.9454137,0.32533723
56.169999569654465,73.98375,0.9455485,0.32533723
56.18000170588493,73.93575,0.9456159,0.32655802
56.19000002741814,73.89975,0.94568324,0.32655802
56.19999834895134,73.92775,0.94575065,0.3277788
56.21000048518181,73.923744,0.9458853,0.3277788
56.21999880671501,73.89175,0.94615483,0.32655802
56.23000094294548,73.89575,0.9465591,0.32533723
56.23999926447868,73.95975,0.94716537,0.32289568
56.25000140070915,74.04775,0.9479065,0.31801257
56.259999722242355,74.11975,0.9487149,0.31312945
56.270001858472824,74.20374,0.9495234,0.30946714
56.28000018000603,74.29175,0.9501297,0.3058048
56.28999850153923,74.29175,0.9505339,0.30458403
56.3000006377697,74.243744,0.9505339,0.3058048
56.3099989593029,74.20374,0.95060134,0.3058048
56.32000109553337,74.171745,0.95060134,0.30702558
56.329999417066574,74.131744,0.95060134,0.30824634
56.34000155329704,74.05175,0.95060134,0.30946714
56.349999874830246,74.019745,0.95060134,0.3106879
56.35999819636345,73.94375,0.95066863,0.3119087
56.37000033259392,73.91575,0.95073605,0.3119087
56.37999865412712,73.88775,0.95073605,0.31312945
56.39000079035759,73.823746,0.95073605,0.31435025
56.39999911189079,73.77575,0.9508034,0.315571
56.41000124812126,73.77975,0.9508034,0.3167918
56.419999569654465,73.73575,0.9508034,0.31801257
56.43000170588493,73.66375,0.9508708,0.31923336
56.44000002741814,73.62775,0.9508708,0.31923336
56.44999834895134,73.63575,0.95093817,0.32045412
56.46000048518181,73.59575,0.95093817,0.3216749
56.46999880671501,73.52775,0.95093817,0.3216749
56.48000094294548,73.49575,0.9510055,0.32289568
56.48999926447868,73.47175,0.9510055,0.32411647
56.50000140070915,73.46375,0.95107293,0.32533723
56.509999722242355,73.44775,0.9511403,0.32533723
56.520001858472824,73.407745,0.95120764,0.32655802
56.53000018000603,73.38375,0.951275,0.32655802
56.53999850153923,73.37575,0.95134234,0.3277788
56.5500006377697,73.363754,0.9514771,0.3277788
56.5599989593029,73.31175,0.9515445,0.32899958
56.57000109553337,73.31575,0.9516793,0.32899958
56.579999417066574,73.34775,0.95188135,0.32899958
56.59000155329704,73.339745,0.9521509,0.3277788
56.599999874830246,73.29575,0.9524877,0.32655802
56.60999819636345,73.36775,0.953094,0.32411647
56.62000033259392,73.47975,0.9539024,0.31923336
56.62999865412712,73.587746,0.9549804,0.31312945
56.64000079035759,73.69175,0.9561931,0.3058048
56.64999911189079,73.85975,0.95754045,0.29848012
56.66000124812126,73.95575,0.95855105,0.29237625
56.669999569654465,74.01175,0.95915735,0.2887139
56.68000170588493,74.02374,0.95969635,0.28627235
56.69000002741814,73.991745,0.96030265,0.2838308
56.69999834895134,73.991745,0.960909,0.28016847
56.71000048518181,74.01175,0.96151537,0.27772692
56.71999880671501,74.01575,0.9621217,0.27406457
56.73000094294548,73.97575,0.96286273,0.27040225
56.73999926447868,73.94775,0.96340173,0.2667399
56.75000140070915,73.92775,0.96360385,0.2667399
56.759999722242355,73.80775,0.96360385,0.2679607
56.770001858472824,73.66775,0.96360385,0.26918146
56.78000018000603,73.59174,0.96360385,0.27040225
56.78999850153923,73.52375,0.96360385,0.27162302
56.8000006377697,73.41175,0.96360385,0.2728438
56.8099989593029,73.31575,0.96360385,0.27406457
56.82000109553337,73.23975,0.96360385,0.27528536
56.829999417066574,73.17575,0.96360385,0.27650613
56.84000155329704,73.11575,0.96360385,0.27772692
56.849999874830246,73.043755,0.96360385,0.27894768
56.85999819636345,72.96775,0.96360385,0.28016847
56.87000033259392,72.91575,0.96360385,0.28138924
56.87999865412712,72.87975,0.96360385,0.28261003
56.89000079035759,72.81575,0.96360385,0.28261003
56.89999911189079,72.74776,0.96360385,0.28505158
56.91000124812126,72.69975,0.96360385,0.28505158
56.919999569654465,72.695755,0.96360385,0.28627235
56.93000170588493,72.60375,0.96360385,0.28749314
56.94000002741814,72.54775,0.96360385,0.2887139
56.94999834895134,72.543755,0.96360385,0.2899347
56.96000048518181,72.49576,0.96360385,0.29115546
56.96999880671501,72.447754,0.96360385,0.29237625
56.98000094294548,72.40775,0.96360385,0.293597
56.98999926447868,72.38376,0.96360385,0.2948178
57.00000140070915,72.363754,0.96360385,0.29603857
57.009999722242355,72.307755,0.9636712,0.29603857
57.020001858472824,72.29175,0.9636712,0.29725936
57.03000018000603,72.25575,0.9636712,0.29848012
57.03999850153923,72.21975,0.9636712,0.29970092
57.0500006377697,72.207756,0.9636712,0.30092168
57.0599989593029,72.17576,0.9637386,0.30214247
57.07000109553337,72.14375,0.9637386,0.30336323
57.079999417066574,72.12376,0.9637386,0.30458403
57.09000155329704,72.13176,0.963806,0.30458403
57.099999874830246,72.07575,0.9638734,0.3058048
57.10999819636345,72.043755,0.9638734,0.30702558
57.12000033259392,72.055756,0.9638734,0.30824634
57.12999865412712,72.027756,0.9638734,0.30946714
57.14000079035759,71.99176,0.9639407,0.30946714
57.14999911189079,71.96775,0.9640081,0.3106879
57.16000124812126,71.96375,0.9640081,0.3119087
57.169999569654465,71.95176,0.96407545,0.3119087
57.18000170588493,71.931755,0.96407545,0.31312945
57.19000002741814,71.92776,0.9641428,0.31435025
57.19999834895134,71.919754,0.9642102,0.31435025
57.21000048518181,71.88776,0.9642102,0.315571
57.21999880671501,71.87976,0.96427757,0.3167918
57.23000094294548,71.85175,0.96441233,0.3167918
57.23999926447868,71.85175,0.96454704,0.3167918
57.25000140070915,71.87976,0.9646818,0.31801257
57.259999722242355,71.88776,0.9648166,0.31801257
57.270001858472824,71.85575,0.965086,0.3167918
57.28000018000603,71.891754,0.9654902,0.315571
57.28999850153923,71.947754,0.96602917,0.3119087
57.3000006377697,72.043755,0.96683764,0.30824634
57.3099989593029,72.12376,0.9677135,0.30336323
57.32000109553337,72.27175,0.968724,0.29848012
57.329999417066574,72.37175,0.96966726,0.29237625
57.34000155329704,72.40775,0.97027355,0.2887139
57.349999874830246,72.38776,0.9704083,0.2887139
57.35999819636345,72.37975,0.9704083,0.29115546
57.37000033259392,72.32775,0.9704083,0.29115546
57.37999865412712,72.29175,0.9704083,0.29237625
57.39000079035759,72.23975,0.9704083,0.293597
57.39999911189079,72.17175,0.9704083,0.2948178
57.41000124812126,72.11975,0.9704083,0.29603857
57.419999569654465,72.11575,0.9704083,0.29725936
57.43000170588493,72.09176,0.9704083,0.29848012
57.44000002741814,72.027756,0.9704083,0.29970092
57.44999834895134,71.98376,0.9704083,0.30092168
57.46000048518181,71.96375,0.9704757,0.30092168
57.46999880671501,71.919754,0.9704757,0.30214247
57.48000094294548,71.89976,0.9704757,0.30336323
57.48999926447868,71.87976,0.9704757,0.30458403
57.50000140070915,71.85175,0.9704757,0.3058048
57.509999722242355,71.79976,0.9704757,0.30702558
57.520001858472824,71.76775,0.9704757,0.30824634
57.53000018000603,71.77176,0.9704757,0.30946714
57.53999850153923,71.711754,0.9704757,0.3106879
57.5500006377697,71.68775,0.9704757,0.3119087
57.5599989593029,71.683754,0.9704757,0.31312945
57.57000109553337,71.64776,0.9704757,0.31435025
57.579999417066574,71.611755,0.9704757,0.315571
57.59000155329704,71.61575,0.970543,0.315571
57.599999874830246,71.59176,0.970543,0.3167918
57.60999819636345,71.54776,0.970543,0.31801257
57.62000033259392,71.53175,0.970543,0.31923336
57.62999865412712,71.52376,0.97061044,0.32045412
57.64000079035759,71.487755,0.97061044,0.3216749
57.64999911189079,71.48376,0.97061044,0.3216749
57.66000124812126,71.48376,0.9706778,0.32289568
57.669999569654465,71.46375,0.9706778,0.32411647
57.68000170588493,71.42375,0.9706778,0.32533723
57.69000002741814,71.42375,0.9706778,0.32655802
57.69999834895134,71.41176,0.9707452,0.3277788
57.71000048518181,71.36776,0.9708125,0.3277788
57.71999880671501,71.35576,0.97087985,0.32899958
57.73000094294548,71.38776,0.97094727,0.32899958
57.73999926447868,71.363754,0.97108203,0.33022034
57.75000140070915,71.36776,0.97128415,0.32899958
57.759999722242355,71.39976,0.9716884,0.3277788
57.770001858472824,71.471756,0.97222733,0.32533723
57.78000018000603,71.53976,0.97290105,0.3216749
57.78999850153923,71.60776,0.97370946,0.3167918
57.8000006377697,71.73975,0.9745853,0.3119087
57.8099989593029,71.79575,0.9754611,0.30824634
57.82000109553337,71.86775,0.9760001,0.30458403
57.829999417066574,71.88376,0.97613484,0.30458403
57.84000155329704,71.84376,0.97613484,0.3058048
57.849999874830246,71.79976,0.97620213,0.30702558
57.85999819636345,71.78775,0.97626954,0.30702558
57.87000033259392,71.763756,0.97633696,0.30824634
57.87999865412712,71.69176,0.97640425,0.30824634
57.89000079035759,71.667755,0.97647166,0.30946714
57.89999911189079,71.67175,0.97647166,0.3106879
57.91000124812126,71.63176,0.9765391,0.3119087
57.919999569654465,71.599754,0.9766065,0.3119087
57.93000170588493,71.57575,0.9766737,0.31312945
57.94000002741814,71.543755,0.97674114,0.31312945
57.94999834895134,71.51176,0.97674114,0.31435025
57.96000048518181,71.487755,0.97680855,0.315571
57.96999880671501,71.47976,0.97687584,0.3167918
57.98000094294548,71.44776,0.97694325,0.3167918
57.98999926447868,71.43976,0.9770781,0.3167918
58.00000140070915,71.42776,0.9771454,0.31801257
58.009999722242355,71.40776,0.97728014,0.31801257
58.020001858472824,71.38376,0.97734743,0.31801257
58.03000018000603,71.41176,0.97748226,0.31801257
58.03999850153923,71.38376,0.97761697,0.31923336
58.0500006377697,71.347755,0.97788644,0.31801257
58.0599989593029,71.347755,0.978156,0.31801257
58.07000109553337,71.42776,0.97849286,0.3167918
58.079999417066574,71.46375,0.97903174,0.31435025
58.09000155329704,71.49576,0.97963816,0.3106879
58.099999874830246,71.543755,0.98024446,0.30824634
58.10999819636345,71.55976,0.98071605,0.3058048
58.12000033259392,71.59576,0.98105294,0.30458403
58.12999865412712,71.61575,0.9813897,0.30336323
58.14000079035759,71.599754,0.9815244,0.30336323
58.14999911189079,71.55976,0.98165923,0.30336323
58.16000124812126,71.54776,0.98186135,0.30336323
58.169999569654465,71.53976,0.981996,0.30336323
58.18000170588493,71.46776,0.981996,0.30458403
58.19000002741814,71.431755,0.981996,0.3058048
58.19999834895134,71.43575,0.981996,0.30702558
58.21000048518181,71.37976,0.981996,0.30824634
58.21999880671501,71.29976,0.981996,0.30946714
58.23000094294548,71.291756,0.981996,0.3106879
58.23999926447868,71.27176,0.981996,0.3119087
58.25000140070915,71.22776,0.9820634,0.31312945
58.259999722242355,71.19976,0.9820634,0.31312945
58.270001858472824,71.17576,0.9820634,0.31435025
58.28000018000603,71.14776,0.9820634,0.315571
58.28999850153923,71.10776,0.9820634,0.3167918
58.3000006377697,71.099754,0.9820634,0.31801257
58.3099989593029,71.05976,0.9820634,0.31923336
58.32000109553337,71.03576,0.9821308,0.32045412
58.329999417066574,71.03576,0.9821308,0.3216749
58.34000155329704,71.03175,0.98219824,0.3216749
58.349999874830246,70.959755,0.98233294,0.3216749
58.35999819636345,70.95576,0.98240036,0.32289568
58.37000033259392,70.96776,0.98240036,0.32411647
58.37999865412712,70.96776,0.9824676,0.32411647
58.39000079035759,70.91176,0.982535,0.32533723
58.39999911189079,70.90776,0.9826024,0.32655802
58.41000124812126,70.92776,0.98266983,0.32655802
58.419999569654465,70.86776,0.9827371,0.3277788
58.43000170588493,70.87576,0.98280454,0.3277788
58.44000002741814,70.891754,0.98293924,0.3277788
58.44999834895134,70.87976,0.983074,0.3277788
58.46000048518181,70.87576,0.9832761,0.3277788
58.46999880671501,70.89576,0.98341084,0.3277788
58.48000094294548,70.86776,0.9835456,0.32899958
58.48999926447868,70.88376,0.9837477,0.3277788
58.50000140070915,70.931755,0.9840845,0.3277788
58.509999722242355,70.959755,0.98448884,0.32533723
58.520001858472824,70.94376,0.98496044,0.32411647
58.53000018000603,71.01176,0.985432,0.3216749
58.53999850153923,71.06376,0.9858362,0.32045412
58.5500006377697,71.09176,0.9863078,0.31801257
58.5599989593029,71.07576,0.986712,0.3167918
58.57000109553337,71.11976,0.9871162,0.31435025
58.579999417066574,71.16376,0.9876552,0.3119087
58.59000155329704,71.183754,0.9881942,0.30946714
58.599999874830246,71.23176,0.9887331,0.3058048
58.60999819636345,71.27176,0.9892047,0.30458403
58.62000033259392,71.27576,0.9895416,0.30336323
58.62999865412712,71.24376,0.9898785,0.30214247
58.64000079035759,71.25976,0.9900806,0.30214247
58.64999911189079,71.25576,0.99041736,0.30092168
58.66000124812126,71.24776,0.9907543,0.29970092
58.669999569654465,71.25976,0.9911585,0.29848012
58.68000170588493,71.263756,0.9916301,0.29603857
58.69000002741814,71.26776,0.9921691,0.293597
58.69999834895134,71.307755,0.99270797,0.29115546
58.71000048518181,71.347755,0.99317956,0.2887139
58.71999880671501,71.31176,0.99358386,0.28627235
58.73000094294548,71.29576,0.9939207,0.28627235
58.73999926447868,71.30376,0.99412274,0.28505158
58.75000140070915,71.26776,0.99425757,0.28505158
58.759999722242355,71.16376,0.99425757,0.28627235
58.770001858472824,71.13176,0.99432486,0.28749314
58.78000018000603,71.10776,0.9943923,0.2887139
58.78999850153923,71.04376,0.9943923,0.2887139
58.8000006377697,70.99576,0.9943923,0.29115546
58.8099989593029,70.971756,0.9943923,0.29115546
58.82000109553337,70.91176,0.9943923,0.29237625
58.829999417066574,70.87176,0.9943923,0.293597
58.84000155329704,70.84376,0.9943923,0.2948178
58.849999874830246,70.79176,0.9943923,0.29603857
58.85999819636345,70.75976,0.9943923,0.29725936
58.87000033259392,70.75576,0.9943923,0.29848012
58.87999865412712,70.691765,0.9943923,0.29970092
58.89000079035759,70.651764,0.9943923,0.30092168
58.89999911189079,70.62376,0.9943923,0.30214247
58.91000124812126,70.63176,0.9943923,0.30336323
58.919999569654465,70.579765,0.9943923,0.30458403
58.93000170588493,70.53176,0.9943923,0.3058048
58.94000002741814,70.51576,0.9943923,0.3058048
58.94999834895134,70.539764,0.9943923,0.30824634
58.96000048518181,70.47976,0.9943923,0.30824634
58.96999880671501,70.45176,0.9943923,0.3106879
58.98000094294548,70.41976,0.9943923,0.3106879
58.98999926447868,70.40376,0.9943923,0.3119087
59.00000140070915,70.39176,0.9943923,0.31312945
59.009999722242355,70.36376,0.9943923,0.31435025
59.020001858472824,70.35176,0.9943923,0.315571
59.03000018000603,70.31976,0.9943923,0.3167918
59.03999850153923,70.30376,0.9943923,0.31801257
59.0500006377697,70.27976,0.9943923,0.31923336
59.0599989593029,70.24376,0.9943923,0.32045412
59.07000109553337,70.23976,0.9943923,0.3216749
59.079999417066574,70.247765,0.9943923,0.32289568
59.09000155329704,70.20376,0.9943923,0.32411647
59.099999874830246,70.17176,0.9943923,0.32533723
59.10999819636345,70.18376,0.9943923,0.32655802
59.12000033259392,70.19576,0.9943923,0.3277788
59.12999865412712,70.15576,0.9943923,0.3277788
59.14000079035759,70.12376,0.9943923,0.33022034
59.14999911189079,70.13176,0.9944597,0.33022034
59.16000124812126,70.107765,0.9944597,0.33144113
59.169999569654465,70.10376,0.9944597,0.3326619
59.18000170588493,70.07176,0.9944597,0.3338827
59.19000002741814,70.05176,0.9944597,0.33510345
59.19999834895134,70.04776,0.9944597,0.33632424
59.21000048518181,70.039764,0.9944597,0.337545
59.21999880671501,70.04376,0.9944597,0.3387658
59.23000094294548,69.99976,0.9944597,0.33998656
59.23999926447868,69.99976,0.9945271,0.33998656
59.25000140070915,70.02376,0.9945944,0.34120736
59.259999722242355,69.99976,0.99466175,0.34120736
59.270001858472824,69.98776,0.99486387,0.34120736
59.28000018000603,70.02776,0.9949987,0.34242812
59.28999850153923,70.039764,0.995066,0.34242812
59.3000006377697,70.00776,0.99526805,0.34242812
59.3099989593029,69.99976,0.9954703,0.34120736
59.32000109553337,70.055756,0.99573964,0.34120736
59.329999417066574,70.09176,0.9960092,0.33998656
59.34000155329704,70.13576,0.99641335,0.3387658
59.349999874830246,70.147766,0.99681765,0.337545
59.35999819636345,70.17976,0.99728924,0.33510345
59.37000033259392,70.235756,0.99789554,0.33144113
59.37999865412712,70.34376,0.99863666,0.3277788
59.39000079035759,70.42376,0.999445,0.32411647
59.39999911189079,70.47576,1.0002536,0.31923336
59.41000124812126,70.55976,1.0010619,0.315571
59.419999569654465,70.63576,1.001601,0.3119087
59.43000170588493,70.60776,1.0020051,0.3106879
59.44000002741814,70.599754,1.0020726,0.3106879
59.44999834895134,70.57576,1.0020726,0.3119087
59.46000048518181,70.57176,1.0020726,0.31312945
59.46999880671501,70.49976,1.0021399,0.31435025
59.48000094294548,70.45176,1.0022074,0.31435025
59.48999926447868,70.45176,1.0022074,0.3167918
59.50000140070915,70.43976,1.0022746,0.3167918
59.509999722242355,70.399765,1.0022746,0.31801257
59.520001858472824,70.359764,1.0022746,0.31923336
59.53000018000603,70.30376,1.0022746,0.32045412
59.53999850153923,70.27976,1.002342,0.32045412
59.5500006377697,70.27576,1.002342,0.3216749
59.5599989593029,70.24376,1.002342,0.32289568
59.57000109553337,70.20376,1.0024095,0.32411647
59.579999417066574,70.20776,1.0024095,0.32533723
59.59000155329704,70.19576,1.0024095,0.32655802
59.599999874830246,70.13576,1.0024767,0.32655802
59.60999819636345,70.10376,1.0026115,0.32655802
59.62000033259392,70.151764,1.0027462,0.3277788
59.62999865412712,70.17176,1.002881,0.3277788
59.64000079035759,70.11976,1.0030158,0.3277788
59.64999911189079,70.10376,1.0032178,0.3277788
59.66000124812126,70.12376,1.0034873,0.32655802
59.669999569654465,70.16776,1.0038242,0.32655802
59.68000170588493,70.18376,1.0040936,0.32533723
59.69000002741814,70.18776,1.0044305,0.32411647
59.69999834895134,70.21176,1.0047674,0.3216749
59.71000048518181,70.22776,1.0051042,0.3216749
59.71999880671501,70.27176,1.0053737,0.32045412
59.73000094294548,70.23176,1.0056432,0.32045412
59.73999926447868,70.22776,1.0059128,0.31923336
59.75000140070915,70.27576,1.0063169,0.31801257
59.759999722242355,70.31176,1.0067211,0.3167918
59.770001858472824,70.27176,1.0069907,0.315571
59.78000018000603,70.26376,1.0072601,0.31435025
59.78999850153923,70.29576,1.0073276,0.315571
59.8000006377697,70.27576,1.0073948,0.315571
59.8099989593029,70.19576,1.0073948,0.3167918
59.82000109553337,70.17176,1.0074623,0.31801257
59.829999417066574,70.191765,1.0074623,0.31923336
59.84000155329704,70.14376,1.0075296,0.31923336
59.849999874830246,70.12776,1.007597,0.32045412
59.85999819636345,70.08776,1.0077317,0.32045412
59.87000033259392,70.09176,1.0077991,0.3216749
59.87999865412712,70.079765,1.0079339,0.3216749
59.89000079035759,70.067764,1.0080012,0.3216749
59.89999911189079,70.03577,1.0080012,0.32289568
59.91000124812126,69.995766,1.0080686,0.32411647
59.919999569654465,70.00376,1.0081359,0.32411647
59.93000170588493,69.98376,1.0082033,0.32533723
59.94000002741814,69.95176,1.008338,0.32533723
59.94999834895134,69.94776,1.0084054,0.32655802
59.96000048518181,69.967766,1.0085402,0.32655802
59.96999880671501,69.93976,1.0086075,0.32655802
59.98000094294548,69.91176,1.0087422,0.3277788
59.98999926447868,69.91176,1.0088096,0.3277788
60.00000140070915,69.93576,1.0089444,0.3277788
60.009999722242355,69.90376,1.0091466,0.3277788
60.020001858472824,69.89577,1.0093486,0.3277788
60.03000018000603,69.91976,1.0096182,0.32655802
60.03999850153923,69.92376,1.0099549,0.32655802
60.0500006377697,69.96376,1.0103592,0.32411647
60.0599989593029,69.97176,1.0107634,0.32289568
60.07000109553337,70.00776,1.0111676,0.32045412
60.079999417066574,70.01976,1.0116392,0.31923336
60.09000155329704,70.07576,1.0121782,0.3167918
60.099999874830246,70.09176,1.0127171,0.31312945
60.10999819636345,70.08776,1.013054,0.3119087
60.12000033259392,70.09576,1.0132561,0.3119087
60.12999865412712,70.10376,1.0132561,0.31312945
60.14000079035759,70.03176,1.0132561,0.31435025
60.14999911189079,69.95976,1.0132561,0.315571
60.16000124812126,69.955765,1.0132561,0.3167918
60.169999569654465,69.93976,1.0132561,0.31801257
60.18000170588493,69.87576,1.0132561,0.31923336
60.19000002741814,69.85577,1.0132561,0.32045412
60.19999834895134,69.85176,1.0132561,0.3216749
60.21000048518181,69.80376,1.0132561,0.32289568
60.21999880671501,69.76776,1.0132561,0.32411647
60.23000094294548,69.747765,1.0132561,0.32533723
60.23999926447868,69.72776,1.0132561,0.32655802
60.25000140070915,69.67976,1.0132561,0.3277788
60.259999722242355,69.675766,1.0132561,0.3277788
60.270001858472824,69.663765,1.0132561,0.32899958
60.28000018000603,69.61576,1.0132561,0.33022034
60.28999850153923,69.58776,1.0132561,0.33144113
60.3000006377697,69.60377,1.0132561,0.3326619
60.3099989593029,69.55976,1.0132561,0.3338827
60.32000109553337,69.51976,1.0132561,0.33510345
60.329999417066574,69.523766,1.0132561,0.33632424
60.34000155329704,69.49976,1.0132561,0.337545
60.349999874830246,69.47976,1.0133235,0.337545
60.35999819636345,69.46377,1.0133908,0.3387658
60.37000033259392,69.45976,1.0134583,0.33998656
60.37999865412712,69.43576,1.013593,0.33998656
60.39000079035759,69.45177,1.0136603,0.33998656
60.39999911189079,69.44776,1.0137277,0.34120736
60.41000124812126,69.42377,1.0137277,0.34242812
60.419999569654465,69.39177,1.0137951,0.3436489
60.43000170588493,69.40776,1.0137951,0.3436489
60.44000002741814,69.39577,1.0138624,0.34486967
60.44999834895134,69.36776,1.0139972,0.34486967
60.46000048518181,69.37976,1.0140646,0.34609047
60.46999880671501,69.37976,1.0141319,0.34609047
60.48000094294548,69.36376,1.0141993,0.34731123
60.48999926447868,69.33576,1.0142667,0.34731123
60.50000140070915,69.35577,1.0144014,0.34731123
60.509999722242355,69.35577,1.0145361,0.34853202
60.520001858472824,69.34776,1.0146035,0.34853202
60.53000018000603,69.35577,1.0147383,0.34975278
60.53999850153923,69.35577,1.0149404,0.34853202
60.5500006377697,69.33976,1.0152099,0.34853202
60.5599989593029,69.359764,1.0154794,0.34731123
60.57000109553337,69.44776,1.0158836,0.34609047
60.579999417066574,69.46377,1.0163552,0.3436489
60.59000155329704,69.49177,1.0169615,0.34120736
60.599999874830246,69.57577,1.0177026,0.337545
60.60999819636345,69.64377,1.0184437,0.3326619
60.62000033259392,69.69976,1.0193194,0.3277788
60.62999865412712,69.759766,1.0200605,0.32411647
60.64000079035759,69.80376,1.0203973,0.32289568
60.64999911189079,69.75576,1.0204648,0.32411647
60.66000124812126,69.69576,1.0204648,0.32411647
60.669999569654465,69.66776,1.0204648,0.32533723
60.68000170588493,69.63176,1.0204648,0.32655802
60.69000002741814,69.58776,1.0205321,0.3277788
60.69999834895134,69.56377,1.0205995,0.3277788
60.71000048518181,69.51976,1.0206668,0.32899958
60.71999880671501,69.483765,1.0206668,0.33022034
60.73000094294548,69.45976,1.0207343,0.33022034
60.73999926447868,69.483765,1.020869,0.33144113
60.75000140070915,69.415764,1.0209364,0.33144113
60.759999722242355,69.37576,1.0210037,0.3326619
60.770001858472824,69.399765,1.0211384,0.3326619
60.78000018000603,69.371765,1.0212059,0.3338827
60.78999850153923,69.35577,1.0213406,0.3338827
60.8000006377697,69.34776,1.0215427,0.3338827
60.8099989593029,69.35577,1.0217448,0.3326619
60.82000109553337,69.35577,1.0221491,0.33144113
60.829999417066574,69.39577,1.0228227,0.3277788
60.84000155329704,69.47576,1.0237659,0.32289568
60.849999874830246,69.58776,1.0251133,0.31435025
60.85999819636345,69.69176,1.0266628,0.30458403
60.87000033259392,69.81176,1.0278755,0.29848012
60.87999865412712,69.83576,1.028684,0.293597
60.89000079035759,69.79176,1.0293577,0.2899347
60.89999911189079,69.79576,1.0300988,0.28627235
60.91000124812126,69.787766,1.0309746,0.28138924
60.919999569654465,69.75576,1.0319853,0.27528536
60.93000170588493,69.69576,1.032861,0.27040225
60.94000002741814,69.63976,1.0332652,0.2679607
60.94999834895134,69.51576,1.0332652,0.26918146
60.96000048518181,69.383766,1.0332652,0.27040225
60.96999880671501,69.29176,1.0332652,0.27162302
60.98000094294548,69.18776,1.0332652,0.2728438
60.98999926447868,69.09177,1.0332652,0.27406457
61.00000140070915,69.011765,1.0332652,0.27528536
61.009999722242355,68.96377,1.0332652,0.27650613
61.020001858472824,68.899765,1.0332652,0.27772692
61.03000018000603,68.83977,1.0332652,0.27894768
61.03999850153923,68.79576,1.0332652,0.28016847
61.0500006377697,68.731766,1.0332652,0.28138924
61.0599989593029,68.647766,1.0332652,0.28261003
61.07000109553337,68.635765,1.0332652,0.28261003
61.079999417066574,68.62777,1.0332652,0.28505158
61.09000155329704,68.58777,1.0332652,0.28505158
61.099999874830246,68.539764,1.0332652,0.28627235
61.10999819636345,68.495766,1.0332652,0.28749314
61.12000033259392,68.44376,1.0332652,0.2887139
61.12999865412712,68.43176,1.0332652,0.2899347
61.14000079035759,68.41577,1.0332652,0.29115546
61.14999911189079,68.411766,1.0332652,0.29237625
61.16000124812126,68.35577,1.0332652,0.293597
61.169999569654465,68.32377,1.0332652,0.2948178
61.18000170588493,68.30377,1.0332652,0.29603857
61.19000002741814,68.259766,1.0332652,0.29725936
61.19999834895134,68.26777,1.0332652,0.29848012
61.21000048518181,68.27577,1.0332652,0.29970092
61.21999880671501,68.22777,1.0332652,0.30092168
61.23000094294548,68.16377,1.0332652,0.30214247
61.23999926447868,68.16777,1.0332652,0.30214247
61.25000140070915,68.18777,1.0332652,0.30458403
61.259999722242355,68.13177,1.0332652,0.30458403
61.270001858472824,68.11177,1.0332652,0.3058048
61.28000018000603,68.11577,1.0333326,0.30702558
61.28999850153923,68.11577,1.0333326,0.30824634
61.3000006377697,68.067764,1.0333326,0.30946714
61.3099989593029,68.06377,1.0333326,0.3106879
61.32000109553337,68.06377,1.0333326,0.3119087
61.329999417066574,68.04377,1.0333326,0.31312945
61.34000155329704,68.02777,1.0333326,0.31435025
61.349999874830246,68.01977,1.0333326,0.315571
61.35999819636345,67.97977,1.0333326,0.3167918
61.37000033259392,67.99177,1.0333326,0.31801257
61.37999865412712,68.00377,1.0333326,0.31801257
61.39000079035759,67.95177,1.0333326,0.32045412
61.39999911189079,67.92377,1.0333326,0.32045412
61.41000124812126,67.95177,1.0333326,0.3216749
61.419999569654465,67.95977,1.0333326,0.32289568
61.43000170588493,67.90777,1.0333326,0.32411647
61.44000002741814,67.89577,1.0333326,0.32533723
61.44999834895134,67.90777,1.0333326,0.32655802
61.46000048518181,67.89577,1.0333999,0.3277788
61.46999880671501,67.87177,1.0333999,0.3277788
61.48000094294548,67.87577,1.0334673,0.32899958
61.48999926447868,67.89577,1.0335348,0.33022034
61.50000140070915,67.89577,1.0336694,0.33022034
61.509999722242355,67.887764,1.0338715,0.33022034
61.520001858472824,67.90377,1.0340737,0.33022034
61.53000018000603,67.899765,1.0342758,0.32899958
61.53999850153923,67.94777,1.0346127,0.32899958
61.5500006377697,67.995766,1.0349495,0.32655802
61.5599989593029,68.00777,1.0355558,0.32411647
61.57000109553337,68.05177,1.0362968,0.32045412
61.579999417066574,68.175766,1.0373747,0.31435025
61.59000155329704,68.27177,1.0385201,0.30702558
61.599999874830246,68.33977,1.0393286,0.30336323
61.60999819636345,68.35177,1.0395306,0.30214247
61.62000033259392,68.36377,1.0395306,0.30336323
61.62999865412712,68.31177,1.0395306,0.30458403
61.64000079035759,68.23977,1.0395306,0.3058048
61.64999911189079,68.22377,1.0395306,0.30702558
61.66000124812126,68.219765,1.0395306,0.30824634
61.669999569654465,68.18377,1.0395306,0.30946714
61.68000170588493,68.12777,1.0395306,0.3106879
61.69000002741814,68.11577,1.0395306,0.3119087
61.69999834895134,68.10377,1.0395306,0.3119087
61.71000048518181,68.08377,1.0395306,0.31435025
61.71999880671501,68.06377,1.0395306,0.31435025
61.73000094294548,68.02777,1.0395306,0.3167918
61.73999926447868,68.01577,1.0395306,0.3167918
61.75000140070915,68.023766,1.0395306,0.31801257
61.759999722242355,67.99976,1.0395306,0.31923336
61.770001858472824,67.95177,1.0395306,0.32045412
61.78000018000603,67.93177,1.0395306,0.3216749
61.78999850153923,67.95977,1.0395306,0.32289568
61.8000006377697,67.91977,1.0395981,0.32411647
61.8099989593029,67.883766,1.0395981,0.32411647
61.82000109553337,67.90777,1.0395981,0.32655802
61.829999417066574,67.89177,1.0396655,0.32655802
61.84000155329704,67.85577,1.0396655,0.3277788
61.849999874830246,67.85577,1.0396655,0.32899958
61.85999819636345,67.87177,1.0397328,0.33022034
61.87000033259392,67.85177,1.0398002,0.33022034
61.87999865412712,67.84777,1.0398676,0.33144113
61.89000079035759,67.83577,1.0399349,0.33144113
61.89999911189079,67.83177,1.0400697,0.3326619
61.91000124812126,67.815765,1.0402044,0.33144113
61.919999569654465,67.85577,1.0404739,0.33144113
61.93000170588493,67.887764,1.040878,0.33022034
61.94000002741814,67.90377,1.0414845,0.3277788
61.94999834895134,67.99177,1.0422256,0.32289568
61.96000048518181,68.07577,1.0431687,0.31801257
61.96999880671501,68.13177,1.0442467,0.3119087
61.98000094294548,68.18777,1.045055,0.30702558
61.98999926447868,68.24377,1.0453919,0.3058048
62.00000140070915,68.203766,1.0453919,0.3058048
62.009999722242355,68.147766,1.0453919,0.30824634
62.020001858472824,68.11577,1.0453919,0.30824634
62.03000018000603,68.091774,1.0453919,0.3106879
62.03999850153923,68.04377,1.0453919,0.3106879
62.0500006377697,68.01577,1.0454594,0.3119087
62.0599989593029,67.99177,1.0454594,0.31312945
62.07000109553337,67.95977,1.0454594,0.31435025
62.079999417066574,67.93177,1.0454594,0.315571
62.09000155329704,67.91977,1.0454594,0.3167918
62.099999874830246,67.899765,1.0455266,0.3167918
62.10999819636345,67.86377,1.0455266,0.31801257
62.12000033259392,67.87577,1.0455266,0.31923336
62.12999865412712,67.85177,1.0455266,0.32045412
62.14000079035759,67.80777,1.0455941,0.3216749
62.14999911189079,67.77977,1.0455941,0.32289568
62.16000124812126,67.79577,1.0456614,0.32289568
62.169999569654465,67.77977,1.0456614,0.32411647
62.18000170588493,67.747765,1.0456614,0.32533723
62.19000002741814,67.73977,1.0457288,0.32655802
62.19999834895134,67.75177,1.0457962,0.32655802
62.21000048518181,67.72777,1.045931,0.32655802
62.21999880671501,67.72777,1.0460657,0.3277788
62.23000094294548,67.71977,1.0462004,0.3277788
62.23999926447868,67.71977,1.0464698,0.32655802
62.25000140070915,67.73577,1.0467393,0.32655802
62.259999722242355,67.77177,1.0470762,0.32533723
62.270001858472824,67.77977,1.047413,0.32411647
62.28000018000603,67.799774,1.0480194,0.3216749
62.28999850153923,67.86377,1.0486257,0.31801257
62.3000006377697,67.91177,1.0493668,0.31435025
62.3099989593029,67.93177,1.0501752,0.30946714
62.32000109553337,67.97577,1.0509163,0.3058048
62.329999417066574,67.99177,1.0512532,0.30458403
62.34000155329704,67.955765,1.0512532,0.3058048
62.349999874830246,67.883766,1.0512532,0.3058048
62.35999819636345,67.86377,1.0512532,0.30824634
62.37000033259392,67.85177,1.0512532,0.30824634
62.37999865412712,67.80777,1.0512532,0.30946714
62.39000079035759,67.77177,1.0512532,0.3106879
62.39999911189079,67.72777,1.0512532,0.3119087
62.41000124812126,67.66777,1.0512532,0.31312945
62.419999569654465,67.68377,1.0512532,0.31435025
62.43000170588493,67.66777,1.0512532,0.315571
62.44000002741814,67.60377,1.0512532,0.3167918
62.44999834895134,67.58377,1.0512532,0.31801257
62.46000048518181,67.57977,1.0512532,0.31923336
62.46999880671501,67.56777,1.0513206,0.32045412
62.48000094294548,67.51177,1.0513206,0.32045412
62.48999926447868,67.49977,1.0513206,0.3216749
62.50000140070915,67.523766,1.0513206,0.32289568
62.509999722242355,67.47177,1.0513206,0.32411647
62.520001858472824,67.43177,1.0513879,0.32533723
62.53000018000603,67.45177,1.0513879,0.32655802
62.53999850153923,67.455765,1.0514554,0.32655802
62.5500006377697,67.42377,1.0514554,0.3277788
62.5599989593029,67.41177,1.0514554,0.32899958
62.57000109553337,67.39577,1.0515227,0.33022034
62.579999417066574,67.383766,1.0515227,0.33144113
62.59000155329704,67.39577,1.0515227,0.33144113
62.599999874830246,67.383766,1.0515901,0.3326619
62.60999819636345,67.327774,1.0516574,0.3338827
62.62000033259392,67.33177,1.0517248,0.3338827
62.62999865412712,67.34777,1.0517248,0.33510345
62.64000079035759,67.33177,1.0517921,0.33632424
62.64999911189079,67.31177,1.0517921,0.337545
62.66000124812126,67.31177,1.0518595,0.337545
62.669999569654465,67.33577,1.051927,0.3387658
62.68000170588493,67.29578,1.0520617,0.3387658
62.69000002741814,67.26777,1.052129,0.33998656
62.69999834895134,67.27577,1.0521964,0.33998656
62.71000048518181,67.29177,1.0522637,0.34120736
62.71999880671501,67.299774,1.0523986,0.34120736
62.73000094294548,67.29177,1.0525333,0.34120736
62.73999926447868,67.28777,1.0528027,0.34120736
62.75000140070915,67.30377,1.0532069,0.33998656
62.759999722242355,67.37177,1.0537459,0.33632424
62.770001858472824,67.41577,1.0544196,0.3338827
62.78000018000603,67.46377,1.0552281,0.32899958
62.78999850153923,67.53977,1.0561713,0.32411647
62.8000006377697,67.64377,1.0573167,0.3167918
62.8099989593029,67.647766,1.0583271,0.3106879
62.82000109553337,67.67177,1.0591356,0.3058048
62.829999417066574,67.71577,1.0598767,0.30214247
62.84000155329704,67.75977,1.0606177,0.29848012
62.849999874830246,67.72777,1.0614262,0.293597
62.85999819636345,67.69577,1.0621673,0.2899347
62.87000033259392,67.72377,1.0628409,0.28627235
62.87999865412712,67.69977,1.06338,0.2838308
62.89000079035759,67.65577,1.0636494,0.28261003
62.89999911189079,67.60377,1.0637842,0.28261003
62.91000124812126,67.53177,1.0637842,0.28505158
62.919999569654465,67.46377,1.0637842,0.28505158
62.93000170588493,67.42777,1.0637842,0.28627235
62.94000002741814,67.37577,1.0637842,0.28749314
62.94999834895134,67.327774,1.0637842,0.2887139
62.96000048518181,67.27577,1.0637842,0.2899347
62.96999880671501,67.26377,1.0637842,0.29115546
62.98000094294548,67.19977,1.0637842,0.29237625
62.98999926447868,67.15177,1.0638516,0.29237625
63.00000140070915,67.16777,1.0638516,0.2948178
63.009999722242355,67.13577,1.0638516,0.2948178
63.020001858472824,67.06777,1.0638516,0.29603857
63.03000018000603,67.03977,1.0638516,0.29725936
63.03999850153923,67.05977,1.0638516,0.29848012
63.0500006377697,67.02777,1.0638516,0.29970092
63.0599989593029,66.99177,1.0638516,0.30092168
63.07000109553337,66.979774,1.0638516,0.30214247
63.079999417066574,66.94377,1.0638516,0.30336323
63.09000155329704,66.91977,1.0638516,0.30458403
63.099999874830246,66.91977,1.0638516,0.3058048
63.10999819636345,66.88777,1.0639188,0.3058048
63.12000033259392,66.87577,1.0639188,0.30824634
63.12999865412712,66.86378,1.0639188,0.30824634
63.14000079035759,66.867775,1.0639188,0.30946714
63.14999911189079,66.83577,1.0639188,0.3106879
63.16000124812126,66.80777,1.0639188,0.3119087
63.169999569654465,66.811775,1.0639863,0.31312945
63.18000170588493,66.799774,1.0640537,0.31312945
63.19000002741814,66.76377,1.064121,0.31435025
63.19999834895134,66.76777,1.064121,0.315571
63.21000048518181,66.78777,1.0641884,0.3167918
63.21999880671501,66.755775,1.0642558,0.3167918
63.23000094294548,66.755775,1.0643232,0.31801257
63.23999926447868,66.73177,1.0643904,0.31801257
63.25000140070915,66.71977,1.0644579,0.31923336
63.259999722242355,66.69977,1.0644579,0.32045412
63.270001858472824,66.715775,1.0645252,0.32045412
63.28000018000603,66.715775,1.0645926,0.3216749
63.28999850153923,66.70377,1.0647274,0.3216749
63.3000006377697,66.70377,1.0649295,0.3216749
63.3099989593029,66.71178,1.0651315,0.3216749
63.32000109553337,66.71178,1.0654684,0.32045412
63.329999417066574,66.73577,1.0658727,0.31801257
63.34000155329704,66.78777,1.066479,0.315571
63.349999874830246,66.83577,1.0672201,0.3106879
63.35999819636345,66.85977,1.0680286,0.30702558
63.37000033259392,66.91577,1.0687696,0.30336323
63.37999865412712,66.91577,1.0694433,0.29970092
63.39000079035759,66.935776,1.0699823,0.29603857
63.39999911189079,66.91577,1.0701844,0.29603857
63.41000124812126,66.895775,1.0701844,0.29725936
63.419999569654465,66.827774,1.0702517,0.29848012
63.43000170588493,66.78777,1.0703192,0.29848012
63.44000002741814,66.81577,1.0703192,0.30092168
63.44999834895134,66.77977,1.0703192,0.30092168
63.46000048518181,66.71977,1.0703192,0.30214247
63.46999880671501,66.69577,1.0703192,0.30336323
63.48000094294548,66.67577,1.0703192,0.30458403
63.48999926447868,66.65577,1.0703192,0.3058048
63.50000140070915,66.63977,1.0703192,0.30702558
63.509999722242355,66.619774,1.0703192,0.30824634
63.520001858472824,66.61178,1.0703192,0.30946714
63.53000018000603,66.547775,1.0703192,0.3106879
63.53999850153923,66.54378,1.0703864,0.3106879
63.5500006377697,66.535774,1.0703864,0.3119087
63.5599989593029,66.507774,1.0703864,0.31312945
63.57000109553337,66.51577,1.0704539,0.31435025
63.579999417066574,66.50378,1.0705212,0.31435025
63.59000155329704,66.49577,1.0705887,0.315571
63.599999874830246,66.45978,1.070656,0.3167918
63.60999819636345,66.47177,1.0707233,0.3167918
63.62000033259392,66.46777,1.0707908,0.31801257
63.62999865412712,66.44777,1.0709255,0.31801257
63.64000079035759,66.451775,1.0709928,0.31801257
63.64999911189079,66.45978,1.0711275,0.31923336
63.66000124812126,66.423775,1.0712624,0.31923336
63.669999569654465,66.44377,1.0713971,0.31923336
63.68000170588493,66.43977,1.0715319,0.31923336
63.69000002741814,66.45577,1.0718012,0.31923336
63.69999834895134,66.45577,1.0721382,0.31801257
63.71000048518181,66.48377,1.0726098,0.3167918
63.71999880671501,66.52377,1.0730814,0.31435025
63.73000094294548,66.519775,1.073553,0.3106879
63.73999926447868,66.547775,1.0740919,0.30824634
63.75000140070915,66.55977,1.0744962,0.30702558
63.759999722242355,66.52377,1.0748329,0.3058048
63.770001858472824,66.535774,1.075035,0.3058048
63.78000018000603,66.55177,1.0751024,0.3058048
63.78999850153923,66.52777,1.0752373,0.3058048
63.8000006377697,66.47177,1.0753045,0.30702558
63.8099989593029,66.463776,1.0753045,0.30824634
63.82000109553337,66.45577,1.075372,0.30946714
63.829999417066574,66.41978,1.0755066,0.30946714
63.83999773859978,66.42777,1.0755066,0.3106879
63.849999874830246,66.43977,1.075574,0.3119087
63.860002011060715,66.39178,1.075574,0.3119087
63.86999651789665,66.367775,1.075574,0.31312945
63.87999865412712,66.355774,1.075574,0.31435025
63.89000079035759,66.34777,1.075574,0.315571
63.90000292658806,66.33177,1.0756414,0.3167918
63.909997433423996,66.33177,1.0757089,0.3167918
63.919999569654465,66.30777,1.0757089,0.31801257
63.93000170588493,66.26778,1.0757089,0.31923336
63.93999621272087,66.28777,1.0757089,0.32045412
63.94999834895134,66.27978,1.0757761,0.3216749
63.96000048518181,66.255775,1.0757761,0.3216749
63.97000262141228,66.24778,1.0757761,0.32411647
63.979997128248215,66.243774,1.0758436,0.32411647
63.98999926447868,66.23978,1.0759109,0.32533723
64.00000140070915,66.227776,1.0759783,0.32533723
64.01000353693962,66.23577,1.076113,0.32655802
64.01999804377556,66.25178,1.0762477,0.32655802
64.03000018000603,66.23577,1.0763825,0.32655802
64.0400023162365,66.20778,1.0765172,0.32655802
64.04999682307243,66.20778,1.0765846,0.3277788
64.0599989593029,66.21178,1.0765846,0.3277788
64.07000109553337,66.20778,1.0767193,0.32899958
64.08000323176384,66.21178,1.0768541,0.32899958
64.08999773859978,66.22377,1.0769215,0.33022034
64.09999987483025,66.199776,1.0769888,0.33022034
64.11000201106071,66.17577,1.0769888,0.33144113
64.11999651789665,66.19177,1.0771235,0.33144113
64.12999865412712,66.18378,1.0772583,0.33144113
64.14000079035759,66.17577,1.077393,0.33144113
64.15000292658806,66.19577,1.0775279,0.33144113
64.159997433424,66.187775,1.0775951,0.3326619
64.16999956965446,66.16778,1.0777973,0.3326619
64.18000170588493,66.17978,1.0779995,0.3326619
64.18999621272087,66.215775,1.0784036,0.33022034
64.19999834895134,66.23577,1.0789427,0.3277788
64.21000048518181,66.26377,1.0796163,0.32533723
64.22000262141228,66.311775,1.08029,0.3216749
64.22999712824821,66.31978,1.080829,0.31801257
64.23999926447868,66.34777,1.0813006,0.3167918
64.25000140070915,66.34777,1.08157,0.315571
64.26000353693962,66.311775,1.0817049,0.3167918
64.26999804377556,66.30377,1.0817722,0.3167918
64.28000018000603,66.30777,1.0819069,0.3167918
64.2900023162365,66.30377,1.0819069,0.31801257
64.29999682307243,66.26778,1.0819743,0.31801257
64.3099989593029,66.227776,1.0819743,0.32045412
64.32000109553337,66.227776,1.0820416,0.32045412
64.33000323176384,66.215775,1.082109,0.3216749
64.33999773859978,66.17577,1.082109,0.3216749
64.34999987483025,66.20778,1.082109,0.32411647
64.36000201106071,66.187775,1.0821764,0.32411647
64.36999651789665,66.14777,1.0821764,0.32533723
64.37999865412712,66.12377,1.0822437,0.32655802
64.39000079035759,66.131775,1.0823112,0.32655802
64.40000292658806,66.143776,1.0823112,0.3277788
64.409997433424,66.12377,1.0824459,0.3277788
64.41999956965446,66.11178,1.0825806,0.32899958
64.43000170588493,66.09978,1.082648,0.32899958
64.43999621272087,66.08377,1.0827827,0.32899958
64.44999834895134,66.12778,1.0829175,0.33022034
64.46000048518181,66.115776,1.0829848,0.33022034
64.47000262141228,66.08377,1.0830522,0.33144113
64.47999712824821,66.08377,1.0831869,0.33144113
64.48999926447868,66.09978,1.0833217,0.33144113
64.50000140070915,66.10777,1.0835238,0.33144113
64.51000353693962,66.06778,1.0836585,0.33144113
64.51999804377556,66.091774,1.0837933,0.33144113
64.53000018000603,66.11178,1.0840628,0.33144113
64.5400023162365,66.10777,1.0843323,0.33022034
64.54999682307243,66.115776,1.0848712,0.3277788
64.5599989593029,66.15177,1.0856123,0.32411647
64.57000109553337,66.20778,1.0864208,0.31923336
64.58000323176384,66.23177,1.0872291,0.31435025
64.58999773859978,66.25178,1.0879703,0.3106879
64.59999987483025,66.255775,1.0884418,0.30824634
64.61000201106071,66.255775,1.0885093,0.30946714
64.61999651789665,66.23177,1.0885766,0.3106879
64.62999865412712,66.199776,1.088644,0.3106879
64.64000079035759,66.15577,1.088644,0.3119087
64.65000292658806,66.15577,1.0887114,0.3119087
64.659997433424,66.14777,1.0887114,0.31435025
64.66999956965446,66.115776,1.0887114,0.31435025
64.68000170588493,66.06778,1.0887786,0.315571
64.68999621272087,66.091774,1.0887786,0.3167918
64.69999834895134,66.09577,1.0888461,0.3167918
64.71000048518181,66.04378,1.0888461,0.31801257
64.72000262141228,65.99978,1.0888461,0.31923336
64.72999712824821,66.01177,1.0888461,0.32045412
64.73999926447868,66.01577,1.0888461,0.3216749
64.75000140070915,66.007774,1.0889134,0.32289568
64.76000353693962,65.97177,1.0889134,0.32411647
64.76999804377556,65.97578,1.0889809,0.32411647
64.78000018000603,65.963776,1.0890481,0.32533723
64.7900023162365,65.98778,1.0891156,0.32655802
64.79999682307243,65.951775,1.089183,0.32655802
64.8099989593029,65.93977,1.0892503,0.3277788
64.82000109553337,65.93178,1.089385,0.3277788
64.83000323176384,65.93178,1.0894524,0.3277788
64.83999773859978,65.907776,1.0895872,0.3277788
64.84999987483025,65.91177,1.0896546,0.32899958
64.86000201106071,65.94377,1.0898566,0.32899958
64.86999651789665,65.94778,1.0900588,0.32899958
64.87999865412712,65.91978,1.0903282,0.3277788
64.89000079035759,65.92778,1.0907325,0.32655802
64.90000292658806,66.01577,1.0913388,0.32289568
64.909997433424,66.047775,1.0920799,0.31923336
64.91999956965446,66.087776,1.0930904,0.31312945
64.93000170588493,66.119774,1.0943031,0.3058048
64.93999621272087,66.16778,1.0955157,0.29970092
64.94999834895134,66.187775,1.0963242,0.2948178
64.96000048518181,66.20377,1.0968633,0.29237625
64.97000262141228,66.18378,1.0972674,0.2899347
64.97999712824821,66.171776,1.0976716,0.2887139
64.98999926447868,66.187775,1.0981432,0.28627235
65.00000140070915,66.17978,1.0986148,0.28505158
65.01000353693962,66.131775,1.0990864,0.28261003
65.01999804377556,66.13978,1.099558,0.28016847
65.03000018000603,66.19177,1.1002318,0.27650613
65.0400023162365,66.17978,1.1009728,0.2728438
65.04999682307243,66.13577,1.1015118,0.27040225
65.0599989593029,66.119774,1.1017139,0.26918146
65.07000109553337,66.115776,1.1017139,0.27040225
65.08000323176384,66.07977,1.1017139,0.27162302
65.08999773859978,66.01577,1.1017139,0.2728438
65.09999987483025,66.00378,1.1017139,0.27406457
65.11000201106071,65.94778,1.1017139,0.27528536
65.11999651789665,65.94377,1.1017139,0.27650613
65.12999865412712,65.92778,1.1017812,0.27772692
65.14000079035759,65.88377,1.1017812,0.27894768
65.15000292658806,65.867775,1.1017812,0.28016847
65.159997433424,65.855774,1.1017812,0.28138924
65.16999956965446,65.839775,1.1017812,0.28261003
65.18000170588493,65.80778,1.1018486,0.28261003
65.18999621272087,65.80377,1.1018486,0.2838308
65.19999834895134,65.82378,1.1018486,0.28505158
65.21000048518181,65.77978,1.1018486,0.28627235
65.22000262141228,65.74778,1.1018486,0.28749314
65.22999712824821,65.73978,1.1018486,0.2887139
65.23999926447868,65.72378,1.1018486,0.2899347
65.25000140070915,65.715775,1.1018486,0.29115546
65.26000353693962,65.727776,1.1018486,0.29237625
65.26999804377556,65.71977,1.1019161,0.29237625
65.28000018000603,65.67978,1.1019161,0.293597
65.2900023162365,65.68378,1.1019834,0.2948178
65.29999682307243,65.67978,1.1019834,0.29603857
65.3099989593029,65.66378,1.1019834,0.29603857
65.32000109553337,65.643776,1.1020507,0.29725936
65.33000323176384,65.659775,1.1020507,0.29848012
65.33999773859978,65.671776,1.1021181,0.29970092
65.34999987483025,65.60777,1.1021855,0.29970092
65.36000201106071,65.60777,1.1021855,0.30092168
65.36999651789665,65.63978,1.1021855,0.30214247
65.37999865412712,65.615776,1.1022528,0.30336323
65.39000079035759,65.58378,1.1022528,0.30458403
65.40000292658806,65.58378,1.1022528,0.3058048
65.409997433424,65.591774,1.1022528,0.3058048
65.41999956965446,65.587776,1.1023202,0.30702558
65.43000170588493,65.55978,1.1023202,0.30824634
65.43999621272087,65.56378,1.102455,0.30824634
65.44999834895134,65.56778,1.1025223,0.30946714
65.46000048518181,65.57977,1.1025897,0.30946714
65.47000262141228,65.591774,1.1027244,0.3106879
65.47999712824821,65.56378,1.1029266,0.3106879
65.48999926447868,65.57977,1.103196,0.30946714
65.50000140070915,65.61178,1.1036003,0.30702558
65.51000353693962,65.64777,1.1042066,0.30458403
65.51999804377556,65.671776,1.1049477,0.30092168
65.53000018000603,65.73578,1.1058235,0.29603857
65.5400023162365,65.77978,1.106632,0.29115546
65.54999682307243,65.799774,1.1074404,0.28627235
65.5599989593029,65.77978,1.107912,0.28505158
65.57000109553337,65.80778,1.1080468,0.28505158
65.58000323176384,65.79177,1.1080468,0.28627235
65.58999773859978,65.75977,1.1080468,0.28749314
65.59999987483025,65.75178,1.1080468,0.2887139
65.61000201106071,65.72378,1.1080468,0.2899347
65.61999651789665,65.69177,1.1080468,0.29115546
65.62999865412712,65.70378,1.1080468,0.29115546
65.64000079035759,65.69578,1.1080468,0.29237625
65.65000292658806,65.66378,1.1080468,0.293597
65.659997433424,65.63978,1.1080468,0.2948178
65.66999956965446,65.67578,1.1080468,0.29603857
65.68000170588493,65.631775,1.1080468,0.29725936
65.68999621272087,65.61178,1.1080468,0.29848012
65.69999834895134,65.61178,1.1080468,0.29970092
65.71000048518181,65.603775,1.1080468,0.30092168
65.72000262141228,65.57977,1.1080468,0.30214247
65.72999712824821,65.56378,1.1080468,0.30336323
65.73999926447868,65.55978,1.1080468,0.30458403
65.75000140070915,65.57977,1.1080468,0.3058048
65.76000353693962,65.53977,1.1080468,0.30702558
65.76999804377556,65.53178,1.1080468,0.30824634
65.78000018000603,65.51578,1.1081141,0.30824634
65.7900023162365,65.52378,1.1081141,0.30946714
65.79999682307243,65.51177,1.1081141,0.3106879
65.8099989593029,65.52778,1.1081141,0.3119087
65.82000109553337,65.49978,1.1081141,0.31312945
65.83000323176384,65.49578,1.1081141,0.31435025
65.83999773859978,65.507774,1.1081141,0.315571
65.84999987483025,65.48778,1.1081141,0.3167918
65.86000201106071,65.47178,1.1081141,0.31801257
65.86999651789665,65.479774,1.1081815,0.31801257
65.87999865412712,65.48378,1.1081815,0.31923336
65.89000079035759,65.45178,1.1081815,0.32045412
65.90000292658806,65.45578,1.108249,0.3216749
65.909997433424,65.47578,1.108249,0.32289568
65.91999956965446,65.45178,1.108249,0.32411647
65.93000170588493,65.43178,1.1083162,0.32411647
65.93999621272087,65.45178,1.1083162,0.32533723
65.94999834895134,65.45578,1.1083835,0.32655802
65.96000048518181,65.43178,1.1083835,0.3277788
65.97000262141228,65.45578,1.108451,0.3277788
65.97999712824821,65.43977,1.1085184,0.32899958
65.98999926447868,65.41978,1.1085184,0.33022034
66.00000140070915,65.41178,1.1085857,0.33022034
66.01000353693962,65.435776,1.1086531,0.33144113
66.01999804377556,65.44378,1.1087878,0.33144113
66.03000018000603,65.435776,1.1088552,0.33144113
66.0400023162365,65.44378,1.1089898,0.3326619
66.04999682307243,65.45178,1.1091921,0.3326619
66.0599989593029,65.44778,1.1094614,0.33144113
66.07000109553337,65.46777,1.1099331,0.33022034
66.08000323176384,65.51177,1.1104721,0.3277788
66.08999773859978,65.535774,1.1111457,0.32411647
66.09999987483025,65.58378,1.1118869,0.31923336
66.11000201106071,65.63978,1.1127627,0.31435025
66.11999651789665,65.66378,1.1134363,0.3106879
66.12999865412712,65.65578,1.1138407,0.30946714
66.14000079035759,65.67978,1.1139079,0.3106879
66.15000292658806,65.66378,1.1139754,0.3106879
66.159997433424,65.631775,1.1140428,0.3119087
66.16999956965446,65.62378,1.1140428,0.3119087
66.18000170588493,65.631775,1.1141101,0.31312945
66.18999621272087,65.603775,1.1141775,0.31435025
66.19999834895134,65.59578,1.1142448,0.31435025
66.21000048518181,65.60777,1.1143123,0.315571
66.22000262141228,65.603775,1.1143795,0.315571
66.22999712824821,65.58378,1.1145144,0.3167918
66.23999926447868,65.587776,1.1145817,0.3167918
66.25000140070915,65.55978,1.114649,0.31801257
66.26000353693962,65.55978,1.1147839,0.31801257
66.26999804377556,65.57178,1.1149186,0.31801257
66.28000018000603,65.575775,1.114986,0.31801257
66.2900023162365,65.57178,1.1150533,0.31923336
66.29999682307243,65.53178,1.1151206,0.32045412
66.3099989593029,65.55177,1.1151881,0.32045412
66.32000109553337,65.56778,1.1153227,0.32045412
66.33000323176384,65.52778,1.1153902,0.3216749
66.33999773859978,65.52778,1.1155249,0.3216749
66.34999987483025,65.55177,1.1157271,0.3216749
66.36000201106071,65.55978,1.1159291,0.3216749
66.36999651789665,65.56778,1.116266,0.32045412
66.37999865412712,65.587776,1.1166029,0.31923336
66.39000079035759,65.619774,1.1172092,0.3167918
66.40000292658806,65.631775,1.1178156,0.31312945
66.409997433424,65.62378,1.1184218,0.3106879
66.41999956965446,65.65578,1.1187588,0.30824634
66.43000170588493,65.671776,1.1190956,0.30702558
66.43999621272087,65.67578,1.1192976,0.30702558
66.44999834895134,65.671776,1.1193651,0.30824634
66.46000048518181,65.631775,1.1194324,0.30824634
66.47000262141228,65.62378,1.1194997,0.30946714
66.47999712824821,65.643776,1.1196345,0.30946714
66.48999926447868,65.643776,1.1198367,0.30946714
66.50000140070915,65.591774,1.119904,0.3106879
66.51000353693962,65.587776,1.119904,0.3106879
66.51999804377556,65.60777,1.119904,0.3119087
66.53000018000603,65.575775,1.119904,0.31312945
66.5400023162365,65.56778,1.119904,0.31435025
66.54999682307243,65.575775,1.119904,0.315571
66.5599989593029,65.56378,1.1199714,0.3167918
66.57000109553337,65.51177,1.1200387,0.3167918
66.58000323176384,65.52378,1.1200387,0.31801257
66.58999773859978,65.547775,1.1200387,0.31923336
66.59999987483025,65.53977,1.1200387,0.32045412
66.61000201106071,65.49978,1.1200387,0.3216749
66.61999651789665,65.49978,1.1201061,0.3216749
66.62999865412712,65.47178,1.1201061,0.32411647
66.64000079035759,65.48378,1.1201061,0.32411647
66.65000292658806,65.535774,1.1202408,0.32533723
66.659997433424,65.479774,1.1203083,0.32533723
66.66999956965446,65.44778,1.1203756,0.32655802
66.68000170588493,65.45578,1.120443,0.32655802
66.68999621272087,65.50378,1.1205103,0.3277788
66.69999834895134,65.47178,1.1205777,0.3277788
66.71000048518181,65.45178,1.1205777,0.33022034
66.72000262141228,65.46777,1.120645,0.33022034
66.72999712824821,65.479774,1.1207124,0.33144113
66.73999926447868,65.45578,1.1207799,0.33144113
66.75000140070915,65.463776,1.1208472,0.3326619
66.76000353693962,65.463776,1.1210493,0.33144113
66.76999804377556,65.463776,1.121184,0.3326619
66.78000018000603,65.45178,1.1213862,0.33144113
66.7900023162365,65.45978,1.121521,0.33144113
66.79999682307243,65.48378,1.1216556,0.3326619
66.8099989593029,65.48378,1.1220598,0.33144113
66.82000109553337,65.52378,1.1225314,0.32899958
66.83000323176384,65.50378,1.1230705,0.32655802
66.83999773859978,65.535774,1.1235421,0.32411647
66.84999987483025,65.591774,1.124081,0.3216749
66.86000201106071,65.619774,1.1245526,0.32045412
66.86999651789665,65.59978,1.1250242,0.3167918
66.87999865412712,65.61178,1.1255631,0.31435025
66.89000079035759,65.67978,1.1261021,0.3119087
66.90000292658806,65.67978,1.1265737,0.3106879
66.909997433424,65.66778,1.1270453,0.30824634
66.91999956965446,65.67978,1.1273822,0.30702558
66.93000170588493,65.68378,1.1276516,0.3058048
66.93999621272087,65.687775,1.1279211,0.3058048
66.94999834895134,65.687775,1.1281906,0.30458403
66.96000048518181,65.68378,1.1285275,0.30336323
66.97000262141228,65.67978,1.1288643,0.30214247
66.97999712824821,65.687775,1.1292685,0.30092168
66.98999926447868,65.715775,1.1298075,0.29848012
67.00000140070915,65.72378,1.1302791,0.29603857
67.01000353693962,65.715775,1.1307507,0.293597
67.01999804377556,65.72378,1.1310875,0.29237625
67.03000018000603,65.72378,1.1312897,0.29237625
67.0400023162365,65.70778,1.1314918,0.29237625
67.04999682307243,65.71178,1.1315591,0.29237625
67.0599989593029,65.70778,1.1316265,0.293597
67.07000109553337,65.64777,1.1316265,0.2948178
67.08000323176384,65.60777,1.1316265,0.29603857
67.08999773859978,65.62778,1.1316265,0.29725936
67.09999987483025,65.62778,1.1316265,0.29848012
67.11000201106071,65.603775,1.1316938,0.29848012
67.11999651789665,65.575775,1.1316938,0.29970092
67.12999865412712,65.55578,1.1316938,0.30092168
67.14000079035759,65.52378,1.1316938,0.30214247
67.15000292658806,65.53977,1.1316938,0.30336323
67.159997433424,65.54378,1.1316938,0.30458403
67.16999956965446,65.53178,1.1316938,0.3058048
67.18000170588493,65.48378,1.1316938,0.30702558
67.18999621272087,65.49978,1.1316938,0.30824634
67.19999834895134,65.49978,1.1316938,0.30946714
67.21000048518181,65.47178,1.1316938,0.3106879
67.22000262141228,65.48778,1.1316938,0.3119087
67.22999712824821,65.44778,1.1316938,0.3119087
67.23999926447868,65.435776,1.1316938,0.31435025
67.25000140070915,65.423775,1.1316938,0.31435025
67.26000353693962,65.44378,1.1316938,0.3167918
67.26999804377556,65.44778,1.1316938,0.3167918
67.28000018000603,65.41978,1.1316938,0.31801257
67.2900023162365,65.38778,1.1316938,0.31923336
67.29999682307243,65.40378,1.1316938,0.32045412
67.3099989593029,65.39977,1.1316938,0.3216749
67.32000109553337,65.395775,1.1316938,0.32289568
67.33000323176384,65.39977,1.1316938,0.32411647
67.33999773859978,65.37578,1.1316938,0.32533723
67.34999987483025,65.37578,1.1316938,0.32655802
67.36000201106071,65.37578,1.1316938,0.3277788
67.36999651789665,65.36378,1.1316938,0.32899958
67.37999865412712,65.34778,1.1317613,0.33022034
67.39000079035759,65.355774,1.1317613,0.33022034
67.40000292658806,65.351776,1.1317613,0.33144113
67.409997433424,65.32378,1.1317613,0.3326619
67.41999956965446,65.30778,1.1317613,0.3338827
67.43000170588493,65.327774,1.1318285,0.33510345
67.43999621272087,65.34378,1.131896,0.33510345
67.44999834895134,65.31978,1.1319634,0.33632424
67.46000048518181,65.32378,1.1319634,0.337545
67.47000262141228,65.33578,1.1320307,0.337545
67.47999712824821,65.31178,1.1322329,0.337545
67.48999926447868,65.31978,1.1323676,0.337545
67.50000140070915,65.34378,1.1325023,0.337545
67.51000353693962,65.33178,1.1325697,0.3387658
67.51999804377556,65.34778,1.1326371,0.33998656
67.53000018000603,65.339775,1.1327045,0.33998656
67.5400023162365,65.32378,1.1328392,0.33998656
67.54999682307243,65.31578,1.1329066,0.34120736
67.5599989593029,65.351776,1.1330413,0.34120736
67.57000109553337,65.367775,1.1332434,0.34120736
67.58000323176384,65.339775,1.1334455,0.34120736
67.58999773859978,65.32378,1.1336476,0.33998656
67.59999987483025,65.355774,1.1339171,0.33998656
67.61000201106071,65.38778,1.134254,0.3387658
67.61999651789665,65.39178,1.1346582,0.337545
67.62999865412712,65.41178,1.1351298,0.33510345
67.64000079035759,65.435776,1.1356688,0.3326619
67.65000292658806,65.47578,1.1362077,0.33022034
67.659997433424,65.48378,1.1368141,0.32655802
67.66999956965446,65.519775,1.1374878,0.32411647
67.68000170588493,65.547775,1.1380941,0.32045412
67.68999621272087,65.56778,1.1387005,0.3167918
67.69999834895134,65.58378,1.1393068,0.31435025
67.71000048518181,65.57178,1.1397109,0.3119087
67.72000262141228,65.56378,1.1398457,0.31312945
67.72999712824821,65.60777,1.1398457,0.31435025
67.73999926447868,65.60777,1.1398457,0.31435025
67.75000140070915,65.53977,1.1398457,0.3167918
67.76000353693962,65.51177,1.1399132,0.3167918
67.76999804377556,65.53977,1.1399132,0.31801257
67.78000018000603,65.53178,1.1399132,0.31923336
67.7900023162365,65.507774,1.1399804,0.32045412
67.79999682307243,65.49978,1.1399804,0.32045412
67.8099989593029,65.50378,1.1399804,0.3216749
67.82000109553337,65.47578,1.1399804,0.32289568
67.83000323176384,65.46777,1.1399804,0.32411647
67.83999773859978,65.44378,1.1399804,0.32533723
67.84999987483025,65.435776,1.1399804,0.32655802
67.86000201106071,65.45178,1.1399804,0.3277788
67.86999651789665,65.44378,1.1400479,0.32899958
67.87999865412712,65.407776,1.1400479,0.33022034
67.89000079035759,65.395775,1.1400479,0.33144113
67.90000292658806,65.407776,1.1401153,0.33144113
67.909997433424,65.407776,1.1401153,0.3326619
67.91999956965446,65.38378,1.1401153,0.3338827
67.93000170588493,65.367775,1.1401825,0.3338827
67.93999621272087,65.40378,1.1403173,0.33510345
67.94999834895134,65.395775,1.1403848,0.33510345
67.96000048518181,65.37178,1.140452,0.33632424
67.97000262141228,65.38778,1.1405869,0.33632424
67.97999712824821,65.40378,1.1407889,0.33632424
67.98999926447868,65.395775,1.1409911,0.33632424
68.00000140070915,65.39178,1.1411932,0.33632424
68.01000353693962,65.41578,1.1414627,0.33510345
68.01999804377556,65.423775,1.1417321,0.3338827
68.03000018000603,65.43977,1.1421363,0.3326619
68.0400023162365,65.45178,1.1425406,0.33144113
68.04999682307243,65.45978,1.1428775,0.33022034
68.0599989593029,65.45978,1.1432817,0.32899958
68.07000109553337,65.50378,1.1436186,0.3277788
68.08000323176384,65.507774,1.1439553,0.32655802
68.08999773859978,65.50378,1.1443596,0.32411647
68.09999987483025,65.519775,1.1448312,0.3216749
68.11000201106071,65.53977,1.1452354,0.32045412
68.11999651789665,65.51177,1.145505,0.31923336
68.12999865412712,65.507774,1.1456397,0.32045412
68.14000079035759,65.519775,1.145707,0.32045412
68.15000292658806,65.52778,1.1457744,0.3216749
68.159997433424,65.507774,1.1458417,0.3216749
68.16999956965446,65.49978,1.1459092,0.32289568
68.18000170588493,65.48778,1.1459092,0.32411647
68.18999621272087,65.48378,1.1459764,0.32411647
68.19999834895134,65.47178,1.1460438,0.32533723
68.21000048518181,65.47178,1.1460438,0.32655802
68.22000262141228,65.463776,1.1461112,0.32655802
68.22999712824821,65.42778,1.1461112,0.3277788
68.23999926447868,65.44378,1.1461786,0.32899958
68.25000140070915,65.43178,1.146246,0.33022034
68.26000353693962,65.41578,1.1463808,0.33022034
68.26999804377556,65.44378,1.1465154,0.33022034
68.28000018000603,65.423775,1.1466502,0.33022034
68.2900023162365,65.407776,1.1467175,0.33144113
68.29999682307243,65.407776,1.1468524,0.33144113
68.3099989593029,65.41978,1.1469871,0.33144113
68.32000109553337,65.407776,1.1471891,0.33144113
68.33000323176384,65.41978,1.1473912,0.33022034
68.33999773859978,65.435776,1.1476607,0.33022034
68.34999987483025,65.44378,1.1479303,0.32899958
68.36000201106071,65.435776,1.1483344,0.3277788
68.36999651789665,65.45178,1.1487387,0.32655802
68.37999865412712,65.48378,1.149143,0.32411647
68.39000079035759,65.49978,1.1495471,0.32289568
68.40000292658806,65.49578,1.1500187,0.3216749
68.409997433424,65.519775,1.1504903,0.31923336
68.41999956965446,65.52778,1.1508272,0.31801257
68.43000170588493,65.50378,1.1509619,0.31801257
68.43999621272087,65.51578,1.1510293,0.31801257
68.44999834895134,65.491776,1.1510293,0.31923336
68.46000048518181,65.47578,1.1510966,0.32045412
68.47000262141228,65.48378,1.1510966,0.3216749
68.47999712824821,65.48378,1.1510966,0.32289568
68.48999926447868,65.45978,1.151164,0.32289568
68.50000140070915,65.44378,1.151164,0.32411647
68.51000353693962,65.435776,1.151164,0.32533723
68.51999804377556,65.43977,1.151164,0.32655802
68.53000018000603,65.40378,1.1512314,0.3277788
68.5400023162365,65.40378,1.1512314,0.3277788
68.54999682307243,65.41178,1.1512314,0.33022034
68.5599989593029,65.379776,1.1512988,0.33022034
68.57000109553337,65.35978,1.1512988,0.33144113
68.58000323176384,65.38778,1.1513661,0.33144113
68.58999773859978,65.39178,1.1514335,0.3326619
68.59999987483025,65.355774,1.1515682,0.3326619
68.61000201106071,65.355774,1.1515682,0.3338827
68.61999651789665,65.38378,1.1516356,0.33510345
68.62999865412712,65.37178,1.1516356,0.33632424
68.64000079035759,65.367775,1.151703,0.33632424
68.65000292658806,65.34378,1.151703,0.337545
68.659997433424,65.32378,1.151703,0.3387658
68.66999956965446,65.34378,1.1517705,0.33998656
68.68000170588493,65.34778,1.1518377,0.33998656
68.68999621272087,65.339775,1.1518377,0.34120736
68.69999834895134,65.31178,1.1519051,0.34242812
68.71000048518181,65.30778,1.1519725,0.34242812
68.72000262141228,65.32378,1.1520398,0.3436489
68.72999712824821,65.31578,1.1521746,0.3436489
68.73999926447868,65.30378,1.1523093,0.3436489
68.75000140070915,65.33178,1.1523767,0.34486967
68.76000353693962,65.31978,1.1525114,0.34486967
68.76999804377556,65.299774,1.1526462,0.34609047
68.78000018000603,65.299774,1.1527809,0.34609047
68.7900023162365,65.34378,1.152983,0.34486967
68.79999682307243,65.34778,1.1532525,0.34486967
68.8099989593029,65.327774,1.153522,0.3436489
68.82000109553337,65.367775,1.1537915,0.3436489
68.83000323176384,65.36378,1.1541957,0.34120736
68.83999773859978,65.38378,1.1547347,0.3387658
68.84999987483025,65.435776,1.1554084,0.33510345
68.86000201106071,65.45978,1.1562167,0.33144113
68.86999651789665,65.45578,1.1570253,0.32655802
68.87999865412712,65.50378,1.1577663,0.32289568
68.89000079035759,65.52378,1.1581032,0.3216749
68.90000292658806,65.507774,1.1582379,0.3216749
68.909997433424,65.479774,1.1582379,0.32289568
68.91999956965446,65.49978,1.1583053,0.32289568
68.93000170588493,65.479774,1.1583726,0.32411647
68.93999621272087,65.435776,1.1583726,0.32533723
68.94999834895134,65.45178,1.1584401,0.32655802
68.96000048518181,65.45978,1.1585075,0.32655802
68.97000262141228,65.423775,1.1585075,0.3277788
68.97999712824821,65.40378,1.1585748,0.3277788
68.98999926447868,65.40378,1.1587095,0.32899958
69.00000140070915,65.395775,1.1587769,0.32899958
69.01000353693962,65.379776,1.1588442,0.33022034
69.01999804377556,65.379776,1.1589117,0.33022034
69.03000018000603,65.38378,1.1590464,0.33144113
69.0400023162365,65.37578,1.1591812,0.33144113
69.04999682307243,65.38778,1.1593158,0.33144113
69.0599989593029,65.39178,1.159518,0.33144113
69.07000109553337,65.379776,1.1598549,0.33022034
69.08000323176384,65.39178,1.1602591,0.3277788
69.08999773859978,65.44778,1.1610001,0.32411647
69.09999987483025,65.46777,1.162078,0.31801257
69.11000201106071,65.51177,1.1634928,0.30946714
69.11999651789665,65.591774,1.164975,0.30092168
69.12999865412712,65.63978,1.1660529,0.2948178
69.14000079035759,65.63978,1.1667266,0.29115546
69.15000292658806,65.643776,1.167333,0.28749314
69.159997433424,65.659775,1.1680068,0.2838308
69.16999956965446,65.66378,1.1688151,0.28016847
69.18000170588493,65.66778,1.1696911,0.27528536
69.18999621272087,65.687775,1.1704994,0.27040225
69.19999834895134,65.66778,1.1709036,0.26918146
69.21000048518181,65.631775,1.170971,0.26918146
69.22000262141228,65.60777,1.170971,0.27040225
69.22999712824821,65.57178,1.1710384,0.27040225
69.23999926447868,65.535774,1.1710384,0.2728438
69.25000140070915,65.52378,1.1710384,0.2728438
69.26000353693962,65.507774,1.1710384,0.27528536
69.26999804377556,65.45578,1.1710384,0.27528536
69.28000018000603,65.43178,1.1710384,0.27650613
69.2900023162365,65.45578,1.1710384,0.27772692
69.29999682307243,65.42778,1.1710384,0.27894768
69.3099989593029,65.39178,1.1710384,0.28016847
69.32000109553337,65.367775,1.1710384,0.28138924
69.33000323176384,65.34778,1.1710384,0.28261003
69.33999773859978,65.339775,1.1710384,0.2838308
69.34999987483025,65.33178,1.1710384,0.28505158
69.36000201106071,65.33178,1.1710384,0.28627235
69.36999651789665,65.32378,1.1710384,0.28749314
69.37999865412712,65.28777,1.1710384,0.2887139
69.39000079035759,65.27578,1.1710384,0.2899347
69.40000292658806,65.26378,1.1710384,0.29115546
69.409997433424,65.23578,1.1710384,0.29237625
69.41999956965446,65.24778,1.1710384,0.29237625
69.43000170588493,65.25977,1.1710384,0.2948178
69.43999621272087,65.20778,1.1710384,0.2948178
69.44999834895134,65.215775,1.1710384,0.29603857
69.46000048518181,65.22378,1.1710384,0.29725936
69.47000262141228,65.215775,1.1710384,0.29848012
69.47999712824821,65.17578,1.1710384,0.29970092
69.48999926447868,65.17578,1.1710384,0.30092168
69.50000140070915,65.19178,1.1710384,0.30214247
69.51000353693962,65.171776,1.1710384,0.30336323
69.51999804377556,65.143776,1.1710384,0.30458403
69.53000018000603,65.13978,1.1710384,0.3058048
69.5400023162365,65.11978,1.1710384,0.30702558
69.54999682307243,65.13578,1.1710384,0.30824634
69.5599989593029,65.13978,1.1710384,0.30946714
69.57000109553337,65.13178,1.1710384,0.3106879
69.58000323176384,65.11978,1.1710384,0.3119087
69.58999773859978,65.12378,1.1710384,0.3119087
69.59999987483025,65.13578,1.1710384,0.31435025
69.61000201106071,65.075775,1.1710384,0.31435025
69.61999651789665,65.047775,1.1710384,0.3167918
69.62999865412712,65.087776,1.1710384,0.3167918
69.64000079035759,65.09978,1.1710384,0.31801257
69.65000292658806,65.047775,1.1710384,0.31923336
69.659997433424,65.05178,1.1710384,0.32045412
69.66999956965446,65.08378,1.1710384,0.3216749
69.68000170588493,65.05578,1.1710384,0.32289568
69.68999621272087,65.05178,1.1711057,0.32411647
69.69999834895134,65.04378,1.1711057,0.32411647
69.71000048518181,65.02778,1.1711057,0.32655802
69.72000262141228,65.03978,1.1711731,0.32655802
69.72999712824821,65.04378,1.1712406,0.3277788
69.73999926447868,65.01978,1.1713079,0.3277788
69.75000140070915,65.047775,1.1713753,0.32899958
69.76000353693962,65.06778,1.1714426,0.32899958
69.76999804377556,65.059784,1.1716447,0.32899958
69.78000018000603,65.01178,1.1719816,0.3277788
69.7900023162365,65.059784,1.1723185,0.32655802
69.79999682307243,65.115776,1.17279,0.32533723
69.8099989593029,65.13978,1.173329,0.3216749
69.82000109553337,65.143776,1.1742048,0.31801257
69.83000323176384,65.18378,1.1752828,0.3119087
69.83999773859978,65.27178,1.1764954,0.30458403
69.84999987483025,65.283775,1.1773039,0.29970092
69.86000201106071,65.27978,1.177506,0.29848012
69.86999651789665,65.28777,1.177506,0.29970092
69.87999865412712,65.27578,1.177506,0.30092168
69.89000079035759,65.28777,1.177506,0.30214247
69.90000292658806,65.26378,1.177506,0.30336323
69.909997433424,65.22378,1.177506,0.30458403
69.91999956965446,65.23978,1.177506,0.3058048
69.93000170588493,65.24778,1.177506,0.30702558
69.93999621272087,65.22378,1.177506,0.30824634
69.94999834895134,65.17978,1.177506,0.30946714
69.96000048518181,65.19178,1.177506,0.3106879
69.97000262141228,65.20778,1.177506,0.3119087
69.97999712824821,65.171776,1.177506,0.31312945
69.98999926447868,65.15578,1.1775734,0.31312945
70.00000140070915,65.18378,1.1775734,0.31435025
70.01000353693962,65.19978,1.1775734,0.315571
70.01999804377556,65.13978,1.1775734,0.3167918
70.03000018000603,65.12378,1.1776407,0.31801257
70.0400023162365,65.15178,1.1776407,0.31801257
70.04999682307243,65.14777,1.1776407,0.32045412
70.0599989593029,65.15178,1.1777081,0.32045412
70.07000109553337,65.12378,1.1777755,0.3216749
70.08000323176384,65.103775,1.1778427,0.3216749
70.08999773859978,65.12378,1.1779102,0.32289568
70.09999987483025,65.15978,1.178045,0.32289568
70.11000201106071,65.15178,1.1781123,0.32411647
70.11999651789665,65.12378,1.1783818,0.32289568
70.12999865412712,65.13578,1.1786513,0.3216749
70.14000079035759,65.171776,1.1790555,0.32045412
70.15000292658806,65.18378,1.1797292,0.31801257
70.159997433424,65.19178,1.1804702,0.31312945
70.16999956965446,65.283775,1.1814809,0.30824634
70.18000170588493,65.31178,1.1824915,0.30214247
70.18999621272087,65.30378,1.1830977,0.29848012
70.19999834895134,65.31978,1.1832324,0.29848012
70.21000048518181,65.339775,1.1832324,0.29970092
70.22000262141228,65.31178,1.1832324,0.30092168
70.22999712824821,65.28777,1.1832324,0.30214247
70.23999926447868,65.29178,1.1832324,0.30336323
70.25000140070915,65.27178,1.1832324,0.30458403
70.26000353693962,65.26378,1.1832324,0.3058048
70.26999804377556,65.24378,1.1832999,0.3058048
70.28000018000603,65.20778,1.1832999,0.30702558
70.2900023162365,65.215775,1.1832999,0.30824634
70.29999682307243,65.22378,1.1832999,0.30946714
70.3099989593029,65.23578,1.1833673,0.3106879
70.32000109553337,65.21178,1.1833673,0.3119087
70.33000323176384,65.17578,1.1833673,0.3119087
70.33999773859978,65.19978,1.1834346,0.31312945
70.34999987483025,65.17978,1.1834346,0.31435025
70.36000201106071,65.15978,1.1834346,0.315571
70.36999651789665,65.171776,1.1834346,0.3167918
70.37999865412712,65.187775,1.1834346,0.31801257
70.39000079035759,65.17578,1.183502,0.31801257
70.40000292658806,65.13978,1.183502,0.32045412
70.409997433424,65.15178,1.1835694,0.32045412
70.41999956965446,65.15178,1.1835694,0.3216749
70.43000170588493,65.143776,1.1836368,0.3216749
70.43999621272087,65.143776,1.183704,0.32289568
70.44999834895134,65.13178,1.183704,0.32411647
70.46000048518181,65.12778,1.1837715,0.32411647
70.47000262141228,65.13178,1.1837715,0.32655802
70.47999712824821,65.13178,1.1838388,0.32655802
70.48999926447868,65.115776,1.1839736,0.32655802
70.50000140070915,65.11978,1.1841084,0.32655802
70.51000353693962,65.13178,1.1842431,0.3277788
70.51999804377556,65.143776,1.1845126,0.32655802
70.53000018000603,65.13178,1.1848494,0.32655802
70.5400023162365,65.16378,1.1851189,0.32411647
70.54999682307243,65.19178,1.1855905,0.32289568
70.5599989593029,65.18378,1.1861969,0.32045412
70.57000109553337,65.23178,1.1868031,0.3167918
70.58000323176384,65.25977,1.1874769,0.31312945
70.58999773859978,65.27178,1.1882854,0.30946714
70.59999987483025,65.29578,1.1888916,0.3058048
70.61000201106071,65.31578,1.1890937,0.30458403
70.61999651789665,65.29578,1.1890937,0.3058048
70.62999865412712,65.29178,1.1891612,0.30702558
70.64000079035759,65.29578,1.1891612,0.30824634
70.65000292658806,65.27978,1.1891612,0.30946714
70.659997433424,65.25178,1.1891612,0.3106879
70.66999956965446,65.24378,1.1891612,0.3119087
70.68000170588493,65.24378,1.1892285,0.3119087
70.68999621272087,65.25178,1.1892285,0.31312945
70.69999834895134,65.227776,1.1892285,0.31435025
70.71000048518181,65.24378,1.1892285,0.315571
70.72000262141228,65.21178,1.1892285,0.3167918
70.72999712824821,65.17978,1.1892285,0.31801257
70.73999926447868,65.17978,1.1892285,0.31923336
70.75000140070915,65.19978,1.1892285,0.32045412
70.76000353693962,65.17578,1.1892285,0.3216749
70.76999804377556,65.17978,1.1892285,0.32289568
70.78000018000603,65.17978,1.1892959,0.32411647
70.7900023162365,65.143776,1.1892959,0.32411647
70.79999682307243,65.12778,1.1892959,0.32533723
70.8099989593029,65.143776,1.1893632,0.32655802
70.82000109553337,65.16778,1.1893632,0.3277788
70.83000323176384,65.13978,1.1894306,0.3277788
70.83999773859978,65.12378,1.1894306,0.32899958
70.84999987483025,65.12778,1.189498,0.33022034
70.86000201106071,65.115776,1.189498,0.33144113
70.86999651789665,65.11978,1.189498,0.3326619
70.87999865412712,65.11978,1.1895653,0.3326619
70.89000079035759,65.143776,1.1896328,0.3338827
70.90000292658806,65.087776,1.1897675,0.3338827
70.909997433424,65.09978,1.1898348,0.33510345
70.91999956965446,65.09178,1.1899023,0.33510345
70.93000170588493,65.09178,1.1899695,0.33632424
70.93999621272087,65.103775,1.1900369,0.33632424
70.94999834895134,65.115776,1.1901716,0.337545
70.96000048518181,65.09178,1.1903064,0.337545
70.97000262141228,65.09578,1.1904411,0.337545
70.97999712824821,65.11978,1.1906432,0.337545
70.98999926447868,65.13578,1.1909127,0.33632424
71.00000140070915,65.13578,1.1913843,0.3338827
71.01000353693962,65.17578,1.1919907,0.33144113
71.01999804377556,65.21178,1.1927317,0.3277788
71.03000018000603,65.227776,1.1935402,0.32289568
71.0400023162365,65.27178,1.1944834,0.31801257
71.04999682307243,65.33578,1.1954266,0.3119087
71.0599989593029,65.339775,1.1962351,0.30824634
71.07000109553337,65.351776,1.1968415,0.30458403
71.08000323176384,65.37178,1.1973804,0.30214247
71.08999773859978,65.39977,1.1979867,0.29970092
71.09999987483025,65.41578,1.1986604,0.29603857
71.11000201106071,65.43178,1.1994015,0.29115546
71.11999651789665,65.47578,1.2000751,0.2887139
71.12999865412712,65.44378,1.2006142,0.28627235
71.14000079035759,65.43977,1.2010185,0.2838308
71.15000292658806,65.47178,1.2012879,0.28261003
71.159997433424,65.45978,1.2014226,0.2838308
71.16999956965446,65.43178,1.20149,0.2838308
71.18000170588493,65.41178,1.20149,0.28505158
71.18999621272087,65.395775,1.20149,0.28627235
71.19999834895134,65.37178,1.2015574,0.28627235
71.21000048518181,65.355774,1.2016248,0.28749314
71.22000262141228,65.367775,1.2016248,0.2887139
71.22999712824821,65.33578,1.2016248,0.2899347
71.23999926447868,65.327774,1.2016248,0.29115546
71.25000140070915,65.31578,1.2016921,0.29237625
71.26000353693962,65.30378,1.2016921,0.29237625
71.26999804377556,65.283775,1.2016921,0.2948178
71.28000018000603,65.29578,1.2017595,0.2948178
71.2900023162365,65.27178,1.2017595,0.29603857
71.29999682307243,65.24778,1.2017595,0.29725936
71.3099989593029,65.25178,1.2017595,0.29848012
71.32000109553337,65.255775,1.2017595,0.29970092
71.33000323176384,65.227776,1.2017595,0.30092168
71.33999773859978,65.19978,1.2017595,0.30214247
71.34999987483025,65.215775,1.2018268,0.30214247
71.36000201106071,65.20778,1.2018268,0.30336323
71.36999651789665,65.17978,1.2018268,0.30458403
71.37999865412712,65.17978,1.2018268,0.3058048
71.39000079035759,65.187775,1.2018268,0.30702558
71.40000292658806,65.15978,1.2018942,0.30824634
71.409997433424,65.14777,1.2018942,0.30824634
71.41999956965446,65.15978,1.2018942,0.3106879
71.43000170588493,65.13978,1.2018942,0.3106879
71.43999621272087,65.12778,1.2018942,0.3119087
71.44999834895134,65.13578,1.2018942,0.31312945
71.46000048518181,65.15978,1.2019616,0.31435025
71.47000262141228,65.115776,1.2019616,0.315571
71.47999712824821,65.087776,1.2020963,0.3167918
71.48999926447868,65.115776,1.2021637,0.3167918
71.50000140070915,65.11978,1.2021637,0.31801257
71.51000353693962,65.11978,1.202231,0.31801257
71.51999804377556,65.11178,1.202231,0.31923336
71.53000018000603,65.09578,1.2022984,0.32045412
71.5400023162365,65.08378,1.2022984,0.3216749
71.54999682307243,65.075775,1.2023658,0.3216749
71.5599989593029,65.09178,1.2024332,0.3216749
71.57000109553337,65.09178,1.2025005,0.32289568
71.58000323176384,65.09178,1.2025679,0.32411647
71.58999773859978,65.11978,1.20277,0.32411647
71.59999987483025,65.075775,1.2031744,0.3216749
71.61000201106071,65.09578,1.203646,0.32045412
71.61999651789665,65.16778,1.2043196,0.3167918
71.62999865412712,65.215775,1.2051954,0.3119087
71.64000079035759,65.20778,1.2061386,0.3058048
71.65000292658806,65.27178,1.206947,0.30214247
71.659997433424,65.28777,1.2076206,0.29848012
71.66999956965446,65.29178,1.2080922,0.29603857
71.68000170588493,65.283775,1.208227,0.29603857
71.68999621272087,65.30778,1.208227,0.29725936
71.69999834895134,65.30378,1.208227,0.29848012
71.71000048518181,65.27578,1.2082945,0.29970092
71.72000262141228,65.26378,1.2082945,0.30092168
71.72999712824821,65.23978,1.2082945,0.30214247
71.73999926447868,65.24378,1.2082945,0.30214247
71.75000140070915,65.23578,1.2082945,0.30336323
71.76000353693962,65.23978,1.2082945,0.30458403
71.76999804377556,65.20778,1.2083617,0.3058048
71.78000018000603,65.187775,1.2083617,0.30702558
71.7900023162365,65.227776,1.2083617,0.30824634
71.79999682307243,65.20778,1.2083617,0.30946714
71.8099989593029,65.14777,1.2084292,0.30946714
71.82000109553337,65.15178,1.2084966,0.3106879
71.83000323176384,65.187775,1.2085638,0.3106879
71.83999773859978,65.187775,1.2085638,0.3119087
71.84999987483025,65.13978,1.2085638,0.31312945
71.86000201106071,65.15578,1.2085638,0.31435025
71.86999651789665,65.16378,1.2086313,0.315571
71.87999865412712,65.13978,1.2086313,0.3167918
71.89000079035759,65.13978,1.2086313,0.31801257
71.90000292658806,65.13978,1.2086986,0.31801257
71.909997433424,65.12378,1.2087661,0.31923336
71.91999956965446,65.11978,1.2089008,0.31923336
71.93000170588493,65.12778,1.2089682,0.32045412
71.93999621272087,65.103775,1.2091029,0.32045412
71.94999834895134,65.13178,1.2093049,0.32045412
71.96000048518181,65.15578,1.2095071,0.31923336
71.97000262141228,65.13978,1.209844,0.31923336
71.97999712824821,65.12778,1.2103156,0.3167918
71.98999926447868,65.17978,1.2108545,0.31435025
72.00000140070915,65.215775,1.2114608,0.3106879
72.01000353693962,65.19978,1.2119324,0.30824634
72.01999804377556,65.22378,1.212404,0.3058048
72.03000018000603,65.255775,1.2127409,0.3058048
72.0400023162365,65.27978,1.2129431,0.30458403
72.04999682307243,65.23178,1.2130103,0.3058048
72.0599989593029,65.23178,1.2131451,0.3058048
72.07000109553337,65.23978,1.2132125,0.30702558
72.08000323176384,65.23178,1.2132125,0.30824634
72.08999773859978,65.24378,1.2132125,0.30946714
72.09999987483025,65.21178,1.2132125,0.3106879
72.11000201106071,65.171776,1.2132125,0.3119087
72.11999651789665,65.19578,1.2132125,0.3119087
72.12999865412712,65.19978,1.2132125,0.31435025
72.14000079035759,65.19578,1.2132798,0.31435025
72.15000292658806,65.14777,1.2132798,0.315571
72.159997433424,65.17578,1.2133472,0.3167918
72.16999956965446,65.16378,1.2134147,0.3167918
72.18000170588493,65.115776,1.2134819,0.31801257
72.18999621272087,65.13178,1.2134819,0.31801257
72.19999834895134,65.17578,1.2135494,0.31923336
72.21000048518181,65.16778,1.2136167,0.32045412
72.22000262141228,65.12378,1.2136167,0.3216749
72.22999712824821,65.103775,1.2136167,0.3216749
72.23999926447868,65.12378,1.2136841,0.32289568
72.25000140070915,65.13978,1.2136841,0.32411647
72.26000353693962,65.11978,1.2136841,0.32533723
72.26999804377556,65.103775,1.2137514,0.32655802
72.28000018000603,65.09578,1.2138863,0.32655802
72.2900023162365,65.10777,1.2139535,0.3277788
72.29999682307243,65.13178,1.214021,0.3277788
72.3099989593029,65.09578,1.2141557,0.3277788
72.32000109553337,65.087776,1.2143579,0.3277788
72.33000323176384,65.10777,1.2144926,0.3277788
72.33999773859978,65.12378,1.2146273,0.3277788
72.34999987483025,65.08378,1.2147621,0.3277788
72.36000201106071,65.09578,1.2148967,0.3277788
72.36999651789665,65.13178,1.2149642,0.32899958
72.37999865412712,65.11178,1.2150315,0.33022034
72.39000079035759,65.07978,1.2150989,0.33022034
72.40000292658806,65.12778,1.2152337,0.33022034
72.409997433424,65.11178,1.2153684,0.33144113
72.41999956965446,65.103775,1.2155031,0.33144113
72.43000170588493,65.11178,1.2156378,0.33144113
72.43999621272087,65.12378,1.21584,0.33144113
72.44999834895134,65.13178,1.2161094,0.33022034
72.46000048518181,65.14777,1.2165136,0.32899958
72.47000262141228,65.16378,1.21712,0.32655802
72.47999712824821,65.15978,1.217861,0.3216749
72.48999926447868,65.20378,1.2185348,0.31923336
72.50000140070915,65.255775,1.2190064,0.3167918
72.51000353693962,65.26378,1.2192758,0.315571
72.51999804377556,65.23178,1.2194107,0.315571
72.53000018000603,65.23178,1.219478,0.3167918
72.5400023162365,65.24378,1.219478,0.31801257
72.54999682307243,65.23978,1.2195454,0.31801257
72.5599989593029,65.23178,1.2196801,0.31801257
72.57000109553337,65.23578,1.2197474,0.31923336
72.58000323176384,65.20378,1.2198822,0.31923336
72.58999773859978,65.20378,1.2199495,0.32045412
72.59999987483025,65.19578,1.2199495,0.3216749
72.61000201106071,65.21178,1.2200843,0.3216749
72.61999651789665,65.18378,1.2201518,0.3216749
72.62999865412712,65.17578,1.2201518,0.32289568
72.64000079035759,65.19978,1.220219,0.32411647
72.65000292658806,65.15178,1.2202864,0.32411647
72.659997433424,65.15578,1.2203538,0.32533723
72.66999956965446,65.171776,1.2204211,0.32655802
72.68000170588493,65.15178,1.2205559,0.32655802
72.68999621272087,65.14777,1.2206906,0.32655802
72.69999834895134,65.16378,1.2208254,0.32655802
72.71000048518181,65.17978,1.2209601,0.32655802
72.72000262141228,65.16378,1.2210275,0.3277788
72.72999712824821,65.13978,1.2211622,0.3277788
72.73999926447868,65.16778,1.2212297,0.3277788
72.75000140070915,65.16778,1.2213643,0.32899958
72.76000353693962,65.16778,1.2214991,0.32899958
72.76999804377556,65.16778,1.2216338,0.32899958
72.78000018000603,65.15578,1.2217013,0.33022034
72.7900023162365,65.13978,1.2219033,0.33022034
72.79999682307243,65.15578,1.2222402,0.3277788
72.8099989593029,65.19978,1.2227118,0.32655802
72.82000109553337,65.19978,1.2233855,0.32289568
72.83000323176384,65.23178,1.2241266,0.31923336
72.83999773859978,65.27578,1.2248676,0.315571
72.84999987483025,65.27978,1.225474,0.3119087
72.86000201106071,65.29578,1.2259456,0.30946714
72.86999651789665,65.31978,1.2261477,0.30946714
72.87999865412712,65.299774,1.2262151,0.3106879
72.89000079035759,65.27978,1.2262151,0.3119087
72.90000292658806,65.27578,1.2262151,0.3119087
72.909997433424,65.27978,1.2262151,0.31312945
72.91999956965446,65.26778,1.2262824,0.31435025
72.93000170588493,65.23978,1.2262824,0.315571
72.93999621272087,65.255775,1.2262824,0.3167918
72.94999834895134,65.22378,1.2263498,0.3167918
72.96000048518181,65.215775,1.2263498,0.31801257
72.97000262141228,65.22378,1.2264172,0.31923336
72.97999712824821,65.20378,1.2264172,0.32045412
72.98999926447868,65.18378,1.2264172,0.3216749
73.00000140070915,65.18378,1.2264845,0.3216749
73.01000353693962,65.19978,1.2264845,0.32289568
73.01999804377556,65.171776,1.2264845,0.32411647
73.03000018000603,65.16778,1.2265519,0.32533723
73.0400023162365,65.17578,1.2266192,0.32655802
73.04999682307243,65.16378,1.2266192,0.32655802
73.0599989593029,65.143776,1.226754,0.3277788
73.07000109553337,65.15978,1.2268214,0.3277788
73.08000323176384,65.15578,1.2268888,0.32899958
73.08999773859978,65.12378,1.2269561,0.32899958
73.09999987483025,65.115776,1.2270235,0.33022034
73.11000201106071,65.12378,1.2270908,0.33022034
73.11999651789665,65.13178,1.2271582,0.33144113
73.12999865412712,65.13578,1.227293,0.33144113
73.14000079035759,65.143776,1.2274277,0.33144113
73.15000292658806,65.14777,1.2276298,0.33144113
73.159997433424,65.12378,1.2277646,0.33144113
73.16999956965446,65.14777,1.2279667,0.33144113
73.18000170588493,65.15578,1.2283036,0.33022034
73.18999621272087,65.16778,1.2287078,0.32899958
73.19999834895134,65.17978,1.2293141,0.32533723
73.21000048518181,65.255775,1.2300552,0.3216749
73.22000262141228,65.26378,1.2310658,0.3167918
73.22999712824821,65.29178,1.2322111,0.30946714
73.23999926447868,65.34778,1.2334911,0.30214247
73.25000140070915,65.39977,1.2343669,0.29725936
73.26000353693962,65.38778,1.2349058,0.2948178
73.26999804377556,65.40378,1.2353774,0.29237625
73.28000018000603,65.42778,1.2357817,0.2899347
73.2900023162365,65.41578,1.2361859,0.2887139
73.29999682307243,65.395775,1.2365901,0.28749314
73.3099989593029,65.42778,1.2369269,0.28505158
73.32000109553337,65.43178,1.2373313,0.2838308
73.33000323176384,65.41178,1.2378701,0.28138924
73.33999773859978,65.43977,1.238544,0.27894768
73.34999987483025,65.41978,1.2390828,0.27528536
73.36000201106071,65.41578,1.2393523,0.27528536
73.36999651789665,65.41578,1.2394197,0.27528536
73.37999865412712,65.41178,1.2394197,0.27650613
73.39000079035759,65.38378,1.2394197,0.27772692
73.40000292658806,65.34378,1.239487,0.27894768
73.409997433424,65.355774,1.239487,0.27894768
73.41999956965446,65.34378,1.2395544,0.28016847
73.43000170588493,65.30378,1.2395544,0.28138924
73.43999621272087,65.30378,1.2395544,0.28261003
73.44999834895134,65.31178,1.2395544,0.2838308
73.46000048518181,65.26378,1.2396219,0.28505158
73.47000262141228,65.255775,1.2396219,0.28505158
73.47999712824821,65.25178,1.2396219,0.28627235
73.48999926447868,65.24378,1.2396219,0.28749314
73.50000140070915,65.21178,1.2396892,0.2887139
73.51000353693962,65.215775,1.2397566,0.2899347
73.51999804377556,65.22378,1.2397566,0.2899347
73.53000018000603,65.19578,1.2398239,0.29115546
73.5400023162365,65.19178,1.2398239,0.29237625
73.54999682307243,65.19178,1.2398239,0.293597
73.5599989593029,65.15578,1.2398913,0.293597
73.57000109553337,65.15578,1.2398913,0.2948178
73.58000323176384,65.17978,1.2398913,0.29603857
73.58999773859978,65.15578,1.2399586,0.29725936
73.59999987483025,65.12778,1.2399586,0.29848012
73.61000201106071,65.13578,1.2399586,0.29970092
73.61999651789665,65.14777,1.2399586,0.30092168
73.62999865412712,65.11178,1.240026,0.30092168
73.64000079035759,65.11178,1.240026,0.30214247
73.65000292658806,65.13578,1.2400935,0.30336323
73.659997433424,65.10777,1.2400935,0.30458403
73.66999956965446,65.075775,1.2401608,0.30458403
73.68000170588493,65.08378,1.2401608,0.3058048
73.68999621272087,65.10777,1.2401608,0.30702558
73.69999834895134,65.07178,1.2402282,0.30824634
73.71000048518181,65.06778,1.2402955,0.30824634
73.72000262141228,65.059784,1.2403629,0.30946714
73.72999712824821,65.059784,1.2404302,0.30946714
73.73999926447868,65.07178,1.2405651,0.3106879
73.75000140070915,65.07978,1.2406324,0.3106879
73.76000353693962,65.075775,1.2407671,0.3106879
73.76999804377556,65.06378,1.2410367,0.3106879
73.78000018000603,65.09578,1.2413734,0.30946714
73.7900023162365,65.11178,1.241845,0.30702558
73.79999682307243,65.11178,1.2424514,0.30458403
73.8099989593029,65.15178,1.2431251,0.30092168
73.82000109553337,65.20378,1.2438662,0.29725936
73.83000323176384,65.187775,1.24454,0.29237625
73.83999773859978,65.19978,1.2452136,0.2899347
73.84999987483025,65.23578,1.2456179,0.2887139
73.86000201106071,65.26378,1.2456852,0.2887139
73.86999651789665,65.20778,1.2456852,0.2899347
73.87999865412712,65.19578,1.2456852,0.29115546
73.89000079035759,65.22378,1.2456852,0.29237625
73.90000292658806,65.215775,1.2457526,0.29237625
73.909997433424,65.17978,1.2457526,0.293597
73.91999956965446,65.187775,1.2457526,0.2948178
73.93000170588493,65.15578,1.2457526,0.29603857
73.93999621272087,65.15978,1.2457526,0.29725936
73.94999834895134,65.17578,1.2457526,0.29848012
73.96000048518181,65.13178,1.2457526,0.29970092
73.97000262141228,65.103775,1.2457526,0.30092168
73.97999712824821,65.11978,1.2457526,0.30214247
73.98999926447868,65.14777,1.2457526,0.30336323
74.00000140070915,65.09578,1.2457526,0.30458403
74.01000353693962,65.06378,1.2458199,0.30458403
74.01999804377556,65.11178,1.2458199,0.3058048
74.03000018000603,65.09578,1.2458199,0.30702558
74.0400023162365,65.075775,1.2458199,0.30824634
74.04999682307243,65.04378,1.2458199,0.30946714
74.0599989593029,65.059784,1.2458199,0.3106879
74.07000109553337,65.059784,1.2458199,0.3119087
74.08000323176384,65.035774,1.2458199,0.31312945
74.08999773859978,65.05578,1.2458199,0.31435025
74.09999987483025,65.03978,1.2458199,0.315571
74.11000201106071,65.035774,1.2458199,0.3167918
74.11999651789665,65.035774,1.2458199,0.31801257
74.12999865412712,65.00378,1.2458199,0.31801257
74.14000079035759,65.007774,1.2458199,0.32045412
74.15000292658806,65.047775,1.2458199,0.32045412
74.159997433424,65.02378,1.2458199,0.3216749
74.16999956965446,64.95978,1.2458199,0.32289568
74.18000170588493,64.95178,1.2458199,0.32411647
74.18999621272087,65.007774,1.2458199,0.32533723
74.19999834895134,65.00378,1.2458873,0.32655802
74.21000048518181,64.98378,1.246022,0.32655802
74.22000262141228,64.97578,1.2460895,0.3277788
74.22999712824821,64.99978,1.2460895,0.3277788
74.23999926447868,64.97178,1.2461568,0.32899958
74.25000140070915,64.97178,1.2461568,0.33022034
74.26000353693962,64.98778,1.2462242,0.33022034
74.26999804377556,64.97578,1.2462915,0.33144113
74.28000018000603,64.98778,1.2462915,0.3326619
74.2900023162365,64.97578,1.2463589,0.3338827
74.29999682307243,64.97178,1.2464263,0.3338827
74.3099989593029,64.94378,1.2464936,0.33510345
74.32000109553337,64.98378,1.246561,0.33510345
74.33000323176384,64.98378,1.2466284,0.33632424
74.33999773859978,64.95178,1.2466956,0.33632424
74.34999987483025,64.94778,1.2467631,0.337545
74.36000201106071,64.98778,1.2468305,0.337545
74.36999651789665,64.98378,1.2469652,0.3387658
74.37999865412712,64.96777,1.2472347,0.337545
74.39000079035759,64.99978,1.247639,0.33632424
74.40000292658806,65.01978,1.2481105,0.3338827
74.409997433424,65.03978,1.248717,0.33144113
74.41999956965446,65.047775,1.249458,0.3277788
74.43000170588493,65.08378,1.250199,0.32289568
74.43999621272087,65.13978,1.2510074,0.31801257
74.44999834895134,65.15578,1.2516812,0.31435025
74.46000048518181,65.17978,1.2520181,0.31435025
74.47000262141228,65.18378,1.2521528,0.31435025
74.47999712824821,65.16378,1.2522875,0.31435025
74.48999926447868,65.19978,1.2524223,0.31435025
74.50000140070915,65.19978,1.2524897,0.315571
74.51000353693962,65.13578,1.2525569,0.315571
74.51999804377556,65.14777,1.2526917,0.3167918
74.53000018000603,65.17578,1.2527591,0.3167918
74.5400023162365,65.15978,1.2528265,0.31801257
74.54999682307243,65.12778,1.2528939,0.31801257
74.5599989593029,65.14777,1.2529613,0.31923336
74.57000109553337,65.15978,1.2530286,0.31923336
74.58000323176384,65.12378,1.2531633,0.32045412
74.58999773859978,65.12378,1.2532307,0.32045412
74.59999987483025,65.12378,1.2533655,0.3216749
74.61000201106071,65.12778,1.2535002,0.32045412
74.61999651789665,65.13578,1.2537696,0.32045412
74.62999865412712,65.12378,1.2539718,0.32045412
74.64000079035759,65.115776,1.2543087,0.31801257
74.65000292658806,65.14777,1.2547128,0.3167918
74.659997433424,65.18378,1.2553191,0.31435025
74.66999956965446,65.21178,1.2558582,0.3119087
74.68000170588493,65.17578,1.2563298,0.30946714
74.68999621272087,65.187775,1.2566667,0.30824634
74.69999834895134,65.23578,1.2569361,0.30702558
74.71000048518181,65.23178,1.2571383,0.30702558
74.72000262141228,65.20378,1.257273,0.30702558
74.72999712824821,65.19978,1.2573403,0.30824634
74.73999926447868,65.227776,1.2574077,0.30824634
74.75000140070915,65.19178,1.2575425,0.30946714
74.76000353693962,65.18378,1.2576772,0.30946714
74.76999804377556,65.20778,1.2578793,0.30946714
74.78000018000603,65.19578,1.2578793,0.3106879
74.7900023162365,65.19978,1.2578793,0.3119087
74.79999682307243,65.18378,1.2579466,0.3119087
74.8099989593029,65.13178,1.2579466,0.31312945
74.82000109553337,65.15178,1.2579466,0.31435025
74.83000323176384,65.16378,1.2580141,0.31435025
74.83999773859978,65.16378,1.2580141,0.3167918
74.84999987483025,65.10777,1.2580141,0.3167918
74.86000201106071,65.10777,1.2580141,0.31801257
74.86999651789665,65.14777,1.2580141,0.31923336
74.87999865412712,65.09978,1.2580141,0.32045412
74.89000079035759,65.08378,1.2580141,0.3216749
74.90000292658806,65.09578,1.2580141,0.32289568
74.909997433424,65.11978,1.2580141,0.32411647
74.91999956965446,65.075775,1.2580141,0.32533723
74.93000170588493,65.05578,1.2580141,0.32655802
74.93999621272087,65.087776,1.2580814,0.3277788
74.94999834895134,65.07178,1.2581488,0.3277788
74.96000048518181,65.09578,1.2582836,0.3277788
74.97000262141228,65.06778,1.2583508,0.32899958
74.97999712824821,65.047775,1.2584182,0.33022034
74.98999926447868,65.04378,1.2584857,0.33022034
75.00000140070915,65.075775,1.258553,0.33144113
75.01000353693962,65.059784,1.258553,0.33144113
75.01999804377556,65.03978,1.2586877,0.33144113
75.03000018000603,65.03178,1.2587552,0.3326619
75.0400023162365,65.07178,1.2588898,0.3326619
75.04999682307243,65.05178,1.259092,0.3326619
75.0599989593029,65.03978,1.259294,0.3326619
75.07000109553337,65.06778,1.2594289,0.3326619
75.08000323176384,65.07178,1.2596309,0.3326619
75.08999773859978,65.06778,1.2599677,0.33144113
75.09999987483025,65.07978,1.2604394,0.32899958
75.11000201106071,65.10777,1.260911,0.3277788
75.11999651789665,65.11178,1.2613826,0.32533723
75.12999865412712,65.11978,1.2617868,0.32411647
75.14000079035759,65.15178,1.262191,0.3216749
75.15000292658806,65.15578,1.2625952,0.32045412
75.159997433424,65.16778,1.2630669,0.31801257
75.16999956965446,65.20378,1.2635385,0.3167918
75.18000170588493,65.19978,1.2640101,0.31435025
75.18999621272087,65.20378,1.2644142,0.3119087
75.19999834895134,65.22378,1.2648185,0.3106879
75.21000048518181,65.23978,1.265088,0.30946714
75.22000262141228,65.23178,1.2654248,0.30946714
75.22999712824821,65.215775,1.2656269,0.30824634
75.23999926447868,65.24378,1.2658964,0.30824634
75.25000140070915,65.23178,1.266166,0.30702558
75.26000353693962,65.227776,1.2665027,0.3058048
75.26999804377556,65.255775,1.2667723,0.30458403
75.28000018000603,65.26378,1.2672439,0.30336323
75.2900023162365,65.27978,1.2677828,0.30092168
75.29999682307243,65.27178,1.2683219,0.29848012
75.3099989593029,65.299774,1.2687933,0.29603857
75.32000109553337,65.30778,1.2691976,0.2948178
75.33000323176384,65.29578,1.2695343,0.29237625
75.33999773859978,65.31578,1.2698039,0.29237625
75.34999987483025,65.32378,1.2699387,0.29237625
75.36000201106071,65.27978,1.2700061,0.293597
75.36999651789665,65.27578,1.2700734,0.2948178
75.37999865412712,65.26378,1.2700734,0.2948178
75.39000079035759,65.25178,1.2700734,0.29603857
75.40000292658806,65.255775,1.2700734,0.29725936
75.409997433424,65.24378,1.2700734,0.29848012
75.41999956965446,65.19178,1.2701408,0.29848012
75.43000170588493,65.19578,1.2701408,0.30092168
75.43999621272087,65.19978,1.2701408,0.30092168
75.44999834895134,65.171776,1.2701408,0.30214247
75.46000048518181,65.143776,1.2701408,0.30336323
75.47000262141228,65.15978,1.2701408,0.30458403
75.47999712824821,65.171776,1.2701408,0.3058048
75.48999926447868,65.12778,1.2701408,0.30702558
75.50000140070915,65.11178,1.2701408,0.30824634
75.51000353693962,65.13578,1.2701408,0.30946714
75.51999804377556,65.12378,1.2701408,0.3106879
75.53000018000603,65.09178,1.2701408,0.3119087
75.5400023162365,65.103775,1.2701408,0.31312945
75.54999682307243,65.103775,1.2701408,0.31435025
75.5599989593029,65.07978,1.2701408,0.315571
75.57000109553337,65.08378,1.2701408,0.3167918
75.58000323176384,65.06778,1.2701408,0.31801257
75.58999773859978,65.05578,1.2701408,0.31801257
75.59999987483025,65.06378,1.2701408,0.32045412
75.61000201106071,65.07978,1.2701408,0.32045412
75.61999651789665,65.047775,1.2701408,0.3216749
75.62999865412712,65.035774,1.2701408,0.32289568
75.64000079035759,65.03978,1.2701408,0.32411647
75.65000292658806,65.02778,1.2701408,0.32533723
75.659997433424,65.01178,1.2701408,0.32655802
75.66999956965446,65.01578,1.2701408,0.3277788
75.68000170588493,65.02778,1.2701408,0.32899958
75.68999621272087,65.00378,1.2701408,0.33022034
75.69999834895134,64.98778,1.2701408,0.33144113
75.71000048518181,64.99178,1.2701408,0.3326619
75.72000262141228,64.99178,1.2701408,0.3338827
75.72999712824821,64.98378,1.2701408,0.33510345
75.73999926447868,64.97978,1.2702081,0.33632424
75.75000140070915,64.96777,1.2702081,0.33632424
75.76000353693962,64.963776,1.2702081,0.337545
75.76999804377556,64.97178,1.270343,0.337545
75.78000018000603,64.97978,1.2704777,0.337545
75.7900023162365,64.963776,1.270545,0.3387658
75.79999682307243,64.95978,1.270545,0.33998656
75.8099989593029,64.99178,1.2706124,0.34120736
75.82000109553337,64.97978,1.2706797,0.34120736
75.83000323176384,64.93978,1.2708145,0.34120736
75.83999773859978,64.963776,1.2709492,0.34120736
75.84999987483025,65.00378,1.2710166,0.34242812
75.86000201106071,64.97178,1.2711513,0.34242812
75.86999651789665,64.96777,1.2714208,0.34242812
75.87999865412712,64.98378,1.2716229,0.34120736
75.89000079035759,65.01578,1.2719598,0.34120736
75.90000292658806,65.01578,1.272364,0.33998656
75.909997433424,65.02778,1.2727681,0.337545
75.91999956965446,65.059784,1.2733746,0.33510345
75.93000170588493,65.07178,1.2739809,0.33144113
75.93999621272087,65.09178,1.274722,0.3277788
75.94999834895134,65.13978,1.2754631,0.32411647
75.96000048518181,65.16778,1.2762715,0.31923336
75.97000262141228,65.20778,1.2770126,0.315571
75.97999712824821,65.23978,1.2775515,0.3119087
75.98999926447868,65.227776,1.2778884,0.3106879
76.00000140070915,65.187775,1.2779558,0.3119087
76.01000353693962,65.21977,1.2779558,0.31312945
76.01999804377556,65.22378,1.2780231,0.31435025
76.03000018000603,65.19578,1.2780231,0.31435025
76.0400023162365,65.171776,1.2780231,0.3167918
76.04999682307243,65.18378,1.2780231,0.3167918
76.0599989593029,65.16778,1.2780231,0.31801257
76.07000109553337,65.13178,1.2780231,0.31923336
76.08000323176384,65.143776,1.2780906,0.32045412
76.08999773859978,65.16378,1.2781578,0.32045412
76.09999987483025,65.11978,1.2782927,0.3216749
76.11000201106071,65.10777,1.2782927,0.3216749
76.11999651789665,65.13178,1.2782927,0.32411647
76.12999865412712,65.115776,1.2782927,0.32411647
76.14000079035759,65.10777,1.27836,0.32533723
76.15000292658806,65.11178,1.2784274,0.32655802
76.159997433424,65.08378,1.2784947,0.32655802
76.16999956965446,65.075775,1.2786294,0.32655802
76.18000170588493,65.12778,1.2786969,0.3277788
76.18999621272087,65.11178,1.2788316,0.3277788
76.19999834895134,65.07978,1.2789664,0.3277788
76.21000048518181,65.075775,1.2793032,0.32655802
76.22000262141228,65.12778,1.2797074,0.32533723
76.22999712824821,65.13978,1.2801117,0.32411647
76.23999926447868,65.115776,1.2804484,0.3216749
76.25000140070915,65.15178,1.280718,0.3216749
76.26000353693962,65.15978,1.28092,0.3216749
76.27012774348259,65.12778,1.2810549,0.3216749
76.28000018000603,65.13578,1.2811222,0.3216749
76.2900023162365,65.15978,1.2812569,0.32289568
76.29999682307243,65.15178,1.2813916,0.32289568
76.3099989593029,65.143776,1.2815938,0.32289568
76.32000109553337,65.15178,1.2818632,0.3216749
76.33000323176384,65.12778,1.2822676,0.32045412
76.33999773859978,65.15178,1.2826718,0.31801257
76.34999987483025,65.17978,1.2830086,0.3167918
76.36000201106071,65.19578,1.2832108,0.3167918
76.36999651789665,65.16378,1.283278,0.31801257
76.37999865412712,65.15978,1.283278,0.31923336
76.39000079035759,65.16778,1.283278,0.32045412
76.40000292658806,65.15178,1.2833455,0.32045412
76.409997433424,65.11978,1.2834802,0.32045412
76.41999956965446,65.15178,1.283615,0.3216749
76.43000170588493,65.14777,1.2837497,0.3216749
76.43999621272087,65.115776,1.2838844,0.3216749
76.44999834895134,65.115776,1.2839518,0.3216749
76.46000048518181,65.13978,1.2839518,0.32411647
76.47000262141228,65.13578,1.2840191,0.32411647
76.47999712824821,65.103775,1.2840191,0.32533723
76.48999926447868,65.12378,1.2840866,0.32655802
76.50000140070915,65.103775,1.2840866,0.3277788
76.51000353693962,65.08378,1.2840866,0.3277788
76.51999804377556,65.09578,1.2842213,0.32899958
76.53000018000603,65.10777,1.284356,0.32899958
76.5400023162365,65.06778,1.2844234,0.32899958
76.54999682307243,65.075775,1.2844907,0.33022034
76.5599989593029,65.09978,1.2845582,0.33022034
76.57000109553337,65.07978,1.2846929,0.33144113
76.58000323176384,65.05178,1.2847602,0.33144113
76.58999773859978,65.087776,1.284895,0.33144113
76.59999987483025,65.087776,1.2851645,0.33144113
76.61000201106071,65.09178,1.2854339,0.33022034
76.61999651789665,65.11178,1.2857709,0.32899958
76.62999865412712,65.115776,1.286175,0.3277788
76.64000079035759,65.143776,1.286714,0.32533723
76.65000292658806,65.13178,1.2872529,0.32289568
76.659997433424,65.16378,1.2877245,0.32045412
76.66999956965446,65.171776,1.2882636,0.31801257
76.68000170588493,65.19178,1.2887352,0.315571
76.68999621272087,65.19978,1.2890047,0.315571
76.69999834895134,65.19578,1.2890719,0.315571
76.71000048518181,65.15578,1.2890719,0.3167918
76.72000262141228,65.17978,1.2890719,0.31801257
76.72999712824821,65.19178,1.2890719,0.31923336
76.73999926447868,65.16378,1.2890719,0.32045412
76.75000140070915,65.13978,1.2891393,0.32045412
76.76000353693962,65.15978,1.2891393,0.3216749
76.76999804377556,65.17578,1.2892067,0.32289568
76.78000018000603,65.115776,1.2892067,0.32411647
76.7900023162365,65.11978,1.2892067,0.32533723
76.79999682307243,65.11978,1.289274,0.32655802
76.8099989593029,65.115776,1.289274,0.32655802
76.82000109553337,65.11178,1.2893414,0.3277788
76.83000323176384,65.11178,1.2894088,0.3277788
76.83999773859978,65.09578,1.2895435,0.32899958
76.84999987483025,65.06378,1.289611,0.32899958
76.86000201106071,65.09178,1.2896783,0.33022034
76.86999651789665,65.07978,1.2896783,0.33144113
76.87999865412712,65.05578,1.2897456,0.33144113
76.89000079035759,65.08378,1.289813,0.3326619
76.90000292658806,65.09178,1.289813,0.3338827
76.909997433424,65.059784,1.2898804,0.3338827
76.91999956965446,65.047775,1.2898804,0.33510345
76.93000170588493,65.07178,1.2899479,0.33632424
76.93999621272087,65.09578,1.2900151,0.33632424
76.94999834895134,65.02778,1.2900826,0.337545
76.96000048518181,65.01978,1.2902172,0.337545
76.97000262141228,65.05178,1.2902846,0.3387658
76.97999712824821,65.06378,1.290352,0.3387658
76.98999926447868,65.02778,1.2904195,0.33998656
77.00000140070915,65.03178,1.2905542,0.33998656
77.01000353693962,65.04378,1.2906888,0.34120736
77.01999804377556,65.04378,1.2908236,0.34120736
77.03000018000603,65.05578,1.2909583,0.34120736
77.0400023162365,65.06378,1.2911605,0.33998656
77.04999682307243,65.05178,1.2914299,0.33998656
77.0599989593029,65.06778,1.2916994,0.3387658
77.07000109553337,65.087776,1.2921036,0.337545
77.08000323176384,65.07978,1.2925752,0.33510345
77.08999773859978,65.12778,1.2932489,0.33144113
77.09999987483025,65.171776,1.2939225,0.3277788
77.11000201106071,65.17578,1.2946637,0.32411647
77.11999651789665,65.171776,1.2953374,0.32045412
77.12999865412712,65.19178,1.2957417,0.31923336
77.14000079035759,65.26378,1.2959439,0.31923336
77.15000292658806,65.21178,1.2959439,0.32045412
77.159997433424,65.16378,1.2959439,0.3216749
77.16999956965446,65.19178,1.2959439,0.3216749
77.18000170588493,65.187775,1.2960111,0.32411647
77.18999621272087,65.16778,1.2960111,0.32411647
77.19999834895134,65.15978,1.2960784,0.32533723
77.21000048518181,65.16778,1.2960784,0.32655802
77.22000262141228,65.13978,1.2960784,0.3277788
77.22999712824821,65.12778,1.2961459,0.3277788
77.23999926447868,65.14777,1.2961459,0.32899958
77.25000140070915,65.12778,1.2962806,0.32899958
77.26000353693962,65.143776,1.2964154,0.33022034
77.26999804377556,65.13978,1.29655,0.33022034
77.28000018000603,65.115776,1.2966849,0.33022034
77.2900023162365,65.09178,1.2967522,0.33022034
77.29999682307243,65.13178,1.2968196,0.33144113
77.3099989593029,65.13978,1.296887,0.33144113
77.32000109553337,65.09578,1.2969543,0.3326619
77.33000323176384,65.075775,1.2970217,0.3338827
77.33999773859978,65.12378,1.2971565,0.3338827
77.34999987483025,65.11178,1.2972912,0.3338827
77.36000201106071,65.115776,1.2974933,0.3338827
77.36999651789665,65.10777,1.2978302,0.3326619
77.37999865412712,65.13578,1.2983018,0.33022034
77.39000079035759,65.15978,1.2990428,0.32655802
77.40000292658806,65.21178,1.3001208,0.32045412
77.409997433424,65.283775,1.3015356,0.3119087
77.41999956965446,65.29178,1.3030176,0.30214247
77.43000170588493,65.32378,1.3040956,0.29603857
77.43999621272087,65.37178,1.3049041,0.29115546
77.44999834895134,65.38378,1.3055778,0.2887139
77.46000048518181,65.41578,1.3063862,0.2838308
77.47000262141228,65.46777,1.3072621,0.27894768
77.47999712824821,65.45578,1.3082052,0.2728438
77.48999926447868,65.41578,1.3088115,0.27040225
77.50000140070915,65.41578,1.3089464,0.27040225
77.51000353693962,65.44778,1.3089464,0.27162302
77.51999804377556,65.41578,1.3089464,0.2728438
77.53000018000603,65.367775,1.3089464,0.27406457
77.5400023162365,65.35978,1.3089464,0.27528536
77.54999682307243,65.351776,1.3089464,0.27650613
77.5599989593029,65.32378,1.3089464,0.27772692
77.57000109553337,65.29578,1.3089464,0.27894768
77.58000323176384,65.29178,1.3090137,0.27894768
77.58999773859978,65.26378,1.3090137,0.28016847
77.59999987483025,65.26378,1.3090137,0.28138924
77.61000201106071,65.25178,1.3090137,0.28261003
77.61999651789665,65.215775,1.3090137,0.2838308
77.62999865412712,65.21977,1.3090137,0.28505158
77.64000079035759,65.21178,1.3090137,0.28627235
77.65000292658806,65.20778,1.3090137,0.28749314
77.659997433424,65.17578,1.3090137,0.2887139
77.66999956965446,65.16378,1.3090137,0.2899347
77.68000170588493,65.15578,1.3090137,0.29115546
77.68999621272087,65.14777,1.3090137,0.29237625
77.69999834895134,65.12378,1.3090137,0.29237625
77.71000048518181,65.15178,1.3090137,0.2948178
77.72000262141228,65.11178,1.3090137,0.2948178
77.72999712824821,65.07978,1.3090137,0.29603857
77.73999926447868,65.09178,1.3090137,0.29725936
77.75000140070915,65.103775,1.3090137,0.29848012
77.76000353693962,65.06778,1.3090137,0.29970092
77.76999804377556,65.075775,1.3090137,0.30092168
77.78000018000603,65.07178,1.3090137,0.30214247
77.7900023162365,65.05178,1.3090137,0.30336323
77.79999682307243,65.03978,1.3090137,0.30458403
77.8099989593029,65.05178,1.3090137,0.3058048
77.82000109553337,65.05578,1.3090137,0.30702558
77.83000323176384,65.01578,1.3090137,0.30824634
77.83999773859978,65.01178,1.3090137,0.30946714
77.84999987483025,65.03178,1.3090137,0.3106879
77.86000201106071,65.01178,1.3090137,0.3119087
77.86999651789665,65.01578,1.3090137,0.31312945
77.87999865412712,65.01578,1.3090137,0.31435025
77.89000079035759,64.99578,1.3090137,0.31435025
77.90000292658806,64.95578,1.3090137,0.3167918
77.909997433424,64.97578,1.3090137,0.3167918
77.91999956965446,64.99178,1.3090137,0.31801257
77.93000170588493,64.97578,1.3090137,0.31923336
77.93999621272087,64.96777,1.3090137,0.32045412
77.94999834895134,64.97178,1.3090137,0.3216749
77.96000048518181,64.93978,1.3090137,0.32289568
77.97000262141228,64.935776,1.3090137,0.32411647
77.97999712824821,64.95178,1.3090137,0.32533723
77.98999926447868,64.96777,1.3090137,0.32655802
78.00000140070915,64.93178,1.3090137,0.3277788
78.01000353693962,64.923775,1.3090137,0.32899958
78.01999804377556,64.93978,1.3090137,0.33022034
78.03000018000603,64.93178,1.3090137,0.33144113
78.0400023162365,64.94378,1.3090137,0.3326619
78.04999682307243,64.935776,1.3090137,0.3338827
78.0599989593029,64.90378,1.3090137,0.33510345
78.07000109553337,64.895775,1.3090137,0.33632424
78.08000323176384,64.90378,1.3090137,0.33632424
78.08999773859978,64.91578,1.3090137,0.337545
78.09999987483025,64.87178,1.3090811,0.3387658
78.11000201106071,64.90378,1.3090811,0.33998656
78.11999651789665,64.91178,1.3091484,0.33998656
78.12999865412712,64.88378,1.3092159,0.34120736
78.14000079035759,64.86778,1.3092159,0.34242812
78.15000292658806,64.91178,1.3093505,0.3436489
78.159997433424,64.91178,1.309418,0.3436489
78.16999956965446,64.895775,1.30962,0.3436489
78.18000170588493,64.895775,1.3099569,0.34120736
78.18999621272087,64.93978,1.3103611,0.33998656
78.19999834895134,64.92778,1.3109,0.337545
78.21000048518181,64.97978,1.3115739,0.3338827
78.22000262141228,65.01978,1.312517,0.32899958
78.22999712824821,65.047775,1.3137296,0.3216749
78.23999926447868,65.09978,1.3148749,0.31435025
78.25000140070915,65.12778,1.3155487,0.3119087
78.26000353693962,65.14777,1.315616,0.3119087
78.26999804377556,65.13578,1.315616,0.31312945
78.28000018000603,65.143776,1.3156834,0.31435025
78.2900023162365,65.143776,1.3156834,0.31435025
78.29999682307243,65.087776,1.3156834,0.3167918
78.3099989593029,65.075775,1.3156834,0.3167918
78.32000109553337,65.11178,1.3156834,0.31801257
78.33000323176384,65.11978,1.3157508,0.31923336
78.33999773859978,65.09178,1.3158181,0.32045412
78.34999987483025,65.075775,1.3158181,0.32045412
78.36000201106071,65.075775,1.3158855,0.3216749
78.36999651789665,65.05578,1.3158855,0.32289568
78.37999865412712,65.06378,1.3159529,0.32411647
78.39000079035759,65.07978,1.3160876,0.32411647
78.40000292658806,65.05178,1.3162224,0.32411647
78.409997433424,65.059784,1.3164245,0.32411647
78.41999956965446,65.07178,1.316694,0.32289568
78.43000170588493,65.08378,1.3170308,0.3216749
78.43999621272087,65.09178,1.3175024,0.32045412
78.44999834895134,65.12778,1.3181762,0.3167918
78.46000048518181,65.171776,1.3190519,0.3106879
78.47000262141228,65.17978,1.3200625,0.3058048
78.47999712824821,65.17978,1.320871,0.30092168
78.48999926447868,65.21178,1.3211404,0.30092168
78.50000140070915,65.227776,1.3211404,0.30092168
78.51000353693962,65.215775,1.3211404,0.30214247
78.51999804377556,65.19178,1.3211404,0.30336323
78.53000018000603,65.18378,1.3211404,0.30458403
78.5400023162365,65.17978,1.3211404,0.3058048
78.54999682307243,65.16778,1.3211404,0.30702558
78.5599989593029,65.16378,1.3211404,0.30824634
78.57000109553337,65.14777,1.3212078,0.30946714
78.58000323176384,65.11978,1.3212078,0.3106879
78.58999773859978,65.14777,1.3212078,0.3119087
78.59999987483025,65.13978,1.3212078,0.3119087
78.61000201106071,65.087776,1.3212752,0.31312945
78.61999651789665,65.09978,1.3212752,0.31435025
78.62999865412712,65.115776,1.3212752,0.315571
78.64000079035759,65.087776,1.3213426,0.3167918
78.65000292658806,65.075775,1.3213426,0.3167918
78.659997433424,65.07978,1.3213426,0.31801257
78.66999956965446,65.08378,1.32141,0.31923336
78.68000170588493,65.05178,1.32141,0.32045412
78.68999621272087,65.03978,1.32141,0.3216749
78.69999834895134,65.047775,1.3214773,0.32289568
78.71000048518181,65.05178,1.3214773,0.32289568
78.72000262141228,65.06378,1.3214773,0.32411647
78.72999712824821,65.04378,1.3215446,0.32533723
78.73999926447868,65.01978,1.321612,0.32655802
78.75000140070915,65.02778,1.3216794,0.32655802
78.76000353693962,65.06778,1.3217468,0.3277788
78.76999804377556,65.03978,1.3218142,0.3277788
78.78000018000603,65.007774,1.3218815,0.32899958
78.7900023162365,65.02378,1.3220836,0.32899958
78.79999682307243,65.059784,1.3222184,0.32899958
78.8099989593029,65.03978,1.3225552,0.3277788
78.82000109553337,65.04378,1.3228921,0.32655802
78.83000323176384,65.07978,1.3232963,0.32411647
78.83999773859978,65.103775,1.3238353,0.3216749
78.84999987483025,65.10777,1.3244416,0.31923336
78.86000201106071,65.12778,1.3251153,0.315571
78.86999651789665,65.17578,1.3259238,0.3119087
78.87999865412712,65.171776,1.3266649,0.30702558
78.89000079035759,65.20778,1.327069,0.3058048
78.90000292658806,65.187775,1.3272038,0.3058048
78.909997433424,65.17978,1.3272038,0.30702558
78.91999956965446,65.19578,1.3272038,0.30824634
78.93000170588493,65.19978,1.3272038,0.30946714
78.93999621272087,65.16778,1.3272038,0.3106879
78.94999834895134,65.13978,1.3272038,0.3119087
78.96000048518181,65.16778,1.3272038,0.3119087
78.97000262141228,65.17578,1.3272038,0.31435025
78.97999712824821,65.09978,1.3272038,0.31435025
78.98999926447868,65.08378,1.3272038,0.3167918
79.00000140070915,65.10777,1.3272038,0.3167918
79.01000353693962,65.11178,1.3272038,0.31801257
79.01999804377556,65.09978,1.3272038,0.31923336
79.03000018000603,65.075775,1.3272038,0.32045412
79.0400023162365,65.087776,1.3272711,0.3216749
79.04999682307243,65.06778,1.3272711,0.3216749
79.0599989593029,65.07178,1.3272711,0.32411647
79.07000109553337,65.07178,1.3272711,0.32411647
79.08000323176384,65.03178,1.3273386,0.32533723
79.08999773859978,65.06778,1.3273386,0.32655802
79.09999987483025,65.06778,1.3273386,0.3277788
79.11000201106071,65.04378,1.3274059,0.3277788
79.11999651789665,65.007774,1.3274059,0.33022034
79.12999865412712,65.075775,1.3274733,0.33022034
79.14000079035759,65.03978,1.3275406,0.33144113
79.15000292658806,64.99978,1.3275406,0.33144113
79.159997433424,65.01978,1.3276081,0.3326619
79.16999956965446,65.06778,1.3276753,0.3338827
79.18000170588493,65.02778,1.3276753,0.33510345
79.18999621272087,64.99178,1.3277428,0.33510345
79.19999834895134,64.99578,1.3277428,0.33632424
79.21000048518181,65.01178,1.3278102,0.337545
79.22000262141228,65.01578,1.3278774,0.337545
79.22999712824821,65.00378,1.3279449,0.3387658
79.23999926447868,65.007774,1.3279449,0.33998656
79.25000140070915,64.97978,1.3280122,0.33998656
79.26000353693962,65.01978,1.3281469,0.34120736
79.26999804377556,65.00378,1.3282818,0.34120736
79.28000018000603,64.98378,1.3284165,0.34120736
79.2900023162365,65.01178,1.3286185,0.34120736
79.29999682307243,65.03178,1.3290229,0.3387658
79.3099989593029,65.03178,1.3294945,0.337545
79.32000109553337,65.05178,1.3301681,0.3338827
79.33000323176384,65.087776,1.3309091,0.33022034
79.33999773859978,65.15578,1.3317851,0.32533723
79.34999987483025,65.15978,1.3327955,0.31923336
79.36000201106071,65.17978,1.3338062,0.31312945
79.36999651789665,65.23178,1.3345473,0.30946714
79.37999865412712,65.26378,1.3352209,0.3058048
79.39000079035759,65.25977,1.3358272,0.30214247
79.40000292658806,65.28777,1.3366357,0.29848012
79.409997433424,65.31578,1.3374441,0.293597
79.41999956965446,65.32378,1.3381178,0.2899347
79.43000170588493,65.34378,1.3387243,0.28627235
79.43999621272087,65.36378,1.3392632,0.28505158
79.44999834895134,65.33578,1.3395326,0.2838308
79.46000048518181,65.31578,1.3397348,0.2838308
79.47000262141228,65.32378,1.3397348,0.28505158
79.47999712824821,65.299774,1.3397348,0.28627235
79.48999926447868,65.27978,1.3398021,0.28627235
79.50000140070915,65.299774,1.3398021,0.28749314
79.51000353693962,65.26778,1.3398021,0.2887139
79.51999804377556,65.20778,1.3398021,0.2899347
79.53000018000603,65.22378,1.3398021,0.29115546
79.5400023162365,65.23178,1.3398021,0.29237625
79.54999682307243,65.21178,1.3398021,0.293597
79.5599989593029,65.187775,1.3398021,0.2948178
79.57000109553337,65.187775,1.3398021,0.29603857
79.58000323176384,65.171776,1.3398021,0.29725936
79.58999773859978,65.13978,1.3398021,0.29848012
79.59999987483025,65.14777,1.3398695,0.29848012
79.61000201106071,65.143776,1.3398695,0.29970092
79.61999651789665,65.13978,1.3398695,0.30092168
79.62999865412712,65.11978,1.3398695,0.30214247
79.64000079035759,65.10777,1.3398695,0.30336323
79.65000292658806,65.08378,1.339937,0.30458403
79.659997433424,65.103775,1.339937,0.30458403
79.66999956965446,65.10777,1.339937,0.3058048
79.68000170588493,65.08378,1.339937,0.30702558
79.68999621272087,65.03978,1.339937,0.30824634
79.69999834895134,65.05578,1.339937,0.30946714
79.71000048518181,65.06778,1.339937,0.3106879
79.72000262141228,65.03978,1.339937,0.3119087
79.72999712824821,65.03178,1.339937,0.31312945
79.73999926447868,65.047775,1.3400042,0.31435025
79.75000140070915,65.03178,1.3400716,0.31435025
79.76000353693962,65.01978,1.3402063,0.31435025
79.76999804377556,65.02378,1.3402063,0.3167918
79.78000018000603,65.02778,1.3402063,0.3167918
79.7900023162365,65.035774,1.3402737,0.31801257
79.79999682307243,65.01578,1.3403411,0.31801257
79.8099989593029,64.99978,1.3404086,0.31923336
79.82000109553337,64.97978,1.3404758,0.32045412
79.83000323176384,64.99578,1.3405432,0.32045412
79.83999773859978,65.035774,1.3406779,0.32045412
79.84999987483025,65.02778,1.3409474,0.32045412
79.86000201106071,65.01978,1.3412843,0.31923336
79.86999651789665,65.06378,1.3417559,0.3167918
79.87999865412712,65.059784,1.3423622,0.31435025
79.89000079035759,65.08378,1.3431706,0.30946714
79.90000292658806,65.12378,1.3440465,0.30458403
79.909997433424,65.15178,1.344855,0.30092168
79.91999956965446,65.171776,1.3454612,0.29725936
79.93000170588493,65.16378,1.3458655,0.2948178
79.93999621272087,65.187775,1.3460003,0.29603857
79.94999834895134,65.16378,1.3460003,0.29603857
79.96000048518181,65.16778,1.3460675,0.29725936
79.97000262141228,65.18378,1.3460675,0.29848012
79.97999712824821,65.15578,1.3460675,0.29970092
79.98999926447868,65.11978,1.3460675,0.30092168
80.00000140070915,65.103775,1.3460675,0.30214247
80.01000353693962,65.12378,1.3460675,0.30336323
80.01999804377556,65.09978,1.3460675,0.30458403
80.03000018000603,65.05178,1.3460675,0.3058048
80.0400023162365,65.09978,1.3460675,0.3058048
80.04999682307243,65.09578,1.3460675,0.30824634
80.0599989593029,65.05178,1.3460675,0.30824634
80.07000109553337,65.06778,1.3460675,0.3106879
80.08000323176384,65.05178,1.3460675,0.3106879
80.08999773859978,65.047775,1.3460675,0.3119087
80.09999987483025,65.02778,1.3460675,0.31312945
80.11000201106071,65.02778,1.346135,0.31435025
80.11999651789665,65.03178,1.346135,0.315571
80.12999865412712,65.02378,1.346135,0.3167918
80.14000079035759,65.03978,1.346135,0.31801257
80.15000292658806,65.01978,1.346135,0.31923336
80.159997433424,64.97178,1.346135,0.32045412
80.16999956965446,64.99578,1.3462024,0.32045412
80.18000170588493,65.03978,1.3462024,0.3216749
80.18999621272087,64.98378,1.3462697,0.3216749
80.19999834895134,64.97178,1.3462697,0.32411647
80.21000048518181,64.98378,1.3463371,0.32411647
80.22000262141228,64.98778,1.3463371,0.32533723
80.22999712824821,64.97578,1.3464044,0.32655802
80.23999926447868,64.97178,1.3466066,0.32655802
80.25000140070915,64.97178,1.3467413,0.32655802
80.26000353693962,64.96777,1.346876,0.32655802
80.26999804377556,64.97578,1.3470782,0.32655802
80.28000018000603,64.98778,1.3473477,0.32533723
80.2900023162365,65.007774,1.3476845,0.32411647
80.29999682307243,65.035774,1.3481561,0.32289568
80.3099989593029,65.04378,1.3487625,0.31923336
80.32000109553337,65.03978,1.3494362,0.315571
80.33000323176384,65.047775,1.3501773,0.3119087
80.33999773859978,65.12778,1.3507836,0.30824634
80.34999987483025,65.16378,1.3511877,0.30702558
80.36000201106071,65.12778,1.3513899,0.3058048
80.36999651789665,65.11178,1.3514572,0.30702558
80.37999865412712,65.12378,1.3514572,0.30824634
80.39000079035759,65.11978,1.3514572,0.30946714
80.40000292658806,65.09178,1.3514572,0.3106879
80.409997433424,65.07978,1.3514572,0.3119087
80.41999956965446,65.09178,1.3514572,0.31312945
80.43000170588493,65.087776,1.3514572,0.31435025
80.43999621272087,65.06378,1.3515247,0.31435025
80.44999834895134,65.05578,1.3515247,0.3167918
80.46000048518181,65.047775,1.3515247,0.3167918
80.47000262141228,65.05178,1.3515247,0.31801257
80.47999712824821,65.05578,1.3515247,0.31923336
80.48999926447868,65.03978,1.3515247,0.32045412
80.50000140070915,65.007774,1.3515247,0.3216749
80.51000353693962,65.02378,1.3515247,0.32289568
80.51999804377556,65.00378,1.3515247,0.32411647
80.53000018000603,64.96777,1.3515247,0.32533723
80.5400023162365,64.99578,1.3515247,0.32655802
80.54999682307243,65.00378,1.3515247,0.3277788
80.5599989593029,64.99178,1.3515247,0.32899958
80.57000109553337,64.95978,1.3515247,0.33022034
80.58000323176384,64.95178,1.3515247,0.33144113
80.58999773859978,64.97178,1.3515247,0.33144113
80.59999987483025,64.963776,1.3515921,0.3326619
80.61000201106071,64.97178,1.3516593,0.3338827
80.61999651789665,64.99178,1.3517268,0.3338827
80.62999865412712,64.95178,1.3518615,0.3338827
80.64000079035759,64.95578,1.3519963,0.33510345
80.65000292658806,64.963776,1.3520637,0.33510345
80.659997433424,64.963776,1.3521984,0.33632424
80.66999956965446,64.95978,1.3523331,0.33632424
80.68000170588493,64.95578,1.3524679,0.33632424
80.68999621272087,64.97978,1.3526026,0.33632424
80.69999834895134,64.97978,1.3527373,0.33632424
80.71000048518181,64.98378,1.3529395,0.33632424
80.72000262141228,64.97978,1.3530742,0.33632424
80.72999712824821,64.97178,1.3532089,0.33632424
80.73999926447868,64.96777,1.3534111,0.337545
80.75000140070915,65.007774,1.3534783,0.337545
80.76000353693962,65.007774,1.3536131,0.337545
80.76999804377556,64.97578,1.3538152,0.337545
80.78000018000603,64.99978,1.3541522,0.33632424
80.7900023162365,65.03978,1.3546238,0.3338827
80.79999682307243,65.02778,1.3552974,0.33022034
80.8099989593029,65.059784,1.3560385,0.32655802
80.82000109553337,65.09978,1.3567122,0.32289568
80.83000323176384,65.09578,1.3572512,0.32045412
80.83999773859978,65.09978,1.357588,0.31923336
80.84999987483025,65.10777,1.3577901,0.31923336
80.86000201106071,65.13178,1.3579248,0.31923336
80.86999651789665,65.11178,1.3579922,0.32045412
80.87999865412712,65.09978,1.3580596,0.32045412
80.89000079035759,65.11978,1.3580596,0.3216749
80.90000292658806,65.103775,1.3581269,0.3216749
80.909997433424,65.09578,1.3581944,0.32289568
80.91999956965446,65.10777,1.3581944,0.32411647
80.93000170588493,65.05178,1.3582617,0.32533723
80.93999621272087,65.03978,1.3582617,0.32655802
80.94999834895134,65.07178,1.3583964,0.32655802
80.96000048518181,65.08378,1.3584639,0.32655802
80.97000262141228,65.06378,1.3585312,0.3277788
80.97999712824821,65.05178,1.358666,0.3277788
80.98999926447868,65.06778,1.3588008,0.3277788
81.00000140070915,65.05578,1.358868,0.32899958
81.01000353693962,65.04378,1.3590028,0.32899958
81.01999804377556,65.06778,1.3591375,0.32899958
81.03000018000603,65.087776,1.3592724,0.32899958
81.0400023162365,65.047775,1.3594071,0.33022034
81.04999682307243,65.04378,1.3594744,0.33022034
81.0599989593029,65.05578,1.3596091,0.33022034
81.07000109553337,65.06378,1.3597438,0.33022034
81.08000323176384,65.03978,1.3600134,0.33022034
81.08999773859978,65.047775,1.3603503,0.32899958
81.09999987483025,65.059784,1.3608218,0.3277788
81.11000201106071,65.103775,1.3614955,0.32411647
81.11999651789665,65.15578,1.3622366,0.32045412
81.12999865412712,65.143776,1.3629103,0.315571
81.14000079035759,65.13178,1.3635166,0.3119087
81.15000292658806,65.171776,1.3639882,0.3106879
81.159997433424,65.20378,1.3641903,0.3106879
81.16999956965446,65.187775,1.3642577,0.3106879
81.18000170588493,65.143776,1.3642577,0.3119087
81.18999621272087,65.17978,1.3643252,0.31312945
81.19999834895134,65.16778,1.3643925,0.31312945
81.21000048518181,65.13978,1.3643925,0.31435025
81.22000262141228,65.103775,1.3644598,0.315571
81.22999712824821,65.115776,1.3644598,0.3167918
81.23999926447868,65.12378,1.3644598,0.31801257
81.25000140070915,65.12378,1.3644598,0.31923336
81.26000353693962,65.09578,1.3645272,0.31923336
81.26999804377556,65.06378,1.3645946,0.32045412
81.28000018000603,65.059784,1.3645946,0.3216749
81.2900023162365,65.075775,1.3646619,0.3216749
81.29999682307243,65.07978,1.3647968,0.3216749
81.3099989593029,65.075775,1.364864,0.32289568
81.32000109553337,65.07178,1.364864,0.32411647
81.33000323176384,65.07178,1.3649313,0.32533723
81.33999773859978,65.035774,1.3649313,0.32655802
81.34999987483025,65.02378,1.3650662,0.32655802
81.36000201106071,65.087776,1.3651335,0.32655802
81.36999651789665,65.06778,1.3652009,0.3277788
81.37999865412712,65.02378,1.3653356,0.3277788
81.39000079035759,65.04378,1.3655378,0.3277788
81.40000292658806,65.05178,1.3656725,0.3277788
81.409997433424,65.05578,1.3658746,0.3277788
81.41999956965446,65.05578,1.3661441,0.32655802
81.43000170588493,65.05578,1.366481,0.32533723
81.43999621272087,65.06378,1.3669527,0.32411647
81.44999834895134,65.09578,1.3676263,0.32045412
81.46000048518181,65.143776,1.3684347,0.3167918
81.47000262141228,65.171776,1.3694453,0.3106879
81.47999712824821,65.19578,1.3705232,0.30336323
81.48999926447868,65.24378,1.3716012,0.29725936
81.50000140070915,65.25178,1.3722749,0.293597
81.51000353693962,65.24778,1.3726791,0.29237625
81.51999804377556,65.27978,1.3730832,0.2899347
81.53000018000603,65.28777,1.3734201,0.2887139
81.5400023162365,65.29178,1.373757,0.28749314
81.54999682307243,65.25977,1.3740939,0.28627235
81.5599989593029,65.26778,1.3744307,0.28505158
81.57000109553337,65.26778,1.3747675,0.28505158
81.58000323176384,65.26778,1.3750371,0.2838308
81.58999773859978,65.26778,1.3753738,0.28261003
81.59999987483025,65.27578,1.3758454,0.28016847
81.61000201106071,65.27578,1.3763845,0.27772692
81.61999651789665,65.28777,1.3769908,0.27528536
81.62999865412712,65.27578,1.3772602,0.27406457
81.64000079035759,65.24778,1.3773277,0.27528536
81.65000292658806,65.23978,1.3773277,0.27650613
81.659997433424,65.25977,1.3773277,0.27650613
81.66999956965446,65.24778,1.3773277,0.27894768
81.68000170588493,65.19178,1.3773277,0.27894768
81.68999621272087,65.187775,1.3773277,0.28138924
81.69999834895134,65.187775,1.3773277,0.28138924
81.71000048518181,65.171776,1.3773277,0.28261003
81.72000262141228,65.15178,1.3773277,0.2838308
81.72999712824821,65.13178,1.3773277,0.28505158
81.73999926447868,65.12378,1.3773277,0.28627235
81.75000140070915,65.12378,1.3773277,0.28749314
81.76000353693962,65.115776,1.3773277,0.2887139
81.76999804377556,65.10777,1.3773277,0.2899347
81.78000018000603,65.07978,1.3773277,0.29115546
81.7900023162365,65.06378,1.3773277,0.29237625
81.79999682307243,65.059784,1.3773277,0.293597
81.8099989593029,65.04378,1.3773277,0.2948178
81.82000109553337,65.07978,1.3773277,0.29603857
81.83000323176384,65.075775,1.3773277,0.29603857
81.83999773859978,65.02778,1.3773277,0.29848012
81.84999987483025,64.98778,1.377395,0.29848012
81.86000201106071,65.01978,1.377395,0.29970092
81.86999651789665,65.05178,1.377395,0.30092168
81.87999865412712,65.007774,1.377395,0.30214247
81.89000079035759,64.99978,1.377395,0.30336323
81.90000292658806,64.97978,1.3774624,0.30336323
81.909997433424,64.99178,1.3774624,0.30458403
81.91999956965446,64.99578,1.3775297,0.3058048
81.93000170588493,64.98778,1.3775971,0.3058048
81.93999621272087,64.98378,1.3776644,0.30702558
81.94999834895134,64.95578,1.3777318,0.30824634
81.96000048518181,64.98378,1.3777993,0.30824634
81.97000262141228,64.97578,1.3777993,0.30946714
81.97999712824821,64.94778,1.3778666,0.3106879
81.98999926447868,64.97178,1.377934,0.3106879
82.00000140070915,64.97978,1.3780013,0.3119087
82.01000353693962,64.94378,1.3780013,0.31312945
82.01999804377556,64.94778,1.3780688,0.31312945
82.03000018000603,64.95578,1.3780688,0.31435025
82.0400023162365,64.97978,1.378136,0.315571
82.04999682307243,64.92778,1.3782034,0.3167918
82.0599989593029,64.91978,1.3782709,0.3167918
82.07000109553337,64.95178,1.3784056,0.3167918
82.08000323176384,64.95178,1.3785404,0.3167918
82.08999773859978,64.94778,1.378675,0.3167918
82.09999987483025,64.94778,1.3788772,0.3167918
82.11000201106071,64.94378,1.3791467,0.3167918
82.11999651789665,64.97178,1.3796183,0.31435025
82.12999865412712,64.99978,1.3801572,0.3119087
82.14000079035759,65.01178,1.3808984,0.30824634
82.15000292658806,65.02378,1.3817067,0.30336323
82.159997433424,65.075775,1.3826499,0.29848012
82.16999956965446,65.11178,1.3835257,0.293597
82.18000170588493,65.11178,1.3839973,0.29115546
82.18999621272087,65.10777,1.3840647,0.29115546
82.19999834895134,65.115776,1.3840647,0.29237625
82.21000048518181,65.13178,1.3840647,0.293597
82.22000262141228,65.087776,1.3840647,0.2948178
82.22999712824821,65.087776,1.3840647,0.29603857
82.23999926447868,65.09178,1.3841321,0.29725936
82.25000140070915,65.059784,1.3841321,0.29848012
82.26000353693962,65.035774,1.3841321,0.29970092
82.26999804377556,65.04378,1.3841321,0.30092168
82.28000018000603,65.04378,1.3841321,0.30092168
82.2900023162365,65.03978,1.3841321,0.30214247
82.29999682307243,65.02378,1.3841321,0.30336323
82.3099989593029,65.00378,1.3841321,0.30458403
82.32000109553337,64.99178,1.3841321,0.3058048
82.33000323176384,65.007774,1.3841321,0.30702558
82.33999773859978,65.00378,1.3841994,0.30824634
82.34999987483025,64.97178,1.3841994,0.30946714
82.36000201106071,64.97578,1.3841994,0.3106879
82.36999651789665,64.99978,1.3841994,0.3119087
82.37999865412712,64.98778,1.3842669,0.3119087
82.39000079035759,64.94778,1.3842669,0.31312945
82.40000292658806,64.93978,1.3842669,0.31435025
82.409997433424,64.95178,1.3842669,0.315571
82.41999956965446,64.94778,1.3842669,0.3167918
82.43000170588493,64.94378,1.3842669,0.31801257
82.43999621272087,64.95578,1.3843342,0.31801257
82.44999834895134,64.93978,1.3843342,0.32045412
82.46000048518181,64.91178,1.3844016,0.32045412
82.47000262141228,64.935776,1.3844016,0.3216749
82.47999712824821,64.923775,1.3844016,0.32289568
82.48999926447868,64.90778,1.3844689,0.32289568
82.50000140070915,64.91178,1.3845363,0.32411647
82.51000353693962,64.91578,1.3846037,0.32411647
82.51999804377556,64.89178,1.384671,0.32533723
82.53000018000603,64.90378,1.3847384,0.32655802
82.5400023162365,64.91978,1.3847384,0.3277788
82.54999682307243,64.91578,1.3848058,0.3277788
82.5599989593029,64.895775,1.3849405,0.3277788
82.57000109553337,64.93178,1.38521,0.3277788
82.58000323176384,64.93178,1.3855469,0.32655802
82.58999773859978,64.93178,1.3860185,0.32411647
82.59999987483025,64.963776,1.3865575,0.3216749
82.61000201106071,65.00378,1.3872985,0.31801257
82.61999651789665,64.99978,1.3880396,0.31435025
82.62999865412712,65.01978,1.388848,0.30946714
82.64000079035759,65.06378,1.3895217,0.3058048
82.65000292658806,65.09178,1.389926,0.30458403
82.659997433424,65.07978,1.3900607,0.30458403
82.66999956965446,65.075775,1.3901955,0.30458403
82.68000170588493,65.06778,1.3902628,0.30458403
82.68999621272087,65.06378,1.3903302,0.3058048
82.69999834895134,65.075775,1.3903975,0.3058048
82.71000048518181,65.07978,1.3904649,0.30702558
82.72000262141228,65.075775,1.3905323,0.30824634
82.72999712824821,65.03178,1.3905323,0.30946714
82.73999926447868,65.02778,1.3905997,0.30946714
82.75000140070915,65.01578,1.3906671,0.3106879
82.76000353693962,65.02378,1.3908018,0.3106879
82.76999804377556,65.03178,1.3909365,0.3119087
82.78000018000603,65.035774,1.3910038,0.3119087
82.7900023162365,64.99978,1.3911387,0.3119087
82.79999682307243,64.98378,1.3912734,0.3119087
82.8099989593029,65.035774,1.3914081,0.3119087
82.82000109553337,65.03978,1.3916101,0.3119087
82.83000323176384,65.01178,1.3918797,0.3119087
82.83999773859978,65.02778,1.3921492,0.3106879
82.84999987483025,65.059784,1.3925533,0.30946714
82.86000201106071,65.04378,1.3930249,0.30702558
82.86999651789665,65.05178,1.393564,0.30458403
82.87999865412712,65.05178,1.3940356,0.30214247
82.89000079035759,65.087776,1.3943725,0.30092168
82.90000292658806,65.09178,1.3945745,0.30092168
82.909997433424,65.087776,1.3947767,0.30092168
82.91999956965446,65.09178,1.3949114,0.30092168
82.93000170588493,65.05578,1.3949788,0.30092168
82.93999621272087,65.08378,1.3950462,0.30214247
82.94999834895134,65.06378,1.3951135,0.30214247
82.96000048518181,65.04378,1.3951135,0.30458403
82.97000262141228,65.03978,1.3951135,0.30458403
82.97999712824821,65.06778,1.3951808,0.3058048
82.98999926447868,65.05178,1.3951808,0.30702558
83.00000140070915,65.01178,1.3952483,0.30824634
83.01000353693962,65.007774,1.3952483,0.30824634
83.01999804377556,65.02778,1.3953156,0.30946714
83.03000018000603,64.98778,1.395383,0.3106879
83.0400023162365,64.98378,1.3954504,0.3106879
